Times,MAIN_PNL_PX.1,MAIN_PNL_MX.1,MAIN_PNL_PY.1,MAIN_PNL_MY.1,MAIN_PNL_PZ.1,MAIN_PNL_MZ.1,MAIN_PNL_MY.20001
0.,20.,20.,20.,20.,20.,20.,20.
10.,19.96554,19.98365,19.97133,19.98757,20.36431,19.43849,-23.72971
20.,19.93095,19.96695,19.94245,19.97471,20.72373,18.88777,-23.73845
30.,19.89625,19.94991,19.91339,19.9615,21.07832,18.34757,-23.74742
40.,19.86147,19.93255,19.88417,19.94797,21.42814,17.81765,-23.75662
50.,19.8266,19.9149,19.85481,19.93413,21.77324,17.29775,-23.76604
60.,19.79169,19.89697,19.82531,19.92001,22.11369,16.78765,-23.77565
70.,19.75673,19.87879,19.79571,19.90561,22.44954,16.2871,-23.78546
80.,19.72174,19.86036,19.76601,19.89096,22.78085,15.79588,-23.79543
90.,19.68674,19.84171,19.73623,19.87608,23.10767,15.31379,-23.80557
100.,19.65174,19.82285,19.70639,19.86097,23.43006,14.8406,-23.81587
110.,19.61675,19.8038,19.67649,19.84566,23.74808,14.37611,-23.82631
120.,19.58179,19.78457,19.64656,19.83016,24.06176,13.92012,-23.83687
130.,19.54686,19.76518,19.61659,19.81448,24.37118,13.47245,-23.84757
140.,19.51198,19.74564,19.58661,19.79864,24.67638,13.0329,-23.85837
150.,19.47716,19.72596,19.55663,19.78265,24.97741,12.6013,-23.86928
160.,19.4424,19.70615,19.52665,19.76651,25.27432,12.17747,-23.88029
170.,19.40772,19.68623,19.49669,19.75025,25.56717,11.76123,-23.89138
180.,19.37313,19.66621,19.46675,19.73388,25.856,11.35242,-23.90256
190.,19.33862,19.64609,19.43685,19.71739,26.14087,10.95088,-23.9138
200.,19.30422,19.6259,19.407,19.70082,26.42182,10.55645,-23.92512
210.,19.26993,19.60563,19.37719,19.68415,26.6989,10.16898,-23.93649
220.,19.23575,19.5853,19.34745,19.66741,26.97216,9.788326,-23.94792
230.,19.20169,19.56492,19.31777,19.6506,27.24164,9.414334,-23.95939
240.,19.16776,19.54449,19.28816,19.63373,27.5074,9.046866,-23.97091
250.,19.13397,19.52402,19.25864,19.61681,27.76947,8.685787,-23.98246
260.,19.10031,19.50353,19.2292,19.59984,28.02791,8.330962,-23.99404
270.,19.0668,19.48301,19.19986,19.58284,28.28276,7.982262,-24.00565
280.,19.03344,19.46248,19.17061,19.56581,28.53407,7.639561,-24.01728
290.,19.00023,19.44195,19.14147,19.54875,28.78187,7.302734,-24.02892
300.,18.96718,19.42141,19.11244,19.53168,29.02622,6.971663,-24.04057
310.,18.9343,19.40087,19.08352,19.5146,29.26715,6.64623,-24.05224
320.,18.90158,19.38035,19.05472,19.49751,29.50471,6.326321,-24.0639
330.,18.86903,19.35984,19.02605,19.48042,29.73895,6.011825,-24.07557
340.,18.83666,19.33936,18.99749,19.46333,29.96989,5.702633,-24.08723
350.,18.80446,19.3189,18.96907,19.44626,30.19759,5.39864,-24.09888
360.,18.77244,19.29847,18.94078,19.4292,30.42209,5.099743,-24.11052
370.,18.7406,19.27808,18.91263,19.41216,30.64342,4.805842,-24.12215
380.,18.70894,19.25773,18.88462,19.39515,30.86163,4.516837,-24.13376
390.,18.67748,19.23743,18.85675,19.37816,31.07675,4.232634,-24.14535
400.,18.6462,19.21717,18.82903,19.36121,31.28883,3.953138,-24.15692
410.,18.61511,19.19696,18.80146,19.34429,31.4979,3.678259,-24.16846
420.,18.58421,19.17681,18.77403,19.3274,31.70401,3.407908,-24.17998
430.,18.55351,19.15672,18.74676,19.31056,31.90718,3.141997,-24.19146
440.,18.523,19.13669,18.71964,19.29377,32.10746,2.880442,-24.20292
450.,18.49269,19.11673,18.69267,19.27702,32.30489,2.62316,-24.21434
460.,18.46258,19.09684,18.66587,19.26033,32.4995,2.370069,-24.22572
470.,18.43266,19.07701,18.63922,19.24368,32.69133,2.12109,-24.23707
480.,18.40295,19.05726,18.61274,19.2271,32.88041,1.876147,-24.2484
490.,18.37343,19.03758,18.58641,19.21057,33.06678,1.635162,-24.25975
500.,18.34412,19.01798,18.56025,19.1941,33.25047,1.398063,-24.27106
510.,18.315,18.99846,18.53425,19.17769,33.43152,1.164777,-24.28233
520.,18.28609,18.97903,18.50841,19.16135,33.60995,0.9352338,-24.29355
530.,18.25738,18.95967,18.48273,19.14507,33.78581,0.7093636,-24.30473
540.,18.22887,18.9404,18.45723,19.12886,33.95913,0.487099,-24.31586
550.,18.20056,18.92122,18.43188,19.11272,34.12994,0.268374,-24.32694
560.,18.17245,18.90212,18.40671,19.09665,34.29828,0.05312386,-24.33797
570.,18.14455,18.88312,18.3817,19.08065,34.46417,-0.1587146,-24.34895
580.,18.11684,18.8642,18.35686,19.06473,34.62765,-0.3672034,-24.35988
590.,18.08934,18.84538,18.33218,19.04888,34.78876,-0.5724029,-24.37076
600.,18.06204,18.82665,18.30767,19.0331,34.94751,-0.7743727,-24.38159
610.,18.03493,18.80802,18.28333,19.0174,35.10395,-0.9731705,-24.39236
620.,18.00803,18.78948,18.25915,19.00177,35.2581,-1.168853,-24.40308
630.,17.98133,18.77103,18.23514,18.98623,35.41,-1.361477,-24.41374
640.,17.95483,18.75268,18.2113,18.97076,35.55967,-1.551095,-24.42435
650.,17.92852,18.73443,18.18762,18.95537,35.70715,-1.737762,-24.43491
660.,17.90241,18.71627,18.16411,18.94006,35.85245,-1.921529,-24.44541
670.,17.8765,18.69822,18.14077,18.92484,35.99562,-2.102448,-24.45585
680.,17.85078,18.68026,18.11759,18.90969,36.13668,-2.280568,-24.46624
690.,17.82526,18.6624,18.09457,18.89462,36.27566,-2.455939,-24.47657
700.,17.79993,18.64464,18.07172,18.87964,36.41259,-2.628609,-24.48684
710.,17.7748,18.62698,18.04904,18.86473,36.54749,-2.798625,-24.49706
720.,17.74986,18.60942,18.02651,18.84991,36.68039,-2.966033,-24.50722
730.,17.7251,18.59196,18.00415,18.83517,36.81132,-3.130878,-24.51732
740.,17.70054,18.57459,17.98195,18.82051,36.94031,-3.293205,-24.52737
750.,17.67617,18.55733,17.95991,18.80594,37.06737,-3.453057,-24.53735
760.,17.65198,18.54017,17.93803,18.79144,37.19255,-3.610476,-24.54728
770.,17.62798,18.52311,17.91631,18.77703,37.31586,-3.765504,-24.55716
780.,17.60417,18.50615,17.89474,18.7627,37.43732,-3.918183,-24.56697
790.,17.58054,18.48929,17.87334,18.74846,37.55697,-4.068552,-24.57673
800.,17.55709,18.47253,17.85209,18.73429,37.67483,-4.21665,-24.58643
810.,17.53382,18.45586,17.831,18.72021,37.79092,-4.362517,-24.59607
820.,17.51074,18.4393,17.81006,18.70621,37.90527,-4.50619,-24.60566
830.,17.48783,18.42284,17.78927,18.69229,38.0179,-4.647705,-24.61519
840.,17.4651,18.40647,17.76864,18.67845,38.12883,-4.7871,-24.62467
850.,17.44255,18.39021,17.74816,18.66469,38.23809,-4.92441,-24.63408
860.,17.42017,18.37404,17.72783,18.65101,38.3457,-5.059671,-24.64345
870.,17.39796,18.35797,17.70765,18.63741,38.45168,-5.192915,-24.65275
880.,17.37593,18.34199,17.68762,18.62389,38.55606,-5.324178,-24.662
890.,17.35407,18.32611,17.66773,18.61046,38.65886,-5.453492,-24.67119
900.,17.33238,18.31033,17.64799,18.5971,38.7601,-5.58089,-24.68033
910.,17.31086,18.29465,17.6284,18.58382,38.85979,-5.706403,-24.68942
920.,17.2895,18.27906,17.60895,18.57061,38.95797,-5.830062,-24.69845
930.,17.26831,18.26357,17.58965,18.55749,39.05466,-5.951899,-24.70742
940.,17.24728,18.24817,17.57048,18.54444,39.14987,-6.071943,-24.71635
950.,17.22641,18.23286,17.55146,18.53147,39.24362,-6.190225,-24.72522
960.,17.20571,18.21765,17.53257,18.51857,39.33594,-6.306772,-24.73478
970.,17.18516,18.20253,17.51383,18.50575,39.42686,-6.421613,-24.74439
980.,17.16478,18.1875,17.49523,18.49301,39.51639,-6.534777,-24.75394
990.,17.14455,18.17257,17.47676,18.48034,39.60455,-6.64629,-24.76345
1000.,17.12447,18.15772,17.45843,18.46774,39.69136,-6.75618,-24.7729
1010.,17.10455,18.14297,17.44023,18.45522,39.77685,-6.864473,-24.78231
1020.,17.08478,18.1283,17.42217,18.44277,39.86102,-6.971195,-24.79166
1030.,17.06516,18.11373,17.40424,18.4304,39.9439,-7.076371,-24.80096
1040.,17.0457,18.09924,17.38645,18.41809,40.0255,-7.180026,-24.81021
1050.,17.02638,18.08485,17.36878,18.40586,40.10585,-7.282186,-24.81941
1060.,17.0072,18.07053,17.35124,18.39369,40.18496,-7.382873,-24.82857
1070.,16.98818,18.05631,17.33383,18.3816,40.26285,-7.482112,-24.83767
1080.,16.96929,18.04217,17.31655,18.36958,40.33953,-7.579927,-24.84673
1090.,16.95055,18.02812,17.29939,18.35762,40.41503,-7.676339,-24.85574
1100.,16.93195,18.01415,17.28236,18.34573,40.48935,-7.771372,-24.8647
1110.,16.91349,18.00027,17.26545,18.33391,40.56252,-7.865047,-24.87361
1120.,16.89517,17.98647,17.24866,18.32216,40.63456,-7.957386,-24.88248
1130.,16.87699,17.97275,17.232,18.31048,40.70547,-8.048411,-24.8913
1140.,16.85894,17.95912,17.21545,18.29886,40.77527,-8.138142,-24.90008
1150.,16.84103,17.94556,17.19902,18.2873,40.84399,-8.2266,-24.90881
1160.,16.82325,17.93209,17.18271,18.27581,40.91163,-8.313805,-24.9175
1170.,16.8056,17.9187,17.16651,18.26438,40.97822,-8.399777,-24.92614
1180.,16.78808,17.90538,17.15043,18.25302,41.04376,-8.484536,-24.93474
1190.,16.77069,17.89215,17.13447,18.24172,41.10827,-8.5681,-24.94329
1200.,16.75342,17.87899,17.11861,18.23048,41.17176,-8.650489,-24.95181
1210.,16.73629,17.86591,17.10287,18.21931,41.23426,-8.731721,-24.96027
1220.,16.71928,17.85291,17.08724,18.20819,41.29577,-8.811814,-24.9687
1230.,16.70239,17.83998,17.07172,18.19713,41.35631,-8.890787,-24.97709
1240.,16.68562,17.82713,17.0563,18.18614,41.41589,-8.968656,-24.98543
1250.,16.66898,17.81435,17.04099,18.1752,41.47452,-9.045439,-24.99373
1260.,16.65246,17.80164,17.02579,18.16432,41.53223,-9.121153,-25.00199
1270.,16.63605,17.78901,17.0107,18.1535,41.58902,-9.195815,-25.01022
1280.,16.61976,17.77645,16.9957,18.14273,41.64491,-9.269441,-25.0184
1290.,16.60359,17.76396,16.98081,18.13203,41.6999,-9.342048,-25.02654
1300.,16.58753,17.75155,16.96602,18.12137,41.75402,-9.41365,-25.03465
1310.,16.57158,17.7392,16.95133,18.11078,41.80728,-9.484265,-25.04271
1320.,16.55575,17.72692,16.93674,18.10023,41.85968,-9.553906,-25.05074
1330.,16.54003,17.71472,16.92225,18.08975,41.91124,-9.62259,-25.05873
1340.,16.52442,17.70257,16.90786,18.07931,41.96197,-9.69033,-25.06669
1350.,16.50891,17.6905,16.89356,18.06893,42.01188,-9.757143,-25.07461
1360.,16.49352,17.6785,16.87936,18.0586,42.06099,-9.823041,-25.08249
1370.,16.47823,17.66656,16.86525,18.04832,42.10931,-9.88804,-25.09033
1380.,16.46305,17.65468,16.85123,18.03809,42.15685,-9.952152,-25.09814
1390.,16.44797,17.64287,16.83731,18.02792,42.20361,-10.01539,-25.10592
1400.,16.43299,17.63113,16.82348,18.01779,42.24962,-10.07777,-25.11366
1410.,16.41811,17.61945,16.80973,18.00771,42.29488,-10.13931,-25.12136
1420.,16.40334,17.60783,16.79608,17.99769,42.3394,-10.20001,-25.12904
1430.,16.38866,17.59627,16.78251,17.98771,42.3832,-10.25989,-25.13644
1440.,16.37408,17.58478,16.76903,17.97777,42.42627,-10.31897,-25.14365
1450.,16.3596,17.57334,16.75564,17.96789,42.46863,-10.37725,-25.15082
1460.,16.34522,17.56197,16.74232,17.95805,42.51029,-10.43475,-25.15795
1470.,16.33093,17.55066,16.72909,17.94826,42.55126,-10.49147,-25.16506
1480.,16.31673,17.5394,16.71594,17.93851,42.59155,-10.54744,-25.17213
1490.,16.30263,17.52821,16.70288,17.92881,42.63117,-10.60266,-25.17918
1500.,16.28862,17.51707,16.68989,17.91915,42.67013,-10.65714,-25.18619
1510.,16.2747,17.50599,16.67698,17.90953,42.70844,-10.7109,-25.19317
1520.,16.26087,17.49496,16.66414,17.89996,42.74611,-10.76395,-25.20012
1530.,16.24713,17.48399,16.65139,17.89043,42.78315,-10.81629,-25.20704
1540.,16.23347,17.47308,16.63871,17.88095,42.81956,-10.86794,-25.21394
1550.,16.21991,17.46222,16.62611,17.8715,42.85536,-10.9189,-25.2208
1560.,16.20642,17.45142,16.61358,17.8621,42.89056,-10.9692,-25.22763
1570.,16.19303,17.44067,16.60112,17.85274,42.92516,-11.01883,-25.23444
1580.,16.17971,17.42997,16.58874,17.84342,42.95917,-11.06781,-25.24122
1590.,16.16648,17.41932,16.57643,17.83414,42.9926,-11.11616,-25.24797
1600.,16.15333,17.40873,16.56419,17.82489,43.02547,-11.16386,-25.2547
1610.,16.14027,17.39818,16.55202,17.81569,43.05777,-11.21095,-25.26139
1620.,16.12728,17.38769,16.53992,17.80652,43.08952,-11.25742,-25.26806
1630.,16.11437,17.37725,16.52789,17.79739,43.12073,-11.30329,-25.27471
1640.,16.10154,17.36686,16.51593,17.7883,43.15139,-11.34857,-25.28133
1650.,16.08878,17.35651,16.50403,17.77925,43.18153,-11.39326,-25.28792
1660.,16.07611,17.34622,16.4922,17.77023,43.21115,-11.43737,-25.29449
1670.,16.0635,17.33597,16.48044,17.76125,43.24025,-11.48092,-25.30103
1680.,16.05098,17.32577,16.46874,17.7523,43.26885,-11.5239,-25.30755
1690.,16.03852,17.31562,16.4571,17.74339,43.29695,-11.56633,-25.31404
1700.,16.02614,17.30551,16.44553,17.73451,43.32456,-11.60822,-25.32051
1710.,16.01383,17.29545,16.43402,17.72567,43.35168,-11.64958,-25.32696
1720.,16.00159,17.28544,16.42258,17.71686,43.37833,-11.69041,-25.33338
1730.,15.98943,17.27547,16.41119,17.70808,43.40451,-11.73071,-25.33978
1740.,15.97733,17.26554,16.39986,17.69934,43.43022,-11.77051,-25.34615
1750.,15.9653,17.25566,16.3886,17.69063,43.45548,-11.8098,-25.35251
1760.,15.95334,17.24582,16.37739,17.68195,43.48029,-11.8486,-25.35884
1770.,15.94144,17.23602,16.36624,17.6733,43.50466,-11.88691,-25.36515
1780.,15.92962,17.22627,16.35515,17.66469,43.52859,-11.92474,-25.37144
1790.,15.91785,17.21656,16.34412,17.6561,43.55209,-11.96209,-25.3777
1800.,15.90616,17.20689,16.33314,17.64755,43.57517,-11.99897,-25.38395
1810.,15.89452,17.19726,16.32222,17.63902,43.59783,-12.0354,-25.39017
1820.,15.88295,17.18767,16.31135,17.63053,43.62008,-12.07137,-25.39638
1830.,15.87144,17.17812,16.30054,17.62206,43.64193,-12.10689,-25.40256
1840.,15.86,17.16861,16.28978,17.61363,43.66337,-12.14197,-25.40873
1850.,15.84861,17.15914,16.27907,17.60522,43.68443,-12.17662,-25.41487
1860.,15.83729,17.14971,16.26842,17.59684,43.7051,-12.21084,-25.42099
1870.,15.82603,17.14032,16.25782,17.58849,43.72538,-12.24464,-25.4271
1880.,15.81482,17.13096,16.24727,17.58016,43.7453,-12.27803,-25.43318
1890.,15.80368,17.12165,16.23677,17.57187,43.76484,-12.311,-25.43925
1900.,15.79259,17.11237,16.22632,17.5636,43.78402,-12.34358,-25.44503
1910.,15.78155,17.10312,16.21592,17.55535,43.80284,-12.37575,-25.45006
1920.,15.77058,17.09391,16.20557,17.54714,43.8213,-12.40754,-25.45506
1930.,15.75966,17.08474,16.19527,17.53895,43.83942,-12.43894,-25.46005
1940.,15.7488,17.0756,16.18502,17.53078,43.85719,-12.46996,-25.46502
1950.,15.73799,17.0665,16.17482,17.52264,43.87463,-12.50061,-25.46998
1960.,15.72723,17.05743,16.16467,17.51453,43.89173,-12.53089,-25.47491
1970.,15.71653,17.04839,16.15456,17.50644,43.90851,-12.5608,-25.47983
1980.,15.70588,17.03939,16.1445,17.49837,43.92496,-12.59036,-25.48473
1990.,15.69528,17.03042,16.13449,17.49033,43.9411,-12.61956,-25.48962
2000.,15.68473,17.02149,16.12452,17.48231,43.95692,-12.64842,-25.49449
2010.,15.67424,17.01258,16.1146,17.47432,43.97243,-12.67694,-25.49934
2020.,15.66379,17.00371,16.10472,17.46635,43.98764,-12.70511,-25.50417
2030.,15.6534,16.99487,16.09489,17.4584,44.00255,-12.73296,-25.50899
2040.,15.64305,16.98606,16.0851,17.45048,44.01717,-12.76048,-25.51379
2050.,15.63275,16.97729,16.07535,17.44258,44.03149,-12.78767,-25.51858
2060.,15.6225,16.96854,16.06564,17.4347,44.04553,-12.81455,-25.52335
2070.,15.6123,16.95982,16.05598,17.42684,44.05929,-12.84111,-25.52811
2080.,15.60215,16.95114,16.04636,17.41901,44.07277,-12.86736,-25.53285
2090.,15.59204,16.94248,16.03678,17.41119,44.08597,-12.89331,-25.53758
2100.,15.58198,16.93385,16.02724,17.4034,44.09891,-12.91896,-25.54229
2110.,15.57196,16.92526,16.01774,17.39563,44.11158,-12.94431,-25.54698
2120.,15.56199,16.91669,16.00828,17.38788,44.12399,-12.96938,-25.55167
2130.,15.55206,16.90814,15.99886,17.38014,44.13614,-12.99415,-25.55633
2140.,15.54217,16.89963,15.98948,17.37243,44.14804,-13.01864,-25.56099
2150.,15.53233,16.89115,15.98014,17.36474,44.15969,-13.04285,-25.56562
2160.,15.52254,16.88269,15.97084,17.35707,44.17109,-13.06679,-25.57025
2170.,15.51278,16.87426,15.96157,17.34942,44.18225,-13.09046,-25.57486
2180.,15.50307,16.86586,15.95234,17.34179,44.19318,-13.11386,-25.57946
2190.,15.4934,16.85748,15.94315,17.33418,44.20387,-13.137,-25.58404
2200.,15.48377,16.84913,15.93399,17.32658,44.21432,-13.15987,-25.58862
2210.,15.47418,16.84081,15.92488,17.31901,44.22455,-13.18249,-25.59317
2220.,15.46463,16.83251,15.91579,17.31145,44.23456,-13.20486,-25.59772
2230.,15.45512,16.82424,15.90674,17.30391,44.24434,-13.22698,-25.60225
2240.,15.44565,16.81599,15.89773,17.29639,44.25391,-13.24886,-25.60677
2250.,15.43622,16.80777,15.88875,17.28889,44.26326,-13.2705,-25.61128
2260.,15.42683,16.79957,15.8798,17.28141,44.27241,-13.29189,-25.61577
2270.,15.41747,16.7914,15.87089,17.27394,44.28134,-13.31306,-25.62026
2280.,15.40815,16.78325,15.86201,17.26649,44.29007,-13.33399,-25.62473
2290.,15.39887,16.77513,15.85317,17.25906,44.2986,-13.35469,-25.62919
2300.,15.38963,16.76703,15.84436,17.25164,44.30693,-13.37517,-25.63363
2310.,15.38043,16.75895,15.83558,17.24424,44.31506,-13.39543,-25.63807
2320.,15.37126,16.7509,15.82683,17.23686,44.323,-13.41547,-25.64249
2330.,15.36212,16.74287,15.81811,17.22949,44.33075,-13.4353,-25.6469
2340.,15.35302,16.73486,15.80943,17.22214,44.33832,-13.45491,-25.65131
2350.,15.34396,16.72688,15.80077,17.21481,44.3457,-13.47431,-25.6557
2360.,15.33493,16.71892,15.79215,17.20749,44.3529,-13.49351,-25.66007
2370.,15.32593,16.71098,15.78356,17.20018,44.35993,-13.51251,-25.66444
2380.,15.31697,16.70306,15.77499,17.1929,44.36677,-13.5313,-25.669
2390.,15.30804,16.69517,15.76646,17.18563,44.37345,-13.5499,-25.67355
2400.,15.29915,16.6873,15.75795,17.17837,44.37996,-13.5683,-25.6781
2410.,15.29028,16.67945,15.74948,17.17113,44.3863,-13.58652,-25.68263
2420.,15.28145,16.67162,15.74103,17.1639,44.39247,-13.60454,-25.68715
2430.,15.27265,16.66382,15.73261,17.15669,44.39848,-13.62238,-25.69167
2440.,15.26389,16.65603,15.72421,17.14949,44.40434,-13.64003,-25.69617
2450.,15.25515,16.64827,15.71585,17.14231,44.41003,-13.6575,-25.70066
2460.,15.24645,16.64053,15.70751,17.13514,44.41557,-13.67479,-25.70515
2470.,15.23778,16.63281,15.6992,17.12798,44.42096,-13.69191,-25.70962
2480.,15.22913,16.62511,15.69091,17.12084,44.4262,-13.70886,-25.71408
2490.,15.22052,16.61743,15.68265,17.11371,44.4313,-13.72563,-25.71853
2500.,15.21194,16.60977,15.67442,17.1066,44.43624,-13.74223,-25.72298
2510.,15.20339,16.60214,15.66622,17.0995,44.44105,-13.75867,-25.72741
2520.,15.19486,16.59452,15.65803,17.09242,44.44571,-13.77495,-25.73184
2530.,15.18637,16.58692,15.64988,17.08534,44.45023,-13.79106,-25.73625
2540.,15.1779,16.57934,15.64175,17.07828,44.45462,-13.80701,-25.74066
2550.,15.16946,16.57178,15.63364,17.07124,44.45887,-13.82281,-25.74505
2560.,15.16105,16.56424,15.62556,17.0642,44.46299,-13.83845,-25.74944
2570.,15.15267,16.55672,15.6175,17.05718,44.46699,-13.85394,-25.75382
2580.,15.14432,16.54922,15.60947,17.05018,44.47085,-13.86927,-25.75819
2590.,15.13599,16.54174,15.60146,17.04318,44.47458,-13.88446,-25.76255
2600.,15.12769,16.53428,15.59348,17.0362,44.4782,-13.89951,-25.7669
2610.,15.11942,16.52683,15.58551,17.02923,44.48168,-13.9144,-25.77125
2620.,15.11117,16.5194,15.57758,17.02227,44.48505,-13.92916,-25.77558
2630.,15.10295,16.51199,15.56966,17.01532,44.4883,-13.94378,-25.77991
2640.,15.09476,16.5046,15.56177,17.00839,44.49144,-13.95825,-25.78423
2650.,15.08659,16.49723,15.5539,17.00147,44.49446,-13.9726,-25.78853
2660.,15.07844,16.48987,15.54605,16.99456,44.49736,-13.9868,-25.79284
2670.,15.07033,16.48254,15.53822,16.98766,44.50016,-14.00087,-25.79713
2680.,15.06223,16.47522,15.53042,16.98077,44.50284,-14.01482,-25.80141
2690.,15.05417,16.46791,15.52263,16.9739,44.50542,-14.02863,-25.80569
2700.,15.04612,16.46063,15.51487,16.96704,44.50789,-14.04232,-25.80996
2710.,15.0381,16.45336,15.50713,16.96019,44.51025,-14.05588,-25.81422
2720.,15.03011,16.4461,15.49941,16.95335,44.51251,-14.06932,-25.81847
2730.,15.02213,16.43887,15.49172,16.94652,44.51468,-14.08263,-25.82271
2740.,15.01419,16.43165,15.48404,16.9397,44.51674,-14.09583,-25.82695
2750.,15.00626,16.42445,15.47638,16.93289,44.5187,-14.1089,-25.83118
2760.,14.99836,16.41726,15.46875,16.9261,44.52057,-14.12186,-25.8354
2770.,14.99048,16.41009,15.46113,16.91931,44.52234,-14.1347,-25.83961
2780.,14.98262,16.40294,15.45353,16.91254,44.52402,-14.14743,-25.84382
2790.,14.97479,16.3958,15.44596,16.90577,44.5256,-14.16005,-25.84802
2800.,14.96698,16.38867,15.4384,16.89902,44.5271,-14.17256,-25.85221
2810.,14.95919,16.38157,15.43086,16.89228,44.5285,-14.18495,-25.85639
2820.,14.95142,16.37447,15.42335,16.88555,44.52982,-14.19724,-25.86056
2830.,14.94368,16.3674,15.41585,16.87883,44.53105,-14.20943,-25.86473
2840.,14.93595,16.36034,15.40837,16.87212,44.5322,-14.22151,-25.86889
2850.,14.92825,16.35329,15.40091,16.86542,44.53326,-14.23348,-25.87365
2860.,14.92057,16.34626,15.39346,16.85873,44.53424,-14.24535,-25.87872
2870.,14.91291,16.33924,15.38604,16.85205,44.53514,-14.25713,-25.88378
2880.,14.90527,16.33223,15.37864,16.84538,44.53596,-14.2688,-25.88883
2890.,14.89765,16.32524,15.37125,16.83872,44.53671,-14.28038,-25.89388
2900.,14.89005,16.31827,15.36389,16.83207,44.53737,-14.29186,-25.89892
2910.,14.88247,16.3113,15.35654,16.82542,44.53796,-14.30324,-25.90395
2920.,14.87492,16.30435,15.34921,16.81879,44.53848,-14.31453,-25.90898
2930.,14.86738,16.29742,15.3419,16.81217,44.53892,-14.32573,-25.914
2940.,14.85986,16.29049,15.33461,16.80556,44.53929,-14.33683,-25.91901
2950.,14.85236,16.28358,15.32733,16.79896,44.53959,-14.34785,-25.92402
2960.,14.84488,16.27669,15.32007,16.79236,44.53983,-14.35878,-25.92902
2970.,14.83742,16.2698,15.31283,16.78578,44.53999,-14.36961,-25.93401
2980.,14.82998,16.26293,15.30561,16.7792,44.54008,-14.38037,-25.939
2990.,14.82255,16.25607,15.2984,16.77264,44.54011,-14.39103,-25.94398
3000.,14.81515,16.24923,15.29122,16.76608,44.54007,-14.40162,-25.94895
3010.,14.80776,16.2424,15.28404,16.75953,44.53997,-14.41212,-25.95392
3020.,14.8004,16.23558,15.27689,16.753,44.53981,-14.42254,-25.95888
3030.,14.79305,16.22877,15.26975,16.74647,44.53958,-14.43287,-25.96384
3040.,14.78572,16.22197,15.26263,16.73995,44.53929,-14.44313,-25.96879
3050.,14.7784,16.21519,15.25553,16.73344,44.53894,-14.45331,-25.97373
3060.,14.77111,16.20842,15.24844,16.72693,44.53853,-14.46341,-25.97867
3070.,14.76383,16.20166,15.24137,16.72044,44.53807,-14.47343,-25.9836
3080.,14.75657,16.19492,15.23431,16.71396,44.53754,-14.48338,-25.98853
3090.,14.74933,16.18818,15.22727,16.70748,44.53696,-14.49326,-25.99344
3100.,14.74211,16.18146,15.22024,16.70101,44.53633,-14.50306,-25.99836
3110.,14.7349,16.17475,15.21324,16.69456,44.53564,-14.51279,-26.00326
3120.,14.72771,16.16805,15.20624,16.68811,44.53489,-14.52244,-26.00817
3130.,14.72053,16.16137,15.19926,16.68166,44.5341,-14.53203,-26.01306
3140.,14.71338,16.15469,15.1923,16.67523,44.53325,-14.54154,-26.01795
3150.,14.70624,16.14803,15.18536,16.66881,44.53235,-14.55099,-26.02283
3160.,14.69911,16.14138,15.17842,16.66239,44.5314,-14.56037,-26.02771
3170.,14.692,16.13474,15.17151,16.65599,44.5304,-14.56968,-26.03258
3180.,14.68491,16.12811,15.1646,16.64959,44.52935,-14.57893,-26.03745
3190.,14.67784,16.12149,15.15772,16.6432,44.52826,-14.58811,-26.04231
3200.,14.67078,16.11489,15.15084,16.63681,44.52711,-14.59722,-26.04716
3210.,14.66373,16.10829,15.14399,16.63044,44.52592,-14.60627,-26.05201
3220.,14.65671,16.10171,15.13714,16.62407,44.52469,-14.61526,-26.05685
3230.,14.64969,16.09514,15.13031,16.61772,44.52341,-14.62419,-26.06169
3240.,14.6427,16.08858,15.1235,16.61137,44.52209,-14.63306,-26.06652
3250.,14.63571,16.08202,15.1167,16.60503,44.52072,-14.64187,-26.07135
3260.,14.62875,16.07549,15.10991,16.59869,44.51931,-14.65061,-26.07617
3270.,14.6218,16.06896,15.10314,16.59237,44.51786,-14.6593,-26.08098
3280.,14.61486,16.06244,15.09638,16.58605,44.51637,-14.66793,-26.08579
3290.,14.60794,16.05593,15.08963,16.57974,44.51483,-14.6765,-26.09059
3300.,14.60103,16.04943,15.0829,16.57344,44.51326,-14.68502,-26.09539
3310.,14.59414,16.04295,15.07619,16.56715,44.51165,-14.69348,-26.10018
3320.,14.58727,16.03647,15.06948,16.56086,44.51,-14.70188,-26.10453
3330.,14.5804,16.03001,15.06279,16.55459,44.50831,-14.71024,-26.10804
3340.,14.57356,16.02355,15.05611,16.54832,44.50659,-14.71853,-26.11155
3350.,14.56672,16.01711,15.04944,16.54206,44.50483,-14.72678,-26.11505
3360.,14.5599,16.01068,15.04279,16.5358,44.50304,-14.73497,-26.11854
3370.,14.5531,16.00426,15.03615,16.52956,44.5012,-14.74311,-26.12203
3380.,14.54631,15.99784,15.02952,16.52332,44.49934,-14.7512,-26.12551
3390.,14.53953,15.99144,15.0229,16.51709,44.49744,-14.75924,-26.12899
3400.,14.53277,15.98505,15.01629,16.51087,44.49551,-14.76723,-26.13246
3410.,14.52602,15.97867,15.0097,16.50466,44.49355,-14.77517,-26.13592
3420.,14.51928,15.9723,15.00312,16.49846,44.49155,-14.78306,-26.13938
3430.,14.51256,15.96594,14.99655,16.49226,44.48952,-14.79091,-26.14283
3440.,14.50585,15.95959,14.98999,16.48607,44.48746,-14.7987,-26.14628
3450.,14.49916,15.95325,14.98344,16.47989,44.48538,-14.80645,-26.14972
3460.,14.49247,15.94692,14.97691,16.47371,44.48326,-14.81416,-26.15316
3470.,14.48581,15.9406,14.97039,16.46755,44.48111,-14.82182,-26.15659
3480.,14.47915,15.93429,14.96388,16.46139,44.47893,-14.82943,-26.16002
3490.,14.47251,15.92799,14.95738,16.45524,44.47673,-14.837,-26.16344
3500.,14.46588,15.9217,14.95089,16.4491,44.4745,-14.84453,-26.16686
3510.,14.45926,15.91542,14.94441,16.44296,44.47224,-14.85201,-26.17027
3520.,14.45266,15.90914,14.93794,16.43683,44.46995,-14.85945,-26.17367
3530.,14.44607,15.90288,14.93149,16.43072,44.46764,-14.86685,-26.17707
3540.,14.43949,15.89663,14.92505,16.4246,44.4653,-14.87421,-26.18046
3550.,14.43292,15.89039,14.91861,16.4185,44.46293,-14.88153,-26.18385
3560.,14.42637,15.88416,14.91219,16.4124,44.46054,-14.8888,-26.18723
3570.,14.41983,15.87793,14.90578,16.40631,44.45813,-14.89604,-26.19061
3580.,14.4133,15.87172,14.89938,16.40023,44.45569,-14.90323,-26.19398
3590.,14.40678,15.86552,14.89299,16.39415,44.45323,-14.91039,-26.19735
3600.,14.40028,15.85932,14.88662,16.38809,44.45074,-14.91751,-26.20071
3610.,14.39379,15.85314,14.88025,16.38203,44.44824,-14.92459,-26.20407
3620.,14.38731,15.84696,14.87389,16.37598,44.44571,-14.93163,-26.20742
3630.,14.38084,15.84079,14.86755,16.36993,44.44315,-14.93864,-26.21077
3640.,14.37438,15.83464,14.86121,16.36389,44.44058,-14.9456,-26.21411
3650.,14.36794,15.82849,14.85489,16.35786,44.43799,-14.95254,-26.21744
3660.,14.36151,15.82235,14.84857,16.35184,44.43537,-14.95943,-26.22077
3670.,14.35509,15.81622,14.84227,16.34582,44.43273,-14.96629,-26.2241
3680.,14.34868,15.8101,14.83598,16.33982,44.43008,-14.97312,-26.22742
3690.,14.34228,15.80399,14.82969,16.33382,44.4274,-14.97991,-26.23073
3700.,14.33589,15.79788,14.82342,16.32782,44.42471,-14.98667,-26.23404
3710.,14.32952,15.79179,14.81716,16.32184,44.42199,-14.99339,-26.23735
3720.,14.32316,15.78571,14.81091,16.31586,44.41926,-15.00008,-26.24065
3730.,14.31681,15.77963,14.80466,16.30988,44.41651,-15.00674,-26.24394
3740.,14.31046,15.77356,14.79843,16.30392,44.41374,-15.01337,-26.24723
3750.,14.30414,15.76751,14.79221,16.29796,44.41096,-15.01996,-26.25051
3760.,14.29782,15.76146,14.786,16.29201,44.40815,-15.02652,-26.25379
3770.,14.29151,15.75542,14.7798,16.28607,44.40533,-15.03305,-26.25707
3780.,14.28521,15.74938,14.7736,16.28013,44.4025,-15.03955,-26.26034
3790.,14.27893,15.74336,14.76742,16.2742,44.39964,-15.04602,-26.26364
3800.,14.27266,15.73735,14.76125,16.26828,44.39677,-15.05245,-26.26799
3810.,14.26639,15.73134,14.75509,16.26237,44.39388,-15.05886,-26.27233
3820.,14.26014,15.72534,14.74894,16.25646,44.39097,-15.06524,-26.27667
3830.,14.2539,15.71936,14.74279,16.25056,44.38805,-15.07159,-26.28101
3840.,14.24767,15.71337,14.73666,16.24466,44.38511,-15.07791,-26.28534
3850.,14.24145,15.7074,14.73054,16.23877,44.38215,-15.0842,-26.28967
3860.,14.23524,15.70144,14.72443,16.23289,44.37917,-15.09046,-26.29399
3870.,14.22904,15.69548,14.71833,16.22702,44.37618,-15.0967,-26.29831
3880.,14.22285,15.68954,14.71224,16.22115,44.37317,-15.10291,-26.30262
3890.,14.21667,15.6836,14.70616,16.21529,44.37015,-15.10909,-26.30692
3900.,14.2105,15.67767,14.70009,16.20944,44.36711,-15.11524,-26.31123
3910.,14.20435,15.67174,14.69403,16.20359,44.36406,-15.12137,-26.31553
3920.,14.1982,15.66583,14.68798,16.19775,44.36099,-15.12747,-26.31982
3930.,14.19206,15.65992,14.68194,16.19191,44.3579,-15.13355,-26.32411
3940.,14.18593,15.65402,14.67591,16.18609,44.35481,-15.1396,-26.32839
3950.,14.17982,15.64813,14.66989,16.18027,44.3517,-15.14562,-26.33267
3960.,14.17371,15.64225,14.66388,16.17445,44.34857,-15.15162,-26.33695
3970.,14.16761,15.63638,14.65787,16.16864,44.34543,-15.15759,-26.34122
3980.,14.16152,15.63051,14.65188,16.16284,44.34228,-15.16354,-26.34548
3990.,14.15545,15.62465,14.6459,16.15705,44.33912,-15.16947,-26.34975
4000.,14.14938,15.6188,14.63993,16.15126,44.33594,-15.17537,-26.354
4010.,14.14332,15.61296,14.63396,16.14548,44.33275,-15.18125,-26.35825
4020.,14.13727,15.60712,14.62801,16.13971,44.32955,-15.18711,-26.3625
4030.,14.13123,15.6013,14.62206,16.13394,44.32634,-15.19294,-26.36675
4040.,14.12521,15.59548,14.61612,16.12818,44.32312,-15.19875,-26.37098
4050.,14.11919,15.58966,14.6102,16.12242,44.31988,-15.20453,-26.37522
4060.,14.11318,15.58386,14.60428,16.11667,44.31664,-15.2103,-26.37945
4070.,14.10718,15.57806,14.59837,16.11093,44.31338,-15.21604,-26.38367
4080.,14.10119,15.57228,14.59247,16.10519,44.31011,-15.22176,-26.38789
4090.,14.0952,15.5665,14.58658,16.09946,44.30683,-15.22746,-26.39211
4100.,14.08923,15.56072,14.5807,16.09374,44.30354,-15.23313,-26.39632
4110.,14.08327,15.55496,14.57483,16.08802,44.30024,-15.23879,-26.40053
4120.,14.07731,15.5492,14.56896,16.08231,44.29694,-15.24442,-26.40473
4130.,14.07137,15.54345,14.56311,16.07661,44.29362,-15.25004,-26.40893
4140.,14.06543,15.53771,14.55726,16.07091,44.29029,-15.25563,-26.41313
4150.,14.05951,15.53197,14.55143,16.06522,44.28696,-15.2612,-26.41732
4160.,14.05359,15.52624,14.5456,16.05954,44.28361,-15.26676,-26.4215
4170.,14.04768,15.52052,14.53978,16.05386,44.28026,-15.27229,-26.42568
4180.,14.04178,15.51481,14.53397,16.04819,44.27689,-15.27781,-26.42986
4190.,14.03589,15.5091,14.52816,16.04252,44.27352,-15.2833,-26.43403
4200.,14.03001,15.5034,14.52237,16.03686,44.27014,-15.28878,-26.4382
4210.,14.02414,15.49771,14.51659,16.03121,44.26676,-15.29423,-26.44236
4220.,14.01828,15.49203,14.51081,16.02556,44.26336,-15.29967,-26.44652
4230.,14.01242,15.48635,14.50504,16.01992,44.25996,-15.30509,-26.45068
4240.,14.00658,15.48069,14.49928,16.01429,44.25655,-15.31049,-26.45483
4250.,14.00074,15.47502,14.49353,16.00866,44.25313,-15.31587,-26.45897
4260.,13.99491,15.46937,14.48779,16.00304,44.24971,-15.32124,-26.46311
4270.,13.98909,15.46372,14.48205,15.99742,44.24628,-15.32659,-26.46767
4280.,13.98328,15.45809,14.47633,15.99181,44.24285,-15.33192,-26.47238
4290.,13.97748,15.45246,14.47061,15.98621,44.23942,-15.33723,-26.47709
4300.,13.97168,15.44683,14.46489,15.98061,44.23598,-15.34252,-26.48179
4310.,13.9659,15.44122,14.45919,15.97502,44.23254,-15.3478,-26.48649
4320.,13.96012,15.43562,14.45349,15.96944,44.2291,-15.35306,-26.49118
4330.,13.95435,15.43002,14.4478,15.96386,44.22566,-15.3583,-26.49587
4340.,13.94859,15.42443,14.44212,15.95829,44.22222,-15.36353,-26.50055
4350.,13.94284,15.41885,14.43644,15.95272,44.21877,-15.36874,-26.50524
4360.,13.9371,15.41328,14.43078,15.94716,44.21533,-15.37394,-26.50991
4370.,13.93136,15.40771,14.42512,15.9416,44.21188,-15.37912,-26.51458
4380.,13.92564,15.40215,14.41946,15.93606,44.20843,-15.38428,-26.51925
4390.,13.91992,15.3966,14.41382,15.93052,44.20497,-15.38943,-26.52392
4400.,13.91421,15.39106,14.40818,15.92498,44.20152,-15.39456,-26.52858
4410.,13.90851,15.38553,14.40255,15.91945,44.19807,-15.39967,-26.53323
4420.,13.90281,15.38001,14.39693,15.91393,44.19461,-15.40477,-26.53788
4430.,13.89713,15.37449,14.39131,15.90841,44.19115,-15.40986,-26.54253
4440.,13.89145,15.36898,14.3857,15.9029,44.1877,-15.41493,-26.54717
4450.,13.88578,15.36348,14.3801,15.89739,44.18424,-15.41998,-26.55181
4460.,13.88012,15.35798,14.3745,15.89189,44.18078,-15.42502,-26.55645
4470.,13.87447,15.3525,14.36892,15.8864,44.17732,-15.43005,-26.56108
4480.,13.86883,15.34702,14.36334,15.88092,44.17386,-15.43506,-26.5657
4490.,13.86319,15.34155,14.35776,15.87544,44.17039,-15.44005,-26.57033
4500.,13.85757,15.33609,14.3522,15.86996,44.16693,-15.44504,-26.57494
4510.,13.85195,15.33064,14.34664,15.86449,44.16347,-15.45,-26.57956
4520.,13.84634,15.32519,14.34109,15.85903,44.16001,-15.45496,-26.58417
4530.,13.84073,15.31975,14.33555,15.85358,44.15654,-15.4599,-26.58877
4540.,13.83514,15.31432,14.33001,15.84813,44.15308,-15.46482,-26.59337
4550.,13.82955,15.3089,14.32448,15.84268,44.14962,-15.46974,-26.59797
4560.,13.82397,15.30348,14.31896,15.83725,44.14615,-15.47464,-26.60256
4570.,13.8184,15.29807,14.31344,15.83182,44.14269,-15.47952,-26.60715
4580.,13.81284,15.29267,14.30794,15.82639,44.13923,-15.48439,-26.61174
4590.,13.80728,15.28728,14.30243,15.82097,44.13576,-15.48925,-26.61632
4600.,13.80173,15.28189,14.29694,15.81556,44.1323,-15.4941,-26.62089
4610.,13.79619,15.27652,14.29145,15.81015,44.12884,-15.49893,-26.62546
4620.,13.79066,15.27115,14.28597,15.80475,44.12538,-15.50375,-26.63003
4630.,13.78514,15.26578,14.2805,15.79936,44.12192,-15.50856,-26.63459
4640.,13.77962,15.26043,14.27504,15.79397,44.11845,-15.51335,-26.63915
4650.,13.77411,15.25508,14.26958,15.78859,44.11499,-15.51814,-26.64371
4660.,13.76861,15.24974,14.26413,15.78321,44.11153,-15.52291,-26.64826
4670.,13.76312,15.24441,14.25868,15.77784,44.10807,-15.52766,-26.65281
4680.,13.75764,15.23908,14.25325,15.77248,44.10462,-15.53241,-26.65735
4690.,13.75216,15.23377,14.24782,15.76712,44.10116,-15.53714,-26.66189
4700.,13.74669,15.22846,14.24239,15.76177,44.0977,-15.54186,-26.66642
4710.,13.74123,15.22315,14.23698,15.75643,44.09424,-15.54657,-26.67095
4720.,13.73577,15.21786,14.23157,15.75109,44.09079,-15.55127,-26.67547
4730.,13.73033,15.21257,14.22617,15.74576,44.08734,-15.55596,-26.68
4740.,13.72489,15.20729,14.22077,15.74043,44.08388,-15.56063,-26.68426
4750.,13.71946,15.20201,14.21538,15.73511,44.08043,-15.56529,-26.68818
4760.,13.71403,15.19675,14.21,15.7298,44.07697,-15.56994,-26.69209
4770.,13.70862,15.19148,14.20463,15.72449,44.07351,-15.57458,-26.69599
4780.,13.70321,15.18623,14.19927,15.71919,44.07005,-15.57921,-26.69989
4790.,13.69781,15.18098,14.19391,15.71389,44.06658,-15.58383,-26.70379
4800.,13.69242,15.17574,14.18857,15.7086,44.06312,-15.58843,-26.70768
4810.,13.68703,15.1705,14.18322,15.70332,44.05965,-15.59303,-26.71157
4820.,13.68165,15.16527,14.17789,15.69805,44.05619,-15.59761,-26.71546
4830.,13.67628,15.16004,14.17257,15.69277,44.05272,-15.60219,-26.71934
4840.,13.67092,15.15483,14.16725,15.68751,44.04925,-15.60675,-26.72321
4850.,13.66556,15.14961,14.16194,15.68225,44.04578,-15.6113,-26.72708
4860.,13.66021,15.14441,14.15664,15.677,44.04231,-15.61584,-26.73095
4870.,13.65487,15.13921,14.15134,15.67176,44.03883,-15.62038,-26.73481
4880.,13.64954,15.13402,14.14605,15.66652,44.03536,-15.6249,-26.73867
4890.,13.64421,15.12883,14.14077,15.66128,44.03189,-15.62941,-26.74253
4900.,13.63889,15.12365,14.1355,15.65606,44.02841,-15.63391,-26.74638
4910.,13.63358,15.11847,14.13023,15.65083,44.02494,-15.6384,-26.75022
4920.,13.62827,15.1133,14.12498,15.64562,44.02146,-15.64288,-26.75406
4930.,13.62297,15.10814,14.11972,15.64041,44.01798,-15.64735,-26.7579
4940.,13.61768,15.10298,14.11448,15.63521,44.01451,-15.65181,-26.76174
4950.,13.6124,15.09783,14.10925,15.63001,44.01103,-15.65626,-26.76556
4960.,13.60712,15.09269,14.10402,15.62482,44.00755,-15.6607,-26.76939
4970.,13.60185,15.08755,14.09879,15.61964,44.00408,-15.66513,-26.77321
4980.,13.59659,15.08242,14.09358,15.61446,44.0006,-15.66956,-26.77703
4990.,13.59134,15.07729,14.08837,15.60929,43.99712,-15.67397,-26.78084
5000.,13.58609,15.07217,14.08317,15.60412,43.99364,-15.67837,-26.78465
5010.,13.58085,15.06706,14.07798,15.59896,43.99016,-15.68276,-26.78845
5020.,13.57561,15.06195,14.0728,15.5938,43.98669,-15.68715,-26.79225
5030.,13.57039,15.05685,14.06762,15.58866,43.98321,-15.69152,-26.79605
5040.,13.56517,15.05175,14.06245,15.58351,43.97973,-15.69589,-26.79984
5050.,13.55995,15.04666,14.05728,15.57838,43.97625,-15.70025,-26.80363
5060.,13.55475,15.04158,14.05212,15.57325,43.97278,-15.7046,-26.80741
5070.,13.54955,15.0365,14.04697,15.56812,43.9693,-15.70893,-26.81119
5080.,13.54436,15.03143,14.04183,15.563,43.96582,-15.71326,-26.81496
5090.,13.53917,15.02636,14.0367,15.55789,43.96235,-15.71759,-26.81873
5100.,13.53399,15.0213,14.03157,15.55278,43.95887,-15.7219,-26.8225
5110.,13.52882,15.01625,14.02644,15.54768,43.9554,-15.7262,-26.82626
5120.,13.52366,15.0112,14.02133,15.54259,43.95193,-15.7305,-26.83002
5130.,13.5185,15.00616,14.01622,15.5375,43.94845,-15.73478,-26.83377
5140.,13.51335,15.00112,14.01112,15.53242,43.94498,-15.73906,-26.83752
5150.,13.5082,14.99609,14.00603,15.52734,43.94151,-15.74333,-26.84127
5160.,13.50307,14.99107,14.00094,15.52227,43.93804,-15.74759,-26.84501
5170.,13.49794,14.98605,13.99586,15.5172,43.93457,-15.75185,-26.84875
5180.,13.49281,14.98104,13.99078,15.51215,43.9311,-15.75609,-26.85248
5190.,13.48769,14.97603,13.98572,15.50709,43.92763,-15.76033,-26.85621
5200.,13.48258,14.97103,13.98066,15.50204,43.92417,-15.76456,-26.85994
5210.,13.47748,14.96603,13.9756,15.497,43.9207,-15.76878,-26.86358
5220.,13.47238,14.96105,13.97056,15.49197,43.91724,-15.77299,-26.86657
5230.,13.46729,14.95607,13.96552,15.48694,43.91378,-15.77719,-26.86956
5240.,13.46221,14.95109,13.96048,15.48191,43.91032,-15.78139,-26.87254
5250.,13.45713,14.94613,13.95545,15.4769,43.90686,-15.78558,-26.87551
5260.,13.45206,14.94117,13.95043,15.47189,43.90341,-15.78976,-26.87849
5270.,13.447,14.93622,13.94542,15.46688,43.89996,-15.79393,-26.88146
5280.,13.44194,14.93127,13.94041,15.46188,43.89651,-15.79809,-26.88442
5290.,13.43689,14.92633,13.9354,15.45689,43.89307,-15.80225,-26.88738
5300.,13.43184,14.9214,13.93041,15.4519,43.88963,-15.8064,-26.89034
5310.,13.42681,14.91648,13.92542,15.44692,43.88619,-15.81054,-26.89329
5320.,13.42177,14.91156,13.92043,15.44194,43.88275,-15.81468,-26.89623
5330.,13.41675,14.90665,13.91546,15.43697,43.87932,-15.8188,-26.89918
5340.,13.41173,14.90175,13.91049,15.43201,43.87589,-15.82292,-26.90212
5350.,13.40672,14.89685,13.90552,15.42705,43.87246,-15.82703,-26.90505
5360.,13.40172,14.89196,13.90056,15.4221,43.86903,-15.83114,-26.90798
5370.,13.39672,14.88708,13.89561,15.41715,43.86561,-15.83523,-26.91091
5380.,13.39172,14.88221,13.89066,15.41221,43.86219,-15.83932,-26.91383
5390.,13.38674,14.87734,13.88572,15.40728,43.85878,-15.84341,-26.91675
5400.,13.38176,14.87248,13.88079,15.40235,43.85536,-15.84748,-26.91966
5410.,13.37679,14.86762,13.87586,15.39743,43.85195,-15.85155,-26.92257
5420.,13.37182,14.86278,13.87094,15.39251,43.84855,-15.85561,-26.92548
5430.,13.36686,14.85793,13.86603,15.3876,43.84514,-15.85966,-26.92838
5440.,13.36191,14.8531,13.86112,15.3827,43.84174,-15.86371,-26.93128
5450.,13.35696,14.84827,13.85621,15.3778,43.83834,-15.86775,-26.93417
5460.,13.35202,14.84345,13.85132,15.37291,43.83495,-15.87178,-26.93706
5470.,13.34709,14.83864,13.84643,15.36802,43.83156,-15.8758,-26.93995
5480.,13.34216,14.83383,13.84154,15.36314,43.82817,-15.87982,-26.94283
5490.,13.33724,14.82903,13.83667,15.35827,43.82478,-15.88383,-26.9457
5500.,13.33232,14.82424,13.83179,15.3534,43.8214,-15.88783,-26.94858
5510.,13.32742,14.81945,13.82693,15.34854,43.81802,-15.89183,-26.95144
5520.,13.32251,14.81467,13.82207,15.34368,43.81464,-15.89582,-26.95431
5530.,13.31762,14.8099,13.81721,15.33883,43.81127,-15.8998,-26.95717
5540.,13.31273,14.80513,13.81237,15.33398,43.8079,-15.90378,-26.96002
5550.,13.30784,14.80037,13.80753,15.32914,43.80453,-15.90775,-26.96288
5560.,13.30297,14.79562,13.80269,15.32431,43.80117,-15.91171,-26.96572
5570.,13.2981,14.79087,13.79786,15.31948,43.79781,-15.91567,-26.96857
5580.,13.29323,14.78613,13.79304,15.31466,43.79445,-15.91962,-26.97141
5590.,13.28838,14.7814,13.78822,15.30985,43.7911,-15.92356,-26.97424
5600.,13.28352,14.77667,13.78341,15.30504,43.78775,-15.9275,-26.97707
5610.,13.27868,14.77195,13.77861,15.30023,43.7844,-15.93143,-26.9799
5620.,13.27384,14.76724,13.77381,15.29543,43.78105,-15.93535,-26.98272
5630.,13.26901,14.76253,13.76902,15.29064,43.77771,-15.93927,-26.98554
5640.,13.26418,14.75783,13.76423,15.28585,43.77438,-15.94318,-26.98836
5650.,13.25936,14.75313,13.75945,15.28107,43.77104,-15.94708,-26.99117
5660.,13.25455,14.74845,13.75467,15.2763,43.76771,-15.95098,-26.99398
5670.,13.24974,14.74377,13.74991,15.27153,43.76438,-15.95487,-26.99678
5680.,13.24494,14.73909,13.74514,15.26677,43.76106,-15.95876,-26.99958
5690.,13.24014,14.73442,13.74039,15.26201,43.75774,-15.96264,-27.00258
5700.,13.23535,14.72976,13.73564,15.25726,43.75442,-15.96651,-27.00564
5710.,13.23057,14.7251,13.73089,15.25251,43.7511,-15.97037,-27.00869
5720.,13.22579,14.72045,13.72615,15.24777,43.74779,-15.97423,-27.01174
5730.,13.22102,14.7158,13.72142,15.24304,43.74448,-15.97809,-27.01478
5740.,13.21626,14.71116,13.7167,15.23831,43.74117,-15.98193,-27.01782
5750.,13.2115,14.70653,13.71198,15.23358,43.73787,-15.98577,-27.02085
5760.,13.20675,14.7019,13.70727,15.22887,43.73456,-15.98961,-27.02388
5770.,13.202,14.69727,13.70256,15.22416,43.73126,-15.99344,-27.02691
5780.,13.19726,14.69265,13.69786,15.21945,43.72797,-15.99726,-27.02993
5790.,13.19252,14.68804,13.69316,15.21475,43.72467,-16.00108,-27.03295
5800.,13.1878,14.68343,13.68847,15.21005,43.72138,-16.00489,-27.03597
5810.,13.18307,14.67883,13.68379,15.20537,43.71809,-16.00869,-27.03898
5820.,13.17836,14.67424,13.67912,15.20068,43.7148,-16.01249,-27.04199
5830.,13.17365,14.66965,13.67444,15.196,43.71152,-16.01628,-27.04499
5840.,13.16894,14.66506,13.66978,15.19133,43.70824,-16.02007,-27.04799
5850.,13.16425,14.66048,13.66512,15.18667,43.70496,-16.02385,-27.05099
5860.,13.15956,14.65591,13.66047,15.18201,43.70169,-16.02762,-27.05398
5870.,13.15487,14.65134,13.65582,15.17735,43.69842,-16.03139,-27.05696
5880.,13.15019,14.64678,13.65118,15.1727,43.69515,-16.03516,-27.05995
5890.,13.14552,14.64222,13.64655,15.16806,43.69188,-16.03891,-27.06293
5900.,13.14085,14.63767,13.64192,15.16342,43.68862,-16.04267,-27.0659
5910.,13.13619,14.63312,13.6373,15.15879,43.68536,-16.04641,-27.06888
5920.,13.13153,14.62858,13.63268,15.15416,43.6821,-16.05015,-27.07184
5930.,13.12688,14.62405,13.62807,15.14954,43.67885,-16.05389,-27.07481
5940.,13.12223,14.61952,13.62346,15.14492,43.6756,-16.05762,-27.07777
5950.,13.1176,14.61499,13.61887,15.14031,43.67235,-16.06134,-27.08072
5960.,13.11296,14.61047,13.61427,15.13571,43.6691,-16.06506,-27.08368
5970.,13.10834,14.60596,13.60969,15.13111,43.66586,-16.06877,-27.08662
5980.,13.10372,14.60145,13.6051,15.12651,43.66262,-16.07247,-27.08957
5990.,13.0991,14.59695,13.60053,15.12193,43.65939,-16.07617,-27.09251
6000.,13.09449,14.59245,13.59596,15.11734,43.65615,-16.07987,-27.09545
6010.,13.08989,14.58796,13.5914,15.11277,43.65292,-16.08356,-27.09838
6020.,13.08529,14.58348,13.58684,15.10819,43.64969,-16.08724,-27.10131
6030.,13.0807,14.579,13.58229,15.10363,43.64647,-16.09092,-27.10423
6040.,13.07611,14.57452,13.57774,15.09907,43.64325,-16.0946,-27.10716
6050.,13.07153,14.57005,13.5732,15.09451,43.64003,-16.09826,-27.11007
6060.,13.06696,14.56559,13.56866,15.08996,43.63682,-16.10193,-27.11299
6070.,13.06239,14.56113,13.56414,15.08542,43.63361,-16.10558,-27.1159
6080.,13.05783,14.55667,13.55961,15.08088,43.6304,-16.10923,-27.1188
6090.,13.05327,14.55223,13.5551,15.07635,43.62719,-16.11288,-27.12171
6100.,13.04872,14.54778,13.55058,15.07182,43.62399,-16.11652,-27.12461
6110.,13.04418,14.54335,13.54608,15.0673,43.62079,-16.12016,-27.1275
6120.,13.03964,14.53891,13.54158,15.06278,43.61759,-16.12379,-27.13039
6130.,13.0351,14.53449,13.53708,15.05827,43.6144,-16.12741,-27.13328
6140.,13.03058,14.53007,13.5326,15.05377,43.61121,-16.13103,-27.13616
6150.,13.02605,14.52565,13.52811,15.04927,43.60803,-16.13465,-27.13904
6160.,13.02154,14.52124,13.52364,15.04477,43.60484,-16.13826,-27.14196
6170.,13.01702,14.51684,13.51916,15.04028,43.60166,-16.14186,-27.14492
6180.,13.01252,14.51244,13.51469,15.0358,43.59847,-16.14546,-27.14788
6190.,13.00802,14.50804,13.51023,15.03132,43.59529,-16.14905,-27.15083
6200.,13.00353,14.50365,13.50577,15.02685,43.5921,-16.15264,-27.15378
6210.,12.99904,14.49927,13.50132,15.02238,43.58892,-16.15622,-27.15672
6220.,12.99455,14.49489,13.49687,15.01791,43.58574,-16.1598,-27.15966
6230.,12.99008,14.49052,13.49243,15.01346,43.58255,-16.16337,-27.1626
6240.,12.9856,14.48615,13.48799,15.00901,43.57937,-16.16694,-27.16554
6250.,12.98114,14.48178,13.48356,15.00456,43.57619,-16.17051,-27.16847
6260.,12.97668,14.47743,13.47913,15.00012,43.57301,-16.17406,-27.17139
6270.,12.97222,14.47307,13.47471,14.99568,43.56982,-16.17762,-27.17432
6280.,12.96777,14.46873,13.47029,14.99125,43.56664,-16.18117,-27.17723
6290.,12.96333,14.46438,13.46587,14.98682,43.56346,-16.18471,-27.18015
6300.,12.95889,14.46005,13.46146,14.9824,43.56028,-16.18825,-27.18306
6310.,12.95446,14.45571,13.45706,14.97799,43.5571,-16.19178,-27.18597
6320.,12.95003,14.45139,13.45266,14.97358,43.55393,-16.19531,-27.18888
6330.,12.94561,14.44707,13.44826,14.96917,43.55075,-16.19883,-27.19178
6340.,12.94119,14.44275,13.44387,14.96477,43.54757,-16.20235,-27.19467
6350.,12.93678,14.43844,13.43949,14.96038,43.5444,-16.20587,-27.19757
6360.,12.93237,14.43413,13.43511,14.95599,43.54122,-16.20938,-27.20046
6370.,12.92797,14.42983,13.43073,14.9516,43.53805,-16.21288,-27.20335
6380.,12.92357,14.42553,13.42636,14.94723,43.53487,-16.21638,-27.20623
6390.,12.91918,14.42124,13.422,14.94285,43.5317,-16.21988,-27.20911
6400.,12.9148,14.41695,13.41763,14.93848,43.52853,-16.22337,-27.21198
6410.,12.91042,14.41267,13.41328,14.93412,43.52536,-16.22686,-27.21486
6420.,12.90604,14.4084,13.40892,14.92976,43.52219,-16.23034,-27.21773
6430.,12.90167,14.40412,13.40458,14.92541,43.51902,-16.23381,-27.22059
6440.,12.89731,14.39986,13.40023,14.92106,43.51585,-16.23729,-27.22345
6450.,12.89295,14.3956,13.3959,14.91671,43.51269,-16.24075,-27.22631
6460.,12.8886,14.39134,13.39156,14.91237,43.50952,-16.24422,-27.22917
6470.,12.88425,14.38709,13.38723,14.90804,43.50636,-16.24768,-27.23202
6480.,12.8799,14.38284,13.38291,14.90371,43.5032,-16.25113,-27.23487
6490.,12.87557,14.3786,13.37859,14.89939,43.50003,-16.25458,-27.23771
6500.,12.87123,14.37436,13.37428,14.89507,43.49687,-16.25803,-27.24055
6510.,12.86691,14.37013,13.36997,14.89075,43.49372,-16.26147,-27.24339
6520.,12.86258,14.3659,13.36566,14.88644,43.49056,-16.2649,-27.24623
6530.,12.85826,14.36168,13.36136,14.88214,43.4874,-16.26833,-27.24906
6540.,12.85395,14.35746,13.35706,14.87784,43.48425,-16.27176,-27.25189
6550.,12.84964,14.35325,13.35277,14.87355,43.48109,-16.27518,-27.25471
6560.,12.84534,14.34904,13.34848,14.86926,43.47794,-16.2786,-27.25753
6570.,12.84105,14.34484,13.3442,14.86497,43.47479,-16.28202,-27.26035
6580.,12.83675,14.34064,13.33992,14.86069,43.47164,-16.28543,-27.26316
6590.,12.83247,14.33645,13.33565,14.85642,43.46849,-16.28883,-27.26597
6600.,12.82818,14.33226,13.33138,14.85215,43.46534,-16.29223,-27.26878
6610.,12.82391,14.32807,13.32712,14.84788,43.4622,-16.29563,-27.27158
6620.,12.81963,14.32389,13.32286,14.84362,43.45906,-16.29902,-27.27438
6630.,12.81537,14.31972,13.3186,14.83937,43.45592,-16.30241,-27.27734
6640.,12.8111,14.31555,13.31435,14.83512,43.45279,-16.3058,-27.28101
6650.,12.80685,14.31138,13.31011,14.83087,43.44966,-16.30918,-27.28467
6660.,12.8026,14.30722,13.30587,14.82663,43.44655,-16.31255,-27.28833
6670.,12.79835,14.30307,13.30164,14.82239,43.44345,-16.31592,-27.29199
6680.,12.79411,14.29892,13.29742,14.81816,43.44036,-16.31929,-27.29564
6690.,12.78987,14.29477,13.2932,14.81393,43.43728,-16.32265,-27.29929
6700.,12.78564,14.29063,13.28899,14.80971,43.4342,-16.32601,-27.30294
6710.,12.78141,14.2865,13.28478,14.80549,43.43114,-16.32936,-27.30659
6720.,12.77719,14.28236,13.28058,14.80128,43.42808,-16.33271,-27.31023
6730.,12.77297,14.27824,13.27639,14.79707,43.42503,-16.33606,-27.31386
6740.,12.76876,14.27412,13.2722,14.79287,43.422,-16.3394,-27.3175
6750.,12.76455,14.27,13.26802,14.78867,43.41897,-16.34274,-27.32113
6760.,12.76035,14.26589,13.26384,14.78447,43.41595,-16.34607,-27.32476
6770.,12.75615,14.26178,13.25967,14.78029,43.41294,-16.3494,-27.32838
6780.,12.75196,14.25768,13.25551,14.7761,43.40994,-16.35272,-27.332
6790.,12.74778,14.25358,13.25135,14.77192,43.40694,-16.35604,-27.33562
6800.,12.7436,14.24949,13.2472,14.76775,43.40396,-16.35936,-27.33924
6810.,12.73942,14.2454,13.24306,14.76358,43.40098,-16.36267,-27.34285
6820.,12.73525,14.24132,13.23892,14.75941,43.39801,-16.36597,-27.34645
6830.,12.73108,14.23725,13.23478,14.75525,43.39505,-16.36927,-27.35006
6840.,12.72692,14.23317,13.23066,14.7511,43.3921,-16.37257,-27.35366
6850.,12.72277,14.22911,13.22654,14.74695,43.38916,-16.37587,-27.35726
6860.,12.71862,14.22504,13.22242,14.7428,43.38622,-16.37915,-27.36085
6870.,12.71447,14.22099,13.21831,14.73866,43.3833,-16.38244,-27.36444
6880.,12.71033,14.21694,13.21421,14.73452,43.38038,-16.38572,-27.36803
6890.,12.7062,14.21289,13.21011,14.73039,43.37747,-16.38899,-27.37162
6900.,12.70207,14.20885,13.20602,14.72627,43.37457,-16.39227,-27.3752
6910.,12.69794,14.20481,13.20194,14.72215,43.37167,-16.39553,-27.37878
6920.,12.69382,14.20078,13.19786,14.71803,43.36878,-16.39879,-27.38235
6930.,12.68971,14.19675,13.19379,14.71392,43.36591,-16.40205,-27.38592
6940.,12.6856,14.19273,13.18972,14.70981,43.36303,-16.40531,-27.38949
6950.,12.6815,14.18871,13.18566,14.70571,43.36017,-16.40856,-27.39305
6960.,12.6774,14.1847,13.1816,14.70162,43.35732,-16.4118,-27.39661
6970.,12.67331,14.18069,13.17755,14.69753,43.35447,-16.41504,-27.40017
6980.,12.66922,14.17669,13.17351,14.69344,43.35163,-16.41828,-27.40373
6990.,12.66514,14.17269,13.16947,14.68936,43.34879,-16.42151,-27.40728
7000.,12.66106,14.1687,13.16544,14.68528,43.34597,-16.42474,-27.41082
7010.,12.65699,14.16472,13.16142,14.68121,43.34315,-16.42796,-27.41437
7020.,12.65292,14.16073,13.1574,14.67715,43.34034,-16.43118,-27.41791
7030.,12.64886,14.15676,13.15339,14.67309,43.33753,-16.43439,-27.42145
7040.,12.6448,14.15279,13.14938,14.66903,43.33474,-16.4376,-27.42498
7050.,12.64075,14.14882,13.14538,14.66498,43.33195,-16.44081,-27.42851
7060.,12.6367,14.14486,13.14138,14.66093,43.32917,-16.44401,-27.43204
7070.,12.63266,14.1409,13.13739,14.65689,43.32639,-16.4472,-27.43556
7080.,12.62863,14.13695,13.13341,14.65286,43.32362,-16.4504,-27.43908
7090.,12.6246,14.133,13.12943,14.64883,43.32086,-16.45358,-27.4426
7100.,12.62057,14.12906,13.12546,14.6448,43.31811,-16.45677,-27.44611
7110.,12.61655,14.12513,13.1215,14.64078,43.31536,-16.45995,-27.44925
7120.,12.61254,14.1212,13.11753,14.63676,43.31261,-16.46312,-27.45235
7130.,12.60853,14.11727,13.11357,14.63275,43.30986,-16.46629,-27.45543
7140.,12.60452,14.11335,13.10962,14.62875,43.30711,-16.46946,-27.45852
7150.,12.60053,14.10944,13.10567,14.62475,43.30436,-16.47262,-27.4616
7160.,12.59653,14.10552,13.10172,14.62075,43.30162,-16.47577,-27.46468
7170.,12.59254,14.10162,13.09778,14.61676,43.29887,-16.47893,-27.46775
7180.,12.58856,14.09772,13.09384,14.61278,43.29613,-16.48208,-27.47082
7190.,12.58458,14.09382,13.08991,14.6088,43.29339,-16.48522,-27.47389
7200.,12.58061,14.08993,13.08598,14.60482,43.29065,-16.48836,-27.47695
7210.,12.57664,14.08605,13.08206,14.60085,43.28791,-16.4915,-27.48001
7220.,12.57268,14.08217,13.07814,14.59689,43.28518,-16.49463,-27.48307
7230.,12.56872,14.07829,13.07422,14.59293,43.28244,-16.49775,-27.48612
7240.,12.56477,14.07442,13.07031,14.58897,43.27971,-16.50088,-27.48917
7250.,12.56082,14.07055,13.0664,14.58502,43.27698,-16.504,-27.49222
7260.,12.55688,14.06669,13.0625,14.58108,43.27425,-16.50711,-27.49526
7270.,12.55294,14.06284,13.0586,14.57714,43.27152,-16.51022,-27.4983
7280.,12.54901,14.05899,13.0547,14.5732,43.2688,-16.51333,-27.50134
7290.,12.54508,14.05514,13.05081,14.56927,43.26607,-16.51643,-27.50437
7300.,12.54116,14.0513,13.04692,14.56535,43.26335,-16.51953,-27.5074
7310.,12.53724,14.04746,13.04304,14.56143,43.26063,-16.52262,-27.51043
7320.,12.53333,14.04363,13.03916,14.55751,43.25791,-16.52571,-27.51345
7330.,12.52942,14.0398,13.03529,14.5536,43.25519,-16.5288,-27.51647
7340.,12.52552,14.03598,13.03142,14.5497,43.25248,-16.53188,-27.51949
7350.,12.52162,14.03216,13.02755,14.5458,43.24976,-16.53496,-27.5225
7360.,12.51772,14.02835,13.02369,14.5419,43.24705,-16.53803,-27.52551
7370.,12.51384,14.02454,13.01983,14.53801,43.24434,-16.5411,-27.52851
7380.,12.50995,14.02074,13.01597,14.53412,43.24163,-16.54417,-27.53152
7390.,12.50608,14.01694,13.01212,14.53024,43.23892,-16.54723,-27.53452
7400.,12.5022,14.01315,13.00828,14.52637,43.23622,-16.55028,-27.53751
7410.,12.49833,14.00936,13.00444,14.52249,43.23352,-16.55334,-27.5405
7420.,12.49447,14.00558,13.0006,14.51863,43.23082,-16.55639,-27.54349
7430.,12.49061,14.0018,12.99677,14.51476,43.22812,-16.55943,-27.54648
7440.,12.48676,13.99802,12.99294,14.51091,43.22542,-16.56248,-27.54946
7450.,12.48291,13.99425,12.98911,14.50705,43.22273,-16.56551,-27.55244
7460.,12.47906,13.99049,12.98529,14.50321,43.22003,-16.56855,-27.55542
7470.,12.47523,13.98673,12.98147,14.49936,43.21734,-16.57158,-27.55839
7480.,12.47139,13.98297,12.97766,14.49552,43.21465,-16.5746,-27.56136
7490.,12.46756,13.97922,12.97385,14.49169,43.21197,-16.57763,-27.56433
7500.,12.46374,13.97547,12.97005,14.48786,43.20928,-16.58064,-27.56729
7510.,12.45992,13.97173,12.96625,14.48404,43.2066,-16.58366,-27.57025
7520.,12.4561,13.96799,12.96245,14.48022,43.20392,-16.58667,-27.57321
7530.,12.45229,13.96426,12.95866,14.4764,43.20124,-16.58968,-27.57616
7540.,12.44848,13.96053,12.95487,14.47259,43.19856,-16.59268,-27.57911
7550.,12.44468,13.95681,12.95109,14.46878,43.19589,-16.59568,-27.58206
7560.,12.44088,13.95309,12.94731,14.46498,43.19321,-16.59867,-27.58501
7570.,12.43709,13.94938,12.94353,14.46119,43.19054,-16.60166,-27.58795
7580.,12.4333,13.94567,12.93976,14.45739,43.18788,-16.60465,-27.5903
7590.,12.42952,13.94196,12.93599,14.45361,43.18521,-16.60764,-27.5922
7600.,12.42574,13.93826,12.93223,14.44982,43.18254,-16.61062,-27.59411
7610.,12.42197,13.93456,12.92847,14.44605,43.17988,-16.61359,-27.596
7620.,12.4182,13.93087,12.92472,14.44227,43.17722,-16.61656,-27.5979
7630.,12.41444,13.92718,12.92098,14.43851,43.17456,-16.61953,-27.59979
7640.,12.41068,13.92349,12.91724,14.43474,43.17191,-16.6225,-27.60168
7650.,12.40692,13.91981,12.9135,14.43098,43.16925,-16.62546,-27.60356
7660.,12.40317,13.91613,12.90977,14.42723,43.1666,-16.62842,-27.60544
7670.,12.39943,13.91246,12.90604,14.42348,43.16395,-16.63137,-27.60732
7680.,12.39569,13.90879,12.90232,14.41974,43.1613,-16.63432,-27.6092
7690.,12.39195,13.90512,12.8986,14.416,43.15866,-16.63727,-27.61107
7700.,12.38822,13.90146,12.89489,14.41226,43.15601,-16.64021,-27.61294
7710.,12.38449,13.8978,12.89118,14.40853,43.15337,-16.64315,-27.6148
7720.,12.38077,13.89415,12.88748,14.40481,43.15073,-16.64609,-27.61666
7730.,12.37705,13.8905,12.88379,14.40109,43.1481,-16.64902,-27.61852
7740.,12.37334,13.88685,12.88009,14.39737,43.14546,-16.65195,-27.62038
7750.,12.36963,13.88321,12.87641,14.39366,43.14283,-16.65487,-27.62223
7760.,12.36592,13.87957,12.87272,14.38995,43.1402,-16.65779,-27.62408
7770.,12.36222,13.87594,12.86905,14.38625,43.13757,-16.66071,-27.62592
7780.,12.35853,13.87231,12.86537,14.38255,43.13494,-16.66362,-27.62776
7790.,12.35484,13.86868,12.8617,14.37886,43.13232,-16.66653,-27.6296
7800.,12.35115,13.86506,12.85804,14.37517,43.1297,-16.66944,-27.63144
7810.,12.34747,13.86145,12.85438,14.37149,43.12708,-16.67234,-27.63327
7820.,12.34379,13.85783,12.85073,14.36781,43.12446,-16.67524,-27.6351
7830.,12.34012,13.85422,12.84708,14.36413,43.12185,-16.67814,-27.63692
7840.,12.33645,13.85062,12.84344,14.36046,43.11923,-16.68103,-27.63875
7850.,12.33279,13.84701,12.8398,14.3568,43.11662,-16.68392,-27.64057
7860.,12.32913,13.84341,12.83616,14.35314,43.11401,-16.6868,-27.64238
7870.,12.32547,13.83982,12.83253,14.34948,43.11141,-16.68968,-27.6442
7880.,12.32182,13.83623,12.82891,14.34583,43.10881,-16.69256,-27.64601
7890.,12.31817,13.83264,12.82528,14.34218,43.1062,-16.69543,-27.64781
7900.,12.31453,13.82906,12.82167,14.33854,43.10361,-16.6983,-27.64962
7910.,12.31089,13.82548,12.81806,14.3349,43.10101,-16.70117,-27.65142
7920.,12.30726,13.82191,12.81445,14.33127,43.09841,-16.70403,-27.65321
7930.,12.30363,13.81834,12.81085,14.32764,43.09582,-16.70689,-27.65501
7940.,12.30001,13.81477,12.80725,14.32402,43.09323,-16.70975,-27.6568
7950.,12.29639,13.81121,12.80366,14.3204,43.09065,-16.7126,-27.65859
7960.,12.29277,13.80765,12.80007,14.31678,43.08806,-16.71545,-27.66037
7970.,12.28916,13.8041,12.79649,14.31317,43.08548,-16.7183,-27.66215
7980.,12.28555,13.80055,12.79291,14.30956,43.0829,-16.72114,-27.66393
7990.,12.28195,13.797,12.78933,14.30596,43.08032,-16.72398,-27.66571
8000.,12.27835,13.79346,12.78576,14.30236,43.07774,-16.72682,-27.66748
8010.,12.27476,13.78992,12.7822,14.29877,43.07517,-16.72965,-27.66925
8020.,12.27117,13.78638,12.77864,14.29518,43.0726,-16.73248,-27.67101
8030.,12.26758,13.78285,12.77508,14.29159,43.07003,-16.7353,-27.67278
8040.,12.264,13.77932,12.77153,14.28801,43.06747,-16.73813,-27.67454
8050.,12.26043,13.7758,12.76798,14.28444,43.0649,-16.74094,-27.67635
8060.,12.25686,13.77228,12.76444,14.28087,43.06234,-16.74376,-27.67832
8070.,12.25329,13.76877,12.7609,14.2773,43.05978,-16.74657,-27.68028
8080.,12.24972,13.76526,12.75736,14.27374,43.05723,-16.74938,-27.68224
8090.,12.24616,13.76175,12.75383,14.27018,43.05468,-16.75218,-27.6842
8100.,12.24261,13.75825,12.7503,14.26662,43.05213,-16.75498,-27.68616
8110.,12.23906,13.75476,12.74678,14.26307,43.04958,-16.75778,-27.68811
8120.,12.23551,13.75127,12.74326,14.25953,43.04704,-16.76058,-27.69006
8130.,12.23197,13.74778,12.73974,14.25599,43.0445,-16.76337,-27.69201
8140.,12.22843,13.7443,12.73623,14.25245,43.04196,-16.76615,-27.69395
8150.,12.2249,13.74083,12.73272,14.24892,43.03943,-16.76894,-27.69589
8160.,12.22137,13.73735,12.72922,14.24539,43.0369,-16.77172,-27.69783
8170.,12.21784,13.73389,12.72572,14.24187,43.03437,-16.7745,-27.69977
8180.,12.21432,13.73043,12.72223,14.23835,43.03184,-16.77727,-27.7017
8190.,12.2108,13.72697,12.71873,14.23483,43.02932,-16.78004,-27.70363
8200.,12.20729,13.72351,12.71525,14.23132,43.0268,-16.78281,-27.70555
8210.,12.20378,13.72007,12.71176,14.22781,43.02428,-16.78557,-27.70747
8220.,12.20028,13.71662,12.70828,14.22431,43.02177,-16.78833,-27.70939
8230.,12.19678,13.71318,12.70481,14.22081,43.01926,-16.79109,-27.71131
8240.,12.19328,13.70975,12.70133,14.21732,43.01675,-16.79385,-27.71323
8250.,12.18979,13.70632,12.69787,14.21383,43.01424,-16.7966,-27.71514
8260.,12.18631,13.70289,12.6944,14.21034,43.01174,-16.79934,-27.71704
8270.,12.18282,13.69947,12.69094,14.20686,43.00924,-16.80209,-27.71895
8280.,12.17934,13.69605,12.68748,14.20338,43.00674,-16.80483,-27.72085
8290.,12.17587,13.69264,12.68403,14.19991,43.00425,-16.80756,-27.72275
8300.,12.1724,13.68923,12.68058,14.19644,43.00176,-16.8103,-27.72465
8310.,12.16893,13.68583,12.67714,14.19298,42.99927,-16.81303,-27.72654
8320.,12.16547,13.68243,12.6737,14.18952,42.99678,-16.81576,-27.72843
8330.,12.16201,13.67904,12.67026,14.18606,42.9943,-16.81848,-27.73032
8340.,12.15856,13.67565,12.66683,14.18261,42.99182,-16.8212,-27.7322
8350.,12.15511,13.67226,12.6634,14.17916,42.98934,-16.82392,-27.73409
8360.,12.15166,13.66888,12.65997,14.17572,42.98687,-16.82663,-27.73596
8370.,12.14822,13.66551,12.65655,14.17228,42.9844,-16.82934,-27.73784
8380.,12.14478,13.66214,12.65314,14.16884,42.98193,-16.83205,-27.73971
8390.,12.14135,13.65877,12.64972,14.16541,42.97947,-16.83475,-27.74158
8400.,12.13792,13.65541,12.64631,14.16198,42.977,-16.83746,-27.74345
8410.,12.1345,13.65205,12.64291,14.15856,42.97454,-16.84015,-27.74531
8420.,12.13107,13.64869,12.63951,14.15514,42.97209,-16.84285,-27.74718
8430.,12.12766,13.64534,12.63611,14.15173,42.96963,-16.84554,-27.74903
8440.,12.12425,13.642,12.63272,14.14832,42.96718,-16.84823,-27.75089
8450.,12.12084,13.63866,12.62933,14.14491,42.96473,-16.85091,-27.75274
8460.,12.11743,13.63532,12.62594,14.14151,42.96229,-16.85359,-27.75459
8470.,12.11403,13.63199,12.62256,14.13811,42.95984,-16.85627,-27.75644
8480.,12.11064,13.62866,12.61918,14.13472,42.9574,-16.85895,-27.75828
8490.,12.10724,13.62534,12.6158,14.13133,42.95497,-16.86162,-27.76012
8500.,12.10386,13.62202,12.61243,14.12794,42.95253,-16.86429,-27.76196
8510.,12.10047,13.6187,12.60907,14.12456,42.9501,-16.86695,-27.7638
8520.,12.09709,13.61539,12.6057,14.12118,42.94767,-16.86961,-27.76563
8530.,12.09372,13.61208,12.60235,14.11781,42.94525,-16.87227,-27.76836
8540.,12.09034,13.60878,12.59899,14.11444,42.94283,-16.87493,-27.77113
8550.,12.08698,13.60548,12.59564,14.11107,42.94041,-16.87758,-27.77389
8560.,12.08361,13.60218,12.5923,14.10771,42.93799,-16.88023,-27.77666
8570.,12.08025,13.59889,12.58896,14.10435,42.93558,-16.88287,-27.77942
8580.,12.0769,13.5956,12.58562,14.101,42.93317,-16.88552,-27.78218
8590.,12.07354,13.59231,12.58229,14.09765,42.93077,-16.88816,-27.78493
8600.,12.0702,13.58903,12.57896,14.0943,42.92837,-16.89079,-27.78768
8610.,12.06685,13.58575,12.57564,14.09096,42.92597,-16.89342,-27.79044
8620.,12.06351,13.58247,12.57232,14.08762,42.92357,-16.89605,-27.79318
8630.,12.06018,13.5792,12.56901,14.08429,42.92118,-16.89868,-27.79593
8640.,12.05685,13.57593,12.5657,14.08096,42.91879,-16.9013,-27.79867
8650.,12.05352,13.57266,12.5624,14.07763,42.91641,-16.90392,-27.80141
8660.,12.0502,13.5694,12.5591,14.07431,42.91402,-16.90654,-27.80415
8670.,12.04688,13.56614,12.5558,14.07099,42.91165,-16.90915,-27.80688
8680.,12.04356,13.56288,12.55251,14.06767,42.90927,-16.91177,-27.80961
8690.,12.04025,13.55963,12.54922,14.06436,42.9069,-16.91437,-27.81234
8700.,12.03694,13.55638,12.54594,14.06105,42.90453,-16.91698,-27.81507
8710.,12.03364,13.55314,12.54266,14.05775,42.90216,-16.91958,-27.81779
8720.,12.03034,13.54989,12.53938,14.05445,42.8998,-16.92218,-27.82052
8730.,12.02704,13.54665,12.53611,14.05115,42.89744,-16.92477,-27.82323
8740.,12.02375,13.54342,12.53285,14.04786,42.89509,-16.92736,-27.82595
8750.,12.02046,13.54019,12.52959,14.04457,42.89273,-16.92995,-27.82866
8760.,12.01718,13.53696,12.52633,14.04129,42.89038,-16.93254,-27.83137
8770.,12.0139,13.53373,12.52308,14.03801,42.88804,-16.93512,-27.83408
8780.,12.01062,13.53051,12.51983,14.03473,42.88569,-16.9377,-27.83679
8790.,12.00735,13.52729,12.51658,14.03146,42.88335,-16.94027,-27.83949
8800.,12.00408,13.52408,12.51334,14.02819,42.88102,-16.94285,-27.84219
8810.,12.00082,13.52087,12.51011,14.02492,42.87868,-16.94542,-27.84489
8820.,11.99756,13.51766,12.50688,14.02166,42.87635,-16.94798,-27.84759
8830.,11.9943,13.51446,12.50365,14.0184,42.87402,-16.95055,-27.85028
8840.,11.99105,13.51125,12.50043,14.01515,42.8717,-16.95311,-27.85297
8850.,11.9878,13.50806,12.49721,14.0119,42.86938,-16.95567,-27.85566
8860.,11.98456,13.50486,12.49399,14.00865,42.86706,-16.95822,-27.85834
8870.,11.98132,13.50167,12.49078,14.00541,42.86474,-16.96077,-27.86102
8880.,11.97808,13.49849,12.48758,14.00217,42.86243,-16.96332,-27.8637
8890.,11.97485,13.4953,12.48437,13.99893,42.86012,-16.96586,-27.86638
8900.,11.97162,13.49212,12.48118,13.9957,42.85782,-16.96841,-27.86905
8910.,11.96839,13.48894,12.47798,13.99247,42.85551,-16.97094,-27.87172
8920.,11.96517,13.48577,12.47479,13.98925,42.85321,-16.97348,-27.87439
8930.,11.96196,13.4826,12.47161,13.98603,42.85092,-16.97601,-27.87706
8940.,11.95874,13.47943,12.46843,13.98281,42.84862,-16.97854,-27.87972
8950.,11.95553,13.47627,12.46525,13.9796,42.84633,-16.98107,-27.88239
8960.,11.95233,13.47311,12.46208,13.97639,42.84404,-16.98359,-27.88505
8970.,11.94913,13.46995,12.45891,13.97319,42.84176,-16.98611,-27.8877
8980.,11.94593,13.4668,12.45574,13.96999,42.83948,-16.98863,-27.89036
8990.,11.94273,13.46365,12.45258,13.96679,42.8372,-16.99114,-27.89301
9000.,11.93954,13.46051,12.44943,13.96359,42.83492,-16.99365,-27.89482
9010.,11.93636,13.45736,12.44627,13.9604,42.83265,-16.99616,-27.89616
9020.,11.93318,13.45423,12.44312,13.95722,42.83038,-16.99867,-27.89751
9030.,11.93,13.45109,12.43997,13.95404,42.82812,-17.00117,-27.89885
9040.,11.92682,13.44796,12.43683,13.95086,42.82586,-17.00367,-27.90019
9050.,11.92365,13.44483,12.43369,13.94769,42.8236,-17.00616,-27.90152
9060.,11.92048,13.44171,12.43055,13.94452,42.82134,-17.00866,-27.90286
9070.,11.91732,13.43859,12.42742,13.94135,42.81909,-17.01115,-27.90419
9080.,11.91416,13.43547,12.42429,13.93819,42.81684,-17.01363,-27.90551
9090.,11.91101,13.43236,12.42116,13.93503,42.8146,-17.01612,-27.90684
9100.,11.90785,13.42925,12.41804,13.93188,42.81235,-17.0186,-27.90816
9110.,11.90471,13.42614,12.41492,13.92873,42.81012,-17.02108,-27.90948
9120.,11.90156,13.42304,12.4118,13.92558,42.80788,-17.02355,-27.91079
9130.,11.89842,13.41994,12.40869,13.92244,42.80565,-17.02602,-27.91211
9140.,11.89528,13.41685,12.40558,13.9193,42.80342,-17.02849,-27.91342
9150.,11.89215,13.41376,12.40247,13.91617,42.80119,-17.03096,-27.91472
9160.,11.88902,13.41067,12.39937,13.91304,42.79897,-17.03342,-27.91603
9170.,11.8859,13.40759,12.39627,13.90991,42.79675,-17.03588,-27.91733
9180.,11.88278,13.40451,12.39317,13.90679,42.79454,-17.03834,-27.91863
9190.,11.87966,13.40143,12.39008,13.90367,42.79232,-17.04079,-27.91993
9200.,11.87654,13.39836,12.38699,13.90056,42.79011,-17.04324,-27.92122
9210.,11.87343,13.39529,12.3839,13.89745,42.78791,-17.04569,-27.92251
9220.,11.87033,13.39222,12.38081,13.89434,42.7857,-17.04813,-27.9238
9230.,11.86722,13.38916,12.37773,13.89124,42.7835,-17.05058,-27.92509
9240.,11.86413,13.3861,12.37466,13.88814,42.78131,-17.05301,-27.92637
9250.,11.86103,13.38304,12.37158,13.88504,42.77911,-17.05545,-27.92765
9260.,11.85794,13.37999,12.36851,13.88195,42.77692,-17.05788,-27.92893
9270.,11.85485,13.37694,12.36545,13.87886,42.77474,-17.06031,-27.9302
9280.,11.85177,13.3739,12.36238,13.87578,42.77255,-17.06274,-27.93148
9290.,11.84869,13.37086,12.35932,13.8727,42.77037,-17.06516,-27.93275
9300.,11.84561,13.36782,12.35627,13.86963,42.76819,-17.06759,-27.93401
9310.,11.84254,13.36479,12.35321,13.86655,42.76602,-17.07,-27.93528
9320.,11.83947,13.36176,12.35016,13.86349,42.76384,-17.07242,-27.93654
9330.,11.8364,13.35873,12.34712,13.86042,42.76168,-17.07483,-27.9378
9340.,11.83334,13.35571,12.34407,13.85736,42.75951,-17.07724,-27.93905
9350.,11.83028,13.35269,12.34103,13.85431,42.75735,-17.07965,-27.94031
9360.,11.82723,13.34967,12.33799,13.85125,42.75519,-17.08205,-27.94156
9370.,11.82418,13.34666,12.33496,13.8482,42.75303,-17.08445,-27.94281
9380.,11.82113,13.34365,12.33193,13.84516,42.75088,-17.08685,-27.94405
9390.,11.81809,13.34065,12.3289,13.84212,42.74873,-17.08924,-27.94529
9400.,11.81505,13.33764,12.32588,13.83908,42.74658,-17.09163,-27.94653
9410.,11.81201,13.33465,12.32286,13.83605,42.74443,-17.09402,-27.94777
9420.,11.80898,13.33165,12.31984,13.83302,42.74229,-17.09641,-27.94901
9430.,11.80595,13.32866,12.31683,13.82999,42.74015,-17.09879,-27.95024
9440.,11.80293,13.32567,12.31382,13.82697,42.73802,-17.10117,-27.95147
9450.,11.79991,13.32269,12.31081,13.82395,42.73589,-17.10355,-27.9527
9460.,11.79689,13.31971,12.30781,13.82093,42.73376,-17.10592,-27.95392
9470.,11.79388,13.31673,12.30481,13.81792,42.73163,-17.1083,-27.95552
9480.,11.79087,13.31376,12.30181,13.81492,42.7295,-17.11066,-27.95785
9490.,11.78786,13.31079,12.29882,13.81191,42.72737,-17.11303,-27.96018
9500.,11.78486,13.30782,12.29583,13.80891,42.72525,-17.11539,-27.96251
9510.,11.78186,13.30486,12.29285,13.80592,42.72312,-17.11775,-27.96483
9520.,11.77886,13.3019,12.28987,13.80292,42.721,-17.12011,-27.96716
9530.,11.77587,13.29894,12.28689,13.79993,42.71887,-17.12246,-27.96948
9540.,11.77288,13.29598,12.28392,13.79695,42.71674,-17.12481,-27.9718
9550.,11.7699,13.29303,12.28095,13.79396,42.71462,-17.12716,-27.97411
9560.,11.76691,13.29009,12.27799,13.79098,42.7125,-17.12951,-27.97643
9570.,11.76394,13.28714,12.27503,13.78801,42.71037,-17.13185,-27.97874
9580.,11.76096,13.2842,12.27207,13.78503,42.70825,-17.13419,-27.98105
9590.,11.75799,13.28127,12.26912,13.78206,42.70613,-17.13653,-27.98335
9600.,11.75502,13.27833,12.26617,13.7791,42.70401,-17.13886,-27.98566
9610.,11.75206,13.2754,12.26323,13.77614,42.70189,-17.1412,-27.98796
9620.,11.7491,13.27247,12.26028,13.77318,42.69977,-17.14352,-27.99026
9630.,11.74614,13.26955,12.25735,13.77022,42.69765,-17.14585,-27.99255
9640.,11.74319,13.26663,12.25441,13.76727,42.69553,-17.14817,-27.99485
9650.,11.74024,13.26371,12.25148,13.76432,42.69341,-17.15049,-27.99714
9660.,11.7373,13.2608,12.24856,13.76138,42.69129,-17.15281,-27.99943
9670.,11.73435,13.25788,12.24564,13.75843,42.68918,-17.15513,-28.00172
9680.,11.73141,13.25498,12.24272,13.75549,42.68706,-17.15744,-28.00401
9690.,11.72848,13.25207,12.2398,13.75256,42.68494,-17.15975,-28.00629
9700.,11.72554,13.24917,12.23689,13.74963,42.68283,-17.16206,-28.00857
9710.,11.72262,13.24627,12.23398,13.7467,42.68072,-17.16436,-28.01085
9720.,11.71969,13.24338,12.23108,13.74377,42.6786,-17.16666,-28.01312
9730.,11.71677,13.24048,12.22818,13.74085,42.67649,-17.16896,-28.0154
9740.,11.71385,13.23759,12.22528,13.73793,42.67438,-17.17126,-28.01767
9750.,11.71093,13.23471,12.22239,13.73502,42.67227,-17.17355,-28.01994
9760.,11.70802,13.23183,12.2195,13.73211,42.67016,-17.17584,-28.02221
9770.,11.70511,13.22895,12.21662,13.7292,42.66805,-17.17813,-28.02447
9780.,11.70221,13.22607,12.21374,13.72629,42.66595,-17.18042,-28.02673
9790.,11.69931,13.2232,12.21086,13.72339,42.66384,-17.1827,-28.029
9800.,11.69641,13.22033,12.20798,13.72049,42.66174,-17.18498,-28.03125
9810.,11.69351,13.21746,12.20511,13.71759,42.65963,-17.18726,-28.03351
9820.,11.69062,13.2146,12.20225,13.7147,42.65753,-17.18953,-28.03576
9830.,11.68773,13.21174,12.19938,13.71181,42.65543,-17.19181,-28.03801
9840.,11.68485,13.20888,12.19652,13.70893,42.65332,-17.19408,-28.04026
9850.,11.68197,13.20602,12.19367,13.70604,42.65122,-17.19634,-28.04251
9860.,11.67909,13.20317,12.19081,13.70316,42.64912,-17.19861,-28.04476
9870.,11.67622,13.20033,12.18797,13.70029,42.64703,-17.20087,-28.047
9880.,11.67334,13.19748,12.18512,13.69742,42.64493,-17.20313,-28.04924
9890.,11.67048,13.19464,12.18228,13.69455,42.64283,-17.20539,-28.05148
9900.,11.66761,13.1918,12.17944,13.69168,42.64074,-17.20764,-28.05371
9910.,11.66475,13.18896,12.1766,13.68882,42.63865,-17.20989,-28.05595
9920.,11.66189,13.18613,12.17377,13.68596,42.63655,-17.21214,-28.05818
9930.,11.65903,13.1833,12.17094,13.6831,42.63446,-17.21439,-28.06041
9940.,11.65618,13.18048,12.16812,13.68025,42.63237,-17.21663,-28.06265
9950.,11.65333,13.17765,12.1653,13.6774,42.63029,-17.21887,-28.06547
9960.,11.65049,13.17483,12.16248,13.67455,42.62821,-17.22111,-28.06828
9970.,11.64765,13.17202,12.15966,13.6717,42.62613,-17.22335,-28.07109
9980.,11.64481,13.16921,12.15685,13.66886,42.62406,-17.22558,-28.07389
9990.,11.64197,13.1664,12.15404,13.66602,42.622,-17.22781,-28.0767
10000.,11.63914,13.1636,12.15123,13.66319,42.61994,-17.23004,-28.0795
10010.,11.63631,13.1608,12.14842,13.66036,42.61789,-17.23227,-28.0823
10020.,11.63349,13.15801,12.14562,13.65753,42.61584,-17.23449,-28.0851
10030.,11.63066,13.15522,12.14282,13.6547,42.6138,-17.23671,-28.0879
10040.,11.62784,13.15243,12.14002,13.65188,42.61176,-17.23893,-28.09069
10050.,11.62503,13.14965,12.13722,13.64906,42.60973,-17.24115,-28.09349
10060.,11.62222,13.14688,12.13443,13.64624,42.6077,-17.24336,-28.09628
10070.,11.61941,13.1441,12.13164,13.64343,42.60567,-17.24557,-28.09906
10080.,11.6166,13.14133,12.12885,13.64062,42.60366,-17.24778,-28.10185
10090.,11.6138,13.13857,12.12607,13.63781,42.60164,-17.24998,-28.10464
10100.,11.611,13.1358,12.12329,13.63501,42.59963,-17.25219,-28.10742
10110.,11.6082,13.13305,12.12051,13.63221,42.59763,-17.25439,-28.1102
10120.,11.60541,13.13029,12.11773,13.62941,42.59563,-17.25658,-28.11297
10130.,11.60262,13.12754,12.11496,13.62662,42.59363,-17.25878,-28.11575
10140.,11.59983,13.1248,12.11219,13.62382,42.59164,-17.26097,-28.11852
10150.,11.59705,13.12205,12.10942,13.62104,42.58966,-17.26316,-28.1213
10160.,11.59427,13.11932,12.10665,13.61825,42.58768,-17.26535,-28.12406
10170.,11.59149,13.11658,12.10389,13.61547,42.5857,-17.26753,-28.12683
10180.,11.58872,13.11385,12.10113,13.61269,42.58373,-17.26971,-28.1296
10190.,11.58595,13.11113,12.09838,13.60991,42.58176,-17.27189,-28.13236
10200.,11.58319,13.1084,12.09562,13.60714,42.5798,-17.27407,-28.13512
10210.,11.58042,13.10568,12.09287,13.60437,42.57784,-17.27624,-28.13788
10220.,11.57766,13.10297,12.09012,13.60161,42.57589,-17.27841,-28.14064
10230.,11.57491,13.10026,12.08738,13.59884,42.57394,-17.28058,-28.14339
10240.,11.57215,13.09755,12.08464,13.59608,42.57199,-17.28275,-28.14614
10250.,11.5694,13.09485,12.0819,13.59333,42.57005,-17.28491,-28.14889
10260.,11.56666,13.09215,12.07916,13.59057,42.56812,-17.28707,-28.15164
10270.,11.56392,13.08946,12.07643,13.58782,42.56619,-17.28923,-28.15438
10280.,11.56118,13.08676,12.07369,13.58508,42.56426,-17.29139,-28.15713
10290.,11.55844,13.08408,12.07097,13.58233,42.56233,-17.29354,-28.15987
10300.,11.55571,13.08139,12.06824,13.57959,42.56042,-17.29569,-28.16261
10310.,11.55298,13.07871,12.06552,13.57686,42.5585,-17.29784,-28.16535
10320.,11.55025,13.07604,12.0628,13.57412,42.55659,-17.29998,-28.16808
10330.,11.54753,13.07337,12.06008,13.57139,42.55468,-17.30212,-28.17081
10340.,11.54481,13.0707,12.05737,13.56866,42.55278,-17.30426,-28.17354
10350.,11.54209,13.06803,12.05466,13.56594,42.55088,-17.3064,-28.17627
10360.,11.53938,13.06537,12.05195,13.56322,42.54899,-17.30854,-28.179
10370.,11.53667,13.06272,12.04924,13.5605,42.5471,-17.31067,-28.18172
10380.,11.53396,13.06006,12.04654,13.55778,42.54521,-17.3128,-28.18444
10390.,11.53126,13.05741,12.04384,13.55507,42.54333,-17.31492,-28.18716
10400.,11.52856,13.05477,12.04115,13.55236,42.54145,-17.31705,-28.18988
10410.,11.52586,13.05213,12.03845,13.54966,42.53957,-17.31917,-28.1926
10420.,11.52317,13.04949,12.03576,13.54696,42.5377,-17.32129,-28.19487
10430.,11.52048,13.04685,12.03308,13.54426,42.53583,-17.3234,-28.19697
10440.,11.51779,13.04422,12.0304,13.54156,42.53396,-17.32551,-28.19907
10450.,11.51511,13.04159,12.02772,13.53887,42.53209,-17.32762,-28.20117
10460.,11.51243,13.03896,12.02504,13.53618,42.53022,-17.32973,-28.20326
10470.,11.50975,13.03634,12.02237,13.5335,42.52835,-17.33184,-28.20536
10480.,11.50708,13.03372,12.0197,13.53081,42.52648,-17.33394,-28.20745
10490.,11.50441,13.0311,12.01704,13.52814,42.52462,-17.33604,-28.20953
10500.,11.50174,13.02848,12.01438,13.52546,42.52275,-17.33814,-28.21162
10510.,11.49908,13.02587,12.01172,13.52279,42.52089,-17.34023,-28.2137
10520.,11.49642,13.02325,12.00907,13.52012,42.51902,-17.34233,-28.21579
10530.,11.49376,13.02065,12.00642,13.51745,42.51716,-17.34441,-28.21786
10540.,11.49111,13.01804,12.00378,13.51479,42.5153,-17.3465,-28.21994
10550.,11.48846,13.01544,12.00114,13.51213,42.51344,-17.34859,-28.22202
10560.,11.48581,13.01284,11.9985,13.50948,42.51158,-17.35067,-28.22409
10570.,11.48317,13.01024,11.99586,13.50682,42.50972,-17.35275,-28.22616
10580.,11.48052,13.00764,11.99323,13.50417,42.50786,-17.35483,-28.22823
10590.,11.47789,13.00505,11.99061,13.50153,42.50601,-17.3569,-28.23029
10600.,11.47525,13.00246,11.98798,13.49888,42.50415,-17.35897,-28.23236
10610.,11.47262,12.99987,11.98536,13.49624,42.5023,-17.36104,-28.23442
10620.,11.46999,12.99729,11.98275,13.49361,42.50044,-17.36311,-28.23648
10630.,11.46737,12.99471,11.98013,13.49097,42.49859,-17.36517,-28.23853
10640.,11.46475,12.99213,11.97752,13.48834,42.49674,-17.36723,-28.24059
10650.,11.46213,12.98955,11.97492,13.48571,42.49489,-17.36929,-28.24264
10660.,11.45951,12.98698,11.97232,13.48309,42.49304,-17.37135,-28.24469
10670.,11.4569,12.98441,11.96972,13.48047,42.4912,-17.3734,-28.24674
10680.,11.45429,12.98184,11.96712,13.47785,42.48935,-17.37546,-28.24879
10690.,11.45168,12.97928,11.96453,13.47524,42.48751,-17.37751,-28.25083
10700.,11.44908,12.97671,11.96194,13.47263,42.48566,-17.37955,-28.25287
10710.,11.44648,12.97415,11.95936,13.47002,42.48382,-17.3816,-28.25491
10720.,11.44388,12.9716,11.95678,13.46741,42.48198,-17.38364,-28.25695
10730.,11.44129,12.96904,11.9542,13.46481,42.48014,-17.38568,-28.25898
10740.,11.4387,12.96649,11.95162,13.46221,42.4783,-17.38772,-28.26102
10750.,11.43611,12.96394,11.94905,13.45961,42.47646,-17.38975,-28.26305
10760.,11.43353,12.96139,11.94649,13.45702,42.47463,-17.39178,-28.26508
10770.,11.43095,12.95885,11.94392,13.45443,42.47279,-17.39381,-28.2671
10780.,11.42837,12.95631,11.94136,13.45185,42.47096,-17.39584,-28.26913
10790.,11.42579,12.95377,11.9388,13.44926,42.46913,-17.39787,-28.27115
10800.,11.42322,12.95123,11.93625,13.44668,42.4673,-17.39989,-28.27317
10810.,11.42065,12.9487,11.9337,13.4441,42.46547,-17.40191,-28.27519
10820.,11.41808,12.94617,11.93115,13.44153,42.46364,-17.40393,-28.27721
10830.,11.41552,12.94364,11.92861,13.43896,42.46181,-17.40594,-28.27922
10840.,11.41296,12.94111,11.92607,13.43639,42.45999,-17.40795,-28.28123
10850.,11.4104,12.93859,11.92353,13.43382,42.45816,-17.40997,-28.28324
10860.,11.40785,12.93607,11.92099,13.43126,42.45634,-17.41197,-28.28525
10870.,11.4053,12.93355,11.91846,13.4287,42.45452,-17.41398,-28.28726
10880.,11.40275,12.93104,11.91594,13.42615,42.4527,-17.41598,-28.28926
10890.,11.40021,12.92853,11.91341,13.42359,42.45088,-17.41798,-28.29096
10900.,11.39766,12.92602,11.91089,13.42104,42.44906,-17.41998,-28.29222
10910.,11.39513,12.92352,11.90837,13.4185,42.44725,-17.42198,-28.29347
10920.,11.39259,12.92102,11.90586,13.41595,42.44544,-17.42397,-28.29473
10930.,11.39006,12.91852,11.90334,13.41341,42.44363,-17.42596,-28.29598
10940.,11.38753,12.91603,11.90083,13.41088,42.44183,-17.42795,-28.29723
10950.,11.385,12.91354,11.89833,13.40834,42.44003,-17.42994,-28.29848
10960.,11.38248,12.91106,11.89582,13.40581,42.43823,-17.43193,-28.29972
10970.,11.37996,12.90857,11.89332,13.40328,42.43643,-17.43391,-28.30097
10980.,11.37744,12.9061,11.89082,13.40076,42.43464,-17.43589,-28.30221
10990.,11.37492,12.90363,11.88833,13.39824,42.43285,-17.43786,-28.30345
11000.,11.37241,12.90116,11.88583,13.39572,42.43106,-17.43984,-28.30468
11010.,11.3699,12.89869,11.88334,13.3932,42.42928,-17.44181,-28.30592
11020.,11.3674,12.89623,11.88086,13.39069,42.4275,-17.44378,-28.30715
11030.,11.3649,12.89377,11.87837,13.38818,42.42572,-17.44575,-28.30838
11040.,11.3624,12.89132,11.87589,13.38568,42.42394,-17.44772,-28.30961
11050.,11.3599,12.88887,11.87342,13.38317,42.42217,-17.44968,-28.31084
11060.,11.3574,12.88642,11.87094,13.38067,42.42039,-17.45164,-28.31206
11070.,11.35491,12.88398,11.86847,13.37818,42.41862,-17.4536,-28.31328
11080.,11.35243,12.88154,11.866,13.37568,42.41686,-17.45555,-28.3145
11090.,11.34994,12.87911,11.86353,13.37319,42.4151,-17.45751,-28.31572
11100.,11.34746,12.87668,11.86107,13.37071,42.41333,-17.45946,-28.31693
11110.,11.34498,12.87425,11.85861,13.36822,42.41158,-17.46141,-28.31815
11120.,11.34251,12.87183,11.85615,13.36574,42.40982,-17.46335,-28.31936
11130.,11.34003,12.86941,11.8537,13.36326,42.40807,-17.4653,-28.32056
11140.,11.33756,12.86699,11.85124,13.36079,42.40632,-17.46724,-28.32177
11150.,11.3351,12.86458,11.84879,13.35832,42.40457,-17.46918,-28.32298
11160.,11.33263,12.86217,11.84635,13.35585,42.40282,-17.47112,-28.32418
11170.,11.33017,12.85976,11.8439,13.35338,42.40108,-17.47305,-28.32538
11180.,11.32771,12.85736,11.84146,13.35092,42.39934,-17.47498,-28.32658
11190.,11.32526,12.85496,11.83903,13.34846,42.39761,-17.47691,-28.32777
11200.,11.32281,12.85257,11.83659,13.34601,42.39587,-17.47884,-28.32896
11210.,11.32036,12.85018,11.83416,13.34355,42.39414,-17.48077,-28.33016
11220.,11.31791,12.84779,11.83173,13.3411,42.39241,-17.48269,-28.33134
11230.,11.31547,12.84541,11.82931,13.33866,42.39068,-17.48461,-28.33253
11240.,11.31303,12.84303,11.82688,13.33621,42.38896,-17.48653,-28.33372
11250.,11.31059,12.84065,11.82446,13.33377,42.38724,-17.48844,-28.3349
11260.,11.30816,12.83828,11.82205,13.33134,42.38552,-17.49036,-28.33608
11270.,11.30573,12.83591,11.81963,13.3289,42.3838,-17.49227,-28.33726
11280.,11.3033,12.83354,11.81722,13.32647,42.38209,-17.49418,-28.33843
11290.,11.30088,12.83118,11.81481,13.32404,42.38037,-17.49608,-28.33961
11300.,11.29845,12.82882,11.8124,13.32162,42.37866,-17.49799,-28.34078
11310.,11.29603,12.82647,11.81,13.3192,42.37696,-17.49989,-28.34195
11320.,11.29362,12.82412,11.8076,13.31678,42.37525,-17.50179,-28.34312
11330.,11.29121,12.82177,11.80521,13.31436,42.37355,-17.50368,-28.34428
11340.,11.2888,12.81943,11.80281,13.31195,42.37185,-17.50558,-28.34545
11350.,11.28639,12.81709,11.80042,13.30954,42.37016,-17.50747,-28.34661
11360.,11.28398,12.81475,11.79803,13.30713,42.36846,-17.50936,-28.34779
11370.,11.28158,12.81241,11.79565,13.30473,42.36677,-17.51125,-28.34922
11380.,11.27918,12.81008,11.79326,13.30233,42.36508,-17.51313,-28.35064
11390.,11.27679,12.80775,11.79088,13.29993,42.36339,-17.51502,-28.35207
11400.,11.2744,12.80543,11.78851,13.29754,42.3617,-17.5169,-28.35349
11410.,11.27201,12.8031,11.78614,13.29515,42.36001,-17.51877,-28.3549
11420.,11.26962,12.80078,11.78377,13.29276,42.35833,-17.52065,-28.35632
11430.,11.26724,12.79846,11.7814,13.29037,42.35665,-17.52252,-28.35773
11440.,11.26486,12.79615,11.77904,13.28799,42.35497,-17.52439,-28.35914
11450.,11.26248,12.79383,11.77667,13.28561,42.35329,-17.52626,-28.36055
11460.,11.2601,12.79152,11.77432,13.28323,42.35161,-17.52813,-28.36196
11470.,11.25773,12.78922,11.77196,13.28086,42.34994,-17.52999,-28.36337
11480.,11.25536,12.78691,11.76961,13.27849,42.34826,-17.53186,-28.36477
11490.,11.253,12.78461,11.76726,13.27612,42.34659,-17.53371,-28.36617
11500.,11.25063,12.78231,11.76492,13.27375,42.34492,-17.53557,-28.36757
11510.,11.24827,12.78001,11.76257,13.27139,42.34325,-17.53743,-28.36897
11520.,11.24592,12.77772,11.76023,13.26903,42.34158,-17.53928,-28.37036
11530.,11.24356,12.77543,11.7579,13.26668,42.33992,-17.54113,-28.37176
11540.,11.24121,12.77314,11.75556,13.26432,42.33826,-17.54298,-28.37315
11550.,11.23886,12.77085,11.75323,13.26197,42.33659,-17.54482,-28.37454
11560.,11.23652,12.76857,11.7509,13.25963,42.33493,-17.54667,-28.37592
11570.,11.23417,12.76629,11.74858,13.25728,42.33328,-17.54851,-28.37731
11580.,11.23183,12.76401,11.74626,13.25494,42.33162,-17.55035,-28.37869
11590.,11.2295,12.76173,11.74394,13.2526,42.32997,-17.55218,-28.38007
11600.,11.22716,12.75946,11.74162,13.25027,42.32831,-17.55402,-28.38145
11610.,11.22483,12.75719,11.73931,13.24793,42.32666,-17.55585,-28.38283
11620.,11.2225,12.75492,11.737,13.2456,42.32501,-17.55768,-28.3842
11630.,11.22018,12.75266,11.73469,13.24328,42.32336,-17.55951,-28.38558
11640.,11.21785,12.7504,11.73239,13.24095,42.32172,-17.56133,-28.38695
11650.,11.21553,12.74814,11.73009,13.23863,42.32007,-17.56316,-28.38832
11660.,11.21322,12.74588,11.72779,13.23631,42.31843,-17.56498,-28.38968
11670.,11.2109,12.74362,11.72549,13.234,42.31679,-17.5668,-28.39105
11680.,11.20859,12.74137,11.7232,13.23168,42.31515,-17.56861,-28.39241
11690.,11.20628,12.73912,11.72091,13.22937,42.31352,-17.57043,-28.39377
11700.,11.20397,12.73688,11.71863,13.22707,42.31188,-17.57224,-28.39513
11710.,11.20167,12.73463,11.71634,13.22476,42.31025,-17.57405,-28.39649
11720.,11.19937,12.73239,11.71406,13.22246,42.30862,-17.57586,-28.39784
11730.,11.19707,12.73015,11.71178,13.22016,42.30699,-17.57766,-28.3992
11740.,11.19478,12.72792,11.70951,13.21787,42.30536,-17.57947,-28.40055
11750.,11.19249,12.72568,11.70724,13.21557,42.30373,-17.58127,-28.4019
11760.,11.1902,12.72345,11.70497,13.21328,42.30211,-17.58307,-28.40325
11770.,11.18791,12.72122,11.7027,13.211,42.30048,-17.58486,-28.40459
11780.,11.18563,12.719,11.70044,13.20871,42.29886,-17.58666,-28.40593
11790.,11.18335,12.71677,11.69818,13.20643,42.29724,-17.58845,-28.40728
11800.,11.18107,12.71455,11.69592,13.20415,42.29563,-17.59024,-28.40862
11810.,11.17879,12.71234,11.69366,13.20187,42.29401,-17.59203,-28.40995
11820.,11.17652,12.71012,11.69141,13.1996,42.2924,-17.59381,-28.41129
11830.,11.17425,12.70791,11.68916,13.19733,42.29078,-17.5956,-28.41262
11840.,11.17198,12.7057,11.68691,13.19506,42.28917,-17.59738,-28.41403
11850.,11.16972,12.70349,11.68467,13.1928,42.28756,-17.59916,-28.41544
11860.,11.16746,12.70129,11.68243,13.19054,42.28594,-17.60093,-28.41686
11870.,11.1652,12.69908,11.68019,13.18828,42.28432,-17.60271,-28.41828
11880.,11.16294,12.69688,11.67795,13.18602,42.2827,-17.60448,-28.41969
11890.,11.16069,12.69469,11.67571,13.18377,42.28109,-17.60625,-28.4211
11900.,11.15844,12.69249,11.67348,13.18151,42.27947,-17.60802,-28.42251
11910.,11.15619,12.6903,11.67124,13.17927,42.27784,-17.60978,-28.42392
11920.,11.15395,12.68811,11.66901,13.17702,42.27622,-17.61155,-28.42533
11930.,11.1517,12.68592,11.66678,13.17478,42.2746,-17.61331,-28.42673
11940.,11.14946,12.68374,11.66456,13.17254,42.27297,-17.61507,-28.42813
11950.,11.14723,12.68155,11.66233,13.1703,42.27135,-17.61683,-28.42954
11960.,11.14499,12.67937,11.66011,13.16806,42.26972,-17.61859,-28.43093
11970.,11.14276,12.6772,11.65789,13.16583,42.26809,-17.62034,-28.43233
11980.,11.14053,12.67502,11.65567,13.1636,42.26647,-17.62209,-28.43373
11990.,11.1383,12.67285,11.65346,13.16137,42.26484,-17.62384,-28.43512
12000.,11.13608,12.67068,11.65124,13.15915,42.26321,-17.62559,-28.43651
12010.,11.13385,12.66851,11.64903,13.15692,42.26158,-17.62733,-28.4379
12020.,11.13164,12.66635,11.64682,13.1547,42.25995,-17.62908,-28.43929
12030.,11.12942,12.66418,11.64461,13.15249,42.25831,-17.63082,-28.44068
12040.,11.1272,12.66202,11.6424,13.15027,42.25668,-17.63256,-28.44206
12050.,11.12499,12.65986,11.6402,13.14806,42.25505,-17.6343,-28.44344
12060.,11.12278,12.65771,11.638,13.14585,42.25341,-17.63603,-28.44483
12070.,11.12058,12.65555,11.6358,13.14364,42.25178,-17.63777,-28.44621
12080.,11.11837,12.6534,11.6336,13.14144,42.25014,-17.6395,-28.44758
12090.,11.11617,12.65125,11.6314,13.13923,42.24851,-17.64123,-28.44896
12100.,11.11397,12.64911,11.62921,13.13703,42.24687,-17.64296,-28.45033
12110.,11.11177,12.64696,11.62701,13.13484,42.24524,-17.64469,-28.45171
12120.,11.10958,12.64482,11.62482,13.13264,42.2436,-17.64641,-28.45308
12130.,11.10739,12.64268,11.62263,13.13045,42.24196,-17.64813,-28.45445
12140.,11.1052,12.64054,11.62045,13.12826,42.24032,-17.64985,-28.45581
12150.,11.10301,12.63841,11.61826,13.12607,42.23868,-17.65157,-28.45718
12160.,11.10083,12.63628,11.61608,13.12389,42.23705,-17.65329,-28.45854
12170.,11.09864,12.63415,11.6139,13.1217,42.23541,-17.655,-28.45991
12180.,11.09646,12.63202,11.61172,13.11952,42.23377,-17.65672,-28.46127
12190.,11.09429,12.62989,11.60954,13.11734,42.23213,-17.65843,-28.46263
12200.,11.09211,12.62777,11.60737,13.11517,42.23049,-17.66014,-28.46399
12210.,11.08994,12.62565,11.6052,13.113,42.22885,-17.66185,-28.46534
12220.,11.08777,12.62353,11.60302,13.11082,42.22721,-17.66355,-28.4667
12230.,11.0856,12.62141,11.60086,13.10866,42.22556,-17.66526,-28.46805
12240.,11.08344,12.61929,11.59869,13.10649,42.22392,-17.66696,-28.4694
12250.,11.08127,12.61718,11.59652,13.10433,42.22228,-17.66866,-28.47075
12260.,11.07911,12.61507,11.59436,13.10216,42.22064,-17.67036,-28.4721
12270.,11.07695,12.61296,11.5922,13.1,42.219,-17.67206,-28.47344
12280.,11.0748,12.61086,11.59004,13.09785,42.21736,-17.67375,-28.47479
12290.,11.07264,12.60875,11.58788,13.09569,42.21572,-17.67544,-28.47613
12300.,11.07049,12.60665,11.58572,13.09354,42.21407,-17.67714,-28.47747
12310.,11.06834,12.60455,11.58357,13.09139,42.21244,-17.67883,-28.47924
12320.,11.06619,12.60245,11.58142,13.08924,42.21081,-17.68051,-28.48147
12330.,11.06405,12.60036,11.57927,13.0871,42.20918,-17.6822,-28.48369
12340.,11.06191,12.59827,11.57713,13.08495,42.20757,-17.68388,-28.48591
12350.,11.05977,12.59618,11.57499,13.08281,42.20596,-17.68557,-28.48813
12360.,11.05763,12.59409,11.57286,13.08067,42.20437,-17.68725,-28.49035
12370.,11.05549,12.592,11.57072,13.07854,42.20278,-17.68893,-28.49257
12380.,11.05336,12.58992,11.56859,13.0764,42.20119,-17.6906,-28.49478
12390.,11.05123,12.58784,11.56647,13.07427,42.19962,-17.69228,-28.49699
12400.,11.0491,12.58576,11.56435,13.07214,42.19805,-17.69395,-28.49921
12410.,11.04697,12.58368,11.56223,13.07001,42.19649,-17.69562,-28.50142
12420.,11.04485,12.58161,11.56011,13.06788,42.19494,-17.69729,-28.50363
12430.,11.04273,12.57953,11.558,13.06576,42.19339,-17.69896,-28.50583
12440.,11.04061,12.57747,11.55589,13.06364,42.19185,-17.70063,-28.50804
12450.,11.0385,12.5754,11.55379,13.06152,42.19032,-17.70229,-28.51024
12460.,11.03638,12.57333,11.55169,13.0594,42.1888,-17.70395,-28.51245
12470.,11.03427,12.57127,11.54959,13.05729,42.18728,-17.70561,-28.51465
12480.,11.03216,12.56921,11.5475,13.05518,42.18577,-17.70727,-28.51685
12490.,11.03006,12.56715,11.54541,13.05307,42.18426,-17.70893,-28.51905
12500.,11.02795,12.5651,11.54332,13.05096,42.18277,-17.71058,-28.52124
12510.,11.02585,12.56304,11.54123,13.04886,42.18128,-17.71223,-28.52344
12520.,11.02375,12.56099,11.53915,13.04675,42.17979,-17.71388,-28.52563
12530.,11.02166,12.55895,11.53708,13.04465,42.17832,-17.71553,-28.52782
12540.,11.01956,12.5569,11.535,13.04256,42.17685,-17.71718,-28.53001
12550.,11.01747,12.55486,11.53293,13.04046,42.17538,-17.71882,-28.5322
12560.,11.01539,12.55282,11.53087,13.03837,42.17393,-17.72046,-28.53439
12570.,11.0133,12.55078,11.52881,13.03628,42.17248,-17.7221,-28.53657
12580.,11.01122,12.54875,11.52675,13.03419,42.17103,-17.72374,-28.53875
12590.,11.00914,12.54671,11.52469,13.03211,42.16959,-17.72537,-28.54094
12600.,11.00706,12.54468,11.52264,13.03002,42.16816,-17.72701,-28.54312
12610.,11.00498,12.54265,11.52059,13.02794,42.16674,-17.72864,-28.54529
12620.,11.00291,12.54063,11.51854,13.02587,42.16532,-17.73027,-28.54747
12630.,11.00084,12.53861,11.5165,13.02379,42.1639,-17.73189,-28.54964
12640.,10.99877,12.53659,11.51446,13.02172,42.16249,-17.73352,-28.55182
12650.,10.99671,12.53457,11.51243,13.01965,42.16109,-17.73514,-28.55399
12660.,10.99465,12.53255,11.5104,13.01758,42.1597,-17.73676,-28.55616
12670.,10.99259,12.53054,11.50837,13.01552,42.15831,-17.73838,-28.55833
12680.,10.99053,12.52853,11.50634,13.01345,42.15692,-17.74,-28.56049
12690.,10.98848,12.52653,11.50432,13.01139,42.15554,-17.74161,-28.56266
12700.,10.98643,12.52452,11.50231,13.00934,42.15417,-17.74322,-28.56482
12710.,10.98438,12.52252,11.50029,13.00728,42.1528,-17.74483,-28.56698
12720.,10.98233,12.52052,11.49828,13.00523,42.15144,-17.74644,-28.56914
12730.,10.98029,12.51852,11.49627,13.00318,42.15009,-17.74804,-28.5713
12740.,10.97825,12.51653,11.49427,13.00113,42.14874,-17.74965,-28.57345
12750.,10.97621,12.51454,11.49227,12.99909,42.14739,-17.75125,-28.57561
12760.,10.97418,12.51255,11.49027,12.99705,42.14605,-17.75285,-28.57776
12770.,10.97215,12.51056,11.48828,12.99501,42.14472,-17.75444,-28.57991
12780.,10.97012,12.50858,11.48629,12.99297,42.14339,-17.75604,-28.58198
12790.,10.96809,12.5066,11.4843,12.99094,42.14206,-17.75763,-28.58371
12800.,10.96607,12.50462,11.48231,12.98891,42.14073,-17.75922,-28.58543
12810.,10.96404,12.50265,11.48033,12.98688,42.13939,-17.76081,-28.58716
12820.,10.96203,12.50067,11.47835,12.98486,42.13806,-17.76239,-28.58888
12830.,10.96001,12.4987,11.47636,12.98283,42.13673,-17.76397,-28.5906
12840.,10.958,12.49674,11.47438,12.98081,42.1354,-17.76556,-28.59231
12850.,10.95599,12.49477,11.47241,12.9788,42.13407,-17.76713,-28.59403
12860.,10.95398,12.49281,11.47043,12.97678,42.13274,-17.76871,-28.59574
12870.,10.95197,12.49085,11.46846,12.97477,42.13141,-17.77029,-28.59745
12880.,10.94997,12.48889,11.46648,12.97276,42.13007,-17.77186,-28.59916
12890.,10.94797,12.48694,11.46451,12.97075,42.12874,-17.77343,-28.60087
12900.,10.94598,12.48499,11.46254,12.96875,42.12741,-17.775,-28.60258
12910.,10.94398,12.48304,11.46058,12.96675,42.12608,-17.77656,-28.60428
12920.,10.94199,12.48109,11.45861,12.96475,42.12474,-17.77813,-28.60599
12930.,10.94,12.47915,11.45665,12.96275,42.12341,-17.77969,-28.60769
12940.,10.93801,12.47721,11.45468,12.96076,42.12208,-17.78125,-28.60939
12950.,10.93603,12.47527,11.45272,12.95877,42.12075,-17.78281,-28.61108
12960.,10.93405,12.47333,11.45076,12.95678,42.11942,-17.78436,-28.61278
12970.,10.93207,12.4714,11.44881,12.95479,42.11808,-17.78592,-28.61447
12980.,10.93009,12.46946,11.44685,12.95281,42.11675,-17.78747,-28.61617
12990.,10.92812,12.46753,11.4449,12.95083,42.11542,-17.78902,-28.61786
13000.,10.92615,12.46561,11.44295,12.94885,42.11409,-17.79056,-28.61955
13010.,10.92418,12.46368,11.441,12.94687,42.11276,-17.79211,-28.62123
13020.,10.92221,12.46176,11.43905,12.9449,42.11143,-17.79365,-28.62292
13030.,10.92025,12.45984,11.4371,12.94293,42.11009,-17.7952,-28.6246
13040.,10.91829,12.45793,11.43516,12.94096,42.10876,-17.79673,-28.62628
13050.,10.91633,12.45601,11.43322,12.939,42.10743,-17.79827,-28.62796
13060.,10.91437,12.4541,11.43128,12.93703,42.1061,-17.79981,-28.62964
13070.,10.91242,12.45219,11.42934,12.93507,42.10477,-17.80134,-28.63132
13080.,10.91047,12.45028,11.4274,12.93311,42.10344,-17.80287,-28.63299
13090.,10.90852,12.44838,11.42546,12.93116,42.10211,-17.8044,-28.63467
13100.,10.90657,12.44648,11.42353,12.9292,42.10078,-17.80593,-28.63634
13110.,10.90463,12.44458,11.4216,12.92725,42.09945,-17.80746,-28.63801
13120.,10.90269,12.44268,11.41967,12.9253,42.09812,-17.80898,-28.63968
13130.,10.90075,12.44078,11.41774,12.92336,42.0968,-17.8105,-28.64134
13140.,10.89881,12.43889,11.41581,12.92141,42.09547,-17.81202,-28.64301
13150.,10.89688,12.437,11.41389,12.91947,42.09414,-17.81354,-28.64467
13160.,10.89495,12.43511,11.41196,12.91753,42.09281,-17.81506,-28.64633
13170.,10.89302,12.43323,11.41004,12.9156,42.09148,-17.81657,-28.648
13180.,10.89109,12.43134,11.40812,12.91366,42.09016,-17.81808,-28.64965
13190.,10.88917,12.42946,11.4062,12.91173,42.08883,-17.81959,-28.65131
13200.,10.88724,12.42758,11.40429,12.9098,42.08751,-17.8211,-28.65297
13210.,10.88532,12.42571,11.40237,12.90788,42.08618,-17.82261,-28.65462
13220.,10.88341,12.42383,11.40046,12.90595,42.08486,-17.82411,-28.65627
13230.,10.88149,12.42196,11.39855,12.90403,42.08353,-17.82562,-28.65792
13240.,10.87958,12.42009,11.39664,12.90211,42.08221,-17.82712,-28.65957
13250.,10.87767,12.41822,11.39473,12.90019,42.08088,-17.82862,-28.66122
13260.,10.87576,12.41636,11.39283,12.89828,42.07956,-17.83011,-28.66195
13270.,10.87386,12.4145,11.39092,12.89636,42.07824,-17.83161,-28.66255
13280.,10.87195,12.41263,11.38902,12.89445,42.07692,-17.8331,-28.66315
13290.,10.87005,12.41077,11.38713,12.89255,42.07559,-17.8346,-28.66375
13300.,10.86815,12.40892,11.38523,12.89064,42.07427,-17.83609,-28.66435
13310.,10.86626,12.40706,11.38334,12.88874,42.07295,-17.83757,-28.66494
13320.,10.86436,12.4052,11.38145,12.88684,42.07163,-17.83906,-28.66553
13330.,10.86247,12.40335,11.37957,12.88494,42.07031,-17.84055,-28.66612
13340.,10.86058,12.4015,11.37768,12.88305,42.06899,-17.84203,-28.66671
13350.,10.8587,12.39965,11.3758,12.88115,42.06767,-17.84351,-28.6673
13360.,10.85681,12.3978,11.37393,12.87926,42.06635,-17.84499,-28.66788
13370.,10.85493,12.39596,11.37205,12.87738,42.06503,-17.84647,-28.66846
13380.,10.85305,12.39411,11.37018,12.87549,42.06372,-17.84794,-28.66905
13390.,10.85117,12.39227,11.36831,12.87361,42.0624,-17.84942,-28.66963
13400.,10.84929,12.39043,11.36644,12.87173,42.06108,-17.85089,-28.6702
13410.,10.84742,12.38859,11.36457,12.86985,42.05977,-17.85236,-28.67078
13420.,10.84555,12.38675,11.36271,12.86797,42.05845,-17.85383,-28.67136
13430.,10.84368,12.38492,11.36085,12.8661,42.05714,-17.85529,-28.67193
13440.,10.84181,12.38309,11.359,12.86423,42.05582,-17.85676,-28.6725
13450.,10.83995,12.38125,11.35714,12.86236,42.05451,-17.85822,-28.67307
13460.,10.83809,12.37942,11.35529,12.8605,42.0532,-17.85968,-28.67364
13470.,10.83623,12.3776,11.35344,12.85863,42.05188,-17.86114,-28.6742
13480.,10.83437,12.37577,11.35159,12.85677,42.05057,-17.8626,-28.67477
13490.,10.83252,12.37394,11.34975,12.85491,42.04926,-17.86406,-28.67533
13500.,10.83066,12.37212,11.34791,12.85306,42.04795,-17.86551,-28.67589
13510.,10.82881,12.3703,11.34607,12.8512,42.04664,-17.86697,-28.67645
13520.,10.82696,12.36848,11.34423,12.84935,42.04533,-17.86842,-28.67701
13530.,10.82512,12.36666,11.34239,12.8475,42.04402,-17.86987,-28.67757
13540.,10.82327,12.36485,11.34056,12.84566,42.04272,-17.87131,-28.67812
13550.,10.82143,12.36303,11.33873,12.84381,42.04141,-17.87276,-28.67868
13560.,10.81959,12.36122,11.33691,12.84197,42.0401,-17.8742,-28.67923
13570.,10.81775,12.35941,11.33508,12.84013,42.0388,-17.87565,-28.67978
13580.,10.81592,12.3576,11.33326,12.83829,42.03749,-17.87709,-28.68033
13590.,10.81408,12.35579,11.33144,12.83646,42.03619,-17.87853,-28.68087
13600.,10.81225,12.35399,11.32962,12.83463,42.03489,-17.87997,-28.68142
13610.,10.81042,12.35219,11.32781,12.8328,42.03358,-17.8814,-28.68196
13620.,10.80859,12.35038,11.32599,12.83097,42.03228,-17.88284,-28.6825
13630.,10.80677,12.34858,11.32418,12.82914,42.03098,-17.88427,-28.68304
13640.,10.80495,12.34678,11.32238,12.82732,42.02968,-17.8857,-28.68358
13650.,10.80313,12.34499,11.32057,12.8255,42.02838,-17.88713,-28.68412
13660.,10.80131,12.34319,11.31877,12.82368,42.02708,-17.88855,-28.68465
13670.,10.79949,12.3414,11.31697,12.82186,42.02579,-17.88998,-28.68519
13680.,10.79768,12.33961,11.31517,12.82005,42.02449,-17.8914,-28.68572
13690.,10.79587,12.33782,11.31338,12.81823,42.02319,-17.89283,-28.68625
13700.,10.79406,12.33603,11.31158,12.81642,42.0219,-17.89425,-28.68678
13710.,10.79225,12.33425,11.30979,12.81462,42.0206,-17.89567,-28.68731
13720.,10.79044,12.33246,11.308,12.81281,42.01931,-17.89708,-28.68783
13730.,10.78864,12.33068,11.30622,12.81101,42.01802,-17.8985,-28.68848
13740.,10.78684,12.3289,11.30443,12.80921,42.01673,-17.89991,-28.68922
13750.,10.78504,12.32712,11.30265,12.80741,42.01544,-17.90133,-28.68996
13760.,10.78324,12.32535,11.30087,12.80561,42.01415,-17.90274,-28.6907
13770.,10.78145,12.32358,11.29909,12.80382,42.01286,-17.90415,-28.69143
13780.,10.77965,12.32181,11.29731,12.80202,42.01157,-17.90555,-28.69217
13790.,10.77786,12.32004,11.29554,12.80023,42.01029,-17.90696,-28.6929
13800.,10.77607,12.31828,11.29376,12.79845,42.00901,-17.90836,-28.69363
13810.,10.77429,12.31652,11.29199,12.79666,42.00772,-17.90977,-28.69436
13820.,10.7725,12.31476,11.29022,12.79488,42.00644,-17.91117,-28.69509
13830.,10.77072,12.313,11.28845,12.79309,42.00517,-17.91257,-28.69581
13840.,10.76894,12.31125,11.28668,12.79132,42.00389,-17.91397,-28.69654
13850.,10.76716,12.3095,11.28492,12.78954,42.00261,-17.91536,-28.69726
13860.,10.76539,12.30775,11.28316,12.78776,42.00134,-17.91676,-28.69798
13870.,10.76361,12.306,11.2814,12.78599,42.00006,-17.91815,-28.6987
13880.,10.76184,12.30426,11.27964,12.78422,41.99879,-17.91954,-28.69942
13890.,10.76007,12.30252,11.27788,12.78245,41.99752,-17.92093,-28.70014
13900.,10.7583,12.30078,11.27612,12.78068,41.99625,-17.92232,-28.70086
13910.,10.75654,12.29904,11.27437,12.77892,41.99498,-17.9237,-28.70157
13920.,10.75477,12.29731,11.27262,12.77716,41.99371,-17.92509,-28.70228
13930.,10.75301,12.29558,11.27087,12.7754,41.99245,-17.92647,-28.703
13940.,10.75125,12.29385,11.26912,12.77364,41.99118,-17.92785,-28.70371
13950.,10.7495,12.29212,11.26737,12.77188,41.98992,-17.92923,-28.70441
13960.,10.74774,12.2904,11.26563,12.77013,41.98866,-17.93061,-28.70512
13970.,10.74599,12.28868,11.26389,12.76838,41.9874,-17.93199,-28.70583
13980.,10.74424,12.28696,11.26215,12.76663,41.98614,-17.93336,-28.70653
13990.,10.74249,12.28524,11.26041,12.76488,41.98488,-17.93474,-28.70723
14000.,10.74074,12.28353,11.25867,12.76314,41.98363,-17.93611,-28.70793
14010.,10.73899,12.28182,11.25693,12.76139,41.98237,-17.93748,-28.70863
14020.,10.73725,12.28011,11.2552,12.75965,41.98112,-17.93885,-28.70933
14030.,10.73551,12.2784,11.25347,12.75791,41.97987,-17.94021,-28.71003
14040.,10.73377,12.27669,11.25174,12.75618,41.97862,-17.94158,-28.71072
14050.,10.73203,12.27499,11.25001,12.75444,41.97737,-17.94294,-28.71142
14060.,10.7303,12.27329,11.24828,12.75271,41.97612,-17.94431,-28.71211
14070.,10.72857,12.27159,11.24656,12.75098,41.97487,-17.94567,-28.7128
14080.,10.72683,12.2699,11.24484,12.74925,41.97363,-17.94703,-28.71349
14090.,10.72511,12.26821,11.24312,12.74753,41.97238,-17.94838,-28.71418
14100.,10.72338,12.26652,11.2414,12.7458,41.97114,-17.94974,-28.71487
14110.,10.72165,12.26483,11.23968,12.74408,41.9699,-17.95109,-28.71555
14120.,10.71993,12.26314,11.23796,12.74236,41.96866,-17.95245,-28.71624
14130.,10.71821,12.26146,11.23625,12.74064,41.96742,-17.9538,-28.71692
14140.,10.71649,12.25978,11.23454,12.73892,41.96618,-17.95515,-28.7176
14150.,10.71478,12.2581,11.23283,12.73721,41.96495,-17.9565,-28.71828
14160.,10.71306,12.25642,11.23112,12.7355,41.96371,-17.95784,-28.71896
14170.,10.71135,12.25475,11.22942,12.73379,41.96248,-17.95919,-28.71963
14180.,10.70964,12.25308,11.22771,12.73208,41.96125,-17.96053,-28.72031
14190.,10.70793,12.25141,11.22601,12.73038,41.96002,-17.96187,-28.72098
14200.,10.70622,12.24974,11.22431,12.72867,41.95879,-17.96321,-28.7219
14210.,10.70452,12.24807,11.22261,12.72697,41.95756,-17.96455,-28.72352
14220.,10.70282,12.24641,11.22091,12.72527,41.95634,-17.96589,-28.72514
14230.,10.70111,12.24475,11.21922,12.72357,41.95511,-17.96722,-28.72677
14240.,10.69942,12.24309,11.21753,12.72188,41.95389,-17.96856,-28.72839
14250.,10.69772,12.24142,11.21584,12.72018,41.95267,-17.96989,-28.73001
14260.,10.69602,12.23977,11.21416,12.71849,41.95146,-17.97122,-28.73162
14270.,10.69433,12.23811,11.21247,12.7168,41.95024,-17.97255,-28.73324
14280.,10.69264,12.23645,11.21079,12.71511,41.94903,-17.97388,-28.73486
14290.,10.69095,12.2348,11.20911,12.71342,41.94781,-17.9752,-28.73647
14300.,10.68927,12.23314,11.20744,12.71174,41.9466,-17.97653,-28.73808
14310.,10.68758,12.23149,11.20576,12.71006,41.9454,-17.97785,-28.73969
14320.,10.6859,12.22984,11.20409,12.70837,41.94419,-17.97917,-28.7413
14330.,10.68422,12.22819,11.20242,12.7067,41.94298,-17.98049,-28.74291
14340.,10.68254,12.22655,11.20076,12.70502,41.94178,-17.98181,-28.74452
14350.,10.68086,12.2249,11.19909,12.70334,41.94058,-17.98313,-28.74613
14360.,10.67919,12.22325,11.19743,12.70167,41.93938,-17.98444,-28.74773
14370.,10.67752,12.22161,11.19577,12.7,41.93818,-17.98575,-28.74934
14380.,10.67584,12.21997,11.19411,12.69833,41.93699,-17.98707,-28.75094
14390.,10.67418,12.21833,11.19246,12.69666,41.93579,-17.98838,-28.75254
14400.,10.67251,12.21669,11.19081,12.69499,41.9346,-17.98969,-28.75414
14410.,10.67084,12.21505,11.18916,12.69333,41.93341,-17.99099,-28.75574
14420.,10.66918,12.21342,11.18751,12.69166,41.93222,-17.9923,-28.75734
14430.,10.66752,12.21178,11.18586,12.69,41.93104,-17.9936,-28.75893
14440.,10.66586,12.21015,11.18422,12.68834,41.92985,-17.99491,-28.76053
14450.,10.6642,12.20852,11.18258,12.68669,41.92867,-17.99621,-28.76212
14460.,10.66255,12.20689,11.18094,12.68503,41.92748,-17.99751,-28.76371
14470.,10.6609,12.20526,11.1793,12.68338,41.9263,-17.9988,-28.7653
14480.,10.65924,12.20363,11.17767,12.68173,41.92513,-18.0001,-28.76689
14490.,10.6576,12.20201,11.17604,12.68008,41.92395,-18.0014,-28.76848
14500.,10.65595,12.20039,11.17441,12.67843,41.92277,-18.00269,-28.77007
14510.,10.6543,12.19876,11.17278,12.67678,41.9216,-18.00398,-28.77166
14520.,10.65266,12.19714,11.17116,12.67514,41.92043,-18.00527,-28.77324
14530.,10.65102,12.19552,11.16953,12.6735,41.91926,-18.00656,-28.77483
14540.,10.64938,12.1939,11.16791,12.67186,41.91809,-18.00785,-28.77641
14550.,10.64774,12.19229,11.1663,12.67022,41.91693,-18.00913,-28.77799
14560.,10.64611,12.19067,11.16468,12.66858,41.91576,-18.01042,-28.77957
14570.,10.64447,12.18906,11.16307,12.66694,41.9146,-18.0117,-28.78115
14580.,10.64284,12.18745,11.16146,12.66531,41.91344,-18.01298,-28.78273
14590.,10.64121,12.18584,11.15985,12.66368,41.91228,-18.01426,-28.7843
14600.,10.63958,12.18423,11.15824,12.66205,41.91112,-18.01554,-28.78588
14610.,10.63796,12.18262,11.15663,12.66042,41.90996,-18.01682,-28.78745
14620.,10.63633,12.18102,11.15503,12.6588,41.90881,-18.01809,-28.78902
14630.,10.63471,12.17941,11.15343,12.65717,41.90765,-18.01937,-28.7906
14640.,10.63309,12.17781,11.15183,12.65555,41.9065,-18.02064,-28.79217
14650.,10.63147,12.17621,11.15024,12.65393,41.90535,-18.02191,-28.79373
14660.,10.62986,12.17461,11.14864,12.65231,41.9042,-18.02318,-28.7953
14670.,10.62824,12.17301,11.14705,12.65069,41.90306,-18.02445,-28.79687
14680.,10.62663,12.17141,11.14546,12.64908,41.90191,-18.02571,-28.79719
14690.,10.62502,12.16982,11.14387,12.64747,41.90077,-18.02698,-28.79744
14700.,10.62341,12.16823,11.14229,12.64586,41.89963,-18.02824,-28.79769
14710.,10.6218,12.16664,11.1407,12.64425,41.89849,-18.0295,-28.79793
14720.,10.6202,12.16505,11.13912,12.64264,41.89735,-18.03076,-28.79818
14730.,10.6186,12.16346,11.13753,12.64104,41.89622,-18.03202,-28.79842
14740.,10.61699,12.16187,11.13595,12.63943,41.89508,-18.03328,-28.79867
14750.,10.6154,12.16029,11.13437,12.63783,41.89395,-18.03453,-28.79891
14760.,10.6138,12.15871,11.13279,12.63624,41.89282,-18.03579,-28.79915
14770.,10.6122,12.15713,11.13122,12.63464,41.8917,-18.03704,-28.79939
14780.,10.61061,12.15555,11.12964,12.63305,41.89057,-18.03829,-28.79962
14790.,10.60902,12.15397,11.12807,12.63145,41.88945,-18.03954,-28.79986
14800.,10.60743,12.1524,11.12649,12.62986,41.88833,-18.04079,-28.80009
14810.,10.60584,12.15082,11.12492,12.62828,41.88721,-18.04204,-28.80033
14820.,10.60426,12.14925,11.12335,12.62669,41.88609,-18.04328,-28.80056
14830.,10.60267,12.14768,11.12178,12.62511,41.88497,-18.04453,-28.80079
14840.,10.60109,12.14611,11.12022,12.62353,41.88386,-18.04577,-28.80102
14850.,10.59951,12.14455,11.11865,12.62195,41.88275,-18.04701,-28.80124
14860.,10.59793,12.14298,11.11709,12.62037,41.88164,-18.04825,-28.80147
14870.,10.59635,12.14142,11.11553,12.61879,41.88053,-18.04949,-28.80169
14880.,10.59478,12.13986,11.11396,12.61722,41.87942,-18.05072,-28.80192
14890.,10.59321,12.1383,11.1124,12.61565,41.87832,-18.05196,-28.80214
14900.,10.59164,12.13674,11.11085,12.61408,41.87722,-18.05319,-28.80236
14910.,10.59007,12.13519,11.10929,12.61251,41.87612,-18.05442,-28.80258
14920.,10.5885,12.13363,11.10773,12.61094,41.87502,-18.05565,-28.80279
14930.,10.58694,12.13208,11.10618,12.60938,41.87392,-18.05688,-28.80301
14940.,10.58537,12.13053,11.10463,12.60782,41.87282,-18.05811,-28.80322
14950.,10.58381,12.12898,11.10308,12.60626,41.87173,-18.05933,-28.80344
14960.,10.58225,12.12743,11.10153,12.6047,41.87064,-18.06056,-28.80365
14970.,10.58069,12.12589,11.09998,12.60315,41.86955,-18.06178,-28.80386
14980.,10.57914,12.12434,11.09843,12.60159,41.86846,-18.063,-28.80407
14990.,10.57758,12.1228,11.09689,12.60004,41.86737,-18.06422,-28.80427
15000.,10.57603,12.12126,11.09535,12.59849,41.86629,-18.06544,-28.80448
15010.,10.57448,12.11972,11.0938,12.59695,41.8652,-18.06666,-28.80469
15020.,10.57293,12.11819,11.09226,12.5954,41.86412,-18.06788,-28.80489
15030.,10.57139,12.11665,11.09072,12.59386,41.86304,-18.06909,-28.80509
15040.,10.56984,12.11512,11.08919,12.59232,41.86196,-18.0703,-28.80529
15050.,10.5683,12.11359,11.08765,12.59078,41.86088,-18.07151,-28.80549
15060.,10.56676,12.11206,11.08612,12.58924,41.85981,-18.07272,-28.80569
15070.,10.56522,12.11053,11.08458,12.5877,41.85874,-18.07393,-28.80589
15080.,10.56368,12.109,11.08305,12.58617,41.85767,-18.07514,-28.80608
15090.,10.56215,12.10748,11.08152,12.58464,41.8566,-18.07634,-28.80627
15100.,10.56061,12.10596,11.07999,12.58311,41.85553,-18.07755,-28.80647
15110.,10.55908,12.10444,11.07847,12.58158,41.85446,-18.07875,-28.80666
15120.,10.55755,12.10292,11.07694,12.58005,41.8534,-18.07995,-28.80685
15130.,10.55602,12.1014,11.07542,12.57853,41.85233,-18.08115,-28.80704
15140.,10.5545,12.09988,11.0739,12.57701,41.85127,-18.08235,-28.80722
15150.,10.55297,12.09837,11.07238,12.57549,41.85021,-18.08355,-28.80813
15160.,10.55145,12.09686,11.07086,12.57397,41.84915,-18.08474,-28.80944
15170.,10.54993,12.09535,11.06934,12.57245,41.84808,-18.08594,-28.81075
15180.,10.54841,12.09384,11.06783,12.57094,41.84702,-18.08713,-28.81205
15190.,10.5469,12.09233,11.06632,12.56943,41.84595,-18.08832,-28.81336
15200.,10.54538,12.09082,11.06481,12.56791,41.84489,-18.08951,-28.81466
15210.,10.54387,12.08932,11.0633,12.5664,41.84382,-18.0907,-28.81597
15220.,10.54235,12.08781,11.0618,12.5649,41.84275,-18.09188,-28.81727
15230.,10.54085,12.08631,11.06029,12.56339,41.84168,-18.09307,-28.81857
15240.,10.53934,12.08481,11.05879,12.56188,41.84061,-18.09425,-28.81987
15250.,10.53783,12.08331,11.05729,12.56038,41.83954,-18.09544,-28.82117
15260.,10.53633,12.08182,11.0558,12.55888,41.83847,-18.09662,-28.82247
15270.,10.53482,12.08032,11.0543,12.55738,41.8374,-18.0978,-28.82377
15280.,10.53332,12.07883,11.05281,12.55588,41.83633,-18.09898,-28.82506
15290.,10.53182,12.07733,11.05132,12.55439,41.83525,-18.10015,-28.82636
15300.,10.53032,12.07584,11.04983,12.55289,41.83418,-18.10133,-28.82765
15310.,10.52883,12.07435,11.04834,12.5514,41.83311,-18.1025,-28.82895
15320.,10.52733,12.07286,11.04686,12.54991,41.83203,-18.10368,-28.83024
15330.,10.52584,12.07138,11.04538,12.54841,41.83096,-18.10485,-28.83153
15340.,10.52435,12.06989,11.0439,12.54693,41.82988,-18.10602,-28.83282
15350.,10.52286,12.06841,11.04242,12.54544,41.8288,-18.10719,-28.83411
15360.,10.52137,12.06693,11.04094,12.54395,41.82773,-18.10836,-28.83539
15370.,10.51989,12.06544,11.03947,12.54247,41.82665,-18.10952,-28.83668
15380.,10.5184,12.06397,11.038,12.54099,41.82557,-18.11069,-28.83796
15390.,10.51692,12.06249,11.03653,12.53951,41.82449,-18.11185,-28.83925
15400.,10.51544,12.06101,11.03506,12.53803,41.82341,-18.11302,-28.84053
15410.,10.51396,12.05954,11.03359,12.53655,41.82233,-18.11418,-28.84181
15420.,10.51249,12.05806,11.03213,12.53507,41.82125,-18.11534,-28.84309
15430.,10.51101,12.05659,11.03066,12.5336,41.82017,-18.1165,-28.84437
15440.,10.50954,12.05512,11.0292,12.53213,41.81909,-18.11765,-28.84565
15450.,10.50806,12.05365,11.02775,12.53066,41.81801,-18.11881,-28.84693
15460.,10.50659,12.05218,11.02629,12.52919,41.81693,-18.11996,-28.84821
15470.,10.50512,12.05072,11.02483,12.52772,41.81585,-18.12112,-28.84948
15480.,10.50365,12.04925,11.02338,12.52625,41.81477,-18.12227,-28.85076
15490.,10.50219,12.04779,11.02193,12.52479,41.81369,-18.12342,-28.85203
15500.,10.50072,12.04633,11.02048,12.52332,41.8126,-18.12457,-28.8533
15510.,10.49926,12.04487,11.01903,12.52186,41.81152,-18.12572,-28.85457
15520.,10.4978,12.04341,11.01759,12.5204,41.81044,-18.12687,-28.85584
15530.,10.49634,12.04195,11.01614,12.51894,41.80936,-18.12801,-28.85711
15540.,10.49488,12.04049,11.0147,12.51748,41.80827,-18.12916,-28.85838
15550.,10.49343,12.03904,11.01326,12.51603,41.80719,-18.1303,-28.85965
15560.,10.49197,12.03758,11.01182,12.51457,41.80611,-18.13145,-28.86092
15570.,10.49052,12.03613,11.01039,12.51312,41.80502,-18.13259,-28.86218
15580.,10.48907,12.03468,11.00895,12.51167,41.80394,-18.13373,-28.86345
15590.,10.48762,12.03323,11.00752,12.51022,41.80286,-18.13487,-28.86471
15600.,10.48617,12.03178,11.00609,12.50877,41.80177,-18.13601,-28.86597
15610.,10.48472,12.03034,11.00466,12.50732,41.80069,-18.13714,-28.86723
15620.,10.48328,12.02889,11.00323,12.50588,41.7996,-18.13828,-28.86869
15630.,10.48183,12.02745,11.0018,12.50443,41.79853,-18.13941,-28.87054
15640.,10.48039,12.02601,11.00038,12.50299,41.79745,-18.14054,-28.87239
15650.,10.47895,12.02457,10.99895,12.50155,41.79638,-18.14168,-28.87425
15660.,10.47751,12.02314,10.99753,12.50011,41.79531,-18.14281,-28.8761
15670.,10.47607,12.02171,10.99611,12.49867,41.79425,-18.14394,-28.87795
15680.,10.47464,12.02027,10.99468,12.49723,41.79319,-18.14506,-28.8798
15690.,10.4732,12.01885,10.99326,12.4958,41.79214,-18.14619,-28.88164
15700.,10.47177,12.01742,10.99184,12.49436,41.79109,-18.14732,-28.88349
15710.,10.47034,12.016,10.99042,12.49293,41.79004,-18.14844,-28.88534
15720.,10.46891,12.01458,10.98901,12.4915,41.789,-18.14956,-28.88718
15730.,10.46748,12.01316,10.98759,12.49007,41.78796,-18.15069,-28.88903
15740.,10.46605,12.01174,10.98617,12.48864,41.78692,-18.15181,-28.89087
15750.,10.46463,12.01033,10.98476,12.48721,41.78589,-18.15293,-28.89271
15760.,10.4632,12.00892,10.98334,12.48579,41.78486,-18.15405,-28.89455
15770.,10.46178,12.00751,10.98193,12.48436,41.78383,-18.15516,-28.89639
15780.,10.46036,12.0061,10.98052,12.48294,41.78281,-18.15628,-28.89823
15790.,10.45894,12.0047,10.97911,12.48152,41.78179,-18.15739,-28.90007
15800.,10.45753,12.00329,10.9777,12.4801,41.78078,-18.15851,-28.90191
15810.,10.45611,12.00189,10.97629,12.47868,41.77977,-18.15962,-28.90374
15820.,10.4547,12.0005,10.97488,12.47726,41.77876,-18.16073,-28.90558
15830.,10.45329,11.9991,10.97348,12.47584,41.77776,-18.16184,-28.90741
15840.,10.45188,11.99771,10.97207,12.47443,41.77676,-18.16294,-28.90925
15850.,10.45047,11.99632,10.97067,12.47302,41.77576,-18.16405,-28.91108
15860.,10.44906,11.99493,10.96927,12.47161,41.77477,-18.16516,-28.91291
15870.,10.44766,11.99354,10.96787,12.4702,41.77378,-18.16626,-28.91474
15880.,10.44625,11.99216,10.96646,12.46879,41.77279,-18.16736,-28.91657
15890.,10.44485,11.99078,10.96507,12.46738,41.7718,-18.16846,-28.9184
15900.,10.44345,11.9894,10.96367,12.46598,41.77082,-18.16956,-28.92023
15910.,10.44205,11.98802,10.96227,12.46457,41.76985,-18.17066,-28.92205
15920.,10.44066,11.98665,10.96088,12.46317,41.76887,-18.17176,-28.92388
15930.,10.43926,11.98527,10.95948,12.46177,41.7679,-18.17286,-28.9257
15940.,10.43787,11.9839,10.95809,12.46037,41.76693,-18.17395,-28.92753
15950.,10.43647,11.98253,10.9567,12.45898,41.76597,-18.17504,-28.92935
15960.,10.43508,11.98117,10.9553,12.45758,41.765,-18.17614,-28.93117
15970.,10.4337,11.97981,10.95392,12.45618,41.76404,-18.17723,-28.93299
15980.,10.43231,11.97844,10.95253,12.45479,41.76309,-18.17832,-28.93481
15990.,10.43092,11.97709,10.95114,12.4534,41.76214,-18.1794,-28.93663
16000.,10.42954,11.97573,10.94975,12.45201,41.76119,-18.18049,-28.93844
16010.,10.42816,11.97437,10.94837,12.45062,41.76024,-18.18158,-28.94026
16020.,10.42678,11.97302,10.94699,12.44924,41.75929,-18.18266,-28.94207
16030.,10.4254,11.97167,10.9456,12.44785,41.75835,-18.18374,-28.94389
16040.,10.42402,11.97032,10.94422,12.44647,41.75741,-18.18482,-28.9457
16050.,10.42265,11.96898,10.94285,12.44509,41.75648,-18.1859,-28.94751
16060.,10.42128,11.96764,10.94147,12.44371,41.75555,-18.18698,-28.94932
16070.,10.4199,11.96629,10.94009,12.44233,41.75462,-18.18806,-28.95113
16080.,10.41853,11.96496,10.93872,12.44095,41.75369,-18.18914,-28.95294
16090.,10.41717,11.96362,10.93734,12.43958,41.75277,-18.19021,-28.95473
16100.,10.4158,11.96228,10.93597,12.4382,41.75184,-18.19128,-28.95593
16110.,10.41443,11.96095,10.9346,12.43683,41.75092,-18.19236,-28.95712
16120.,10.41307,11.95962,10.93323,12.43546,41.74999,-18.19343,-28.9583
16130.,10.41171,11.95828,10.93187,12.43409,41.74906,-18.19449,-28.95949
16140.,10.41035,11.95695,10.9305,12.43273,41.74814,-18.19556,-28.96068
16150.,10.40899,11.95562,10.92914,12.43136,41.74721,-18.19663,-28.96186
16160.,10.40764,11.95429,10.92778,12.43,41.74629,-18.19769,-28.96305
16170.,10.40628,11.95297,10.92643,12.42863,41.74536,-18.19876,-28.96423
16180.,10.40493,11.95164,10.92507,12.42727,41.74443,-18.19982,-28.96541
16190.,10.40358,11.95031,10.92372,12.42592,41.74351,-18.20088,-28.96659
16200.,10.40223,11.94899,10.92237,12.42456,41.74258,-18.20194,-28.96777
16210.,10.40088,11.94767,10.92102,12.4232,41.74165,-18.203,-28.96895
16220.,10.39953,11.94634,10.91967,12.42185,41.74073,-18.20406,-28.97013
16230.,10.39819,11.94502,10.91833,12.4205,41.7398,-18.20511,-28.97131
16240.,10.39684,11.9437,10.91699,12.41915,41.73887,-18.20617,-28.97248
16250.,10.3955,11.94239,10.91565,12.4178,41.73794,-18.20722,-28.97366
16260.,10.39416,11.94107,10.91431,12.41645,41.73702,-18.20827,-28.97483
16270.,10.39282,11.93975,10.91297,12.41511,41.73609,-18.20932,-28.976
16280.,10.39149,11.93844,10.91164,12.41376,41.73516,-18.21037,-28.97717
16290.,10.39015,11.93712,10.91031,12.41242,41.73423,-18.21142,-28.97834
16300.,10.38882,11.93581,10.90898,12.41108,41.73331,-18.21247,-28.97951
16310.,10.38749,11.9345,10.90765,12.40974,41.73238,-18.21351,-28.98068
16320.,10.38616,11.93319,10.90632,12.40841,41.73145,-18.21456,-28.98185
16330.,10.38483,11.93188,10.905,12.40707,41.73052,-18.2156,-28.98301
16340.,10.3835,11.93057,10.90368,12.40574,41.7296,-18.21664,-28.98417
16350.,10.38218,11.92927,10.90236,12.4044,41.72867,-18.21768,-28.98534
16360.,10.38085,11.92796,10.90104,12.40307,41.72774,-18.21872,-28.9865
16370.,10.37953,11.92665,10.89972,12.40174,41.72681,-18.21976,-28.98766
16380.,10.37821,11.92535,10.89841,12.40042,41.72589,-18.2208,-28.98882
16390.,10.37689,11.92405,10.89709,12.39909,41.72496,-18.22183,-28.98998
16400.,10.37557,11.92275,10.89578,12.39777,41.72403,-18.22287,-28.99114
16410.,10.37426,11.92145,10.89447,12.39644,41.7231,-18.2239,-28.99229
16420.,10.37294,11.92015,10.89317,12.39512,41.72218,-18.22493,-28.99345
16430.,10.37163,11.91885,10.89186,12.3938,41.72125,-18.22596,-28.9946
16440.,10.37032,11.91755,10.89056,12.39248,41.72032,-18.22699,-28.99576
16450.,10.36901,11.91626,10.88926,12.39117,41.7194,-18.22802,-28.99691
16460.,10.3677,11.91496,10.88796,12.38985,41.71847,-18.22905,-28.99806
16470.,10.36639,11.91367,10.88666,12.38854,41.71755,-18.23007,-28.99921
16480.,10.36509,11.91238,10.88537,12.38722,41.71662,-18.2311,-29.00036
16490.,10.36378,11.91109,10.88407,12.38591,41.71569,-18.23212,-29.00151
16500.,10.36248,11.9098,10.88278,12.3846,41.71477,-18.23315,-29.00266
16510.,10.36118,11.90851,10.88149,12.3833,41.71384,-18.23417,-29.0038
16520.,10.35988,11.90722,10.8802,12.38199,41.71292,-18.23519,-29.00495
16530.,10.35858,11.90594,10.87891,12.38069,41.71199,-18.23621,-29.00609
16540.,10.35729,11.90465,10.87763,12.37938,41.71107,-18.23722,-29.00724
16550.,10.35599,11.90337,10.87635,12.37808,41.71015,-18.23824,-29.00838
16560.,10.3547,11.90208,10.87507,12.37678,41.70922,-18.23925,-29.00952
16570.,10.35341,11.9008,10.87379,12.37548,41.7083,-18.24027,-29.01012
16580.,10.35211,11.89953,10.87251,12.37419,41.70738,-18.24128,-29.01052
16590.,10.35083,11.89825,10.87123,12.37289,41.70646,-18.24229,-29.01091
16600.,10.34954,11.89698,10.86995,12.3716,41.70554,-18.2433,-29.0113
16610.,10.34825,11.8957,10.86868,12.37031,41.70463,-18.24431,-29.01168
16620.,10.34697,11.89444,10.86741,12.36902,41.70371,-18.24532,-29.01207
16630.,10.34569,11.89317,10.86614,12.36773,41.7028,-18.24633,-29.01246
16640.,10.3444,11.89191,10.86487,12.36644,41.70189,-18.24734,-29.01284
16650.,10.34312,11.89064,10.8636,12.36515,41.70098,-18.24834,-29.01323
16660.,10.34185,11.88939,10.86233,12.36387,41.70007,-18.24934,-29.01361
16670.,10.34057,11.88813,10.86106,12.36259,41.69917,-18.25035,-29.01399
16680.,10.33929,11.88687,10.8598,12.36131,41.69826,-18.25135,-29.01437
16690.,10.33802,11.88562,10.85854,12.36003,41.69736,-18.25235,-29.01475
16700.,10.33675,11.88437,10.85727,12.35875,41.69646,-18.25335,-29.01513
16710.,10.33548,11.88313,10.85601,12.35748,41.69556,-18.25434,-29.0155
16720.,10.33421,11.88188,10.85476,12.3562,41.69466,-18.25534,-29.01588
16730.,10.33294,11.88064,10.8535,12.35493,41.69376,-18.25634,-29.01625
16740.,10.33167,11.8794,10.85224,12.35366,41.69287,-18.25733,-29.01663
16750.,10.33041,11.87816,10.85099,12.35239,41.69198,-18.25832,-29.017
16760.,10.32915,11.87692,10.84973,12.35112,41.69109,-18.25931,-29.01737
16770.,10.32788,11.87569,10.84848,12.34986,41.6902,-18.26031,-29.01774
16780.,10.32662,11.87446,10.84723,12.34859,41.68931,-18.26129,-29.01811
16790.,10.32536,11.87323,10.84598,12.34733,41.68842,-18.26228,-29.01848
16800.,10.32411,11.872,10.84474,12.34607,41.68754,-18.26327,-29.01884
16810.,10.32285,11.87078,10.84349,12.34481,41.68665,-18.26426,-29.01921
16820.,10.3216,11.86956,10.84225,12.34356,41.68577,-18.26524,-29.01957
16830.,10.32035,11.86834,10.841,12.3423,41.68489,-18.26622,-29.01994
16840.,10.31909,11.86712,10.83976,12.34105,41.68401,-18.2672,-29.0203
16850.,10.31784,11.8659,10.83852,12.33979,41.68313,-18.26819,-29.02066
16860.,10.3166,11.86469,10.83728,12.33854,41.68226,-18.26917,-29.02102
16870.,10.31535,11.86348,10.83604,12.33729,41.68138,-18.27014,-29.02138
16880.,10.3141,11.86227,10.83481,12.33605,41.68051,-18.27112,-29.02174
16890.,10.31286,11.86106,10.83357,12.3348,41.67964,-18.2721,-29.02209
16900.,10.31162,11.85986,10.83234,12.33356,41.67877,-18.27307,-29.02245
16910.,10.31038,11.85866,10.83111,12.33231,41.6779,-18.27405,-29.0228
16920.,10.30914,11.85746,10.82988,12.33107,41.67704,-18.27502,-29.02316
16930.,10.3079,11.85626,10.82865,12.32983,41.67617,-18.27599,-29.02351
16940.,10.30667,11.85506,10.82742,12.32859,41.67531,-18.27696,-29.02386
16950.,10.30543,11.85387,10.8262,12.32736,41.67444,-18.27793,-29.02421
16960.,10.3042,11.85268,10.82497,12.32612,41.67358,-18.2789,-29.02456
16970.,10.30297,11.85149,10.82375,12.32489,41.67272,-18.27986,-29.0249
16980.,10.30174,11.8503,10.82253,12.32366,41.67187,-18.28083,-29.02525
16990.,10.30051,11.84912,10.82131,12.32243,41.67101,-18.28179,-29.02559
17000.,10.29928,11.84793,10.82009,12.3212,41.67016,-18.28275,-29.02594
17010.,10.29806,11.84675,10.81887,12.31998,41.6693,-18.28372,-29.02628
17020.,10.29683,11.84558,10.81766,12.31875,41.66845,-18.28468,-29.02662
17030.,10.29561,11.8444,10.81644,12.31753,41.6676,-18.28563,-29.02696
17040.,10.29439,11.84322,10.81523,12.31631,41.66675,-18.28659,-29.02741
17050.,10.29317,11.84205,10.81402,12.31509,41.6659,-18.28755,-29.02802
17060.,10.29196,11.84088,10.81281,12.31387,41.66505,-18.2885,-29.02863
17070.,10.29074,11.83971,10.8116,12.31265,41.66421,-18.28946,-29.02924
17080.,10.28952,11.83854,10.8104,12.31144,41.66336,-18.29041,-29.02984
17090.,10.28831,11.83737,10.80919,12.31022,41.66251,-18.29136,-29.03045
17100.,10.2871,11.8362,10.80799,12.30901,41.66167,-18.29231,-29.03105
17110.,10.28589,11.83504,10.80679,12.3078,41.66082,-18.29326,-29.03166
17120.,10.28468,11.83387,10.80559,12.30659,41.65998,-18.29421,-29.03226
17130.,10.28347,11.83271,10.80439,12.30538,41.65914,-18.29516,-29.03286
17140.,10.28227,11.83155,10.80319,12.30418,41.65829,-18.2961,-29.03346
17150.,10.28107,11.83039,10.802,12.30297,41.65745,-18.29705,-29.03406
17160.,10.27986,11.82923,10.80081,12.30177,41.65661,-18.29799,-29.03466
17170.,10.27866,11.82807,10.79961,12.30057,41.65577,-18.29893,-29.03525
17180.,10.27746,11.82691,10.79843,12.29937,41.65493,-18.29988,-29.03585
17190.,10.27626,11.82576,10.79724,12.29817,41.65409,-18.30082,-29.03644
17200.,10.27507,11.8246,10.79605,12.29698,41.65325,-18.30175,-29.03704
17210.,10.27387,11.82345,10.79487,12.29578,41.65242,-18.30269,-29.03763
17220.,10.27268,11.8223,10.79368,12.29459,41.65158,-18.30363,-29.03822
17230.,10.27149,11.82115,10.7925,12.29339,41.65074,-18.30456,-29.03881
17240.,10.2703,11.82,10.79132,12.2922,41.64991,-18.3055,-29.0394
17250.,10.26911,11.81885,10.79014,12.29101,41.64907,-18.30643,-29.03999
17260.,10.26792,11.8177,10.78896,12.28983,41.64824,-18.30736,-29.04058
17270.,10.26673,11.81656,10.78779,12.28864,41.64741,-18.30829,-29.04116
17280.,10.26555,11.81542,10.78662,12.28746,41.64657,-18.30922,-29.04175
17290.,10.26437,11.81427,10.78544,12.28627,41.64574,-18.31015,-29.04233
17300.,10.26318,11.81313,10.78427,12.28509,41.64491,-18.31108,-29.04291
17310.,10.262,11.81199,10.7831,12.28391,41.64408,-18.312,-29.0435
17320.,10.26082,11.81085,10.78194,12.28273,41.64325,-18.31293,-29.04408
17330.,10.25965,11.80972,10.78077,12.28156,41.64242,-18.31385,-29.04466
17340.,10.25847,11.80858,10.7796,12.28038,41.6416,-18.31477,-29.04524
17350.,10.2573,11.80744,10.77844,12.27921,41.64077,-18.3157,-29.04582
17360.,10.25612,11.80631,10.77728,12.27803,41.63994,-18.31662,-29.04639
17370.,10.25495,11.80518,10.77612,12.27686,41.63912,-18.31753,-29.04697
17380.,10.25378,11.80405,10.77496,12.27569,41.63829,-18.31845,-29.04754
17390.,10.25261,11.80292,10.7738,12.27452,41.63747,-18.31937,-29.04812
17400.,10.25145,11.80179,10.77265,12.27336,41.63664,-18.32028,-29.04869
17410.,10.25028,11.80066,10.7715,12.27219,41.63582,-18.3212,-29.04926
17420.,10.24912,11.79954,10.77034,12.27103,41.635,-18.32211,-29.04983
17430.,10.24795,11.79841,10.76919,12.26986,41.63418,-18.32302,-29.0504
17440.,10.24679,11.79729,10.76804,12.2687,41.63336,-18.32394,-29.05097
17450.,10.24563,11.79617,10.7669,12.26754,41.63254,-18.32485,-29.05154
17460.,10.24447,11.79505,10.76575,12.26639,41.63172,-18.32575,-29.05211
17470.,10.24331,11.79393,10.7646,12.26523,41.6309,-18.32666,-29.05267
17480.,10.24216,11.79281,10.76346,12.26407,41.63009,-18.32757,-29.05324
17490.,10.241,11.79169,10.76232,12.26292,41.62927,-18.32847,-29.0538
17500.,10.23985,11.79057,10.76118,12.26177,41.62845,-18.32938,-29.05436
17510.,10.2387,11.78946,10.76004,12.26062,41.62764,-18.33028,-29.05494
17520.,10.23755,11.78835,10.7589,12.25947,41.62682,-18.33118,-29.05559
17530.,10.2364,11.78723,10.75777,12.25832,41.626,-18.33209,-29.05624
17540.,10.23525,11.78612,10.75663,12.25717,41.62518,-18.33299,-29.05689
17550.,10.23411,11.78501,10.75549,12.25603,41.62436,-18.33388,-29.05753
17560.,10.23296,11.78391,10.75436,12.25488,41.62353,-18.33478,-29.05818
17570.,10.23182,11.7828,10.75322,12.25374,41.6227,-18.33568,-29.05883
17580.,10.23068,11.78169,10.75209,12.2526,41.62187,-18.33657,-29.05947
17590.,10.22954,11.78059,10.75096,12.25146,41.62104,-18.33747,-29.06012
17600.,10.2284,11.77948,10.74982,12.25032,41.62021,-18.33836,-29.06076
17610.,10.22726,11.77838,10.74869,12.24918,41.61937,-18.33926,-29.0614
17620.,10.22612,11.77728,10.74756,12.24805,41.61853,-18.34015,-29.06205
17630.,10.22499,11.77618,10.74643,12.24691,41.61769,-18.34104,-29.06269
17640.,10.22385,11.77508,10.7453,12.24578,41.61685,-18.34193,-29.06333
17650.,10.22272,11.77398,10.74417,12.24465,41.616,-18.34282,-29.06397
17660.,10.22159,11.77289,10.74305,12.24352,41.61516,-18.3437,-29.0646
17670.,10.22046,11.77179,10.74192,12.24239,41.61431,-18.34459,-29.06524
17680.,10.21933,11.7707,10.74079,12.24126,41.61346,-18.34548,-29.06588
17690.,10.2182,11.7696,10.73967,12.24013,41.61261,-18.34636,-29.06651
17700.,10.21707,11.76851,10.73854,12.239,41.61176,-18.34725,-29.06715
17710.,10.21595,11.76742,10.73742,12.23788,41.6109,-18.34813,-29.06778
17720.,10.21482,11.76633,10.73629,12.23676,41.61005,-18.34901,-29.06842
17730.,10.2137,11.76524,10.73517,12.23563,41.60919,-18.34989,-29.06905
17740.,10.21258,11.76415,10.73405,12.23451,41.60833,-18.35077,-29.06968
17750.,10.21146,11.76307,10.73292,12.23339,41.60747,-18.35165,-29.07031
17760.,10.21034,11.76198,10.7318,12.23227,41.60661,-18.35253,-29.07094
17770.,10.20922,11.7609,10.73068,12.23116,41.60574,-18.35341,-29.07157
17780.,10.2081,11.75981,10.72956,12.23004,41.60488,-18.35428,-29.0722
17790.,10.20699,11.75873,10.72844,12.22893,41.60401,-18.35516,-29.07282
17800.,10.20587,11.75765,10.72733,12.22781,41.60314,-18.35603,-29.07345
17810.,10.20476,11.75657,10.72621,12.2267,41.60227,-18.35691,-29.07408
17820.,10.20364,11.75549,10.72509,12.22559,41.6014,-18.35778,-29.0747
17830.,10.20253,11.75441,10.72397,12.22448,41.60053,-18.35865,-29.07533
17840.,10.20142,11.75333,10.72286,12.22337,41.59966,-18.35953,-29.07595
17850.,10.20031,11.75225,10.72174,12.22226,41.59878,-18.3604,-29.07657
17860.,10.19921,11.75118,10.72063,12.22115,41.59791,-18.36127,-29.07719
17870.,10.1981,11.7501,10.71951,12.22004,41.59703,-18.36214,-29.07782
17880.,10.19699,11.74903,10.7184,12.21894,41.59615,-18.363,-29.07844
17890.,10.19589,11.74796,10.71729,12.21784,41.59527,-18.36387,-29.07906
17900.,10.19478,11.74688,10.71618,12.21673,41.59439,-18.36474,-29.07968
17910.,10.19368,11.74581,10.71506,12.21563,41.59351,-18.3656,-29.08029
17920.,10.19258,11.74474,10.71395,12.21453,41.59263,-18.36647,-29.08091
17930.,10.19148,11.74367,10.71284,12.21343,41.59174,-18.36733,-29.08153
17940.,10.19038,11.74261,10.71173,12.21233,41.59086,-18.3682,-29.08214
17950.,10.18928,11.74154,10.71063,12.21123,41.58997,-18.36906,-29.08276
17960.,10.18818,11.74047,10.70952,12.21014,41.58908,-18.36992,-29.08337
17970.,10.18709,11.73941,10.70841,12.20904,41.58819,-18.37078,-29.08399
17980.,10.18599,11.73834,10.7073,12.20795,41.5873,-18.37164,-29.0846
17990.,10.1849,11.73728,10.7062,12.20685,41.58642,-18.3725,-29.08592
18000.,10.1838,11.73622,10.70509,12.20576,41.58554,-18.37336,-29.08742
18010.,10.18271,11.73516,10.70399,12.20467,41.58467,-18.37422,-29.08893
18020.,10.18162,11.7341,10.7029,12.20358,41.58381,-18.37508,-29.09043
18030.,10.18053,11.73304,10.7018,12.20249,41.58296,-18.37593,-29.09193
18040.,10.17944,11.73198,10.7007,12.2014,41.58211,-18.37679,-29.09343
18050.,10.17835,11.73092,10.69961,12.20031,41.58126,-18.37764,-29.09493
18060.,10.17726,11.72987,10.69852,12.19922,41.58043,-18.3785,-29.09644
18070.,10.17618,11.72881,10.69744,12.19813,41.5796,-18.37935,-29.09794
18080.,10.17509,11.72776,10.69635,12.19705,41.57878,-18.3802,-29.09943
18090.,10.17401,11.7267,10.69527,12.19596,41.57796,-18.38105,-29.10093
18100.,10.17293,11.72565,10.69419,12.19488,41.57715,-18.3819,-29.10243
18110.,10.17185,11.7246,10.69311,12.1938,41.57635,-18.38275,-29.10393
18120.,10.17077,11.72355,10.69203,12.19272,41.57555,-18.3836,-29.10542
18130.,10.16969,11.7225,10.69096,12.19164,41.57476,-18.38445,-29.10692
18140.,10.16861,11.72146,10.68989,12.19056,41.57398,-18.3853,-29.10841
18150.,10.16753,11.72041,10.68882,12.18948,41.5732,-18.38614,-29.10991
18160.,10.16646,11.71936,10.68775,12.1884,41.57243,-18.38699,-29.1114
18170.,10.16539,11.71832,10.68669,12.18733,41.57166,-18.38783,-29.1129
18180.,10.16431,11.71728,10.68562,12.18625,41.5709,-18.38867,-29.11439
18190.,10.16324,11.71624,10.68456,12.18518,41.57014,-18.38951,-29.11588
18200.,10.16217,11.7152,10.6835,12.18411,41.5694,-18.39035,-29.11737
18210.,10.1611,11.71416,10.68245,12.18304,41.56865,-18.39119,-29.11886
18220.,10.16004,11.71312,10.68139,12.18197,41.56791,-18.39203,-29.12035
18230.,10.15897,11.71209,10.68034,12.1809,41.56718,-18.39287,-29.12184
18240.,10.15791,11.71105,10.67929,12.17983,41.56646,-18.3937,-29.12332
18250.,10.15684,11.71002,10.67825,12.17876,41.56574,-18.39454,-29.12481
18260.,10.15578,11.70898,10.6772,12.1777,41.56502,-18.39537,-29.12629
18270.,10.15472,11.70795,10.67616,12.17663,41.56431,-18.39621,-29.12778
18280.,10.15366,11.70692,10.67512,12.17557,41.56361,-18.39704,-29.12926
18290.,10.1526,11.7059,10.67408,12.17451,41.56291,-18.39787,-29.13075
18300.,10.15155,11.70487,10.67305,12.17345,41.56221,-18.3987,-29.13223
18310.,10.15049,11.70384,10.67201,12.17239,41.56152,-18.39953,-29.13371
18320.,10.14944,11.70282,10.67098,12.17133,41.56084,-18.40035,-29.13519
18330.,10.14839,11.7018,10.66995,12.17028,41.56016,-18.40118,-29.13667
18340.,10.14734,11.70077,10.66893,12.16922,41.55948,-18.402,-29.13815
18350.,10.14629,11.69975,10.6679,12.16817,41.55882,-18.40283,-29.13963
18360.,10.14524,11.69874,10.66688,12.16712,41.55815,-18.40365,-29.1411
18370.,10.1442,11.69772,10.66586,12.16607,41.55749,-18.40447,-29.14258
18380.,10.14315,11.6967,10.66484,12.16502,41.55684,-18.40529,-29.14405
18390.,10.14211,11.69569,10.66383,12.16397,41.55619,-18.40611,-29.14553
18400.,10.14107,11.69468,10.66281,12.16292,41.55554,-18.40693,-29.147
18410.,10.14003,11.69366,10.6618,12.16188,41.5549,-18.40774,-29.14847
18420.,10.13899,11.69265,10.66079,12.16084,41.55427,-18.40856,-29.14994
18430.,10.13795,11.69165,10.65979,12.15979,41.55364,-18.40937,-29.15141
18440.,10.13692,11.69064,10.65878,12.15875,41.55301,-18.41018,-29.15288
18450.,10.13588,11.68963,10.65778,12.15771,41.55239,-18.41099,-29.15435
18460.,10.13485,11.68863,10.65678,12.15667,41.55177,-18.4118,-29.15562
18470.,10.13382,11.68763,10.65578,12.15564,41.55115,-18.41261,-29.15666
18480.,10.13279,11.68662,10.65478,12.1546,41.55052,-18.41342,-29.1577
18490.,10.13176,11.68562,10.65378,12.15357,41.5499,-18.41423,-29.15874
18500.,10.13074,11.68463,10.65279,12.15254,41.54927,-18.41503,-29.15978
18510.,10.12971,11.68363,10.65179,12.15151,41.54865,-18.41583,-29.16082
18520.,10.12869,11.68263,10.65079,12.15048,41.54802,-18.41664,-29.16186
18530.,10.12767,11.68164,10.64979,12.14945,41.54739,-18.41744,-29.1629
18540.,10.12664,11.68065,10.6488,12.14843,41.54676,-18.41824,-29.16393
18550.,10.12563,11.67966,10.6478,12.1474,41.54613,-18.41904,-29.16497
18560.,10.12461,11.67867,10.64681,12.14638,41.5455,-18.41983,-29.166
18570.,10.12359,11.67768,10.64581,12.14536,41.54487,-18.42063,-29.16704
18580.,10.12258,11.67669,10.64482,12.14434,41.54424,-18.42142,-29.16807
18590.,10.12156,11.67571,10.64383,12.14332,41.54361,-18.42222,-29.1691
18600.,10.12055,11.67472,10.64284,12.1423,41.54297,-18.42301,-29.17013
18610.,10.11954,11.67374,10.64184,12.14128,41.54234,-18.4238,-29.17116
18620.,10.11853,11.67276,10.64085,12.14027,41.5417,-18.42459,-29.17219
18630.,10.11753,11.67178,10.63986,12.13926,41.54106,-18.42538,-29.17321
18640.,10.11652,11.6708,10.63887,12.13824,41.54042,-18.42617,-29.17424
18650.,10.11552,11.66982,10.63788,12.13723,41.53979,-18.42696,-29.17527
18660.,10.11451,11.66885,10.63689,12.13622,41.53915,-18.42775,-29.17629
18670.,10.11351,11.66787,10.63591,12.13522,41.53851,-18.42853,-29.17731
18680.,10.11251,11.6669,10.63492,12.13421,41.53787,-18.42931,-29.17834
18690.,10.11151,11.66593,10.63393,12.1332,41.53723,-18.4301,-29.17936
18700.,10.11051,11.66496,10.63295,12.1322,41.53658,-18.43088,-29.18038
18710.,10.10952,11.66399,10.63196,12.1312,41.53594,-18.43166,-29.1814
18720.,10.10852,11.66302,10.63097,12.1302,41.5353,-18.43244,-29.18242
18730.,10.10753,11.66205,10.62999,12.1292,41.53465,-18.43322,-29.18321
18740.,10.10654,11.66109,10.62901,12.1282,41.53401,-18.43399,-29.1842
18750.,10.10555,11.66012,10.62802,12.1272,41.53336,-18.43477,-29.18547
18760.,10.10456,11.65916,10.62704,12.12621,41.53271,-18.43554,-29.18626
18770.,10.10357,11.6582,10.62606,12.12521,41.53207,-18.43632,-29.18725
18780.,10.10258,11.65724,10.62508,12.12422,41.53142,-18.43709,-29.18851
18790.,10.10159,11.65628,10.6241,12.12323,41.53077,-18.43786,-29.1893
18800.,10.10061,11.65532,10.62312,12.12224,41.53012,-18.43863,-29.19029
18810.,10.09963,11.65436,10.62214,12.12125,41.52947,-18.4394,-29.19155
18820.,10.09864,11.65341,10.62116,12.12026,41.52882,-18.44017,-29.19233
18830.,10.09766,11.65245,10.62018,12.11927,41.52817,-18.44094,-29.19332
18840.,10.09668,11.6515,10.6192,12.11829,41.52752,-18.4417,-29.19458
18850.,10.09571,11.65055,10.61822,12.1173,41.52687,-18.44247,-29.19536
18860.,10.09473,11.6496,10.61725,12.11632,41.52622,-18.44323,-29.19634
18870.,10.09375,11.64865,10.61627,12.11534,41.52557,-18.444,-29.1976
18880.,10.09278,11.6477,10.6153,12.11436,41.52492,-18.44476,-29.19838
18890.,10.09181,11.64676,10.61432,12.11338,41.52426,-18.44552,-29.19936
18900.,10.09083,11.64581,10.61335,12.1124,41.52361,-18.44628,-29.20061
18910.,10.08986,11.64487,10.61237,12.11142,41.52296,-18.44704,-29.20139
18920.,10.08889,11.64392,10.6114,12.11045,41.52231,-18.4478,-29.20237
18930.,10.08793,11.64298,10.61043,12.10947,41.52165,-18.44856,-29.2032
18940.,10.08696,11.64204,10.60946,12.1085,41.521,-18.44931,-29.20325
18950.,10.08599,11.6411,10.60849,12.10753,41.52034,-18.45007,-29.20321
18960.,10.08503,11.64016,10.60752,12.10656,41.51969,-18.45082,-29.20316
18970.,10.08406,11.63922,10.60656,12.10559,41.51903,-18.45158,-29.20311
18980.,10.0831,11.63828,10.60559,12.10462,41.51837,-18.45233,-29.20305
18990.,10.08214,11.63734,10.60463,12.10366,41.51772,-18.45308,-29.203
19000.,10.08118,11.6364,10.60367,12.10269,41.51706,-18.45383,-29.20294
19010.,10.08022,11.63547,10.60271,12.10173,41.5164,-18.45458,-29.20288
19020.,10.07926,11.63453,10.60175,12.10076,41.51575,-18.45533,-29.20283
19030.,10.07831,11.63359,10.6008,12.0998,41.51509,-18.45608,-29.20277
19040.,10.07735,11.63266,10.59984,12.09884,41.51443,-18.45683,-29.20271
19050.,10.0764,11.63172,10.59889,12.09789,41.51377,-18.45757,-29.20265
19060.,10.07545,11.63079,10.59794,12.09693,41.51311,-18.45832,-29.20259
19070.,10.07449,11.62986,10.59699,12.09597,41.51245,-18.45906,-29.20253
19080.,10.07354,11.62893,10.59604,12.09502,41.5118,-18.45981,-29.20246
19090.,10.07259,11.62799,10.59509,12.09407,41.51114,-18.46055,-29.2024
19100.,10.07165,11.62706,10.59415,12.09312,41.51048,-18.46129,-29.20233
19110.,10.0707,11.62613,10.5932,12.09217,41.50982,-18.46203,-29.20227
19120.,10.06975,11.6252,10.59226,12.09122,41.50916,-18.46277,-29.2022
19130.,10.06881,11.62427,10.59132,12.09027,41.5085,-18.46351,-29.20214
19140.,10.06786,11.62335,10.59038,12.08932,41.50784,-18.46425,-29.20207
19150.,10.06692,11.62242,10.58944,12.08838,41.50718,-18.46499,-29.202
19160.,10.06598,11.62149,10.5885,12.08744,41.50652,-18.46573,-29.20193
19170.,10.06504,11.62056,10.58757,12.08649,41.50586,-18.46646,-29.20186
19180.,10.0641,11.61964,10.58663,12.08555,41.50519,-18.4672,-29.20178
19190.,10.06316,11.61871,10.5857,12.08461,41.50453,-18.46793,-29.20171
19200.,10.06223,11.61779,10.58477,12.08367,41.50387,-18.46867,-29.20164
19210.,10.06129,11.61687,10.58384,12.08274,41.50321,-18.4694,-29.20156
19220.,10.06035,11.61594,10.58291,12.0818,41.50255,-18.47013,-29.20149
19230.,10.05942,11.61502,10.58198,12.08087,41.50189,-18.47086,-29.20141
19240.,10.05849,11.6141,10.58106,12.07993,41.50123,-18.47159,-29.20133
19250.,10.05756,11.61318,10.58013,12.079,41.50057,-18.47232,-29.20126
19260.,10.05663,11.61226,10.57921,12.07807,41.49991,-18.47305,-29.20118
19270.,10.0557,11.61134,10.57829,12.07714,41.49924,-18.47378,-29.2011
19280.,10.05477,11.61042,10.57737,12.07621,41.49858,-18.4745,-29.20102
19290.,10.05384,11.6095,10.57645,12.07528,41.49792,-18.47523,-29.20094
19300.,10.05292,11.60859,10.57553,12.07436,41.49726,-18.47595,-29.20085
19310.,10.05199,11.60767,10.57461,12.07343,41.4966,-18.47668,-29.20077
19320.,10.05107,11.60675,10.5737,12.07251,41.49594,-18.4774,-29.20069
19330.,10.05014,11.60584,10.57279,12.07159,41.49528,-18.47813,-29.2006
19340.,10.04922,11.60492,10.57187,12.07066,41.49461,-18.47885,-29.20052
19350.,10.0483,11.60401,10.57096,12.06974,41.49395,-18.47957,-29.20043
19360.,10.04738,11.6031,10.57005,12.06882,41.49329,-18.48029,-29.20034
19370.,10.04646,11.60218,10.56914,12.06791,41.49263,-18.48101,-29.20026
19380.,10.04554,11.60127,10.56824,12.06699,41.49197,-18.48173,-29.20017
19390.,10.04463,11.60036,10.56733,12.06607,41.49131,-18.48244,-29.20008
19400.,10.04371,11.59945,10.56643,12.06516,41.49065,-18.48316,-29.19999
19410.,10.0428,11.59854,10.56552,12.06425,41.48999,-18.48388,-29.20006
19420.,10.04188,11.59763,10.56462,12.06334,41.48933,-18.48459,-29.20018
19430.,10.04097,11.59673,10.56372,12.06242,41.48867,-18.48531,-29.20031
19440.,10.04006,11.59582,10.56282,12.06151,41.48801,-18.48602,-29.20043
19450.,10.03915,11.59492,10.56192,12.06061,41.48735,-18.48673,-29.20056
19460.,10.03824,11.59402,10.56102,12.0597,41.48669,-18.48745,-29.20068
19470.,10.03733,11.59312,10.56012,12.05879,41.48604,-18.48816,-29.2008
19480.,10.03643,11.59222,10.55922,12.05789,41.48538,-18.48887,-29.20093
19490.,10.03552,11.59133,10.55832,12.05698,41.48472,-18.48958,-29.20105
19500.,10.03461,11.59043,10.55743,12.05608,41.48407,-18.49029,-29.20117
19510.,10.03371,11.58954,10.55653,12.05518,41.48342,-18.491,-29.20129
19520.,10.03281,11.58864,10.55563,12.05428,41.48276,-18.4917,-29.2014
19530.,10.03191,11.58775,10.55474,12.05338,41.48211,-18.49241,-29.20152
19540.,10.031,11.58686,10.55385,12.05248,41.48145,-18.49312,-29.20164
19550.,10.0301,11.58598,10.55295,12.05158,41.4808,-18.49382,-29.20176
19560.,10.02921,11.58509,10.55206,12.05068,41.48015,-18.49453,-29.20187
19570.,10.02831,11.58421,10.55117,12.04979,41.4795,-18.49523,-29.20199
19580.,10.02741,11.58332,10.55028,12.04889,41.47885,-18.49593,-29.2021
19590.,10.02652,11.58244,10.54939,12.048,41.4782,-18.49663,-29.20221
19600.,10.02562,11.58156,10.5485,12.04711,41.47755,-18.49734,-29.20233
19610.,10.02473,11.58068,10.54761,12.04622,41.4769,-18.49804,-29.20244
19620.,10.02383,11.5798,10.54673,12.04533,41.47625,-18.49874,-29.20255
19630.,10.02294,11.57893,10.54584,12.04444,41.47561,-18.49943,-29.20266
19640.,10.02205,11.57805,10.54495,12.04355,41.47496,-18.50013,-29.20277
19650.,10.02116,11.57718,10.54407,12.04266,41.47431,-18.50083,-29.20288
19660.,10.02027,11.57631,10.54318,12.04178,41.47367,-18.50153,-29.20299
19670.,10.01939,11.57544,10.5423,12.04089,41.47302,-18.50222,-29.20309
19680.,10.0185,11.57457,10.54142,12.04001,41.47238,-18.50292,-29.2032
19690.,10.01761,11.5737,10.54054,12.03913,41.47174,-18.50361,-29.20331
19700.,10.01673,11.57283,10.53965,12.03825,41.47109,-18.5043,-29.20341
19710.,10.01585,11.57197,10.53877,12.03737,41.47045,-18.505,-29.20352
19720.,10.01496,11.57111,10.5379,12.03649,41.46981,-18.50569,-29.20362
19730.,10.01408,11.57024,10.53702,12.03561,41.46917,-18.50638,-29.20372
19740.,10.0132,11.56938,10.53614,12.03473,41.46853,-18.50707,-29.20382
19750.,10.01232,11.56852,10.53526,12.03385,41.46789,-18.50776,-29.20393
19760.,10.01144,11.56767,10.53439,12.03298,41.46725,-18.50845,-29.20403
19770.,10.01056,11.56681,10.53351,12.03211,41.46661,-18.50914,-29.20413
19780.,10.00969,11.56595,10.53264,12.03123,41.46597,-18.50982,-29.20423
19790.,10.00881,11.5651,10.53176,12.03036,41.46533,-18.51051,-29.20432
19800.,10.00794,11.56425,10.53089,12.02949,41.4647,-18.5112,-29.20442
19810.,10.00706,11.5634,10.53002,12.02862,41.46406,-18.51188,-29.20452
19820.,10.00619,11.56255,10.52915,12.02775,41.46342,-18.51256,-29.20461
19830.,10.00532,11.5617,10.52828,12.02688,41.46279,-18.51325,-29.20471
19840.,10.00445,11.56085,10.52741,12.02602,41.46215,-18.51393,-29.20481
19850.,10.00358,11.56,10.52654,12.02515,41.46152,-18.51461,-29.2049
19860.,10.00271,11.55916,10.52567,12.02429,41.46089,-18.51529,-29.20499
19870.,10.00184,11.55832,10.5248,12.02342,41.46026,-18.51597,-29.20509
19880.,10.00098,11.55747,10.52394,12.02256,41.45962,-18.51665,-29.20565
19890.,10.00011,11.55663,10.52307,12.0217,41.45899,-18.51733,-29.20665
19900.,9.999248,11.55579,10.52221,12.02084,41.45837,-18.51801,-29.20794
19910.,9.998384,11.55495,10.52135,12.01998,41.45774,-18.51869,-29.20877
19920.,9.997522,11.55411,10.52049,12.01912,41.45711,-18.51936,-29.21004
19930.,9.99666,11.55327,10.51963,12.01826,41.45649,-18.52004,-29.21087
19940.,9.9958,11.55243,10.51877,12.0174,41.45586,-18.52072,-29.21213
19950.,9.99494,11.55159,10.51791,12.01655,41.45524,-18.52139,-29.21296
19960.,9.994081,11.55075,10.51706,12.01569,41.45462,-18.52206,-29.21422
19970.,9.993224,11.54991,10.51621,12.01484,41.454,-18.52274,-29.21505
19980.,9.992367,11.54907,10.51535,12.01398,41.45338,-18.52341,-29.21631
19990.,9.991511,11.54823,10.5145,12.01313,41.45276,-18.52408,-29.21714
20000.,9.990657,11.54739,10.51366,12.01228,41.45214,-18.52475,-29.2184
20010.,9.989803,11.54656,10.51281,12.01143,41.45153,-18.52542,-29.21923
20020.,9.98895,11.54572,10.51196,12.01058,41.45091,-18.52609,-29.22049
20030.,9.988099,11.54488,10.51112,12.00973,41.4503,-18.52676,-29.22131
20040.,9.987248,11.54405,10.51027,12.00888,41.44968,-18.52743,-29.22257
20050.,9.986398,11.54321,10.50943,12.00803,41.44907,-18.52809,-29.22339
20060.,9.98555,11.54238,10.50859,12.00718,41.44846,-18.52876,-29.22465
20070.,9.984702,11.54154,10.50775,12.00634,41.44785,-18.52942,-29.22547
20080.,9.983855,11.54071,10.50691,12.00549,41.44724,-18.53009,-29.22673
20090.,9.983009,11.53988,10.50608,12.00465,41.44664,-18.53075,-29.22755
20100.,9.982165,11.53905,10.50524,12.0038,41.44603,-18.53141,-29.2288
20110.,9.981321,11.53821,10.50441,12.00296,41.44542,-18.53208,-29.22963
20120.,9.980478,11.53738,10.50358,12.00212,41.44482,-18.53274,-29.23088
20130.,9.979636,11.53655,10.50275,12.00128,41.44422,-18.5334,-29.2317
20140.,9.978795,11.53572,10.50192,12.00044,41.44361,-18.53406,-29.23295
20150.,9.977955,11.53489,10.50109,11.9996,41.44301,-18.53472,-29.23377
20160.,9.977117,11.53406,10.50026,11.99876,41.44241,-18.53538,-29.23502
20170.,9.976279,11.53323,10.49943,11.99792,41.44181,-18.53603,-29.23584
20180.,9.975442,11.5324,10.49861,11.99709,41.44121,-18.53669,-29.23708
20190.,9.974606,11.53158,10.49779,11.99625,41.44062,-18.53735,-29.2379
20200.,9.973771,11.53075,10.49696,11.99542,41.44002,-18.538,-29.23915
20210.,9.972937,11.52992,10.49614,11.99458,41.43942,-18.53865,-29.23997
20220.,9.972104,11.5291,10.49532,11.99375,41.43883,-18.53931,-29.24121
20230.,9.971272,11.52827,10.49451,11.99292,41.43824,-18.53996,-29.24203
20240.,9.970441,11.52745,10.49369,11.99209,41.43764,-18.54061,-29.24327
20250.,9.96961,11.52662,10.49287,11.99126,41.43705,-18.54126,-29.24409
20260.,9.968781,11.5258,10.49206,11.99043,41.43646,-18.54192,-29.24533
20270.,9.967953,11.52497,10.49125,11.9896,41.43587,-18.54257,-29.24614
20280.,9.967126,11.52415,10.49044,11.98877,41.43528,-18.54321,-29.24738
20290.,9.9663,11.52333,10.48963,11.98794,41.4347,-18.54386,-29.2482
20300.,9.965474,11.52251,10.48882,11.98712,41.43411,-18.54451,-29.24943
20310.,9.96465,11.52169,10.48801,11.98629,41.43352,-18.54516,-29.25025
20320.,9.963827,11.52087,10.4872,11.98547,41.43294,-18.5458,-29.25148
20330.,9.963005,11.52005,10.4864,11.98464,41.43235,-18.54645,-29.2523
20340.,9.962183,11.51923,10.48559,11.98382,41.43177,-18.54709,-29.25353
20350.,9.961363,11.51841,10.48479,11.983,41.43119,-18.54774,-29.25405
20360.,9.960543,11.51759,10.48399,11.98218,41.43061,-18.54838,-29.25384
20370.,9.959725,11.51678,10.48319,11.98136,41.43003,-18.54902,-29.25355
20380.,9.958907,11.51596,10.48238,11.98054,41.42945,-18.54966,-29.25325
20390.,9.958091,11.51514,10.48158,11.97972,41.42887,-18.5503,-29.25295
20400.,9.957275,11.51433,10.48078,11.97891,41.4283,-18.55094,-29.25265
20410.,9.956461,11.51352,10.47998,11.97809,41.42772,-18.55158,-29.25235
20420.,9.955647,11.5127,10.47918,11.97728,41.42715,-18.55222,-29.25204
20430.,9.954834,11.51189,10.47838,11.97646,41.42658,-18.55286,-29.25174
20440.,9.954023,11.51108,10.47759,11.97565,41.426,-18.55349,-29.25144
20450.,9.953212,11.51027,10.47679,11.97484,41.42543,-18.55413,-29.25113
20460.,9.952402,11.50946,10.47599,11.97403,41.42487,-18.55476,-29.25082
20470.,9.951593,11.50865,10.47519,11.97323,41.4243,-18.5554,-29.25052
20480.,9.950785,11.50784,10.4744,11.97242,41.42373,-18.55603,-29.25021
20490.,9.949978,11.50704,10.4736,11.97161,41.42317,-18.55666,-29.2499
20500.,9.949172,11.50623,10.4728,11.97081,41.4226,-18.5573,-29.24959
20510.,9.948367,11.50543,10.47201,11.97,41.42204,-18.55793,-29.24928
20520.,9.947563,11.50462,10.47121,11.9692,41.42148,-18.55856,-29.24897
20530.,9.94676,11.50382,10.47042,11.9684,41.42092,-18.55919,-29.24866
20540.,9.945958,11.50302,10.46963,11.9676,41.42036,-18.55982,-29.24835
20550.,9.945157,11.50221,10.46883,11.9668,41.4198,-18.56044,-29.24803
20560.,9.944356,11.50141,10.46804,11.966,41.41925,-18.56107,-29.24772
20570.,9.943557,11.50061,10.46725,11.9652,41.41869,-18.5617,-29.24741
20580.,9.942759,11.49981,10.46646,11.96441,41.41814,-18.56232,-29.24709
20590.,9.941961,11.49902,10.46567,11.96361,41.41759,-18.56295,-29.24677
20600.,9.941165,11.49822,10.46488,11.96282,41.41703,-18.56357,-29.24646
20610.,9.940369,11.49742,10.46409,11.96203,41.41648,-18.5642,-29.24614
20620.,9.939575,11.49663,10.4633,11.96123,41.41593,-18.56482,-29.24582
20630.,9.938781,11.49583,10.46251,11.96044,41.41539,-18.56544,-29.2455
20640.,9.937989,11.49504,10.46172,11.95965,41.41484,-18.56606,-29.24518
20650.,9.937197,11.49424,10.46094,11.95886,41.41429,-18.56669,-29.24486
20660.,9.936406,11.49345,10.46015,11.95808,41.41375,-18.56731,-29.24454
20670.,9.935616,11.49266,10.45936,11.95729,41.4132,-18.56793,-29.24422
20680.,9.934827,11.49187,10.45858,11.95651,41.41266,-18.56854,-29.2439
20690.,9.934039,11.49108,10.45779,11.95572,41.41212,-18.56916,-29.24357
20700.,9.933252,11.49029,10.45701,11.95494,41.41158,-18.56978,-29.24325
20710.,9.932466,11.4895,10.45622,11.95416,41.41104,-18.5704,-29.24292
20720.,9.931681,11.48871,10.45544,11.95338,41.4105,-18.57101,-29.2426
20730.,9.930897,11.48793,10.45466,11.9526,41.40996,-18.57163,-29.24227
20740.,9.930114,11.48714,10.45388,11.95182,41.40942,-18.57224,-29.24194
20750.,9.929332,11.48635,10.4531,11.95104,41.40889,-18.57285,-29.24162
20760.,9.92855,11.48557,10.45232,11.95026,41.40835,-18.57347,-29.24129
20770.,9.92777,11.48479,10.45154,11.94949,41.40782,-18.57408,-29.24096
20780.,9.92699,11.484,10.45076,11.94871,41.40729,-18.57469,-29.24063
20790.,9.926212,11.48322,10.44998,11.94794,41.40676,-18.5753,-29.2403
20800.,9.925434,11.48244,10.4492,11.94717,41.40623,-18.57591,-29.23996
20810.,9.924658,11.48166,10.44842,11.94639,41.4057,-18.57652,-29.23963
20820.,9.923882,11.48088,10.44764,11.94562,41.40517,-18.57713,-29.2393
20830.,9.923107,11.48011,10.44687,11.94485,41.40464,-18.57773,-29.23992
20840.,9.922333,11.47933,10.44609,11.94408,41.40411,-18.57834,-29.24069
20850.,9.92156,11.47855,10.44532,11.94332,41.40357,-18.57895,-29.24149
20860.,9.920788,11.47777,10.44455,11.94255,41.40304,-18.57955,-29.24228
20870.,9.920017,11.477,10.44378,11.94178,41.4025,-18.58016,-29.24308
20880.,9.919247,11.47622,10.44301,11.94102,41.40196,-18.58076,-29.24387
20890.,9.918478,11.47545,10.44224,11.94025,41.40142,-18.58136,-29.24467
20900.,9.917709,11.47468,10.44147,11.93949,41.40088,-18.58197,-29.24546
20910.,9.916941,11.4739,10.44071,11.93873,41.40034,-18.58257,-29.24625
20920.,9.916175,11.47313,10.43994,11.93796,41.3998,-18.58317,-29.24705
20930.,9.915409,11.47236,10.43918,11.9372,41.39925,-18.58377,-29.24784
20940.,9.914644,11.47159,10.43842,11.93644,41.39871,-18.58437,-29.24863
20950.,9.91388,11.47082,10.43766,11.93568,41.39816,-18.58497,-29.24942
20960.,9.913117,11.47005,10.4369,11.93492,41.39761,-18.58557,-29.25021
20970.,9.912354,11.46928,10.43614,11.93416,41.39706,-18.58617,-29.251
20980.,9.911593,11.46851,10.43538,11.9334,41.39651,-18.58676,-29.25179
20990.,9.910832,11.46774,10.43463,11.93265,41.39596,-18.58736,-29.25258
21000.,9.910072,11.46697,10.43387,11.93189,41.3954,-18.58796,-29.25337
21010.,9.909313,11.46621,10.43312,11.93114,41.39485,-18.58855,-29.25416
21020.,9.908555,11.46544,10.43237,11.93038,41.39429,-18.58915,-29.25495
21030.,9.907797,11.46468,10.43162,11.92963,41.39373,-18.58974,-29.25573
21040.,9.907041,11.46391,10.43087,11.92887,41.39318,-18.59033,-29.25652
21050.,9.906285,11.46315,10.43012,11.92812,41.39262,-18.59093,-29.25731
21060.,9.90553,11.46238,10.42937,11.92737,41.39205,-18.59152,-29.25809
21070.,9.904776,11.46162,10.42862,11.92662,41.39149,-18.59211,-29.25888
21080.,9.904023,11.46086,10.42788,11.92586,41.39093,-18.5927,-29.25966
21090.,9.90327,11.4601,10.42713,11.92511,41.39037,-18.59329,-29.26045
21100.,9.902518,11.45934,10.42639,11.92437,41.3898,-18.59388,-29.26123
21110.,9.901767,11.45857,10.42564,11.92362,41.38924,-18.59447,-29.26201
21120.,9.901017,11.45781,10.4249,11.92287,41.38867,-18.59506,-29.2628
21130.,9.900267,11.45706,10.42416,11.92212,41.3881,-18.59565,-29.26358
21140.,9.899519,11.4563,10.42342,11.92137,41.38753,-18.59624,-29.26436
21150.,9.898771,11.45554,10.42268,11.92063,41.38696,-18.59682,-29.26514
21160.,9.898023,11.45478,10.42195,11.91988,41.38639,-18.59741,-29.26592
21170.,9.897277,11.45402,10.42121,11.91914,41.38582,-18.598,-29.2667
21180.,9.896531,11.45327,10.42047,11.91839,41.38525,-18.59858,-29.26748
21190.,9.895786,11.45251,10.41974,11.91765,41.38467,-18.59916,-29.26826
21200.,9.895042,11.45176,10.41901,11.91691,41.3841,-18.59975,-29.26904
21210.,9.894298,11.451,10.41827,11.91617,41.38353,-18.60033,-29.26982
21220.,9.893556,11.45025,10.41754,11.91542,41.38295,-18.60092,-29.2706
21230.,9.892814,11.44949,10.41681,11.91468,41.38237,-18.6015,-29.27138
21240.,9.892072,11.44874,10.41608,11.91394,41.3818,-18.60208,-29.27216
21250.,9.891332,11.44799,10.41535,11.9132,41.38122,-18.60266,-29.27293
21260.,9.890592,11.44724,10.41463,11.91247,41.38064,-18.60324,-29.27371
21270.,9.889853,11.44648,10.4139,11.91173,41.38006,-18.60382,-29.27449
21280.,9.889114,11.44573,10.41317,11.91099,41.37948,-18.6044,-29.27526
21290.,9.888376,11.44498,10.41245,11.91025,41.3789,-18.60498,-29.27604
21300.,9.887639,11.44423,10.41173,11.90952,41.37832,-18.60556,-29.27738
21310.,9.886903,11.44349,10.411,11.90878,41.37775,-18.60614,-29.27876
21320.,9.886167,11.44274,10.41028,11.90805,41.37718,-18.60672,-29.28013
21330.,9.885432,11.442,10.40955,11.90731,41.37661,-18.6073,-29.2815
21340.,9.884698,11.44125,10.40883,11.90658,41.37604,-18.60787,-29.28287
21350.,9.883964,11.44051,10.40811,11.90584,41.37548,-18.60845,-29.28424
21360.,9.883232,11.43977,10.40738,11.90511,41.37493,-18.60903,-29.28561
21370.,9.8825,11.43903,10.40666,11.90438,41.37437,-18.6096,-29.28698
21380.,9.881768,11.4383,10.40593,11.90364,41.37382,-18.61018,-29.28835
21390.,9.881038,11.43756,10.40521,11.90291,41.37327,-18.61075,-29.28972
21400.,9.880308,11.43683,10.40449,11.90218,41.37273,-18.61133,-29.29108
21410.,9.879579,11.4361,10.40377,11.90145,41.37219,-18.6119,-29.29245
21420.,9.878851,11.43537,10.40304,11.90072,41.37165,-18.61247,-29.29382
21430.,9.878123,11.43464,10.40232,11.89999,41.37111,-18.61305,-29.29519
21440.,9.877397,11.43391,10.4016,11.89927,41.37058,-18.61362,-29.29655
21450.,9.876671,11.43318,10.40088,11.89854,41.37005,-18.61419,-29.29792
21460.,9.875946,11.43246,10.40015,11.89781,41.36952,-18.61476,-29.29929
21470.,9.875221,11.43174,10.39943,11.89708,41.369,-18.61533,-29.30065
21480.,9.874498,11.43101,10.39871,11.89636,41.36848,-18.6159,-29.30202
21490.,9.873775,11.43029,10.39799,11.89563,41.36796,-18.61647,-29.30338
21500.,9.873053,11.42958,10.39727,11.89491,41.36745,-18.61703,-29.30475
21510.,9.872332,11.42886,10.39655,11.89418,41.36693,-18.6176,-29.30611
21520.,9.871612,11.42814,10.39583,11.89346,41.36642,-18.61817,-29.30747
21530.,9.870893,11.42743,10.39511,11.89274,41.36592,-18.61873,-29.30884
21540.,9.870174,11.42672,10.39439,11.89202,41.36541,-18.6193,-29.3102
21550.,9.869456,11.42601,10.39367,11.8913,41.36491,-18.61986,-29.31156
21560.,9.86874,11.4253,10.39295,11.89057,41.36441,-18.62043,-29.31292
21570.,9.868024,11.42459,10.39224,11.88986,41.36392,-18.62099,-29.31428
21580.,9.867308,11.42388,10.39152,11.88914,41.36343,-18.62155,-29.31565
21590.,9.866594,11.42318,10.3908,11.88842,41.36293,-18.62211,-29.31701
21600.,9.86588,11.42247,10.39008,11.8877,41.36245,-18.62267,-29.31837
21610.,9.865168,11.42177,10.38937,11.88698,41.36196,-18.62323,-29.31972
21620.,9.864456,11.42107,10.38865,11.88627,41.36148,-18.62379,-29.32108
21630.,9.863745,11.42037,10.38794,11.88555,41.361,-18.62435,-29.32244
21640.,9.863035,11.41967,10.38722,11.88484,41.36052,-18.62491,-29.3238
21650.,9.862326,11.41898,10.38651,11.88412,41.36004,-18.62547,-29.32516
21660.,9.861618,11.41828,10.38579,11.88341,41.35957,-18.62602,-29.32651
21670.,9.86091,11.41759,10.38508,11.8827,41.3591,-18.62658,-29.32787
21680.,9.860204,11.4169,10.38436,11.88198,41.35863,-18.62714,-29.32923
21690.,9.859498,11.41621,10.38365,11.88127,41.35817,-18.62769,-29.33058
21700.,9.858793,11.41552,10.38294,11.88056,41.3577,-18.62824,-29.33194
21710.,9.858089,11.41483,10.38223,11.87985,41.35724,-18.6288,-29.33329
21720.,9.857386,11.41414,10.38151,11.87915,41.35678,-18.62935,-29.33465
21730.,9.856684,11.41346,10.3808,11.87844,41.35632,-18.6299,-29.336
21740.,9.855983,11.41278,10.38009,11.87773,41.35587,-18.63045,-29.33735
21750.,9.855283,11.41209,10.37938,11.87702,41.35542,-18.631,-29.3387
21760.,9.854583,11.41141,10.37867,11.87632,41.35497,-18.63155,-29.34006
21770.,9.853885,11.41073,10.37796,11.87561,41.35452,-18.6321,-29.341
21780.,9.853187,11.41006,10.37726,11.87491,41.35407,-18.63265,-29.34175
21790.,9.85249,11.40938,10.37655,11.87421,41.35361,-18.63319,-29.34249
21800.,9.851795,11.4087,10.37585,11.8735,41.35316,-18.63374,-29.34322
21810.,9.8511,11.40802,10.37514,11.8728,41.35271,-18.63428,-29.34395
21820.,9.850406,11.40734,10.37444,11.8721,41.35225,-18.63483,-29.34468
21830.,9.849713,11.40666,10.37374,11.8714,41.3518,-18.63537,-29.34541
21840.,9.849021,11.40599,10.37304,11.8707,41.35134,-18.63591,-29.34614
21850.,9.848329,11.40531,10.37234,11.87001,41.35089,-18.63646,-29.34687
21860.,9.847639,11.40464,10.37165,11.86931,41.35043,-18.637,-29.3476
21870.,9.846949,11.40396,10.37095,11.86861,41.34997,-18.63754,-29.34832
21880.,9.84626,11.40328,10.37026,11.86792,41.34951,-18.63808,-29.34905
21890.,9.845572,11.40261,10.36957,11.86723,41.34905,-18.63862,-29.34978
21900.,9.844885,11.40193,10.36887,11.86653,41.34859,-18.63916,-29.3505
21910.,9.844199,11.40126,10.36818,11.86584,41.34813,-18.6397,-29.35123
21920.,9.843514,11.40059,10.3675,11.86515,41.34767,-18.64023,-29.35195
21930.,9.842829,11.39991,10.36681,11.86446,41.34721,-18.64077,-29.35268
21940.,9.842146,11.39924,10.36612,11.86377,41.34675,-18.64131,-29.3534
21950.,9.841463,11.39857,10.36544,11.86308,41.34629,-18.64184,-29.35412
21960.,9.840781,11.39789,10.36475,11.86239,41.34582,-18.64238,-29.35485
21970.,9.840099,11.39722,10.36407,11.8617,41.34536,-18.64291,-29.35557
21980.,9.839419,11.39655,10.36339,11.86102,41.34489,-18.64344,-29.35629
21990.,9.838739,11.39588,10.36271,11.86033,41.34443,-18.64398,-29.35701
22000.,9.838061,11.39521,10.36203,11.85965,41.34396,-18.64451,-29.35773
22010.,9.837383,11.39454,10.36135,11.85896,41.34349,-18.64504,-29.35845
22020.,9.836705,11.39387,10.36067,11.85828,41.34303,-18.64557,-29.35917
22030.,9.836029,11.3932,10.36,11.8576,41.34256,-18.6461,-29.35989
22040.,9.835353,11.39253,10.35932,11.85691,41.34209,-18.64663,-29.3606
22050.,9.834679,11.39186,10.35865,11.85623,41.34162,-18.64716,-29.36132
22060.,9.834005,11.39119,10.35798,11.85555,41.34116,-18.64769,-29.36204
22070.,9.833332,11.39052,10.35731,11.85487,41.34069,-18.64822,-29.36275
22080.,9.832659,11.38985,10.35664,11.8542,41.34022,-18.64874,-29.36347
22090.,9.831987,11.38919,10.35597,11.85352,41.33975,-18.64927,-29.36419
22100.,9.831317,11.38852,10.3553,11.85284,41.33928,-18.6498,-29.3649
22110.,9.830647,11.38785,10.35464,11.85216,41.3388,-18.65032,-29.36561
22120.,9.829977,11.38719,10.35397,11.85149,41.33833,-18.65085,-29.36633
22130.,9.829309,11.38652,10.35331,11.85081,41.33786,-18.65137,-29.36704
22140.,9.828641,11.38586,10.35264,11.85014,41.33739,-18.6519,-29.36775
22150.,9.827974,11.38519,10.35198,11.84947,41.33692,-18.65242,-29.36847
22160.,9.827308,11.38453,10.35132,11.8488,41.33644,-18.65294,-29.36918
22170.,9.826642,11.38386,10.35066,11.84812,41.33597,-18.65346,-29.36989
22180.,9.825977,11.3832,10.35,11.84745,41.3355,-18.65398,-29.3706
22190.,9.825313,11.38253,10.34934,11.84678,41.33502,-18.65451,-29.37131
22200.,9.82465,11.38187,10.34869,11.84611,41.33455,-18.65503,-29.37202
22210.,9.823988,11.38121,10.34803,11.84545,41.33407,-18.65555,-29.37273
22220.,9.823326,11.38055,10.34738,11.84478,41.3336,-18.65606,-29.37343
22230.,9.822665,11.37988,10.34672,11.84411,41.33312,-18.65658,-29.37414
22240.,9.822004,11.37922,10.34607,11.84344,41.33265,-18.6571,-29.37484
22250.,9.821345,11.37856,10.34542,11.84278,41.33218,-18.65762,-29.37487
22260.,9.820686,11.3779,10.34477,11.84211,41.3317,-18.65813,-29.37484
22270.,9.820028,11.37725,10.34412,11.84145,41.33123,-18.65865,-29.37479
22280.,9.819371,11.37659,10.34347,11.84079,41.33076,-18.65917,-29.37475
22290.,9.818714,11.37594,10.34282,11.84013,41.33029,-18.65968,-29.3747
22300.,9.818058,11.37529,10.34217,11.83947,41.32982,-18.6602,-29.37466
22310.,9.817403,11.37464,10.34152,11.83881,41.32936,-18.66071,-29.37461
22320.,9.816749,11.37399,10.34087,11.83815,41.32889,-18.66122,-29.37456
22330.,9.816095,11.37334,10.34023,11.83749,41.32842,-18.66174,-29.37451
22340.,9.815442,11.3727,10.33958,11.83683,41.32796,-18.66225,-29.37446
22350.,9.81479,11.37206,10.33894,11.83617,41.3275,-18.66276,-29.37441
22360.,9.814139,11.37142,10.33829,11.83552,41.32704,-18.66327,-29.37436
22370.,9.813488,11.37078,10.33765,11.83486,41.32658,-18.66378,-29.37431
22380.,9.812838,11.37014,10.337,11.83421,41.32612,-18.66429,-29.37426
22390.,9.812189,11.3695,10.33636,11.83356,41.32566,-18.6648,-29.37421
22400.,9.811541,11.36887,10.33572,11.8329,41.3252,-18.66531,-29.37415
22410.,9.810894,11.36823,10.33508,11.83225,41.32475,-18.66582,-29.3741
22420.,9.810247,11.3676,10.33444,11.8316,41.32429,-18.66632,-29.37405
22430.,9.809601,11.36697,10.3338,11.83095,41.32384,-18.66683,-29.37399
22440.,9.808956,11.36634,10.33316,11.83031,41.32338,-18.66734,-29.37393
22450.,9.808311,11.36571,10.33252,11.82966,41.32293,-18.66784,-29.37388
22460.,9.807668,11.36509,10.33188,11.82901,41.32248,-18.66835,-29.37382
22470.,9.807025,11.36446,10.33124,11.82837,41.32203,-18.66885,-29.37376
22480.,9.806383,11.36384,10.33061,11.82772,41.32158,-18.66935,-29.37371
22490.,9.805741,11.36322,10.32997,11.82708,41.32114,-18.66986,-29.37365
22500.,9.805101,11.3626,10.32934,11.82643,41.32069,-18.67036,-29.37359
22510.,9.804461,11.36198,10.3287,11.82579,41.32024,-18.67086,-29.37353
22520.,9.803822,11.36137,10.32807,11.82515,41.3198,-18.67136,-29.37347
22530.,9.803184,11.36075,10.32743,11.82451,41.31936,-18.67186,-29.37341
22540.,9.802547,11.36014,10.3268,11.82387,41.31891,-18.67236,-29.37335
22550.,9.80191,11.35953,10.32617,11.82323,41.31847,-18.67286,-29.37328
22560.,9.801275,11.35892,10.32554,11.8226,41.31803,-18.67336,-29.37322
22570.,9.80064,11.35831,10.32491,11.82196,41.31759,-18.67386,-29.37316
22580.,9.800005,11.3577,10.32428,11.82132,41.31715,-18.67436,-29.37309
22590.,9.799372,11.35709,10.32365,11.82069,41.31672,-18.67485,-29.37303
22600.,9.79874,11.35649,10.32302,11.82006,41.31628,-18.67535,-29.37296
22610.,9.798108,11.35589,10.3224,11.81942,41.31584,-18.67584,-29.3729
22620.,9.797477,11.35528,10.32177,11.81879,41.31541,-18.67634,-29.37283
22630.,9.796847,11.35468,10.32114,11.81816,41.31497,-18.67683,-29.37276
22640.,9.796217,11.35408,10.32052,11.81753,41.31454,-18.67733,-29.37269
22650.,9.795589,11.35349,10.31989,11.8169,41.31411,-18.67782,-29.37262
22660.,9.794961,11.35289,10.31927,11.81627,41.31368,-18.67831,-29.37256
22670.,9.794334,11.3523,10.31865,11.81564,41.31325,-18.6788,-29.37249
22680.,9.793708,11.3517,10.31803,11.81502,41.31282,-18.67929,-29.37241
22690.,9.793083,11.35111,10.3174,11.81439,41.31239,-18.67978,-29.37234
22700.,9.792458,11.35052,10.31678,11.81377,41.31197,-18.68027,-29.37227
22710.,9.791834,11.34993,10.31616,11.81314,41.31154,-18.68076,-29.3722
22720.,9.791212,11.34934,10.31554,11.81252,41.31111,-18.68125,-29.3723
22730.,9.79059,11.34876,10.31493,11.8119,41.31069,-18.68174,-29.37249
22740.,9.789968,11.34817,10.31431,11.81128,41.31026,-18.68223,-29.37268
22750.,9.789348,11.34758,10.31369,11.81066,41.30984,-18.68271,-29.37288
22760.,9.788728,11.347,10.31308,11.81004,41.30941,-18.6832,-29.37308
22770.,9.788109,11.34641,10.31246,11.80942,41.30899,-18.68368,-29.37327
22780.,9.787491,11.34583,10.31185,11.8088,41.30856,-18.68417,-29.37347
22790.,9.786874,11.34524,10.31124,11.80818,41.30814,-18.68465,-29.37366
22800.,9.786258,11.34466,10.31063,11.80757,41.30772,-18.68513,-29.37386
22810.,9.785642,11.34408,10.31002,11.80695,41.30729,-18.68562,-29.37405
22820.,9.785027,11.3435,10.30941,11.80634,41.30687,-18.6861,-29.37425
22830.,9.784413,11.34292,10.3088,11.80572,41.30644,-18.68658,-29.37444
22840.,9.7838,11.34233,10.30819,11.80511,41.30602,-18.68706,-29.37463
22850.,9.783187,11.34175,10.30758,11.8045,41.3056,-18.68754,-29.37482
22860.,9.782576,11.34117,10.30698,11.80389,41.30517,-18.68802,-29.37501
22870.,9.781965,11.3406,10.30637,11.80328,41.30475,-18.6885,-29.37521
22880.,9.781355,11.34002,10.30577,11.80267,41.30433,-18.68898,-29.3754
22890.,9.780745,11.33944,10.30516,11.80206,41.30391,-18.68945,-29.37558
22900.,9.780137,11.33886,10.30456,11.80145,41.30348,-18.68993,-29.37577
22910.,9.779529,11.33829,10.30396,11.80084,41.30306,-18.69041,-29.37596
22920.,9.778922,11.33771,10.30336,11.80024,41.30264,-18.69088,-29.37615
22930.,9.778316,11.33713,10.30276,11.79963,41.30222,-18.69136,-29.37634
22940.,9.77771,11.33656,10.30216,11.79903,41.3018,-18.69183,-29.37652
22950.,9.777105,11.33598,10.30156,11.79842,41.30138,-18.69231,-29.37671
22960.,9.776502,11.33541,10.30097,11.79782,41.30096,-18.69278,-29.3769
22970.,9.775898,11.33484,10.30037,11.79722,41.30054,-18.69325,-29.37708
22980.,9.775296,11.33427,10.29978,11.79662,41.30012,-18.69372,-29.37726
22990.,9.774694,11.33369,10.29918,11.79602,41.2997,-18.6942,-29.37745
23000.,9.774094,11.33312,10.29859,11.79542,41.29928,-18.69467,-29.37763
23010.,9.773493,11.33255,10.29799,11.79482,41.29886,-18.69514,-29.37781
23020.,9.772894,11.33198,10.2974,11.79422,41.29844,-18.69561,-29.378
23030.,9.772296,11.33141,10.29681,11.79362,41.29802,-18.69607,-29.37818
23040.,9.771698,11.33084,10.29622,11.79302,41.2976,-18.69654,-29.37836
23050.,9.771101,11.33027,10.29563,11.79243,41.29718,-18.69701,-29.37854
23060.,9.770504,11.32971,10.29504,11.79183,41.29677,-18.69748,-29.37872
23070.,9.769909,11.32914,10.29446,11.79124,41.29635,-18.69794,-29.3789
23080.,9.769314,11.32857,10.29387,11.79064,41.29593,-18.69841,-29.37908
23090.,9.76872,11.32801,10.29328,11.79005,41.29551,-18.69888,-29.37926
23100.,9.768127,11.32744,10.2927,11.78946,41.2951,-18.69934,-29.37944
23110.,9.767534,11.32688,10.29211,11.78887,41.29468,-18.69981,-29.37961
23120.,9.766942,11.32631,10.29153,11.78828,41.29426,-18.70027,-29.37979
23130.,9.766351,11.32575,10.29095,11.78769,41.29385,-18.70073,-29.37997
23140.,9.765761,11.32519,10.29037,11.7871,41.29343,-18.70119,-29.38014
23150.,9.765171,11.32463,10.28979,11.78651,41.29302,-18.70166,-29.38032
23160.,9.764583,11.32406,10.28921,11.78592,41.2926,-18.70212,-29.38049
23170.,9.763994,11.3235,10.28863,11.78534,41.29219,-18.70258,-29.38067
23180.,9.763407,11.32294,10.28805,11.78475,41.29177,-18.70304,-29.38084
23190.,9.76282,11.32238,10.28747,11.78417,41.29136,-18.7035,-29.38105
23200.,9.762235,11.32182,10.28689,11.78358,41.29094,-18.70396,-29.3813
23210.,9.761649,11.32126,10.28632,11.783,41.29052,-18.70441,-29.38157
23220.,9.761065,11.32071,10.28574,11.78241,41.29009,-18.70487,-29.38183
23230.,9.760481,11.32015,10.28516,11.78183,41.28967,-18.70533,-29.38209
23240.,9.759898,11.31959,10.28458,11.78125,41.28924,-18.70579,-29.38235
23250.,9.759316,11.31904,10.284,11.78067,41.28881,-18.70624,-29.38261
23260.,9.758734,11.31848,10.28343,11.78009,41.28837,-18.7067,-29.38287
23270.,9.758153,11.31792,10.28285,11.77951,41.28794,-18.70715,-29.38313
23280.,9.757572,11.31737,10.28227,11.77893,41.2875,-18.70761,-29.38339
23290.,9.756993,11.31682,10.2817,11.77835,41.28706,-18.70806,-29.38365
23300.,9.756413,11.31626,10.28112,11.77777,41.28661,-18.70852,-29.38391
23310.,9.755835,11.31571,10.28054,11.7772,41.28617,-18.70897,-29.38417
23320.,9.755257,11.31516,10.27996,11.77662,41.28572,-18.70942,-29.38442
23330.,9.75468,11.3146,10.27939,11.77605,41.28527,-18.70988,-29.38468
23340.,9.754103,11.31405,10.27881,11.77547,41.28481,-18.71033,-29.38494
23350.,9.753527,11.3135,10.27823,11.7749,41.28436,-18.71078,-29.38519
23360.,9.752951,11.31295,10.27766,11.77432,41.2839,-18.71123,-29.38545
23370.,9.752376,11.3124,10.27708,11.77375,41.28344,-18.71168,-29.38571
23380.,9.751802,11.31185,10.2765,11.77318,41.28298,-18.71213,-29.38596
23390.,9.751228,11.3113,10.27593,11.7726,41.28251,-18.71258,-29.38622
23400.,9.750655,11.31075,10.27535,11.77203,41.28205,-18.71303,-29.38647
23410.,9.750082,11.3102,10.27477,11.77146,41.28158,-18.71348,-29.38672
23420.,9.74951,11.30965,10.2742,11.77089,41.28111,-18.71393,-29.38698
23430.,9.748938,11.3091,10.27362,11.77032,41.28064,-18.71438,-29.38723
23440.,9.748367,11.30856,10.27304,11.76975,41.28016,-18.71482,-29.38748
23450.,9.747796,11.30801,10.27247,11.76918,41.27969,-18.71527,-29.38774
23460.,9.747226,11.30746,10.27189,11.76861,41.27921,-18.71572,-29.38799
23470.,9.746657,11.30692,10.27131,11.76804,41.27873,-18.71616,-29.38824
23480.,9.746087,11.30637,10.27074,11.76748,41.27825,-18.71661,-29.38849
23490.,9.745519,11.30583,10.27016,11.76691,41.27776,-18.71706,-29.38874
23500.,9.744951,11.30528,10.26958,11.76634,41.27728,-18.7175,-29.38899
23510.,9.744383,11.30474,10.26901,11.76578,41.27679,-18.71795,-29.38924
23520.,9.743816,11.30419,10.26843,11.76521,41.2763,-18.71839,-29.38949
23530.,9.743249,11.30365,10.26785,11.76464,41.27581,-18.71884,-29.38974
23540.,9.742682,11.3031,10.26728,11.76408,41.27532,-18.71928,-29.38999
23550.,9.742117,11.30256,10.2667,11.76352,41.27482,-18.71973,-29.39024
23560.,9.741551,11.30202,10.26612,11.76295,41.27433,-18.72017,-29.39049
23570.,9.740986,11.30147,10.26555,11.76239,41.27383,-18.72061,-29.39074
23580.,9.740421,11.30093,10.26497,11.76183,41.27333,-18.72106,-29.39099
23590.,9.739857,11.30039,10.26439,11.76126,41.27283,-18.7215,-29.39124
23600.,9.739293,11.29985,10.26382,11.7607,41.27232,-18.72194,-29.39148
23610.,9.73873,11.29931,10.26324,11.76014,41.27182,-18.72238,-29.39173
23620.,9.738167,11.29877,10.26266,11.75958,41.27132,-18.72283,-29.39198
23630.,9.737605,11.29822,10.26209,11.75902,41.27081,-18.72327,-29.39223
23640.,9.737042,11.29768,10.26151,11.75846,41.2703,-18.72371,-29.39247
23650.,9.736481,11.29714,10.26093,11.75789,41.26979,-18.72415,-29.39272
23660.,9.735919,11.2966,10.26036,11.75734,41.26928,-18.72459,-29.39304
23670.,9.735358,11.29606,10.25978,11.75678,41.26877,-18.72503,-29.3943
23680.,9.734798,11.29553,10.25921,11.75622,41.26828,-18.72547,-29.39525
23690.,9.734237,11.29499,10.25864,11.75566,41.26779,-18.72591,-29.39658
23700.,9.733678,11.29445,10.25807,11.7551,41.2673,-18.72635,-29.39753
23710.,9.733118,11.29391,10.2575,11.75454,41.26683,-18.72679,-29.39886
23720.,9.732559,11.29337,10.25693,11.75398,41.26635,-18.72723,-29.39981
23730.,9.732001,11.29284,10.25636,11.75342,41.26589,-18.72767,-29.40114
23740.,9.731443,11.2923,10.2558,11.75287,41.26543,-18.72811,-29.40209
23750.,9.730886,11.29176,10.25524,11.75231,41.26498,-18.72855,-29.40342
23760.,9.730329,11.29123,10.25468,11.75175,41.26453,-18.72899,-29.40437
23770.,9.729773,11.29069,10.25412,11.75119,41.26409,-18.72943,-29.4057
23780.,9.729217,11.29016,10.25356,11.75064,41.26366,-18.72986,-29.40665
23790.,9.728662,11.28962,10.25301,11.75008,41.26323,-18.7303,-29.40798
23800.,9.728107,11.28909,10.25245,11.74953,41.26281,-18.73074,-29.40893
23810.,9.727553,11.28855,10.2519,11.74897,41.26239,-18.73117,-29.41025
23820.,9.727,11.28802,10.25135,11.74842,41.26198,-18.73161,-29.4112
23830.,9.726447,11.28749,10.2508,11.74786,41.26157,-18.73204,-29.41253
23840.,9.725895,11.28696,10.25025,11.74731,41.26117,-18.73248,-29.41348
23850.,9.725344,11.28643,10.24971,11.74676,41.26078,-18.73291,-29.4148
23860.,9.724793,11.2859,10.24916,11.74621,41.26039,-18.73334,-29.41575
23870.,9.724243,11.28537,10.24862,11.74565,41.26001,-18.73378,-29.41708
23880.,9.723693,11.28484,10.24808,11.7451,41.25963,-18.73421,-29.41802
23890.,9.723145,11.28431,10.24754,11.74455,41.25925,-18.73464,-29.41935
23900.,9.722597,11.28378,10.247,11.744,41.25889,-18.73507,-29.42029
23910.,9.722049,11.28325,10.24646,11.74345,41.25852,-18.7355,-29.42162
23920.,9.721503,11.28273,10.24593,11.7429,41.25817,-18.73593,-29.42256
23930.,9.720957,11.2822,10.2454,11.74235,41.25781,-18.73636,-29.42389
23940.,9.720412,11.28168,10.24486,11.74181,41.25746,-18.73679,-29.42483
23950.,9.719868,11.28115,10.24433,11.74126,41.25712,-18.73722,-29.42615
23960.,9.719324,11.28063,10.24381,11.74071,41.25678,-18.73764,-29.4271
23970.,9.718781,11.28011,10.24328,11.74017,41.25645,-18.73807,-29.42842
23980.,9.71824,11.27958,10.24276,11.73962,41.25612,-18.73849,-29.42936
23990.,9.717698,11.27906,10.24223,11.73908,41.2558,-18.73892,-29.43068
24000.,9.717158,11.27854,10.24171,11.73853,41.25548,-18.73934,-29.43162
24010.,9.716619,11.27802,10.24119,11.73799,41.25516,-18.73977,-29.43294
24020.,9.71608,11.2775,10.24067,11.73745,41.25485,-18.74019,-29.43389
24030.,9.715542,11.27699,10.24016,11.73691,41.25455,-18.74061,-29.4352
24040.,9.715005,11.27647,10.23964,11.73637,41.25425,-18.74103,-29.43614
24050.,9.714469,11.27595,10.23913,11.73583,41.25395,-18.74146,-29.43746
24060.,9.713934,11.27544,10.23862,11.73529,41.25366,-18.74188,-29.4384
24070.,9.7134,11.27492,10.23811,11.73475,41.25337,-18.7423,-29.43972
24080.,9.712867,11.27441,10.2376,11.73421,41.25309,-18.74271,-29.44066
24090.,9.712334,11.27389,10.23709,11.73367,41.25281,-18.74313,-29.44197
24100.,9.711802,11.27338,10.23659,11.73314,41.25253,-18.74355,-29.44291
24110.,9.711272,11.27287,10.23608,11.7326,41.25226,-18.74397,-29.44422
24120.,9.710742,11.27236,10.23558,11.73207,41.252,-18.74438,-29.44516
24130.,9.710213,11.27185,10.23508,11.73153,41.25173,-18.7448,-29.44647
24140.,9.709685,11.27134,10.23458,11.731,41.25147,-18.74521,-29.44711
24150.,9.709159,11.27083,10.23408,11.73047,41.2512,-18.74562,-29.4478
24160.,9.708633,11.27033,10.23358,11.72994,41.25094,-18.74603,-29.4485
24170.,9.708107,11.26982,10.23308,11.72941,41.25067,-18.74644,-29.4492
24180.,9.707583,11.26931,10.23258,11.72888,41.2504,-18.74686,-29.44989
24190.,9.70706,11.26881,10.23208,11.72835,41.25013,-18.74727,-29.45059
24200.,9.706538,11.26831,10.23159,11.72782,41.24985,-18.74767,-29.45129
24210.,9.706016,11.2678,10.23109,11.7273,41.24958,-18.74808,-29.45198
24220.,9.705496,11.2673,10.23059,11.72677,41.24931,-18.74849,-29.45267
24230.,9.704976,11.2668,10.23009,11.72625,41.24903,-18.7489,-29.45337
24240.,9.704457,11.2663,10.22959,11.72572,41.24875,-18.7493,-29.45406
24250.,9.703939,11.2658,10.22909,11.7252,41.24847,-18.74971,-29.45475
24260.,9.703422,11.2653,10.22859,11.72468,41.24819,-18.75011,-29.45545
24270.,9.702906,11.26481,10.22809,11.72416,41.24791,-18.75052,-29.45614
24280.,9.70239,11.26431,10.22759,11.72363,41.24762,-18.75092,-29.45683
24290.,9.701875,11.26381,10.22709,11.72311,41.24734,-18.75132,-29.45752
24300.,9.701362,11.26332,10.22659,11.7226,41.24705,-18.75172,-29.45821
24310.,9.700848,11.26282,10.22609,11.72208,41.24677,-18.75213,-29.4589
24320.,9.700336,11.26233,10.22559,11.72156,41.24648,-18.75253,-29.45959
24330.,9.699825,11.26184,10.22509,11.72104,41.24619,-18.75293,-29.46027
24340.,9.699314,11.26134,10.22459,11.72053,41.2459,-18.75333,-29.46096
24350.,9.698804,11.26085,10.22409,11.72001,41.2456,-18.75372,-29.46165
24360.,9.698295,11.26036,10.22359,11.7195,41.24531,-18.75412,-29.46234
24370.,9.697787,11.25987,10.22309,11.71898,41.24502,-18.75452,-29.46302
24380.,9.69728,11.25938,10.22259,11.71847,41.24472,-18.75492,-29.46371
24390.,9.696773,11.25889,10.22209,11.71796,41.24443,-18.75531,-29.46439
24400.,9.696267,11.2584,10.22159,11.71745,41.24413,-18.75571,-29.46508
24410.,9.695762,11.25792,10.22109,11.71694,41.24383,-18.7561,-29.46576
24420.,9.695257,11.25743,10.22059,11.71643,41.24353,-18.7565,-29.46645
24430.,9.694753,11.25695,10.22009,11.71592,41.24323,-18.75689,-29.46713
24440.,9.69425,11.25646,10.21959,11.71541,41.24293,-18.75728,-29.46781
24450.,9.693748,11.25598,10.21909,11.7149,41.24263,-18.75768,-29.46849
24460.,9.693246,11.25549,10.21859,11.7144,41.24232,-18.75807,-29.46917
24470.,9.692746,11.25501,10.21809,11.71389,41.24202,-18.75846,-29.46986
24480.,9.692245,11.25453,10.21759,11.71338,41.24171,-18.75885,-29.47054
24490.,9.691746,11.25405,10.2171,11.71288,41.24141,-18.75924,-29.47122
24500.,9.691247,11.25356,10.2166,11.71237,41.2411,-18.75963,-29.4719
24510.,9.690749,11.25308,10.2161,11.71187,41.24079,-18.76002,-29.47258
24520.,9.690252,11.2526,10.2156,11.71137,41.24049,-18.76041,-29.47325
24530.,9.689755,11.25213,10.2151,11.71087,41.24018,-18.7608,-29.47393
24540.,9.689259,11.25165,10.2146,11.71037,41.23987,-18.76118,-29.47461
24550.,9.688764,11.25117,10.2141,11.70986,41.23955,-18.76157,-29.47529
24560.,9.688269,11.25069,10.2136,11.70936,41.23924,-18.76196,-29.47596
24570.,9.687775,11.25022,10.2131,11.70886,41.23893,-18.76234,-29.47664
24580.,9.687282,11.24974,10.2126,11.70837,41.23862,-18.76273,-29.47732
24590.,9.686789,11.24927,10.2121,11.70787,41.2383,-18.76311,-29.47799
24600.,9.686297,11.24879,10.21161,11.70737,41.23799,-18.7635,-29.47867
24610.,9.685806,11.24832,10.21111,11.70687,41.23767,-18.76388,-29.4789
24620.,9.685315,11.24784,10.21061,11.70638,41.23736,-18.76427,-29.47858
24630.,9.684825,11.24737,10.21011,11.70588,41.23704,-18.76465,-29.47821
24640.,9.684336,11.2469,10.20962,11.70539,41.23672,-18.76503,-29.47783
24650.,9.683847,11.24642,10.20913,11.70489,41.2364,-18.76541,-29.47745
24660.,9.683359,11.24595,10.20863,11.7044,41.23608,-18.76579,-29.47707
24670.,9.682871,11.24547,10.20814,11.70391,41.23576,-18.76618,-29.47668
24680.,9.682384,11.245,10.20765,11.70342,41.23544,-18.76656,-29.4763
24690.,9.681898,11.24453,10.20716,11.70293,41.23512,-18.76694,-29.47592
24700.,9.681412,11.24405,10.20667,11.70244,41.2348,-18.76732,-29.47553
24710.,9.680927,11.24358,10.20618,11.70195,41.23447,-18.7677,-29.47515
24720.,9.680442,11.24311,10.2057,11.70146,41.23415,-18.76807,-29.47476
24730.,9.679958,11.24264,10.20521,11.70097,41.23382,-18.76845,-29.47438
24740.,9.679475,11.24216,10.20472,11.70049,41.2335,-18.76883,-29.47399
24750.,9.678992,11.24169,10.20424,11.7,41.23317,-18.76921,-29.4736
24760.,9.67851,11.24122,10.20376,11.69952,41.23285,-18.76958,-29.47322
24770.,9.678029,11.24075,10.20327,11.69903,41.23252,-18.76996,-29.47283
24780.,9.677548,11.24027,10.20279,11.69855,41.23219,-18.77034,-29.47244
24790.,9.677068,11.2398,10.20231,11.69807,41.23186,-18.77071,-29.47205
24800.,9.676588,11.23933,10.20183,11.69759,41.23153,-18.77109,-29.47166
24810.,9.676109,11.23886,10.20135,11.6971,41.2312,-18.77146,-29.47127
24820.,9.67563,11.23839,10.20088,11.69662,41.23087,-18.77184,-29.47088
24830.,9.675152,11.23791,10.2004,11.69614,41.23054,-18.77221,-29.47049
24840.,9.674675,11.23744,10.19992,11.69567,41.23021,-18.77258,-29.4701
24850.,9.674198,11.23697,10.19945,11.69519,41.22988,-18.77296,-29.46971
24860.,9.673721,11.2365,10.19897,11.69471,41.22955,-18.77333,-29.46932
24870.,9.673246,11.23603,10.1985,11.69423,41.22921,-18.7737,-29.46892
24880.,9.67277,11.23556,10.19803,11.69376,41.22888,-18.77407,-29.46853
24890.,9.672296,11.23509,10.19756,11.69328,41.22855,-18.77444,-29.46814
24900.,9.671822,11.23462,10.19708,11.69281,41.22821,-18.77481,-29.46774
24910.,9.671348,11.23415,10.19661,11.69233,41.22788,-18.77518,-29.46735
24920.,9.670875,11.23368,10.19615,11.69186,41.22754,-18.77555,-29.46695
24930.,9.670403,11.23321,10.19568,11.69139,41.22721,-18.77592,-29.46656
24940.,9.669931,11.23274,10.19521,11.69092,41.22687,-18.77629,-29.46616
24950.,9.66946,11.23227,10.19474,11.69045,41.22653,-18.77666,-29.46576
24960.,9.668989,11.2318,10.19428,11.68997,41.2262,-18.77703,-29.46537
24970.,9.668518,11.23133,10.19381,11.6895,41.22586,-18.7774,-29.46497
24980.,9.668049,11.23086,10.19335,11.68904,41.22552,-18.77776,-29.46457
24990.,9.667579,11.23039,10.19288,11.68857,41.22518,-18.77813,-29.46417
25000.,9.667111,11.22992,10.19242,11.6881,41.22485,-18.7785,-29.46377
25010.,9.666643,11.22945,10.19196,11.68763,41.22451,-18.77886,-29.46338
25020.,9.666175,11.22898,10.1915,11.68717,41.22417,-18.77923,-29.46298
25030.,9.665708,11.22851,10.19104,11.6867,41.22383,-18.77959,-29.46258
25040.,9.665241,11.22804,10.19058,11.68623,41.22349,-18.77996,-29.46217
25050.,9.664775,11.22758,10.19012,11.68577,41.22315,-18.78032,-29.46177
25060.,9.66431,11.22711,10.18966,11.68531,41.22281,-18.78069,-29.46137
25070.,9.663845,11.22664,10.1892,11.68484,41.22247,-18.78105,-29.46097
25080.,9.66338,11.22617,10.18875,11.68438,41.22212,-18.78142,-29.4606
25090.,9.662916,11.22571,10.18829,11.68392,41.22178,-18.78178,-29.4604
25100.,9.662453,11.22524,10.18784,11.68346,41.22144,-18.78214,-29.46021
25110.,9.66199,11.22478,10.18738,11.683,41.2211,-18.7825,-29.46003
25120.,9.661527,11.22431,10.18692,11.68254,41.22076,-18.78287,-29.45984
25130.,9.661065,11.22385,10.18647,11.68208,41.22042,-18.78323,-29.45965
25140.,9.660604,11.22339,10.18601,11.68162,41.22008,-18.78359,-29.45947
25150.,9.660143,11.22293,10.18556,11.68116,41.21974,-18.78395,-29.45928
25160.,9.659682,11.22247,10.1851,11.6807,41.2194,-18.78431,-29.4591
25170.,9.659222,11.22201,10.18465,11.68024,41.21906,-18.78467,-29.45891
25180.,9.658763,11.22155,10.18419,11.67979,41.21872,-18.78503,-29.45872
25190.,9.658304,11.2211,10.18374,11.67933,41.21838,-18.78539,-29.45853
25200.,9.657845,11.22064,10.18329,11.67887,41.21805,-18.78575,-29.45834
25210.,9.657388,11.22019,10.18283,11.67842,41.21771,-18.78611,-29.45816
25220.,9.65693,11.21973,10.18238,11.67796,41.21737,-18.78647,-29.45797
25230.,9.656473,11.21928,10.18193,11.67751,41.21703,-18.78682,-29.45778
25240.,9.656017,11.21883,10.18147,11.67706,41.21669,-18.78718,-29.45759
25250.,9.655561,11.21838,10.18102,11.6766,41.21635,-18.78754,-29.4574
25260.,9.655105,11.21793,10.18057,11.67615,41.21602,-18.78789,-29.45721
25270.,9.654651,11.21748,10.18012,11.6757,41.21568,-18.78825,-29.45702
25280.,9.654196,11.21703,10.17967,11.67525,41.21534,-18.78861,-29.45682
25290.,9.653742,11.21658,10.17921,11.6748,41.21501,-18.78896,-29.45663
25300.,9.653289,11.21614,10.17876,11.67435,41.21467,-18.78932,-29.45644
25310.,9.652836,11.21569,10.17831,11.6739,41.21433,-18.78967,-29.45625
25320.,9.652383,11.21525,10.17786,11.67345,41.214,-18.79003,-29.45606
25330.,9.651932,11.21481,10.17741,11.673,41.21366,-18.79038,-29.45586
25340.,9.65148,11.21436,10.17696,11.67255,41.21333,-18.79073,-29.45567
25350.,9.651029,11.21392,10.17651,11.67211,41.21299,-18.79109,-29.45547
25360.,9.650579,11.21348,10.17606,11.67166,41.21265,-18.79144,-29.45528
25370.,9.650129,11.21304,10.17561,11.67121,41.21232,-18.79179,-29.45509
25380.,9.649679,11.2126,10.17516,11.67077,41.21199,-18.79214,-29.45489
25390.,9.649231,11.21216,10.17472,11.67032,41.21165,-18.7925,-29.45469
25400.,9.648782,11.21173,10.17427,11.66988,41.21132,-18.79285,-29.4545
25410.,9.648334,11.21129,10.17382,11.66943,41.21098,-18.7932,-29.4543
25420.,9.647887,11.21085,10.17337,11.66899,41.21065,-18.79355,-29.45411
25430.,9.64744,11.21042,10.17292,11.66855,41.21032,-18.7939,-29.45391
25440.,9.646993,11.20999,10.17248,11.6681,41.20998,-18.79425,-29.45371
25450.,9.646547,11.20955,10.17203,11.66766,41.20965,-18.7946,-29.45351
25460.,9.646102,11.20912,10.17158,11.66722,41.20932,-18.79495,-29.45332
25470.,9.645657,11.20869,10.17114,11.66678,41.20898,-18.7953,-29.45312
25480.,9.645212,11.20826,10.17069,11.66634,41.20865,-18.79564,-29.45292
25490.,9.644769,11.20783,10.17025,11.6659,41.20832,-18.79599,-29.45272
25500.,9.644325,11.2074,10.1698,11.66546,41.20799,-18.79634,-29.45252
25510.,9.643882,11.20697,10.16936,11.66502,41.20766,-18.79669,-29.45232
25520.,9.643439,11.20655,10.16891,11.66459,41.20733,-18.79703,-29.45212
25530.,9.642997,11.20612,10.16847,11.66415,41.20699,-18.79738,-29.45192
25540.,9.642556,11.20569,10.16802,11.66371,41.20666,-18.79773,-29.45172
25550.,9.642115,11.20527,10.16758,11.66327,41.20633,-18.79807,-29.45151
25560.,9.641674,11.20484,10.16714,11.66284,41.206,-18.79842,-29.45205
25570.,9.641234,11.20442,10.16669,11.6624,41.20567,-18.79876,-29.45279
25580.,9.640795,11.204,10.16625,11.66197,41.20535,-18.79911,-29.45354
25590.,9.640356,11.20357,10.16581,11.66153,41.20502,-18.79945,-29.4543
25600.,9.639917,11.20315,10.16537,11.6611,41.20469,-18.79979,-29.45506
25610.,9.639479,11.20272,10.16494,11.66066,41.20437,-18.80014,-29.45582
25620.,9.639041,11.2023,10.1645,11.66023,41.20404,-18.80048,-29.45658
25630.,9.638604,11.20187,10.16406,11.6598,41.20372,-18.80082,-29.45733
25640.,9.638167,11.20144,10.16363,11.65936,41.2034,-18.80117,-29.45809
25650.,9.637731,11.20102,10.16319,11.65893,41.20307,-18.80151,-29.45885
25660.,9.637296,11.20059,10.16276,11.6585,41.20275,-18.80185,-29.45961
25670.,9.63686,11.20017,10.16233,11.65807,41.20243,-18.80219,-29.46036
25680.,9.636426,11.19974,10.1619,11.65763,41.20211,-18.80253,-29.46112
25690.,9.635992,11.19932,10.16147,11.6572,41.20179,-18.80287,-29.46188
25700.,9.635558,11.19889,10.16104,11.65677,41.20147,-18.80321,-29.46263
25710.,9.635125,11.19847,10.16061,11.65634,41.20115,-18.80355,-29.46339
25720.,9.634692,11.19804,10.16018,11.65591,41.20084,-18.80389,-29.46415
25730.,9.63426,11.19762,10.15975,11.65548,41.20052,-18.80423,-29.4649
25740.,9.633828,11.19719,10.15932,11.65505,41.2002,-18.80457,-29.46566
25750.,9.633397,11.19677,10.1589,11.65462,41.19989,-18.80491,-29.46641
25760.,9.632966,11.19634,10.15847,11.65419,41.19957,-18.80524,-29.46717
25770.,9.632536,11.19592,10.15805,11.65376,41.19926,-18.80558,-29.46792
25780.,9.632106,11.19549,10.15763,11.65334,41.19895,-18.80592,-29.46868
25790.,9.631677,11.19506,10.15721,11.65291,41.19863,-18.80625,-29.46943
25800.,9.631248,11.19464,10.15678,11.65248,41.19832,-18.80659,-29.47019
25810.,9.630819,11.19421,10.15636,11.65205,41.19801,-18.80693,-29.47094
25820.,9.630392,11.19379,10.15594,11.65163,41.1977,-18.80726,-29.47169
25830.,9.629964,11.19336,10.15553,11.6512,41.19739,-18.8076,-29.47245
25840.,9.629537,11.19294,10.15511,11.65078,41.19708,-18.80793,-29.4732
25850.,9.629111,11.19251,10.15469,11.65035,41.19677,-18.80827,-29.47395
25860.,9.628685,11.19209,10.15428,11.64993,41.19647,-18.8086,-29.4747
25870.,9.62826,11.19166,10.15386,11.6495,41.19616,-18.80893,-29.47546
25880.,9.627835,11.19124,10.15345,11.64908,41.19585,-18.80927,-29.47621
25890.,9.62741,11.19081,10.15303,11.64865,41.19555,-18.8096,-29.47696
25900.,9.626986,11.19039,10.15262,11.64823,41.19524,-18.80993,-29.47771
25910.,9.626563,11.18997,10.15221,11.64781,41.19494,-18.81026,-29.47846
25920.,9.62614,11.18954,10.1518,11.64738,41.19463,-18.81059,-29.47921
25930.,9.625718,11.18912,10.15139,11.64696,41.19433,-18.81093,-29.47996
25940.,9.625296,11.18869,10.15098,11.64654,41.19403,-18.81126,-29.48071
25950.,9.624874,11.18827,10.15057,11.64612,41.19372,-18.81159,-29.48146
25960.,9.624453,11.18784,10.15016,11.6457,41.19342,-18.81192,-29.48221
25970.,9.624033,11.18742,10.14975,11.64527,41.19312,-18.81225,-29.48296
25980.,9.623613,11.187,10.14934,11.64485,41.19282,-18.81258,-29.48371
25990.,9.623193,11.18657,10.14894,11.64443,41.19252,-18.81291,-29.48446
26000.,9.622774,11.18615,10.14853,11.64401,41.19222,-18.81323,-29.48521
26010.,9.622355,11.18572,10.14813,11.6436,41.19193,-18.81356,-29.48596
26020.,9.621937,11.1853,10.14773,11.64318,41.19163,-18.81389,-29.48671
26030.,9.62152,11.18488,10.14732,11.64276,41.19133,-18.81422,-29.4868
26040.,9.621103,11.18446,10.14692,11.64234,41.19103,-18.81454,-29.4863
26050.,9.620686,11.18403,10.14652,11.64192,41.19074,-18.81487,-29.48573
26060.,9.62027,11.18361,10.14611,11.64151,41.19045,-18.8152,-29.48515
26070.,9.619854,11.18319,10.14571,11.64109,41.19015,-18.81552,-29.48457
26080.,9.619439,11.18277,10.14531,11.64068,41.18986,-18.81585,-29.484
26090.,9.619024,11.18235,10.1449,11.64026,41.18957,-18.81617,-29.48342
26100.,9.61861,11.18193,10.1445,11.63985,41.18928,-18.8165,-29.48284
26110.,9.618196,11.18151,10.1441,11.63943,41.18899,-18.81682,-29.48226
26120.,9.617783,11.18109,10.1437,11.63902,41.1887,-18.81715,-29.48168
26130.,9.61737,11.18067,10.14329,11.63861,41.18841,-18.81747,-29.48109
26140.,9.616958,11.18025,10.14289,11.6382,41.18813,-18.81779,-29.48051
26150.,9.616546,11.17983,10.14249,11.63779,41.18784,-18.81812,-29.47993
26160.,9.616135,11.17941,10.14208,11.63738,41.18756,-18.81844,-29.47935
26170.,9.615724,11.17899,10.14168,11.63697,41.18727,-18.81876,-29.47877
26180.,9.615314,11.17857,10.14128,11.63656,41.18699,-18.81908,-29.47818
26190.,9.614904,11.17816,10.14088,11.63615,41.18671,-18.81941,-29.4776
26200.,9.614495,11.17774,10.14047,11.63574,41.18643,-18.81973,-29.47701
26210.,9.614086,11.17732,10.14007,11.63534,41.18614,-18.82005,-29.47643
26220.,9.613677,11.17691,10.13967,11.63493,41.18586,-18.82037,-29.47584
26230.,9.613269,11.17649,10.13927,11.63453,41.18559,-18.82069,-29.47526
26240.,9.612862,11.17608,10.13886,11.63412,41.18531,-18.82101,-29.47467
26250.,9.612455,11.17566,10.13846,11.63372,41.18503,-18.82133,-29.47409
26260.,9.612049,11.17525,10.13806,11.63331,41.18475,-18.82164,-29.4735
26270.,9.611643,11.17483,10.13766,11.63291,41.18448,-18.82196,-29.47291
26280.,9.611237,11.17442,10.13725,11.63251,41.1842,-18.82228,-29.47233
26290.,9.610832,11.17401,10.13685,11.63211,41.18393,-18.8226,-29.47174
26300.,9.610428,11.17359,10.13645,11.6317,41.18366,-18.82292,-29.47115
26310.,9.610024,11.17318,10.13605,11.6313,41.18338,-18.82323,-29.47056
26320.,9.60962,11.17277,10.13565,11.6309,41.18311,-18.82355,-29.46997
26330.,9.609217,11.17236,10.13525,11.6305,41.18284,-18.82386,-29.46938
26340.,9.608815,11.17194,10.13485,11.63011,41.18257,-18.82418,-29.46879
26350.,9.608413,11.17153,10.13444,11.62971,41.1823,-18.8245,-29.4682
26360.,9.608011,11.17112,10.13404,11.62931,41.18203,-18.82481,-29.46761
26370.,9.60761,11.17071,10.13364,11.62891,41.18177,-18.82512,-29.46702
26380.,9.607209,11.1703,10.13324,11.62852,41.1815,-18.82544,-29.46643
26390.,9.606809,11.16989,10.13284,11.62812,41.18123,-18.82575,-29.46583
26400.,9.606409,11.16948,10.13244,11.62773,41.18097,-18.82607,-29.46524
26410.,9.60601,11.16907,10.13204,11.62733,41.1807,-18.82638,-29.46465
26420.,9.605612,11.16867,10.13164,11.62694,41.18044,-18.82669,-29.46406
26430.,9.605213,11.16826,10.13124,11.62654,41.18017,-18.827,-29.46346
26440.,9.604816,11.16785,10.13084,11.62615,41.17991,-18.82732,-29.46287
26450.,9.604418,11.16744,10.13044,11.62576,41.17965,-18.82763,-29.46227
26460.,9.604022,11.16704,10.13004,11.62537,41.17939,-18.82794,-29.46168
26470.,9.603625,11.16663,10.12964,11.62498,41.17913,-18.82825,-29.46108
26480.,9.60323,11.16622,10.12924,11.62459,41.17887,-18.82856,-29.46049
26490.,9.602834,11.16582,10.12884,11.6242,41.17861,-18.82887,-29.45989
26500.,9.602439,11.16541,10.12845,11.62381,41.17835,-18.82918,-29.45954
26510.,9.602045,11.16501,10.12805,11.62342,41.17809,-18.82949,-29.45998
26520.,9.601651,11.1646,10.12765,11.62303,41.17782,-18.8298,-29.46051
26530.,9.601258,11.1642,10.12725,11.62264,41.17756,-18.83011,-29.46104
26540.,9.600865,11.16379,10.12686,11.62226,41.17729,-18.83041,-29.46158
26550.,9.600472,11.16339,10.12646,11.62187,41.17702,-18.83072,-29.46212
26560.,9.60008,11.16299,10.12607,11.62148,41.17675,-18.83103,-29.46265
26570.,9.599689,11.16258,10.12568,11.6211,41.17648,-18.83134,-29.46319
26580.,9.599298,11.16218,10.12529,11.62071,41.1762,-18.83164,-29.46372
26590.,9.598907,11.16178,10.1249,11.62032,41.17593,-18.83195,-29.46426
26600.,9.598517,11.16137,10.1245,11.61994,41.17565,-18.83225,-29.46479
26610.,9.598127,11.16097,10.12412,11.61955,41.17537,-18.83256,-29.46533
26620.,9.597737,11.16057,10.12373,11.61917,41.17509,-18.83287,-29.46586
26630.,9.597348,11.16017,10.12334,11.61878,41.17481,-18.83317,-29.4664
26640.,9.59696,11.15976,10.12295,11.6184,41.17452,-18.83348,-29.46693
26650.,9.596571,11.15936,10.12256,11.61801,41.17424,-18.83378,-29.46747
26660.,9.596183,11.15896,10.12218,11.61763,41.17395,-18.83408,-29.468
26670.,9.595796,11.15856,10.12179,11.61725,41.17366,-18.83439,-29.46854
26680.,9.595409,11.15816,10.12141,11.61686,41.17337,-18.83469,-29.46907
26690.,9.595022,11.15775,10.12103,11.61648,41.17308,-18.83499,-29.4696
26700.,9.594636,11.15735,10.12064,11.6161,41.17278,-18.8353,-29.47014
26710.,9.59425,11.15695,10.12026,11.61572,41.17249,-18.8356,-29.47067
26720.,9.593864,11.15655,10.11988,11.61533,41.17219,-18.8359,-29.4712
26730.,9.593479,11.15615,10.1195,11.61495,41.17189,-18.8362,-29.47174
26740.,9.593094,11.15575,10.11912,11.61457,41.17159,-18.83651,-29.47227
26750.,9.59271,11.15535,10.11874,11.61419,41.17129,-18.83681,-29.4728
26760.,9.592326,11.15495,10.11836,11.61381,41.17099,-18.83711,-29.47333
26770.,9.591942,11.15455,10.11798,11.61343,41.17069,-18.83741,-29.47386
26780.,9.591559,11.15415,10.1176,11.61305,41.17038,-18.83771,-29.4744
26790.,9.591176,11.15375,10.11722,11.61267,41.17008,-18.83801,-29.47493
26800.,9.590793,11.15335,10.11685,11.61229,41.16977,-18.83831,-29.47546
26810.,9.59041,11.15295,10.11647,11.61191,41.16946,-18.83861,-29.47599
26820.,9.590028,11.15256,10.1161,11.61153,41.16915,-18.83891,-29.47652
26830.,9.589647,11.15216,10.11572,11.61115,41.16884,-18.83921,-29.47705
26840.,9.589265,11.15176,10.11535,11.61077,41.16853,-18.83951,-29.47758
26850.,9.588884,11.15136,10.11497,11.61039,41.16821,-18.83981,-29.47811
26860.,9.588503,11.15096,10.1146,11.61001,41.1679,-18.84011,-29.47864
26870.,9.588123,11.15056,10.11423,11.60963,41.16758,-18.84041,-29.47918
26880.,9.587742,11.15016,10.11386,11.60925,41.16727,-18.84071,-29.47971
26890.,9.587363,11.14977,10.11349,11.60888,41.16695,-18.84101,-29.48024
26900.,9.586983,11.14937,10.11312,11.6085,41.16663,-18.8413,-29.48077
26910.,9.586604,11.14897,10.11275,11.60812,41.16631,-18.8416,-29.4813
26920.,9.586225,11.14857,10.11238,11.60774,41.16599,-18.8419,-29.48182
26930.,9.585846,11.14818,10.11201,11.60737,41.16567,-18.8422,-29.48235
26940.,9.585467,11.14778,10.11164,11.60699,41.16534,-18.84249,-29.48288
26950.,9.585089,11.14738,10.11127,11.60661,41.16502,-18.84279,-29.48341
26960.,9.584711,11.14698,10.1109,11.60624,41.16469,-18.84309,-29.48394
26970.,9.584334,11.14659,10.11054,11.60586,41.16437,-18.84339,-29.48447
26980.,9.583957,11.14619,10.11017,11.60548,41.16404,-18.84368,-29.48567
26990.,9.583579,11.1458,10.1098,11.60511,41.16372,-18.84398,-29.48664
27000.,9.583203,11.1454,10.10943,11.60473,41.16341,-18.84428,-29.48793
27010.,9.582826,11.14501,10.10906,11.60436,41.16309,-18.84457,-29.48889
27020.,9.58245,11.14462,10.1087,11.60398,41.16278,-18.84487,-29.49018
27030.,9.582074,11.14423,10.10833,11.6036,41.16247,-18.84516,-29.49115
27040.,9.581699,11.14384,10.10796,11.60323,41.16217,-18.84546,-29.49244
27050.,9.581323,11.14345,10.10759,11.60285,41.16187,-18.84575,-29.4934
27060.,9.580949,11.14307,10.10722,11.60248,41.16157,-18.84605,-29.49469
27070.,9.580574,11.14268,10.10685,11.6021,41.16127,-18.84634,-29.49565
27080.,9.5802,11.1423,10.10648,11.60173,41.16098,-18.84664,-29.49695
27090.,9.579826,11.14191,10.10611,11.60135,41.16069,-18.84693,-29.49791
27100.,9.579452,11.14153,10.10574,11.60098,41.1604,-18.84723,-29.4992
27110.,9.579079,11.14115,10.10537,11.6006,41.16012,-18.84752,-29.50016
27120.,9.578706,11.14077,10.105,11.60023,41.15983,-18.84781,-29.50145
27130.,9.578334,11.14039,10.10462,11.59986,41.15955,-18.84811,-29.50241
27140.,9.577962,11.14001,10.10425,11.59948,41.15928,-18.8484,-29.50371
27150.,9.57759,11.13964,10.10388,11.59911,41.159,-18.84869,-29.50467
27160.,9.577219,11.13926,10.10351,11.59873,41.15873,-18.84898,-29.50596
27170.,9.576848,11.13889,10.10314,11.59836,41.15846,-18.84928,-29.50692
27180.,9.576478,11.13851,10.10277,11.59799,41.1582,-18.84957,-29.50821
27190.,9.576108,11.13814,10.1024,11.59762,41.15793,-18.84986,-29.50917
27200.,9.575738,11.13777,10.10202,11.59724,41.15767,-18.85015,-29.51046
27210.,9.575369,11.1374,10.10165,11.59687,41.15741,-18.85044,-29.51142
27220.,9.575,11.13703,10.10128,11.5965,41.15715,-18.85073,-29.51271
27230.,9.574631,11.13666,10.10091,11.59613,41.1569,-18.85102,-29.51367
27240.,9.574263,11.1363,10.10053,11.59576,41.15665,-18.85131,-29.51496
27250.,9.573896,11.13593,10.10016,11.59539,41.1564,-18.8516,-29.51592
27260.,9.573528,11.13556,10.09979,11.59501,41.15615,-18.85189,-29.51721
27270.,9.573162,11.1352,10.09942,11.59464,41.15591,-18.85218,-29.51817
27280.,9.572795,11.13484,10.09905,11.59427,41.15567,-18.85246,-29.51946
27290.,9.572429,11.13448,10.09867,11.5939,41.15542,-18.85275,-29.52041
27300.,9.572064,11.13412,10.0983,11.59353,41.15519,-18.85304,-29.5217
27310.,9.571699,11.13376,10.09793,11.59317,41.15495,-18.85333,-29.52266
27320.,9.571335,11.1334,10.09756,11.5928,41.15472,-18.85361,-29.52395
27330.,9.57097,11.13304,10.09718,11.59243,41.15449,-18.8539,-29.52491
27340.,9.570607,11.13268,10.09681,11.59206,41.15426,-18.85419,-29.5262
27350.,9.570244,11.13233,10.09644,11.59169,41.15403,-18.85447,-29.52715
27360.,9.569881,11.13197,10.09607,11.59132,41.1538,-18.85476,-29.52844
27370.,9.569519,11.13162,10.0957,11.59096,41.15358,-18.85504,-29.5294
27380.,9.569157,11.13127,10.09532,11.59059,41.15336,-18.85533,-29.53068
27390.,9.568796,11.13092,10.09495,11.59022,41.15314,-18.85561,-29.53164
27400.,9.568435,11.13057,10.09458,11.58986,41.15292,-18.85589,-29.53293
27410.,9.568075,11.13022,10.09421,11.58949,41.15271,-18.85618,-29.53388
27420.,9.567715,11.12987,10.09384,11.58913,41.1525,-18.85646,-29.53517
27430.,9.567356,11.12952,10.09346,11.58876,41.15228,-18.85674,-29.53612
27440.,9.566997,11.12918,10.09309,11.5884,41.15208,-18.85702,-29.53741
27450.,9.566639,11.12883,10.09272,11.58803,41.15187,-18.8573,-29.53802
27460.,9.566281,11.12849,10.09235,11.58767,41.15166,-18.85758,-29.53853
27470.,9.565924,11.12814,10.09198,11.58731,41.15144,-18.85787,-29.53903
27480.,9.565567,11.12779,10.09162,11.58694,41.15123,-18.85815,-29.53953
27490.,9.565211,11.12745,10.09125,11.58658,41.15102,-18.85842,-29.54003
27500.,9.564855,11.1271,10.09088,11.58622,41.1508,-18.8587,-29.54053
27510.,9.5645,11.12676,10.09052,11.58586,41.15059,-18.85898,-29.54103
27520.,9.564145,11.12641,10.09016,11.5855,41.15037,-18.85926,-29.54153
27530.,9.563791,11.12607,10.08979,11.58514,41.15015,-18.85954,-29.54202
27540.,9.563437,11.12572,10.08943,11.58478,41.14993,-18.85982,-29.54252
27550.,9.563084,11.12537,10.08907,11.58442,41.14971,-18.86009,-29.54302
27560.,9.562731,11.12503,10.08871,11.58406,41.14949,-18.86037,-29.54352
27570.,9.562378,11.12468,10.08835,11.5837,41.14927,-18.86065,-29.54401
27580.,9.562026,11.12434,10.08799,11.58334,41.14904,-18.86092,-29.54451
27590.,9.561674,11.12399,10.08763,11.58299,41.14882,-18.8612,-29.54501
27600.,9.561323,11.12364,10.08728,11.58263,41.1486,-18.86148,-29.5455
27610.,9.560972,11.1233,10.08692,11.58227,41.14837,-18.86175,-29.546
27620.,9.560622,11.12295,10.08656,11.58192,41.14814,-18.86203,-29.54649
27630.,9.560272,11.1226,10.08621,11.58156,41.14791,-18.8623,-29.54699
27640.,9.559923,11.12226,10.08586,11.58121,41.14769,-18.86257,-29.54748
27650.,9.559574,11.12191,10.0855,11.58085,41.14746,-18.86285,-29.54798
27660.,9.559225,11.12157,10.08515,11.5805,41.14723,-18.86312,-29.54847
27670.,9.558877,11.12122,10.0848,11.58014,41.147,-18.86339,-29.54896
27680.,9.558529,11.12087,10.08445,11.57979,41.14676,-18.86367,-29.54946
27690.,9.558182,11.12053,10.0841,11.57944,41.14653,-18.86394,-29.54995
27700.,9.557835,11.12018,10.08375,11.57908,41.1463,-18.86421,-29.55044
27710.,9.557489,11.11984,10.08341,11.57873,41.14606,-18.86448,-29.55094
27720.,9.557142,11.11949,10.08306,11.57838,41.14583,-18.86476,-29.55143
27730.,9.556797,11.11914,10.08271,11.57803,41.14559,-18.86503,-29.55192
27740.,9.556451,11.1188,10.08237,11.57768,41.14536,-18.8653,-29.55241
27750.,9.556107,11.11845,10.08202,11.57733,41.14512,-18.86557,-29.5529
27760.,9.555762,11.1181,10.08168,11.57698,41.14488,-18.86584,-29.5534
27770.,9.555418,11.11776,10.08133,11.57663,41.14464,-18.86611,-29.55389
27780.,9.555074,11.11741,10.08099,11.57628,41.1444,-18.86638,-29.55438
27790.,9.554731,11.11707,10.08065,11.57593,41.14416,-18.86665,-29.55487
27800.,9.554388,11.11672,10.08031,11.57558,41.14392,-18.86692,-29.55536
27810.,9.554045,11.11637,10.07997,11.57523,41.14368,-18.86718,-29.55585
27820.,9.553703,11.11603,10.07963,11.57488,41.14344,-18.86745,-29.55634
27830.,9.553361,11.11568,10.07929,11.57454,41.14319,-18.86772,-29.55683
27840.,9.55302,11.11534,10.07895,11.57419,41.14295,-18.86799,-29.55732
27850.,9.552679,11.11499,10.07861,11.57384,41.14271,-18.86826,-29.5578
27860.,9.552338,11.11464,10.07828,11.5735,41.14246,-18.86852,-29.55829
27870.,9.551997,11.1143,10.07794,11.57315,41.14222,-18.86879,-29.55878
27880.,9.551657,11.11395,10.07761,11.57281,41.14197,-18.86906,-29.55927
27890.,9.551318,11.11361,10.07727,11.57246,41.14173,-18.86932,-29.55976
27900.,9.550978,11.11326,10.07694,11.57211,41.14148,-18.86959,-29.56024
27910.,9.55064,11.11291,10.0766,11.57177,41.14123,-18.86986,-29.56073
27920.,9.550301,11.11257,10.07627,11.57143,41.14098,-18.87012,-29.56101
27930.,9.549963,11.11223,10.07594,11.57108,41.14074,-18.87039,-29.5608
27940.,9.549625,11.11188,10.0756,11.57074,41.14049,-18.87065,-29.56054
27950.,9.549287,11.11154,10.07527,11.5704,41.14025,-18.87092,-29.56027
27960.,9.54895,11.1112,10.07494,11.57005,41.14,-18.87118,-29.56001
27970.,9.548613,11.11086,10.07461,11.56971,41.13976,-18.87145,-29.55974
27980.,9.548277,11.11052,10.07428,11.56937,41.13952,-18.87171,-29.55947
27990.,9.547941,11.11019,10.07395,11.56903,41.13928,-18.87197,-29.5592
28000.,9.547605,11.10985,10.07361,11.56869,41.13904,-18.87224,-29.55894
28010.,9.54727,11.10952,10.07328,11.56835,41.1388,-18.8725,-29.55867
28020.,9.546935,11.10919,10.07295,11.56801,41.13856,-18.87276,-29.5584
28030.,9.546601,11.10886,10.07262,11.56767,41.13832,-18.87303,-29.55813
28040.,9.546266,11.10853,10.07229,11.56734,41.13808,-18.87329,-29.55786
28050.,9.545933,11.1082,10.07196,11.567,41.13785,-18.87355,-29.55759
28060.,9.545599,11.10787,10.07163,11.56666,41.13761,-18.87381,-29.55732
28070.,9.545266,11.10754,10.07131,11.56633,41.13738,-18.87407,-29.55705
28080.,9.544934,11.10722,10.07098,11.56599,41.13714,-18.87433,-29.55678
28090.,9.544602,11.1069,10.07065,11.56565,41.13691,-18.87459,-29.55651
28100.,9.54427,11.10657,10.07032,11.56532,41.13668,-18.87485,-29.55624
28110.,9.543938,11.10625,10.06999,11.56499,41.13645,-18.87511,-29.55597
28120.,9.543607,11.10593,10.06967,11.56465,41.13622,-18.87537,-29.55569
28130.,9.543277,11.10561,10.06934,11.56432,41.13599,-18.87563,-29.55542
28140.,9.542947,11.10529,10.06901,11.56399,41.13576,-18.87589,-29.55515
28150.,9.542617,11.10498,10.06869,11.56365,41.13553,-18.87615,-29.55487
28160.,9.542287,11.10466,10.06836,11.56332,41.1353,-18.87641,-29.5546
28170.,9.541959,11.10435,10.06803,11.56299,41.13508,-18.87667,-29.55433
28180.,9.54163,11.10404,10.06771,11.56266,41.13485,-18.87693,-29.55405
28190.,9.541302,11.10372,10.06738,11.56233,41.13463,-18.87718,-29.55378
28200.,9.540974,11.10341,10.06706,11.562,41.1344,-18.87744,-29.5535
28210.,9.540647,11.1031,10.06673,11.56167,41.13418,-18.8777,-29.55323
28220.,9.54032,11.10279,10.06641,11.56134,41.13396,-18.87795,-29.55295
28230.,9.539994,11.10249,10.06609,11.56102,41.13373,-18.87821,-29.55267
28240.,9.539668,11.10218,10.06576,11.56069,41.13351,-18.87846,-29.5524
28250.,9.539342,11.10188,10.06544,11.56036,41.13329,-18.87872,-29.55212
28260.,9.539017,11.10157,10.06512,11.56004,41.13307,-18.87898,-29.55184
28270.,9.538692,11.10127,10.0648,11.55971,41.13285,-18.87923,-29.55156
28280.,9.538368,11.10097,10.06447,11.55938,41.13263,-18.87948,-29.55129
28290.,9.538044,11.10067,10.06415,11.55906,41.13242,-18.87974,-29.55101
28300.,9.537721,11.10037,10.06383,11.55874,41.1322,-18.87999,-29.55073
28310.,9.537398,11.10007,10.06351,11.55841,41.13198,-18.88024,-29.55045
28320.,9.537075,11.09977,10.06319,11.55809,41.13177,-18.8805,-29.55017
28330.,9.536753,11.09947,10.06287,11.55777,41.13155,-18.88075,-29.54989
28340.,9.536432,11.09918,10.06255,11.55744,41.13134,-18.881,-29.54961
28350.,9.53611,11.09888,10.06223,11.55712,41.13112,-18.88125,-29.54933
28360.,9.53579,11.09859,10.06191,11.5568,41.13091,-18.88151,-29.54905
28370.,9.535469,11.0983,10.06159,11.55648,41.1307,-18.88176,-29.54877
28380.,9.535149,11.09801,10.06128,11.55616,41.13049,-18.88201,-29.54848
28390.,9.53483,11.09772,10.06096,11.55584,41.13028,-18.88226,-29.5482
28400.,9.534511,11.09743,10.06064,11.55553,41.13007,-18.88251,-29.54817
28410.,9.534193,11.09714,10.06032,11.55521,41.12986,-18.88276,-29.54815
28420.,9.533875,11.09685,10.06001,11.55489,41.12964,-18.88301,-29.54814
28430.,9.533557,11.09656,10.05969,11.55457,41.12943,-18.88325,-29.54813
28440.,9.53324,11.09627,10.05938,11.55426,41.12922,-18.8835,-29.54812
28450.,9.532923,11.09598,10.05906,11.55394,41.12901,-18.88375,-29.54811
28460.,9.532607,11.09569,10.05875,11.55362,41.1288,-18.884,-29.5481
28470.,9.532291,11.09541,10.05844,11.55331,41.12859,-18.88425,-29.54808
28480.,9.531976,11.09512,10.05812,11.55299,41.12838,-18.88449,-29.54807
28490.,9.531661,11.09483,10.05781,11.55268,41.12816,-18.88474,-29.54806
28500.,9.531346,11.09454,10.0575,11.55237,41.12795,-18.88499,-29.54805
28510.,9.531032,11.09426,10.05719,11.55205,41.12774,-18.88523,-29.54803
28520.,9.530718,11.09397,10.05688,11.55174,41.12753,-18.88548,-29.54802
28530.,9.530405,11.09368,10.05657,11.55143,41.12732,-18.88572,-29.548
28540.,9.530093,11.0934,10.05626,11.55112,41.12711,-18.88597,-29.54799
28550.,9.52978,11.09311,10.05595,11.5508,41.12689,-18.88621,-29.54798
28560.,9.529468,11.09282,10.05564,11.55049,41.12668,-18.88646,-29.54796
28570.,9.529157,11.09254,10.05534,11.55018,41.12647,-18.8867,-29.54795
28580.,9.528846,11.09225,10.05503,11.54987,41.12626,-18.88694,-29.54793
28590.,9.528535,11.09197,10.05472,11.54956,41.12605,-18.88719,-29.54791
28600.,9.528225,11.09168,10.05442,11.54925,41.12584,-18.88743,-29.5479
28610.,9.527915,11.0914,10.05411,11.54894,41.12562,-18.88767,-29.54788
28620.,9.527606,11.09112,10.05381,11.54864,41.12541,-18.88792,-29.54786
28630.,9.527297,11.09083,10.0535,11.54833,41.1252,-18.88816,-29.54785
28640.,9.526988,11.09055,10.0532,11.54802,41.12499,-18.8884,-29.54783
28650.,9.52668,11.09026,10.0529,11.54771,41.12478,-18.88864,-29.54781
28660.,9.526372,11.08998,10.05259,11.54741,41.12456,-18.88888,-29.54779
28670.,9.526065,11.0897,10.05229,11.5471,41.12435,-18.88912,-29.54777
28680.,9.525758,11.08941,10.05199,11.5468,41.12414,-18.88936,-29.54776
28690.,9.525452,11.08913,10.05169,11.54649,41.12393,-18.8896,-29.54774
28700.,9.525146,11.08885,10.05139,11.54619,41.12372,-18.88984,-29.54772
28710.,9.52484,11.08857,10.05109,11.54588,41.1235,-18.89008,-29.5477
28720.,9.524535,11.08829,10.05079,11.54558,41.12329,-18.89032,-29.54768
28730.,9.52423,11.08801,10.05049,11.54527,41.12308,-18.89056,-29.54766
28740.,9.523926,11.08772,10.05019,11.54497,41.12287,-18.8908,-29.54764
28750.,9.523622,11.08744,10.04989,11.54467,41.12266,-18.89103,-29.54762
28760.,9.523318,11.08716,10.0496,11.54437,41.12245,-18.89127,-29.54759
28770.,9.523015,11.08688,10.0493,11.54407,41.12223,-18.89151,-29.54757
28780.,9.522712,11.0866,10.049,11.54376,41.12202,-18.89175,-29.54755
28790.,9.52241,11.08632,10.04871,11.54346,41.12181,-18.89198,-29.54753
28800.,9.522108,11.08604,10.04841,11.54316,41.1216,-18.89222,-29.54751
28810.,9.521806,11.08576,10.04812,11.54286,41.12139,-18.89245,-29.54748
28820.,9.521505,11.08548,10.04782,11.54256,41.12118,-18.89269,-29.54746
28830.,9.521204,11.08521,10.04753,11.54226,41.12097,-18.89293,-29.54744
28840.,9.520904,11.08493,10.04723,11.54197,41.12075,-18.89316,-29.54742
28850.,9.520604,11.08465,10.04694,11.54167,41.12054,-18.89339,-29.54739
28860.,9.520304,11.08437,10.04665,11.54137,41.12033,-18.89363,-29.54737
28870.,9.520005,11.08409,10.04636,11.54107,41.12012,-18.89386,-29.5474
28880.,9.519706,11.08382,10.04606,11.54078,41.1199,-18.8941,-29.54746
28890.,9.519408,11.08354,10.04577,11.54048,41.11968,-18.89433,-29.54753
28900.,9.51911,11.08326,10.04548,11.54018,41.11946,-18.89456,-29.54759
28910.,9.518812,11.08298,10.04518,11.53989,41.11924,-18.8948,-29.54766
28920.,9.518515,11.08271,10.04489,11.53959,41.11901,-18.89503,-29.54772
28930.,9.518218,11.08243,10.0446,11.5393,41.11878,-18.89526,-29.54779
28940.,9.517921,11.08216,10.0443,11.539,41.11854,-18.89549,-29.54785
28950.,9.517625,11.08188,10.04401,11.53871,41.11831,-18.89573,-29.54792
28960.,9.517329,11.0816,10.04371,11.53841,41.11807,-18.89596,-29.54798
28970.,9.517033,11.08133,10.04342,11.53812,41.11783,-18.89619,-29.54804
28980.,9.516737,11.08105,10.04312,11.53782,41.11758,-18.89642,-29.54811
28990.,9.516442,11.08078,10.04282,11.53753,41.11734,-18.89665,-29.54817
29000.,9.516147,11.0805,10.04253,11.53724,41.11709,-18.89688,-29.54823
29010.,9.515853,11.08023,10.04223,11.53695,41.11683,-18.89711,-29.5483
29020.,9.515558,11.07995,10.04193,11.53665,41.11658,-18.89734,-29.54836
29030.,9.515264,11.07968,10.04164,11.53636,41.11632,-18.89757,-29.54842
29040.,9.51497,11.0794,10.04134,11.53607,41.11606,-18.8978,-29.54849
29050.,9.514677,11.07913,10.04104,11.53578,41.1158,-18.89803,-29.54855
29060.,9.514383,11.07885,10.04074,11.53549,41.11554,-18.89826,-29.54861
29070.,9.51409,11.07858,10.04045,11.53519,41.11527,-18.89849,-29.54867
29080.,9.513797,11.07831,10.04015,11.5349,41.115,-18.89872,-29.54873
29090.,9.513504,11.07803,10.03985,11.53461,41.11473,-18.89895,-29.5488
29100.,9.513212,11.07776,10.03955,11.53432,41.11446,-18.89918,-29.54886
29110.,9.512919,11.07748,10.03925,11.53403,41.11418,-18.89941,-29.54892
29120.,9.512627,11.07721,10.03895,11.53374,41.1139,-18.89964,-29.54898
29130.,9.512335,11.07694,10.03865,11.53345,41.11362,-18.89987,-29.54904
29140.,9.512043,11.07666,10.03835,11.53316,41.11334,-18.9001,-29.5491
29150.,9.511751,11.07639,10.03805,11.53287,41.11306,-18.90033,-29.54916
29160.,9.51146,11.07612,10.03775,11.53258,41.11277,-18.90055,-29.54922
29170.,9.511169,11.07584,10.03745,11.53229,41.11248,-18.90078,-29.54928
29180.,9.510877,11.07557,10.03714,11.532,41.11219,-18.90101,-29.54935
29190.,9.510586,11.0753,10.03684,11.53171,41.1119,-18.90124,-29.54941
29200.,9.510295,11.07502,10.03654,11.53142,41.1116,-18.90147,-29.54947
29210.,9.510005,11.07475,10.03624,11.53113,41.11131,-18.9017,-29.54953
29220.,9.509714,11.07448,10.03593,11.53085,41.11101,-18.90192,-29.54959
29230.,9.509423,11.0742,10.03563,11.53056,41.11071,-18.90215,-29.54965
29240.,9.509133,11.07393,10.03533,11.53027,41.1104,-18.90238,-29.54971
29250.,9.508843,11.07366,10.03502,11.52998,41.1101,-18.90261,-29.54977
29260.,9.508552,11.07339,10.03472,11.52969,41.10979,-18.90284,-29.54983
29270.,9.508262,11.07311,10.03441,11.5294,41.10949,-18.90306,-29.54989
29280.,9.507972,11.07284,10.03411,11.52912,41.10918,-18.90329,-29.54995
29290.,9.507682,11.07257,10.0338,11.52883,41.10886,-18.90352,-29.55001
29300.,9.507392,11.07229,10.0335,11.52854,41.10855,-18.90375,-29.55007
29310.,9.507102,11.07202,10.03319,11.52825,41.10824,-18.90398,-29.55013
29320.,9.506813,11.07175,10.03289,11.52796,41.10792,-18.9042,-29.55019
29330.,9.506523,11.07147,10.03258,11.52768,41.1076,-18.90443,-29.55025
29340.,9.506233,11.0712,10.03227,11.52739,41.10728,-18.90466,-29.55062
29350.,9.505944,11.07093,10.03197,11.5271,41.10697,-18.90489,-29.55151
29360.,9.505654,11.07065,10.03166,11.52681,41.10667,-18.90512,-29.55246
29370.,9.505365,11.07038,10.03136,11.52652,41.10637,-18.90534,-29.55342
29380.,9.505076,11.07011,10.03106,11.52624,41.10608,-18.90557,-29.55438
29390.,9.504787,11.06984,10.03076,11.52595,41.10579,-18.9058,-29.55533
29400.,9.504498,11.06956,10.03046,11.52566,41.10552,-18.90603,-29.55629
29410.,9.504209,11.06929,10.03016,11.52537,41.10524,-18.90625,-29.55725
29420.,9.50392,11.06902,10.02987,11.52508,41.10497,-18.90648,-29.55821
29430.,9.503632,11.06875,10.02957,11.52479,41.10471,-18.90671,-29.55916
29440.,9.503344,11.06847,10.02928,11.52451,41.10446,-18.90694,-29.56012
29450.,9.503056,11.0682,10.02899,11.52422,41.10421,-18.90716,-29.56108
29460.,9.502768,11.06793,10.0287,11.52393,41.10397,-18.90739,-29.56203
29470.,9.502481,11.06766,10.02841,11.52364,41.10373,-18.90761,-29.56299
29480.,9.502193,11.06739,10.02812,11.52335,41.10349,-18.90784,-29.56395
29490.,9.501906,11.06711,10.02783,11.52307,41.10327,-18.90807,-29.5649
29500.,9.50162,11.06684,10.02755,11.52278,41.10305,-18.90829,-29.56586
29510.,9.501333,11.06657,10.02726,11.52249,41.10283,-18.90852,-29.56682
29520.,9.501047,11.0663,10.02698,11.52221,41.10262,-18.90874,-29.56777
29530.,9.500762,11.06603,10.0267,11.52192,41.10241,-18.90897,-29.56873
29540.,9.500477,11.06576,10.02642,11.52163,41.10221,-18.90919,-29.56969
29550.,9.500192,11.06549,10.02614,11.52135,41.10202,-18.90942,-29.57064
29560.,9.499907,11.06522,10.02586,11.52106,41.10183,-18.90964,-29.5716
29570.,9.499623,11.06496,10.02558,11.52077,41.10164,-18.90987,-29.57255
29580.,9.499339,11.06469,10.02531,11.52049,41.10146,-18.91009,-29.57351
29590.,9.499056,11.06442,10.02503,11.5202,41.10129,-18.91031,-29.57446
29600.,9.498773,11.06415,10.02476,11.51992,41.10112,-18.91053,-29.57542
29610.,9.49849,11.06388,10.02449,11.51963,41.10095,-18.91076,-29.57637
29620.,9.498208,11.06362,10.02422,11.51935,41.10079,-18.91098,-29.57733
29630.,9.497927,11.06335,10.02395,11.51906,41.10063,-18.9112,-29.57828
29640.,9.497646,11.06308,10.02368,11.51878,41.10048,-18.91142,-29.57924
29650.,9.497365,11.06282,10.02342,11.5185,41.10033,-18.91164,-29.58019
29660.,9.497085,11.06255,10.02315,11.51821,41.10019,-18.91186,-29.58115
29670.,9.496805,11.06229,10.02289,11.51793,41.10005,-18.91208,-29.5821
29680.,9.496526,11.06203,10.02263,11.51765,41.09992,-18.9123,-29.58305
29690.,9.496247,11.06176,10.02237,11.51737,41.09979,-18.91252,-29.58401
29700.,9.495969,11.0615,10.02211,11.51708,41.09966,-18.91274,-29.58496
29710.,9.495692,11.06124,10.02185,11.5168,41.09954,-18.91296,-29.58591
29720.,9.495415,11.06097,10.02159,11.51652,41.09943,-18.91317,-29.58686
29730.,9.495138,11.06071,10.02134,11.51624,41.09931,-18.91339,-29.58782
29740.,9.494862,11.06045,10.02109,11.51596,41.09921,-18.91361,-29.58877
29750.,9.494587,11.06019,10.02083,11.51568,41.0991,-18.91382,-29.58972
29760.,9.494313,11.05993,10.02058,11.5154,41.099,-18.91404,-29.59067
29770.,9.494038,11.05967,10.02033,11.51513,41.09891,-18.91425,-29.59162
29780.,9.493765,11.05941,10.02008,11.51485,41.09881,-18.91447,-29.59257
29790.,9.493492,11.05915,10.01984,11.51457,41.09873,-18.91468,-29.59352
29800.,9.49322,11.05889,10.01959,11.51429,41.09864,-18.9149,-29.59447
29810.,9.492948,11.05864,10.01935,11.51402,41.09856,-18.91511,-29.59539
29820.,9.492677,11.05838,10.0191,11.51374,41.09848,-18.91532,-29.59595
29830.,9.492407,11.05812,10.01886,11.51347,41.09839,-18.91553,-29.59648
29840.,9.492137,11.05787,10.01861,11.51319,41.09831,-18.91574,-29.59701
29850.,9.491868,11.05761,10.01837,11.51292,41.09822,-18.91596,-29.59753
29860.,9.491599,11.05736,10.01812,11.51265,41.09813,-18.91617,-29.59805
29870.,9.491332,11.05711,10.01787,11.51237,41.09804,-18.91637,-29.59857
29880.,9.491064,11.05685,10.01763,11.5121,41.09795,-18.91658,-29.59909
29890.,9.490797,11.0566,10.01738,11.51183,41.09785,-18.91679,-29.59961
29900.,9.490531,11.05635,10.01713,11.51156,41.09775,-18.917,-29.60013
29910.,9.490266,11.0561,10.01688,11.51129,41.09766,-18.91721,-29.60065
29920.,9.490001,11.05584,10.01664,11.51102,41.09756,-18.91742,-29.60117
29930.,9.489736,11.05559,10.01639,11.51075,41.09746,-18.91762,-29.60169
29940.,9.489472,11.05534,10.01614,11.51048,41.09735,-18.91783,-29.60221
29950.,9.489209,11.05509,10.01589,11.51021,41.09725,-18.91803,-29.60273
29960.,9.488946,11.05485,10.01564,11.50994,41.09714,-18.91824,-29.60325
29970.,9.488683,11.0546,10.01539,11.50968,41.09704,-18.91844,-29.60377
29980.,9.488422,11.05435,10.01514,11.50941,41.09693,-18.91865,-29.60428
29990.,9.48816,11.0541,10.01489,11.50914,41.09682,-18.91885,-29.6048
30000.,9.487899,11.05385,10.01464,11.50888,41.09671,-18.91906,-29.60532
30010.,9.487639,11.05361,10.01439,11.50861,41.09659,-18.91926,-29.60584
30020.,9.487379,11.05336,10.01414,11.50835,41.09648,-18.91946,-29.60635
30030.,9.48712,11.05312,10.01389,11.50808,41.09637,-18.91966,-29.60687
30040.,9.486861,11.05287,10.01364,11.50782,41.09625,-18.91987,-29.60738
30050.,9.486603,11.05263,10.01339,11.50756,41.09613,-18.92007,-29.6079
30060.,9.486345,11.05238,10.01313,11.50729,41.09601,-18.92027,-29.60841
30070.,9.486087,11.05214,10.01288,11.50703,41.09589,-18.92047,-29.60893
30080.,9.48583,11.05189,10.01263,11.50677,41.09577,-18.92067,-29.60944
30090.,9.485574,11.05165,10.01238,11.50651,41.09565,-18.92087,-29.60996
30100.,9.485318,11.05141,10.01212,11.50625,41.09552,-18.92107,-29.61047
30110.,9.485062,11.05117,10.01187,11.50599,41.0954,-18.92127,-29.61098
30120.,9.484807,11.05092,10.01162,11.50573,41.09527,-18.92147,-29.6115
30130.,9.484552,11.05068,10.01136,11.50547,41.09514,-18.92167,-29.61201
30140.,9.484298,11.05044,10.01111,11.50521,41.09501,-18.92186,-29.61252
30150.,9.484044,11.0502,10.01085,11.50495,41.09488,-18.92206,-29.61303
30160.,9.48379,11.04996,10.0106,11.50469,41.09475,-18.92226,-29.61355
30170.,9.483537,11.04972,10.01034,11.50443,41.09462,-18.92246,-29.61406
30180.,9.483285,11.04948,10.01009,11.50417,41.09449,-18.92265,-29.61457
30190.,9.483032,11.04924,10.00983,11.50392,41.09435,-18.92285,-29.61508
30200.,9.48278,11.049,10.00958,11.50366,41.09422,-18.92305,-29.61559
30210.,9.482529,11.04877,10.00932,11.5034,41.09408,-18.92324,-29.6161
30220.,9.482278,11.04853,10.00907,11.50315,41.09394,-18.92344,-29.61661
30230.,9.482027,11.04829,10.00881,11.50289,41.0938,-18.92363,-29.61712
30240.,9.481777,11.04805,10.00855,11.50263,41.09366,-18.92383,-29.61763
30250.,9.481527,11.04782,10.0083,11.50238,41.09352,-18.92402,-29.61814
30260.,9.481277,11.04758,10.00804,11.50212,41.09338,-18.92422,-29.61865
30270.,9.481028,11.04734,10.00778,11.50187,41.09324,-18.92441,-29.61916
30280.,9.480779,11.04711,10.00752,11.50162,41.0931,-18.9246,-29.61967
30290.,9.480531,11.04687,10.00727,11.50136,41.09295,-18.9248,-29.61945
30300.,9.480283,11.04664,10.00701,11.50111,41.09281,-18.92499,-29.61893
30310.,9.480035,11.0464,10.00676,11.50086,41.09266,-18.92518,-29.61839
30320.,9.479787,11.04616,10.0065,11.5006,41.09251,-18.92538,-29.61784
30330.,9.47954,11.04593,10.00625,11.50035,41.09236,-18.92557,-29.61729
30340.,9.479293,11.04569,10.00599,11.5001,41.09221,-18.92576,-29.61674
30350.,9.479047,11.04545,10.00574,11.49985,41.09206,-18.92595,-29.6162
30360.,9.478801,11.04522,10.00549,11.4996,41.09191,-18.92615,-29.61565
30370.,9.478555,11.04498,10.00524,11.49935,41.09176,-18.92634,-29.6151
30380.,9.47831,11.04474,10.00499,11.4991,41.09161,-18.92653,-29.61455
30390.,9.478065,11.0445,10.00474,11.49885,41.09145,-18.92672,-29.614
30400.,9.47782,11.04427,10.00449,11.49861,41.0913,-18.92691,-29.61345
30410.,9.477575,11.04403,10.00424,11.49836,41.09114,-18.9271,-29.61289
30420.,9.477331,11.04379,10.00399,11.49811,41.09099,-18.92729,-29.61234
30430.,9.477087,11.04355,10.00375,11.49787,41.09083,-18.92748,-29.61179
30440.,9.476844,11.04331,10.0035,11.49762,41.09067,-18.92767,-29.61124
30450.,9.476601,11.04307,10.00326,11.49737,41.09051,-18.92786,-29.61069
30460.,9.476358,11.04284,10.00301,11.49713,41.09035,-18.92805,-29.61013
30470.,9.476115,11.0426,10.00277,11.49689,41.09019,-18.92824,-29.60958
30480.,9.475873,11.04236,10.00252,11.49664,41.09003,-18.92843,-29.60903
30490.,9.475631,11.04212,10.00228,11.4964,41.08987,-18.92862,-29.60847
30500.,9.475389,11.04188,10.00204,11.49615,41.0897,-18.9288,-29.60792
30510.,9.475148,11.04164,10.0018,11.49591,41.08954,-18.92899,-29.60736
30520.,9.474906,11.0414,10.00155,11.49567,41.08937,-18.92918,-29.60681
30530.,9.474666,11.04116,10.00131,11.49543,41.08921,-18.92937,-29.60626
30540.,9.474425,11.04092,10.00107,11.49519,41.08904,-18.92956,-29.6057
30550.,9.474185,11.04068,10.00083,11.49495,41.08888,-18.92974,-29.60514
30560.,9.473945,11.04044,10.00059,11.4947,41.08871,-18.92993,-29.60459
30570.,9.473705,11.0402,10.00036,11.49446,41.08854,-18.93012,-29.60403
30580.,9.473466,11.03996,10.00012,11.49423,41.08837,-18.9303,-29.60348
30590.,9.473226,11.03972,9.999882,11.49399,41.0882,-18.93049,-29.60292
30600.,9.472987,11.03948,9.999645,11.49375,41.08803,-18.93068,-29.60236
30610.,9.472749,11.03924,9.999409,11.49351,41.08786,-18.93086,-29.60181
30620.,9.47251,11.039,9.999173,11.49327,41.08769,-18.93105,-29.60125
30630.,9.472272,11.03876,9.998938,11.49303,41.08752,-18.93123,-29.60069
30640.,9.472035,11.03851,9.998704,11.4928,41.08734,-18.93142,-29.60013
30650.,9.471797,11.03827,9.99847,11.49256,41.08717,-18.93161,-29.59957
30660.,9.47156,11.03803,9.998237,11.49232,41.087,-18.93179,-29.59901
30670.,9.471323,11.03779,9.998004,11.49209,41.08682,-18.93198,-29.59846
30680.,9.471086,11.03755,9.997771,11.49185,41.08665,-18.93216,-29.5979
30690.,9.470849,11.03731,9.99754,11.49162,41.08647,-18.93234,-29.59734
30700.,9.470613,11.03707,9.997308,11.49138,41.0863,-18.93253,-29.59678
30710.,9.470377,11.03682,9.997077,11.49115,41.08612,-18.93271,-29.59622
30720.,9.470141,11.03658,9.996847,11.49091,41.08594,-18.9329,-29.59566
30730.,9.469905,11.03634,9.996617,11.49068,41.08577,-18.93308,-29.5951
30740.,9.46967,11.0361,9.996388,11.49045,41.08559,-18.93327,-29.59454
30750.,9.469435,11.03585,9.996159,11.49021,41.08541,-18.93345,-29.59398
30760.,9.4692,11.03561,9.995931,11.48998,41.08523,-18.93363,-29.59351
30770.,9.468966,11.03537,9.995702,11.48975,41.08505,-18.93382,-29.59315
30780.,9.468731,11.03513,9.995473,11.48951,41.08487,-18.934,-29.59281
30790.,9.468497,11.03489,9.995244,11.48928,41.08469,-18.93418,-29.59246
30800.,9.468263,11.03465,9.995016,11.48905,41.08451,-18.93436,-29.59212
30810.,9.46803,11.03441,9.994787,11.48882,41.08433,-18.93455,-29.59178
30820.,9.467796,11.03418,9.994558,11.48859,41.08415,-18.93473,-29.59144
30830.,9.467563,11.03394,9.994329,11.48836,41.08398,-18.93491,-29.59109
30840.,9.46733,11.0337,9.9941,11.48813,41.0838,-18.93509,-29.59075
30850.,9.467097,11.03347,9.993871,11.4879,41.08362,-18.93528,-29.59041
30860.,9.466865,11.03323,9.993642,11.48767,41.08344,-18.93546,-29.59006
30870.,9.466633,11.033,9.993414,11.48744,41.08326,-18.93564,-29.58972
30880.,9.466401,11.03277,9.993185,11.48721,41.08308,-18.93582,-29.58937
30890.,9.466169,11.03254,9.992956,11.48698,41.0829,-18.936,-29.58903
30900.,9.465937,11.0323,9.992727,11.48675,41.08272,-18.93618,-29.58868
30910.,9.465706,11.03207,9.992498,11.48653,41.08254,-18.93636,-29.58834
30920.,9.465475,11.03184,9.992269,11.4863,41.08237,-18.93654,-29.58799
30930.,9.465244,11.03161,9.99204,11.48607,41.08219,-18.93672,-29.58765
30940.,9.465014,11.03138,9.991811,11.48584,41.08201,-18.9369,-29.5873
30950.,9.464783,11.03115,9.991582,11.48562,41.08183,-18.93708,-29.58696
30960.,9.464553,11.03093,9.991353,11.48539,41.08165,-18.93726,-29.58661
30970.,9.464323,11.0307,9.991124,11.48516,41.08147,-18.93744,-29.58626
30980.,9.464094,11.03047,9.990895,11.48494,41.08129,-18.93762,-29.58592
30990.,9.463864,11.03025,9.990666,11.48471,41.08111,-18.9378,-29.58557
31000.,9.463635,11.03002,9.990437,11.48449,41.08094,-18.93798,-29.58522
31010.,9.463406,11.0298,9.990208,11.48426,41.08076,-18.93816,-29.58488
31020.,9.463177,11.02957,9.989979,11.48404,41.08058,-18.93834,-29.58453
31030.,9.462949,11.02935,9.98975,11.48381,41.0804,-18.93852,-29.58418
31040.,9.462721,11.02913,9.989521,11.48359,41.08022,-18.9387,-29.58384
31050.,9.462493,11.02891,9.989292,11.48336,41.08004,-18.93888,-29.58349
31060.,9.462265,11.02869,9.989064,11.48314,41.07987,-18.93905,-29.58314
31070.,9.462037,11.02847,9.988835,11.48292,41.07969,-18.93923,-29.58279
31080.,9.46181,11.02825,9.988606,11.48269,41.07951,-18.93941,-29.58244
31090.,9.461583,11.02803,9.988377,11.48247,41.07933,-18.93959,-29.5821
31100.,9.461356,11.02781,9.988149,11.48225,41.07915,-18.93977,-29.58175
31110.,9.46113,11.02759,9.98792,11.48203,41.07898,-18.93994,-29.5814
31120.,9.460903,11.02737,9.987691,11.4818,41.0788,-18.94012,-29.58105
31130.,9.460677,11.02715,9.987463,11.48158,41.07862,-18.9403,-29.5807
31140.,9.460451,11.02694,9.987234,11.48136,41.07844,-18.94047,-29.58035
31150.,9.460226,11.02672,9.987006,11.48114,41.07826,-18.94065,-29.58
31160.,9.46,11.02651,9.986777,11.48092,41.07809,-18.94083,-29.57965
31170.,9.459775,11.02629,9.986549,11.4807,41.07791,-18.941,-29.5793
31180.,9.45955,11.02608,9.986321,11.48048,41.07773,-18.94118,-29.57895
31190.,9.459325,11.02586,9.986092,11.48026,41.07755,-18.94136,-29.5786
31200.,9.459101,11.02565,9.985864,11.48004,41.07738,-18.94153,-29.57825
31210.,9.458877,11.02544,9.985636,11.47982,41.0772,-18.94171,-29.5779
31220.,9.458653,11.02523,9.985408,11.4796,41.07702,-18.94188,-29.57755
31230.,9.458429,11.02501,9.98518,11.47938,41.07685,-18.94206,-29.57733
31240.,9.458205,11.0248,9.984953,11.47916,41.07667,-18.94223,-29.57786
31250.,9.457982,11.02459,9.984726,11.47894,41.07649,-18.94241,-29.57846
31260.,9.457759,11.02438,9.9845,11.47872,41.07632,-18.94258,-29.57907
31270.,9.457536,11.02417,9.984275,11.47851,41.07614,-18.94276,-29.57968
31280.,9.457313,11.02395,9.984051,11.47829,41.07597,-18.94293,-29.58029
31290.,9.457091,11.02374,9.983827,11.47807,41.0758,-18.94311,-29.5809
31300.,9.456869,11.02352,9.983604,11.47785,41.07562,-18.94328,-29.58152
31310.,9.456647,11.02331,9.983381,11.47763,41.07545,-18.94345,-29.58213
31320.,9.456425,11.0231,9.98316,11.47742,41.07528,-18.94363,-29.58274
31330.,9.456204,11.02288,9.982939,11.4772,41.07511,-18.9438,-29.58335
31340.,9.455982,11.02267,9.982718,11.47698,41.07494,-18.94398,-29.58396
31350.,9.455761,11.02245,9.982498,11.47676,41.07477,-18.94415,-29.58457
31360.,9.455541,11.02224,9.982279,11.47654,41.0746,-18.94432,-29.58518
31370.,9.45532,11.02202,9.982061,11.47633,41.07443,-18.94449,-29.58579
31380.,9.4551,11.0218,9.981843,11.47611,41.07426,-18.94467,-29.5864
31390.,9.45488,11.02159,9.981626,11.47589,41.0741,-18.94484,-29.58702
31400.,9.45466,11.02137,9.981409,11.47567,41.07393,-18.94501,-29.58763
31410.,9.45444,11.02115,9.981193,11.47546,41.07376,-18.94518,-29.58824
31420.,9.454221,11.02094,9.980978,11.47524,41.0736,-18.94536,-29.58885
31430.,9.454002,11.02072,9.980763,11.47502,41.07343,-18.94553,-29.58946
31440.,9.453783,11.0205,9.980549,11.47481,41.07327,-18.9457,-29.59007
31450.,9.453564,11.02028,9.980336,11.47459,41.0731,-18.94587,-29.59068
31460.,9.453346,11.02007,9.980123,11.47437,41.07294,-18.94604,-29.59129
31470.,9.453128,11.01985,9.979911,11.47416,41.07278,-18.94621,-29.5919
31480.,9.45291,11.01963,9.979699,11.47394,41.07261,-18.94638,-29.59251
31490.,9.452692,11.01941,9.979488,11.47373,41.07245,-18.94655,-29.59312
31500.,9.452475,11.01919,9.979278,11.47351,41.07229,-18.94672,-29.59373
31510.,9.452258,11.01897,9.979068,11.47329,41.07213,-18.94689,-29.59434
31520.,9.452041,11.01875,9.978858,11.47308,41.07197,-18.94706,-29.59495
31530.,9.451824,11.01853,9.97865,11.47286,41.07181,-18.94723,-29.59556
31540.,9.451608,11.01832,9.978442,11.47265,41.07165,-18.9474,-29.59617
31550.,9.451391,11.0181,9.978234,11.47243,41.07149,-18.94757,-29.59678
31560.,9.451175,11.01788,9.978027,11.47222,41.07133,-18.94774,-29.59739
31570.,9.45096,11.01766,9.977821,11.472,41.07117,-18.94791,-29.598
31580.,9.450744,11.01744,9.977615,11.47179,41.07101,-18.94808,-29.5986
31590.,9.450529,11.01721,9.97741,11.47157,41.07085,-18.94825,-29.59921
31600.,9.450314,11.01699,9.977205,11.47136,41.0707,-18.94842,-29.59982
31610.,9.450099,11.01677,9.977001,11.47114,41.07054,-18.94859,-29.60043
31620.,9.449885,11.01655,9.976797,11.47093,41.07039,-18.94876,-29.60104
31630.,9.44967,11.01633,9.976594,11.47071,41.07023,-18.94892,-29.60165
31640.,9.449456,11.01611,9.976392,11.4705,41.07007,-18.94909,-29.60226
31650.,9.449242,11.01589,9.97619,11.47029,41.06992,-18.94926,-29.60287
31660.,9.449029,11.01567,9.975989,11.47007,41.06976,-18.94943,-29.60348
31670.,9.448815,11.01545,9.975788,11.46986,41.06961,-18.94959,-29.60408
31680.,9.448602,11.01523,9.975587,11.46965,41.06946,-18.94976,-29.60469
31690.,9.44839,11.015,9.975388,11.46943,41.0693,-18.94993,-29.6053
31700.,9.448177,11.01478,9.975188,11.46922,41.06915,-18.95009,-29.60591
31710.,9.447965,11.01456,9.974989,11.46901,41.069,-18.95026,-29.60551
31720.,9.447752,11.01434,9.974789,11.46879,41.06885,-18.95043,-29.60482
31730.,9.447541,11.01412,9.974589,11.46858,41.0687,-18.95059,-29.60411
31740.,9.447329,11.0139,9.974389,11.46837,41.06855,-18.95076,-29.60339
31750.,9.447118,11.01367,9.974189,11.46816,41.0684,-18.95092,-29.60267
31760.,9.446906,11.01345,9.973988,11.46795,41.06825,-18.95109,-29.60195
31770.,9.446695,11.01323,9.973787,11.46774,41.0681,-18.95126,-29.60123
31780.,9.446485,11.01301,9.973586,11.46753,41.06796,-18.95142,-29.60051
31790.,9.446274,11.01279,9.973385,11.46732,41.06781,-18.95159,-29.59978
31800.,9.446064,11.01257,9.973184,11.46711,41.06767,-18.95175,-29.59906
31810.,9.445854,11.01235,9.972982,11.4669,41.06752,-18.95192,-29.59834
31820.,9.445645,11.01213,9.97278,11.46669,41.06738,-18.95208,-29.59762
31830.,9.445435,11.01191,9.972578,11.46648,41.06724,-18.95224,-29.5969
31840.,9.445226,11.01169,9.972376,11.46628,41.06709,-18.95241,-29.59618
31850.,9.445017,11.01147,9.972173,11.46607,41.06695,-18.95257,-29.59545
31860.,9.444808,11.01125,9.97197,11.46586,41.06681,-18.95274,-29.59473
31870.,9.4446,11.01103,9.971768,11.46565,41.06667,-18.9529,-29.59401
31880.,9.444392,11.01081,9.971565,11.46545,41.06653,-18.95306,-29.59328
31890.,9.444184,11.01059,9.971361,11.46524,41.06639,-18.95323,-29.59256
31900.,9.443976,11.01037,9.971158,11.46504,41.06626,-18.95339,-29.59184
31910.,9.443769,11.01015,9.970955,11.46483,41.06612,-18.95355,-29.59111
31920.,9.443561,11.00993,9.970751,11.46463,41.06598,-18.95371,-29.59039
31930.,9.443354,11.00971,9.970547,11.46442,41.06585,-18.95388,-29.58966
31940.,9.443148,11.0095,9.970343,11.46422,41.06571,-18.95404,-29.58894
31950.,9.442941,11.00928,9.970139,11.46402,41.06558,-18.9542,-29.58821
31960.,9.442735,11.00906,9.969935,11.46381,41.06544,-18.95436,-29.58749
31970.,9.442529,11.00884,9.969731,11.46361,41.06531,-18.95452,-29.58676
31980.,9.442323,11.00862,9.969526,11.46341,41.06518,-18.95468,-29.58604
31990.,9.442118,11.0084,9.969322,11.46321,41.06504,-18.95485,-29.58531
32000.,9.441913,11.00819,9.969117,11.46301,41.06491,-18.95501,-29.58458
32010.,9.441708,11.00797,9.968912,11.46281,41.06478,-18.95517,-29.58386
32020.,9.441503,11.00775,9.968707,11.46261,41.06465,-18.95533,-29.58313
32030.,9.441299,11.00753,9.968502,11.46241,41.06452,-18.95549,-29.5824
32040.,9.441094,11.00732,9.968297,11.46221,41.06439,-18.95565,-29.58168
32050.,9.44089,11.0071,9.968092,11.46201,41.06426,-18.95581,-29.58095
32060.,9.440687,11.00688,9.967887,11.46181,41.06414,-18.95597,-29.58022
32070.,9.440483,11.00667,9.967681,11.46161,41.06401,-18.95613,-29.57949
32080.,9.44028,11.00645,9.967476,11.46141,41.06388,-18.95629,-29.57876
32090.,9.440077,11.00623,9.96727,11.46121,41.06375,-18.95645,-29.57803
32100.,9.439874,11.00602,9.967065,11.46101,41.06363,-18.9566,-29.57731
32110.,9.439672,11.0058,9.966859,11.46082,41.0635,-18.95676,-29.57658
32120.,9.43947,11.00559,9.966653,11.46062,41.06338,-18.95692,-29.57585
32130.,9.439268,11.00537,9.966447,11.46042,41.06325,-18.95708,-29.57512
32140.,9.439066,11.00516,9.966241,11.46023,41.06313,-18.95724,-29.57439
32150.,9.438865,11.00494,9.966036,11.46003,41.06301,-18.9574,-29.57366
32160.,9.438664,11.00473,9.96583,11.45984,41.06288,-18.95755,-29.57293
32170.,9.438463,11.00451,9.965623,11.45964,41.06276,-18.95771,-29.5722
32180.,9.438262,11.0043,9.965418,11.45945,41.06264,-18.95787,-29.57202
32190.,9.438061,11.00408,9.965213,11.45925,41.06251,-18.95803,-29.57236
32200.,9.437861,11.00387,9.965008,11.45906,41.06239,-18.95818,-29.57276
32210.,9.437661,11.00365,9.964804,11.45886,41.06226,-18.95834,-29.57316
32220.,9.437462,11.00344,9.964601,11.45867,41.06213,-18.9585,-29.57357
32230.,9.437262,11.00322,9.964398,11.45848,41.06199,-18.95865,-29.57397
32240.,9.437063,11.00301,9.964196,11.45828,41.06186,-18.95881,-29.57438
32250.,9.436864,11.00279,9.963995,11.45809,41.06172,-18.95896,-29.57478
32260.,9.436665,11.00258,9.963794,11.45789,41.06158,-18.95912,-29.57518
32270.,9.436466,11.00236,9.963594,11.4577,41.06144,-18.95928,-29.57559
32280.,9.436268,11.00215,9.963394,11.45751,41.0613,-18.95943,-29.57599
32290.,9.436069,11.00193,9.963195,11.45731,41.06115,-18.95959,-29.5764
32300.,9.435871,11.00172,9.962996,11.45712,41.06101,-18.95974,-29.5768
32310.,9.435673,11.0015,9.962798,11.45693,41.06086,-18.9599,-29.57721
32320.,9.435476,11.00129,9.9626,11.45673,41.06071,-18.96005,-29.57761
32330.,9.435278,11.00107,9.962403,11.45654,41.06055,-18.96021,-29.57801
32340.,9.435081,11.00086,9.962206,11.45635,41.0604,-18.96036,-29.57842
32350.,9.434884,11.00064,9.96201,11.45615,41.06025,-18.96052,-29.57882
32360.,9.434686,11.00043,9.961814,11.45596,41.06009,-18.96067,-29.57922
32370.,9.43449,11.00021,9.961619,11.45577,41.05993,-18.96083,-29.57963
32380.,9.434293,11.,9.961424,11.45558,41.05977,-18.96098,-29.58003
32390.,9.434096,10.99978,9.96123,11.45538,41.05961,-18.96113,-29.58044
32400.,9.4339,10.99957,9.961036,11.45519,41.05944,-18.96129,-29.58084
32410.,9.433704,10.99935,9.960843,11.455,41.05928,-18.96144,-29.58124
32420.,9.433507,10.99914,9.96065,11.4548,41.05911,-18.9616,-29.58165
32430.,9.433311,10.99892,9.960458,11.45461,41.05894,-18.96175,-29.58205
32440.,9.433115,10.99871,9.960266,11.45442,41.05877,-18.9619,-29.58245
32450.,9.43292,10.99849,9.960074,11.45423,41.0586,-18.96206,-29.58286
32460.,9.432724,10.99828,9.959883,11.45403,41.05843,-18.96221,-29.58326
32470.,9.432528,10.99806,9.959692,11.45384,41.05826,-18.96237,-29.58366
32480.,9.432333,10.99785,9.959502,11.45365,41.05808,-18.96252,-29.58407
32490.,9.432138,10.99763,9.959311,11.45346,41.0579,-18.96267,-29.58447
32500.,9.431942,10.99741,9.959122,11.45326,41.05772,-18.96283,-29.58488
32510.,9.431747,10.9972,9.958933,11.45307,41.05755,-18.96298,-29.58528
32520.,9.431552,10.99698,9.958744,11.45288,41.05736,-18.96313,-29.58568
32530.,9.431357,10.99677,9.958555,11.45269,41.05718,-18.96329,-29.58609
32540.,9.431163,10.99655,9.958367,11.45249,41.057,-18.96344,-29.58649
32550.,9.430968,10.99634,9.958179,11.4523,41.05681,-18.96359,-29.58689
32560.,9.430773,10.99612,9.957992,11.45211,41.05663,-18.96374,-29.5873
32570.,9.430579,10.9959,9.957805,11.45192,41.05644,-18.9639,-29.5877
32580.,9.430384,10.99569,9.957618,11.45172,41.05625,-18.96405,-29.5881
32590.,9.43019,10.99547,9.957431,11.45153,41.05606,-18.9642,-29.58851
32600.,9.429995,10.99525,9.957245,11.45134,41.05587,-18.96436,-29.58891
32610.,9.429801,10.99504,9.957059,11.45115,41.05568,-18.96451,-29.58931
32620.,9.429607,10.99482,9.956874,11.45095,41.05548,-18.96466,-29.58972
32630.,9.429413,10.9946,9.956689,11.45076,41.05529,-18.96482,-29.59012
32640.,9.429219,10.99439,9.956504,11.45057,41.05509,-18.96497,-29.59052
32650.,9.429025,10.99417,9.956319,11.45038,41.05489,-18.96512,-29.59106
32660.,9.428831,10.99396,9.956133,11.45018,41.0547,-18.96527,-29.59201
32670.,9.428637,10.99374,9.955947,11.44999,41.05451,-18.96543,-29.593
32680.,9.428443,10.99353,9.955761,11.4498,41.05432,-18.96558,-29.59415
32690.,9.428249,10.99331,9.955574,11.4496,41.05414,-18.96573,-29.59503
32700.,9.428056,10.9931,9.955386,11.44941,41.05396,-18.96588,-29.59602
32710.,9.427862,10.99289,9.955198,11.44922,41.05378,-18.96604,-29.59717
32720.,9.427669,10.99268,9.95501,11.44902,41.0536,-18.96619,-29.59804
32730.,9.427475,10.99247,9.954821,11.44883,41.05343,-18.96634,-29.59903
32740.,9.427282,10.99226,9.954631,11.44864,41.05326,-18.96649,-29.60018
32750.,9.427089,10.99206,9.954442,11.44844,41.05309,-18.96665,-29.60105
32760.,9.426896,10.99185,9.954251,11.44825,41.05293,-18.9668,-29.60204
32770.,9.426703,10.99165,9.95406,11.44806,41.05277,-18.96695,-29.60319
32780.,9.42651,10.99144,9.953869,11.44786,41.05261,-18.9671,-29.60406
32790.,9.426318,10.99124,9.953678,11.44767,41.05245,-18.96726,-29.60505
32800.,9.426125,10.99103,9.953486,11.44748,41.05229,-18.96741,-29.6062
32810.,9.425933,10.99083,9.953293,11.44728,41.05214,-18.96756,-29.60707
32820.,9.425741,10.99063,9.953101,11.44709,41.05199,-18.96771,-29.60806
32830.,9.425549,10.99043,9.952908,11.44689,41.05185,-18.96786,-29.60921
32840.,9.425357,10.99023,9.952714,11.4467,41.0517,-18.96801,-29.61008
32850.,9.425166,10.99003,9.952521,11.44651,41.05156,-18.96816,-29.61107
32860.,9.424974,10.98984,9.952326,11.44631,41.05142,-18.96832,-29.61222
32870.,9.424783,10.98964,9.952132,11.44612,41.05128,-18.96847,-29.6131
32880.,9.424592,10.98944,9.951937,11.44593,41.05115,-18.96862,-29.61409
32890.,9.424401,10.98925,9.951742,11.44573,41.05102,-18.96877,-29.61524
32900.,9.424211,10.98906,9.951547,11.44554,41.05089,-18.96892,-29.61611
32910.,9.42402,10.98886,9.951352,11.44535,41.05076,-18.96907,-29.6171
32920.,9.42383,10.98867,9.951156,11.44515,41.05063,-18.96922,-29.61825
32930.,9.42364,10.98848,9.95096,11.44496,41.05051,-18.96937,-29.61912
32940.,9.423451,10.98829,9.950764,11.44477,41.05039,-18.96952,-29.62011
32950.,9.423261,10.9881,9.950567,11.44457,41.05027,-18.96967,-29.62126
32960.,9.423072,10.98791,9.950371,11.44438,41.05015,-18.96982,-29.62213
32970.,9.422883,10.98772,9.950174,11.44419,41.05004,-18.96997,-29.62312
32980.,9.422694,10.98753,9.949977,11.44399,41.04992,-18.97011,-29.62427
32990.,9.422505,10.98735,9.949779,11.4438,41.04981,-18.97026,-29.62514
33000.,9.422317,10.98716,9.949582,11.44361,41.0497,-18.97041,-29.62613
33010.,9.422129,10.98698,9.949384,11.44342,41.0496,-18.97056,-29.62728
33020.,9.421941,10.98679,9.949186,11.44322,41.04949,-18.97071,-29.62815
33030.,9.421754,10.98661,9.948988,11.44303,41.04939,-18.97086,-29.62914
33040.,9.421566,10.98643,9.94879,11.44284,41.04929,-18.971,-29.63029
33050.,9.421379,10.98625,9.948592,11.44265,41.04919,-18.97115,-29.63116
33060.,9.421193,10.98607,9.948394,11.44246,41.04909,-18.9713,-29.63215
33070.,9.421006,10.98589,9.948195,11.44227,41.049,-18.97144,-29.6333
33080.,9.42082,10.98571,9.947996,11.44207,41.0489,-18.97159,-29.63417
33090.,9.420634,10.98553,9.947798,11.44188,41.04881,-18.97174,-29.63516
33100.,9.420448,10.98536,9.947599,11.44169,41.04872,-18.97188,-29.63631
33110.,9.420263,10.98518,9.9474,11.4415,41.04863,-18.97203,-29.63718
33120.,9.420078,10.985,9.947201,11.44131,41.04855,-18.97217,-29.63817
33130.,9.419893,10.98483,9.947003,11.44112,41.04846,-18.97232,-29.63865
33140.,9.419709,10.98465,9.946805,11.44093,41.04837,-18.97246,-29.63905
33150.,9.419525,10.98448,9.946608,11.44074,41.04828,-18.97261,-29.63943
33160.,9.419341,10.9843,9.946412,11.44055,41.04819,-18.97275,-29.63981
33170.,9.419157,10.98412,9.946217,11.44036,41.0481,-18.9729,-29.64019
33180.,9.418974,10.98395,9.946023,11.44017,41.048,-18.97304,-29.64057
33190.,9.418791,10.98377,9.945829,11.43998,41.04791,-18.97319,-29.64096
33200.,9.418608,10.98359,9.945636,11.43979,41.04781,-18.97333,-29.64134
33210.,9.418426,10.98341,9.945444,11.43961,41.04771,-18.97347,-29.64172
33220.,9.418243,10.98324,9.945252,11.43942,41.04762,-18.97362,-29.6421
33230.,9.418061,10.98306,9.945061,11.43923,41.04752,-18.97376,-29.64248
33240.,9.41788,10.98288,9.944871,11.43904,41.04742,-18.9739,-29.64286
33250.,9.417698,10.9827,9.944682,11.43886,41.04731,-18.97404,-29.64324
33260.,9.417517,10.98252,9.944493,11.43867,41.04721,-18.97419,-29.64362
33270.,9.417336,10.98235,9.944305,11.43848,41.04711,-18.97433,-29.644
33280.,9.417155,10.98217,9.944117,11.4383,41.047,-18.97447,-29.64437
33290.,9.416975,10.98199,9.94393,11.43811,41.0469,-18.97461,-29.64475
33300.,9.416794,10.98181,9.943744,11.43792,41.04679,-18.97475,-29.64513
33310.,9.416614,10.98163,9.943559,11.43774,41.04668,-18.9749,-29.64551
33320.,9.416434,10.98145,9.943374,11.43755,41.04657,-18.97504,-29.64589
33330.,9.416255,10.98127,9.94319,11.43737,41.04646,-18.97518,-29.64627
33340.,9.416075,10.98109,9.943006,11.43718,41.04635,-18.97532,-29.64665
33350.,9.415896,10.98091,9.942823,11.437,41.04624,-18.97546,-29.64703
33360.,9.415717,10.98073,9.94264,11.43681,41.04612,-18.9756,-29.6474
33370.,9.415539,10.98055,9.942459,11.43663,41.04601,-18.97574,-29.64778
33380.,9.41536,10.98037,9.942277,11.43645,41.04589,-18.97588,-29.64816
33390.,9.415182,10.98018,9.942097,11.43626,41.04578,-18.97602,-29.64854
33400.,9.415004,10.98,9.941916,11.43608,41.04566,-18.97616,-29.64891
33410.,9.414826,10.97982,9.941737,11.4359,41.04554,-18.9763,-29.64929
33420.,9.414648,10.97964,9.941558,11.43571,41.04543,-18.97644,-29.64967
33430.,9.414471,10.97946,9.94138,11.43553,41.04531,-18.97658,-29.65005
33440.,9.414293,10.97928,9.941202,11.43535,41.04519,-18.97672,-29.65042
33450.,9.414116,10.97909,9.941024,11.43516,41.04506,-18.97686,-29.6508
33460.,9.413939,10.97891,9.940848,11.43498,41.04494,-18.977,-29.65118
33470.,9.413763,10.97873,9.940671,11.4348,41.04482,-18.97713,-29.65155
33480.,9.413586,10.97854,9.940496,11.43462,41.0447,-18.97727,-29.65193
33490.,9.41341,10.97836,9.94032,11.43444,41.04457,-18.97741,-29.6523
33500.,9.413233,10.97818,9.940146,11.43425,41.04445,-18.97755,-29.65268
33510.,9.413057,10.978,9.939971,11.43407,41.04432,-18.97769,-29.65306
33520.,9.412882,10.97781,9.939798,11.43389,41.04419,-18.97783,-29.65343
33530.,9.412706,10.97763,9.939624,11.43371,41.04407,-18.97796,-29.65381
33540.,9.41253,10.97744,9.939452,11.43353,41.04394,-18.9781,-29.65418
33550.,9.412355,10.97726,9.939279,11.43335,41.04381,-18.97824,-29.65456
33560.,9.41218,10.97708,9.939108,11.43317,41.04368,-18.97838,-29.65493
33570.,9.412005,10.97689,9.938936,11.43299,41.04355,-18.97851,-29.65531
33580.,9.41183,10.97671,9.938766,11.43281,41.04342,-18.97865,-29.65568
33590.,9.411655,10.97652,9.938595,11.43263,41.04329,-18.97879,-29.65606
33600.,9.411481,10.97634,9.938425,11.43245,41.04316,-18.97893,-29.65602
33610.,9.411307,10.97615,9.938255,11.43227,41.04303,-18.97906,-29.65567
33620.,9.411132,10.97597,9.938085,11.43209,41.0429,-18.9792,-29.6553
33630.,9.410958,10.97579,9.937915,11.43191,41.04277,-18.97934,-29.65492
33640.,9.410785,10.97561,9.937745,11.43173,41.04264,-18.97947,-29.65454
33650.,9.410611,10.97543,9.937575,11.43155,41.04251,-18.97961,-29.65416
33660.,9.410437,10.97526,9.937405,11.43138,41.04238,-18.97975,-29.65378
33670.,9.410264,10.97508,9.937236,11.4312,41.04226,-18.97988,-29.6534
33680.,9.410091,10.97491,9.937066,11.43102,41.04213,-18.98002,-29.65302
33690.,9.409918,10.97473,9.936897,11.43084,41.04201,-18.98015,-29.65264
33700.,9.409745,10.97456,9.936727,11.43067,41.04188,-18.98029,-29.65226
33710.,9.409573,10.97439,9.936558,11.43049,41.04176,-18.98042,-29.65188
33720.,9.4094,10.97422,9.936389,11.43031,41.04164,-18.98056,-29.6515
33730.,9.409228,10.97405,9.93622,11.43014,41.04151,-18.9807,-29.65112
33740.,9.409056,10.97388,9.936051,11.42996,41.04139,-18.98083,-29.65074
33750.,9.408884,10.97371,9.935882,11.42979,41.04127,-18.98097,-29.65036
33760.,9.408713,10.97354,9.935713,11.42961,41.04115,-18.9811,-29.64998
33770.,9.408541,10.97338,9.935544,11.42944,41.04103,-18.98123,-29.64959
33780.,9.40837,10.97321,9.935376,11.42927,41.04091,-18.98137,-29.64921
33790.,9.408199,10.97305,9.935207,11.42909,41.0408,-18.9815,-29.64883
33800.,9.408029,10.97289,9.935039,11.42892,41.04068,-18.98164,-29.64845
33810.,9.407858,10.97272,9.934871,11.42875,41.04056,-18.98177,-29.64806
33820.,9.407688,10.97256,9.934703,11.42857,41.04045,-18.9819,-29.64768
33830.,9.407518,10.9724,9.934535,11.4284,41.04033,-18.98204,-29.6473
33840.,9.407348,10.97224,9.934367,11.42823,41.04022,-18.98217,-29.64691
33850.,9.407178,10.97209,9.9342,11.42806,41.0401,-18.9823,-29.64653
33860.,9.407009,10.97193,9.934032,11.42789,41.03999,-18.98244,-29.64614
33870.,9.40684,10.97177,9.933865,11.42772,41.03988,-18.98257,-29.64576
33880.,9.406671,10.97162,9.933698,11.42755,41.03976,-18.9827,-29.64538
33890.,9.406502,10.97147,9.933531,11.42737,41.03965,-18.98284,-29.64499
33900.,9.406333,10.97131,9.933364,11.42721,41.03954,-18.98297,-29.64461
33910.,9.406165,10.97116,9.933198,11.42704,41.03943,-18.9831,-29.64422
33920.,9.405997,10.97101,9.933031,11.42687,41.03932,-18.98323,-29.64383
33930.,9.405829,10.97086,9.932865,11.4267,41.03921,-18.98336,-29.64345
33940.,9.405662,10.97071,9.932699,11.42653,41.0391,-18.98349,-29.64306
33950.,9.405495,10.97056,9.932533,11.42636,41.039,-18.98363,-29.64268
33960.,9.405328,10.97042,9.932367,11.42619,41.03889,-18.98376,-29.64229
33970.,9.405161,10.97027,9.932202,11.42603,41.03878,-18.98389,-29.6419
33980.,9.404994,10.97012,9.932036,11.42586,41.03868,-18.98402,-29.64152
33990.,9.404828,10.96998,9.931871,11.42569,41.03857,-18.98415,-29.64113
34000.,9.404662,10.96984,9.931706,11.42553,41.03847,-18.98428,-29.64074
34010.,9.404496,10.96969,9.931541,11.42536,41.03836,-18.98441,-29.64035
34020.,9.404331,10.96955,9.931377,11.4252,41.03826,-18.98454,-29.63997
34030.,9.404166,10.96941,9.931212,11.42503,41.03815,-18.98467,-29.63958
34040.,9.404001,10.96927,9.931048,11.42487,41.03805,-18.9848,-29.63919
34050.,9.403836,10.96913,9.930884,11.4247,41.03795,-18.98493,-29.6388
34060.,9.403672,10.96899,9.93072,11.42454,41.03785,-18.98506,-29.63841
34070.,9.403507,10.96885,9.930557,11.42437,41.03775,-18.98518,-29.6381
34080.,9.403344,10.96872,9.930393,11.42421,41.03764,-18.98531,-29.63796
34090.,9.40318,10.96858,9.930231,11.42405,41.03754,-18.98544,-29.63784
34100.,9.403017,10.96844,9.930068,11.42388,41.03744,-18.98557,-29.63772
34110.,9.402853,10.9683,9.929907,11.42372,41.03734,-18.9857,-29.63761
34120.,9.402691,10.96817,9.929745,11.42356,41.03724,-18.98582,-29.63749
34130.,9.402528,10.96803,9.929584,11.4234,41.03713,-18.98595,-29.63737
34140.,9.402366,10.96789,9.929423,11.42324,41.03703,-18.98608,-29.63726
34150.,9.402204,10.96775,9.929263,11.42307,41.03693,-18.9862,-29.63714
34160.,9.402042,10.96762,9.929103,11.42291,41.03682,-18.98633,-29.63702
34170.,9.40188,10.96748,9.928943,11.42275,41.03672,-18.98646,-29.6369
34180.,9.401719,10.96734,9.928784,11.42259,41.03662,-18.98658,-29.63678
34190.,9.401558,10.96721,9.928626,11.42243,41.03651,-18.98671,-29.63666
34200.,9.401397,10.96707,9.928467,11.42227,41.03641,-18.98684,-29.63655
34210.,9.401237,10.96693,9.928309,11.42211,41.0363,-18.98696,-29.63643
34220.,9.401076,10.9668,9.928152,11.42195,41.0362,-18.98709,-29.63631
34230.,9.400916,10.96666,9.927994,11.42179,41.0361,-18.98721,-29.63619
34240.,9.400757,10.96652,9.927837,11.42164,41.03599,-18.98734,-29.63607
34250.,9.400597,10.96639,9.927681,11.42148,41.03589,-18.98746,-29.63595
34260.,9.400438,10.96625,9.927525,11.42132,41.03578,-18.98759,-29.63583
34270.,9.400279,10.96611,9.927369,11.42116,41.03568,-18.98771,-29.63571
34280.,9.40012,10.96598,9.927214,11.421,41.03557,-18.98783,-29.63559
34290.,9.399961,10.96584,9.927058,11.42085,41.03547,-18.98796,-29.63547
34300.,9.399803,10.9657,9.926904,11.42069,41.03536,-18.98808,-29.63535
34310.,9.399645,10.96557,9.926749,11.42053,41.03525,-18.98821,-29.63523
34320.,9.399487,10.96543,9.926595,11.42038,41.03515,-18.98833,-29.63511
34330.,9.39933,10.9653,9.926442,11.42022,41.03504,-18.98845,-29.63498
34340.,9.399172,10.96516,9.926288,11.42006,41.03494,-18.98858,-29.63486
34350.,9.399015,10.96503,9.926136,11.41991,41.03483,-18.9887,-29.63474
34360.,9.398858,10.96489,9.925983,11.41975,41.03472,-18.98882,-29.63462
34370.,9.398702,10.96475,9.925831,11.4196,41.03462,-18.98894,-29.6345
34380.,9.398545,10.96462,9.925679,11.41944,41.03451,-18.98907,-29.63438
34390.,9.398389,10.96448,9.925527,11.41929,41.03441,-18.98919,-29.63425
34400.,9.398233,10.96435,9.925376,11.41913,41.0343,-18.98931,-29.63413
34410.,9.398077,10.96421,9.925225,11.41898,41.03419,-18.98943,-29.63401
34420.,9.397922,10.96408,9.925074,11.41883,41.03409,-18.98955,-29.63388
34430.,9.397767,10.96394,9.924924,11.41867,41.03398,-18.98967,-29.63376
34440.,9.397612,10.96381,9.924774,11.41852,41.03387,-18.9898,-29.63364
34450.,9.397457,10.96367,9.924625,11.41837,41.03376,-18.98992,-29.63352
34460.,9.397302,10.96354,9.924475,11.41821,41.03366,-18.99004,-29.63339
34470.,9.397148,10.9634,9.924326,11.41806,41.03355,-18.99016,-29.63327
34480.,9.396994,10.96327,9.924178,11.41791,41.03344,-18.99028,-29.63314
34490.,9.39684,10.96314,9.924029,11.41776,41.03334,-18.9904,-29.63302
34500.,9.396686,10.963,9.923881,11.4176,41.03323,-18.99052,-29.6329
34510.,9.396533,10.96287,9.923734,11.41745,41.03312,-18.99064,-29.63277
34520.,9.39638,10.96273,9.923586,11.4173,41.03301,-18.99076,-29.63265
34530.,9.396227,10.9626,9.923439,11.41715,41.03291,-18.99088,-29.63252
34540.,9.396074,10.96247,9.923293,11.417,41.0328,-18.991,-29.6324
34550.,9.395921,10.96233,9.923145,11.41685,41.03269,-18.99112,-29.63235
34560.,9.395769,10.9622,9.922998,11.4167,41.03257,-18.99123,-29.63232
34570.,9.395617,10.96206,9.92285,11.41655,41.03246,-18.99135,-29.63228
34580.,9.395465,10.96193,9.922701,11.4164,41.03234,-18.99147,-29.63225
34590.,9.395313,10.9618,9.922552,11.41625,41.03221,-18.99159,-29.63221
34600.,9.395162,10.96166,9.922403,11.4161,41.03209,-18.99171,-29.63218
34610.,9.39501,10.96153,9.922253,11.41595,41.03196,-18.99183,-29.63214
34620.,9.394859,10.9614,9.922103,11.4158,41.03183,-18.99194,-29.63211
34630.,9.394708,10.96126,9.921952,11.41565,41.03169,-18.99206,-29.63207
34640.,9.394557,10.96113,9.921801,11.4155,41.03155,-18.99218,-29.63204
34650.,9.394406,10.961,9.921649,11.41535,41.03141,-18.9923,-29.632
34660.,9.394255,10.96086,9.921497,11.41521,41.03127,-18.99242,-29.63196
34670.,9.394104,10.96073,9.921344,11.41506,41.03113,-18.99253,-29.63193
34680.,9.393954,10.9606,9.921191,11.41491,41.03098,-18.99265,-29.63189
34690.,9.393803,10.96046,9.921038,11.41476,41.03083,-18.99277,-29.63186
34700.,9.393653,10.96033,9.920884,11.41461,41.03067,-18.99289,-29.63182
34710.,9.393503,10.9602,9.92073,11.41446,41.03052,-18.993,-29.63179
34720.,9.393353,10.96006,9.920575,11.41431,41.03036,-18.99312,-29.63175
34730.,9.393202,10.95993,9.920419,11.41417,41.03019,-18.99324,-29.63171
34740.,9.393052,10.95979,9.920264,11.41402,41.03003,-18.99336,-29.63168
34750.,9.392902,10.95966,9.920107,11.41387,41.02986,-18.99347,-29.63164
34760.,9.392752,10.95953,9.919951,11.41372,41.0297,-18.99359,-29.6316
34770.,9.392602,10.95939,9.919793,11.41357,41.02952,-18.99371,-29.63157
34780.,9.392453,10.95926,9.919636,11.41343,41.02935,-18.99383,-29.63153
34790.,9.392303,10.95913,9.919477,11.41328,41.02917,-18.99394,-29.6315
34800.,9.392153,10.95899,9.919319,11.41313,41.029,-18.99406,-29.63146
34810.,9.392003,10.95886,9.91916,11.41298,41.02882,-18.99418,-29.63142
34820.,9.391853,10.95872,9.919,11.41284,41.02863,-18.9943,-29.63139
34830.,9.391703,10.95859,9.91884,11.41269,41.02845,-18.99441,-29.63135
34840.,9.391553,10.95845,9.918679,11.41254,41.02826,-18.99453,-29.63131
34850.,9.391403,10.95832,9.918518,11.41239,41.02807,-18.99465,-29.63128
34860.,9.391254,10.95819,9.918357,11.41224,41.02788,-18.99477,-29.63124
34870.,9.391104,10.95805,9.918195,11.4121,41.02769,-18.99488,-29.6312
34880.,9.390954,10.95792,9.918032,11.41195,41.02749,-18.995,-29.63117
34890.,9.390804,10.95778,9.917869,11.4118,41.02729,-18.99512,-29.63113
34900.,9.390654,10.95765,9.917706,11.41165,41.02709,-18.99524,-29.6311
34910.,9.390504,10.95751,9.917542,11.4115,41.02689,-18.99536,-29.63106
34920.,9.390353,10.95737,9.917377,11.41136,41.02669,-18.99547,-29.63102
34930.,9.390203,10.95724,9.917212,11.41121,41.02648,-18.99559,-29.63099
34940.,9.390053,10.9571,9.917047,11.41106,41.02627,-18.99571,-29.63095
34950.,9.389902,10.95697,9.916881,11.41091,41.02606,-18.99583,-29.63092
34960.,9.389752,10.95683,9.916715,11.41076,41.02585,-18.99595,-29.63088
34970.,9.389602,10.95669,9.916548,11.41061,41.02564,-18.99607,-29.63084
34980.,9.389451,10.95656,9.91638,11.41047,41.02542,-18.99618,-29.63081
34990.,9.3893,10.95642,9.916212,11.41032,41.0252,-18.9963,-29.63077
35000.,9.389149,10.95629,9.916044,11.41017,41.02498,-18.99642,-29.63074
35010.,9.388999,10.95615,9.915875,11.41002,41.02476,-18.99654,-29.6307
35020.,9.388848,10.95601,9.915707,11.40987,41.02454,-18.99666,-29.63122
35030.,9.388696,10.95587,9.915539,11.40972,41.02433,-18.99678,-29.63205
35040.,9.388545,10.95574,9.915373,11.40957,41.02413,-18.9969,-29.63291
35050.,9.388394,10.9556,9.915208,11.40942,41.02393,-18.99702,-29.63377
35060.,9.388243,10.95546,9.915044,11.40927,41.02374,-18.99714,-29.63463
35070.,9.388092,10.95532,9.914882,11.40912,41.02355,-18.99726,-29.6355
35080.,9.38794,10.95519,9.91472,11.40897,41.02337,-18.99738,-29.63636
35090.,9.387789,10.95505,9.914559,11.40882,41.0232,-18.9975,-29.63722
35100.,9.387638,10.95491,9.9144,11.40867,41.02303,-18.99762,-29.63809
35110.,9.387487,10.95477,9.914242,11.40852,41.02287,-18.99774,-29.63895
35120.,9.387335,10.95464,9.914085,11.40837,41.02271,-18.99786,-29.63982
35130.,9.387184,10.9545,9.913929,11.40822,41.02256,-18.99798,-29.64068
35140.,9.387033,10.95436,9.913774,11.40807,41.02241,-18.9981,-29.64154
35150.,9.386882,10.95422,9.91362,11.40791,41.02227,-18.99821,-29.64241
35160.,9.386732,10.95409,9.913467,11.40776,41.02214,-18.99833,-29.64327
35170.,9.386581,10.95395,9.913316,11.40761,41.02201,-18.99845,-29.64414
35180.,9.38643,10.95381,9.913166,11.40746,41.02188,-18.99857,-29.645
35190.,9.38628,10.95367,9.913016,11.40731,41.02176,-18.99869,-29.64586
35200.,9.38613,10.95354,9.912868,11.40716,41.02165,-18.99881,-29.64673
35210.,9.38598,10.9534,9.912722,11.40701,41.02154,-18.99893,-29.64759
35220.,9.38583,10.95326,9.912576,11.40686,41.02144,-18.99905,-29.64846
35230.,9.385681,10.95313,9.912431,11.40671,41.02134,-18.99917,-29.64932
35240.,9.385531,10.95299,9.912288,11.40655,41.02125,-18.99928,-29.65018
35250.,9.385382,10.95285,9.912146,11.4064,41.02116,-18.9994,-29.65105
35260.,9.385233,10.95272,9.912005,11.40625,41.02107,-18.99952,-29.65191
35270.,9.385084,10.95258,9.911865,11.4061,41.02099,-18.99964,-29.65278
35280.,9.384936,10.95245,9.911726,11.40595,41.02092,-18.99975,-29.65364
35290.,9.384788,10.95231,9.911589,11.4058,41.02085,-18.99987,-29.6545
35300.,9.38464,10.95217,9.911453,11.40565,41.02079,-18.99999,-29.65537
35310.,9.384493,10.95204,9.911317,11.4055,41.02073,-19.0001,-29.65623
35320.,9.384345,10.95191,9.911183,11.40535,41.02067,-19.00022,-29.65709
35330.,9.384199,10.95177,9.911051,11.4052,41.02062,-19.00034,-29.65796
35340.,9.384052,10.95164,9.910919,11.40505,41.02057,-19.00045,-29.65882
35350.,9.383906,10.9515,9.910789,11.4049,41.02053,-19.00057,-29.65968
35360.,9.38376,10.95137,9.910659,11.40475,41.02049,-19.00068,-29.66055
35370.,9.383614,10.95124,9.910531,11.40461,41.02045,-19.0008,-29.66141
35380.,9.383469,10.9511,9.910404,11.40446,41.02042,-19.00091,-29.66227
35390.,9.383325,10.95097,9.910279,11.40431,41.0204,-19.00102,-29.66313
35400.,9.38318,10.95084,9.910154,11.40416,41.02038,-19.00114,-29.664
35410.,9.383036,10.95071,9.910031,11.40401,41.02036,-19.00125,-29.66486
35420.,9.382893,10.95058,9.909909,11.40387,41.02035,-19.00136,-29.66572
35430.,9.38275,10.95045,9.909788,11.40372,41.02034,-19.00148,-29.66658
35440.,9.382607,10.95031,9.909668,11.40357,41.02033,-19.00159,-29.66744
35450.,9.382465,10.95018,9.90955,11.40343,41.02033,-19.0017,-29.6683
35460.,9.382323,10.95005,9.909432,11.40328,41.02033,-19.00181,-29.66916
35470.,9.382182,10.94993,9.909316,11.40313,41.02034,-19.00192,-29.67002
35480.,9.382041,10.9498,9.909201,11.40299,41.02035,-19.00203,-29.67088
35490.,9.381901,10.94967,9.909087,11.40284,41.02036,-19.00214,-29.6716
35500.,9.381761,10.94954,9.908972,11.4027,41.02037,-19.00225,-29.67206
35510.,9.381622,10.94941,9.908857,11.40256,41.02037,-19.00236,-29.6725
35520.,9.381483,10.94929,9.908741,11.40241,41.02038,-19.00247,-29.67293
35530.,9.381344,10.94916,9.908625,11.40227,41.02038,-19.00258,-29.67336
35540.,9.381206,10.94903,9.908508,11.40213,41.02038,-19.00268,-29.6738
35550.,9.381069,10.94891,9.90839,11.40199,41.02038,-19.00279,-29.67423
35560.,9.380932,10.94878,9.908273,11.40184,41.02038,-19.0029,-29.67466
35570.,9.380795,10.94866,9.908155,11.4017,41.02038,-19.003,-29.67509
35580.,9.380659,10.94853,9.908036,11.40156,41.02037,-19.00311,-29.67553
35590.,9.380523,10.94841,9.907917,11.40142,41.02037,-19.00322,-29.67596
35600.,9.380387,10.94828,9.907797,11.40128,41.02036,-19.00332,-29.67639
35610.,9.380252,10.94816,9.907677,11.40114,41.02035,-19.00343,-29.67682
35620.,9.380118,10.94804,9.907557,11.401,41.02033,-19.00353,-29.67725
35630.,9.379983,10.94791,9.907436,11.40086,41.02032,-19.00364,-29.67768
35640.,9.379849,10.94779,9.907314,11.40072,41.02031,-19.00374,-29.67811
35650.,9.379716,10.94767,9.907193,11.40059,41.02029,-19.00384,-29.67854
35660.,9.379583,10.94755,9.90707,11.40045,41.02027,-19.00395,-29.67897
35670.,9.37945,10.94743,9.906948,11.40031,41.02025,-19.00405,-29.6794
35680.,9.379317,10.9473,9.906824,11.40017,41.02023,-19.00415,-29.67983
35690.,9.379185,10.94718,9.906701,11.40004,41.02021,-19.00426,-29.68026
35700.,9.379053,10.94706,9.906577,11.3999,41.02018,-19.00436,-29.68069
35710.,9.378922,10.94694,9.906452,11.39976,41.02016,-19.00446,-29.68112
35720.,9.378791,10.94682,9.906328,11.39963,41.02013,-19.00456,-29.68154
35730.,9.37866,10.9467,9.906202,11.39949,41.0201,-19.00466,-29.68197
35740.,9.378529,10.94658,9.906077,11.39936,41.02007,-19.00477,-29.6824
35750.,9.378399,10.94647,9.905951,11.39922,41.02004,-19.00487,-29.68283
35760.,9.378269,10.94635,9.905824,11.39909,41.02001,-19.00497,-29.68325
35770.,9.37814,10.94623,9.905697,11.39895,41.01997,-19.00507,-29.68368
35780.,9.378011,10.94611,9.90557,11.39882,41.01994,-19.00517,-29.68411
35790.,9.377882,10.94599,9.905442,11.39868,41.0199,-19.00527,-29.68454
35800.,9.377753,10.94587,9.905314,11.39855,41.01986,-19.00537,-29.68496
35810.,9.377625,10.94576,9.905185,11.39842,41.01982,-19.00547,-29.68539
35820.,9.377496,10.94564,9.905056,11.39828,41.01978,-19.00557,-29.68582
35830.,9.377369,10.94552,9.904927,11.39815,41.01974,-19.00567,-29.68624
35840.,9.377241,10.94541,9.904797,11.39802,41.0197,-19.00576,-29.68667
35850.,9.377114,10.94529,9.904667,11.39789,41.01966,-19.00586,-29.68709
35860.,9.376987,10.94517,9.904536,11.39775,41.01961,-19.00596,-29.68752
35870.,9.37686,10.94506,9.904405,11.39762,41.01956,-19.00606,-29.68794
35880.,9.376733,10.94494,9.904274,11.39749,41.01952,-19.00616,-29.68837
35890.,9.376607,10.94483,9.904142,11.39736,41.01947,-19.00625,-29.6888
35900.,9.376481,10.94471,9.90401,11.39723,41.01942,-19.00635,-29.68922
35910.,9.376355,10.9446,9.903878,11.3971,41.01937,-19.00645,-29.68965
35920.,9.376229,10.94448,9.903745,11.39697,41.01932,-19.00655,-29.69007
35930.,9.376104,10.94437,9.903612,11.39684,41.01926,-19.00664,-29.69049
35940.,9.375979,10.94425,9.903478,11.39671,41.01921,-19.00674,-29.69092
35950.,9.375854,10.94414,9.903344,11.39658,41.01915,-19.00684,-29.69134
35960.,9.375729,10.94403,9.90321,11.39645,41.0191,-19.00693,-29.69169
35970.,9.375605,10.94391,9.903076,11.39632,41.01904,-19.00703,-29.69116
35980.,9.37548,10.9438,9.902943,11.39619,41.01898,-19.00713,-29.69054
35990.,9.375356,10.94368,9.902811,11.39606,41.01892,-19.00722,-29.68991
36000.,9.375232,10.94357,9.902679,11.39593,41.01886,-19.00732,-29.68928
36010.,9.375109,10.94345,9.902548,11.3958,41.0188,-19.00741,-29.68864
36020.,9.374985,10.94333,9.902417,11.39567,41.01874,-19.00751,-29.68801
36030.,9.374862,10.94322,9.902287,11.39555,41.01867,-19.00761,-29.68738
36040.,9.374739,10.9431,9.902157,11.39542,41.01861,-19.0077,-29.68674
36050.,9.374616,10.94298,9.902028,11.39529,41.01854,-19.0078,-29.68611
36060.,9.374493,10.94287,9.9019,11.39517,41.01847,-19.00789,-29.68547
36070.,9.37437,10.94275,9.901772,11.39504,41.01841,-19.00799,-29.68484
36080.,9.374248,10.94263,9.901645,11.39492,41.01834,-19.00808,-29.6842
36090.,9.374126,10.94251,9.901518,11.39479,41.01827,-19.00818,-29.68357
36100.,9.374003,10.9424,9.901392,11.39467,41.0182,-19.00827,-29.68293
36110.,9.373882,10.94228,9.901266,11.39454,41.01812,-19.00836,-29.68229
36120.,9.37376,10.94216,9.901141,11.39442,41.01805,-19.00846,-29.68166
36130.,9.373638,10.94204,9.901016,11.3943,41.01798,-19.00855,-29.68102
36140.,9.373517,10.94192,9.900892,11.39417,41.0179,-19.00865,-29.68039
36150.,9.373396,10.9418,9.900768,11.39405,41.01783,-19.00874,-29.67975
36160.,9.373274,10.94168,9.900644,11.39393,41.01775,-19.00883,-29.67911
36170.,9.373154,10.94156,9.900522,11.3938,41.01767,-19.00893,-29.67847
36180.,9.373033,10.94144,9.900399,11.39368,41.0176,-19.00902,-29.67784
36190.,9.372912,10.94132,9.900278,11.39356,41.01752,-19.00912,-29.6772
36200.,9.372792,10.94119,9.900156,11.39344,41.01744,-19.00921,-29.67656
36210.,9.372671,10.94107,9.900035,11.39332,41.01736,-19.0093,-29.67592
36220.,9.372551,10.94095,9.899915,11.3932,41.01727,-19.0094,-29.67528
36230.,9.372431,10.94083,9.899795,11.39308,41.01719,-19.00949,-29.67465
36240.,9.372311,10.94071,9.899675,11.39296,41.01711,-19.00958,-29.67401
36250.,9.372191,10.94058,9.899556,11.39284,41.01703,-19.00967,-29.67337
36260.,9.372072,10.94046,9.899437,11.39272,41.01694,-19.00977,-29.67273
36270.,9.371952,10.94034,9.899319,11.3926,41.01686,-19.00986,-29.67209
36280.,9.371833,10.94021,9.899201,11.39248,41.01677,-19.00995,-29.67145
36290.,9.371713,10.94009,9.899084,11.39236,41.01668,-19.01005,-29.67081
36300.,9.371594,10.93997,9.898967,11.39224,41.01659,-19.01014,-29.67017
36310.,9.371475,10.93984,9.89885,11.39212,41.01651,-19.01023,-29.66953
36320.,9.371356,10.93972,9.898734,11.392,41.01642,-19.01032,-29.66889
36330.,9.371237,10.93959,9.898618,11.39189,41.01633,-19.01041,-29.66825
36340.,9.371119,10.93947,9.898502,11.39177,41.01624,-19.01051,-29.66761
36350.,9.371,10.93934,9.898387,11.39165,41.01615,-19.0106,-29.66697
36360.,9.370882,10.93922,9.898272,11.39153,41.01605,-19.01069,-29.66633
36370.,9.370763,10.93909,9.898158,11.39142,41.01596,-19.01078,-29.66569
36380.,9.370645,10.93896,9.898044,11.3913,41.01587,-19.01088,-29.66505
36390.,9.370527,10.93884,9.897931,11.39119,41.01578,-19.01097,-29.6644
36400.,9.370409,10.93871,9.897817,11.39107,41.01568,-19.01106,-29.66376
36410.,9.370291,10.93859,9.897704,11.39095,41.01559,-19.01115,-29.66312
36420.,9.370173,10.93846,9.897592,11.39084,41.01549,-19.01124,-29.66248
36430.,9.370056,10.93833,9.89748,11.39072,41.01539,-19.01133,-29.66184
36440.,9.369938,10.9382,9.897367,11.39061,41.0153,-19.01142,-29.66135
36450.,9.369821,10.93808,9.897255,11.39049,41.0152,-19.01152,-29.66092
36460.,9.369703,10.93795,9.897142,11.39038,41.0151,-19.01161,-29.66049
36470.,9.369586,10.93783,9.89703,11.39026,41.01501,-19.0117,-29.66007
36480.,9.369469,10.9377,9.896917,11.39015,41.01491,-19.01179,-29.65965
36490.,9.369352,10.93758,9.896803,11.39003,41.01481,-19.01188,-29.65922
36500.,9.369235,10.93746,9.89669,11.38992,41.01472,-19.01197,-29.6588
36510.,9.369118,10.93733,9.896577,11.3898,41.01462,-19.01206,-29.65838
36520.,9.369001,10.93721,9.896463,11.38969,41.01452,-19.01215,-29.65795
36530.,9.368884,10.93709,9.896349,11.38958,41.01443,-19.01225,-29.65753
36540.,9.368768,10.93697,9.896235,11.38946,41.01433,-19.01234,-29.65711
36550.,9.368651,10.93685,9.896121,11.38935,41.01423,-19.01243,-29.65668
36560.,9.368535,10.93673,9.896007,11.38924,41.01413,-19.01252,-29.65626
36570.,9.368419,10.93661,9.895893,11.38912,41.01404,-19.01261,-29.65583
36580.,9.368302,10.93649,9.895778,11.38901,41.01394,-19.0127,-29.65541
36590.,9.368186,10.93638,9.895663,11.3889,41.01384,-19.01279,-29.65499
36600.,9.36807,10.93626,9.895549,11.38879,41.01374,-19.01288,-29.65456
36610.,9.367954,10.93614,9.895434,11.38867,41.01365,-19.01297,-29.65414
36620.,9.367839,10.93603,9.895319,11.38856,41.01355,-19.01306,-29.65371
36630.,9.367723,10.93591,9.895203,11.38845,41.01345,-19.01315,-29.65329
36640.,9.367607,10.93579,9.895088,11.38834,41.01335,-19.01324,-29.65286
36650.,9.367492,10.93568,9.894972,11.38822,41.01325,-19.01333,-29.65244
36660.,9.367376,10.93557,9.894857,11.38811,41.01316,-19.01342,-29.65201
36670.,9.367261,10.93545,9.894741,11.388,41.01306,-19.01351,-29.65159
36680.,9.367146,10.93534,9.894625,11.38789,41.01296,-19.0136,-29.65116
36690.,9.367031,10.93523,9.894509,11.38778,41.01286,-19.01369,-29.65074
36700.,9.366916,10.93511,9.894393,11.38767,41.01276,-19.01378,-29.65031
36710.,9.366801,10.935,9.894277,11.38756,41.01266,-19.01387,-29.64988
36720.,9.366686,10.93489,9.894161,11.38745,41.01257,-19.01396,-29.64946
36730.,9.366571,10.93478,9.894044,11.38734,41.01247,-19.01405,-29.64903
36740.,9.366457,10.93467,9.893928,11.38723,41.01237,-19.01414,-29.64861
36750.,9.366342,10.93456,9.893811,11.38712,41.01227,-19.01423,-29.64818
36760.,9.366228,10.93445,9.893695,11.38701,41.01217,-19.01432,-29.64776
36770.,9.366114,10.93434,9.893578,11.3869,41.01207,-19.01441,-29.64733
36780.,9.366,10.93424,9.893461,11.38679,41.01197,-19.0145,-29.6469
36790.,9.365885,10.93413,9.893344,11.38668,41.01188,-19.01459,-29.64648
36800.,9.365771,10.93402,9.893227,11.38657,41.01178,-19.01468,-29.64605
36810.,9.365658,10.93391,9.89311,11.38646,41.01168,-19.01477,-29.64562
36820.,9.365544,10.93381,9.892992,11.38635,41.01158,-19.01485,-29.6452
36830.,9.36543,10.9337,9.892875,11.38624,41.01148,-19.01494,-29.64477
36840.,9.365316,10.9336,9.892758,11.38613,41.01138,-19.01503,-29.64434
36850.,9.365203,10.93349,9.89264,11.38602,41.01128,-19.01512,-29.64392
36860.,9.36509,10.93339,9.892523,11.38591,41.01118,-19.01521,-29.64349
36870.,9.364976,10.93328,9.892405,11.3858,41.01109,-19.0153,-29.64306
36880.,9.364863,10.93318,9.892287,11.3857,41.01099,-19.01539,-29.64263
36890.,9.36475,10.93308,9.892169,11.38559,41.01089,-19.01548,-29.64221
36900.,9.364637,10.93297,9.892051,11.38548,41.01079,-19.01556,-29.64178
36910.,9.364524,10.93287,9.891934,11.38537,41.01069,-19.01565,-29.64175
36920.,9.364411,10.93277,9.891817,11.38526,41.01059,-19.01574,-29.64223
36930.,9.364299,10.93266,9.8917,11.38516,41.01049,-19.01583,-29.64276
36940.,9.364186,10.93256,9.891584,11.38505,41.0104,-19.01592,-29.64329
36950.,9.364074,10.93245,9.891469,11.38494,41.0103,-19.016,-29.64383
36960.,9.363961,10.93235,9.891354,11.38483,41.01021,-19.01609,-29.64436
36970.,9.363849,10.93224,9.89124,11.38472,41.01011,-19.01618,-29.6449
36980.,9.363737,10.93214,9.891126,11.38462,41.01001,-19.01627,-29.64544
36990.,9.363625,10.93203,9.891013,11.38451,41.00992,-19.01636,-29.64597
37000.,9.363513,10.93192,9.8909,11.3844,41.00983,-19.01644,-29.64651
37010.,9.363401,10.93182,9.890788,11.38429,41.00973,-19.01653,-29.64705
37020.,9.363289,10.93171,9.890676,11.38418,41.00964,-19.01662,-29.64758
37030.,9.363178,10.9316,9.890565,11.38408,41.00955,-19.01671,-29.64812
37040.,9.363066,10.93149,9.890455,11.38397,41.00946,-19.01679,-29.64866
37050.,9.362955,10.93138,9.890345,11.38386,41.00936,-19.01688,-29.64919
37060.,9.362843,10.93127,9.890235,11.38375,41.00927,-19.01697,-29.64973
37070.,9.362732,10.93116,9.890126,11.38364,41.00918,-19.01706,-29.65027
37080.,9.362621,10.93105,9.890018,11.38353,41.00909,-19.01714,-29.6508
37090.,9.36251,10.93094,9.88991,11.38343,41.009,-19.01723,-29.65134
37100.,9.362399,10.93083,9.889802,11.38332,41.00891,-19.01732,-29.65188
37110.,9.362288,10.93072,9.889695,11.38321,41.00882,-19.0174,-29.65241
37120.,9.362178,10.93061,9.889589,11.3831,41.00874,-19.01749,-29.65295
37130.,9.362067,10.9305,9.889483,11.38299,41.00865,-19.01758,-29.65349
37140.,9.361957,10.93039,9.889377,11.38288,41.00856,-19.01766,-29.65402
37150.,9.361846,10.93027,9.889272,11.38277,41.00847,-19.01775,-29.65456
37160.,9.361736,10.93016,9.889168,11.38267,41.00839,-19.01784,-29.6551
37170.,9.361626,10.93005,9.889064,11.38256,41.0083,-19.01792,-29.65563
37180.,9.361516,10.92993,9.88896,11.38245,41.00821,-19.01801,-29.65617
37190.,9.361406,10.92982,9.888857,11.38234,41.00813,-19.01809,-29.65671
37200.,9.361297,10.92971,9.888754,11.38223,41.00804,-19.01818,-29.65724
37210.,9.361187,10.92959,9.888652,11.38212,41.00796,-19.01827,-29.65778
37220.,9.361077,10.92948,9.88855,11.38202,41.00787,-19.01835,-29.65832
37230.,9.360968,10.92936,9.888449,11.38191,41.00779,-19.01844,-29.65885
37240.,9.360859,10.92925,9.888348,11.3818,41.00771,-19.01852,-29.65939
37250.,9.360749,10.92913,9.888247,11.38169,41.00762,-19.01861,-29.65993
37260.,9.36064,10.92902,9.888147,11.38158,41.00754,-19.0187,-29.66046
37270.,9.360531,10.9289,9.888048,11.38147,41.00746,-19.01878,-29.661
37280.,9.360423,10.92878,9.887948,11.38137,41.00738,-19.01887,-29.66154
37290.,9.360314,10.92867,9.88785,11.38126,41.00729,-19.01895,-29.66207
37300.,9.360205,10.92855,9.887751,11.38115,41.00721,-19.01904,-29.66261
37310.,9.360097,10.92843,9.887654,11.38104,41.00713,-19.01912,-29.66315
37320.,9.359988,10.92831,9.887556,11.38093,41.00705,-19.01921,-29.66368
37330.,9.35988,10.9282,9.887459,11.38082,41.00697,-19.01929,-29.66422
37340.,9.359772,10.92808,9.887363,11.38072,41.00689,-19.01938,-29.66476
37350.,9.359664,10.92796,9.887266,11.38061,41.00681,-19.01946,-29.66529
37360.,9.359556,10.92784,9.887171,11.3805,41.00673,-19.01955,-29.66583
37370.,9.359448,10.92772,9.887075,11.38039,41.00665,-19.01963,-29.66637
37380.,9.359341,10.9276,9.88698,11.38028,41.00657,-19.01971,-29.66672
37390.,9.359233,10.92749,9.886885,11.38017,41.0065,-19.0198,-29.66605
37400.,9.359126,10.92737,9.886789,11.38007,41.00642,-19.01988,-29.66527
37410.,9.359018,10.92725,9.886692,11.37996,41.00634,-19.01997,-29.66448
37420.,9.358911,10.92713,9.886596,11.37985,41.00627,-19.02005,-29.66369
37430.,9.358804,10.92701,9.886499,11.37975,41.00619,-19.02014,-29.6629
37440.,9.358697,10.92689,9.886402,11.37964,41.00612,-19.02022,-29.66211
37450.,9.35859,10.92677,9.886304,11.37953,41.00604,-19.0203,-29.66131
37460.,9.358483,10.92665,9.886206,11.37943,41.00597,-19.02039,-29.66052
37470.,9.358377,10.92653,9.886108,11.37932,41.0059,-19.02047,-29.65973
37480.,9.35827,10.92641,9.886009,11.37922,41.00583,-19.02055,-29.65893
37490.,9.358164,10.9263,9.88591,11.37911,41.00575,-19.02064,-29.65814
37500.,9.358058,10.92618,9.885811,11.37901,41.00568,-19.02072,-29.65735
37510.,9.357952,10.92606,9.885711,11.3789,41.00561,-19.0208,-29.65655
37520.,9.357846,10.92594,9.885611,11.3788,41.00555,-19.02089,-29.65576
37530.,9.35774,10.92582,9.885511,11.37869,41.00548,-19.02097,-29.65497
37540.,9.357634,10.9257,9.88541,11.37859,41.00541,-19.02105,-29.65417
37550.,9.357529,10.92558,9.88531,11.37849,41.00534,-19.02114,-29.65338
37560.,9.357423,10.92546,9.885208,11.37838,41.00527,-19.02122,-29.65258
37570.,9.357318,10.92535,9.885107,11.37828,41.00521,-19.0213,-29.65179
37580.,9.357213,10.92523,9.885005,11.37818,41.00514,-19.02138,-29.651
37590.,9.357107,10.92511,9.884903,11.37808,41.00508,-19.02147,-29.6502
37600.,9.357002,10.92499,9.884801,11.37797,41.00501,-19.02155,-29.64941
37610.,9.356898,10.92487,9.884699,11.37787,41.00495,-19.02163,-29.64861
37620.,9.356793,10.92475,9.884596,11.37777,41.00489,-19.02171,-29.64781
37630.,9.356688,10.92463,9.884493,11.37767,41.00482,-19.0218,-29.64702
37640.,9.356584,10.92452,9.88439,11.37757,41.00476,-19.02188,-29.64622
37650.,9.35648,10.9244,9.884286,11.37747,41.0047,-19.02196,-29.64543
37660.,9.356375,10.92428,9.884182,11.37737,41.00464,-19.02204,-29.64463
37670.,9.356271,10.92416,9.884079,11.37727,41.00458,-19.02212,-29.64384
37680.,9.356167,10.92404,9.883974,11.37717,41.00452,-19.0222,-29.64304
37690.,9.356064,10.92392,9.88387,11.37707,41.00446,-19.02229,-29.64224
37700.,9.35596,10.92381,9.883765,11.37697,41.0044,-19.02237,-29.64145
37710.,9.355856,10.92369,9.88366,11.37687,41.00434,-19.02245,-29.64065
37720.,9.355753,10.92357,9.883555,11.37677,41.00428,-19.02253,-29.63985
37730.,9.35565,10.92345,9.88345,11.37667,41.00422,-19.02261,-29.63905
37740.,9.355547,10.92333,9.883344,11.37657,41.00417,-19.02269,-29.63826
37750.,9.355444,10.92321,9.883239,11.37648,41.00411,-19.02277,-29.63746
37760.,9.355341,10.9231,9.883133,11.37638,41.00406,-19.02285,-29.63666
37770.,9.355238,10.92298,9.883026,11.37628,41.004,-19.02293,-29.63586
37780.,9.355135,10.92286,9.88292,11.37618,41.00394,-19.02301,-29.63506
37790.,9.355033,10.92274,9.882814,11.37609,41.00389,-19.02309,-29.63427
37800.,9.354931,10.92262,9.882707,11.37599,41.00384,-19.02317,-29.63347
37810.,9.354828,10.92251,9.8826,11.37589,41.00378,-19.02325,-29.63267
37820.,9.354726,10.92239,9.882493,11.3758,41.00373,-19.02333,-29.63187
37830.,9.354624,10.92227,9.882386,11.3757,41.00367,-19.02341,-29.63107
37840.,9.354523,10.92215,9.882278,11.3756,41.00362,-19.02349,-29.63027
37850.,9.354421,10.92204,9.882171,11.37551,41.00357,-19.02357,-29.62947
37860.,9.354319,10.92192,9.882064,11.37541,41.00352,-19.02365,-29.62953
37870.,9.354218,10.9218,9.881957,11.37532,41.00346,-19.02373,-29.62984
37880.,9.354117,10.92168,9.881851,11.37522,41.0034,-19.02381,-29.63018
37890.,9.354015,10.92157,9.881745,11.37513,41.00334,-19.02389,-29.63051
37900.,9.353914,10.92145,9.88164,11.37503,41.00328,-19.02397,-29.63085
37910.,9.353813,10.92133,9.881535,11.37494,41.00321,-19.02405,-29.63119
37920.,9.353713,10.92121,9.881431,11.37484,41.00315,-19.02413,-29.63152
37930.,9.353612,10.92109,9.881327,11.37474,41.00308,-19.02421,-29.63186
37940.,9.353511,10.92097,9.881224,11.37465,41.00301,-19.02429,-29.6322
37950.,9.353411,10.92086,9.881121,11.37455,41.00294,-19.02437,-29.63254
37960.,9.35331,10.92074,9.881019,11.37446,41.00286,-19.02444,-29.63287
37970.,9.35321,10.92062,9.880917,11.37436,41.00279,-19.02452,-29.63321
37980.,9.353109,10.9205,9.880815,11.37427,41.00271,-19.0246,-29.63355
37990.,9.353009,10.92038,9.880714,11.37417,41.00263,-19.02468,-29.63388
38000.,9.352909,10.92026,9.880613,11.37408,41.00254,-19.02476,-29.63422
38010.,9.352809,10.92014,9.880513,11.37398,41.00246,-19.02484,-29.63456
38020.,9.352709,10.92002,9.880413,11.37388,41.00238,-19.02492,-29.6349
38030.,9.352609,10.9199,9.880314,11.37379,41.00229,-19.02499,-29.63523
38040.,9.352509,10.91978,9.880214,11.37369,41.0022,-19.02507,-29.63557
38050.,9.352409,10.91966,9.880116,11.3736,41.00211,-19.02515,-29.63591
38060.,9.352309,10.91954,9.880017,11.3735,41.00201,-19.02523,-29.63625
38070.,9.352209,10.91942,9.879919,11.3734,41.00192,-19.02531,-29.63659
38080.,9.352109,10.9193,9.879821,11.37331,41.00182,-19.02539,-29.63692
38090.,9.352009,10.91918,9.879724,11.37321,41.00173,-19.02547,-29.63726
38100.,9.351909,10.91906,9.879626,11.37312,41.00163,-19.02554,-29.6376
38110.,9.351809,10.91894,9.87953,11.37302,41.00153,-19.02562,-29.63794
38120.,9.35171,10.91882,9.879433,11.37292,41.00142,-19.0257,-29.63827
38130.,9.35161,10.9187,9.879337,11.37283,41.00132,-19.02578,-29.63861
38140.,9.35151,10.91858,9.879241,11.37273,41.00121,-19.02586,-29.63895
38150.,9.35141,10.91845,9.879145,11.37263,41.00111,-19.02594,-29.63929
38160.,9.351311,10.91833,9.87905,11.37254,41.001,-19.02601,-29.63963
38170.,9.351211,10.91821,9.878955,11.37244,41.00089,-19.02609,-29.63997
38180.,9.351111,10.91809,9.87886,11.37234,41.00078,-19.02617,-29.6403
38190.,9.351011,10.91797,9.878766,11.37224,41.00066,-19.02625,-29.64064
38200.,9.350911,10.91784,9.878671,11.37215,41.00055,-19.02633,-29.64098
38210.,9.350812,10.91772,9.878577,11.37205,41.00043,-19.02641,-29.64132
38220.,9.350712,10.9176,9.878484,11.37195,41.00032,-19.02649,-29.64166
38230.,9.350612,10.91748,9.87839,11.37186,41.0002,-19.02656,-29.642
38240.,9.350512,10.91735,9.878297,11.37176,41.00008,-19.02664,-29.64234
38250.,9.350412,10.91723,9.878204,11.37166,40.99996,-19.02672,-29.64267
38260.,9.350312,10.91711,9.878111,11.37156,40.99983,-19.0268,-29.64301
38270.,9.350212,10.91698,9.878018,11.37146,40.99971,-19.02688,-29.64335
38280.,9.350112,10.91686,9.877926,11.37137,40.99958,-19.02696,-29.64369
38290.,9.350012,10.91673,9.877833,11.37127,40.99946,-19.02704,-29.64403
38300.,9.349912,10.91661,9.877741,11.37117,40.99933,-19.02712,-29.64437
38310.,9.349812,10.91649,9.87765,11.37107,40.9992,-19.0272,-29.64471
38320.,9.349711,10.91636,9.877558,11.37097,40.99907,-19.02728,-29.64505
38330.,9.349611,10.91624,9.877466,11.37087,40.99894,-19.02736,-29.64568
38340.,9.349511,10.91611,9.877373,11.37077,40.99881,-19.02743,-29.64658
38350.,9.34941,10.91599,9.87728,11.37067,40.99869,-19.02751,-29.64752
38360.,9.34931,10.91587,9.877186,11.37058,40.99857,-19.02759,-29.64846
38370.,9.34921,10.91575,9.877092,11.37048,40.99845,-19.02767,-29.6494
38380.,9.349109,10.91563,9.876996,11.37038,40.99834,-19.02775,-29.65034
38390.,9.349009,10.91551,9.876901,11.37028,40.99822,-19.02783,-29.65128
38400.,9.348908,10.91539,9.876804,11.37018,40.99811,-19.02791,-29.65222
38410.,9.348808,10.91527,9.876707,11.37007,40.99801,-19.02799,-29.65316
38420.,9.348707,10.91515,9.87661,11.36997,40.9979,-19.02807,-29.6541
38430.,9.348607,10.91504,9.876512,11.36987,40.9978,-19.02815,-29.65504
38440.,9.348507,10.91492,9.876413,11.36977,40.9977,-19.02823,-29.65598
38450.,9.348406,10.91481,9.876314,11.36967,40.99761,-19.02831,-29.65692
38460.,9.348306,10.9147,9.876215,11.36957,40.99751,-19.02839,-29.65787
38470.,9.348205,10.91458,9.876114,11.36947,40.99742,-19.02847,-29.65881
38480.,9.348105,10.91447,9.876014,11.36937,40.99733,-19.02855,-29.65975
38490.,9.348005,10.91436,9.875913,11.36927,40.99725,-19.02863,-29.66069
38500.,9.347905,10.91425,9.875811,11.36916,40.99716,-19.02871,-29.66163
38510.,9.347805,10.91414,9.875709,11.36906,40.99708,-19.02879,-29.66257
38520.,9.347705,10.91403,9.875607,11.36896,40.997,-19.02887,-29.66352
38530.,9.347605,10.91392,9.875504,11.36886,40.99693,-19.02895,-29.66446
38540.,9.347505,10.91381,9.8754,11.36876,40.99685,-19.02902,-29.6654
38550.,9.347405,10.91371,9.875296,11.36865,40.99678,-19.0291,-29.66634
38560.,9.347305,10.9136,9.875192,11.36855,40.99671,-19.02918,-29.66728
38570.,9.347205,10.9135,9.875088,11.36845,40.99664,-19.02926,-29.66823
38580.,9.347106,10.91339,9.874983,11.36835,40.99658,-19.02934,-29.66917
38590.,9.347007,10.91329,9.874878,11.36824,40.99651,-19.02942,-29.67011
38600.,9.346907,10.91318,9.874772,11.36814,40.99645,-19.0295,-29.67105
38610.,9.346808,10.91308,9.874666,11.36804,40.99639,-19.02958,-29.672
38620.,9.346709,10.91298,9.874559,11.36794,40.99634,-19.02966,-29.67294
38630.,9.34661,10.91288,9.874453,11.36783,40.99628,-19.02973,-29.67388
38640.,9.346511,10.91278,9.874346,11.36773,40.99623,-19.02981,-29.67482
38650.,9.346412,10.91268,9.874238,11.36763,40.99618,-19.02989,-29.67576
38660.,9.346314,10.91258,9.874131,11.36753,40.99613,-19.02997,-29.67671
38670.,9.346215,10.91249,9.874023,11.36742,40.99608,-19.03005,-29.67765
38680.,9.346117,10.91239,9.873914,11.36732,40.99604,-19.03012,-29.67859
38690.,9.346019,10.91229,9.873806,11.36722,40.99599,-19.0302,-29.67953
38700.,9.345921,10.9122,9.873697,11.36712,40.99595,-19.03028,-29.68048
38710.,9.345823,10.9121,9.873588,11.36702,40.99591,-19.03036,-29.68142
38720.,9.345725,10.91201,9.873479,11.36691,40.99588,-19.03043,-29.68236
38730.,9.345628,10.91192,9.873369,11.36681,40.99584,-19.03051,-29.6833
38740.,9.34553,10.91182,9.87326,11.36671,40.99581,-19.03059,-29.68425
38750.,9.345433,10.91173,9.87315,11.36661,40.99577,-19.03067,-29.68519
38760.,9.345336,10.91164,9.873039,11.3665,40.99574,-19.03074,-29.68613
38770.,9.345239,10.91155,9.872929,11.3664,40.99572,-19.03082,-29.68707
38780.,9.345143,10.91146,9.872818,11.3663,40.99569,-19.0309,-29.68802
38790.,9.345046,10.91137,9.872707,11.3662,40.99566,-19.03097,-29.68896
38800.,9.34495,10.91128,9.872597,11.3661,40.99564,-19.03105,-29.68977
38810.,9.344854,10.91119,9.872487,11.36599,40.99561,-19.03112,-29.69015
38820.,9.344758,10.9111,9.872377,11.36589,40.99559,-19.0312,-29.69047
38830.,9.344662,10.91102,9.872268,11.36579,40.99556,-19.03127,-29.6908
38840.,9.344566,10.91093,9.87216,11.36569,40.99553,-19.03135,-29.69112
38850.,9.344471,10.91084,9.872053,11.36559,40.9955,-19.03142,-29.69144
38860.,9.344376,10.91074,9.871946,11.36549,40.99547,-19.0315,-29.69176
38870.,9.344281,10.91065,9.87184,11.36539,40.99543,-19.03157,-29.69208
38880.,9.344186,10.91056,9.871734,11.36529,40.9954,-19.03165,-29.6924
38890.,9.344091,10.91047,9.871629,11.36519,40.99536,-19.03172,-29.69272
38900.,9.343997,10.91038,9.871525,11.36509,40.99533,-19.0318,-29.69304
38910.,9.343902,10.91029,9.871421,11.36499,40.99529,-19.03187,-29.69336
38920.,9.343808,10.9102,9.871318,11.36489,40.99525,-19.03195,-29.69368
38930.,9.343714,10.9101,9.871215,11.36479,40.99521,-19.03202,-29.694
38940.,9.34362,10.91001,9.871113,11.36469,40.99517,-19.0321,-29.69432
38950.,9.343526,10.90992,9.871012,11.36459,40.99512,-19.03217,-29.69464
38960.,9.343432,10.90982,9.870911,11.36449,40.99508,-19.03224,-29.69496
38970.,9.343339,10.90973,9.870811,11.36439,40.99503,-19.03232,-29.69528
38980.,9.343245,10.90963,9.870711,11.36429,40.99499,-19.03239,-29.6956
38990.,9.343152,10.90954,9.870611,11.36419,40.99494,-19.03246,-29.69592
39000.,9.343059,10.90944,9.870513,11.36409,40.99489,-19.03254,-29.69624
39010.,9.342966,10.90935,9.870415,11.364,40.99484,-19.03261,-29.69656
39020.,9.342873,10.90925,9.870317,11.3639,40.99479,-19.03268,-29.69688
39030.,9.34278,10.90916,9.87022,11.3638,40.99474,-19.03276,-29.6972
39040.,9.342688,10.90906,9.870123,11.3637,40.99469,-19.03283,-29.69752
39050.,9.342595,10.90897,9.870027,11.3636,40.99463,-19.0329,-29.69783
39060.,9.342502,10.90887,9.869931,11.36351,40.99458,-19.03297,-29.69815
39070.,9.34241,10.90877,9.869836,11.36341,40.99452,-19.03305,-29.69847
39080.,9.342318,10.90867,9.869741,11.36331,40.99447,-19.03312,-29.69879
39090.,9.342226,10.90858,9.869647,11.36321,40.99441,-19.03319,-29.69911
39100.,9.342134,10.90848,9.869553,11.36311,40.99435,-19.03326,-29.69943
39110.,9.342042,10.90838,9.86946,11.36302,40.99429,-19.03334,-29.69975
39120.,9.34195,10.90828,9.869367,11.36292,40.99423,-19.03341,-29.70007
39130.,9.341858,10.90818,9.869274,11.36282,40.99417,-19.03348,-29.70038
39140.,9.341766,10.90808,9.869182,11.36273,40.99411,-19.03355,-29.7007
39150.,9.341675,10.90799,9.86909,11.36263,40.99404,-19.03362,-29.70102
39160.,9.341583,10.90789,9.868999,11.36253,40.99398,-19.0337,-29.70134
39170.,9.341492,10.90779,9.868908,11.36244,40.99392,-19.03377,-29.70166
39180.,9.3414,10.90769,9.868818,11.36234,40.99385,-19.03384,-29.70197
39190.,9.341309,10.90759,9.868728,11.36224,40.99378,-19.03391,-29.70229
39200.,9.341218,10.90748,9.868638,11.36215,40.99372,-19.03398,-29.70261
39210.,9.341127,10.90738,9.868549,11.36205,40.99365,-19.03406,-29.70293
39220.,9.341036,10.90728,9.86846,11.36195,40.99358,-19.03413,-29.70325
39230.,9.340945,10.90718,9.868372,11.36186,40.99351,-19.0342,-29.70356
39240.,9.340854,10.90708,9.868284,11.36176,40.99344,-19.03427,-29.70388
39250.,9.340763,10.90698,9.868196,11.36166,40.99337,-19.03434,-29.7042
39260.,9.340672,10.90688,9.868109,11.36157,40.9933,-19.03441,-29.70452
39270.,9.340581,10.90677,9.868022,11.36147,40.99322,-19.03449,-29.70484
39280.,9.340491,10.90667,9.867935,11.36138,40.99315,-19.03456,-29.70453
39290.,9.3404,10.90657,9.867848,11.36128,40.99308,-19.03463,-29.70411
39300.,9.340309,10.90647,9.867761,11.36119,40.99301,-19.0347,-29.70368
39310.,9.340219,10.90637,9.867674,11.36109,40.99294,-19.03477,-29.70324
39320.,9.340128,10.90628,9.867587,11.36099,40.99287,-19.03484,-29.7028
39330.,9.340038,10.90618,9.867499,11.3609,40.9928,-19.03491,-29.70237
39340.,9.339948,10.90608,9.867412,11.36081,40.99273,-19.03498,-29.70193
39350.,9.339858,10.90599,9.867325,11.36071,40.99267,-19.03505,-29.70149
39360.,9.339768,10.9059,9.867238,11.36062,40.9926,-19.03513,-29.70105
39370.,9.339678,10.9058,9.867151,11.36052,40.99253,-19.0352,-29.70062
39380.,9.339588,10.90571,9.867064,11.36043,40.99247,-19.03527,-29.70018
39390.,9.339498,10.90562,9.866976,11.36034,40.9924,-19.03534,-29.69974
39400.,9.339408,10.90553,9.866889,11.36024,40.99234,-19.03541,-29.6993
39410.,9.339318,10.90544,9.866802,11.36015,40.99227,-19.03548,-29.69887
39420.,9.339229,10.90536,9.866715,11.36006,40.99221,-19.03555,-29.69843
39430.,9.339139,10.90527,9.866628,11.35996,40.99215,-19.03562,-29.69799
39440.,9.33905,10.90518,9.866541,11.35987,40.99209,-19.03569,-29.69755
39450.,9.338961,10.9051,9.866454,11.35978,40.99203,-19.03576,-29.69711
39460.,9.338872,10.90501,9.866367,11.35969,40.99197,-19.03583,-29.69667
39470.,9.338783,10.90493,9.86628,11.3596,40.99191,-19.0359,-29.69623
39480.,9.338694,10.90485,9.866193,11.35951,40.99185,-19.03597,-29.69579
39490.,9.338605,10.90477,9.866106,11.35941,40.99179,-19.03604,-29.69536
39500.,9.338517,10.90469,9.866019,11.35932,40.99173,-19.03611,-29.69492
39510.,9.338428,10.90461,9.865932,11.35923,40.99167,-19.03618,-29.69448
39520.,9.33834,10.90453,9.865845,11.35914,40.99161,-19.03625,-29.69404
39530.,9.338252,10.90445,9.865758,11.35905,40.99156,-19.03632,-29.6936
39540.,9.338163,10.90438,9.865672,11.35896,40.9915,-19.03639,-29.69316
39550.,9.338076,10.9043,9.865585,11.35887,40.99145,-19.03646,-29.69272
39560.,9.337988,10.90423,9.865498,11.35878,40.99139,-19.03653,-29.69228
39570.,9.3379,10.90415,9.865412,11.3587,40.99134,-19.03659,-29.69183
39580.,9.337812,10.90408,9.865326,11.35861,40.99128,-19.03666,-29.69139
39590.,9.337725,10.90401,9.865239,11.35852,40.99123,-19.03673,-29.69095
39600.,9.337638,10.90393,9.865153,11.35843,40.99118,-19.0368,-29.69051
39610.,9.337551,10.90386,9.865067,11.35834,40.99113,-19.03687,-29.69007
39620.,9.337464,10.90379,9.86498,11.35825,40.99107,-19.03694,-29.68963
39630.,9.337377,10.90372,9.864894,11.35817,40.99102,-19.03701,-29.68919
39640.,9.33729,10.90366,9.864808,11.35808,40.99097,-19.03707,-29.68874
39650.,9.337204,10.90359,9.864723,11.35799,40.99092,-19.03714,-29.6883
39660.,9.337117,10.90352,9.864637,11.35791,40.99087,-19.03721,-29.68786
39670.,9.337031,10.90346,9.864551,11.35782,40.99082,-19.03728,-29.68742
39680.,9.336945,10.90339,9.864465,11.35773,40.99077,-19.03734,-29.68698
39690.,9.336859,10.90333,9.86438,11.35765,40.99073,-19.03741,-29.68653
39700.,9.336774,10.90326,9.864295,11.35756,40.99068,-19.03748,-29.68609
39710.,9.336688,10.9032,9.864209,11.35748,40.99063,-19.03755,-29.68565
39720.,9.336603,10.90314,9.864124,11.35739,40.99059,-19.03761,-29.6852
39730.,9.336518,10.90308,9.864039,11.35731,40.99054,-19.03768,-29.68476
39740.,9.336433,10.90302,9.863954,11.35722,40.99049,-19.03775,-29.68432
39750.,9.336348,10.90296,9.863869,11.35714,40.99045,-19.03781,-29.68402
39760.,9.336263,10.9029,9.863785,11.35705,40.9904,-19.03788,-29.68384
39770.,9.336179,10.90284,9.863701,11.35697,40.99036,-19.03795,-29.68367
39780.,9.336094,10.90278,9.863617,11.35689,40.99031,-19.03801,-29.68349
39790.,9.33601,10.90272,9.863533,11.3568,40.99026,-19.03808,-29.68332
39800.,9.335926,10.90266,9.86345,11.35672,40.99022,-19.03814,-29.68315
39810.,9.335842,10.9026,9.863367,11.35664,40.99017,-19.03821,-29.68298
39820.,9.335759,10.90254,9.863285,11.35655,40.99012,-19.03827,-29.68281
39830.,9.335675,10.90248,9.863203,11.35647,40.99007,-19.03834,-29.68264
39840.,9.335592,10.90242,9.863121,11.35639,40.99002,-19.0384,-29.68247
39850.,9.335509,10.90236,9.863039,11.35631,40.98998,-19.03847,-29.68229
39860.,9.335426,10.9023,9.862958,11.35623,40.98993,-19.03853,-29.68212
39870.,9.335343,10.90224,9.862877,11.35614,40.98988,-19.0386,-29.68195
39880.,9.33526,10.90218,9.862796,11.35606,40.98983,-19.03866,-29.68178
39890.,9.335178,10.90212,9.862715,11.35598,40.98978,-19.03873,-29.6816
39900.,9.335095,10.90206,9.862635,11.3559,40.98973,-19.03879,-29.68143
39910.,9.335013,10.90199,9.862555,11.35582,40.98968,-19.03886,-29.68126
39920.,9.334931,10.90193,9.862476,11.35574,40.98963,-19.03892,-29.68109
39930.,9.334849,10.90187,9.862396,11.35566,40.98958,-19.03898,-29.68091
39940.,9.334768,10.90181,9.862317,11.35558,40.98953,-19.03905,-29.68074
39950.,9.334686,10.90175,9.862238,11.3555,40.98948,-19.03911,-29.68057
39960.,9.334605,10.90169,9.86216,11.35542,40.98943,-19.03917,-29.68039
39970.,9.334523,10.90163,9.862081,11.35534,40.98938,-19.03924,-29.68022
39980.,9.334442,10.90157,9.862003,11.35526,40.98933,-19.0393,-29.68004
39990.,9.334361,10.90151,9.861926,11.35518,40.98928,-19.03936,-29.67987
40000.,9.33428,10.90145,9.861848,11.3551,40.98923,-19.03943,-29.6797