Times,MAIN_PNL_PX.1,MAIN_PNL_MX.1,MAIN_PNL_PY.1,MAIN_PNL_MY.1,MAIN_PNL_PZ.1,MAIN_PNL_MZ.1,MAIN_PNL_MY.20001
0.,20.,20.,20.,20.,20.,20.,20.
10.,20.00203,20.00174,20.00161,20.00085,20.35842,19.71333,22.32485
20.,20.0041,20.00352,20.00278,20.00205,20.71272,19.43137,22.99813
30.,20.00621,20.00533,20.00352,20.00366,21.06292,19.15402,23.67036
40.,20.00836,20.00717,20.00384,20.00568,21.40908,18.88117,24.33822
50.,20.01057,20.00906,20.00375,20.00811,21.75123,18.61273,25.00179
60.,20.01282,20.011,20.00327,20.01095,22.08941,18.34858,25.66112
70.,20.01514,20.01299,20.00238,20.0142,22.42366,18.08865,26.31628
80.,20.01752,20.01503,20.00112,20.01786,22.75401,17.83282,26.96732
90.,20.01996,20.01713,19.99948,20.02193,23.0805,17.58102,27.61432
100.,20.02246,20.01929,19.99748,20.0264,23.40318,17.33314,28.25734
110.,20.02504,20.02151,19.99511,20.03127,23.72207,17.08911,28.89642
120.,20.02768,20.0238,19.9924,20.03655,24.03721,16.84885,29.53162
130.,20.0304,20.02615,19.98934,20.04223,24.34865,16.61226,30.16301
140.,20.03319,20.02858,19.98594,20.0483,24.65642,16.37926,30.79064
150.,20.03606,20.03107,19.98221,20.05477,24.96055,16.14979,31.41454
160.,20.03901,20.03364,19.97816,20.06164,25.26108,15.92375,32.03479
170.,20.04203,20.03628,19.97379,20.06889,25.55805,15.70108,32.65143
180.,20.04514,20.039,19.96911,20.07654,25.85149,15.48171,33.26451
190.,20.04832,20.0418,19.96412,20.08456,26.14144,15.26555,33.87407
200.,20.05159,20.04468,19.95883,20.09298,26.42793,15.05255,34.48016
210.,20.05494,20.04763,19.95325,20.10177,26.711,14.84262,35.08284
220.,20.05838,20.05066,19.94738,20.11094,26.99069,14.63572,35.68214
230.,20.0619,20.05378,19.94122,20.12048,27.26702,14.43176,36.2781
240.,20.0655,20.05697,19.93477,20.13039,27.54004,14.23069,36.87078
250.,20.06919,20.06024,19.92806,20.14067,27.80977,14.03245,37.46021
260.,20.07296,20.0636,19.92107,20.15131,28.07626,13.83697,38.04643
270.,20.07681,20.06703,19.91381,20.16231,28.33952,13.64419,38.62949
280.,20.08075,20.07055,19.90629,20.17367,28.59961,13.45407,39.20943
290.,20.08477,20.07415,19.89851,20.18538,28.85655,13.26653,39.78627
300.,20.08887,20.07783,19.89047,20.19744,29.11037,13.08152,40.36007
310.,20.09306,20.08158,19.88218,20.20985,29.36111,12.899,40.93085
320.,20.09732,20.08542,19.87364,20.22259,29.60879,12.7189,41.49866
330.,20.10167,20.08934,19.86485,20.23567,29.85346,12.54118,42.06352
340.,20.10609,20.09333,19.85582,20.24909,30.09514,12.36578,42.62548
350.,20.1106,20.0974,19.84655,20.26284,30.33387,12.19266,43.18458
360.,20.11518,20.10155,19.83704,20.2769,30.56968,12.02176,43.74083
370.,20.11984,20.10577,19.8273,20.2913,30.80259,11.85304,44.29428
380.,20.12458,20.11007,19.81733,20.306,31.03264,11.68646,44.84495
390.,20.12939,20.11444,19.80713,20.32102,31.25986,11.52196,45.39289
400.,20.13427,20.11888,19.79669,20.33635,31.48429,11.3595,45.93811
410.,20.13923,20.12339,19.78604,20.35199,31.70594,11.19905,46.48066
420.,20.14425,20.12798,19.77516,20.36792,31.92485,11.04055,47.02056
430.,20.14935,20.13263,19.76406,20.38415,32.14106,10.88396,47.55784
440.,20.15451,20.13735,19.75275,20.40067,32.35458,10.72925,48.09253
450.,20.15973,20.14213,19.74121,20.41747,32.56546,10.57637,48.62465
460.,20.16503,20.14698,19.72946,20.43456,32.77371,10.42528,49.15424
470.,20.17038,20.15189,19.7175,20.45193,32.97937,10.27596,49.68133
480.,20.17576,20.15683,19.7054,20.46954,33.1825,10.12812,50.09568
490.,20.18105,20.16168,19.69347,20.48727,33.38323,9.980783,50.04467
500.,20.18624,20.16643,19.68172,20.50498,33.5816,9.833928,49.99364
510.,20.19133,20.17108,19.67012,20.52269,33.77762,9.68754,49.94257
520.,20.19632,20.17563,19.65869,20.54039,33.97131,9.541603,49.89148
530.,20.2012,20.18007,19.64741,20.55806,34.16272,9.396101,49.84037
540.,20.20597,20.18442,19.63628,20.57572,34.35184,9.251018,49.78922
550.,20.21064,20.18865,19.62529,20.59336,34.53872,9.106341,49.73804
560.,20.2152,20.19278,19.61443,20.61097,34.72337,8.962055,49.68683
570.,20.21964,20.1968,19.60372,20.62855,34.90581,8.818144,49.63559
580.,20.22397,20.2007,19.59312,20.6461,35.08608,8.674596,49.58431
590.,20.22818,20.20449,19.58266,20.66362,35.26418,8.531396,49.533
600.,20.23228,20.20816,19.57231,20.68109,35.44014,8.38853,49.48165
610.,20.23625,20.21172,19.56207,20.69852,35.61399,8.245986,49.43027
620.,20.2401,20.21515,19.55194,20.71591,35.78575,8.10375,49.37884
630.,20.24382,20.21847,19.54192,20.73325,35.95543,7.961809,49.32738
640.,20.24742,20.22166,19.532,20.75054,36.12306,7.820151,49.27588
650.,20.25089,20.22472,19.52216,20.76778,36.28867,7.678763,49.22434
660.,20.25423,20.22765,19.51242,20.78496,36.45226,7.537634,49.17275
670.,20.25744,20.23046,19.50277,20.80208,36.61387,7.39675,49.12112
680.,20.26051,20.23313,19.49319,20.81913,36.77352,7.256102,49.06945
690.,20.26345,20.23567,19.48369,20.83612,36.93121,7.115677,49.01773
700.,20.26624,20.23807,19.47426,20.85304,37.08698,6.975463,48.96596
710.,20.2689,20.24033,19.46489,20.86988,37.24085,6.835451,48.91415
720.,20.27141,20.24246,19.45559,20.88665,37.39283,6.695628,48.86229
730.,20.27378,20.24444,19.44635,20.90335,37.54295,6.555985,48.81037
740.,20.276,20.24628,19.43716,20.91996,37.69122,6.41651,48.75841
750.,20.27808,20.24797,19.42801,20.93648,37.83767,6.277194,48.7064
760.,20.28,20.24952,19.41892,20.95292,37.98231,6.138026,48.65433
770.,20.28177,20.25092,19.40986,20.96927,38.12516,5.998997,48.60221
780.,20.28339,20.25216,19.40084,20.98553,38.26624,5.860097,48.55003
790.,20.28485,20.25325,19.39185,21.00169,38.40558,5.721315,48.4978
800.,20.28615,20.25419,19.38288,21.01776,38.54318,5.582643,48.44551
810.,20.2873,20.25497,19.37395,21.03372,38.67907,5.444072,48.39317
820.,20.28828,20.2556,19.36503,21.04958,38.81327,5.305592,48.34076
830.,20.28909,20.25606,19.35612,21.06533,38.94579,5.167195,48.2883
840.,20.28975,20.25636,19.34723,21.08098,39.07665,5.028871,48.23577
850.,20.29023,20.2565,19.33834,21.09651,39.20587,4.890613,48.18319
860.,20.29055,20.25647,19.32946,21.11193,39.33347,4.752411,48.13054
870.,20.2907,20.25627,19.32058,21.12723,39.45946,4.614258,48.07782
880.,20.29067,20.25591,19.31169,21.14241,39.58386,4.476144,48.02504
890.,20.29047,20.25537,19.3028,21.15747,39.70669,4.338063,47.9722
900.,20.29009,20.25466,19.29389,21.1724,39.82797,4.200006,47.91929
910.,20.28954,20.25378,19.28497,21.18721,39.9477,4.061966,47.86631
920.,20.2888,20.25272,19.27603,21.20189,40.06592,3.923935,47.81327
930.,20.28789,20.25148,19.26706,21.21643,40.18263,3.785905,47.76015
940.,20.28679,20.25006,19.25807,21.23085,40.29785,3.647869,47.70697
950.,20.28551,20.24847,19.24905,21.24512,40.4116,3.50982,47.65371
960.,20.28389,20.24686,19.24027,21.25905,40.52377,3.371963,46.70557
970.,20.2819,20.24527,19.23176,21.27241,40.63435,3.234315,45.62934
980.,20.27956,20.24368,19.2235,21.28516,40.74337,3.096866,44.5419
990.,20.27685,20.24209,19.21551,21.29732,40.85084,2.959604,43.44297
1000.,20.27379,20.24051,19.20775,21.30889,40.95678,2.822519,42.33227
1010.,20.27036,20.23892,19.20024,21.31987,41.0612,2.6856,41.20951
1020.,20.26658,20.23732,19.19296,21.33025,41.16413,2.548837,40.07438
1030.,20.26244,20.23571,19.18591,21.34005,41.26557,2.412219,38.92656
1040.,20.25793,20.23408,19.17907,21.34927,41.36555,2.275738,37.76572
1050.,20.25307,20.23243,19.17245,21.35791,41.46408,2.139382,36.59151
1060.,20.24785,20.23076,19.16603,21.36597,41.56118,2.003143,35.40359
1070.,20.24227,20.22906,19.15981,21.37346,41.65686,1.867011,34.20156
1080.,20.23634,20.22732,19.15378,21.38037,41.75113,1.730976,32.98505
1090.,20.23004,20.22555,19.14794,21.38672,41.84402,1.59503,31.75364
1100.,20.22339,20.22375,19.14228,21.39249,41.93554,1.459164,30.5069
1110.,20.21637,20.2219,19.13679,21.39771,42.0257,1.323368,29.2444
1120.,20.20901,20.22,19.13147,21.40235,42.11452,1.187635,27.96565
1130.,20.20128,20.21805,19.12631,21.40644,42.20201,1.051956,26.67017
1140.,20.19319,20.21605,19.12131,21.40998,42.28819,0.9163214,25.35745
1150.,20.18475,20.21399,19.11645,21.41295,42.37307,0.7807245,24.02695
1160.,20.17595,20.21188,19.11174,21.41538,42.45666,0.6451567,22.6781
1170.,20.1668,20.2097,19.10716,21.41725,42.53899,0.5096102,21.3103
1180.,20.15728,20.20745,19.10272,21.41857,42.62005,0.3740771,19.92294
1190.,20.14741,20.20513,19.0984,21.41935,42.69987,0.2385499,18.51535
1200.,20.13719,20.20274,19.0942,21.41959,42.77847,0.103021,17.08683
1210.,20.1266,20.20027,19.09012,21.41928,42.85584,-0.03251692,15.63666
1220.,20.11567,20.19773,19.08614,21.41843,42.93202,-0.1680712,14.16406
1230.,20.10437,20.1951,19.08227,21.41705,43.007,-0.3036489,12.66821
1240.,20.09272,20.19238,19.0785,21.41513,43.0808,-0.439257,11.14824
1250.,20.08071,20.18958,19.07481,21.41268,43.15344,-0.5749025,9.603237
1260.,20.06835,20.18668,19.07122,21.4097,43.22493,-0.7105922,8.032222
1270.,20.05563,20.18369,19.06771,21.40619,43.29528,-0.8463326,6.434158
1280.,20.04255,20.1806,19.06428,21.40215,43.36449,-0.9821303,4.807943
1290.,20.02912,20.17741,19.06091,21.39759,43.4326,-1.117992,3.152402
1300.,20.01534,20.17412,19.05762,21.3925,43.4996,-1.253924,1.466279
1310.,20.0012,20.17072,19.05439,21.3869,43.5655,-1.389932,-0.2517677
1320.,19.9867,20.16721,19.05121,21.38077,43.63033,-1.526022,-2.003174
1330.,19.97185,20.16359,19.04809,21.37413,43.69409,-1.662201,-3.789481
1340.,19.95665,20.15986,19.04502,21.36698,43.75679,-1.798474,-5.612345
1350.,19.94109,20.15601,19.04199,21.35931,43.81844,-1.934848,-7.473548
1360.,19.92517,20.15204,19.03899,21.35113,43.87906,-2.071328,-9.375016
1370.,19.9089,20.14794,19.03603,21.34244,43.93866,-2.207919,-11.31883
1380.,19.89228,20.14372,19.03311,21.33324,43.99724,-2.344628,-13.30724
1390.,19.8753,20.13938,19.0302,21.32354,44.05482,-2.481459,-15.34269
1400.,19.85797,20.1349,19.02732,21.31334,44.11141,-2.618418,-17.42787
1410.,19.84029,20.13029,19.02445,21.30263,44.16701,-2.755511,-19.56567
1420.,19.82225,20.12555,19.0216,21.29143,44.22165,-2.892742,-21.75929
1430.,19.80418,20.12047,19.01883,21.27984,44.27532,-3.029673,-22.90227
1440.,19.78632,20.11491,19.0162,21.26809,44.32805,-3.165988,-23.24084
1450.,19.76867,20.10888,19.01371,21.25627,44.37983,-3.301701,-23.58084
1460.,19.75121,20.10237,19.01134,21.24436,44.43069,-3.436825,-23.92229
1470.,19.73395,20.09539,19.0091,21.23238,44.48064,-3.571376,-24.26521
1480.,19.71689,20.08795,19.00699,21.22032,44.52969,-3.705367,-24.6096
1490.,19.70001,20.08005,19.00501,21.20818,44.57784,-3.838811,-24.95549
1500.,19.68332,20.07169,19.00314,21.19596,44.62512,-3.971722,-25.30289
1510.,19.66681,20.06288,19.00139,21.18366,44.67154,-4.104111,-25.65181
1520.,19.65048,20.05363,18.99975,21.17128,44.7171,-4.235993,-26.00227
1530.,19.63433,20.04393,18.99823,21.15881,44.76182,-4.367379,-26.35428
1540.,19.61834,20.03379,18.99681,21.14626,44.8057,-4.498282,-26.70787
1550.,19.60252,20.02321,18.9955,21.13363,44.84877,-4.628714,-27.06304
1560.,19.58687,20.0122,18.99429,21.12092,44.89102,-4.758685,-27.41982
1570.,19.57137,20.00076,18.99319,21.10812,44.93247,-4.888209,-27.77822
1580.,19.55604,19.9889,18.99218,21.09524,44.97314,-5.017296,-28.13826
1590.,19.54085,19.97662,18.99126,21.08227,45.01302,-5.145958,-28.49996
1600.,19.52582,19.96391,18.99044,21.06922,45.05214,-5.274205,-28.86333
1610.,19.51093,19.9508,18.98971,21.05608,45.0905,-5.402048,-29.2284
1620.,19.49619,19.93727,18.98906,21.04286,45.12811,-5.529498,-29.59517
1630.,19.48159,19.92334,18.98851,21.02954,45.16498,-5.656565,-29.96368
1640.,19.46713,19.909,18.98803,21.01614,45.20112,-5.783259,-30.33393
1650.,19.4528,19.89426,18.98763,21.00265,45.23654,-5.90959,-30.70595
1660.,19.43861,19.87912,18.98731,20.98908,45.27125,-6.035568,-31.07976
1670.,19.42454,19.86359,18.98707,20.97541,45.30526,-6.161203,-31.45537
1680.,19.4106,19.84767,18.9869,20.96165,45.33858,-6.286504,-31.83281
1690.,19.39678,19.83136,18.9868,20.9478,45.37121,-6.41148,-32.2121
1700.,19.38307,19.81467,18.98677,20.93387,45.40317,-6.53614,-32.59326
1710.,19.36949,19.7976,18.9868,20.91984,45.43446,-6.660494,-32.97631
1720.,19.35602,19.78014,18.9869,20.90572,45.4651,-6.78455,-33.36128
1730.,19.34266,19.76232,18.98706,20.8915,45.49509,-6.908317,-33.74817
1740.,19.32941,19.74412,18.98728,20.8772,45.52443,-7.031803,-34.13703
1750.,19.31627,19.72555,18.98755,20.8628,45.55315,-7.155016,-34.52786
1760.,19.30322,19.70661,18.98788,20.8483,45.58124,-7.277966,-34.9207
1770.,19.29016,19.68723,18.98814,20.83361,45.51942,-7.400658,-35.28589
1780.,19.27646,19.66731,18.98753,20.81824,45.15521,-7.523072,-35.29251
1790.,19.26177,19.64649,18.98568,20.80188,44.7955,-7.645865,-35.29787
1800.,19.24611,19.62478,18.9826,20.78452,44.44021,-7.769029,-35.30403
1810.,19.22948,19.6022,18.97831,20.7662,44.08925,-7.892555,-35.31097
1820.,19.21192,19.57876,18.97284,20.74692,43.74255,-8.016436,-35.31867
1830.,19.19342,19.55449,18.96621,20.72671,43.40003,-8.140662,-35.32713
1840.,19.17402,19.52939,18.95843,20.70558,43.06162,-8.265228,-35.33633
1850.,19.15372,19.50348,18.94952,20.68355,42.72725,-8.390124,-35.34626
1860.,19.13254,19.47678,18.9395,20.66064,42.39684,-8.515345,-35.35689
1870.,19.1105,19.44929,18.92839,20.63685,42.07033,-8.640884,-35.36823
1880.,19.08761,19.42103,18.9162,20.61221,41.74764,-8.766734,-35.38026
1890.,19.06389,19.39202,18.90296,20.58673,41.42871,-8.892888,-35.39297
1900.,19.03934,19.36227,18.88868,20.56042,41.11347,-9.019206,-35.38969
1910.,19.01399,19.33179,18.87337,20.53331,40.80185,-9.145313,-35.34149
1920.,18.98785,19.30059,18.85705,20.50541,40.4938,-9.27121,-35.29394
1930.,18.96092,19.26868,18.83975,20.47675,40.18924,-9.396898,-35.24703
1940.,18.93323,19.23608,18.82146,20.44733,39.88813,-9.522378,-35.20076
1950.,18.90479,19.20281,18.80222,20.41716,39.5904,-9.647653,-35.1551
1960.,18.87561,19.16886,18.78204,20.38627,39.296,-9.772722,-35.11004
1970.,18.84571,19.13426,18.76092,20.35466,39.00486,-9.897588,-35.06558
1980.,18.81509,19.09902,18.7389,20.32235,38.71694,-10.02225,-35.0217
1990.,18.78378,19.06315,18.71598,20.28935,38.43219,-10.14672,-34.97839
2000.,18.75177,19.02665,18.69217,20.25567,38.15054,-10.27098,-34.93563
2010.,18.71909,18.98954,18.6675,20.22132,37.87195,-10.39505,-34.89343
2020.,18.68575,18.95184,18.64197,20.18632,37.59637,-10.51892,-34.85175
2030.,18.65175,18.91354,18.6156,20.15067,37.32375,-10.6426,-34.81061
2040.,18.61711,18.87467,18.5884,20.1144,37.05403,-10.76609,-34.76997
2050.,18.58184,18.83523,18.56039,20.07751,36.78718,-10.88938,-34.72985
2060.,18.54596,18.79523,18.53159,20.04001,36.52315,-11.01249,-34.69021
2070.,18.50946,18.75468,18.50199,20.00191,36.26188,-11.13541,-34.65106
2080.,18.47236,18.71359,18.47162,19.96322,36.00335,-11.25815,-34.61238
2090.,18.43468,18.67198,18.44049,19.92395,35.74749,-11.3807,-34.57417
2100.,18.39642,18.62984,18.4086,19.88412,35.49427,-11.50307,-34.53642
2110.,18.3576,18.58719,18.37598,19.84374,35.24365,-11.62526,-34.49911
2120.,18.31821,18.54404,18.34264,19.8028,34.99559,-11.74728,-34.46223
2130.,18.27828,18.5004,18.30858,19.76133,34.75004,-11.86912,-34.42579
2140.,18.2378,18.45627,18.27382,19.71933,34.50696,-11.99078,-34.38977
2150.,18.1968,18.41166,18.23836,19.67682,34.26632,-12.11228,-34.35415
2160.,18.15527,18.36659,18.20223,19.63379,34.02808,-12.2336,-34.31895
2170.,18.11324,18.32105,18.16542,19.59027,33.7922,-12.35476,-34.28413
2180.,18.0707,18.27506,18.12796,19.54625,33.55864,-12.47575,-34.24971
2190.,18.02766,18.22863,18.08985,19.50175,33.32737,-12.59658,-34.21566
2200.,17.98414,18.18176,18.0511,19.45677,33.09835,-12.71725,-34.18199
2210.,17.94014,18.13446,18.01172,19.41133,32.87154,-12.83775,-34.14868
2220.,17.89567,18.08674,17.97172,19.36543,32.64692,-12.9581,-34.11573
2230.,17.85074,18.0386,17.93112,19.31908,32.42445,-13.0783,-34.08312
2240.,17.80536,17.99006,17.88991,19.27228,32.20409,-13.19834,-34.05086
2250.,17.75952,17.94111,17.84812,19.22506,31.98582,-13.31823,-34.01894
2260.,17.71325,17.89177,17.80575,19.1774,31.76959,-13.43797,-33.98735
2270.,17.66655,17.84204,17.7628,19.12933,31.55539,-13.55756,-33.95607
2280.,17.61942,17.79193,17.7193,19.08084,31.34318,-13.67701,-33.92512
2290.,17.57187,17.74145,17.67524,19.03195,31.13293,-13.79631,-33.89447
2300.,17.52392,17.6906,17.63063,18.98266,30.9246,-13.91547,-33.86413
2310.,17.47556,17.63938,17.58549,18.93297,30.71818,-14.03449,-33.83408
2320.,17.4268,17.58781,17.53983,18.88291,30.51363,-14.15338,-33.80433
2330.,17.37765,17.53589,17.49364,18.83246,30.31092,-14.27213,-33.77486
2340.,17.32812,17.48363,17.44694,18.78165,30.11003,-14.39075,-33.74567
2350.,17.27822,17.43103,17.39974,18.73047,29.91093,-14.50923,-33.71675
2360.,17.22794,17.3781,17.35204,18.67893,29.71359,-14.62759,-33.6881
2370.,17.1773,17.32484,17.30386,18.62703,29.51799,-14.74581,-33.65971
2380.,17.12629,17.27126,17.2552,18.5748,29.32406,-14.86337,-33.54387
2390.,17.07494,17.21737,17.20606,18.52225,29.13178,-14.98025,-33.42471
2400.,17.02325,17.16317,17.15646,18.46938,28.94111,-15.09645,-33.30594
2410.,16.97121,17.10866,17.10641,18.41621,28.75204,-15.21198,-33.18757
2420.,16.91884,17.05386,17.05591,18.36272,28.56455,-15.32686,-33.06958
2430.,16.86615,16.99878,17.00496,18.30895,28.37861,-15.4411,-32.95197
2440.,16.81314,16.9434,16.95359,18.25488,28.1942,-15.55469,-32.83473
2450.,16.75981,16.88775,16.90179,18.20052,28.01129,-15.66765,-32.71786
2460.,16.70618,16.83182,16.84957,18.14589,27.82988,-15.77999,-32.60135
2470.,16.65224,16.77563,16.79694,18.09098,27.64993,-15.89171,-32.4852
2480.,16.59801,16.71917,16.74391,18.0358,27.47143,-16.00283,-32.36939
2490.,16.54348,16.66246,16.69048,17.98035,27.29435,-16.11335,-32.25392
2500.,16.48867,16.60549,16.63666,17.92465,27.11868,-16.22327,-32.13879
2510.,16.43359,16.54827,16.58245,17.8687,26.94439,-16.33262,-32.024
2520.,16.37822,16.49081,16.52787,17.8125,26.77148,-16.44138,-31.90952
2530.,16.32259,16.43311,16.47292,17.75606,26.59991,-16.54958,-31.79537
2540.,16.26669,16.37517,16.4176,17.69937,26.42967,-16.65722,-31.68154
2550.,16.21054,16.31701,16.36193,17.64246,26.26074,-16.7643,-31.56801
2560.,16.15413,16.25862,16.3059,17.58532,26.0931,-16.87083,-31.45479
2570.,16.09747,16.20002,16.24953,17.52795,25.92675,-16.97683,-31.34187
2580.,16.04057,16.14119,16.19282,17.47036,25.76165,-17.08229,-31.22924
2590.,15.98343,16.08216,16.13578,17.41256,25.59779,-17.18722,-31.11691
2600.,15.92605,16.02292,16.0784,17.35455,25.43515,-17.29163,-31.00486
2610.,15.86844,15.96347,16.02071,17.29634,25.27373,-17.39553,-30.89309
2620.,15.81061,15.90383,15.9627,17.23792,25.11349,-17.49893,-30.7816
2630.,15.75256,15.84399,15.90437,17.17931,24.95443,-17.60182,-30.67038
2640.,15.69429,15.78395,15.84574,17.1205,24.79654,-17.70421,-30.55943
2650.,15.6358,15.72374,15.78681,17.06151,24.63978,-17.80612,-30.44875
2660.,15.57711,15.66334,15.72759,17.00233,24.48416,-17.90755,-30.33832
2670.,15.51821,15.60275,15.66807,16.94297,24.32965,-18.0085,-30.22815
2680.,15.45911,15.542,15.60827,16.88343,24.17624,-18.10898,-30.11824
2690.,15.39982,15.48107,15.54819,16.82372,24.02391,-18.20899,-30.00857
2700.,15.34033,15.41997,15.48784,16.76385,23.87266,-18.30855,-29.89914
2710.,15.28066,15.35871,15.42721,16.7038,23.72246,-18.40765,-29.78995
2720.,15.2208,15.29728,15.36632,16.6436,23.5733,-18.5063,-29.68101
2730.,15.16076,15.2357,15.30517,16.58323,23.42518,-18.60451,-29.57229
2740.,15.10054,15.17397,15.24376,16.52271,23.27807,-18.70229,-29.4638
2750.,15.04015,15.11208,15.1821,16.46204,23.13196,-18.79963,-29.35554
2760.,14.97959,15.05004,15.1202,16.40122,22.98684,-18.89655,-29.24751
2770.,14.91886,14.98786,15.05805,16.34026,22.8427,-18.99304,-29.13969
2780.,14.85797,14.92553,14.99566,16.27916,22.69952,-19.08912,-29.03209
2790.,14.79692,14.86307,14.93304,16.21791,22.55729,-19.18479,-28.9247
2800.,14.73572,14.80047,14.87018,16.15654,22.41601,-19.28005,-28.81752
2810.,14.67436,14.73774,14.80711,16.09503,22.27565,-19.37491,-28.71055
2820.,14.61285,14.67488,14.74381,16.03339,22.1362,-19.46938,-28.60378
2830.,14.55119,14.61189,14.68029,15.97163,21.99766,-19.56345,-28.49721
2840.,14.48939,14.54878,14.61656,15.90974,21.86002,-19.65713,-28.39084
2850.,14.42745,14.48554,14.55263,15.84774,21.7232,-19.75041,-28.25495
2860.,14.36537,14.42219,14.48852,15.78563,21.58716,-19.84328,-28.10345
2870.,14.30316,14.35872,14.42422,15.72341,21.45191,-19.93573,-27.95227
2880.,14.24081,14.29514,14.35975,15.66109,21.31741,-20.02778,-27.80141
2890.,14.17833,14.23145,14.2951,15.59868,21.18368,-20.11943,-27.65087
2900.,14.11572,14.16765,14.23028,15.53616,21.05069,-20.21069,-27.50065
2910.,14.05299,14.10374,14.16529,15.47355,20.91845,-20.30155,-27.35074
2920.,13.99014,14.03973,14.10013,15.41085,20.78693,-20.39203,-27.20114
2930.,13.92717,13.97562,14.03482,15.34805,20.65612,-20.48213,-27.05185
2940.,13.86408,13.91141,13.96934,15.28517,20.52604,-20.57185,-26.90286
2950.,13.80088,13.8471,13.90371,15.22221,20.39665,-20.6612,-26.75417
2960.,13.73757,13.7827,13.83793,15.15916,20.26795,-20.75019,-26.60578
2970.,13.67414,13.71821,13.77199,15.09603,20.13994,-20.83881,-26.45768
2980.,13.61062,13.65363,13.70591,15.03282,20.01261,-20.92707,-26.30987
2990.,13.54698,13.58896,13.63968,14.96954,19.88594,-21.01497,-26.16235
3000.,13.48325,13.52421,13.57332,14.90618,19.75993,-21.10252,-26.01512
3010.,13.41942,13.45937,13.50681,14.84275,19.63457,-21.18973,-25.86817
3020.,13.35549,13.39446,13.44017,14.77925,19.50986,-21.2766,-25.7215
3030.,13.29146,13.32946,13.37339,14.71568,19.38578,-21.36312,-25.57511
3040.,13.22734,13.26439,13.30649,14.65205,19.26233,-21.44931,-25.429
3050.,13.16314,13.19924,13.23945,14.58835,19.1395,-21.53517,-25.28315
3060.,13.09884,13.13402,13.17229,14.52459,19.01728,-21.6207,-25.13758
3070.,13.03446,13.06873,13.10501,14.46077,18.89566,-21.70591,-24.99227
3080.,12.96999,13.00337,13.03761,14.39689,18.77465,-21.7908,-24.84723
3090.,12.90545,12.93794,12.97008,14.33296,18.65422,-21.87537,-24.70246
3100.,12.84082,12.87245,12.90245,14.26897,18.53438,-21.95963,-24.55794
3110.,12.77611,12.80689,12.8347,14.20493,18.41511,-22.04358,-24.41368
3120.,12.71133,12.74127,12.76684,14.14084,18.29642,-22.12723,-24.26968
3130.,12.64648,12.6756,12.69887,14.07669,18.17828,-22.21057,-24.12593
3140.,12.58155,12.60986,12.63079,14.0125,18.0607,-22.29361,-23.98243
3150.,12.51656,12.54407,12.56261,13.94827,17.94367,-22.37636,-23.83918
3160.,12.45149,12.47822,12.49433,13.88399,17.82719,-22.45881,-23.69618
3170.,12.38636,12.41232,12.42595,13.81967,17.71124,-22.54098,-23.55343
3180.,12.32117,12.34636,12.35747,13.7553,17.59582,-22.62286,-23.41091
3190.,12.25591,12.28036,12.28889,13.6909,17.48092,-22.70445,-23.26864
3200.,12.19059,12.21431,12.22022,13.62646,17.36655,-22.78577,-23.12661
3210.,12.12522,12.14821,12.15146,13.56198,17.25268,-22.86681,-22.98481
3220.,12.05978,12.08207,12.08261,13.49747,17.13932,-22.94757,-22.84325
3230.,11.99429,12.01588,12.01368,13.43293,17.02646,-23.02807,-22.70192
3240.,11.92875,11.94965,11.94465,13.36835,16.91409,-23.10829,-22.56083
3250.,11.86315,11.88338,11.87555,13.30374,16.80222,-23.18825,-22.41996
3260.,11.7975,11.81707,11.80636,13.23911,16.69082,-23.26795,-22.27932
3270.,11.7318,11.75072,11.73709,13.17444,16.5799,-23.34739,-22.13891
3280.,11.66605,11.68433,11.66775,13.10975,16.46946,-23.42657,-21.99872
3290.,11.60026,11.61791,11.59833,13.04504,16.35948,-23.5055,-21.85875
3300.,11.53442,11.55146,11.52883,12.9803,16.24996,-23.58418,-21.71901
3310.,11.46854,11.48497,11.45926,12.91554,16.14089,-23.66261,-21.57948
3320.,11.40262,11.41845,11.38963,12.85075,16.03226,-23.7406,-21.44212
3330.,11.33666,11.3519,11.31998,12.78595,15.92402,-23.8178,-21.30871
3340.,11.27066,11.28532,11.25029,12.72113,15.81617,-23.89421,-21.17549
3350.,11.20463,11.21871,11.18058,12.65629,15.7087,-23.96985,-21.04247
3360.,11.13856,11.15208,11.11085,12.59144,15.60161,-24.04472,-20.90964
3370.,11.07246,11.08543,11.04109,12.52657,15.4949,-24.11884,-20.777
3380.,11.00633,11.01876,10.97131,12.46169,15.38857,-24.1922,-20.64455
3390.,10.94018,10.95206,10.90151,12.3968,15.2826,-24.26482,-20.51228
3400.,10.874,10.88535,10.83169,12.3319,15.177,-24.3367,-20.3802
3410.,10.8078,10.81862,10.76186,12.267,15.07176,-24.40786,-20.2483
3420.,10.74157,10.75188,10.69201,12.20209,14.96688,-24.4783,-20.11659
3430.,10.67532,10.68512,10.62215,12.13718,14.86235,-24.54803,-19.98506
3440.,10.60906,10.61836,10.55228,12.07226,14.75818,-24.61706,-19.8537
3450.,10.54277,10.55158,10.4824,12.00735,14.65436,-24.68539,-19.72252
3460.,10.47648,10.48479,10.41251,11.94244,14.55088,-24.75303,-19.59152
3470.,10.41016,10.418,10.34261,11.87753,14.44775,-24.81999,-19.46069
3480.,10.34384,10.35121,10.27271,11.81262,14.34495,-24.88627,-19.33003
3490.,10.27751,10.2844,10.20281,11.74772,14.2425,-24.95189,-19.19955
3500.,10.21116,10.2176,10.1329,11.68283,14.14037,-25.01685,-19.06923
3510.,10.14481,10.1508,10.06299,11.61794,14.03858,-25.08116,-18.93909
3520.,10.07846,10.084,9.993082,11.55307,13.93711,-25.14482,-18.80911
3530.,10.0121,10.0172,9.923176,11.4882,13.83597,-25.20784,-18.67929
3540.,9.945733,9.950398,9.853274,11.42335,13.73515,-25.27022,-18.54964
3550.,9.879368,9.883606,9.783375,11.35852,13.63464,-25.33198,-18.42015
3560.,9.813003,9.81682,9.713483,11.29369,13.53446,-25.39312,-18.29083
3570.,9.746639,9.750041,9.643598,11.22889,13.43458,-25.45365,-18.16166
3580.,9.680277,9.68327,9.573721,11.1641,13.33502,-25.51357,-18.03266
3590.,9.61392,9.61651,9.503854,11.09933,13.23576,-25.57288,-17.90381
3600.,9.547568,9.549761,9.433998,11.03459,13.13681,-25.6316,-17.77512
3610.,9.481223,9.483024,9.364153,10.96986,13.03816,-25.68973,-17.64658
3620.,9.414885,9.416301,9.294322,10.90515,12.93981,-25.74728,-17.5182
3630.,9.348557,9.349593,9.224506,10.84047,12.84175,-25.80425,-17.38997
3640.,9.282239,9.282901,9.154705,10.77582,12.74399,-25.86065,-17.2619
3650.,9.215933,9.216225,9.08492,10.71119,12.64653,-25.91648,-17.13397
3660.,9.14964,9.149569,9.015153,10.64659,12.54935,-25.97175,-17.00619
3670.,9.083361,9.082931,8.945406,10.58201,12.45245,-26.02646,-16.87857
3680.,9.017097,9.016314,8.875678,10.51747,12.35585,-26.08063,-16.75109
3690.,8.95085,8.949719,8.805971,10.45296,12.25952,-26.13425,-16.62376
3700.,8.88462,8.883146,8.736286,10.38847,12.16347,-26.18733,-16.49657
3710.,8.818409,8.816597,8.666625,10.32402,12.0677,-26.23988,-16.36953
3720.,8.752217,8.750073,8.596987,10.25961,11.9722,-26.29189,-16.24263
3730.,8.686047,8.683574,8.527374,10.19522,11.87698,-26.34339,-16.11588
3740.,8.619898,8.617102,8.457788,10.13088,11.78203,-26.39436,-15.98926
3750.,8.553773,8.550658,8.388228,10.06657,11.68734,-26.44482,-15.86279
3760.,8.487671,8.484242,8.318697,10.00229,11.59292,-26.49477,-15.73646
3770.,8.421594,8.417857,8.249194,9.93806,11.49877,-26.54422,-15.61026
3780.,8.355544,8.351501,8.179721,9.873864,11.40487,-26.59316,-15.48421
3790.,8.28952,8.285178,8.11028,9.809708,11.31124,-26.6416,-15.35931
3800.,8.223524,8.218885,8.040899,9.74559,11.21786,-26.68903,-15.26277
3810.,8.157556,8.152626,7.971578,9.681508,11.12473,-26.73546,-15.16629
3820.,8.091619,8.086402,7.90232,9.617464,11.03187,-26.78092,-15.06988
3830.,8.025713,8.020214,7.833125,9.553458,10.93925,-26.8254,-14.97353
3840.,7.95984,7.954063,7.763994,9.489492,10.84688,-26.86891,-14.87724
3850.,7.894003,7.887951,7.694929,9.425569,10.75477,-26.91148,-14.78101
3860.,7.828201,7.82188,7.625931,9.361688,10.6629,-26.95309,-14.68483
3870.,7.762437,7.755851,7.557,9.297852,10.57128,-26.99378,-14.58872
3880.,7.696712,7.689864,7.488138,9.234063,10.47991,-27.03353,-14.49266
3890.,7.631028,7.623923,7.419346,9.17032,10.38878,-27.07237,-14.39666
3900.,7.565386,7.558027,7.350625,9.106627,10.29789,-27.1103,-14.30072
3910.,7.499787,7.492178,7.281976,9.042983,10.20724,-27.14734,-14.20483
3920.,7.434663,7.42668,7.213782,8.979723,10.50992,-27.18343,-14.2828
3930.,7.37066,7.361757,7.146516,8.917126,10.80936,-27.21756,-14.76379
3940.,7.30777,7.297407,7.080174,8.855141,11.10559,-27.24978,-15.24712
3950.,7.245985,7.233626,7.014747,8.793765,11.39864,-27.28008,-15.73281
3960.,7.185297,7.170414,6.950231,8.732994,11.68854,-27.30849,-16.2209
3970.,7.125697,7.107767,6.886618,8.672826,11.97532,-27.33503,-16.71142
3980.,7.067179,7.045682,6.823904,8.613258,12.259,-27.35972,-17.20441
3990.,7.009732,6.984157,6.762081,8.554286,12.53961,-27.38258,-17.69991
4000.,6.953351,6.92319,6.701143,8.495907,12.81719,-27.40362,-18.19793
4010.,6.898026,6.862778,6.641085,8.438119,13.09176,-27.42287,-18.69853
4020.,6.84375,6.802918,6.5819,8.380917,13.36334,-27.44034,-19.20174
4030.,6.790515,6.743608,6.523583,8.324298,13.63198,-27.45604,-19.70759
4040.,6.738313,6.684845,6.466127,8.268261,13.89768,-27.47001,-20.21613
4050.,6.687137,6.626626,6.409526,8.2128,14.16049,-27.48225,-20.72739
4060.,6.636979,6.568949,6.353774,8.157914,14.42043,-27.49278,-21.24141
4070.,6.587831,6.511811,6.298866,8.103599,14.67753,-27.50162,-21.75824
4080.,6.539686,6.45521,6.244796,8.049851,14.93181,-27.50879,-22.27792
4090.,6.492536,6.399142,6.191557,7.996667,15.1833,-27.5143,-22.80048
4100.,6.446373,6.343605,6.139143,7.944045,15.43204,-27.51817,-23.32598
4110.,6.401191,6.288596,6.08755,7.89198,15.67803,-27.52042,-23.85445
4120.,6.356981,6.234113,6.036771,7.84047,15.92133,-27.52106,-24.38594
4130.,6.313736,6.180152,5.9868,7.789511,16.16194,-27.52011,-24.9205
4140.,6.27145,6.126712,5.937631,7.739101,16.3999,-27.51759,-25.45818
4150.,6.230114,6.073788,5.88926,7.689235,16.63523,-27.51351,-25.99902
4160.,6.189722,6.021379,5.841679,7.639911,16.86797,-27.50788,-26.54308
4170.,6.150266,5.969481,5.794884,7.591126,17.09813,-27.50073,-27.0904
4180.,6.11174,5.918093,5.748869,7.542875,17.32574,-27.49207,-27.64104
4190.,6.074135,5.86721,5.703628,7.495157,17.55083,-27.48192,-28.19505
4200.,6.037446,5.816831,5.659156,7.447967,17.77342,-27.47028,-28.75249
4210.,6.001665,5.766953,5.615447,7.401303,17.99355,-27.45718,-29.31341
4220.,5.966785,5.717572,5.572496,7.355161,18.21123,-27.44262,-29.87787
4230.,5.932799,5.668686,5.530297,7.309538,18.42649,-27.42664,-30.44593
4240.,5.899701,5.620293,5.488845,7.264431,18.63936,-27.40923,-31.01765
4250.,5.867483,5.572389,5.448134,7.219836,18.84985,-27.39041,-31.59308
4260.,5.836139,5.524972,5.408159,7.175751,19.05801,-27.37021,-32.1723
4270.,5.805406,5.478453,5.369617,7.132194,19.26384,-27.34809,-32.54598
4280.,5.775183,5.432983,5.332761,7.089191,19.46738,-27.32388,-32.84203
4290.,5.745472,5.388557,5.297578,7.046749,19.66865,-27.2976,-33.13879
4300.,5.716271,5.345169,5.264057,7.004868,19.86768,-27.26927,-33.43624
4310.,5.687582,5.302814,5.232186,6.963546,20.0645,-27.2389,-33.73442
4320.,5.659403,5.261485,5.201952,6.922783,20.25913,-27.20652,-34.03331
4330.,5.631734,5.221178,5.173343,6.882577,20.4516,-27.17215,-34.33294
4340.,5.604576,5.181886,5.146349,6.842928,20.64193,-27.1358,-34.63329
4350.,5.577927,5.143606,5.120957,6.803834,20.83016,-27.0975,-34.93439
4360.,5.551788,5.10633,5.097155,6.765295,21.0163,-27.05726,-35.23624
4370.,5.526158,5.070054,5.074933,6.727309,21.20039,-27.0151,-35.53884
4380.,5.501037,5.034773,5.054279,6.689875,21.38244,-26.97104,-35.8422
4390.,5.476425,5.00048,5.035182,6.652993,21.56249,-26.9251,-36.14633
4400.,5.452321,4.967172,5.01763,6.616662,21.74056,-26.8773,-36.45124
4410.,5.428724,4.934843,5.001614,6.580879,21.91668,-26.82765,-36.75692
4420.,5.405635,4.903487,4.987121,6.545645,22.09086,-26.77617,-37.0634
4430.,5.383053,4.8731,4.974141,6.510958,22.26314,-26.72288,-37.37068
4440.,5.360978,4.843677,4.962663,6.476817,22.43354,-26.6678,-37.67876
4450.,5.339409,4.815212,4.952677,6.443222,22.60208,-26.61094,-37.98765
4460.,5.318346,4.787701,4.944173,6.410171,22.76878,-26.55232,-38.29736
4470.,5.297787,4.761138,4.937139,6.377662,22.93368,-26.49197,-38.6079
4480.,5.277734,4.735519,4.931565,6.345696,23.09679,-26.42989,-38.91928
4490.,5.258185,4.71084,4.927442,6.314271,23.25813,-26.3661,-39.2315
4500.,5.23914,4.687094,4.924759,6.283385,23.41774,-26.30062,-39.54457
4510.,5.220598,4.664278,4.923505,6.253039,23.57563,-26.23346,-39.8585
4520.,5.20256,4.642386,4.923672,6.22323,23.73183,-26.16465,-40.1733
4530.,5.185023,4.621414,4.925249,6.193958,23.88635,-26.0942,-40.48897
4540.,5.167989,4.601358,4.928227,6.165222,24.03923,-26.02212,-40.80553
4550.,5.151456,4.582212,4.932595,6.137021,24.19047,-25.94843,-41.12298
4560.,5.135424,4.563972,4.938344,6.109354,24.34012,-25.87314,-41.44133
4570.,5.119893,4.546634,4.945465,6.082219,24.48818,-25.79628,-41.76059
4580.,5.104861,4.530193,4.953947,6.055616,24.63468,-25.71785,-42.08078
4590.,5.090329,4.514645,4.963783,6.029544,24.77963,-25.63788,-42.40189
4600.,5.076295,4.499985,4.974962,6.004002,24.92307,-25.55637,-42.72393
4610.,5.06276,4.48621,4.987476,5.978988,25.06501,-25.47335,-43.04692
4620.,5.049723,4.473313,5.001314,5.954502,25.20548,-25.38883,-43.37087
4630.,5.037183,4.461292,5.016469,5.930543,25.34448,-25.30281,-43.69578
4640.,5.02514,4.450142,5.032931,5.90711,25.48205,-25.21533,-44.02167
4650.,5.013594,4.439859,5.050691,5.884202,25.61821,-25.12639,-44.34854
4660.,5.002543,4.430439,5.069741,5.861818,25.75297,-25.03601,-44.67641
4670.,4.991987,4.421877,5.090072,5.839957,25.88635,-24.94419,-45.00527
4680.,4.981926,4.41417,5.111675,5.818619,26.01837,-24.85097,-45.33515
4690.,4.972359,4.407313,5.134541,5.797801,26.14906,-24.75634,-45.66606
4700.,4.963286,4.401303,5.158662,5.777504,26.27843,-24.66033,-45.998
4710.,4.954707,4.396135,5.184031,5.757726,26.4065,-24.56295,-46.33098
4720.,4.94662,4.391805,5.210637,5.738466,26.5333,-24.4642,-46.66502
4730.,4.939025,4.388311,5.238474,5.719725,26.65883,-24.36412,-47.00012
4740.,4.932007,4.385566,5.267088,5.701527,26.78306,-24.26264,-46.98931
4750.,4.92568,4.383456,5.295859,5.683938,26.90592,-24.15971,-46.49862
4760.,4.92004,4.381977,5.324788,5.666994,27.02744,-24.05532,-46.01058
4770.,4.915084,4.381126,5.353876,5.650689,27.14763,-23.94951,-45.52516
4780.,4.910807,4.380899,5.383125,5.635021,27.2665,-23.84229,-45.04232
4790.,4.907205,4.381293,5.412534,5.619986,27.38409,-23.73368,-44.56204
4800.,4.904274,4.382304,5.442106,5.605581,27.50039,-23.62368,-44.08428
4810.,4.90201,4.383929,5.471842,5.591801,27.61544,-23.51233,-43.60901
4820.,4.900409,4.386165,5.501742,5.578643,27.72925,-23.39963,-43.13619
4830.,4.899468,4.389009,5.531809,5.566104,27.84184,-23.2856,-42.6658
4840.,4.899181,4.392457,5.562042,5.55418,27.95322,-23.17025,-42.19781
4850.,4.899546,4.396506,5.592443,5.542868,28.06341,-23.05361,-41.73219
4860.,4.900558,4.401153,5.623013,5.532165,28.17243,-22.93568,-41.26891
4870.,4.902215,4.406394,5.653753,5.522067,28.28029,-22.81649,-40.80794
4880.,4.904511,4.412227,5.684665,5.51257,28.38701,-22.69605,-40.34926
4890.,4.907444,4.418649,5.715748,5.503672,28.49261,-22.57437,-39.89283
4900.,4.911009,4.425656,5.747005,5.495369,28.59709,-22.45146,-39.43864
4910.,4.915204,4.433245,5.778436,5.487658,28.70049,-22.32735,-38.98665
4920.,4.920024,4.441414,5.810041,5.480536,28.80281,-22.20205,-38.53683
4930.,4.925467,4.450159,5.841823,5.474,28.90407,-22.07558,-38.08918
4940.,4.931527,4.459477,5.873782,5.468046,29.00428,-21.94794,-37.64365
4950.,4.938203,4.469366,5.905919,5.462672,29.10347,-21.81915,-37.20022
4960.,4.945491,4.479823,5.938234,5.457875,29.20164,-21.68923,-36.75888
4970.,4.953387,4.490844,5.97073,5.453651,29.2988,-21.55819,-36.31959
4980.,4.961887,4.502427,6.003406,5.449998,29.39499,-21.42605,-35.88234
4990.,4.970989,4.51457,6.036264,5.446912,29.4902,-21.29281,-35.44711
5000.,4.98069,4.527269,6.069304,5.444391,29.58445,-21.1585,-35.01386
5010.,4.990985,4.540521,6.102528,5.442432,29.67776,-21.02312,-34.58258
5020.,5.001872,4.554325,6.135936,5.441032,29.77015,-20.8867,-34.15325
5030.,5.013348,4.568676,6.16953,5.440188,29.86162,-20.74924,-33.72584
5040.,5.025409,4.583573,6.203309,5.439898,29.95219,-20.61075,-33.30034
5050.,5.038053,4.599013,6.237275,5.440158,30.04187,-20.47126,-32.87672
5060.,5.051275,4.614993,6.271429,5.440967,30.13068,-20.33077,-32.45497
5070.,5.065074,4.631511,6.305772,5.442321,30.21863,-20.1893,-32.03506
5080.,5.079446,4.648564,6.340304,5.444218,30.30573,-20.04686,-31.61698
5090.,5.094388,4.66615,6.375026,5.446654,30.392,-19.90347,-31.2007
5100.,5.109897,4.684265,6.409939,5.449628,30.47745,-19.75913,-30.78622
5110.,5.12597,4.702909,6.445044,5.453138,30.56209,-19.61385,-30.3735
5120.,5.142605,4.722077,6.480342,5.457179,30.64593,-19.46767,-29.96253
5130.,5.159798,4.741768,6.515833,5.461751,30.72899,-19.32057,-29.5533
5140.,5.177547,4.761979,6.551518,5.46685,30.81129,-19.17258,-29.14578
5150.,5.195848,4.782708,6.587398,5.472474,30.89282,-19.02371,-28.73996
5160.,5.214699,4.803953,6.623474,5.47862,30.97361,-18.87397,-28.33582
5170.,5.234098,4.825711,6.659747,5.485287,31.05366,-18.72338,-27.93334
5180.,5.254041,4.847979,6.696216,5.492472,31.133,-18.57194,-27.53251
5190.,5.274526,4.870757,6.732884,5.500172,31.21162,-18.41966,-27.13332
5200.,5.29555,4.89404,6.76975,5.508385,31.28954,-18.26657,-26.73573
5210.,5.317093,4.917813,6.806745,5.517118,31.36679,-18.11279,-26.25486
5220.,5.339018,4.941954,6.843298,5.526447,31.44351,-17.9593,-25.09918
5230.,5.36132,4.96646,6.879412,5.53644,31.5197,-17.8061,-23.95904
5240.,5.383997,4.991328,6.915095,5.547089,31.59538,-17.65319,-22.83395
5250.,5.407044,5.016554,6.950349,5.558388,31.67054,-17.50057,-21.72344
5260.,5.430459,5.042136,6.985181,5.570333,31.74519,-17.34824,-20.62709
5270.,5.454239,5.06807,7.019596,5.582916,31.81934,-17.1962,-19.54447
5280.,5.478379,5.094353,7.053598,5.596132,31.89301,-17.04444,-18.47518
5290.,5.502878,5.120983,7.087191,5.609975,31.96618,-16.89297,-17.41884
5300.,5.527731,5.147956,7.120381,5.62444,32.03888,-16.74179,-16.3751
5310.,5.552936,5.175269,7.153173,5.63952,32.1111,-16.59089,-15.34359
5320.,5.578489,5.202919,7.185571,5.65521,32.18286,-16.44028,-14.32399
5330.,5.604387,5.230904,7.217579,5.671505,32.25416,-16.28995,-13.31597
5340.,5.630628,5.259221,7.249203,5.688399,32.325,-16.1399,-12.31924
5350.,5.657208,5.287866,7.280447,5.705886,32.39539,-15.99013,-11.3335
5360.,5.684125,5.316836,7.311315,5.723961,32.46534,-15.84064,-10.35846
5370.,5.711374,5.34613,7.341811,5.742619,32.53486,-15.69143,-9.393865
5380.,5.738954,5.375744,7.371941,5.761854,32.60394,-15.5425,-8.439443
5390.,5.766861,5.405675,7.401708,5.781661,32.6726,-15.39385,-7.494949
5400.,5.795093,5.43592,7.431117,5.802035,32.74084,-15.24548,-6.560142
5410.,5.823647,5.466478,7.460173,5.822971,32.80866,-15.09738,-5.634792
5420.,5.852519,5.497345,7.488878,5.844463,32.87608,-14.94955,-4.718676
5430.,5.881707,5.528518,7.517238,5.866506,32.94309,-14.802,-3.811579
5440.,5.911209,5.559995,7.545257,5.889097,33.00971,-14.65473,-2.913296
5450.,5.941021,5.591774,7.572939,5.912228,33.07594,-14.50772,-2.023627
5460.,5.971141,5.623851,7.600288,5.935897,33.14178,-14.36099,-1.142379
5470.,6.001566,5.656224,7.627307,5.960096,33.20724,-14.21453,-0.2693674
5480.,6.032293,5.688891,7.654002,5.984823,33.27233,-14.06834,0.5955868
5490.,6.06332,5.721849,7.680375,6.010072,33.33704,-13.92242,1.452657
5500.,6.094644,5.755096,7.706432,6.035838,33.40139,-13.77676,2.30201
5510.,6.126263,5.788628,7.732175,6.062117,33.46538,-13.63137,3.143808
5520.,6.158174,5.822444,7.757609,6.088904,33.52902,-13.48625,3.978208
5530.,6.190374,5.856542,7.782737,6.116194,33.5923,-13.34139,4.80536
5540.,6.222861,5.890918,7.807563,6.143982,33.65524,-13.1968,5.625411
5550.,6.255632,5.92557,7.832091,6.172266,33.71784,-13.05247,6.438503
5560.,6.288686,5.960497,7.856325,6.201038,33.7801,-12.9084,7.244775
5570.,6.322018,5.995695,7.880268,6.230297,33.84203,-12.76459,8.044357
5580.,6.355628,6.031163,7.903924,6.260036,33.90364,-12.62104,8.837381
5590.,6.389512,6.066898,7.927297,6.290252,33.96492,-12.47776,9.623972
5600.,6.423669,6.102897,7.950389,6.32094,34.02589,-12.33473,10.40425
5610.,6.458095,6.13916,7.973206,6.352096,34.08654,-12.19195,11.17833
5620.,6.49279,6.175682,7.995749,6.383716,34.14688,-12.04944,11.94634
5630.,6.527749,6.212463,8.018023,6.415795,34.20692,-11.90718,12.70837
5640.,6.562971,6.2495,8.040031,6.44833,34.26667,-11.76517,13.46455
5650.,6.598454,6.28679,8.061777,6.481316,34.32611,-11.62342,14.21497
5660.,6.634196,6.324332,8.083263,6.514749,34.38527,-11.48192,14.95974
5670.,6.670193,6.362124,8.104493,6.548625,34.44413,-11.34068,15.69895
5680.,6.706445,6.400163,8.125471,6.582941,34.50272,-11.19968,16.4327
5690.,6.742798,6.43829,8.146193,6.617691,34.56103,-11.06094,17.1635
5700.,6.779213,6.476464,8.166658,6.652867,34.61908,-10.92493,17.88957
5710.,6.815684,6.514679,8.186865,6.688463,34.67686,-10.79161,18.61041
5720.,6.852208,6.552933,8.206814,6.72447,34.73438,-10.66095,19.32611
5730.,6.888781,6.59122,8.226503,6.760881,34.79162,-10.53292,20.03675
5740.,6.925398,6.629538,8.245933,6.797687,34.8486,-10.40749,20.74241
5750.,6.962055,6.667882,8.265101,6.834882,34.90531,-10.28462,21.44317
5760.,6.998749,6.706248,8.284008,6.872458,34.96176,-10.16428,22.13911
5770.,7.035476,6.744633,8.302653,6.910407,35.01793,-10.04644,22.83031
5780.,7.07223,6.783032,8.321035,6.948722,35.07384,-9.931066,23.51683
5790.,7.10901,6.821443,8.339153,6.987396,35.12948,-9.818135,24.19876
5800.,7.14581,6.859861,8.357007,7.026421,35.18485,-9.707611,24.87615
5810.,7.182627,6.898283,8.374596,7.06579,35.23996,-9.599466,25.54909
5820.,7.219458,6.936706,8.39192,7.105497,35.29479,-9.493669,26.21763
5830.,7.256298,6.975125,8.408977,7.145534,35.34936,-9.39019,26.88185
5840.,7.293145,7.013537,8.425767,7.185894,35.40366,-9.289001,27.5418
5850.,7.329993,7.051939,8.442291,7.22657,35.4577,-9.190073,28.19755
5860.,7.366841,7.090327,8.458546,7.267556,35.51146,-9.093377,28.84916
5870.,7.403683,7.128698,8.474532,7.308845,35.56496,-8.998885,29.49669
5880.,7.440518,7.167048,8.49025,7.35043,35.61819,-8.906569,30.14019
5890.,7.477341,7.205375,8.505697,7.392305,35.67115,-8.816401,30.77973
5900.,7.514148,7.243674,8.520875,7.434463,35.72384,-8.728354,31.41535
5910.,7.550938,7.281944,8.535781,7.476897,35.77627,-8.642401,32.04713
5920.,7.587705,7.32018,8.550417,7.519602,35.82843,-8.558515,32.67509
5930.,7.624448,7.358379,8.56478,7.562571,35.88032,-8.47667,33.29931
5940.,7.661162,7.396539,8.578872,7.605797,35.93194,-8.39684,33.91982
5950.,7.697845,7.434656,8.59269,7.649275,35.9833,-8.318998,34.53669
5960.,7.734494,7.472727,8.606236,7.692999,36.03439,-8.243121,35.14995
5970.,7.771104,7.510749,8.619507,7.736961,36.08521,-8.169181,35.75966
5980.,7.807674,7.54872,8.632505,7.781157,36.13576,-8.097155,36.36586
5990.,7.8442,7.586636,8.645228,7.825581,36.18605,-8.027017,36.9686
6000.,7.88068,7.624494,8.657676,7.870226,36.23607,-7.958744,37.56792
6010.,7.917109,7.662292,8.669849,7.915087,36.28583,-7.892311,38.16387
6020.,7.953486,7.700027,8.681746,7.960158,36.33531,-7.827695,38.75649
6030.,7.989807,7.737696,8.693367,8.005434,36.38454,-7.764872,39.34582
6040.,8.02607,7.775297,8.704712,8.050908,36.43349,-7.703819,39.9319
6050.,8.062272,7.812826,8.71578,8.096576,36.48219,-7.644514,40.51478
6060.,8.09841,7.850281,8.726571,8.142431,36.53061,-7.586933,41.09449
6070.,8.134482,7.88766,8.737084,8.188469,36.57877,-7.531054,41.67107
6080.,8.170484,7.924959,8.74732,8.234684,36.62667,-7.476856,42.24456
6090.,8.206414,7.962177,8.757277,8.281071,36.6743,-7.424316,42.815
6100.,8.242269,7.999311,8.766957,8.327625,36.72166,-7.373413,43.38243
6110.,8.278047,8.036358,8.776357,8.374339,36.76876,-7.324126,43.94687
6120.,8.313746,8.073316,8.785479,8.42121,36.8156,-7.276434,44.50837
6130.,8.349362,8.110183,8.794322,8.468233,36.86218,-7.230316,45.06696
6140.,8.384894,8.146956,8.802886,8.515401,36.90849,-7.185753,45.62267
6150.,8.420339,8.183632,8.81117,8.562711,36.95453,-7.142723,46.17554
6160.,8.455617,8.220134,8.819365,8.61009,37.00039,-7.101795,46.43208
6170.,8.490648,8.256382,8.827663,8.657398,37.04612,-7.063541,46.3873
6180.,8.52543,8.292372,8.836059,8.704561,37.09174,-7.027926,46.34247
6190.,8.559959,8.328102,8.844546,8.751578,37.13722,-6.994916,46.29759
6200.,8.594234,8.363571,8.853118,8.798443,37.18257,-6.964475,46.25265
6210.,8.628252,8.398777,8.86177,8.845153,37.22779,-6.93657,46.20765
6220.,8.662011,8.433716,8.870496,8.891706,37.27288,-6.911165,46.16259
6230.,8.69551,8.468387,8.879291,8.938097,37.31782,-6.888229,46.11747
6240.,8.728745,8.502789,8.888149,8.984323,37.36262,-6.867729,46.07229
6250.,8.761716,8.536918,8.897063,9.030382,37.40728,-6.849631,46.02705
6260.,8.794419,8.570774,8.90603,9.076269,37.45179,-6.833905,45.98174
6270.,8.826854,8.604353,8.915044,9.121982,37.49614,-6.820519,45.93637
6280.,8.859017,8.637655,8.924099,9.167517,37.54034,-6.809441,45.89094
6290.,8.890908,8.670677,8.93319,9.212872,37.58439,-6.800641,45.84544
6300.,8.922523,8.703417,8.942313,9.258043,37.62827,-6.79409,45.79987
6310.,8.953862,8.735874,8.951461,9.303027,37.67199,-6.789757,45.75423
6320.,8.984923,8.768046,8.960631,9.347822,37.71555,-6.787614,45.70852
6330.,9.015703,8.799931,8.969816,9.392424,37.75894,-6.78763,45.66274
6340.,9.046201,8.831528,8.979014,9.436831,37.80216,-6.789779,45.61689
6350.,9.076416,8.862835,8.988217,9.48104,37.84521,-6.794032,45.57097
6360.,9.106345,8.89385,8.997423,9.525048,37.88809,-6.800362,45.52497
6370.,9.135987,8.924571,9.006625,9.568853,37.93078,-6.808741,45.4789
6380.,9.165341,8.954998,9.01582,9.612451,37.9733,-6.819142,45.43276
6390.,9.194405,8.985128,9.025004,9.655841,38.01564,-6.83154,45.38653
6400.,9.223177,9.014961,9.034171,9.699019,38.05779,-6.845909,45.34023
6410.,9.251656,9.044494,9.043317,9.741984,38.09976,-6.862222,45.29385
6420.,9.27984,9.073727,9.052438,9.784732,38.14154,-6.880455,45.24739
6430.,9.307728,9.102657,9.06153,9.827261,38.18313,-6.900583,45.20085
6440.,9.335319,9.131284,9.070588,9.869569,38.22453,-6.922582,45.15423
6450.,9.362611,9.159607,9.079608,9.911653,38.26574,-6.946428,45.10753
6460.,9.389603,9.187623,9.088586,9.953512,38.30675,-6.972096,45.06074
6470.,9.416294,9.215332,9.097519,9.995143,38.34756,-6.999565,45.01387
6480.,9.442682,9.242733,9.106402,10.03654,38.38818,-7.02881,44.96692
6490.,9.468766,9.269824,9.115231,10.07771,38.42859,-7.05981,44.91988
6500.,9.494545,9.296604,9.124002,10.11864,38.4688,-7.092542,44.87275
6510.,9.520018,9.323072,9.132712,10.15934,38.50881,-7.126985,44.82554
6520.,9.545183,9.349227,9.141357,10.1998,38.54861,-7.163116,44.77823
6530.,9.57004,9.375068,9.149933,10.24001,38.5882,-7.200915,44.73084
6540.,9.594587,9.400594,9.158436,10.27999,38.62759,-7.240362,44.68336
6550.,9.618823,9.425803,9.166863,10.31972,38.66676,-7.281435,44.63579
6560.,9.642748,9.450696,9.175211,10.3592,38.70573,-7.324114,44.58813
6570.,9.66636,9.47527,9.183475,10.39843,38.74448,-7.36838,44.54037
6580.,9.689658,9.499525,9.191653,10.43742,38.78301,-7.414214,44.49252
6590.,9.712641,9.52346,9.199741,10.47615,38.82133,-7.461595,44.44458
6600.,9.735309,9.547074,9.207735,10.51463,38.85943,-7.510506,44.39654
6610.,9.75766,9.570366,9.215633,10.55285,38.89731,-7.560927,44.34841
6620.,9.779694,9.593336,9.223431,10.59081,38.93498,-7.612841,44.30018
6630.,9.801376,9.616019,9.231184,10.62847,38.97239,-7.666184,44.05823
6640.,9.822565,9.638574,9.239138,10.6656,39.00944,-7.720745,42.96153
6650.,9.843262,9.661001,9.247288,10.70201,39.04613,-7.776509,41.85308
6660.,9.863466,9.683294,9.255627,10.73769,39.08246,-7.833464,40.73258
6670.,9.883179,9.705451,9.264148,10.77266,39.11842,-7.891595,39.59972
6680.,9.902401,9.727469,9.272845,10.80692,39.15402,-7.950891,38.45419
6690.,9.921135,9.749345,9.281713,10.84046,39.18926,-8.011338,37.29565
6700.,9.93938,9.771077,9.290743,10.8733,39.22413,-8.072925,36.12377
6710.,9.957137,9.792661,9.299932,10.90544,39.25865,-8.135639,34.93818
6720.,9.974408,9.814095,9.309271,10.93687,39.29281,-8.199469,33.7385
6730.,9.991192,9.835376,9.318756,10.96761,39.32661,-8.264401,32.52436
6740.,10.00749,9.856501,9.328381,10.99765,39.36006,-8.330426,31.29533
6750.,10.02331,9.877468,9.338139,11.027,39.39314,-8.397531,30.05099
6760.,10.03864,9.898274,9.348025,11.05566,39.42587,-8.465705,28.7909
6770.,10.05349,9.918916,9.358034,11.08363,39.45825,-8.534938,27.51459
6780.,10.06786,9.939392,9.368159,11.11092,39.49027,-8.605219,26.22156
6790.,10.08175,9.9597,9.378395,11.13753,39.52194,-8.676536,24.91131
6800.,10.09516,9.979836,9.388736,11.16347,39.55325,-8.74888,23.5833
6810.,10.10809,9.999799,9.399178,11.18872,39.58421,-8.82224,22.23696
6820.,10.12054,10.01959,9.409714,11.21331,39.61481,-8.896607,20.8717
6830.,10.13252,10.03919,9.42034,11.23723,39.64507,-8.97197,19.48688
6840.,10.14402,10.05862,9.43105,11.26048,39.67498,-9.04832,18.08186
6850.,10.15505,10.07787,9.441839,11.28307,39.70453,-9.125647,16.65594
6860.,10.1656,10.09693,9.452703,11.30499,39.73374,-9.203941,15.20839
6870.,10.17568,10.1158,9.463635,11.32626,39.7626,-9.283195,13.73843
6880.,10.18528,10.13448,9.474632,11.34688,39.79111,-9.363398,12.24524
6890.,10.19442,10.15298,9.485688,11.36684,39.81927,-9.444542,10.72796
6900.,10.20308,10.17127,9.496798,11.38615,39.84709,-9.526618,9.185673
6910.,10.21128,10.18938,9.507957,11.40482,39.87456,-9.609617,7.617401
6920.,10.21901,10.20728,9.519162,11.42284,39.90169,-9.693532,6.02211
6930.,10.22627,10.22499,9.530407,11.44022,39.92847,-9.778354,4.398697
6940.,10.23306,10.24249,9.541688,11.45696,39.95492,-9.864074,2.745988
6950.,10.23939,10.25979,9.553,11.47307,39.98101,-9.950685,1.06273
6960.,10.24526,10.27688,9.564338,11.48854,40.00677,-10.03818,-0.6524182
6970.,10.25066,10.29377,9.575699,11.50338,40.03219,-10.12655,-2.400891
6980.,10.2556,10.31044,9.587078,11.51759,40.05727,-10.21579,-4.184228
6990.,10.26007,10.32691,9.59847,11.53118,40.082,-10.30588,-6.004083
7000.,10.26409,10.34316,9.609872,11.54415,40.1064,-10.39684,-7.862238
7010.,10.26764,10.3592,9.621279,11.55649,40.13047,-10.48863,-9.760615
7020.,10.27074,10.37502,9.632688,11.56822,40.15419,-10.58127,-11.70129
7030.,10.27338,10.39062,9.644093,11.57933,40.17758,-10.67474,-13.68652
7040.,10.27556,10.406,9.655492,11.58983,40.20063,-10.76903,-15.71874
7050.,10.27729,10.42117,9.666879,11.59972,40.22335,-10.86415,-17.80063
7060.,10.27856,10.4361,9.678252,11.609,40.24574,-10.96007,-19.9351
7070.,10.27938,10.45082,9.689606,11.61768,40.26779,-11.05681,-22.12532
7080.,10.27974,10.46531,9.700937,11.62575,40.28951,-11.15434,-24.37482
7090.,10.27965,10.47957,9.712242,11.63323,40.31091,-11.25266,-26.68744
7100.,10.27911,10.4936,9.723518,11.6401,40.33196,-11.35178,-29.06746
7110.,10.27862,10.50709,9.734876,11.64657,40.35269,-11.451,-29.67297
7120.,10.27823,10.52002,9.746332,11.65284,40.3731,-11.55023,-30.0274
7130.,10.27796,10.53237,9.757882,11.65893,40.39317,-11.64948,-30.38351
7140.,10.27779,10.54417,9.769523,11.66485,40.41293,-11.74874,-30.74131
7150.,10.27773,10.5554,9.781253,11.67059,40.43237,-11.84803,-31.10082
7160.,10.27776,10.56608,9.79307,11.67617,40.45149,-11.94734,-31.46207
7170.,10.27789,10.57621,9.804971,11.68157,40.4703,-12.04668,-31.82506
7180.,10.27812,10.5858,9.816954,11.6868,40.48881,-12.14605,-32.18982
7190.,10.27844,10.59484,9.829016,11.69186,40.507,-12.24546,-32.55637
7200.,10.27886,10.60335,9.841154,11.69675,40.5249,-12.34489,-32.92472
7210.,10.27936,10.61132,9.853366,11.70146,40.54249,-12.44437,-33.29489
7220.,10.27994,10.61877,9.865651,11.70601,40.55978,-12.54389,-33.66691
7230.,10.28061,10.62569,9.878005,11.71038,40.57678,-12.64345,-34.0408
7240.,10.28136,10.63209,9.890427,11.71458,40.59349,-12.74305,-34.41657
7250.,10.28219,10.63798,9.902913,11.71862,40.60991,-12.84271,-34.79425
7260.,10.28309,10.64335,9.915462,11.72248,40.62604,-12.94241,-35.17386
7270.,10.28407,10.64822,9.928072,11.72618,40.64189,-13.04217,-35.55541
7280.,10.28512,10.65258,9.94074,11.7297,40.65746,-13.14198,-35.93895
7290.,10.28624,10.65644,9.953464,11.73306,40.67275,-13.24185,-36.32447
7300.,10.28742,10.65981,9.966242,11.73624,40.68776,-13.34179,-36.71202
7310.,10.28867,10.66268,9.979072,11.73926,40.7025,-13.44178,-37.1016
7320.,10.28998,10.66507,9.991952,11.74211,40.71696,-13.54184,-37.49326
7330.,10.29135,10.66697,10.00488,11.7448,40.73116,-13.64196,-37.887
7340.,10.29278,10.66839,10.01785,11.74731,40.74509,-13.74216,-38.28286
7350.,10.29427,10.66934,10.03087,11.74966,40.75876,-13.84243,-38.68085
7360.,10.2958,10.66981,10.04393,11.75184,40.77217,-13.94277,-39.08102
7370.,10.29739,10.66981,10.05703,11.75386,40.78532,-14.04318,-39.48338
7380.,10.29904,10.66934,10.07016,11.7557,40.7982,-14.14367,-39.88795
7390.,10.30072,10.66842,10.08333,11.75738,40.81084,-14.24424,-40.29477
7400.,10.30246,10.66703,10.09654,11.7589,40.82322,-14.3449,-40.70387
7410.,10.30423,10.66519,10.10978,11.76025,40.83535,-14.44564,-41.11527
7420.,10.30605,10.66289,10.12304,11.76143,40.84724,-14.54646,-41.529
7430.,10.30791,10.66015,10.13634,11.76245,40.85887,-14.64737,-41.9451
7440.,10.30981,10.65696,10.14966,11.7633,40.87027,-14.74837,-42.36358
7450.,10.31123,10.65303,10.16244,11.76353,40.48903,-14.84942,-42.62421
7460.,10.31163,10.64815,10.17399,11.7627,40.11244,-14.95114,-42.61623
7470.,10.31102,10.64235,10.18432,11.76084,39.74044,-15.05353,-42.60907
7480.,10.30944,10.63564,10.19344,11.75799,39.37293,-15.15656,-42.60272
7490.,10.30688,10.62803,10.20139,11.75416,39.00985,-15.26022,-42.59717
7500.,10.30337,10.61954,10.20818,11.74935,38.6511,-15.36451,-42.5924
7510.,10.29892,10.61018,10.21382,11.7436,38.29663,-15.4694,-42.5884
7520.,10.29355,10.59997,10.21833,11.7369,37.94635,-15.5749,-42.58516
7530.,10.28728,10.58892,10.22174,11.72929,37.60019,-15.68098,-42.58266
7540.,10.28011,10.57705,10.22405,11.72078,37.25809,-15.78764,-42.58089
7550.,10.27206,10.56436,10.22529,11.71137,36.91997,-15.89486,-42.57984
7560.,10.26315,10.55088,10.22546,11.70109,36.58577,-16.00263,-42.57949
7570.,10.25339,10.53661,10.2246,11.68995,36.25542,-16.11095,-42.57984
7580.,10.24279,10.52157,10.2227,11.67796,35.92885,-16.21952,-42.54202
7590.,10.23136,10.50577,10.21979,11.66515,35.606,-16.32811,-42.47554
7600.,10.21913,10.48921,10.21588,11.65154,35.2868,-16.43672,-42.40977
7610.,10.2061,10.47193,10.21099,11.63713,34.97119,-16.54534,-42.3447
7620.,10.19229,10.45391,10.20513,11.62193,34.65913,-16.65398,-42.2803
7630.,10.1777,10.43519,10.19832,11.60598,34.35054,-16.76263,-42.21658
7640.,10.16236,10.41577,10.19057,11.58927,34.04537,-16.8713,-42.1535
7650.,10.14627,10.39566,10.1819,11.57181,33.74357,-16.97996,-42.09108
7660.,10.12944,10.37487,10.17231,11.55363,33.44509,-17.08864,-42.02928
7670.,10.1119,10.35341,10.16183,11.53473,33.14986,-17.19731,-41.96811
7680.,10.09364,10.3313,10.15047,11.51513,32.85784,-17.30598,-41.90754
7690.,10.07469,10.30854,10.13824,11.49483,32.56898,-17.41466,-41.84757
7700.,10.05505,10.28516,10.12516,11.47386,32.28322,-17.52333,-41.78819
7710.,10.03473,10.26114,10.11123,11.45221,32.00052,-17.63199,-41.72939
7720.,10.01375,10.23652,10.09648,11.4299,31.72083,-17.74065,-41.67115
7730.,9.992106,10.21128,10.0809,11.40694,31.4441,-17.8493,-41.61346
7740.,9.969823,10.18546,10.06453,11.38335,31.17029,-17.95794,-41.55633
7750.,9.946906,10.15905,10.04736,11.35913,30.89934,-18.06657,-41.49972
7760.,9.923364,10.13207,10.0294,11.33429,30.63123,-18.17519,-41.44365
7770.,9.899209,10.10452,10.01068,11.30884,30.36589,-18.2838,-41.38809
7780.,9.874448,10.07641,9.991205,11.2828,30.10329,-18.39239,-41.33304
7790.,9.849093,10.04775,9.97098,11.25617,29.84339,-18.50096,-41.27848
7800.,9.823153,10.01856,9.950021,11.22896,29.58614,-18.60952,-41.22442
7810.,9.796636,9.988835,9.928336,11.20118,29.33151,-18.71807,-41.17084
7820.,9.769552,9.958587,9.905939,11.17284,29.07945,-18.82659,-41.11773
7830.,9.741909,9.927825,9.882838,11.14396,28.82993,-18.9351,-41.06508
7840.,9.713717,9.896557,9.859044,11.11453,28.58291,-19.04359,-41.01288
7850.,9.684984,9.86479,9.834568,11.08456,28.33834,-19.15206,-40.96114
7860.,9.655718,9.832534,9.80942,11.05408,28.0962,-19.26051,-40.90983
7870.,9.625927,9.799794,9.783608,11.02308,27.85645,-19.36894,-40.85895
7880.,9.595621,9.766579,9.757144,10.99156,27.61904,-19.47735,-40.8085
7890.,9.564806,9.732897,9.730037,10.95955,27.38395,-19.58573,-40.75847
7900.,9.53349,9.698754,9.702295,10.92705,27.15114,-19.6941,-40.70884
7910.,9.501682,9.664158,9.673929,10.89407,26.92058,-19.80244,-40.65961
7920.,9.469389,9.629115,9.644947,10.8606,26.69224,-19.91076,-40.61078
7930.,9.436618,9.593633,9.615359,10.82667,26.46607,-20.01906,-40.56233
7940.,9.403377,9.557718,9.585172,10.79228,26.24206,-20.12734,-40.51427
7950.,9.369673,9.521377,9.554397,10.75743,26.02016,-20.23559,-40.46658
7960.,9.335513,9.484617,9.52304,10.72214,25.80035,-20.34382,-40.41925
7970.,9.300903,9.447444,9.491111,10.6864,25.5826,-20.45203,-40.37229
7980.,9.265852,9.409864,9.458617,10.65024,25.36687,-20.56021,-40.32568
7990.,9.230365,9.371883,9.425568,10.61365,25.15314,-20.66838,-40.27942
8000.,9.194449,9.333509,9.391971,10.57663,24.94138,-20.77652,-40.2335
8010.,9.15811,9.294745,9.357833,10.53921,24.73156,-20.88463,-40.18791
8020.,9.121356,9.2556,9.323163,10.50138,24.52366,-20.99273,-40.14266
8030.,9.084192,9.216077,9.287968,10.46314,24.31764,-21.1008,-40.09772
8040.,9.046625,9.176184,9.252255,10.42452,24.11348,-21.20885,-40.05311
8050.,9.00866,9.135926,9.216033,10.38551,23.91113,-21.31673,-39.98288
8060.,8.970305,9.09531,9.179308,10.34612,23.71056,-21.42403,-39.83985
8070.,8.931566,9.054342,9.142089,10.30638,23.51172,-21.53074,-39.69734
8080.,8.892449,9.013027,9.104383,10.26629,23.31459,-21.63689,-39.55535
8090.,8.852961,8.971372,9.066198,10.22586,23.11916,-21.74246,-39.41386
8100.,8.813107,8.929383,9.027541,10.18508,22.92539,-21.84748,-39.27288
8110.,8.772894,8.887065,8.988419,10.14397,22.73327,-21.95194,-39.1324
8120.,8.732329,8.844423,8.948839,10.10254,22.54277,-22.05586,-38.9924
8130.,8.691416,8.801463,8.908809,10.06078,22.35387,-22.15924,-38.85288
8140.,8.650161,8.758191,8.868336,10.01871,22.16655,-22.26208,-38.71384
8150.,8.608571,8.714612,8.827426,9.976329,21.98079,-22.3644,-38.57526
8160.,8.566651,8.670731,8.786087,9.933642,21.79656,-22.4662,-38.43714
8170.,8.524406,8.626553,8.744324,9.890655,21.61385,-22.56748,-38.29947
8180.,8.481842,8.582083,8.702144,9.847374,21.43263,-22.66825,-38.16225
8190.,8.438964,8.537327,8.659555,9.803804,21.25289,-22.76851,-38.02548
8200.,8.395778,8.492288,8.616561,9.759951,21.07461,-22.86828,-37.88914
8210.,8.352289,8.446973,8.57317,9.715818,20.89776,-22.96756,-37.75322
8220.,8.308501,8.401385,8.529387,9.671412,20.72233,-23.06635,-37.61773
8230.,8.26442,8.355529,8.485219,9.626737,20.5483,-23.16466,-37.48266
8240.,8.220051,8.30941,8.440671,9.581798,20.37564,-23.2625,-37.348
8250.,8.175399,8.263033,8.39575,9.536599,20.20435,-23.35987,-37.21374
8260.,8.130468,8.216401,8.350461,9.491146,20.0344,-23.45677,-37.07988
8270.,8.085263,8.16952,8.304809,9.445442,19.86578,-23.55321,-36.94642
8280.,8.039789,8.122393,8.258801,9.399493,19.69847,-23.6492,-36.81335
8290.,7.994051,8.075024,8.212442,9.353302,19.53245,-23.74474,-36.68066
8300.,7.948052,8.027419,8.165738,9.306874,19.36771,-23.83984,-36.54835
8310.,7.901797,7.979581,8.118693,9.260214,19.20422,-23.9345,-36.41642
8320.,7.855292,7.931513,8.071314,9.213325,19.04197,-24.02872,-36.28486
8330.,7.808539,7.883221,8.023604,9.166212,18.88096,-24.12252,-36.15365
8340.,7.761543,7.834708,7.97557,9.118878,18.72115,-24.21589,-36.02281
8350.,7.714309,7.785977,7.927217,9.071328,18.56254,-24.30885,-35.89233
8360.,7.66684,7.737033,7.878549,9.023566,18.4051,-24.40139,-35.76219
8370.,7.61914,7.687879,7.829571,8.975595,18.24883,-24.49352,-35.63241
8380.,7.571214,7.638519,7.780288,8.92742,18.09372,-24.58524,-35.50296
8390.,7.523065,7.588957,7.730705,8.879044,17.93973,-24.67657,-35.37385
8400.,7.474697,7.539196,7.680826,8.830471,17.78687,-24.7675,-35.24507
8410.,7.426115,7.489239,7.630657,8.781704,17.63511,-24.85803,-35.11662
8420.,7.37732,7.43909,7.580201,8.732748,17.48445,-24.94819,-34.9885
8430.,7.328319,7.388754,7.529464,8.683605,17.33487,-25.03795,-34.86069
8440.,7.279113,7.338231,7.478449,8.634279,17.18635,-25.12734,-34.73321
8450.,7.229707,7.287527,7.42716,8.584773,17.03888,-25.21636,-34.60603
8460.,7.180104,7.236645,7.375603,8.535092,16.89246,-25.305,-34.47917
8470.,7.130307,7.185587,7.323782,8.485237,16.74705,-25.39328,-34.3526
8480.,7.08032,7.134356,7.2717,8.435214,16.60267,-25.4812,-34.22635
8490.,7.030147,7.082957,7.219361,8.385023,16.45928,-25.56876,-34.10038
8500.,6.97979,7.031391,7.16677,8.33467,16.31688,-25.65596,-33.97472
8510.,6.929253,6.979663,7.113931,8.284157,16.17546,-25.74282,-33.84934
8520.,6.878539,6.927774,7.060847,8.233487,16.035,-25.82933,-33.72425
8530.,6.82765,6.875728,7.007543,8.182667,15.89542,-25.91546,-33.55298
8540.,6.776588,6.823527,6.954023,8.131705,15.75669,-26.00121,-33.37989
8550.,6.725357,6.771175,6.90029,8.080604,15.61881,-26.0866,-33.20725
8560.,6.67396,6.718674,6.846348,8.029367,15.48176,-26.17162,-33.03505
8570.,6.6224,6.666027,6.7922,7.977996,15.34554,-26.25627,-32.8633
8580.,6.57068,6.613236,6.73785,7.926494,15.21014,-26.34057,-32.69199
8590.,6.518801,6.560305,6.683301,7.874864,15.07555,-26.42451,-32.52111
8600.,6.466768,6.507234,6.628556,7.823108,14.94175,-26.5081,-32.35066
8610.,6.414583,6.454028,6.573618,7.771229,14.80873,-26.59134,-32.18063
8620.,6.362249,6.400689,6.518491,7.719229,14.6765,-26.67425,-32.01103
8630.,6.309768,6.347219,6.463177,7.66711,14.54503,-26.75681,-31.84184
8640.,6.257143,6.29362,6.407679,7.614876,14.41432,-26.83903,-31.67307
8650.,6.204377,6.239896,6.352001,7.562528,14.28435,-26.92093,-31.5047
8660.,6.151471,6.186047,6.296146,7.510069,14.15513,-27.0025,-31.33675
8670.,6.09843,6.132077,6.240115,7.4575,14.02664,-27.08374,-31.16919
8680.,6.045254,6.077988,6.183913,7.404825,13.89888,-27.16466,-31.00204
8690.,5.991948,6.023783,6.127542,7.352046,13.77182,-27.24526,-30.83528
8700.,5.938512,5.969462,6.071004,7.299164,13.64547,-27.32555,-30.66891
8710.,5.884949,5.915029,6.014304,7.246182,13.51982,-27.40552,-30.50293
8720.,5.831263,5.860486,5.957442,7.193103,13.39486,-27.48519,-30.33733
8730.,5.777454,5.805834,5.900422,7.139927,13.27057,-27.56456,-30.17212
8740.,5.723526,5.751077,5.843247,7.086658,13.14696,-27.64362,-30.00728
8750.,5.66948,5.696215,5.785918,7.033296,13.02402,-27.72239,-29.84282
8760.,5.615319,5.641251,5.72844,6.979845,12.90173,-27.80086,-29.67873
8770.,5.561045,5.586188,5.670813,6.926306,12.78009,-27.87904,-29.51501
8780.,5.506661,5.531026,5.613042,6.872682,12.65909,-27.95693,-29.35165
8790.,5.452167,5.475768,5.555127,6.818973,12.53872,-28.03454,-29.18865
8800.,5.397567,5.420416,5.497071,6.765182,12.41898,-28.11186,-29.02602
8810.,5.342862,5.364971,5.438878,6.711311,12.29986,-28.18891,-28.86374
8820.,5.288054,5.309437,5.380549,6.657362,12.18135,-28.26567,-28.70181
8830.,5.233146,5.253813,5.322086,6.603336,12.06345,-28.34217,-28.54024
8840.,5.178139,5.198103,5.263492,6.549236,11.94615,-28.41839,-28.37901
8850.,5.123035,5.142308,5.204769,6.495062,11.82943,-28.49435,-28.21812
8860.,5.067837,5.086429,5.145919,6.440817,11.7133,-28.57004,-28.05758
8870.,5.012545,5.030469,5.086944,6.386503,11.59775,-28.64547,-27.89738
8880.,4.957163,4.974429,5.027847,6.332121,11.48276,-28.72063,-27.73751
8890.,4.901691,4.918311,4.96863,6.277672,11.36835,-28.79554,-27.57798
8900.,4.846132,4.862116,4.909294,6.223158,11.25448,-28.8702,-27.41877
8910.,4.790487,4.805847,4.849843,6.168582,11.14117,-28.9446,-27.2599
8920.,4.734759,4.749504,4.790276,6.113944,11.02841,-29.01876,-27.10135
8930.,4.678948,4.693089,4.730598,6.059246,10.91618,-29.09267,-26.94312
8940.,4.623057,4.636605,4.67081,6.00449,10.80449,-29.16633,-26.78522
8950.,4.567086,4.580051,4.610913,5.949677,10.69333,-29.23975,-26.62763
8960.,4.511039,4.523431,4.55091,5.894809,10.58268,-29.31294,-26.47036
8970.,4.454916,4.466745,4.490802,5.839886,10.47255,-29.38588,-26.31341
8980.,4.398719,4.409995,4.430592,5.784912,10.36293,-29.4586,-26.15676
8990.,4.34245,4.353183,4.37028,5.729886,10.25381,-29.53108,-26.00042
9000.,4.286111,4.296308,4.309896,5.67481,10.14516,-29.60297,-25.84827
9010.,4.229705,4.239374,4.249453,5.619685,10.03694,-29.67409,-25.69853
9020.,4.173233,4.182383,4.188954,5.564514,9.929164,-29.74444,-25.54907
9030.,4.116697,4.125335,4.128401,5.509297,9.821814,-29.81403,-25.39988
9040.,4.060101,4.068233,4.067795,5.454038,9.71489,-29.88286,-25.25097
9050.,4.003444,4.011079,4.00714,5.398737,9.608388,-29.95096,-25.10234
9060.,3.946731,3.953874,3.946435,5.343396,9.502304,-30.01831,-24.95397
9070.,3.889961,3.896622,3.885684,5.288018,9.396634,-30.08494,-24.80588
9080.,3.833138,3.839322,3.824888,5.232604,9.291373,-30.15085,-24.65805
9090.,3.776264,3.781978,3.764049,5.177155,9.186519,-30.21604,-24.51048
9100.,3.719339,3.72459,3.703168,5.121675,9.082066,-30.28052,-24.36318
9110.,3.662367,3.667161,3.642247,5.066163,8.978011,-30.34431,-24.21613
9120.,3.605348,3.609692,3.581288,5.010622,8.874351,-30.4074,-24.06935
9130.,3.548284,3.552186,3.520292,4.955054,8.771081,-30.46981,-23.92282
9140.,3.491178,3.494642,3.459262,4.89946,8.668197,-30.53153,-23.77654
9150.,3.434031,3.437064,3.398198,4.843841,8.565697,-30.59259,-23.63051
9160.,3.376844,3.379453,3.337102,4.7882,8.463577,-30.65298,-23.48474
9170.,3.31962,3.321811,3.275976,4.732538,8.361832,-30.71271,-23.33921
9180.,3.262359,3.264138,3.214822,4.676856,8.260459,-30.77178,-23.19393
9190.,3.205064,3.206437,3.15364,4.621156,8.159456,-30.83021,-23.04889
9200.,3.147736,3.148709,3.092432,4.565439,8.058818,-30.88801,-22.90409
9210.,3.090377,3.090955,3.031201,4.509708,7.958541,-30.94516,-22.75953
9220.,3.032989,3.033178,2.969946,4.453962,7.858624,-31.00169,-22.61521
9230.,2.975572,2.975378,2.90867,4.398204,7.759062,-31.0576,-22.47113
9240.,2.918128,2.917557,2.847374,4.342435,7.659852,-31.1129,-22.32729
9250.,2.860659,2.859716,2.78606,4.286657,7.560991,-31.16758,-22.18367
9260.,2.803167,2.801857,2.724728,4.230871,7.462475,-31.22166,-22.04029
9270.,2.745652,2.743981,2.663381,4.175078,7.364302,-31.27515,-21.89714
9280.,2.688116,2.686089,2.602018,4.119279,7.266468,-31.32804,-21.75421
9290.,2.630561,2.628183,2.540643,4.063476,7.168971,-31.38034,-21.61151
9300.,2.572988,2.570264,2.479255,4.00767,7.071807,-31.43207,-21.46904
9310.,2.515398,2.512334,2.417857,3.951862,6.974973,-31.48321,-21.32679
9320.,2.457793,2.454393,2.356449,3.896054,6.878467,-31.53379,-21.18476
9330.,2.400174,2.396443,2.295033,3.840247,6.782285,-31.58381,-21.04295
9340.,2.342542,2.338486,2.23361,3.784442,6.686424,-31.63326,-20.90136
9350.,2.284899,2.280521,2.172181,3.72864,6.590883,-31.68216,-20.75999
9360.,2.227246,2.222552,2.110748,3.672842,6.495657,-31.73051,-20.61883
9370.,2.169584,2.164578,2.04931,3.61705,6.400744,-31.77832,-20.47789
9380.,2.111914,2.106601,1.987871,3.561265,6.306141,-31.82559,-20.33716
9390.,2.054237,2.048622,1.92643,3.505488,6.211846,-31.87233,-20.19664
9400.,1.996556,1.990642,1.864989,3.449719,6.117856,-31.91853,-20.05633
9410.,1.93887,1.932663,1.803549,3.39396,6.024169,-31.96421,-19.91623
9420.,1.881182,1.874685,1.742111,3.338213,5.930781,-32.00938,-19.77634
9430.,1.823492,1.81671,1.680676,3.282477,5.83769,-32.05403,-19.63665
9440.,1.765801,1.758738,1.619245,3.226755,5.744893,-32.09816,-19.49717
9450.,1.708111,1.700771,1.557819,3.171047,5.652389,-32.1418,-19.35789
9460.,1.650422,1.64281,1.4964,3.115355,5.560174,-32.18493,-19.21881
9470.,1.592736,1.584855,1.434997,3.059677,5.468246,-32.22739,-19.09024
9480.,1.535053,1.526908,1.37363,3.004012,5.376603,-32.26885,-18.9821
9490.,1.477374,1.468969,1.312301,2.94836,5.285242,-32.30931,-18.87406
9500.,1.419702,1.411041,1.251011,2.892722,5.194162,-32.34879,-18.76614
9510.,1.362038,1.353124,1.189762,2.837099,5.103362,-32.3873,-18.65833
9520.,1.304383,1.295221,1.128553,2.781493,5.012838,-32.42484,-18.55062
9530.,1.246739,1.237333,1.067388,2.725906,4.92259,-32.46142,-18.44303
9540.,1.189108,1.179461,1.006266,2.670339,4.832616,-32.49706,-18.33554
9550.,1.131491,1.121607,0.9451884,2.614793,4.742915,-32.53175,-18.22816
9560.,1.07389,1.063772,0.8841574,2.559271,4.653483,-32.56552,-18.12088
9570.,1.016305,1.005958,0.8231735,2.503772,4.564321,-32.59836,-18.01371
9580.,0.9587389,0.9481658,0.762238,2.4483,4.475425,-32.63029,-17.90664
9590.,0.9011926,0.8903971,0.7013519,2.392854,4.386795,-32.66132,-17.79967
9600.,0.8441979,0.8328936,0.6409309,2.337727,4.691646,-32.69129,-18.05586
9610.,0.78826,0.7759025,0.5813755,2.283178,4.993496,-32.71936,-18.55171
9620.,0.7333719,0.7194221,0.5226806,2.229178,5.292368,-32.74553,-19.05015
9630.,0.6795267,0.6634508,0.4648411,2.175725,5.588286,-32.76982,-19.55123
9640.,0.6267173,0.607987,0.4078517,2.122816,5.881276,-32.79225,-20.05498
9650.,0.574937,0.5530288,0.3517073,2.070449,6.17136,-32.81284,-20.56144
9660.,0.5241788,0.4985746,0.2964029,2.018622,6.458563,-32.8316,-21.07065
9670.,0.4744359,0.4446225,0.2419332,1.967333,6.742908,-32.84856,-21.58264
9680.,0.4257013,0.3911707,0.1882931,1.916579,7.024421,-32.86372,-22.09747
9690.,0.3779684,0.3382175,0.1354775,1.866357,7.303124,-32.87711,-22.61516
9700.,0.3312303,0.2857608,0.08348142,1.816666,7.579041,-32.88875,-23.13576
9710.,0.2854803,0.233799,0.03229965,1.767503,7.852197,-32.89864,-23.65931
9720.,0.2407117,0.1823299,-0.01807284,1.718866,8.122615,-32.90681,-24.18587
9730.,0.1969178,0.1313518,-0.0676411,1.670752,8.390318,-32.91327,-24.71547
9740.,0.154092,0.08086268,-0.1164102,1.623159,8.655331,-32.91804,-25.24815
9750.,0.1122277,0.03086054,-0.1643851,1.576085,8.917676,-32.92114,-25.78398
9760.,0.0713182,-0.01865658,-0.2115708,1.529526,9.177378,-32.92257,-26.32299
9770.,0.03135707,-0.06769069,-0.2579724,1.483481,9.434459,-32.92236,-26.86524
9780.,-0.007662233,-0.1162438,-0.3035947,1.437946,9.688943,-32.92052,-27.41077
9790.,-0.04574619,-0.1643179,-0.3484429,1.392921,9.940854,-32.91707,-27.95964
9800.,-0.08290126,-0.2119151,-0.3925217,1.348401,10.19021,-32.91202,-28.5119
9810.,-0.1191338,-0.2590375,-0.4358361,1.304385,10.43705,-32.90539,-29.06761
9820.,-0.1544503,-0.305687,-0.478391,1.260869,10.68137,-32.89719,-29.62682
9830.,-0.188857,-0.3518658,-0.5201913,1.217853,10.92322,-32.88744,-30.18958
9840.,-0.2223603,-0.397576,-0.5612418,1.175332,11.16261,-32.87615,-30.75597
9850.,-0.2549664,-0.4428196,-0.6015474,1.133304,11.39956,-32.86334,-31.32603
9860.,-0.2866816,-0.4875988,-0.6411129,1.091768,11.63409,-32.84901,-31.89983
9870.,-0.317512,-0.5319158,-0.6799431,1.050719,11.86624,-32.8332,-32.47744
9880.,-0.3474638,-0.5757725,-0.7180427,1.010157,12.09602,-32.8159,-33.05891
9890.,-0.3765433,-0.6191711,-0.7554165,0.9700775,12.32345,-32.79714,-33.64431
9900.,-0.4047564,-0.6621138,-0.7920693,0.930479,12.54855,-32.77693,-34.23372
9910.,-0.4321092,-0.7046027,-0.8280057,0.8913587,12.77136,-32.75528,-34.82719
9920.,-0.4586078,-0.74664,-0.8632304,0.852714,12.99188,-32.73221,-35.42482
9930.,-0.4842581,-0.7882277,-0.897748,0.8145424,13.21015,-32.70772,-36.02666
9940.,-0.5090764,-0.8293517,-0.9315354,0.7768422,13.42618,-32.68182,-36.62405
9950.,-0.5334123,-0.8694602,-0.9636593,0.7396402,13.64,-32.65381,-36.92979
9960.,-0.5572657,-0.9085582,-0.9941308,0.7029632,13.85162,-32.62369,-37.23637
9970.,-0.5806364,-0.9466505,-1.022961,0.6668108,14.06107,-32.5915,-37.54378
9980.,-0.6035241,-0.9837421,-1.050161,0.6311825,14.26837,-32.55725,-37.85204
9990.,-0.6259289,-1.019838,-1.075742,0.5960779,14.47355,-32.52096,-38.16115
10000.,-0.6478504,-1.054942,-1.099714,0.5614963,14.67664,-32.48264,-38.47112
10010.,-0.6692888,-1.08906,-1.122089,0.5274374,14.87765,-32.44232,-38.78196
10020.,-0.6902439,-1.122196,-1.142876,0.4939006,15.07661,-32.40002,-39.09367
10030.,-0.7107157,-1.154355,-1.162088,0.4608852,15.27354,-32.35574,-39.40627
10040.,-0.7307041,-1.185542,-1.179733,0.4283908,15.46847,-32.30952,-39.71976
10050.,-0.7502092,-1.215761,-1.195822,0.3964168,15.66142,-32.26137,-40.03415
10060.,-0.769231,-1.245016,-1.210366,0.3649626,15.8524,-32.21129,-40.34944
10070.,-0.7877695,-1.273313,-1.223375,0.3340276,16.04146,-32.15932,-40.66565
10080.,-0.8058249,-1.300656,-1.234859,0.3036111,16.22859,-32.10547,-40.98279
10090.,-0.8233971,-1.32705,-1.244829,0.2737127,16.41384,-32.04976,-41.30086
10100.,-0.8404862,-1.352498,-1.253293,0.2443316,16.59721,-31.9922,-41.61988
10110.,-0.8570924,-1.377006,-1.260262,0.2154673,16.77874,-31.93281,-41.93984
10120.,-0.8732159,-1.400577,-1.265746,0.187119,16.95845,-31.87161,-42.26077
10130.,-0.8888566,-1.423217,-1.269755,0.1592863,17.13635,-31.80861,-42.58266
10140.,-0.9040148,-1.444929,-1.272297,0.1319684,17.31246,-31.74383,-42.90554
10150.,-0.9186907,-1.465718,-1.273383,0.1051647,17.48682,-31.67729,-43.2294
10160.,-0.9328844,-1.485588,-1.273023,0.07887454,17.65944,-31.60901,-43.55426
10170.,-0.946596,-1.504543,-1.271225,0.05309728,17.83033,-31.53899,-43.88012
10180.,-0.9598259,-1.522588,-1.267999,0.02783227,17.99953,-31.46725,-44.20701
10190.,-0.9725741,-1.539726,-1.263355,0.003078857,18.16706,-31.39382,-44.53492
10200.,-0.9848409,-1.555962,-1.257301,-0.02116362,18.33292,-31.3187,-44.86387
10210.,-0.9966265,-1.571301,-1.249846,-0.04489581,18.49716,-31.24192,-45.19386
10220.,-1.007931,-1.585745,-1.241,-0.06811837,18.65977,-31.16348,-45.52492
10230.,-1.018755,-1.5993,-1.230771,-0.09083195,18.82079,-31.08341,-45.85704
10240.,-1.029098,-1.611969,-1.219169,-0.1130372,18.98024,-31.00171,-46.19024
10250.,-1.038962,-1.623756,-1.206203,-0.1347348,19.13813,-30.91841,-46.52453
10260.,-1.048345,-1.634666,-1.19188,-0.1559254,19.29448,-30.83352,-46.85992
10270.,-1.057248,-1.644701,-1.17621,-0.1766095,19.44932,-30.74705,-47.19642
10280.,-1.065672,-1.653867,-1.159201,-0.196788,19.60266,-30.65902,-47.53405
10290.,-1.073617,-1.662166,-1.140862,-0.2164614,19.75452,-30.56945,-47.87281
10300.,-1.081082,-1.669603,-1.121202,-0.2356303,19.90492,-30.47834,-48.21271
10310.,-1.088069,-1.676182,-1.100228,-0.2542954,20.05389,-30.38571,-48.55377
10320.,-1.094578,-1.681905,-1.077949,-0.2724573,20.20143,-30.29159,-48.89601
10330.,-1.100608,-1.686778,-1.054374,-0.2901167,20.34757,-30.19597,-49.23942
10340.,-1.106161,-1.690804,-1.029511,-0.3072741,20.49232,-30.09888,-49.58403
10350.,-1.111235,-1.693986,-1.003367,-0.3239302,20.63571,-30.00033,-49.92984
10360.,-1.115833,-1.696329,-0.9759513,-0.3400856,20.77775,-29.90033,-50.27687
10370.,-1.119953,-1.697835,-0.9472713,-0.3557409,20.91847,-29.79891,-50.62513
10380.,-1.123597,-1.698508,-0.9173353,-0.3708967,21.05787,-29.69606,-50.97464
10390.,-1.126764,-1.698352,-0.8861509,-0.3855536,21.19597,-29.59181,-51.32541
10400.,-1.129455,-1.697371,-0.8537262,-0.3997121,21.3328,-29.48617,-51.67745
10410.,-1.13167,-1.695568,-0.8200689,-0.413373,21.46837,-29.37916,-52.03077
10420.,-1.133264,-1.693084,-0.7859515,-0.4264891,21.60259,-29.27067,-51.74719
10430.,-1.134183,-1.689978,-0.7516718,-0.4389964,21.73545,-29.16069,-51.21932
10440.,-1.13443,-1.686252,-0.7172288,-0.4508792,21.86696,-29.04923,-50.6947
10450.,-1.13401,-1.681909,-0.6826215,-0.4621408,21.99713,-28.93631,-50.17328
10460.,-1.132926,-1.676952,-0.6478487,-0.4727845,22.12599,-28.82195,-49.655
10470.,-1.131182,-1.671385,-0.6129095,-0.4828134,22.25355,-28.70616,-49.13984
10480.,-1.128781,-1.66521,-0.5778029,-0.4922308,22.37983,-28.58896,-48.62773
10490.,-1.125728,-1.658431,-0.5425279,-0.5010398,22.50484,-28.47036,-48.11863
10500.,-1.122025,-1.65105,-0.5070835,-0.5092434,22.6286,-28.35038,-47.61251
10510.,-1.117676,-1.643071,-0.4714688,-0.5168448,22.75112,-28.22903,-47.10933
10520.,-1.112685,-1.634496,-0.4356827,-0.523847,22.87243,-28.10633,-46.60903
10530.,-1.107054,-1.625328,-0.3997244,-0.530253,22.99254,-27.98231,-46.11158
10540.,-1.100788,-1.61557,-0.3635928,-0.5360658,23.11146,-27.85696,-45.61694
10550.,-1.09389,-1.605226,-0.3272872,-0.5412883,23.22921,-27.73031,-45.12508
10560.,-1.086364,-1.594297,-0.2908066,-0.5459236,23.3458,-27.60237,-44.63595
10570.,-1.078211,-1.582787,-0.25415,-0.5499744,23.46125,-27.47316,-44.14952
10580.,-1.069437,-1.570699,-0.2173166,-0.5534436,23.57558,-27.34269,-43.66575
10590.,-1.060043,-1.558034,-0.1803055,-0.5563341,23.6888,-27.21098,-43.1846
10600.,-1.050034,-1.544797,-0.1431159,-0.5586488,23.80092,-27.07804,-42.70605
10610.,-1.039412,-1.530989,-0.1057468,-0.5603902,23.91196,-26.94389,-42.23006
10620.,-1.028181,-1.516613,-0.06819748,-0.5615613,24.02194,-26.80854,-41.7566
10630.,-1.016344,-1.501673,-0.03046702,-0.5621648,24.13086,-26.67201,-41.28563
10640.,-1.003904,-1.48617,0.007445385,-0.5622032,24.23875,-26.5343,-40.81711
10650.,-0.9908635,-1.470107,0.04554057,-0.5616794,24.34561,-26.39544,-40.35103
10660.,-0.9772263,-1.453487,0.08381935,-0.5605958,24.45147,-26.25544,-39.88735
10670.,-0.9629951,-1.436313,0.1222825,-0.5589552,24.55632,-26.1143,-39.42604
10680.,-0.948173,-1.418586,0.1609309,-0.5567602,24.6602,-25.97206,-38.96708
10690.,-0.9327629,-1.40031,0.1997653,-0.5540132,24.76311,-25.82872,-38.51042
10700.,-0.9167677,-1.381487,0.2387865,-0.5507167,24.86507,-25.68429,-38.05604
10710.,-0.9001904,-1.362119,0.2779953,-0.5468734,24.96608,-25.53878,-37.60393
10720.,-0.8830339,-1.342209,0.3173924,-0.5424857,25.06617,-25.39222,-37.15404
10730.,-0.865301,-1.321759,0.3569786,-0.537556,25.16534,-25.24461,-36.70635
10740.,-0.8469945,-1.300772,0.3967547,-0.5320867,25.26361,-25.09598,-36.26084
10750.,-0.8281172,-1.27925,0.4367214,-0.5260803,25.36099,-24.94632,-35.81748
10760.,-0.8086719,-1.257195,0.4768795,-0.5195391,25.45749,-24.79566,-35.37624
10770.,-0.7886614,-1.234611,0.5172296,-0.5124654,25.55313,-24.644,-34.93711
10780.,-0.7680883,-1.211498,0.5577726,-0.5048616,25.64792,-24.49136,-34.50005
10790.,-0.7469554,-1.187859,0.5985092,-0.49673,25.74187,-24.33776,-34.06504
10800.,-0.7252652,-1.163698,0.6394401,-0.4880728,25.835,-24.18321,-33.63206
10810.,-0.7030205,-1.139015,0.6805659,-0.4788922,25.92731,-24.02771,-33.20109
10820.,-0.6802239,-1.113813,0.7218875,-0.4691906,26.01882,-23.87128,-32.7721
10830.,-0.6568779,-1.088094,0.7634055,-0.4589701,26.10954,-23.71394,-32.34507
10840.,-0.6329852,-1.061861,0.8051205,-0.4482328,26.19947,-23.5557,-31.91999
10850.,-0.6085482,-1.035116,0.8470334,-0.436981,26.28865,-23.39656,-31.49681
10860.,-0.5835694,-1.007861,0.8891448,-0.4252168,26.37706,-23.23655,-31.07554
10870.,-0.5580515,-0.9800972,0.9314553,-0.4129421,26.46473,-23.07567,-30.65614
10880.,-0.5319967,-0.9518278,0.9739657,-0.4001593,26.55167,-22.91393,-30.2386
10890.,-0.5054706,-0.9231096,1.016411,-0.3868374,26.63795,-22.7518,-29.4922
10900.,-0.4785656,-0.8940235,1.058416,-0.3728998,26.72366,-22.58993,-28.28794
10910.,-0.4512848,-0.8645725,1.099985,-0.3583045,26.8088,-22.42831,-27.1008
10920.,-0.4236314,-0.8347596,1.141123,-0.3430572,26.89339,-22.26695,-25.93022
10930.,-0.3956085,-0.8045878,1.181835,-0.3271633,26.97744,-22.10584,-24.77567
10940.,-0.3672192,-0.77406,1.222125,-0.3106284,27.06094,-21.94499,-23.63664
10950.,-0.3384665,-0.7431791,1.261997,-0.2934581,27.1439,-21.7844,-22.51264
10960.,-0.3093535,-0.711948,1.301457,-0.2756577,27.22634,-21.62406,-21.40322
10970.,-0.2798832,-0.6803695,1.340508,-0.2572328,27.30825,-21.46398,-20.30794
10980.,-0.2500585,-0.6484466,1.379156,-0.2381885,27.38965,-21.30416,-19.22638
10990.,-0.2198824,-0.6161819,1.417405,-0.2185303,27.47054,-21.14459,-18.15814
11000.,-0.1893578,-0.5835782,1.455258,-0.1982634,27.55093,-20.98528,-17.10284
11010.,-0.1584877,-0.5506384,1.492721,-0.177393,27.63082,-20.82623,-16.06012
11020.,-0.1272748,-0.5173652,1.529798,-0.1559243,27.71022,-20.66743,-15.02963
11030.,-0.09572209,-0.4837613,1.566492,-0.1338623,27.78914,-20.50889,-14.01103
11040.,-0.06383233,-0.4498293,1.602809,-0.1112122,27.86758,-20.3506,-13.00401
11050.,-0.03160834,-0.4155721,1.638753,-0.08797902,27.94554,-20.19258,-12.00827
11060.,0.0009471187,-0.3809921,1.674326,-0.06416768,28.02304,-20.0348,-11.0235
11070.,0.03383128,-0.346092,1.709535,-0.03978317,28.10008,-19.87729,-10.04943
11080.,0.06704142,-0.3108745,1.744382,-0.01483037,28.17667,-19.72003,-9.085786
11090.,0.1005748,-0.2753422,1.778873,0.01068585,28.2528,-19.56302,-8.132313
11100.,0.1344289,-0.2394974,1.81301,0.03676068,28.3285,-19.40627,-7.188757
11110.,0.1686008,-0.203343,1.846798,0.06338935,28.40375,-19.24978,-6.254881
11120.,0.2030881,-0.1668812,1.88024,0.09056713,28.47858,-19.09354,-5.330453
11130.,0.237888,-0.1301147,1.913342,0.1182893,28.55297,-18.93756,-4.41525
11140.,0.2729981,-0.09304589,1.946106,0.1465513,28.62695,-18.78183,-3.509058
11150.,0.3084157,-0.05567725,1.978536,0.1753484,28.70051,-18.62636,-2.611672
11160.,0.3441383,-0.01801119,2.010637,0.2046761,28.77366,-18.47114,-1.722891
11170.,0.3801635,0.01994989,2.042411,0.23453,28.84641,-18.31617,-0.8425244
11180.,0.4164886,0.05820354,2.073864,0.2649053,28.91875,-18.16147,0.02961383
11190.,0.4531112,0.09674741,2.104997,0.2957978,28.9907,-18.00701,0.8937026
11200.,0.4900288,0.1355792,2.135816,0.327203,29.06226,-17.85281,1.749915
11210.,0.527239,0.1746965,2.166324,0.3591165,29.13344,-17.69886,2.598418
11220.,0.5647395,0.214097,2.196524,0.391534,29.20424,-17.54516,3.439373
11230.,0.6025278,0.2537785,2.22642,0.4244511,29.27466,-17.39172,4.272937
11240.,0.6406015,0.2937386,2.256016,0.4578638,29.34472,-17.23853,5.099261
11250.,0.6789583,0.3339752,2.285314,0.4917676,29.4144,-17.0856,5.918492
11260.,0.7175959,0.3744859,2.314319,0.5261584,29.48373,-16.93291,6.730771
11270.,0.756512,0.4152686,2.343034,0.5610321,29.55271,-16.78048,7.536235
11280.,0.7957042,0.4563211,2.371463,0.5963846,29.62133,-16.62829,8.335019
11290.,0.8351704,0.4976412,2.399608,0.6322117,29.6896,-16.47636,9.12725
11300.,0.8749082,0.5392267,2.427473,0.6685093,29.75754,-16.32468,9.913055
11310.,0.9149154,0.5810755,2.455062,0.7052736,29.82514,-16.17325,10.69255
11320.,0.9551899,0.6231855,2.482378,0.7425005,29.8924,-16.02207,11.46587
11330.,0.9957294,0.6655546,2.509423,0.7801861,29.95934,-15.87114,12.23311
11340.,1.036532,0.7081807,2.536202,0.8183264,30.02596,-15.72046,12.99438
11350.,1.077595,0.7510617,2.562718,0.8569176,30.09225,-15.57002,13.74981
11360.,1.118897,0.7941751,2.588972,0.8959557,30.15823,-15.4201,14.4998
11370.,1.160269,0.8373436,2.614961,0.9354352,30.22391,-15.27293,15.24689
11380.,1.201705,0.8805633,2.640684,0.9753491,30.28929,-15.12847,15.98837
11390.,1.243203,0.9238302,2.666141,1.01569,30.35437,-14.9867,16.72436
11400.,1.284759,0.9671405,2.69133,1.056449,30.41916,-14.84758,17.45494
11410.,1.326367,1.01049,2.716252,1.097621,30.48364,-14.71109,18.1802
11420.,1.368024,1.053876,2.740905,1.139197,30.54782,-14.5772,18.90024
11430.,1.409727,1.097293,2.765289,1.181171,30.61171,-14.44587,19.61513
11440.,1.451471,1.140739,2.789403,1.223534,30.67529,-14.31707,20.32498
11450.,1.493253,1.184209,2.813247,1.26628,30.73858,-14.19078,21.02985
11460.,1.535068,1.227699,2.83682,1.309402,30.80157,-14.06696,21.72982
11470.,1.576914,1.271207,2.860121,1.352893,30.86426,-13.94559,22.42498
11480.,1.618786,1.314729,2.88315,1.396745,30.92666,-13.82664,23.1154
11490.,1.66068,1.358261,2.905906,1.440952,30.98876,-13.71008,23.80115
11500.,1.702594,1.401799,2.928389,1.485507,31.05056,-13.59588,24.48231
11510.,1.744522,1.44534,2.950598,1.530403,31.11207,-13.48402,25.15894
11520.,1.786463,1.488881,2.972532,1.575634,31.17327,-13.37445,25.83112
11530.,1.828412,1.532418,2.994192,1.621192,31.23419,-13.26717,26.49892
11540.,1.870365,1.575948,3.015576,1.667072,31.29481,-13.16214,27.16239
11550.,1.91232,1.619468,3.036683,1.713266,31.35513,-13.05933,27.8216
11560.,1.954272,1.662973,3.057514,1.759769,31.41515,-12.95871,28.47662
11570.,1.996219,1.706462,3.078068,1.806573,31.47489,-12.86027,29.1275
11580.,2.038157,1.74993,3.098345,1.853673,31.53433,-12.76397,29.7743
11590.,2.080083,1.793374,3.118343,1.901061,31.59347,-12.66979,30.41709
11600.,2.121994,1.836792,3.138063,1.948733,31.65232,-12.57771,31.05592
11610.,2.163885,1.880181,3.157504,1.996682,31.71088,-12.48769,31.69085
11620.,2.205755,1.923536,3.176665,2.044901,31.76914,-12.39971,32.32192
11630.,2.2476,1.966855,3.195547,2.093385,31.82712,-12.31376,32.9492
11640.,2.289416,2.010136,3.214148,2.142127,31.8848,-12.22979,33.57274
11650.,2.331201,2.053375,3.232469,2.191123,31.94218,-12.14779,34.19258
11660.,2.372952,2.096569,3.250508,2.240365,31.99928,-12.06774,34.80877
11670.,2.414666,2.139715,3.268267,2.289848,32.05609,-11.98961,35.42137
11680.,2.456339,2.18281,3.285743,2.339566,32.1126,-11.91338,36.03042
11690.,2.497969,2.225852,3.302937,2.389514,32.16882,-11.83902,36.63598
11700.,2.539553,2.268838,3.319848,2.439686,32.22476,-11.76651,37.23807
11710.,2.581087,2.311765,3.336476,2.490076,32.28041,-11.69584,37.83676
11720.,2.62257,2.35463,3.352822,2.540679,32.33576,-11.62696,38.43208
11730.,2.663998,2.397431,3.368883,2.591489,32.39083,-11.55988,39.02408
11740.,2.705369,2.440164,3.384661,2.642502,32.44561,-11.49455,39.61279
11750.,2.74668,2.482828,3.400155,2.693711,32.5001,-11.43096,40.19827
11760.,2.787927,2.525419,3.415364,2.745111,32.55431,-11.3691,40.78054
11770.,2.829109,2.567936,3.430288,2.796698,32.60822,-11.30893,41.35966
11780.,2.870223,2.610375,3.444927,2.848465,32.66185,-11.25044,41.93565
11790.,2.911266,2.652734,3.459282,2.900408,32.7152,-11.1936,42.50857
11800.,2.952236,2.695011,3.47335,2.952522,32.76826,-11.1384,43.07843
11810.,2.99313,2.737203,3.487133,3.004802,32.82103,-11.08481,43.64529
11820.,3.033946,2.779308,3.50063,3.057242,32.87353,-11.03282,44.20918
11830.,3.074681,2.821323,3.513841,3.109838,32.92573,-10.98241,44.77012
11840.,3.115208,2.863124,3.527073,3.162477,32.97777,-10.9345,44.84842
11850.,3.155495,2.904676,3.5404,3.215018,33.02967,-10.8893,44.80364
11860.,3.195537,2.945977,3.553817,3.26743,33.08142,-10.84678,44.75882
11870.,3.235334,2.987025,3.567318,3.319708,33.13302,-10.8069,44.71395
11880.,3.274883,3.027818,3.580898,3.371851,33.18447,-10.76964,44.66902
11890.,3.31418,3.068354,3.59455,3.423853,33.23577,-10.73495,44.62405
11900.,3.353225,3.108629,3.60827,3.475712,33.28691,-10.70281,44.57903
11910.,3.392015,3.148643,3.622053,3.527423,33.33789,-10.67318,44.53395
11920.,3.430548,3.188393,3.635892,3.578984,33.38871,-10.64603,44.48882
11930.,3.468821,3.227876,3.649783,3.630391,33.43937,-10.62133,44.44363
11940.,3.506833,3.267092,3.663721,3.681641,33.48986,-10.59905,44.39839
11950.,3.544582,3.306037,3.6777,3.73273,33.54018,-10.57916,44.35309
11960.,3.582064,3.34471,3.691716,3.783656,33.59033,-10.56162,44.30774
11970.,3.61928,3.383109,3.705764,3.834414,33.6403,-10.5464,44.26232
11980.,3.656225,3.421232,3.719839,3.885003,33.6901,-10.53349,44.21685
11990.,3.6929,3.459077,3.733935,3.935418,33.73971,-10.52284,44.17131
12000.,3.729301,3.496642,3.748048,3.985657,33.78915,-10.51443,44.12571
12010.,3.765427,3.533926,3.762174,4.035717,33.8384,-10.50824,44.08005
12020.,3.801276,3.570926,3.776308,4.085595,33.88746,-10.50422,44.03433
12030.,3.836846,3.607642,3.790445,4.135287,33.93634,-10.50236,43.98854
12040.,3.872136,3.64407,3.804581,4.184792,33.98502,-10.50263,43.94268
12050.,3.907143,3.680211,3.818711,4.234106,34.03351,-10.505,43.89676
12060.,3.941867,3.716061,3.832831,4.283226,34.08181,-10.50945,43.85077
12070.,3.976305,3.75162,3.846936,4.332149,34.12991,-10.51595,43.80471
12080.,4.010457,3.786885,3.861023,4.380874,34.17782,-10.52447,43.75858
12090.,4.044319,3.821856,3.875086,4.429397,34.22552,-10.53498,43.71237
12100.,4.077891,3.85653,3.889123,4.477716,34.27302,-10.54747,43.6661
12110.,4.111171,3.890907,3.903128,4.525828,34.32032,-10.56191,43.61975
12120.,4.144158,3.924985,3.917097,4.57373,34.36741,-10.57828,43.57334
12130.,4.176851,3.958762,3.931027,4.621421,34.41429,-10.59654,43.52684
12140.,4.209247,3.992237,3.944914,4.668897,34.46096,-10.61669,43.48027
12150.,4.241346,4.025409,3.958754,4.716157,34.50743,-10.63868,43.43363
12160.,4.273145,4.058276,3.972543,4.763197,34.55368,-10.66251,43.3869
12170.,4.304645,4.090837,3.986276,4.810016,34.59971,-10.68815,43.3401
12180.,4.335843,4.123091,3.999951,4.856611,34.64553,-10.71557,43.29322
12190.,4.366738,4.155037,4.013564,4.902981,34.69114,-10.74476,43.24626
12200.,4.397329,4.186673,4.027111,4.949122,34.73652,-10.77569,43.19922
12210.,4.427615,4.217998,4.040588,4.995033,34.78169,-10.80835,43.1521
12220.,4.457595,4.249011,4.053992,5.040711,34.82663,-10.84271,43.1049
12230.,4.487266,4.279711,4.067319,5.086155,34.87135,-10.87875,43.05761
12240.,4.516629,4.310097,4.080567,5.131362,34.91584,-10.91645,43.01024
12250.,4.545682,4.340168,4.09373,5.17633,34.96011,-10.95579,42.96278
12260.,4.574425,4.369923,4.106807,5.221058,35.00416,-10.99675,42.91524
12270.,4.602855,4.39936,4.119794,5.265544,35.04797,-11.03932,42.86761
12280.,4.630972,4.428479,4.132688,5.309784,35.09156,-11.08347,42.8199
12290.,4.658775,4.457278,4.145485,5.353779,35.13492,-11.12918,42.7721
12300.,4.686263,4.485758,4.158182,5.397525,35.17804,-11.17645,42.72421
12310.,4.713349,4.514013,4.170927,5.440908,35.22086,-11.22512,42.1594
12320.,4.739945,4.542142,4.183874,5.483696,35.26331,-11.27506,41.04369
12330.,4.766049,4.570144,4.197015,5.525771,35.30539,-11.32627,39.91575
12340.,4.791665,4.598014,4.210346,5.567137,35.34709,-11.37871,38.77528
12350.,4.81679,4.625749,4.223858,5.607795,35.38841,-11.43239,37.62195
12360.,4.841428,4.653348,4.237547,5.647748,35.42937,-11.48729,36.45542
12370.,4.865578,4.680807,4.251407,5.687,35.46995,-11.54339,35.27533
12380.,4.889241,4.708122,4.265431,5.725552,35.51016,-11.60069,34.08133
12390.,4.912417,4.735292,4.279613,5.763408,35.55,-11.65916,32.87301
12400.,4.935108,4.762313,4.293948,5.80057,35.58948,-11.71881,31.64999
12410.,4.957314,4.789183,4.308429,5.83704,35.62858,-11.7796,30.41184
12420.,4.979036,4.815899,4.323052,5.872822,35.66732,-11.84155,29.15813
12430.,5.000275,4.842459,4.33781,5.907917,35.70569,-11.90462,27.88839
12440.,5.021031,4.868859,4.352697,5.942329,35.74369,-11.96881,26.60215
12450.,5.041305,4.895098,4.367709,5.97606,35.78132,-12.03412,25.29889
12460.,5.061098,4.921172,4.38284,6.009112,35.8186,-12.10052,23.9781
12470.,5.080411,4.947079,4.398084,6.041488,35.8555,-12.16801,22.63922
12480.,5.099244,4.972817,4.413436,6.073192,35.89205,-12.23657,21.28167
12490.,5.117598,4.998383,4.428891,6.104224,35.92823,-12.3062,19.90483
12500.,5.135474,5.023775,4.444444,6.134588,35.96405,-12.37689,18.50805
12510.,5.152872,5.04899,4.460089,6.164286,35.99951,-12.44862,17.09067
12520.,5.169795,5.074027,4.475822,6.193322,36.03461,-12.52138,15.65195
12530.,5.186241,5.098882,4.491637,6.221696,36.06935,-12.59517,14.19115
12540.,5.202212,5.123554,4.507529,6.249413,36.10373,-12.66998,12.70747
12550.,5.21771,5.148041,4.523494,6.276474,36.13775,-12.74579,11.20005
12560.,5.232733,5.172339,4.539527,6.302881,36.17142,-12.8226,9.668005
12570.,5.247285,5.196447,4.555623,6.328638,36.20472,-12.90039,8.110379
12580.,5.261364,5.220364,4.571777,6.353747,36.23768,-12.97916,6.52616
12590.,5.274973,5.244086,4.587984,6.37821,36.27028,-13.05891,4.914276
12600.,5.288111,5.267612,4.60424,6.402029,36.30252,-13.13961,3.27358
12610.,5.30078,5.290939,4.620541,6.425208,36.33441,-13.22126,1.602851
12620.,5.31298,5.314066,4.636882,6.447748,36.36595,-13.30386,-0.09921561
12630.,5.324713,5.336991,4.653258,6.469652,36.39714,-13.38739,-1.834016
12640.,5.335979,5.359711,4.669665,6.490922,36.42798,-13.47185,-3.603048
12650.,5.346778,5.382226,4.686099,6.511561,36.45847,-13.55723,-5.407919
12660.,5.357113,5.404532,4.702555,6.531571,36.48861,-13.64352,-7.250357
12670.,5.366983,5.426629,4.71903,6.550955,36.5184,-13.73071,-9.132228
12680.,5.376389,5.448514,4.735518,6.569714,36.54784,-13.8188,-11.05555
12690.,5.385333,5.470185,4.752017,6.587852,36.57694,-13.90778,-13.02249
12700.,5.393814,5.491641,4.768521,6.60537,36.60569,-13.99764,-15.03543
12710.,5.401835,5.51288,4.785028,6.622271,36.6341,-14.08837,-17.09695
12720.,5.409395,5.533901,4.801532,6.638557,36.66216,-14.17997,-19.20984
12730.,5.416496,5.554701,4.81803,6.65423,36.68988,-14.27242,-21.37719
12740.,5.423138,5.575279,4.834518,6.669293,36.71726,-14.36573,-23.60237
12750.,5.429322,5.595634,4.850993,6.683749,36.74429,-14.45989,-25.88909
12760.,5.435049,5.615763,4.86745,6.697598,36.77099,-14.55489,-28.24147
12770.,5.440321,5.635666,4.883886,6.710845,36.79735,-14.65072,-30.66405
12780.,5.445238,5.655278,4.900321,6.723527,36.82336,-14.74723,-32.77196
12790.,5.450265,5.674315,4.916861,6.735859,36.84904,-14.8438,-33.13643
12800.,5.455399,5.692782,4.933503,6.748012,36.87438,-14.94042,-33.50268
12810.,5.460637,5.710683,4.950245,6.759988,36.89939,-15.0371,-33.87075
12820.,5.465976,5.728022,4.967083,6.771786,36.92408,-15.13384,-34.24064
12830.,5.471413,5.744804,4.984016,6.783407,36.94843,-15.23063,-34.61237
12840.,5.476947,5.761031,5.001041,6.794851,36.97246,-15.32749,-34.98598
12850.,5.482575,5.77671,5.018155,6.806118,36.99617,-15.42441,-35.36148
12860.,5.488294,5.791843,5.035356,6.817208,37.01957,-15.52139,-35.73888
12870.,5.494102,5.806435,5.052641,6.828122,37.04265,-15.61845,-36.11822
12880.,5.499996,5.82049,5.070009,6.838859,37.06542,-15.71558,-36.49951
12890.,5.505974,5.834012,5.087455,6.849421,37.08788,-15.81278,-36.88278
12900.,5.512034,5.847004,5.104979,6.859806,37.11003,-15.91005,-37.26805
12910.,5.518172,5.859471,5.122577,6.870016,37.13188,-16.0074,-37.65534
12920.,5.524388,5.871416,5.140248,6.880051,37.15343,-16.10483,-38.04468
12930.,5.530678,5.882844,5.157989,6.88991,37.17468,-16.20234,-38.43609
12940.,5.537041,5.893758,5.175797,6.899595,37.19564,-16.29994,-38.82959
12950.,5.543473,5.904161,5.193671,6.909105,37.2163,-16.39761,-39.22522
12960.,5.549973,5.914059,5.211608,6.91844,37.23667,-16.49538,-39.62299
12970.,5.556539,5.923453,5.229607,6.927601,37.25676,-16.59323,-40.02293
12980.,5.563169,5.932349,5.247664,6.936588,37.27656,-16.69117,-40.42507
12990.,5.569859,5.940749,5.265778,6.945402,37.29608,-16.78921,-40.82944
13000.,5.576609,5.948657,5.283946,6.954041,37.31532,-16.88734,-41.23606
13010.,5.583416,5.956077,5.302167,6.962508,37.33428,-16.98556,-41.64496
13020.,5.590277,5.963012,5.320438,6.970801,37.35296,-17.08388,-42.05616
13030.,5.597192,5.969466,5.338757,6.978922,37.37138,-17.1823,-42.46971
13040.,5.604157,5.975442,5.357123,6.986869,37.38952,-17.28082,-42.88563
13050.,5.611171,5.980943,5.375533,6.994645,37.40739,-17.37944,-43.30395
13060.,5.618232,5.985974,5.393985,7.002248,37.425,-17.47817,-43.72469
13070.,5.625338,5.990537,5.412477,7.009679,37.44234,-17.577,-44.1479
13080.,5.632487,5.994636,5.431007,7.016939,37.45942,-17.67594,-44.57361
13090.,5.639677,5.998274,5.449574,7.024027,37.47625,-17.77499,-45.00184
13100.,5.646906,6.001454,5.468176,7.030943,37.49281,-17.87415,-45.43263
13110.,5.654172,6.004179,5.486809,7.037689,37.50912,-17.97342,-45.86602
13120.,5.661474,6.006453,5.505474,7.044264,37.52518,-18.0728,-46.30204
13130.,5.668267,6.00811,5.523515,7.050232,37.14854,-18.17215,-46.435
13140.,5.674067,6.008844,5.540352,7.055175,36.77641,-18.27216,-46.4219
13150.,5.678891,6.008671,5.556003,7.059122,36.4087,-18.37283,-46.40961
13160.,5.682754,6.007606,5.570487,7.062089,36.04533,-18.47415,-46.39811
13170.,5.685672,6.005663,5.58382,7.064093,35.68625,-18.57609,-46.3874
13180.,5.687658,6.002855,5.596019,7.065148,35.33136,-18.67866,-46.37745
13190.,5.688729,5.999197,5.607102,7.06527,34.98061,-18.78183,-46.36826
13200.,5.688898,5.994702,5.617085,7.064474,34.63393,-18.8856,-46.35981
13210.,5.688179,5.989383,5.625983,7.062774,34.29124,-18.98996,-46.35209
13220.,5.686586,5.983252,5.633813,7.060185,33.95247,-19.09489,-46.34509
13230.,5.684132,5.976323,5.640591,7.05672,33.61758,-19.20039,-46.3388
13240.,5.680832,5.968608,5.646331,7.052394,33.28648,-19.30645,-46.33321
13250.,5.676697,5.960119,5.651049,7.04722,32.95913,-19.41305,-46.3283
13260.,5.67174,5.950867,5.654757,7.041216,32.63545,-19.51974,-46.2616
13270.,5.665974,5.940865,5.657471,7.034402,32.31538,-19.62647,-46.18645
13280.,5.659411,5.930123,5.659206,7.026792,31.99886,-19.73321,-46.11201
13290.,5.652065,5.918654,5.659975,7.018398,31.68584,-19.83998,-46.03828
13300.,5.643947,5.906469,5.659793,7.009234,31.37626,-19.94676,-45.96524
13310.,5.635069,5.89358,5.658674,6.999311,31.07007,-20.05356,-45.89287
13320.,5.625444,5.879999,5.656633,6.988643,30.76721,-20.16037,-45.82117
13330.,5.615084,5.865735,5.653682,6.97724,30.46764,-20.26719,-45.75013
13340.,5.603999,5.8508,5.649835,6.965115,30.17129,-20.37402,-45.67973
13350.,5.592201,5.835204,5.645106,6.952279,29.87812,-20.48086,-45.60996
13360.,5.579702,5.818958,5.639506,6.938744,29.58809,-20.5877,-45.54081
13370.,5.566511,5.802071,5.633049,6.92452,29.30113,-20.69454,-45.47228
13380.,5.552641,5.784555,5.625748,6.909619,29.01721,-20.80139,-45.40434
13390.,5.5381,5.766417,5.617613,6.894052,28.73628,-20.90823,-45.33699
13400.,5.5229,5.747669,5.608659,6.877828,28.45829,-21.01507,-45.27023
13410.,5.507051,5.72832,5.598895,6.860958,28.18319,-21.12191,-45.20403
13420.,5.490562,5.708378,5.588335,6.843453,27.91095,-21.22874,-45.13839
13430.,5.473443,5.687853,5.576989,6.825322,27.64151,-21.33556,-45.0733
13440.,5.455705,5.666754,5.564869,6.806574,27.37485,-21.44238,-45.00876
13450.,5.437356,5.64509,5.551986,6.787221,27.11091,-21.54918,-44.94474
13460.,5.418405,5.622869,5.53835,6.76727,26.84965,-21.65598,-44.88125
13470.,5.398862,5.600099,5.523973,6.746732,26.59104,-21.76277,-44.81827
13480.,5.378735,5.57679,5.508865,6.725615,26.33503,-21.86954,-44.75579
13490.,5.358034,5.552949,5.493036,6.703928,26.08159,-21.9763,-44.69381
13500.,5.336767,5.528584,5.476497,6.681681,25.83067,-22.08305,-44.63232
13510.,5.314943,5.503703,5.459257,6.658881,25.58225,-22.18978,-44.57131
13520.,5.292569,5.478314,5.441326,6.635537,25.33628,-22.2965,-44.51077
13530.,5.269654,5.452425,5.422715,6.611658,25.09273,-22.4032,-44.4507
13540.,5.246206,5.426042,5.403433,6.587251,24.85156,-22.50988,-44.39108
13550.,5.222233,5.399174,5.383488,6.562325,24.61274,-22.61655,-44.33191
13560.,5.197743,5.371827,5.362891,6.536888,24.37623,-22.72321,-44.27317
13570.,5.172743,5.344009,5.341651,6.510947,24.142,-22.82984,-44.21488
13580.,5.147241,5.315727,5.319776,6.48451,23.91002,-22.93646,-44.157
13590.,5.121244,5.286987,5.297275,6.457585,23.68026,-23.04305,-44.09955
13600.,5.09476,5.257796,5.274157,6.430178,23.45267,-23.14963,-44.04251
13610.,5.067796,5.228161,5.25043,6.402297,23.22724,-23.25619,-43.98587
13620.,5.040358,5.198089,5.226104,6.37395,23.00393,-23.36274,-43.92963
13630.,5.012454,5.167585,5.201185,6.345143,22.78271,-23.46926,-43.87379
13640.,4.98409,5.136656,5.175683,6.315883,22.56356,-23.57576,-43.81832
13650.,4.955273,5.105309,5.149605,6.286177,22.34643,-23.68225,-43.76324
13660.,4.92601,5.073549,5.12296,6.256032,22.13131,-23.78871,-43.70853
13670.,4.896307,5.041383,5.095754,6.225453,21.91816,-23.89516,-43.65419
13680.,4.866171,5.008816,5.067996,6.194449,21.70696,-24.00158,-43.6002
13690.,4.835608,4.975854,5.039693,6.163024,21.49768,-24.10799,-43.54657
13700.,4.804623,4.942503,5.010853,6.131185,21.29029,-24.21438,-43.49329
13710.,4.773223,4.908769,4.981483,6.098938,21.08478,-24.32075,-43.44035
13720.,4.741415,4.874656,4.95159,6.06629,20.8811,-24.4271,-43.38775
13730.,4.709203,4.840172,4.921182,6.033251,20.67921,-24.53312,-43.27712
13740.,4.676595,4.805322,4.890265,5.999836,20.47907,-24.63855,-43.12186
13750.,4.643597,4.770113,4.858847,5.966055,20.28065,-24.74341,-42.96718
13760.,4.610215,4.73455,4.826937,5.931915,20.08394,-24.8477,-42.81307
13770.,4.576454,4.698638,4.79454,5.897422,19.8889,-24.95142,-42.65953
13780.,4.542322,4.662384,4.761664,5.86258,19.69552,-25.0546,-42.50656
13790.,4.507824,4.625793,4.728317,5.827396,19.50378,-25.15722,-42.35413
13800.,4.472965,4.58887,4.694504,5.791876,19.31364,-25.2593,-42.20226
13810.,4.437752,4.551621,4.660234,5.756025,19.1251,-25.36084,-42.05092
13820.,4.40219,4.514051,4.625512,5.719849,18.93812,-25.46186,-41.90011
13830.,4.366285,4.476164,4.590345,5.683353,18.7527,-25.56234,-41.74982
13840.,4.330041,4.437967,4.55474,5.646543,18.5688,-25.66231,-41.60005
13850.,4.293465,4.399463,4.518704,5.609423,18.38641,-25.76177,-41.45079
13860.,4.256562,4.360659,4.482241,5.571998,18.20551,-25.86072,-41.30204
13870.,4.219336,4.321558,4.44536,5.534275,18.02608,-25.95917,-41.15378
13880.,4.181794,4.282166,4.408065,5.496258,17.84811,-26.05712,-41.00601
13890.,4.143939,4.242487,4.370364,5.457951,17.67156,-26.15458,-40.85872
13900.,4.105777,4.202526,4.332261,5.41936,17.49642,-26.25155,-40.71192
13910.,4.067314,4.162288,4.293763,5.380489,17.32268,-26.34805,-40.56558
13920.,4.028552,4.121776,4.254875,5.341343,17.15032,-26.44407,-40.41971
13930.,3.989499,4.080995,4.215604,5.301927,16.97932,-26.53962,-40.2743
13940.,3.950157,4.03995,4.175955,5.262245,16.80966,-26.63471,-40.12935
13950.,3.910532,3.998645,4.135933,5.222302,16.64132,-26.72934,-39.98484
13960.,3.870628,3.957084,4.095544,5.182102,16.47429,-26.82352,-39.84078
13970.,3.830449,3.915271,4.054793,5.141649,16.30855,-26.91725,-39.69715
13980.,3.790001,3.873211,4.013686,5.100947,16.14409,-27.01053,-39.55395
13990.,3.749287,3.830907,3.972228,5.060002,15.98089,-27.10338,-39.41118
14000.,3.708311,3.788363,3.930423,5.018816,15.81893,-27.19579,-39.26884
14010.,3.667078,3.745583,3.888278,4.977395,15.65819,-27.28777,-39.1269
14020.,3.625592,3.702571,3.845796,4.935741,15.49867,-27.37933,-38.98538
14030.,3.583857,3.659331,3.802983,4.893859,15.34035,-27.47047,-38.84427
14040.,3.541877,3.615866,3.759844,4.851754,15.18321,-27.5612,-38.70355
14050.,3.499656,3.57218,3.716384,4.809427,15.02723,-27.65151,-38.56324
14060.,3.457198,3.528278,3.672607,4.766884,14.87241,-27.74142,-38.42331
14070.,3.414506,3.484161,3.628518,4.724129,14.71873,-27.83092,-38.28377
14080.,3.371584,3.439834,3.584121,4.681164,14.56617,-27.92003,-38.14462
14090.,3.328437,3.395301,3.539421,4.637993,14.41472,-28.00875,-38.00584
14100.,3.285067,3.350564,3.494423,4.59462,14.26437,-28.09707,-37.86743
14110.,3.241479,3.305627,3.44913,4.551049,14.1151,-28.18502,-37.7294
14120.,3.197675,3.260494,3.403548,4.507282,13.9669,-28.27258,-37.59173
14130.,3.15366,3.215167,3.357679,4.463324,13.81976,-28.35976,-37.45442
14140.,3.109437,3.16965,3.31153,4.419177,13.67367,-28.44658,-37.31746
14150.,3.065009,3.123945,3.265103,4.374845,13.5286,-28.53302,-37.18086
14160.,3.02038,3.078057,3.218403,4.33033,13.38456,-28.61911,-37.04461
14170.,2.975552,3.031988,3.171434,4.285637,13.24152,-28.70483,-36.9087
14180.,2.93053,2.985741,3.1242,4.240769,13.09948,-28.79019,-36.77314
14190.,2.885316,2.939319,3.076705,4.195727,12.95842,-28.87521,-36.63791
14200.,2.839913,2.892725,3.028957,4.150518,12.81831,-28.95986,-36.49009
14210.,2.794324,2.845961,2.980977,4.105147,12.67907,-29.04413,-36.30509
14220.,2.74855,2.799032,2.932768,4.059623,12.5407,-29.12803,-36.12061
14230.,2.702596,2.751939,2.884333,4.013946,12.40318,-29.21155,-35.93665
14240.,2.656464,2.704685,2.835676,3.96812,12.26651,-29.2947,-35.75321
14250.,2.610156,2.657273,2.7868,3.922149,12.13068,-29.37749,-35.57027
14260.,2.563677,2.609705,2.737708,3.876033,11.99566,-29.45992,-35.38783
14270.,2.517028,2.561984,2.688404,3.829776,11.86146,-29.54199,-35.20589
14280.,2.470213,2.514113,2.638891,3.783381,11.72807,-29.6237,-35.02445
14290.,2.423234,2.466094,2.589171,3.73685,11.59547,-29.70507,-34.8435
14300.,2.376093,2.41793,2.539249,3.690185,11.46365,-29.78609,-34.66303
14310.,2.328794,2.369623,2.489127,3.643389,11.33262,-29.86677,-34.48304
14320.,2.28134,2.321175,2.438807,3.596464,11.20235,-29.94711,-34.30353
14330.,2.233731,2.272588,2.388294,3.549413,11.07283,-30.02711,-34.12449
14340.,2.185973,2.223866,2.33759,3.502238,10.94407,-30.10679,-33.94592
14350.,2.138065,2.175011,2.286697,3.454941,10.81604,-30.18613,-33.76781
14360.,2.090012,2.126024,2.23562,3.407525,10.68875,-30.26515,-33.59016
14370.,2.041816,2.076909,2.18436,3.359991,10.56218,-30.34385,-33.41297
14380.,1.993479,2.027666,2.13292,3.312343,10.43633,-30.42223,-33.23623
14390.,1.945003,1.978299,2.081303,3.264581,10.31118,-30.5003,-33.05993
14400.,1.896391,1.928809,2.029512,3.216709,10.18673,-30.57806,-32.88408
14410.,1.847645,1.879199,1.977549,3.168729,10.06297,-30.65551,-32.70867
14420.,1.798767,1.829471,1.925418,3.120642,9.939891,-30.73265,-32.5337
14430.,1.74976,1.779627,1.87312,3.07245,9.817487,-30.8095,-32.35915
14440.,1.700625,1.729669,1.820658,3.024156,9.695749,-30.88604,-32.18504
14450.,1.651366,1.679598,1.768035,2.975762,9.574669,-30.96229,-32.01135
14460.,1.601983,1.629417,1.715252,2.927269,9.454241,-31.03825,-31.83808
14470.,1.55248,1.579128,1.662314,2.878679,9.334457,-31.11392,-31.66523
14480.,1.502858,1.528733,1.609222,2.829995,9.215308,-31.18931,-31.4928
14490.,1.45312,1.478234,1.555977,2.781218,9.096789,-31.26441,-31.32077
14500.,1.403266,1.427632,1.502584,2.73235,8.978891,-31.33923,-31.14915
14510.,1.3533,1.376929,1.449044,2.683393,8.861609,-31.41377,-30.97794
14520.,1.303224,1.326127,1.395359,2.634349,8.744934,-31.48804,-30.80713
14530.,1.253039,1.275229,1.341531,2.585219,8.62886,-31.56204,-30.63672
14540.,1.202747,1.224235,1.287564,2.536005,8.51338,-31.63577,-30.4667
14550.,1.15235,1.173147,1.233458,2.48671,8.398488,-31.70924,-30.29707
14560.,1.10185,1.121968,1.179217,2.437333,8.284177,-31.78244,-30.12783
14570.,1.051248,1.070698,1.124842,2.387879,8.17044,-31.85538,-29.95897
14580.,1.000548,1.019341,1.070335,2.338347,8.057271,-31.92806,-29.7905
14590.,0.9497494,0.9678958,1.015699,2.28874,7.944663,-32.00048,-29.62241
14600.,0.8988554,0.9163659,0.9609348,2.239059,7.832611,-32.07266,-29.45469
14610.,0.8478672,0.8647524,0.9060455,2.189305,7.721108,-32.14458,-29.28735
14620.,0.7967867,0.8130569,0.8510327,2.139481,7.610148,-32.21626,-29.12038
14630.,0.7456154,0.7612809,0.7958983,2.089588,7.499725,-32.28769,-28.95378
14640.,0.6943552,0.7094261,0.7406444,2.039627,7.389833,-32.35887,-28.78754
14650.,0.6430076,0.6574939,0.6852728,1.9896,7.280466,-32.42982,-28.62166
14660.,0.5915742,0.6054857,0.6297854,1.939509,7.171619,-32.50053,-28.45614
14670.,0.5400567,0.5534032,0.574184,1.889354,7.063285,-32.571,-28.29098
14680.,0.4884579,0.5012473,0.5185076,1.839137,6.955409,-32.64072,-28.13203
14690.,0.4367799,0.4490199,0.4627601,1.788859,6.847981,-32.70966,-27.97372
14700.,0.3850249,0.396723,0.4069436,1.738522,6.740999,-32.77783,-27.81574
14710.,0.3331948,0.3443587,0.35106,1.688128,6.634458,-32.84523,-27.65808
14720.,0.2812916,0.2919286,0.2951111,1.63768,6.528353,-32.91189,-27.50074
14730.,0.2293174,0.2394349,0.2390989,1.587177,6.422681,-32.97779,-27.34372
14740.,0.1772741,0.1868793,0.1830251,1.536624,6.317436,-33.04296,-27.18701
14750.,0.1251636,0.1342636,0.1268916,1.486021,6.212616,-33.10739,-27.03062
14760.,0.07298785,0.08158971,0.07070022,1.43537,6.108215,-33.1711,-26.87453
14770.,0.02074873,0.02885937,0.0144527,1.384673,6.00423,-33.23409,-26.71875
14780.,-0.03155192,-0.02392566,-0.04184922,1.333931,5.900657,-33.29637,-26.56328
14790.,-0.08391227,-0.07676365,-0.09820381,1.283147,5.797492,-33.35794,-26.40811
14800.,-0.1363305,-0.1296529,-0.1546094,1.232322,5.694732,-33.41882,-26.25323
14810.,-0.1888049,-0.1825916,-0.2110642,1.181458,5.592371,-33.47901,-26.09866
14820.,-0.2413336,-0.2355783,-0.2675668,1.130555,5.490407,-33.53851,-25.94438
14830.,-0.293915,-0.2886112,-0.3241153,1.079617,5.388835,-33.59734,-25.79039
14840.,-0.3465474,-0.3416887,-0.3807083,1.028645,5.287653,-33.6555,-25.63669
14850.,-0.3992289,-0.3948092,-0.4373441,0.9776394,5.186856,-33.71299,-25.48328
14860.,-0.4519581,-0.4479712,-0.4940212,0.9266026,5.086441,-33.76983,-25.33016
14870.,-0.5047332,-0.5011731,-0.5507381,0.875536,4.986404,-33.82601,-25.17732
14880.,-0.5575527,-0.5544134,-0.6074932,0.8244411,4.886742,-33.88155,-25.02477
14890.,-0.6104149,-0.6076904,-0.664285,0.7733194,4.787451,-33.93645,-24.87249
14900.,-0.6633184,-0.6610029,-0.7211121,0.7221723,4.688528,-33.99072,-24.72049
14910.,-0.7162614,-0.7143492,-0.777973,0.6710013,4.58997,-34.04436,-24.56877
14920.,-0.7692425,-0.767728,-0.8348663,0.6198078,4.491772,-34.09738,-24.41732
14930.,-0.8222603,-0.8211377,-0.8917905,0.5685932,4.393933,-34.14979,-24.26614
14940.,-0.8753131,-0.8745771,-0.9487443,0.5173588,4.296448,-34.20159,-24.11523
14950.,-0.9283996,-0.9280446,-1.005726,0.4661062,4.199315,-34.25278,-23.96459
14960.,-0.9815183,-0.9815389,-1.062735,0.4148365,4.10253,-34.30337,-23.81422
14970.,-1.034668,-1.035059,-1.11977,0.3635512,4.00609,-34.35338,-23.66411
14980.,-1.087847,-1.088603,-1.176828,0.3122515,3.909992,-34.40279,-23.51426
14990.,-1.141053,-1.142169,-1.23391,0.2609387,3.814232,-34.45163,-23.36468
15000.,-1.194287,-1.195758,-1.291013,0.2096141,3.718809,-34.49988,-23.21535
15010.,-1.247546,-1.249366,-1.348136,0.158279,3.623719,-34.54757,-23.06628
15020.,-1.300828,-1.302994,-1.405278,0.1069346,3.528958,-34.59469,-22.91746
15030.,-1.354133,-1.356639,-1.462439,0.05558209,3.434525,-34.64125,-22.7689
15040.,-1.40746,-1.4103,-1.519616,0.004222707,3.340416,-34.68726,-22.62059
15050.,-1.460806,-1.463977,-1.576808,-0.04714237,3.246628,-34.73271,-22.47253
15060.,-1.514172,-1.517668,-1.634015,-0.09851197,3.153158,-34.77762,-22.32471
15070.,-1.567554,-1.571372,-1.691234,-0.1498849,3.060005,-34.82199,-22.17715
15080.,-1.620954,-1.625087,-1.748466,-0.2012601,2.967164,-34.86582,-22.02983
15090.,-1.674368,-1.678814,-1.805709,-0.2526364,2.874634,-34.90913,-21.88275
15100.,-1.727796,-1.732549,-1.862961,-0.3040127,2.782411,-34.9519,-21.73591
15110.,-1.781237,-1.786293,-1.920222,-0.3553879,2.690493,-34.99416,-21.58932
15120.,-1.834689,-1.840044,-1.97749,-0.4067609,2.598877,-35.03589,-21.44296
15130.,-1.888152,-1.893801,-2.034765,-0.4581306,2.507561,-35.07712,-21.29684
15140.,-1.941624,-1.947563,-2.092045,-0.5094961,2.416543,-35.11784,-21.15096
15150.,-1.995104,-2.00133,-2.149312,-0.5608583,2.325819,-35.15772,-21.02532
15160.,-2.048593,-2.0551,-2.206554,-0.6122192,2.235387,-35.1966,-20.91112
15170.,-2.102087,-2.108871,-2.263769,-0.6635786,2.145245,-35.23447,-20.79706
15180.,-2.155586,-2.162643,-2.320957,-0.7149347,2.055391,-35.27136,-20.68314
15190.,-2.209087,-2.216414,-2.378116,-0.766286,1.965824,-35.30726,-20.56936
15200.,-2.26259,-2.270182,-2.435244,-0.817631,1.876542,-35.3422,-20.45571
15210.,-2.316092,-2.323945,-2.492342,-0.8689681,1.787543,-35.37617,-20.34219
15220.,-2.369592,-2.377703,-2.549406,-0.9202959,1.698824,-35.40918,-20.22881
15230.,-2.423089,-2.431453,-2.606437,-0.9716127,1.610385,-35.44125,-20.11556
15240.,-2.476581,-2.485195,-2.663434,-1.022917,1.522223,-35.47238,-20.00243
15250.,-2.530067,-2.538926,-2.720394,-1.074208,1.434337,-35.50258,-19.88944
15260.,-2.583545,-2.592646,-2.777316,-1.125483,1.346725,-35.53186,-19.77657
15270.,-2.636858,-2.646202,-2.834045,-1.176586,1.455302,-35.56026,-19.68747
15280.,-2.689369,-2.699405,-2.890125,-1.227254,1.759916,-35.58716,-20.10834
15290.,-2.740857,-2.752129,-2.945374,-1.277397,2.061657,-35.61216,-20.61288
15300.,-2.791329,-2.804375,-2.999796,-1.327024,2.360545,-35.63528,-21.12017
15310.,-2.840792,-2.856143,-3.053396,-1.376138,2.656604,-35.65653,-21.63026
15320.,-2.889251,-2.907435,-3.10618,-1.42474,2.949854,-35.67595,-22.14317
15330.,-2.936714,-2.958253,-3.15815,-1.472833,3.240318,-35.69353,-22.65896
15340.,-2.983187,-3.008597,-3.209313,-1.520418,3.528017,-35.7093,-23.17765
15350.,-3.028675,-3.05847,-3.259673,-1.567497,3.812974,-35.72328,-23.69931
15360.,-3.073186,-3.107873,-3.309234,-1.614072,4.095211,-35.73547,-24.22396
15370.,-3.116725,-3.156807,-3.358,-1.660145,4.374749,-35.7459,-24.75165
15380.,-3.159299,-3.205273,-3.405978,-1.705719,4.65161,-35.75459,-25.28244
15390.,-3.200913,-3.253274,-3.453171,-1.750794,4.925815,-35.76154,-25.81636
15400.,-3.241575,-3.300811,-3.499583,-1.795374,5.197387,-35.76678,-26.35347
15410.,-3.28129,-3.347886,-3.54522,-1.839459,5.466348,-35.77032,-26.89382
15420.,-3.320064,-3.394499,-3.590086,-1.883053,5.732718,-35.77217,-27.43744
15430.,-3.357904,-3.440654,-3.634186,-1.926156,5.996519,-35.77236,-27.98441
15440.,-3.394815,-3.48635,-3.677523,-1.968773,6.257773,-35.77089,-28.53476
15450.,-3.430804,-3.531591,-3.720103,-2.010903,6.516502,-35.76778,-29.08855
15460.,-3.465877,-3.576377,-3.761931,-2.05255,6.772726,-35.76305,-29.64584
15470.,-3.500039,-3.620711,-3.80301,-2.093716,7.026468,-35.75671,-30.20669
15480.,-3.533296,-3.664593,-3.843345,-2.134402,7.277747,-35.74878,-30.77115
15490.,-3.565655,-3.708027,-3.88294,-2.174612,7.526587,-35.73926,-31.33928
15500.,-3.597122,-3.751013,-3.921801,-2.214346,7.773007,-35.72818,-31.91115
15510.,-3.627702,-3.793554,-3.959932,-2.253608,8.017029,-35.71556,-32.48681
15520.,-3.657401,-3.83565,-3.997336,-2.292399,8.258673,-35.70139,-33.06634
15530.,-3.686224,-3.877305,-4.034019,-2.330721,8.497962,-35.6857,-33.64979
15540.,-3.714179,-3.918519,-4.069985,-2.368577,8.734915,-35.66851,-34.23723
15550.,-3.74127,-3.959294,-4.105237,-2.40597,8.969554,-35.64982,-34.82874
15560.,-3.767504,-3.999633,-4.139782,-2.4429,9.201899,-35.62965,-35.42439
15570.,-3.792885,-4.039537,-4.173622,-2.479371,9.431971,-35.60802,-36.02424
15580.,-3.81742,-4.079008,-4.206763,-2.515384,9.65979,-35.58493,-36.62838
15590.,-3.841114,-4.118048,-4.239208,-2.550943,9.885377,-35.56041,-37.23688
15600.,-3.863973,-4.156658,-4.270962,-2.586048,10.10875,-35.53446,-37.84982
15610.,-3.886002,-4.19484,-4.302029,-2.620702,10.32994,-35.50709,-38.46728
15620.,-3.907325,-4.232408,-4.332094,-2.654898,10.54895,-35.47809,-38.98593
15630.,-3.928182,-4.268983,-4.360516,-2.688608,10.76581,-35.44697,-39.29778
15640.,-3.948572,-4.304569,-4.387307,-2.721815,10.98053,-35.41374,-39.61054
15650.,-3.968496,-4.33917,-4.412477,-2.754517,11.19315,-35.37844,-39.92421
15660.,-3.987952,-4.372791,-4.436035,-2.786715,11.40368,-35.34107,-40.23882
15670.,-4.006941,-4.405437,-4.457993,-2.81841,11.61215,-35.30166,-40.55435
15680.,-4.025462,-4.437112,-4.478361,-2.849602,11.81858,-35.26023,-40.87083
15690.,-4.043515,-4.46782,-4.497149,-2.880291,12.02299,-35.21678,-41.18826
15700.,-4.0611,-4.497566,-4.514367,-2.910477,12.2254,-35.17134,-41.50664
15710.,-4.078217,-4.526354,-4.530024,-2.940161,12.42583,-35.12393,-41.826
15720.,-4.094865,-4.554187,-4.544132,-2.969343,12.62431,-35.07456,-42.14633
15730.,-4.111045,-4.581072,-4.556699,-2.998024,12.82085,-35.02325,-42.46765
15740.,-4.126756,-4.607011,-4.567736,-3.026203,13.01549,-34.97002,-42.78997
15750.,-4.141998,-4.632009,-4.577252,-3.053881,13.20823,-34.91488,-43.11329
15760.,-4.156771,-4.656069,-4.585257,-3.081059,13.3991,-34.85785,-43.43762
15770.,-4.171075,-4.679198,-4.591761,-3.107737,13.58813,-34.79896,-43.76298
15780.,-4.18491,-4.701397,-4.596772,-3.133915,13.77532,-34.7382,-44.08938
15790.,-4.198275,-4.722673,-4.600301,-3.159594,13.96071,-34.67561,-44.41681
15800.,-4.211172,-4.743027,-4.602356,-3.184774,14.14432,-34.61119,-44.7453
15810.,-4.223599,-4.762466,-4.602947,-3.209455,14.32615,-34.54497,-45.07486
15820.,-4.235557,-4.780992,-4.602083,-3.233639,14.50625,-34.47696,-45.40549
15830.,-4.247046,-4.798609,-4.599773,-3.257325,14.68461,-34.40717,-45.7372
15840.,-4.258066,-4.815323,-4.596026,-3.280514,14.86127,-34.33562,-46.07002
15850.,-4.268616,-4.831136,-4.590852,-3.303206,15.03625,-34.26234,-46.40393
15860.,-4.278698,-4.846052,-4.584259,-3.325402,15.20955,-34.18732,-46.73897
15870.,-4.28831,-4.860076,-4.576255,-3.347102,15.38122,-34.11059,-47.07513
15880.,-4.297454,-4.873211,-4.56685,-3.368307,15.55125,-34.03217,-47.41244
15890.,-4.306128,-4.885461,-4.556053,-3.389017,15.71968,-33.95207,-47.75089
15900.,-4.314334,-4.89683,-4.543871,-3.409232,15.88652,-33.8703,-48.09051
15910.,-4.322071,-4.907322,-4.530315,-3.428954,16.05179,-33.78688,-48.43131
15920.,-4.32934,-4.91694,-4.515391,-3.448182,16.2155,-33.70182,-48.77329
15930.,-4.33614,-4.925688,-4.499109,-3.466917,16.37769,-33.61515,-49.11647
15940.,-4.342471,-4.93357,-4.481477,-3.48516,16.53837,-33.52687,-49.46086
15950.,-4.348335,-4.94059,-4.462503,-3.50291,16.69754,-33.437,-49.80648
15960.,-4.35373,-4.94675,-4.442195,-3.520169,16.85525,-33.34555,-50.15333
15970.,-4.358657,-4.952056,-4.420562,-3.536937,17.01149,-33.25254,-50.50143
15980.,-4.363116,-4.95651,-4.397612,-3.553214,17.1663,-33.15798,-50.8508
15990.,-4.367107,-4.960115,-4.373353,-3.569001,17.31968,-33.0619,-51.20144
16000.,-4.370631,-4.962876,-4.347793,-3.584298,17.47166,-32.96429,-51.55338
16010.,-4.373687,-4.964796,-4.32094,-3.599105,17.62225,-32.86518,-51.90661
16020.,-4.376276,-4.965879,-4.292801,-3.613424,17.77147,-32.76458,-52.26116
16030.,-4.378398,-4.966127,-4.263385,-3.627254,17.91934,-32.6625,-52.61705
16040.,-4.380052,-4.965544,-4.2327,-3.640597,18.06588,-32.55896,-52.97428
16050.,-4.38124,-4.964134,-4.200752,-3.653451,18.2111,-32.45397,-53.33287
16060.,-4.381961,-4.9619,-4.167551,-3.665819,18.35501,-32.34755,-53.69284
16070.,-4.382215,-4.958846,-4.133102,-3.6777,18.49765,-32.2397,-54.0542
16080.,-4.382003,-4.954974,-4.097415,-3.689094,18.63902,-32.13045,-54.41696
16090.,-4.38132,-4.950292,-4.06052,-3.700002,18.77913,-32.01981,-54.76009
16100.,-4.379969,-4.944992,-4.023462,-3.710356,18.91787,-31.90763,-54.20809
16110.,-4.377952,-4.939076,-3.986241,-3.720095,19.05525,-31.79394,-53.65975
16120.,-4.375275,-4.932548,-3.948854,-3.729222,19.19129,-31.67876,-53.11501
16130.,-4.37194,-4.925411,-3.911302,-3.737739,19.326,-31.56211,-52.57381
16140.,-4.367951,-4.917666,-3.873582,-3.745649,19.45941,-31.44399,-52.03609
16150.,-4.363311,-4.909318,-3.835695,-3.752957,19.59151,-31.32442,-51.5018
16160.,-4.358024,-4.900369,-3.797639,-3.759663,19.72234,-31.20343,-50.97088
16170.,-4.352092,-4.890821,-3.759413,-3.765772,19.85191,-31.08102,-50.4433
16180.,-4.34552,-4.880678,-3.721016,-3.771286,19.98023,-30.95721,-49.91898
16190.,-4.33831,-4.869943,-3.682448,-3.776209,20.10732,-30.83202,-49.3979
16200.,-4.330466,-4.858618,-3.643707,-3.780542,20.23319,-30.70546,-48.87999
16210.,-4.321991,-4.846706,-3.604793,-3.784289,20.35786,-30.57755,-48.36521
16220.,-4.312888,-4.834209,-3.565704,-3.787452,20.48135,-30.4483,-47.85351
16230.,-4.30316,-4.821131,-3.52644,-3.790035,20.60366,-30.31774,-47.34486
16240.,-4.292811,-4.807474,-3.487,-3.792039,20.72482,-30.18586,-46.8392
16250.,-4.281844,-4.793241,-3.447384,-3.793469,20.84484,-30.0527,-46.3365
16260.,-4.270262,-4.778433,-3.407589,-3.794325,20.96373,-29.91826,-45.83671
16270.,-4.258067,-4.763055,-3.367616,-3.794611,21.08151,-29.78255,-45.33979
16280.,-4.245263,-4.747108,-3.327464,-3.79433,21.19819,-29.6456,-44.8457
16290.,-4.231853,-4.730595,-3.287131,-3.793483,21.31379,-29.50742,-44.35441
16300.,-4.21784,-4.713519,-3.246617,-3.792075,21.42832,-29.36802,-43.86586
16310.,-4.203227,-4.695882,-3.205921,-3.790106,21.54179,-29.22741,-43.38004
16320.,-4.188016,-4.677686,-3.165043,-3.787581,21.65422,-29.08562,-42.89689
16330.,-4.172211,-4.658934,-3.123981,-3.7845,21.76563,-28.94265,-42.41639
16340.,-4.155815,-4.639629,-3.082735,-3.780867,21.87601,-28.79852,-41.9385
16350.,-4.13883,-4.619773,-3.041304,-3.776684,21.9854,-28.65325,-41.46318
16360.,-4.121259,-4.599368,-2.999687,-3.771953,22.0938,-28.50684,-40.9904
16370.,-4.103105,-4.578417,-2.957884,-3.766677,22.20123,-28.35931,-40.52013
16380.,-4.084371,-4.556922,-2.915893,-3.760858,22.30769,-28.21068,-40.05234
16390.,-4.06506,-4.534885,-2.873714,-3.754499,22.41321,-28.06096,-39.58699
16400.,-4.045174,-4.512309,-2.831347,-3.747601,22.51779,-27.91015,-39.12405
16410.,-4.024715,-4.489195,-2.78879,-3.740168,22.62144,-27.75829,-38.66349
16420.,-4.003688,-4.465548,-2.746043,-3.7322,22.72419,-27.60537,-38.20529
16430.,-3.982093,-4.441367,-2.703104,-3.723702,22.82604,-27.45141,-37.74941
16440.,-3.959935,-4.416657,-2.659974,-3.714674,22.92701,-27.29643,-37.29582
16450.,-3.937214,-4.391418,-2.616652,-3.705119,23.0271,-27.14044,-36.84451
16460.,-3.913935,-4.365654,-2.573137,-3.695039,23.12633,-26.98345,-36.39543
16470.,-3.8901,-4.339366,-2.529428,-3.684437,23.22471,-26.82548,-35.94856
16480.,-3.865711,-4.312557,-2.485524,-3.673313,23.32226,-26.66653,-35.50388
16490.,-3.84077,-4.285228,-2.441425,-3.661672,23.41898,-26.50662,-35.06135
16500.,-3.81528,-4.257383,-2.39713,-3.649513,23.51489,-26.34577,-34.62096
16510.,-3.789244,-4.229022,-2.352639,-3.636841,23.60999,-26.18398,-34.18268
16520.,-3.762664,-4.200148,-2.30795,-3.623656,23.70431,-26.02126,-33.74649
16530.,-3.735543,-4.170763,-2.263064,-3.609961,23.79784,-25.85764,-33.31235
16540.,-3.707882,-4.140869,-2.217979,-3.595757,23.89061,-25.69313,-32.88025
16550.,-3.679684,-4.110469,-2.172695,-3.581047,23.98263,-25.52772,-32.45016
16560.,-3.650952,-4.079563,-2.127211,-3.565832,24.0739,-25.36145,-32.02206
16570.,-3.621797,-4.04825,-2.081986,-3.550059,24.16453,-25.19509,-31.01123
16580.,-3.592265,-4.016571,-2.037201,-3.533649,24.25459,-25.02897,-29.78323
16590.,-3.562359,-3.984527,-1.992851,-3.516586,24.34407,-24.86308,-28.57317
16600.,-3.532083,-3.952123,-1.948931,-3.498875,24.43297,-24.69743,-27.38045
16610.,-3.50144,-3.91936,-1.905438,-3.480521,24.52132,-24.53202,-26.20447
16620.,-3.470431,-3.886242,-1.862365,-3.46153,24.60911,-24.36684,-25.04471
16630.,-3.439061,-3.852771,-1.81971,-3.441907,24.69635,-24.2019,-23.90064
16640.,-3.407332,-3.818951,-1.777467,-3.421657,24.78305,-24.0372,-22.77178
16650.,-3.375246,-3.784784,-1.735633,-3.400785,24.86921,-23.87274,-21.65765
16660.,-3.342808,-3.750272,-1.694202,-3.379296,24.95484,-23.70852,-20.55781
16670.,-3.310019,-3.715419,-1.653171,-3.357196,25.03995,-23.54454,-19.47183
16680.,-3.276883,-3.680227,-1.612536,-3.33449,25.12455,-23.3808,-18.39931
16690.,-3.243402,-3.644699,-1.572291,-3.311181,25.20863,-23.21729,-17.33986
16700.,-3.209579,-3.608837,-1.532434,-3.287277,25.2922,-23.05403,-16.29312
16710.,-3.175417,-3.572644,-1.49296,-3.26278,25.37528,-22.89101,-15.25872
16720.,-3.140919,-3.536122,-1.453865,-3.237697,25.45786,-22.72824,-14.23634
16730.,-3.106087,-3.499275,-1.415144,-3.212032,25.53996,-22.5657,-13.22564
16740.,-3.070923,-3.462105,-1.376794,-3.18579,25.62158,-22.40341,-12.22632
16750.,-3.035431,-3.424614,-1.33881,-3.158976,25.70272,-22.24136,-11.23808
16760.,-2.999613,-3.386805,-1.30119,-3.131594,25.78339,-22.07955,-10.26063
16770.,-2.963472,-3.34868,-1.263928,-3.103649,25.8636,-21.91798,-9.293709
16780.,-2.92701,-3.310242,-1.227021,-3.075145,25.94335,-21.75666,-8.33704
16790.,-2.890231,-3.271493,-1.190465,-3.046088,26.02265,-21.59559,-7.390375
16800.,-2.853135,-3.232435,-1.154256,-3.016481,26.1015,-21.43475,-6.453471
16810.,-2.815727,-3.193072,-1.118391,-2.98633,26.17991,-21.27416,-5.526094
16820.,-2.778008,-3.153406,-1.082865,-2.955639,26.25789,-21.11382,-4.608018
16830.,-2.739981,-3.113438,-1.047675,-2.924412,26.33543,-20.95372,-3.699027
16840.,-2.701648,-3.073171,-1.012817,-2.892654,26.41255,-20.79387,-2.798911
16850.,-2.663013,-3.032609,-0.9782876,-2.860368,26.48925,-20.63426,-1.907468
16860.,-2.624076,-2.991752,-0.9440831,-2.827561,26.56554,-20.47489,-1.024505
16870.,-2.584841,-2.950603,-0.9101997,-2.794234,26.64142,-20.31577,-0.1498335
16880.,-2.545311,-2.909165,-0.8766339,-2.760394,26.71689,-20.1569,0.7167281
16890.,-2.505486,-2.867439,-0.8433822,-2.726044,26.79196,-19.99827,1.575355
16900.,-2.465371,-2.825429,-0.810441,-2.691189,26.86664,-19.83989,2.426215
16910.,-2.424966,-2.783135,-0.7778069,-2.655832,26.94093,-19.68175,3.269474
16920.,-2.384275,-2.740562,-0.7454763,-2.619978,27.01483,-19.52386,4.105288
16930.,-2.3433,-2.69771,-0.7134458,-2.58363,27.08836,-19.36621,4.933811
16940.,-2.302042,-2.654581,-0.681712,-2.546794,27.16151,-19.20881,5.755192
16950.,-2.260505,-2.611179,-0.6502716,-2.509472,27.23429,-19.05166,6.569573
16960.,-2.21869,-2.567505,-0.6191211,-2.471669,27.30671,-18.89475,7.377094
16970.,-2.176599,-2.523561,-0.5882574,-2.433389,27.37876,-18.73808,8.177889
16980.,-2.134236,-2.47935,-0.5576769,-2.394636,27.45046,-18.58167,8.972089
16990.,-2.091601,-2.434873,-0.5273766,-2.355414,27.52181,-18.42549,9.75982
17000.,-2.048698,-2.390133,-0.4973532,-2.315726,27.59281,-18.26957,10.54121
17010.,-2.005527,-2.345131,-0.4676033,-2.275576,27.66347,-18.11389,11.31636
17020.,-1.962092,-2.29987,-0.438124,-2.234969,27.73379,-17.95845,12.08541
17030.,-1.918395,-2.254351,-0.408912,-2.193908,27.80377,-17.80326,12.84846
17040.,-1.874513,-2.208657,-0.3799672,-2.152397,27.87344,-17.64933,13.60689
17050.,-1.83056,-2.162906,-0.3512926,-2.110443,27.94278,-17.49814,14.36134
17060.,-1.786541,-2.117101,-0.3228889,-2.068051,28.01181,-17.34966,15.11006
17070.,-1.742459,-2.071247,-0.2947566,-2.02523,28.08053,-17.20385,15.85315
17080.,-1.698318,-2.025348,-0.2668963,-1.981987,28.14893,-17.0607,16.59071
17090.,-1.654122,-1.979407,-0.2393086,-1.938329,28.21702,-16.92016,17.32283
17100.,-1.609875,-1.933428,-0.2119942,-1.894263,28.28479,-16.78221,18.0496
17110.,-1.565581,-1.887414,-0.1849536,-1.849797,28.35225,-16.64681,18.77112
17120.,-1.521244,-1.84137,-0.1581874,-1.804937,28.4194,-16.51395,19.48747
17130.,-1.476867,-1.795299,-0.1316962,-1.759691,28.48624,-16.3836,20.19873
17140.,-1.432455,-1.749204,-0.1054806,-1.714065,28.55276,-16.25571,20.905
17150.,-1.38801,-1.70309,-0.07954102,-1.668066,28.61898,-16.13027,21.60634
17160.,-1.343536,-1.656959,-0.05387812,-1.621702,28.68488,-16.00725,22.30285
17170.,-1.299038,-1.610816,-0.02849242,-1.574978,28.75047,-15.88662,22.99459
17180.,-1.254518,-1.564663,-0.003384442,-1.527901,28.81575,-15.76835,23.68163
17190.,-1.209981,-1.518504,0.02144528,-1.480479,28.88072,-15.65242,24.36407
17200.,-1.165429,-1.472343,0.04599622,-1.432718,28.94538,-15.53879,25.04195
17210.,-1.120867,-1.426182,0.07026789,-1.384624,29.00973,-15.42745,25.71536
17220.,-1.076297,-1.380026,0.09425979,-1.336203,29.07378,-15.31836,26.38436
17230.,-1.031723,-1.333877,0.1179714,-1.287463,29.13751,-15.2115,27.04902
17240.,-0.987149,-1.287739,0.1414023,-1.238409,29.20094,-15.10685,27.7094
17250.,-0.9425777,-1.241615,0.164552,-1.189048,29.26406,-15.00437,28.36556
17260.,-0.8980126,-1.195508,0.18742,-1.139386,29.32688,-14.90404,29.01757
17270.,-0.8534568,-1.149421,0.2100059,-1.089429,29.38939,-14.80584,29.66549
17280.,-0.8089137,-1.103358,0.2323093,-1.039184,29.45159,-14.70974,30.30937
17290.,-0.7643865,-1.057321,0.2543296,-0.9886559,29.51348,-14.61572,30.94928
17300.,-0.7198782,-1.011314,0.2760666,-0.9378512,29.57508,-14.52375,31.58526
17310.,-0.6753921,-0.9653392,0.2975198,-0.8867759,29.63636,-14.43381,32.21738
17320.,-0.6309313,-0.9194003,0.3186887,-0.8354359,29.69735,-14.34588,32.84568
17330.,-0.5864987,-0.8735,0.3395731,-0.783837,29.75803,-14.25992,33.47023
17340.,-0.5420975,-0.8276411,0.3601725,-0.731985,29.8184,-14.17592,34.09106
17350.,-0.4977307,-0.7818267,0.3804866,-0.6798856,29.87848,-14.09386,34.70824
17360.,-0.4534011,-0.7360595,0.400515,-0.6275445,29.93825,-14.01371,35.32181
17370.,-0.4091117,-0.6903423,0.4202573,-0.5749673,29.99772,-13.93544,35.93182
17380.,-0.3648654,-0.644678,0.4397133,-0.5221596,30.05689,-13.85904,36.53831
17390.,-0.3206651,-0.5990693,0.4588826,-0.4691269,30.11576,-13.78448,37.14133
17400.,-0.2765136,-0.553519,0.4777649,-0.4158747,30.17433,-13.71175,37.74093
17410.,-0.2324137,-0.5080297,0.4963599,-0.3624084,30.2326,-13.64081,38.33716
17420.,-0.1883681,-0.462604,0.5146674,-0.3087332,30.29057,-13.57165,38.93004
17430.,-0.1443795,-0.4172447,0.5326869,-0.2548547,30.34824,-13.50425,39.51964
17440.,-0.1004507,-0.3719544,0.5504183,-0.2007779,30.40561,-13.43858,40.10598
17450.,-0.05658431,-0.3267355,0.5678613,-0.146508,30.46269,-13.37463,40.68911
17460.,-0.01278293,-0.2815906,0.5850157,-0.09205035,30.51947,-13.31237,41.26908
17470.,0.03095084,-0.2365223,0.6018811,-0.03740988,30.57596,-13.25179,41.84591
17480.,0.07461443,-0.1915329,0.6184575,0.01740834,30.63214,-13.19286,42.41964
17490.,0.1182053,-0.146625,0.6347445,0.0723993,30.68804,-13.13556,42.99032
17500.,0.161721,-0.1018009,0.650742,0.1275581,30.74364,-13.07988,43.55799
17510.,0.2051437,-0.05707817,0.6664878,0.1828664,30.79895,-13.0259,44.06278
17520.,0.2483306,-0.01259826,0.6823294,0.2381836,30.85412,-12.97469,44.01795
17530.,0.2912794,0.03163654,0.6982613,0.2933827,30.90914,-12.92621,43.97308
17540.,0.3339876,0.07562386,0.714278,0.3484601,30.964,-12.88042,43.92817
17550.,0.3764528,0.1193614,0.730374,0.4034119,31.0187,-12.8373,43.88322
17560.,0.4186728,0.1628468,0.7465441,0.4582346,31.07325,-12.7968,43.83821
17570.,0.4606451,0.2060779,0.762783,0.5129246,31.12762,-12.75889,43.79316
17580.,0.5023676,0.2490524,0.7790853,0.5674783,31.18183,-12.72355,43.74807
17590.,0.5438381,0.2917682,0.7954459,0.6218921,31.23588,-12.69074,43.70292
17600.,0.5850542,0.3342231,0.8118597,0.6761627,31.28975,-12.66043,43.65773
17610.,0.6260139,0.3764149,0.8283216,0.7302867,31.34345,-12.63259,43.61248
17620.,0.6667151,0.4183417,0.8448267,0.7842605,31.39697,-12.60718,43.56718
17630.,0.7071556,0.4600013,0.86137,0.8380811,31.45031,-12.58418,43.52183
17640.,0.7473334,0.5013919,0.8779467,0.8917449,31.50347,-12.56356,43.47642
17650.,0.7872465,0.5425112,0.8945519,0.9452489,31.55645,-12.54529,43.43096
17660.,0.826893,0.5833576,0.9111809,0.9985899,31.60924,-12.52933,43.38544
17670.,0.8662708,0.623929,0.9278289,1.051765,31.66184,-12.51567,43.33987
17680.,0.905378,0.6642235,0.9444915,1.10477,31.71425,-12.50427,43.29423
17690.,0.9442128,0.7042394,0.9611638,1.157603,31.76647,-12.49509,43.24854
17700.,0.9827733,0.7439748,0.9778416,1.210261,31.8185,-12.48813,43.20279
17710.,1.021058,0.783428,0.9945202,1.26274,31.87033,-12.48334,43.15697
17720.,1.059064,0.8225972,1.011195,1.315038,31.92196,-12.48071,43.1111
17730.,1.096791,0.8614807,1.027862,1.367152,31.97339,-12.4802,43.06516
17740.,1.134237,0.9000768,1.044517,1.419079,32.02462,-12.48179,43.01915
17750.,1.171399,0.938384,1.061156,1.470817,32.07564,-12.48546,42.97308
17760.,1.208277,0.9764005,1.077774,1.522361,32.12646,-12.49117,42.92695
17770.,1.244869,1.014125,1.094367,1.573711,32.17707,-12.4989,42.88075
17780.,1.281172,1.051555,1.110932,1.624862,32.22747,-12.50863,42.83448
17790.,1.317187,1.088691,1.127463,1.675814,32.27766,-12.52034,42.78814
17800.,1.35291,1.125529,1.143958,1.726562,32.32763,-12.534,42.74173
17810.,1.388341,1.16207,1.160412,1.777104,32.3774,-12.54958,42.69525
17820.,1.423477,1.19831,1.176821,1.827438,32.42694,-12.56707,42.6487
17830.,1.458319,1.23425,1.193182,1.877562,32.47627,-12.58643,42.60208
17840.,1.492864,1.269887,1.20949,1.927472,32.52538,-12.60765,42.55538
17850.,1.52711,1.305221,1.225743,1.977167,32.57426,-12.63071,42.50861
17860.,1.561057,1.340249,1.241936,2.026645,32.62293,-12.65558,42.46176
17870.,1.594704,1.374972,1.258065,2.075902,32.67137,-12.68224,42.41484
17880.,1.628048,1.409386,1.274128,2.124937,32.71958,-12.71067,42.36784
17890.,1.661089,1.443492,1.290121,2.173747,32.76757,-12.74085,42.32077
17900.,1.693825,1.477288,1.306039,2.22233,32.81533,-12.77276,42.27361
17910.,1.726255,1.510773,1.32188,2.270685,32.86287,-12.80638,42.22638
17920.,1.758379,1.543945,1.337641,2.318808,32.91017,-12.84168,42.17907
17930.,1.790194,1.576804,1.353318,2.366698,32.95724,-12.87865,42.13167
17940.,1.8217,1.609349,1.368907,2.414353,33.00408,-12.91727,42.0842
17950.,1.852895,1.641578,1.384406,2.461771,33.05068,-12.95752,42.03664
17960.,1.88378,1.67349,1.399811,2.508949,33.09705,-12.99938,41.989
17970.,1.914351,1.705085,1.415119,2.555886,33.14318,-13.04283,41.94127
17980.,1.944609,1.736361,1.430327,2.60258,33.18908,-13.08785,41.89346
17990.,1.974415,1.767473,1.445676,2.648847,33.23462,-13.13424,41.00079
18000.,2.00373,1.798462,1.461226,2.694453,33.27979,-13.18193,39.87304
18010.,2.032557,1.829323,1.476969,2.739352,33.32457,-13.2309,38.73277
18020.,2.060896,1.860053,1.4929,2.783548,33.36898,-13.28115,37.57964
18030.,2.088748,1.890651,1.509013,2.827042,33.41301,-13.33265,36.41333
18040.,2.116112,1.921112,1.525302,2.869836,33.45666,-13.3854,35.23347
18050.,2.14299,1.951434,1.541761,2.911934,33.49993,-13.43938,34.03971
18060.,2.169382,1.981614,1.558384,2.953338,33.54283,-13.49458,32.83165
18070.,2.19529,2.011649,1.575165,2.99405,33.58536,-13.55098,31.60889
18080.,2.220712,2.041537,1.592099,3.034072,33.62751,-13.60858,30.37103
18090.,2.245651,2.071275,1.609179,3.073408,33.66928,-13.66737,29.1176
18100.,2.270107,2.100859,1.626401,3.112058,33.71069,-13.72732,27.84817
18110.,2.29408,2.130288,1.643758,3.150027,33.75172,-13.78843,26.56225
18120.,2.317571,2.159559,1.661246,3.187316,33.79238,-13.85069,25.25933
18130.,2.340581,2.188669,1.678858,3.223927,33.83267,-13.91408,23.93889
18140.,2.36311,2.217616,1.69659,3.259864,33.87259,-13.97859,22.60037
18150.,2.385159,2.246397,1.714436,3.295128,33.91214,-14.04422,21.2432
18160.,2.40673,2.27501,1.73239,3.329722,33.95132,-14.11095,19.86675
18170.,2.427821,2.303451,1.750449,3.363648,33.99014,-14.17877,18.47039
18180.,2.448435,2.33172,1.768606,3.396908,34.02859,-14.24767,17.05344
18190.,2.468572,2.359814,1.786857,3.429506,34.06667,-14.31763,15.61518
18200.,2.488232,2.387729,1.805196,3.461443,34.10439,-14.38866,14.15485
18210.,2.507416,2.415464,1.823618,3.492721,34.14174,-14.46074,12.67165
18220.,2.526126,2.443017,1.84212,3.523344,34.17873,-14.53386,11.16475
18230.,2.544361,2.470386,1.860695,3.553312,34.21536,-14.60801,9.633233
18240.,2.562122,2.497567,1.87934,3.58263,34.25163,-14.68318,8.076163
18250.,2.579411,2.52456,1.898049,3.611298,34.28754,-14.75935,6.492525
18260.,2.596227,2.551361,1.916818,3.63932,34.32308,-14.83654,4.881246
18270.,2.612572,2.577969,1.935642,3.666697,34.35827,-14.91471,3.241183
18280.,2.628447,2.604382,1.954516,3.693432,34.3931,-14.99387,1.571115
18290.,2.643851,2.630598,1.973437,3.719528,34.42757,-15.074,-0.1302611
18300.,2.658786,2.656614,1.992399,3.744986,34.46168,-15.1551,-1.86434
18310.,2.673253,2.682429,2.011399,3.769808,34.49544,-15.23716,-3.632616
18320.,2.687253,2.70804,2.030432,3.793998,34.52885,-15.32016,-5.436696
18330.,2.700785,2.733447,2.049494,3.817557,34.5619,-15.40411,-7.278305
18340.,2.713851,2.758646,2.06858,3.840487,34.59459,-15.48899,-9.159307
18350.,2.726452,2.783636,2.087686,3.862792,34.62694,-15.5748,-11.08171
18360.,2.738588,2.808416,2.106809,3.884472,34.65893,-15.66152,-13.0477
18370.,2.75026,2.832983,2.125943,3.90553,34.69057,-15.74916,-15.05963
18380.,2.761469,2.857335,2.145086,3.925969,34.72186,-15.83769,-17.12009
18390.,2.772216,2.881472,2.164233,3.94579,34.75281,-15.92713,-19.23186
18400.,2.782502,2.905391,2.18338,3.964997,34.7834,-16.01745,-21.39803
18410.,2.792326,2.92909,2.202523,3.98359,34.81365,-16.10865,-23.62196
18420.,2.801691,2.952567,2.221659,4.001573,34.84355,-16.20072,-25.90736
18430.,2.810596,2.975823,2.240783,4.018947,34.8731,-16.29366,-28.25833
18440.,2.819043,2.998853,2.259893,4.035714,34.90232,-16.38747,-30.67941
18450.,2.827033,3.021658,2.278983,4.051878,34.93118,-16.48212,-33.17567
18460.,2.834838,3.044068,2.298115,4.06754,34.95971,-16.57726,-34.67811
18470.,2.842749,3.065906,2.317356,4.082913,34.98789,-16.67246,-35.0496
18480.,2.850765,3.087176,2.336701,4.098107,35.01573,-16.76774,-35.42296
18490.,2.858882,3.107881,2.356148,4.11312,35.04324,-16.8631,-35.7982
18500.,2.867098,3.128027,2.375695,4.127955,35.07041,-16.95854,-36.17535
18510.,2.875411,3.147616,2.395339,4.142611,35.09726,-17.05405,-36.55444
18520.,2.883817,3.166653,2.415078,4.157087,35.12377,-17.14966,-36.93548
18530.,2.892315,3.185143,2.434909,4.171385,35.14997,-17.24534,-37.31849
18540.,2.900902,3.203087,2.454829,4.185504,35.17584,-17.34112,-37.7035
18550.,2.909576,3.220492,2.474837,4.199444,35.20139,-17.43698,-38.09054
18560.,2.918334,3.23736,2.494929,4.213207,35.22663,-17.53293,-38.47962
18570.,2.927173,3.253696,2.515103,4.226791,35.25156,-17.62897,-38.87077
18580.,2.936093,3.269502,2.535357,4.240198,35.27618,-17.72511,-39.26402
18590.,2.945089,3.284784,2.555688,4.253426,35.30048,-17.82134,-39.65938
18600.,2.954161,3.299544,2.576094,4.266478,35.32449,-17.91767,-40.0569
18610.,2.963305,3.313786,2.596573,4.279352,35.34819,-18.0141,-40.45658
18620.,2.972519,3.327514,2.617123,4.292049,35.3716,-18.11063,-40.85846
18630.,2.981802,3.340732,2.63774,4.304569,35.3947,-18.20727,-41.26257
18640.,2.991151,3.353443,2.658424,4.316912,35.41752,-18.304,-41.66893
18650.,3.000564,3.36565,2.679171,4.329079,35.44004,-18.40084,-42.07757
18660.,3.010039,3.377358,2.699979,4.34107,35.46227,-18.49779,-42.48852
18670.,3.019573,3.388569,2.720847,4.352885,35.48422,-18.59485,-42.90181
18680.,3.029165,3.399288,2.741772,4.364523,35.50588,-18.69201,-43.31747
18690.,3.038812,3.409517,2.762752,4.375986,35.52726,-18.78929,-43.73553
18700.,3.048513,3.41926,2.783785,4.387274,35.54836,-18.88668,-44.15602
18710.,3.058264,3.428521,2.804869,4.398386,35.56918,-18.98419,-44.57897
18720.,3.068066,3.437302,2.826002,4.409323,35.58973,-19.08181,-45.00442
18730.,3.077915,3.445607,2.847181,4.420086,35.61001,-19.17954,-45.43239
18740.,3.087809,3.45344,2.868405,4.430673,35.63001,-19.2774,-45.86293
18750.,3.097747,3.460803,2.889671,4.441087,35.64975,-19.37538,-46.29606
18760.,3.107726,3.4677,2.910979,4.451326,35.66922,-19.47348,-46.73183
18770.,3.117745,3.474134,2.932325,4.461391,35.68843,-19.5717,-47.17026
18780.,3.127801,3.480108,2.953708,4.471282,35.70738,-19.67004,-47.6114
18790.,3.137894,3.485625,2.975125,4.481,35.72606,-19.76851,-48.05528
18800.,3.148021,3.490689,2.996576,4.490544,35.74449,-19.86711,-48.50195
18810.,3.157604,3.495259,3.01731,4.499497,35.37021,-19.96558,-48.49591
18820.,3.166208,3.498918,3.036858,4.50745,35.00035,-20.06471,-48.48012
18830.,3.17385,3.501681,3.055238,4.514418,34.63483,-20.1645,-48.46513
18840.,3.180544,3.503561,3.072467,4.520419,34.27358,-20.26494,-48.45093
18850.,3.186305,3.504573,3.088563,4.525467,33.91654,-20.36601,-48.4375
18860.,3.191148,3.50473,3.103541,4.529578,33.56362,-20.46769,-48.42483
18870.,3.195086,3.504045,3.117417,4.532765,33.21476,-20.56999,-48.41291
18880.,3.198133,3.502532,3.130208,4.535044,32.8699,-20.67289,-48.40172
18890.,3.200303,3.500202,3.141928,4.536428,32.52897,-20.77637,-48.39126
18900.,3.20161,3.497069,3.152595,4.536931,32.19191,-20.88043,-48.38151
18910.,3.202066,3.493145,3.162221,4.536567,31.85864,-20.98505,-48.37247
18920.,3.201684,3.488442,3.170823,4.53535,31.52912,-21.09024,-48.36411
18930.,3.200477,3.482971,3.178414,4.533292,31.20328,-21.19588,-48.34363
18940.,3.198455,3.476742,3.185007,4.530414,30.88105,-21.30156,-48.26304
18950.,3.195633,3.469769,3.190616,4.526733,30.56238,-21.40726,-48.18319
18960.,3.192022,3.462062,3.195256,4.522262,30.24721,-21.51299,-48.10406
18970.,3.187634,3.453634,3.198941,4.517014,29.93548,-21.61875,-48.02564
18980.,3.182482,3.444494,3.201686,4.511,29.62715,-21.72453,-47.94791
18990.,3.176578,3.434656,3.203502,4.504233,29.32216,-21.83033,-47.87087
19000.,3.169932,3.424128,3.204405,4.496725,29.02045,-21.93615,-47.7945
19010.,3.162557,3.412922,3.204406,4.488487,28.72198,-22.04197,-47.7188
19020.,3.154463,3.401048,3.20352,4.479531,28.42669,-22.14782,-47.64374
19030.,3.145661,3.388517,3.201758,4.469869,28.13454,-22.25367,-47.56932
19040.,3.136163,3.375339,3.199133,4.45951,27.84549,-22.35953,-47.49553
19050.,3.125978,3.361523,3.195658,4.448466,27.55947,-22.46539,-47.42236
19060.,3.115118,3.34708,3.191345,4.436747,27.27645,-22.57126,-47.34979
19070.,3.103591,3.332018,3.186205,4.424364,26.99638,-22.67713,-47.27783
19080.,3.091409,3.316347,3.18025,4.411328,26.71921,-22.78301,-47.20644
19090.,3.078582,3.300077,3.173492,4.397647,26.44491,-22.88888,-47.13564
19100.,3.065118,3.283216,3.165942,4.383332,26.17343,-22.99475,-47.0654
19110.,3.051027,3.265773,3.15761,4.368394,25.90472,-23.10062,-46.99572
19120.,3.036318,3.247757,3.148509,4.35284,25.63875,-23.20648,-46.92659
19130.,3.021002,3.229176,3.138649,4.336681,25.37547,-23.31234,-46.858
19140.,3.005086,3.210039,3.12804,4.319925,25.11485,-23.41819,-46.78994
19150.,2.98858,3.190355,3.116693,4.302583,24.85685,-23.52404,-46.72241
19160.,2.971492,3.17013,3.104618,4.284662,24.60142,-23.62987,-46.65538
19170.,2.953831,3.149374,3.091825,4.266171,24.34853,-23.7357,-46.58886
19180.,2.935605,3.128094,3.078324,4.247119,24.09815,-23.84151,-46.52284
19190.,2.916823,3.106298,3.064125,4.227515,23.85023,-23.94732,-46.45731
19200.,2.897492,3.083992,3.049237,4.207366,23.60475,-24.05311,-46.39225
19210.,2.877621,3.061186,3.03367,4.186681,23.36165,-24.15889,-46.32767
19220.,2.857217,3.037885,3.017434,4.165468,23.12092,-24.26465,-46.26356
19230.,2.836288,3.014098,3.000536,4.143734,22.88252,-24.37041,-46.1999
19240.,2.814842,2.989831,2.982987,4.121487,22.64641,-24.47615,-46.13669
19250.,2.792886,2.965092,2.964795,4.098735,22.41256,-24.58187,-46.07392
19260.,2.770428,2.939886,2.945969,4.075486,22.18094,-24.68758,-46.01159
19270.,2.747475,2.914221,2.926518,4.051746,21.95152,-24.79328,-45.94969
19280.,2.724033,2.888104,2.90645,4.027523,21.72426,-24.89896,-45.88821
19290.,2.70011,2.86154,2.885772,4.002824,21.49914,-25.00462,-45.82714
19300.,2.675713,2.834537,2.864495,3.977656,21.27613,-25.11027,-45.76648
19310.,2.650848,2.8071,2.842625,3.952025,21.05519,-25.2159,-45.70623
19320.,2.625522,2.779236,2.820171,3.92594,20.83629,-25.32152,-45.64636
19330.,2.599742,2.750951,2.79714,3.899405,20.61942,-25.42712,-45.58689
19340.,2.573514,2.722251,2.77354,3.872428,20.40454,-25.5327,-45.5278
19350.,2.546845,2.693141,2.749378,3.845015,20.19161,-25.63827,-45.46909
19360.,2.51974,2.663628,2.724663,3.817173,19.98063,-25.74382,-45.41074
19370.,2.492205,2.633717,2.699402,3.788907,19.77155,-25.84935,-45.35276
19380.,2.464248,2.603414,2.673601,3.760224,19.56436,-25.95487,-45.29514
19390.,2.435873,2.572724,2.647269,3.731129,19.35902,-26.06037,-45.23787
19400.,2.407087,2.541653,2.620411,3.70163,19.15551,-26.16586,-45.18095
19410.,2.377895,2.510207,2.593035,3.671738,18.95377,-26.27084,-45.03262
19420.,2.348304,2.478392,2.56515,3.64147,18.75377,-26.37524,-44.87068
19430.,2.318321,2.446214,2.536761,3.610833,18.55549,-26.47907,-44.70937
19440.,2.287951,2.413679,2.507876,3.579831,18.3589,-26.58234,-44.54866
19450.,2.2572,2.380792,2.478502,3.548473,18.16399,-26.68505,-44.38855
19460.,2.226074,2.347558,2.448647,3.516762,17.97072,-26.78721,-44.22904
19470.,2.194579,2.313984,2.418316,3.484705,17.77908,-26.88882,-44.07011
19480.,2.16272,2.280074,2.387518,3.452307,17.58904,-26.98989,-43.91176
19490.,2.130504,2.245833,2.356258,3.419574,17.40059,-27.09043,-43.75399
19500.,2.097935,2.211268,2.324543,3.386511,17.21371,-27.19045,-43.59677
19510.,2.065019,2.176382,2.29238,3.353124,17.02837,-27.28994,-43.44011
19520.,2.031761,2.14118,2.259775,3.319417,16.84455,-27.38891,-43.284
19530.,1.998168,2.105669,2.226735,3.285397,16.66224,-27.48737,-43.12844
19540.,1.964243,2.069852,2.193265,3.251067,16.48141,-27.58533,-42.9734
19550.,1.929992,2.033734,2.159371,3.216433,16.30205,-27.68279,-42.8189
19560.,1.89542,1.99732,2.125061,3.1815,16.12414,-27.77976,-42.66492
19570.,1.860531,1.960615,2.090339,3.146273,15.94766,-27.87624,-42.51145
19580.,1.825332,1.923623,2.055212,3.110756,15.77258,-27.97223,-42.35849
19590.,1.789826,1.886349,2.019684,3.074954,15.5989,-28.06775,-42.20603
19600.,1.754019,1.848796,1.983763,3.038873,15.4266,-28.16279,-42.05407
19610.,1.717914,1.81097,1.947454,3.002515,15.25565,-28.25737,-41.9026
19620.,1.681518,1.772875,1.910761,2.965886,15.08604,-28.35148,-41.75161
19630.,1.644833,1.734514,1.873692,2.928991,14.91776,-28.44514,-41.60111
19640.,1.607864,1.695892,1.83625,2.891833,14.75078,-28.53834,-41.45107
19650.,1.570617,1.657014,1.798441,2.854417,14.5851,-28.6311,-41.3015
19660.,1.533095,1.617882,1.760271,2.816746,14.42069,-28.72341,-41.15239
19670.,1.495302,1.578501,1.721744,2.778826,14.25753,-28.81529,-41.00374
19680.,1.457243,1.538876,1.682866,2.74066,14.09563,-28.90674,-40.85554
19690.,1.418922,1.499009,1.643642,2.702253,13.93494,-28.99775,-40.70778
19700.,1.380343,1.458905,1.604076,2.663607,13.77548,-29.08834,-40.56046
19710.,1.34151,1.418567,1.564173,2.624728,13.61721,-29.17852,-40.41358
19720.,1.302426,1.377999,1.523939,2.585619,13.46012,-29.26828,-40.26713
19730.,1.263096,1.337205,1.483378,2.546283,13.3042,-29.35762,-40.1211
19740.,1.223524,1.296188,1.442494,2.506725,13.14943,-29.44657,-39.97549
19750.,1.183714,1.254952,1.401293,2.466948,12.99581,-29.53511,-39.8303
19760.,1.143668,1.2135,1.359778,2.426955,12.84331,-29.62325,-39.68551
19770.,1.103391,1.171835,1.317954,2.386751,12.69192,-29.71101,-39.54113
19780.,1.062886,1.129961,1.275826,2.346339,12.54163,-29.79837,-39.39716
19790.,1.022158,1.087882,1.233397,2.305722,12.39243,-29.88535,-39.25358
19800.,0.9812084,1.0456,1.190673,2.264903,12.2443,-29.97195,-39.11039
19810.,0.9400421,1.00312,1.147657,2.223887,12.09723,-30.05817,-38.96758
19820.,0.8986621,0.9604425,1.104354,2.182676,11.95121,-30.14402,-38.82517
19830.,0.8570719,0.9175726,1.060767,2.141273,11.80623,-30.2295,-38.68313
19840.,0.8152746,0.8745128,1.016901,2.099682,11.66226,-30.31462,-38.54146
19850.,0.7732736,0.8312662,0.9727593,2.057906,11.5193,-30.39937,-38.40017
19860.,0.731072,0.7878358,0.9283462,2.015948,11.37735,-30.48378,-38.25924
19870.,0.6886732,0.7442246,0.8836656,1.973811,11.23638,-30.56782,-38.11868
19880.,0.6460793,0.7004354,0.8387329,1.931501,11.09633,-30.6515,-37.94975
19890.,0.6032929,0.6564711,0.7935613,1.889026,10.95717,-30.7348,-37.75855
19900.,0.5603168,0.6123345,0.7481541,1.846389,10.81887,-30.81771,-37.56791
19910.,0.5171541,0.5680283,0.7025147,1.803594,10.68144,-30.90026,-37.37783
19920.,0.4738077,0.5235552,0.6566465,1.760644,10.54485,-30.98243,-37.1883
19930.,0.4302804,0.4789179,0.6105528,1.717541,10.4091,-31.06424,-36.99931
19940.,0.3865751,0.4341189,0.5642368,1.674287,10.27418,-31.14568,-36.81087
19950.,0.3426945,0.3891608,0.5177018,1.630887,10.14007,-31.22677,-36.62296
19960.,0.2986415,0.3440463,0.4709509,1.587341,10.00678,-31.30751,-36.43558
19970.,0.2544186,0.2987777,0.4239873,1.543652,9.874284,-31.38789,-36.24872
19980.,0.2100287,0.2533577,0.376814,1.499824,9.742579,-31.46793,-36.06239
19990.,0.1654743,0.2077885,0.3294341,1.455858,9.611655,-31.54762,-35.87657
20000.,0.120758,0.1620726,0.2818506,1.411757,9.481502,-31.62697,-35.69126
20010.,0.07588238,0.1162124,0.2340664,1.367523,9.352113,-31.70599,-35.50646
20020.,0.03085002,0.0702103,0.1860845,1.323158,9.223477,-31.78468,-35.32216
20030.,-0.01433662,0.02406847,0.1379077,1.278665,9.095586,-31.86303,-35.13836
20040.,-0.05967508,-0.02221075,0.08953887,1.234047,8.968431,-31.94106,-34.95505
20050.,-0.1051629,-0.06862514,0.04098084,1.189304,8.842005,-32.01877,-34.77223
20060.,-0.1507978,-0.1151725,-0.007763641,1.14444,8.716298,-32.09616,-34.5899
20070.,-0.1965773,-0.1618506,-0.05669186,1.099457,8.591303,-32.17324,-34.40804
20080.,-0.2424991,-0.2086573,-0.1058011,1.054357,8.46701,-32.25,-34.22667
20090.,-0.288561,-0.2555905,-0.1550888,1.009141,8.343413,-32.32646,-34.04576
20100.,-0.3347606,-0.3026481,-0.2045522,0.9638125,8.220503,-32.4026,-33.86532
20110.,-0.3810958,-0.3498281,-0.2541889,0.918373,8.098272,-32.47845,-33.68535
20120.,-0.4275642,-0.3971284,-0.3039961,0.8728245,7.976713,-32.554,-33.50583
20130.,-0.4741639,-0.444547,-0.3539716,0.8271691,7.855817,-32.62925,-33.32678
20140.,-0.5208925,-0.4920819,-0.4041127,0.7814088,7.735578,-32.7042,-33.14817
20150.,-0.5677481,-0.5397312,-0.454417,0.7355454,7.615988,-32.77887,-32.97002
20160.,-0.6147285,-0.587493,-0.5048821,0.6895808,7.49704,-32.85325,-32.7923
20170.,-0.6618316,-0.6353653,-0.5555057,0.6435171,7.378726,-32.92734,-32.61503
20180.,-0.7090555,-0.6833463,-0.6062853,0.5973559,7.261039,-33.00116,-32.4382
20190.,-0.7563981,-0.7314341,-0.6572187,0.5510992,7.143972,-33.07469,-32.26181
20200.,-0.8038575,-0.779627,-0.7083036,0.5047487,7.027519,-33.14795,-32.08584
20210.,-0.8514318,-0.8279231,-0.7595377,0.4583062,6.911672,-33.22094,-31.9103
20220.,-0.8991189,-0.8763206,-0.8109189,0.4117735,6.796425,-33.29365,-31.73518
20230.,-0.9469171,-0.9248178,-0.8624448,0.3651524,6.681771,-33.3661,-31.56049
20240.,-0.9948244,-0.973413,-0.9141135,0.3184444,6.567703,-33.43828,-31.38621
20250.,-1.042839,-1.022104,-0.9659226,0.2716513,6.454215,-33.51021,-31.21234
20260.,-1.090959,-1.070891,-1.01787,0.2247748,6.341301,-33.58187,-31.03889
20270.,-1.139183,-1.11977,-1.069954,0.1778165,6.228953,-33.65327,-30.86585
20280.,-1.187509,-1.16874,-1.122172,0.130778,6.117167,-33.72442,-30.6932
20290.,-1.235934,-1.2178,-1.174523,0.08366086,6.005935,-33.79532,-30.52096
20300.,-1.284459,-1.266948,-1.227003,0.03646669,5.895252,-33.86597,-30.34912
20310.,-1.33308,-1.316183,-1.279612,-0.01080297,5.785112,-33.93638,-30.17767
20320.,-1.381796,-1.365502,-1.332348,-0.0581466,5.675508,-34.00653,-30.00662
20330.,-1.430606,-1.414906,-1.385207,-0.1055627,5.566435,-34.07645,-29.83595
20340.,-1.479507,-1.464391,-1.43819,-0.1530498,5.457887,-34.14613,-29.66567
20350.,-1.528499,-1.513956,-1.491283,-0.2006064,5.349845,-34.21543,-29.49734
20360.,-1.577577,-1.563601,-1.544456,-0.2482316,5.242263,-34.28394,-29.33409
20370.,-1.626741,-1.613324,-1.597706,-0.2959237,5.135136,-34.35168,-29.17119
20380.,-1.675987,-1.663122,-1.651033,-0.3436809,5.02846,-34.41865,-29.00863
20390.,-1.725315,-1.712993,-1.704433,-0.3915011,4.922231,-34.48485,-28.84643
20400.,-1.774721,-1.762936,-1.757905,-0.4393827,4.816444,-34.5503,-28.68457
20410.,-1.824205,-1.812948,-1.811447,-0.4873236,4.711095,-34.615,-28.52304
20420.,-1.873763,-1.863028,-1.865057,-0.535322,4.60618,-34.67897,-28.36186
20430.,-1.923395,-1.913174,-1.918733,-0.5833762,4.501695,-34.74219,-28.20101
20440.,-1.973097,-1.963385,-1.972474,-0.6314843,4.397635,-34.8047,-28.0405
20450.,-2.022869,-2.013657,-2.026278,-0.6796446,4.293996,-34.86648,-27.88032
20460.,-2.072709,-2.06399,-2.080143,-0.7278554,4.190776,-34.92755,-27.72046
20470.,-2.122614,-2.114382,-2.134066,-0.7761149,4.087968,-34.98792,-27.56093
20480.,-2.172583,-2.164832,-2.188048,-0.8244214,3.985571,-35.04758,-27.40172
20490.,-2.222614,-2.215336,-2.242085,-0.8727734,3.883579,-35.10656,-27.24284
20500.,-2.272705,-2.265895,-2.296177,-0.921169,3.781989,-35.16485,-27.08427
20510.,-2.322855,-2.316505,-2.350321,-0.9696068,3.680797,-35.22246,-26.92601
20520.,-2.373061,-2.367167,-2.404516,-1.018085,3.58,-35.2794,-26.76807
20530.,-2.423323,-2.417877,-2.45876,-1.066602,3.479594,-35.33568,-26.61044
20540.,-2.473639,-2.468634,-2.513052,-1.115157,3.379574,-35.3913,-26.45312
20550.,-2.524006,-2.519437,-2.567391,-1.163748,3.279939,-35.44626,-26.2961
20560.,-2.574423,-2.570284,-2.621774,-1.212373,3.180684,-35.50057,-26.13939
20570.,-2.624889,-2.621174,-2.6762,-1.26103,3.081805,-35.55425,-25.98298
20580.,-2.675402,-2.672106,-2.730668,-1.309719,2.983299,-35.60729,-25.82687
20590.,-2.725961,-2.723077,-2.785176,-1.358438,2.885163,-35.6597,-25.67105
20600.,-2.776564,-2.774086,-2.839723,-1.407186,2.787393,-35.71148,-25.51553
20610.,-2.827209,-2.825132,-2.894307,-1.45596,2.689987,-35.76265,-25.36031
20620.,-2.877895,-2.876213,-2.948928,-1.504761,2.59294,-35.81321,-25.20537
20630.,-2.92862,-2.927329,-3.003583,-1.553585,2.496249,-35.86316,-25.05072
20640.,-2.979384,-2.978477,-3.058271,-1.602433,2.399912,-35.91252,-24.89636
20650.,-3.030184,-3.029657,-3.11299,-1.651302,2.303925,-35.96127,-24.74229
20660.,-3.08102,-3.080866,-3.167741,-1.700191,2.208285,-36.00944,-24.5885
20670.,-3.131889,-3.132104,-3.22252,-1.7491,2.112989,-36.05702,-24.43499
20680.,-3.18279,-3.183369,-3.277328,-1.798026,2.018034,-36.10402,-24.28175
20690.,-3.233723,-3.23466,-3.332162,-1.846969,1.923416,-36.15045,-24.1288
20700.,-3.284685,-3.285976,-3.387021,-1.895926,1.829133,-36.19631,-23.97612
20710.,-3.335676,-3.337315,-3.441904,-1.944898,1.735182,-36.24161,-23.82371
20720.,-3.386694,-3.388677,-3.49681,-1.993882,1.64156,-36.28635,-23.67157
20730.,-3.437737,-3.440059,-3.551738,-2.042878,1.548264,-36.33054,-23.51971
20740.,-3.488806,-3.491462,-3.606687,-2.091885,1.455292,-36.37417,-23.36811
20750.,-3.539897,-3.542882,-3.661654,-2.1409,1.362639,-36.41727,-23.21677
20760.,-3.59101,-3.594321,-3.71664,-2.189924,1.270304,-36.45982,-23.06571
20770.,-3.642144,-3.645775,-3.771642,-2.238954,1.178285,-36.50184,-22.9149
20780.,-3.693298,-3.697245,-3.826661,-2.28799,1.086577,-36.54333,-22.76435
20790.,-3.74447,-3.748728,-3.881694,-2.337031,0.9951787,-36.5843,-22.61407
20800.,-3.79566,-3.800224,-3.936741,-2.386075,0.9040873,-36.62474,-22.46404
20810.,-3.846865,-3.851732,-3.9918,-2.435122,0.8133001,-36.66467,-22.31427
20820.,-3.898085,-3.903251,-4.04687,-2.484171,0.7228146,-36.70409,-22.16475
20830.,-3.94932,-3.95478,-4.101925,-2.533222,0.6326278,-36.74252,-22.04531
20840.,-4.000569,-4.006318,-4.15696,-2.582279,0.5427376,-36.77994,-21.92787
20850.,-4.051828,-4.057863,-4.211975,-2.63134,0.4531423,-36.81636,-21.8106
20860.,-4.103098,-4.109413,-4.266968,-2.680403,0.3638397,-36.85178,-21.69347
20870.,-4.154375,-4.160968,-4.321939,-2.729467,0.274828,-36.88622,-21.57649
20880.,-4.20566,-4.212525,-4.376884,-2.77853,0.1861052,-36.91968,-21.45966
20890.,-4.256949,-4.264084,-4.431805,-2.827591,0.09766956,-36.95218,-21.34298
20900.,-4.308242,-4.315642,-4.486699,-2.876648,0.009519143,-36.98372,-21.22644
20910.,-4.359537,-4.367198,-4.541564,-2.925699,-0.07834787,-37.01431,-21.11005
20920.,-4.410832,-4.41875,-4.596401,-2.974744,-0.1659333,-37.04396,-20.9938
20930.,-4.462127,-4.470298,-4.651207,-3.02378,-0.2532389,-37.07268,-20.87769
20940.,-4.513419,-4.52184,-4.705982,-3.072806,-0.3402666,-37.10048,-20.76172
20950.,-4.56435,-4.573094,-4.760394,-3.121522,-0.03375196,-37.12737,-20.77553
20960.,-4.614272,-4.623885,-4.813991,-3.169682,0.2699396,-37.15237,-21.2825
20970.,-4.663191,-4.674214,-4.866775,-3.217343,0.5708292,-37.17548,-21.79226
20980.,-4.711113,-4.724081,-4.918751,-3.264508,0.8689375,-37.19672,-22.30487
20990.,-4.758045,-4.773489,-4.969925,-3.311177,1.164286,-37.2161,-22.82036
21000.,-4.803992,-4.822438,-5.020299,-3.357353,1.456894,-37.23366,-23.33878
21010.,-4.848961,-4.87093,-5.069879,-3.403037,1.746784,-37.24939,-23.86016
21020.,-4.892957,-4.918965,-5.118669,-3.448231,2.033977,-37.26332,-24.38456
21030.,-4.935987,-4.966545,-5.166674,-3.492936,2.318492,-37.27546,-24.91201
21040.,-4.978056,-5.013671,-5.213897,-3.537155,2.600351,-37.28583,-25.44256
21050.,-5.019171,-5.060345,-5.260344,-3.580889,2.879575,-37.29444,-25.97627
21060.,-5.059337,-5.106568,-5.306017,-3.624139,3.156185,-37.30131,-26.51317
21070.,-5.09856,-5.152341,-5.350923,-3.666908,3.4302,-37.30646,-27.05332
21080.,-5.136847,-5.197666,-5.395065,-3.709198,3.701642,-37.30991,-27.59676
21090.,-5.174203,-5.242544,-5.438447,-3.75101,3.970532,-37.31165,-28.14356
21100.,-5.210634,-5.286976,-5.481075,-3.792346,4.236889,-37.31172,-28.69375
21110.,-5.246146,-5.330965,-5.522951,-3.833208,4.500735,-37.31013,-29.2474
21120.,-5.280745,-5.374511,-5.564081,-3.873599,4.762091,-37.30688,-29.80457
21130.,-5.314436,-5.417615,-5.604469,-3.913519,5.020975,-37.30201,-30.3653
21140.,-5.347226,-5.46028,-5.644119,-3.95297,5.27741,-37.29551,-30.92966
21150.,-5.379119,-5.502508,-5.683035,-3.991956,5.531415,-37.28741,-31.4977
21160.,-5.410122,-5.544298,-5.721222,-4.030477,5.783011,-37.27772,-32.06949
21170.,-5.440241,-5.585654,-5.758684,-4.068536,6.032218,-37.26646,-32.64509
21180.,-5.46948,-5.626577,-5.795425,-4.106134,6.279055,-37.25363,-33.22457
21190.,-5.497846,-5.667067,-5.831449,-4.143274,6.523545,-37.23926,-33.80798
21200.,-5.525345,-5.707128,-5.866761,-4.179958,6.765705,-37.22335,-34.39541
21210.,-5.551981,-5.74676,-5.901365,-4.216187,7.005557,-37.20593,-34.98691
21220.,-5.577761,-5.785965,-5.935265,-4.251964,7.24312,-37.18699,-35.58257
21230.,-5.60269,-5.824745,-5.968465,-4.28729,7.478415,-37.16657,-36.18245
21240.,-5.626773,-5.863101,-6.000969,-4.322168,7.711461,-37.14467,-36.78662
21250.,-5.650016,-5.901036,-6.032782,-4.3566,7.942277,-37.1213,-37.39518
21260.,-5.672424,-5.93855,-6.063907,-4.390587,8.170884,-37.09649,-38.00819
21270.,-5.694004,-5.975645,-6.094349,-4.424132,8.397302,-37.07023,-38.62574
21280.,-5.714759,-6.012324,-6.124112,-4.457237,8.621549,-37.04255,-39.24791
21290.,-5.734696,-6.048587,-6.1532,-4.489904,8.843645,-37.01346,-39.87479
21300.,-5.754044,-6.084075,-6.181005,-4.522116,9.063608,-36.98251,-40.30514
21310.,-5.772936,-6.118583,-6.20718,-4.553846,9.281456,-36.94944,-40.62056
21320.,-5.791369,-6.152115,-6.231737,-4.585083,9.497213,-36.91427,-40.93693
21330.,-5.809345,-6.184674,-6.254685,-4.615827,9.710898,-36.87702,-41.25427
21340.,-5.826863,-6.216266,-6.276034,-4.64608,9.922535,-36.83771,-41.57258
21350.,-5.843921,-6.246894,-6.295795,-4.67584,10.13214,-36.79636,-41.89187
21360.,-5.860521,-6.276563,-6.313977,-4.705108,10.33975,-36.75298,-42.21215
21370.,-5.876662,-6.305276,-6.330589,-4.733884,10.54536,-36.70759,-42.53344
21380.,-5.892342,-6.333039,-6.345643,-4.762168,10.74902,-36.66021,-42.85572
21390.,-5.907563,-6.359854,-6.359147,-4.789961,10.95073,-36.61085,-43.17903
21400.,-5.922324,-6.385727,-6.371111,-4.817262,11.15051,-36.55953,-43.50337
21410.,-5.936624,-6.410661,-6.381545,-4.844073,11.3484,-36.50628,-43.82874
21420.,-5.950464,-6.43466,-6.390459,-4.870392,11.5444,-36.4511,-44.15516
21430.,-5.963843,-6.457728,-6.39786,-4.896222,11.73854,-36.39401,-44.48264
21440.,-5.976761,-6.47987,-6.40376,-4.92156,11.93085,-36.33503,-44.81118
21450.,-5.989217,-6.501088,-6.408167,-4.946409,12.12133,-36.27418,-45.1408
21460.,-6.001213,-6.521388,-6.41109,-4.970768,12.31001,-36.21146,-45.47151
21470.,-6.012747,-6.540774,-6.412539,-4.994638,12.49691,-36.14691,-45.80332
21480.,-6.02382,-6.559248,-6.412522,-5.018019,12.68206,-36.08053,-46.13624
21490.,-6.034431,-6.576815,-6.411049,-5.040911,12.86546,-36.01234,-46.47028
21500.,-6.044581,-6.593479,-6.408129,-5.063314,13.04714,-35.94236,-46.80545
21510.,-6.054268,-6.609243,-6.40377,-5.08523,13.22711,-35.8706,-47.14176
21520.,-6.063495,-6.624112,-6.397981,-5.106657,13.40541,-35.79708,-47.47922
21530.,-6.072259,-6.638089,-6.39077,-5.127597,13.58204,-35.72181,-47.81785
21540.,-6.080561,-6.651178,-6.382148,-5.14805,13.75703,-35.6448,-48.15766
21550.,-6.088402,-6.663382,-6.372121,-5.168017,13.9304,-35.56609,-48.49866
21560.,-6.09578,-6.674706,-6.3607,-5.187496,14.10215,-35.48567,-48.84086
21570.,-6.102697,-6.685153,-6.347891,-5.20649,14.27232,-35.40357,-49.18427
21580.,-6.109152,-6.694726,-6.333704,-5.224998,14.44092,-35.31979,-49.52891
21590.,-6.115145,-6.70343,-6.318147,-5.243021,14.60798,-35.23436,-49.87478
21600.,-6.120677,-6.711268,-6.301228,-5.260559,14.77349,-35.14729,-50.22191
21610.,-6.125746,-6.718243,-6.282956,-5.277612,14.9375,-35.0586,-50.57031
21620.,-6.130354,-6.724359,-6.263338,-5.29418,15.10001,-34.96829,-50.91998
21630.,-6.1345,-6.72962,-6.242383,-5.310265,15.26104,-34.87639,-51.27094
21640.,-6.138184,-6.734029,-6.220099,-5.325867,15.42061,-34.7829,-51.62321
21650.,-6.141407,-6.737589,-6.196494,-5.340985,15.57873,-34.68785,-51.97679
21660.,-6.144169,-6.740304,-6.171575,-5.355621,15.73544,-34.59124,-52.33171
21670.,-6.146468,-6.742177,-6.145351,-5.369774,15.89073,-34.4931,-52.68798
21680.,-6.148307,-6.743212,-6.117829,-5.383444,16.04463,-34.39343,-53.0456
21690.,-6.149684,-6.743413,-6.089017,-5.396634,16.19717,-34.29225,-53.40461
21700.,-6.150599,-6.742781,-6.058924,-5.409341,16.34834,-34.18957,-53.76501
21710.,-6.151054,-6.741322,-6.027556,-5.421568,16.49818,-34.08541,-54.12681
21720.,-6.151047,-6.739037,-5.994921,-5.433314,16.64669,-33.97978,-54.49004
21730.,-6.15058,-6.735931,-5.961026,-5.44458,16.7939,-33.8727,-54.8547
21740.,-6.149651,-6.732006,-5.92588,-5.455366,16.93982,-33.76417,-55.22082
21750.,-6.148262,-6.727266,-5.88949,-5.465672,17.08446,-33.65422,-55.58841
21760.,-6.146412,-6.721714,-5.851863,-5.475499,17.22785,-33.54285,-55.95748
21770.,-6.144035,-6.715415,-5.813351,-5.484826,17.36995,-33.43003,-56.02349
21780.,-6.140997,-6.708503,-5.774675,-5.493587,17.51069,-33.31568,-55.46042
21790.,-6.1373,-6.70098,-5.735835,-5.501739,17.65007,-33.19981,-54.9012
21800.,-6.132949,-6.69285,-5.696829,-5.509287,17.78812,-33.08244,-54.34578
21810.,-6.127945,-6.684114,-5.657657,-5.516233,17.92486,-32.96359,-53.79408
21820.,-6.122294,-6.674777,-5.618318,-5.522579,18.06029,-32.84327,-53.24605
21830.,-6.115997,-6.66484,-5.57881,-5.528328,18.19443,-32.72149,-52.70163
21840.,-6.109059,-6.654306,-5.539133,-5.533484,18.32731,-32.59828,-52.16076
21850.,-6.101482,-6.643178,-5.499285,-5.538049,18.45892,-32.47364,-51.62338
21860.,-6.09327,-6.631459,-5.459267,-5.542025,18.5893,-32.3476,-51.08945
21870.,-6.084426,-6.619152,-5.419076,-5.545416,18.71845,-32.22017,-50.55891
21880.,-6.074952,-6.606258,-5.378713,-5.548224,18.84639,-32.09137,-50.0317
21890.,-6.064853,-6.592781,-5.338176,-5.550452,18.97313,-31.9612,-49.50777
21900.,-6.054131,-6.578724,-5.297464,-5.552102,19.09869,-31.82969,-48.98708
21910.,-6.042789,-6.564089,-5.256576,-5.553177,19.22309,-31.69685,-48.46958
21920.,-6.030831,-6.548878,-5.215513,-5.55368,19.34633,-31.5627,-47.95522
21930.,-6.018258,-6.533094,-5.174272,-5.553613,19.46844,-31.42725,-47.44395
21940.,-6.005075,-6.51674,-5.132853,-5.552979,19.58942,-31.29051,-46.93573
21950.,-5.991284,-6.499818,-5.091255,-5.55178,19.7093,-31.15251,-46.43051
21960.,-5.976889,-6.482331,-5.049478,-5.550019,19.82807,-31.01324,-45.92826
21970.,-5.961891,-6.46428,-5.00752,-5.547698,19.94577,-30.87274,-45.42892
21980.,-5.946295,-6.44567,-4.965381,-5.544819,20.0624,-30.73101,-44.93247
21990.,-5.930102,-6.426501,-4.92306,-5.541386,20.17798,-30.58807,-44.43885
22000.,-5.913316,-6.406777,-4.880556,-5.537401,20.29252,-30.44393,-43.94803
22010.,-5.895939,-6.386499,-4.837868,-5.532865,20.40603,-30.29861,-43.45997
22020.,-5.877974,-6.36567,-4.794996,-5.527781,20.51852,-30.15212,-42.97463
22030.,-5.859425,-6.344293,-4.75194,-5.522152,20.63002,-30.00448,-42.49198
22040.,-5.840293,-6.32237,-4.708697,-5.51598,20.74053,-29.85569,-42.01197
22050.,-5.820581,-6.299903,-4.665267,-5.509266,20.85006,-29.70578,-41.53459
22060.,-5.800293,-6.276894,-4.621651,-5.502015,20.95864,-29.55475,-41.05978
22070.,-5.77943,-6.253346,-4.577846,-5.494226,21.06626,-29.40262,-40.58751
22080.,-5.757995,-6.229261,-4.533852,-5.485904,21.17295,-29.2494,-40.11776
22090.,-5.735992,-6.204641,-4.489669,-5.47705,21.27872,-29.09512,-39.65049
22100.,-5.713422,-6.179488,-4.445296,-5.467665,21.38357,-28.93977,-39.18566
22110.,-5.690288,-6.153805,-4.400731,-5.457753,21.48753,-28.78337,-38.72326
22120.,-5.666593,-6.127594,-4.355975,-5.447316,21.5906,-28.62595,-38.26323
22130.,-5.642339,-6.100856,-4.311027,-5.436355,21.69279,-28.4675,-37.80557
22140.,-5.617529,-6.073595,-4.265886,-5.424872,21.79413,-28.30804,-37.35023
22150.,-5.592164,-6.045811,-4.22055,-5.41287,21.89461,-28.1476,-36.89719
22160.,-5.566249,-6.017508,-4.175021,-5.400351,21.99425,-27.98617,-36.44642
22170.,-5.539784,-5.988687,-4.129296,-5.387317,22.09307,-27.82377,-35.99789
22180.,-5.512773,-5.95935,-4.083376,-5.373769,22.19107,-27.66042,-35.55157
22190.,-5.485217,-5.9295,-4.037259,-5.35971,22.28827,-27.49612,-35.10744
22200.,-5.45712,-5.899138,-3.990945,-5.345141,22.38467,-27.33089,-34.66548
22210.,-5.428483,-5.868266,-3.944433,-5.330065,22.48029,-27.16475,-34.22565
22220.,-5.399308,-5.836887,-3.897723,-5.314484,22.57515,-26.9977,-33.78793
22230.,-5.369599,-5.805002,-3.850814,-5.298398,22.66924,-26.82976,-33.35229
22240.,-5.33936,-5.772616,-3.803716,-5.28181,22.76258,-26.66095,-32.90456
22250.,-5.308743,-5.739861,-3.757061,-5.264641,22.85534,-26.49237,-31.64734
22260.,-5.277751,-5.706741,-3.710845,-5.246817,22.9475,-26.32401,-30.40909
22270.,-5.246388,-5.673258,-3.665062,-5.228342,23.03908,-26.15588,-29.18912
22280.,-5.214655,-5.639416,-3.61971,-5.209223,23.13009,-25.98797,-27.98683
22290.,-5.182557,-5.605216,-3.574783,-5.189464,23.22053,-25.82028,-26.80161
22300.,-5.150095,-5.570662,-3.530276,-5.16907,23.31041,-25.65283,-25.63291
22310.,-5.117273,-5.535757,-3.486186,-5.148047,23.39974,-25.4856,-24.4802
22320.,-5.084094,-5.500502,-3.442509,-5.1264,23.48852,-25.3186,-23.34296
22330.,-5.05056,-5.464902,-3.399239,-5.104134,23.57675,-25.15182,-22.22072
22340.,-5.016674,-5.428958,-3.356373,-5.081253,23.66446,-24.98528,-21.11301
22350.,-4.982439,-5.392673,-3.313906,-5.057763,23.75163,-24.81897,-20.01941
22360.,-4.947858,-5.356049,-3.271835,-5.033669,23.83828,-24.65289,-18.9395
22370.,-4.912933,-5.31909,-3.230155,-5.008975,23.92441,-24.48704,-17.87287
22380.,-4.877667,-5.281798,-3.188862,-4.983687,24.01004,-24.32143,-16.81916
22390.,-4.842063,-5.244175,-3.147952,-4.957809,24.09515,-24.15604,-15.77799
22400.,-4.806123,-5.206225,-3.107422,-4.931346,24.17978,-23.9909,-14.74902
22410.,-4.769851,-5.167949,-3.067266,-4.904302,24.2639,-23.82598,-13.73192
22420.,-4.733248,-5.129349,-3.027481,-4.876683,24.34755,-23.6613,-12.72638
22430.,-4.696317,-5.09043,-2.988063,-4.848493,24.43071,-23.49686,-11.73207
22440.,-4.659061,-5.051192,-2.949009,-4.819736,24.51339,-23.33265,-10.74873
22450.,-4.621482,-5.011639,-2.910314,-4.790417,24.59561,-23.16867,-9.776051
22460.,-4.583583,-4.971773,-2.871974,-4.760542,24.67736,-23.00494,-8.813782
22470.,-4.545367,-4.931596,-2.833986,-4.730113,24.75866,-22.84144,-7.861658
22480.,-4.506836,-4.891111,-2.796346,-4.699136,24.8395,-22.67818,-6.919431
22490.,-4.467991,-4.850319,-2.75905,-4.667615,24.91989,-22.51516,-5.986862
22500.,-4.428837,-4.809224,-2.722094,-4.635554,24.99985,-22.35237,-5.063721
22510.,-4.389375,-4.767828,-2.685475,-4.602959,25.07937,-22.18983,-4.149786
22520.,-4.349607,-4.726133,-2.649189,-4.569832,25.15845,-22.02752,-3.244843
22530.,-4.309537,-4.684141,-2.613233,-4.536179,25.23711,-21.86546,-2.348686
22540.,-4.269166,-4.641855,-2.577603,-4.502004,25.31535,-21.70363,-1.461118
22550.,-4.228496,-4.599277,-2.542294,-4.46731,25.39318,-21.54204,-0.5819453
22560.,-4.187531,-4.556409,-2.507305,-4.432103,25.47059,-21.3807,0.2890154
22570.,-4.146272,-4.513253,-2.472631,-4.396385,25.5476,-21.21959,1.151943
22580.,-4.104722,-4.469812,-2.438268,-4.360162,25.62421,-21.05873,2.007011
22590.,-4.062883,-4.426087,-2.404214,-4.323438,25.70042,-20.89811,2.854385
22600.,-4.020757,-4.382082,-2.370465,-4.286216,25.77625,-20.73773,3.694226
22610.,-3.978346,-4.337797,-2.337017,-4.2485,25.85168,-20.57759,4.526691
22620.,-3.935653,-4.293236,-2.303867,-4.210295,25.92674,-20.41769,5.351931
22630.,-3.89268,-4.2484,-2.271012,-4.171605,26.00142,-20.25804,6.170092
22640.,-3.84943,-4.203292,-2.238449,-4.132433,26.07573,-20.09863,6.981314
22650.,-3.805903,-4.157913,-2.206174,-4.092783,26.14967,-19.93946,7.785736
22660.,-3.762103,-4.112266,-2.174184,-4.052659,26.22326,-19.78053,8.58349
22670.,-3.718031,-4.066353,-2.142475,-4.012065,26.29648,-19.62185,9.374705
22680.,-3.67369,-4.020175,-2.111045,-3.971005,26.36935,-19.46341,10.15951
22690.,-3.629082,-3.973735,-2.07989,-3.929483,26.44187,-19.30521,10.93802
22700.,-3.584208,-3.927035,-2.049008,-3.887501,26.51405,-19.14725,11.71035
22710.,-3.539072,-3.880077,-2.018394,-3.845065,26.58588,-18.98954,12.47662
22720.,-3.493807,-3.833001,-1.988052,-3.802179,26.65739,-18.83385,13.23916
22730.,-3.448471,-3.785868,-1.957983,-3.758848,26.72858,-18.68088,13.99671
22740.,-3.403068,-3.738681,-1.928187,-3.715081,26.79944,-18.53061,14.74848
22750.,-3.357603,-3.691444,-1.898666,-3.670883,26.86999,-18.38301,15.49457
22760.,-3.312078,-3.644161,-1.86942,-3.626263,26.94021,-18.23805,16.23506
22770.,-3.266498,-3.596836,-1.840449,-3.581228,27.01011,-18.09569,16.97007
22780.,-3.220867,-3.549472,-1.811754,-3.535785,27.07969,-17.95592,17.69968
22790.,-3.175189,-3.502073,-1.783335,-3.48994,27.14895,-17.81871,18.42398
22800.,-3.129467,-3.454643,-1.755194,-3.443701,27.21789,-17.68401,19.14307
22810.,-3.083704,-3.407185,-1.72733,-3.397074,27.28651,-17.55182,19.85702
22820.,-3.037905,-3.359702,-1.699744,-3.350066,27.35481,-17.42209,20.56593
22830.,-2.992074,-3.312199,-1.672437,-3.302685,27.4228,-17.2948,21.26987
22840.,-2.946213,-3.264679,-1.645409,-3.254937,27.49047,-17.16993,21.96893
22850.,-2.900327,-3.217145,-1.618661,-3.206828,27.55782,-17.04744,22.66318
22860.,-2.854418,-3.169601,-1.592193,-3.158365,27.62485,-16.92731,23.3527
22870.,-2.808492,-3.12205,-1.566006,-3.109555,27.69157,-16.80951,24.03757
22880.,-2.76255,-3.074495,-1.5401,-3.060404,27.75797,-16.69403,24.71785
22890.,-2.716597,-3.02694,-1.514476,-3.010918,27.82405,-16.58082,25.39361
22900.,-2.670635,-2.979388,-1.489134,-2.961105,27.88983,-16.46986,26.06493
22910.,-2.624669,-2.931843,-1.464075,-2.91097,27.95528,-16.36113,26.73187
22920.,-2.578702,-2.884307,-1.439299,-2.860519,28.02043,-16.25461,27.39449
22930.,-2.532736,-2.836784,-1.414806,-2.809759,28.08526,-16.15026,28.05287
22940.,-2.486775,-2.789277,-1.390597,-2.758697,28.14978,-16.04807,28.70706
22950.,-2.440823,-2.741789,-1.366673,-2.707337,28.21398,-15.948,29.35712
22960.,-2.394883,-2.694323,-1.343034,-2.655687,28.27788,-15.85004,30.00312
22970.,-2.348957,-2.646883,-1.31968,-2.603751,28.34146,-15.75415,30.64511
22980.,-2.303049,-2.59947,-1.296611,-2.551537,28.40473,-15.66032,31.28314
22990.,-2.257163,-2.552089,-1.273829,-2.49905,28.46769,-15.56852,31.91729
23000.,-2.2113,-2.504743,-1.251333,-2.446296,28.53035,-15.47873,32.54759
23010.,-2.165465,-2.457433,-1.229124,-2.39328,28.59269,-15.39092,33.1741
23020.,-2.11966,-2.410164,-1.207202,-2.340009,28.65472,-15.30507,33.79687
23030.,-2.073888,-2.362938,-1.185568,-2.286487,28.71645,-15.22115,34.41596
23040.,-2.028152,-2.315758,-1.164221,-2.232722,28.77787,-15.13915,35.03141
23050.,-1.982455,-2.268626,-1.143163,-2.178718,28.83898,-15.05905,35.64328
23060.,-1.9368,-2.221546,-1.122393,-2.12448,28.89979,-14.98081,36.25161
23070.,-1.89119,-2.17452,-1.101912,-2.070015,28.96029,-14.90442,36.85644
23080.,-1.845627,-2.127551,-1.08172,-2.015327,29.02049,-14.82986,37.45783
23090.,-1.800115,-2.080641,-1.061817,-1.960422,29.08038,-14.7571,38.05582
23100.,-1.754656,-2.033794,-1.042204,-1.905306,29.13996,-14.68613,38.65045
23110.,-1.709252,-1.987011,-1.022882,-1.849983,29.19925,-14.61691,39.24176
23120.,-1.663907,-1.940296,-1.003849,-1.794459,29.25823,-14.54944,39.8298
23130.,-1.618623,-1.893651,-0.9851068,-1.738739,29.31691,-14.48369,40.41461
23140.,-1.573403,-1.847079,-0.9666553,-1.682828,29.37528,-14.41964,40.99622
23150.,-1.528249,-1.800582,-0.9484948,-1.626732,29.43336,-14.35727,41.57469
23160.,-1.483164,-1.754162,-0.9306254,-1.570454,29.49113,-14.29656,42.15004
23170.,-1.43815,-1.707822,-0.9130474,-1.514001,29.54861,-14.23749,42.72231
23180.,-1.39321,-1.661565,-0.895761,-1.457377,29.60578,-14.18004,43.29155
23190.,-1.348409,-1.615454,-0.8786115,-1.400641,29.66272,-14.12467,43.61328
23200.,-1.303842,-1.569584,-0.8613698,-1.343934,29.71949,-14.07206,43.56837
23210.,-1.259512,-1.523958,-0.8440412,-1.287341,29.77611,-14.02219,43.52343
23220.,-1.215422,-1.478578,-0.8266311,-1.230867,29.83257,-13.97501,43.47844
23230.,-1.171573,-1.433446,-0.8091449,-1.174515,29.88887,-13.9305,43.43341
23240.,-1.127967,-1.388565,-0.7915878,-1.118288,29.945,-13.88862,43.38834
23250.,-1.084609,-1.343937,-0.7739651,-1.062191,30.00096,-13.84934,43.34322
23260.,-1.041499,-1.299564,-0.7562818,-1.006226,30.05675,-13.81263,43.29805
23270.,-0.9986391,-1.255449,-0.738543,-0.9503984,30.11236,-13.77845,43.25284
23280.,-0.9560326,-1.211593,-0.7207538,-0.8947101,30.1678,-13.74678,43.20758
23290.,-0.9136813,-1.167998,-0.7029192,-0.839165,30.22306,-13.71759,43.16227
23300.,-0.8715872,-1.124667,-0.6850439,-0.7837666,30.27814,-13.69083,43.11691
23310.,-0.8297525,-1.081602,-0.667133,-0.7285181,30.33303,-13.6665,43.0715
23320.,-0.7881792,-1.038805,-0.6491911,-0.6734229,30.38774,-13.64454,43.02604
23330.,-0.7468694,-0.9962775,-0.631223,-0.6184841,30.44226,-13.62494,42.98052
23340.,-0.705825,-0.9540217,-0.6132334,-0.5637051,30.49659,-13.60767,42.93495
23350.,-0.665048,-0.9120394,-0.5952269,-0.5090888,30.55072,-13.5927,42.88933
23360.,-0.6245404,-0.8703327,-0.577208,-0.4546386,30.60467,-13.57999,42.84364
23370.,-0.5843039,-0.8289033,-0.5591813,-0.4003573,30.65841,-13.56953,42.7979
23380.,-0.5443405,-0.7877531,-0.5411512,-0.3462481,30.71196,-13.56128,42.7521
23390.,-0.5046521,-0.7468839,-0.5231222,-0.2923139,30.7653,-13.55522,42.70624
23400.,-0.4652403,-0.7062973,-0.5050984,-0.2385578,30.81845,-13.55132,42.66033
23410.,-0.4261069,-0.6659952,-0.4870843,-0.1849824,30.87139,-13.54955,42.61435
23420.,-0.3872538,-0.6259792,-0.4690841,-0.1315908,30.92412,-13.54989,42.5683
23430.,-0.3486825,-0.586251,-0.4511019,-0.07838581,30.97664,-13.55232,42.5222
23440.,-0.3103948,-0.5468122,-0.4331419,-0.02537008,31.02896,-13.5568,42.47603
23450.,-0.2723923,-0.5076644,-0.4152082,0.02745359,31.08106,-13.56332,42.42979
23460.,-0.2346765,-0.4688092,-0.3973047,0.08008251,31.13295,-13.57184,42.38349
23470.,-0.1972491,-0.430248,-0.3794355,0.1325141,31.18462,-13.58235,42.33713
23480.,-0.1601116,-0.3919825,-0.3616045,0.1847456,31.23608,-13.59481,42.29069
23490.,-0.1232655,-0.354014,-0.3438155,0.2367745,31.28732,-13.60922,42.24419
23500.,-0.08671232,-0.316344,-0.3260724,0.2885984,31.33833,-13.62554,42.19761
23510.,-0.05045347,-0.278974,-0.308379,0.3402146,31.38913,-13.64374,42.15097
23520.,-0.01449039,-0.2419053,-0.2907389,0.3916208,31.43971,-13.66382,42.10425
23530.,0.02117554,-0.2051393,-0.2731559,0.4428146,31.49006,-13.68574,42.05747
23540.,0.05654293,-0.1686773,-0.2556335,0.4937935,31.54018,-13.70949,42.0106
23550.,0.09161046,-0.1325206,-0.2381754,0.5445552,31.59008,-13.73503,41.96367
23560.,0.1263768,-0.09667045,-0.2207851,0.5950974,31.63974,-13.76236,41.91666
23570.,0.1608407,-0.06112814,-0.203466,0.6454179,31.68918,-13.79145,41.86958
23580.,0.1950009,-0.02589487,-0.1862217,0.6955144,31.73839,-13.82228,41.82241
23590.,0.2288562,0.009028176,-0.1690554,0.7453848,31.78737,-13.85483,41.77518
23600.,0.2624053,0.04363983,-0.1519707,0.7950269,31.83611,-13.88908,41.72786
23610.,0.2956471,0.07793895,-0.1349706,0.8444385,31.88462,-13.925,41.68046
23620.,0.3285805,0.1119244,-0.1180586,0.8936176,31.93289,-13.96259,41.63299
23630.,0.3612043,0.1455952,-0.1012378,0.9425621,31.98092,-14.00182,41.58543
23640.,0.3935174,0.1789502,-0.08451139,0.9912701,32.02872,-14.04266,41.5378
23650.,0.4255188,0.2119883,-0.06788251,1.039739,32.07628,-14.08512,41.49008
23660.,0.4571912,0.2447269,-0.05132573,1.087947,32.12358,-14.12913,41.34335
23670.,0.4883746,0.2773442,-0.03456403,1.135659,32.1705,-14.17447,40.21969
23680.,0.5190699,0.3098374,-0.01760345,1.182666,32.21704,-14.22113,39.08361
23690.,0.5492775,0.3422034,-0.0004501189,1.22897,32.2632,-14.26908,37.93479
23700.,0.578998,0.3744392,0.0168899,1.274573,32.30897,-14.31832,36.77291
23710.,0.6082319,0.4065419,0.03441062,1.319479,32.35437,-14.36883,35.5976
23720.,0.6369798,0.4385085,0.05210611,1.363688,32.39939,-14.42059,34.40851
23730.,0.6652422,0.4703363,0.06997052,1.407204,32.44402,-14.4736,33.20526
23740.,0.6930196,0.5020224,0.08799804,1.450028,32.48828,-14.52785,31.98745
23750.,0.7203127,0.533564,0.106183,1.492164,32.53216,-14.58331,30.75468
23760.,0.7471221,0.5649583,0.1245196,1.533613,32.57567,-14.63998,29.5065
23770.,0.7734483,0.5962026,0.1430024,1.574378,32.6188,-14.69784,28.24247
23780.,0.7992919,0.6272943,0.1616257,1.614461,32.66155,-14.75689,26.96211
23790.,0.8246535,0.6582307,0.1803841,1.653865,32.70393,-14.8171,25.66494
23800.,0.8495338,0.6890092,0.1992723,1.692591,32.74594,-14.87848,24.35042
23810.,0.8739334,0.7196272,0.2182848,1.730643,32.78757,-14.941,23.01802
23820.,0.8978528,0.7500822,0.2374163,1.768021,32.82883,-15.00466,21.66716
23830.,0.9212927,0.7803718,0.2566616,1.80473,32.86972,-15.06944,20.29724
23840.,0.9442539,0.8104933,0.2760156,1.84077,32.91024,-15.13534,18.90763
23850.,0.9667368,0.8404445,0.2954731,1.876144,32.95039,-15.20234,17.49766
23860.,0.9887421,0.8702228,0.3150291,1.910855,32.99017,-15.27043,16.06663
23870.,1.010271,0.899826,0.3346785,1.944905,33.02959,-15.33961,14.61378
23880.,1.031323,0.9292517,0.3544165,1.978296,33.06863,-15.40985,13.13835
23890.,1.0519,0.9584977,0.3742381,2.01103,33.10731,-15.48116,11.6395
23900.,1.072001,0.9875616,0.3941386,2.04311,33.14563,-15.55352,10.11635
23910.,1.091629,1.016441,0.414113,2.074538,33.18358,-15.62692,8.567974
23920.,1.110783,1.045134,0.4341568,2.105315,33.22117,-15.70135,6.993375
23930.,1.129464,1.073639,0.4542653,2.135445,33.25839,-15.7768,5.391503
23940.,1.147673,1.101953,0.4744338,2.16493,33.29525,-15.85327,3.761241
23950.,1.165411,1.130073,0.4946579,2.193771,33.33175,-15.93074,2.101393
23960.,1.182678,1.157999,0.5149329,2.221972,33.3679,-16.00921,0.4106863
23970.,1.199474,1.185728,0.5352545,2.249533,33.40368,-16.08867,-1.312243
23980.,1.215802,1.213258,0.5556182,2.276458,33.4391,-16.1691,-3.068856
23990.,1.231661,1.240587,0.5760197,2.302749,33.47416,-16.2505,-4.860719
24000.,1.247052,1.267713,0.5964547,2.328407,33.50887,-16.33286,-6.689518
24010.,1.261976,1.294634,0.616919,2.353436,33.54322,-16.41618,-8.557067
24020.,1.276433,1.321349,0.6374084,2.377836,33.57722,-16.50044,-10.46533
24030.,1.290425,1.347855,0.6579187,2.401611,33.61086,-16.58563,-12.41642
24040.,1.303951,1.37415,0.6784458,2.424763,33.64415,-16.67176,-14.41264
24050.,1.317014,1.400233,0.6989857,2.447293,33.67708,-16.75881,-16.45649
24060.,1.329613,1.426102,0.7195343,2.469204,33.70966,-16.84676,-18.5507
24070.,1.341749,1.451755,0.7400878,2.490498,33.7419,-16.93563,-20.69824
24080.,1.353423,1.477191,0.7606422,2.511177,33.77378,-17.02539,-22.90237
24090.,1.364636,1.502408,0.7811937,2.531244,33.80531,-17.11605,-25.1667
24100.,1.375388,1.527403,0.8017384,2.550699,33.8365,-17.20759,-27.49517
24110.,1.385681,1.552176,0.8222727,2.569546,33.86733,-17.30001,-29.89219
24120.,1.395515,1.576725,0.8427927,2.587787,33.89782,-17.3933,-32.36262
24130.,1.40489,1.601049,0.8632947,2.605423,33.92797,-17.48745,-34.91191
24140.,1.414251,1.624873,0.8838799,2.622622,33.95777,-17.58185,-35.76587
24150.,1.423716,1.648127,0.9045739,2.639595,33.98722,-17.67635,-36.14159
24160.,1.433285,1.670815,0.925374,2.656387,34.01634,-17.77093,-36.51922
24170.,1.442953,1.69294,0.9462777,2.672999,34.04512,-17.86559,-36.89879
24180.,1.452718,1.714507,0.9672822,2.689431,34.07356,-17.96035,-37.28033
24190.,1.462579,1.735519,0.9883851,2.705683,34.10167,-18.05521,-37.66384
24200.,1.472532,1.755981,1.009584,2.721755,34.12946,-18.15015,-38.04936
24210.,1.482575,1.775895,1.030876,2.737647,34.15692,-18.2452,-38.43691
24220.,1.492706,1.795267,1.052258,2.75336,34.18406,-18.34034,-38.82651
24230.,1.502922,1.814099,1.073729,2.768893,34.21087,-18.43558,-39.21819
24240.,1.513221,1.832396,1.095286,2.784248,34.23737,-18.53093,-39.61197
24250.,1.5236,1.850161,1.116925,2.799423,34.26356,-18.62637,-40.00788
24260.,1.534058,1.867398,1.138646,2.81442,34.28944,-18.72192,-40.40594
24270.,1.544591,1.884111,1.160446,2.829238,34.315,-18.81758,-40.80618
24280.,1.555199,1.900303,1.182322,2.843877,34.34026,-18.91334,-41.20863
24290.,1.565877,1.915977,1.204271,2.858339,34.36522,-19.00922,-41.61331
24300.,1.576626,1.931138,1.226293,2.872622,34.38988,-19.1052,-42.02025
24310.,1.587441,1.945789,1.248384,2.886727,34.41423,-19.2013,-42.42948
24320.,1.598321,1.959934,1.270541,2.900655,34.4383,-19.29751,-42.84103
24330.,1.609264,1.973575,1.292764,2.914405,34.46206,-19.39383,-43.25493
24340.,1.620267,1.986717,1.315049,2.927977,34.48554,-19.49027,-43.67121
24350.,1.631329,1.999362,1.337395,2.941373,34.50873,-19.58683,-44.0899
24360.,1.642448,2.011515,1.359799,2.954592,34.53163,-19.6835,-44.51102
24370.,1.653621,2.023179,1.382259,2.967633,34.55425,-19.7803,-44.93462
24380.,1.664846,2.034356,1.404774,2.980499,34.57659,-19.87722,-45.36073
24390.,1.676122,2.04505,1.42734,2.993187,34.59865,-19.97426,-45.78937
24400.,1.687446,2.055265,1.449956,3.0057,34.62044,-20.07143,-46.22059
24410.,1.698817,2.065003,1.47262,3.018036,34.64195,-20.16872,-46.65442
24420.,1.710232,2.074269,1.49533,3.030197,34.66318,-20.26614,-47.09088
24430.,1.72169,2.083064,1.518084,3.042182,34.68415,-20.36369,-47.53003
24440.,1.733188,2.091393,1.54088,3.053992,34.70485,-20.46137,-47.9719
24450.,1.744725,2.099258,1.563715,3.065626,34.72528,-20.55918,-48.41652
24460.,1.7563,2.106663,1.586589,3.077086,34.74546,-20.65712,-48.86393
24470.,1.767909,2.11361,1.609499,3.088371,34.76537,-20.75519,-49.31418
24480.,1.779145,2.119857,1.632002,3.099113,34.45501,-20.85336,-49.63499
24490.,1.789478,2.125266,1.653402,3.108906,34.08578,-20.95206,-49.61808
24500.,1.798854,2.129783,1.673639,3.117719,33.72085,-21.05141,-49.60146
24510.,1.807287,2.133421,1.69273,3.125568,33.36016,-21.15141,-49.58562
24520.,1.814792,2.136194,1.710693,3.132469,33.00364,-21.25204,-49.57054
24530.,1.821382,2.138115,1.727542,3.138435,32.65122,-21.35329,-49.55623
24540.,1.827072,2.139198,1.743295,3.143481,32.30283,-21.45515,-49.54266
24550.,1.831875,2.139454,1.757966,3.147622,31.95841,-21.5576,-49.52983
24560.,1.835805,2.138898,1.771571,3.150871,31.6179,-21.66064,-49.51772
24570.,1.838874,2.137541,1.784125,3.153242,31.28122,-21.76426,-49.50632
24580.,1.841096,2.135395,1.795643,3.154748,30.94832,-21.86844,-49.49562
24590.,1.842484,2.132471,1.806139,3.155402,30.61914,-21.97318,-49.48562
24600.,1.843049,2.128782,1.815628,3.155218,30.29361,-22.07847,-49.47629
24610.,1.842803,2.124339,1.824123,3.154211,29.97169,-22.18406,-49.43204
24620.,1.841758,2.119151,1.831636,3.152399,29.65329,-22.28967,-49.34938
24630.,1.839926,2.113232,1.838182,3.149798,29.33838,-22.3953,-49.26745
24640.,1.83732,2.106591,1.843775,3.146421,29.02689,-22.50095,-49.18623
24650.,1.833951,2.09924,1.848428,3.142279,28.71877,-22.60663,-49.10571
24660.,1.829831,2.091191,1.852154,3.137385,28.41397,-22.71231,-49.02589
24670.,1.824971,2.082453,1.854968,3.13175,28.11244,-22.81801,-48.94674
24680.,1.819382,2.073038,1.856882,3.125386,27.81413,-22.92372,-48.86826
24690.,1.813076,2.062955,1.857909,3.118304,27.51899,-23.02944,-48.79044
24700.,1.806063,2.052215,1.858061,3.110515,27.22697,-23.13516,-48.71326
24710.,1.798354,2.040827,1.85735,3.10203,26.93802,-23.24089,-48.63672
24720.,1.789959,2.028802,1.85579,3.092859,26.65209,-23.34662,-48.5608
24730.,1.780889,2.016149,1.853391,3.083014,26.36915,-23.45235,-48.4855
24740.,1.771153,2.002878,1.850165,3.072504,26.08915,-23.55808,-48.4108
24750.,1.760761,1.988997,1.846125,3.06134,25.81204,-23.6638,-48.33669
24760.,1.749724,1.974516,1.841281,3.049531,25.53777,-23.76953,-48.26317
24770.,1.738051,1.959444,1.835645,3.037088,25.26632,-23.87525,-48.19022
24780.,1.725751,1.943789,1.829227,3.024019,24.99763,-23.98096,-48.11784
24790.,1.712833,1.92756,1.822038,3.010335,24.73166,-24.08666,-48.04601
24800.,1.699306,1.910766,1.814089,2.996044,24.46838,-24.19236,-47.97472
24810.,1.68518,1.893414,1.805391,2.981155,24.20774,-24.29804,-47.90398
24820.,1.670462,1.875514,1.795953,2.965679,23.94971,-24.40372,-47.83376
24830.,1.655162,1.857072,1.785786,2.949622,23.69424,-24.50938,-47.76407
24840.,1.639288,1.838098,1.7749,2.932994,23.44131,-24.61503,-47.69489
24850.,1.622849,1.818598,1.763305,2.915803,23.19087,-24.72067,-47.62621
24860.,1.605852,1.79858,1.75101,2.898059,22.94289,-24.82629,-47.55802
24870.,1.588305,1.778053,1.738024,2.879768,22.69733,-24.9319,-47.49033
24880.,1.570217,1.757022,1.724358,2.860939,22.45416,-25.03749,-47.42311
24890.,1.551596,1.735496,1.71002,2.841579,22.21334,-25.14307,-47.35636
24900.,1.532448,1.713482,1.695019,2.821698,21.97484,-25.24863,-47.29008
24910.,1.512781,1.690985,1.679365,2.801301,21.73863,-25.35417,-47.22426
24920.,1.492603,1.668015,1.663066,2.780397,21.50468,-25.4597,-47.15888
24930.,1.471921,1.644576,1.64613,2.758994,21.27294,-25.56521,-47.09395
24940.,1.450742,1.620677,1.628567,2.737098,21.0434,-25.6707,-47.02946
24950.,1.429073,1.596322,1.610384,2.714716,20.81602,-25.77618,-46.96539
24960.,1.406921,1.57152,1.59159,2.691856,20.59078,-25.88163,-46.90174
24970.,1.384294,1.546276,1.572193,2.668524,20.36763,-25.98707,-46.83851
24980.,1.361196,1.520596,1.552202,2.644728,20.14655,-26.09249,-46.77569
24990.,1.337636,1.494486,1.531622,2.620474,19.92752,-26.19789,-46.71327
25000.,1.313619,1.467953,1.510464,2.595768,19.7105,-26.30327,-46.65124
25010.,1.289153,1.441003,1.488734,2.570617,19.49547,-26.40863,-46.58961
25020.,1.264242,1.413641,1.46644,2.545028,19.28239,-26.51398,-46.52836
25030.,1.238894,1.385872,1.443588,2.519006,19.07125,-26.6193,-46.46748
25040.,1.213115,1.357704,1.420188,2.492558,18.86202,-26.72461,-46.40698
25050.,1.18691,1.329141,1.396245,2.46569,18.65467,-26.8299,-46.34684
25060.,1.160285,1.300188,1.371767,2.438408,18.44917,-26.93517,-46.28707
25070.,1.133247,1.270852,1.346761,2.410718,18.2455,-27.04042,-46.22764
25080.,1.1058,1.241137,1.321233,2.382626,18.04362,-27.14556,-46.1505
25090.,1.077952,1.21105,1.295191,2.354148,17.84349,-27.25012,-45.98447
25100.,1.049708,1.180598,1.268643,2.325298,17.64507,-27.35409,-45.81908
25110.,1.021074,1.149784,1.241594,2.29608,17.44834,-27.4575,-45.65432
25120.,0.9920558,1.118616,1.214053,2.266502,17.25328,-27.56035,-45.49019
25130.,0.9626599,1.087098,1.186026,2.236567,17.05986,-27.66263,-45.32667
25140.,0.9328918,1.055236,1.157521,2.206284,16.86808,-27.76436,-45.16376
25150.,0.902757,1.023034,1.128543,2.175655,16.6779,-27.86555,-45.00145
25160.,0.8722611,0.9904995,1.0991,2.144689,16.4893,-27.9662,-44.83974
25170.,0.8414096,0.9576359,1.069198,2.113388,16.30226,-28.06631,-44.6786
25180.,0.8102079,0.9244488,1.038843,2.08176,16.11677,-28.1659,-44.51805
25190.,0.7786614,0.8909429,1.008042,2.049808,15.93281,-28.26496,-44.35807
25200.,0.7467751,0.8571234,0.9768014,2.017539,15.75035,-28.36351,-44.19864
25210.,0.7145544,0.8229949,0.9451271,1.984957,15.56937,-28.46154,-44.03978
25220.,0.6820042,0.7885621,0.9130251,1.952068,15.38986,-28.55907,-43.88146
25230.,0.6491296,0.7538299,0.8805016,1.918875,15.2118,-28.6561,-43.72369
25240.,0.6159355,0.7188026,0.8475623,1.885384,15.03516,-28.75264,-43.56645
25250.,0.5824266,0.683485,0.8142132,1.8516,14.85994,-28.84868,-43.40974
25260.,0.5486079,0.6478814,0.78046,1.817528,14.68611,-28.94425,-43.25356
25270.,0.5144841,0.6119961,0.7463084,1.783171,14.51366,-29.03933,-43.09789
25280.,0.4800596,0.5758337,0.7117638,1.748535,14.34256,-29.13394,-42.94272
25290.,0.4453392,0.5393982,0.6768319,1.713623,14.17281,-29.22808,-42.78807
25300.,0.4103272,0.5026939,0.6415181,1.678441,14.00438,-29.32176,-42.63391
25310.,0.3750283,0.4657249,0.6058276,1.642993,13.83726,-29.41499,-42.48024
25320.,0.3394466,0.4284953,0.5697659,1.607282,13.67143,-29.50775,-42.32706
25330.,0.3035865,0.3910091,0.5333379,1.571314,13.50688,-29.60007,-42.17436
25340.,0.2674523,0.3532703,0.496549,1.535091,13.34359,-29.69195,-42.02214
25350.,0.2310481,0.3152827,0.4594041,1.498619,13.18154,-29.78339,-41.87038
25360.,0.194378,0.2770502,0.4219082,1.461902,13.02072,-29.87439,-41.71909
25370.,0.1574461,0.2385766,0.3840663,1.424942,12.86112,-29.96497,-41.56825
25380.,0.1202564,0.1998655,0.345883,1.387745,12.70272,-30.05511,-41.41787
25390.,0.08281286,0.1609207,0.3073634,1.350313,12.5455,-30.14484,-41.26794
25400.,0.04511929,0.1217457,0.2685119,1.312652,12.38945,-30.23416,-41.11844
25410.,0.007179541,0.08234421,0.2293333,1.274763,12.23456,-30.32306,-40.96939
25420.,-0.03100261,0.04271962,0.1898322,1.236652,12.08081,-30.41156,-40.82077
25430.,-0.06942346,0.002875418,0.150013,1.198321,11.92818,-30.49965,-40.67258
25440.,-0.1080793,-0.03718498,0.1098802,1.159775,11.77668,-30.58735,-40.52481
25450.,-0.1469666,-0.07745821,0.06943819,1.121017,11.62627,-30.67465,-40.37746
25460.,-0.1860818,-0.117941,0.02869128,1.082049,11.47696,-30.76156,-40.23052
25470.,-0.2254214,-0.15863,-0.01235625,1.042876,11.32871,-30.84809,-40.08399
25480.,-0.2649818,-0.1995221,-0.05370021,1.003502,11.18153,-30.93423,-39.93787
25490.,-0.3047598,-0.240614,-0.09533644,0.9639281,11.0354,-31.02,-39.79215
25500.,-0.3447519,-0.2819027,-0.1372609,0.924159,10.89031,-31.10539,-39.64682
25510.,-0.3849548,-0.3233851,-0.1794694,0.8841976,10.74624,-31.19042,-39.50189
25520.,-0.4253653,-0.3650581,-0.2219582,0.8440471,10.60319,-31.27507,-39.35734
25530.,-0.4659802,-0.4069187,-0.2647232,0.8037105,10.46114,-31.35937,-39.21318
25540.,-0.5067963,-0.448964,-0.3077606,0.763191,10.32007,-31.44331,-39.06939
25550.,-0.5478105,-0.4911912,-0.3510666,0.7224915,10.17999,-31.52689,-38.92598
25560.,-0.5890209,-0.5335972,-0.3946192,0.681619,10.04079,-31.6101,-38.73819
25570.,-0.6304247,-0.5761793,-0.4384119,0.640581,9.902472,-31.69292,-38.54369
25580.,-0.672019,-0.6189349,-0.4824415,0.5993809,9.765011,-31.77536,-38.34976
25590.,-0.7138009,-0.6618612,-0.5267045,0.5580215,9.628402,-31.85742,-38.1564
25600.,-0.7557675,-0.7049555,-0.5711976,0.5165053,9.492633,-31.93912,-37.96362
25610.,-0.7979159,-0.7482152,-0.6159175,0.474835,9.357695,-32.02044,-37.7714
25620.,-0.8402435,-0.7916378,-0.6608612,0.4330132,9.223579,-32.10141,-37.57974
25630.,-0.8827474,-0.8352208,-0.7060252,0.3910424,9.090274,-32.18201,-37.38863
25640.,-0.9254249,-0.8789615,-0.7514067,0.3489252,8.957771,-32.26226,-37.19807
25650.,-0.9682734,-0.9228575,-0.7970023,0.3066639,8.826062,-32.34216,-37.00806
25660.,-1.01129,-0.9669065,-0.8428092,0.2642611,8.695135,-32.42171,-36.81858
25670.,-1.054473,-1.011106,-0.8888243,0.2217192,8.564984,-32.50091,-36.62963
25680.,-1.097818,-1.055453,-0.9350447,0.1790405,8.435598,-32.57977,-36.44122
25690.,-1.141325,-1.099947,-0.9814673,0.1362274,8.306969,-32.6583,-36.25333
25700.,-1.184989,-1.144583,-1.028089,0.0932821,8.179088,-32.73649,-36.06596
25710.,-1.228809,-1.189361,-1.074908,0.05020698,8.051946,-32.81436,-35.8791
25720.,-1.272783,-1.234278,-1.121921,0.007004235,7.925536,-32.89189,-35.69275
25730.,-1.316907,-1.279332,-1.169124,-0.03632391,7.799848,-32.96911,-35.50691
25740.,-1.36118,-1.32452,-1.216516,-0.0797753,7.674874,-33.046,-35.32158
25750.,-1.405598,-1.369841,-1.264093,-0.1233478,7.550607,-33.12257,-35.13673
25760.,-1.450161,-1.415291,-1.311853,-0.1670392,7.427038,-33.19884,-34.95239
25770.,-1.494865,-1.46087,-1.359794,-0.2108475,7.304159,-33.27479,-34.76853
25780.,-1.539709,-1.506575,-1.407912,-0.2547707,7.181962,-33.35043,-34.58515
25790.,-1.58469,-1.552404,-1.456206,-0.2988066,7.06044,-33.42577,-34.40226
25800.,-1.629806,-1.598356,-1.504672,-0.3429534,6.939586,-33.50081,-34.21984
25810.,-1.675054,-1.644427,-1.553308,-0.3872089,6.819391,-33.57556,-34.03789
25820.,-1.720434,-1.690616,-1.602112,-0.4315714,6.699848,-33.65,-33.85642
25830.,-1.765941,-1.736922,-1.651081,-0.4760388,6.58095,-33.72416,-33.6754
25840.,-1.811576,-1.783341,-1.700214,-0.5206093,6.462689,-33.79803,-33.49485
25850.,-1.857335,-1.829874,-1.749506,-0.565281,6.345059,-33.87161,-33.31476
25860.,-1.903217,-1.876516,-1.798957,-0.610052,6.228053,-33.94491,-33.13511
25870.,-1.949219,-1.923268,-1.848564,-0.6549207,6.111663,-34.01793,-32.95592
25880.,-1.995339,-1.970126,-1.898325,-0.699885,5.995882,-34.09067,-32.77718
25890.,-2.041577,-2.01709,-1.948237,-0.7449434,5.880705,-34.16314,-32.59887
25900.,-2.087929,-2.064156,-1.998298,-0.7900941,5.766124,-34.23533,-32.42101
25910.,-2.134394,-2.111325,-2.048506,-0.8353353,5.652133,-34.30726,-32.24358
25920.,-2.18097,-2.158593,-2.098859,-0.8806654,5.538724,-34.37892,-32.06659
25930.,-2.227655,-2.20596,-2.149355,-0.9260827,5.425893,-34.45032,-31.89002
25940.,-2.274448,-2.253423,-2.199992,-0.9715855,5.313632,-34.52146,-31.71387
25950.,-2.321347,-2.300982,-2.250767,-1.017172,5.201935,-34.59233,-31.53815
25960.,-2.368349,-2.348633,-2.301679,-1.062841,5.090796,-34.66296,-31.36285
25970.,-2.415453,-2.396376,-2.352725,-1.108591,4.980209,-34.73333,-31.18797
25980.,-2.462658,-2.44421,-2.403904,-1.15442,4.870168,-34.80345,-31.01349
25990.,-2.509962,-2.492132,-2.455214,-1.200327,4.760667,-34.87332,-30.83943
26000.,-2.557363,-2.540141,-2.506652,-1.24631,4.651701,-34.94294,-30.66577
26010.,-2.604859,-2.588236,-2.558218,-1.292367,4.543262,-35.01232,-30.49252
26020.,-2.652449,-2.636414,-2.609908,-1.338498,4.435346,-35.08146,-30.31966
26030.,-2.700131,-2.684676,-2.6617,-1.3847,4.327918,-35.15006,-30.1507
26040.,-2.747902,-2.733019,-2.713573,-1.430974,4.220947,-35.21787,-29.98494
26050.,-2.79576,-2.781441,-2.765527,-1.477316,4.114429,-35.2849,-29.81955
26060.,-2.843703,-2.82994,-2.817559,-1.523725,4.008361,-35.35117,-29.65452
26070.,-2.891728,-2.878515,-2.869667,-1.5702,3.902738,-35.41667,-29.48985
26080.,-2.939835,-2.927164,-2.92185,-1.616738,3.797555,-35.48141,-29.32554
26090.,-2.988021,-2.975884,-2.974105,-1.663338,3.692809,-35.54541,-29.16158
26100.,-3.036284,-3.024674,-3.02643,-1.709997,3.588494,-35.60867,-28.99798
26110.,-3.084621,-3.073532,-3.078824,-1.756714,3.484608,-35.67119,-28.83472
26120.,-3.133033,-3.122456,-3.131286,-1.803487,3.381146,-35.73299,-28.6718
26130.,-3.181515,-3.171445,-3.183812,-1.850315,3.278104,-35.79407,-28.50923
26140.,-3.230067,-3.220496,-3.236402,-1.897195,3.175477,-35.85443,-28.347
26150.,-3.278687,-3.269609,-3.289054,-1.944127,3.073263,-35.91409,-28.18511
26160.,-3.327373,-3.318781,-3.341765,-1.991107,2.971457,-35.97306,-28.02355
26170.,-3.376123,-3.36801,-3.394535,-2.038136,2.870056,-36.03132,-27.86232
26180.,-3.424935,-3.417295,-3.447362,-2.08521,2.769055,-36.08891,-27.70142
26190.,-3.473809,-3.466635,-3.500244,-2.132328,2.668451,-36.14581,-27.54085
26200.,-3.522741,-3.516027,-3.55318,-2.17949,2.568241,-36.20204,-27.38061
26210.,-3.57173,-3.56547,-3.606167,-2.226692,2.46842,-36.25761,-27.22068
26220.,-3.620776,-3.614963,-3.659204,-2.273935,2.368985,-36.31251,-27.06108
26230.,-3.669875,-3.664504,-3.712291,-2.321215,2.269932,-36.36676,-26.9018
26240.,-3.719027,-3.714092,-3.765424,-2.368532,2.171259,-36.42037,-26.74283
26250.,-3.768229,-3.763724,-3.818604,-2.415885,2.072961,-36.47333,-26.58417
26260.,-3.817482,-3.8134,-3.871828,-2.463271,1.975035,-36.52565,-26.42582
26270.,-3.866781,-3.863117,-3.925094,-2.510689,1.877478,-36.57735,-26.26778
26280.,-3.916127,-3.912876,-3.978402,-2.558138,1.780286,-36.62842,-26.11005
26290.,-3.965518,-3.962673,-4.03175,-2.605617,1.683456,-36.67887,-25.95262
26300.,-4.014952,-4.012508,-4.085136,-2.653123,1.586985,-36.72871,-25.7955
26310.,-4.064428,-4.06238,-4.138559,-2.700656,1.49087,-36.77794,-25.63867
26320.,-4.113944,-4.112286,-4.192018,-2.748215,1.395107,-36.82657,-25.48214
26330.,-4.163499,-4.162226,-4.245512,-2.795798,1.299693,-36.8746,-25.32591
26340.,-4.213092,-4.212198,-4.299039,-2.843403,1.204626,-36.92204,-25.16997
26350.,-4.262721,-4.262201,-4.352597,-2.891029,1.109901,-36.9689,-25.01432
26360.,-4.312384,-4.312234,-4.406186,-2.938676,1.015517,-37.01517,-24.85897
26370.,-4.362081,-4.362294,-4.459805,-2.986342,0.9214696,-37.06087,-24.7039
26380.,-4.41181,-4.412382,-4.513451,-3.034025,0.8277563,-37.106,-24.54911
26390.,-4.461569,-4.462496,-4.567123,-3.081724,0.7343742,-37.15057,-24.39461
26400.,-4.511358,-4.512634,-4.620822,-3.129439,0.6413203,-37.19458,-24.24039
26410.,-4.561176,-4.562796,-4.674544,-3.177167,0.5485918,-37.23803,-24.08645
26420.,-4.61102,-4.612979,-4.72829,-3.224909,0.456186,-37.28093,-23.93279
26430.,-4.660889,-4.663184,-4.782057,-3.272661,0.3640999,-37.32328,-23.7794
26440.,-4.710783,-4.713408,-4.835845,-3.320425,0.2723308,-37.3651,-23.62629
26450.,-4.7607,-4.763651,-4.889653,-3.368197,0.1808761,-37.40638,-23.47345
26460.,-4.81064,-4.813911,-4.943479,-3.415978,0.08973296,-37.44712,-23.32089
26470.,-4.860599,-4.864188,-4.997322,-3.463766,-0.00110124,-37.48735,-23.16859
26480.,-4.910579,-4.91448,-5.051182,-3.51156,-0.09162912,-37.52705,-23.01656
26490.,-4.960577,-4.964786,-5.105057,-3.559358,-0.1818533,-37.56623,-22.86479
26500.,-5.010592,-5.015105,-5.158938,-3.607162,-0.2717764,-37.60477,-22.72107
26510.,-5.060625,-5.065436,-5.212805,-3.654972,-0.3614011,-37.6423,-22.60171
26520.,-5.110673,-5.115779,-5.266655,-3.70279,-0.4507295,-37.67881,-22.48251
26530.,-5.160734,-5.166131,-5.320487,-3.750614,-0.5397633,-37.71432,-22.36347
26540.,-5.210808,-5.216491,-5.3743,-3.798442,-0.6285047,-37.74883,-22.24458
26550.,-5.260892,-5.266857,-5.428092,-3.846274,-0.7169555,-37.78237,-22.12586
26560.,-5.310985,-5.317229,-5.481863,-3.894107,-0.8051175,-37.81492,-22.00728
26570.,-5.361085,-5.367603,-5.535611,-3.94194,-0.8929927,-37.84651,-21.88887
26580.,-5.411191,-5.417979,-5.589334,-3.989771,-0.980583,-37.87714,-21.7706
26590.,-5.461302,-5.468356,-5.643032,-4.0376,-1.06789,-37.90682,-21.65249
26600.,-5.511415,-5.518732,-5.696704,-4.085423,-1.154916,-37.93556,-21.53453
26610.,-5.56153,-5.569105,-5.750347,-4.133241,-1.241662,-37.96337,-21.41671
26620.,-5.611644,-5.619474,-5.803962,-4.181052,-1.32813,-37.99025,-21.29905
26630.,-5.661283,-5.669603,-5.857168,-4.228577,-1.021012,-38.01611,-21.50135
26640.,-5.709923,-5.719277,-5.909566,-4.275577,-0.7166834,-38.04008,-22.01181
26650.,-5.757569,-5.768497,-5.961162,-4.322087,-0.4151233,-38.06217,-22.52512
26660.,-5.804228,-5.817264,-6.011959,-4.368108,-0.1163117,-38.0824,-23.04134
26670.,-5.849905,-5.865578,-6.061961,-4.413642,0.1797717,-38.10078,-23.5605
26680.,-5.894606,-5.913442,-6.111173,-4.458691,0.473147,-38.11733,-24.08265
26690.,-5.938338,-5.960855,-6.1596,-4.503255,0.7638346,-38.13206,-24.60783
26700.,-5.981105,-6.00782,-6.207245,-4.547337,1.051855,-38.145,-25.13608
26710.,-6.022915,-6.054336,-6.254112,-4.590939,1.337227,-38.15615,-25.66746
26720.,-6.063772,-6.100407,-6.300206,-4.634061,1.619973,-38.16553,-26.202
26730.,-6.103684,-6.146032,-6.345531,-4.676705,1.900111,-38.17317,-26.73976
26740.,-6.142654,-6.191213,-6.390092,-4.718874,2.177663,-38.17906,-27.28079
26750.,-6.18069,-6.235951,-6.433892,-4.760569,2.452648,-38.18324,-27.82514
26760.,-6.217797,-6.280248,-6.476936,-4.801791,2.725087,-38.18571,-28.37286
26770.,-6.25398,-6.324105,-6.519227,-4.842543,2.994999,-38.18649,-28.924
26780.,-6.289246,-6.367523,-6.560771,-4.882825,3.262404,-38.1856,-29.47862
26790.,-6.3236,-6.410504,-6.601571,-4.922641,3.527323,-38.18304,-30.03677
26800.,-6.357047,-6.453048,-6.641632,-4.961991,3.789776,-38.17884,-30.59852
26810.,-6.389594,-6.495158,-6.680958,-5.000878,4.049781,-38.17301,-31.16391
26820.,-6.421246,-6.536835,-6.719552,-5.039304,4.307361,-38.16556,-31.73301
26830.,-6.452009,-6.578081,-6.757419,-5.077269,4.562533,-38.1565,-32.30589
26840.,-6.481888,-6.618896,-6.794564,-5.114777,4.815318,-38.14586,-32.8826
26850.,-6.510888,-6.659282,-6.83099,-5.151828,5.065736,-38.13365,-33.46321
26860.,-6.539016,-6.699241,-6.866701,-5.188425,5.313806,-38.11988,-34.04779
26870.,-6.566277,-6.738774,-6.901702,-5.22457,5.559548,-38.10456,-34.63641
26880.,-6.592676,-6.777882,-6.935996,-5.260265,5.802982,-38.08771,-35.22913
26890.,-6.618218,-6.816568,-6.969588,-5.295511,6.044127,-38.06934,-35.82603
26900.,-6.64291,-6.854833,-7.002483,-5.33031,6.283002,-38.04946,-36.42718
26910.,-6.666756,-6.892679,-7.034682,-5.364665,6.519628,-38.0281,-37.03266
26920.,-6.689762,-6.930106,-7.066192,-5.398577,6.754022,-38.00525,-37.64254
26930.,-6.711934,-6.967116,-7.097016,-5.432048,6.986206,-37.98095,-38.25692
26940.,-6.733275,-7.003712,-7.127158,-5.46508,7.216197,-37.95519,-38.87586
26950.,-6.753793,-7.039895,-7.156622,-5.497676,7.444015,-37.92799,-39.49946
26960.,-6.773492,-7.075665,-7.185411,-5.529837,7.669679,-37.89937,-40.1278
26970.,-6.792377,-7.111026,-7.213531,-5.561564,7.893208,-37.86934,-40.76098
26980.,-6.810786,-7.145444,-7.240081,-5.592833,8.114618,-37.83722,-41.09841
26990.,-6.82874,-7.178888,-7.265008,-5.623616,8.333929,-37.80299,-41.41621
27000.,-6.84624,-7.211361,-7.288322,-5.653911,8.551164,-37.76666,-41.73499
27010.,-6.863285,-7.242868,-7.310034,-5.683718,8.766343,-37.72825,-42.05476
27020.,-6.879874,-7.273412,-7.330154,-5.713036,8.979486,-37.68778,-42.37554
27030.,-6.896008,-7.302998,-7.34869,-5.741867,9.190616,-37.64527,-42.69732
27040.,-6.911685,-7.331629,-7.365654,-5.77021,9.399753,-37.60073,-43.02013
27050.,-6.926905,-7.359311,-7.381054,-5.798065,9.606917,-37.55418,-43.34396
27060.,-6.941669,-7.386046,-7.3949,-5.825432,9.81213,-37.50563,-43.66883
27070.,-6.955976,-7.411839,-7.407201,-5.852312,10.01541,-37.45512,-43.99475
27080.,-6.969825,-7.436694,-7.417968,-5.878705,10.21678,-37.40264,-44.32173
27090.,-6.983216,-7.460615,-7.42721,-5.90461,10.41626,-37.34822,-44.64977
27100.,-6.996149,-7.483606,-7.434935,-5.930029,10.61387,-37.29188,-44.9789
27110.,-7.008625,-7.50567,-7.441154,-5.954961,10.80963,-37.23363,-45.30911
27120.,-7.020641,-7.526812,-7.445874,-5.979406,11.00356,-37.17348,-45.64042
27130.,-7.032199,-7.547036,-7.449106,-6.003366,11.19568,-37.11146,-45.97284
27140.,-7.043299,-7.566345,-7.450859,-6.026839,11.38601,-37.04759,-46.30639
27150.,-7.053939,-7.584743,-7.451141,-6.049827,11.57456,-36.98186,-46.64107
27160.,-7.064121,-7.602234,-7.449961,-6.072329,11.76137,-36.91431,-46.97689
27170.,-7.073843,-7.618822,-7.447328,-6.094345,11.94644,-36.84495,-47.31386
27180.,-7.083106,-7.63451,-7.443252,-6.115877,12.1298,-36.77379,-47.652
27190.,-7.09191,-7.649303,-7.43774,-6.136925,12.31146,-36.70086,-47.99132
27200.,-7.100254,-7.663203,-7.430801,-6.157487,12.49145,-36.62615,-48.33183
27210.,-7.108139,-7.676216,-7.422444,-6.177566,12.66978,-36.5497,-48.67354
27220.,-7.115564,-7.688344,-7.412678,-6.197161,12.84648,-36.47152,-49.01646
27230.,-7.122529,-7.69959,-7.401511,-6.216272,13.02155,-36.39162,-49.36061
27240.,-7.129035,-7.70996,-7.388951,-6.234901,13.19503,-36.31001,-49.706
27250.,-7.135081,-7.719455,-7.375006,-6.253046,13.36692,-36.22671,-50.05264
27260.,-7.140667,-7.728081,-7.359686,-6.270709,13.53725,-36.14174,-50.40055
27270.,-7.145794,-7.735839,-7.342998,-6.287889,13.70603,-36.05512,-50.74973
27280.,-7.150461,-7.742735,-7.32495,-6.304588,13.87329,-35.96685,-51.10021
27290.,-7.154668,-7.748771,-7.30555,-6.320805,14.03904,-35.87695,-51.45199
27300.,-7.158415,-7.75395,-7.284808,-6.33654,14.20329,-35.78544,-51.80509
27310.,-7.161703,-7.758277,-7.262729,-6.351795,14.36607,-35.69232,-52.15953
27320.,-7.164531,-7.761755,-7.239324,-6.366569,14.52739,-35.59762,-52.51531
27330.,-7.166899,-7.764387,-7.214598,-6.380863,14.68727,-35.50135,-52.87245
27340.,-7.168808,-7.766176,-7.188561,-6.394676,14.84574,-35.40353,-53.23097
27350.,-7.170257,-7.767125,-7.161219,-6.40801,15.00279,-35.30416,-53.59088
27360.,-7.171247,-7.767239,-7.132582,-6.420865,15.15846,-35.20326,-53.9522
27370.,-7.171777,-7.76652,-7.102656,-6.43324,15.31276,-35.10085,-54.31494
27380.,-7.171847,-7.764972,-7.071448,-6.445137,15.4657,-34.99694,-54.67912
27390.,-7.171458,-7.762598,-7.038967,-6.456555,15.6173,-34.89154,-55.04476
27400.,-7.17061,-7.759401,-7.00522,-6.467495,15.76758,-34.78467,-55.41186
27410.,-7.169302,-7.755384,-6.970215,-6.477958,15.91656,-34.67634,-55.78045
27420.,-7.167535,-7.750551,-6.933959,-6.487943,16.06425,-34.56656,-56.15055
27430.,-7.165309,-7.744904,-6.896458,-6.49745,16.21067,-34.45535,-56.52216
27440.,-7.162624,-7.738448,-6.857722,-6.506481,16.35583,-34.34272,-56.89532
27450.,-7.159353,-7.731304,-6.818421,-6.514994,16.49966,-34.2286,-56.67583
27460.,-7.155423,-7.723549,-6.778956,-6.522924,16.64213,-34.11293,-56.10694
27470.,-7.150836,-7.715185,-6.739323,-6.530248,16.78324,-33.99575,-55.54201
27480.,-7.145598,-7.706214,-6.699524,-6.536971,16.92303,-33.87706,-54.98097
27490.,-7.13971,-7.69664,-6.659555,-6.543094,17.06149,-33.75689,-54.42376
27500.,-7.133176,-7.686465,-6.619418,-6.548621,17.19865,-33.63524,-53.87032
27510.,-7.125999,-7.675692,-6.579109,-6.553554,17.33452,-33.51213,-53.32059
27520.,-7.118182,-7.664324,-6.53863,-6.557895,17.46912,-33.38759,-52.77449
27530.,-7.109729,-7.652363,-6.497979,-6.561649,17.60246,-33.26162,-52.23199
27540.,-7.100643,-7.639812,-6.457155,-6.564816,17.73456,-33.13424,-51.69301
27550.,-7.090927,-7.626674,-6.416156,-6.567401,17.86543,-33.00546,-51.15751
27560.,-7.080583,-7.612951,-6.374984,-6.569404,17.99509,-32.87531,-50.62543
27570.,-7.069615,-7.598646,-6.333635,-6.570831,18.12355,-32.74379,-50.09672
27580.,-7.058027,-7.583761,-6.29211,-6.571681,18.25082,-32.61093,-49.57132
27590.,-7.04582,-7.568299,-6.250408,-6.571959,18.37693,-32.47673,-49.04918
27600.,-7.032998,-7.552263,-6.208528,-6.571667,18.50189,-32.34121,-48.53026
27610.,-7.019564,-7.535654,-6.166469,-6.570807,18.6257,-32.20439,-48.01451
27620.,-7.005521,-7.518476,-6.124231,-6.569382,18.74839,-32.06628,-47.50188
27630.,-6.990871,-7.500731,-6.081811,-6.567394,18.86996,-31.92689,-46.99233
27640.,-6.975619,-7.482422,-6.039211,-6.564846,18.99044,-31.78625,-46.4858
27650.,-6.959765,-7.46355,-5.996429,-6.56174,19.10984,-31.64436,-45.98226
27660.,-6.943314,-7.444118,-5.953463,-6.558079,19.22816,-31.50124,-45.48167
27670.,-6.926268,-7.424129,-5.910314,-6.553864,19.34542,-31.3569,-44.98398
27680.,-6.90863,-7.403585,-5.866981,-6.549099,19.46165,-31.21136,-44.48915
27690.,-6.890402,-7.382489,-5.823463,-6.543785,19.57684,-31.06464,-43.99714
27700.,-6.871588,-7.360842,-5.779759,-6.537925,19.69101,-30.91674,-43.50791
27710.,-6.85219,-7.338647,-5.735868,-6.531521,19.80418,-30.76768,-43.02143
27720.,-6.83221,-7.315906,-5.69179,-6.524575,19.91636,-30.61747,-42.53766
27730.,-6.811652,-7.292622,-5.647524,-6.51709,20.02756,-30.46614,-42.05655
27740.,-6.790518,-7.268796,-5.603069,-6.509067,20.1378,-30.31368,-41.57808
27750.,-6.768811,-7.244432,-5.558425,-6.50051,20.24708,-30.16012,-41.10221
27760.,-6.746533,-7.219531,-5.51359,-6.49142,20.35542,-30.00547,-40.6289
27770.,-6.723686,-7.194095,-5.468565,-6.481799,20.46283,-29.84974,-40.15812
27780.,-6.700274,-7.168127,-5.423348,-6.471649,20.56933,-29.69295,-39.68985
27790.,-6.676299,-7.141628,-5.377939,-6.460973,20.67493,-29.5351,-39.22403
27800.,-6.651763,-7.114602,-5.332337,-6.449773,20.77963,-29.37622,-38.76066
27810.,-6.626669,-7.087049,-5.286541,-6.43805,20.88346,-29.21631,-38.29968
27820.,-6.601019,-7.058973,-5.240551,-6.425807,20.98641,-29.05539,-37.84108
27830.,-6.574816,-7.030375,-5.194366,-6.413045,21.08852,-28.89348,-37.38482
27840.,-6.548062,-7.001257,-5.147985,-6.399767,21.18977,-28.73058,-36.93088
27850.,-6.520759,-6.971621,-5.101408,-6.385975,21.2902,-28.5667,-36.47922
27860.,-6.49291,-6.94147,-5.054634,-6.371671,21.3898,-28.40186,-36.02982
27870.,-6.464518,-6.910805,-5.007662,-6.356855,21.4886,-28.23608,-35.58264
27880.,-6.435583,-6.879628,-4.960492,-6.341532,21.58659,-28.06936,-35.13767
27890.,-6.40611,-6.847942,-4.913123,-6.325701,21.6838,-27.90173,-34.69488
27900.,-6.3761,-6.815748,-4.865555,-6.309366,21.78024,-27.73318,-34.25423
27910.,-6.345555,-6.783048,-4.817786,-6.292528,21.87591,-27.56373,-33.81571
27920.,-6.314527,-6.749887,-4.770022,-6.275164,21.97087,-27.39374,-33.1118
27930.,-6.283121,-6.716357,-4.722699,-6.257196,22.06522,-27.22397,-31.85101
27940.,-6.251341,-6.682462,-4.675812,-6.238573,22.15899,-27.05442,-30.60931
27950.,-6.219189,-6.648205,-4.629357,-6.219303,22.25216,-26.88508,-29.38602
27960.,-6.186669,-6.613588,-4.58333,-6.199389,22.34476,-26.71597,-28.18052
27970.,-6.153783,-6.578613,-4.537726,-6.178837,22.43678,-26.54707,-26.9922
27980.,-6.120534,-6.543284,-4.492542,-6.157651,22.52823,-26.37839,-25.8205
27990.,-6.086925,-6.507604,-4.447771,-6.135838,22.61913,-26.20993,-24.66489
28000.,-6.052959,-6.471574,-4.403412,-6.113401,22.70946,-26.04169,-23.52485
28010.,-6.018638,-6.435198,-4.359458,-6.090346,22.79925,-25.87368,-22.3999
28020.,-5.983966,-6.398479,-4.315907,-6.066678,22.8885,-25.70589,-21.28957
28030.,-5.948944,-6.361418,-4.272753,-6.042402,22.97721,-25.53832,-20.19342
28040.,-5.913576,-6.324018,-4.229993,-6.017522,23.06539,-25.37098,-19.11104
28050.,-5.877865,-6.286283,-4.187623,-5.992044,23.15305,-25.20386,-18.04201
28060.,-5.841812,-6.248214,-4.145639,-5.965971,23.24019,-25.03697,-16.98597
28070.,-5.805422,-6.209814,-4.104036,-5.93931,23.32683,-24.87031,-15.94255
28080.,-5.768695,-6.171086,-4.062811,-5.912064,23.41295,-24.70388,-14.91139
28090.,-5.731636,-6.132032,-4.021959,-5.884238,23.49858,-24.53768,-13.89216
28100.,-5.694246,-6.092655,-3.981478,-5.855837,23.58371,-24.3717,-12.88454
28110.,-5.656528,-6.052957,-3.941362,-5.826866,23.66836,-24.20596,-11.88822
28120.,-5.618484,-6.01294,-3.901609,-5.797328,23.75252,-24.04044,-10.90291
28130.,-5.580118,-5.972607,-3.862213,-5.767229,23.83621,-23.87516,-9.928324
28140.,-5.541432,-5.93196,-3.823172,-5.736573,23.91942,-23.71011,-8.964195
28150.,-5.502427,-5.891003,-3.784482,-5.705364,24.00218,-23.54529,-8.010259
28160.,-5.463107,-5.849736,-3.746139,-5.673607,24.08447,-23.3807,-7.066267
28170.,-5.423474,-5.808163,-3.708139,-5.641307,24.16631,-23.21635,-6.131977
28180.,-5.38353,-5.766285,-3.670478,-5.608466,24.2477,-23.05224,-5.207158
28190.,-5.343279,-5.724106,-3.633153,-5.575091,24.32865,-22.88835,-4.291585
28200.,-5.302721,-5.681627,-3.596161,-5.541185,24.40916,-22.72471,-3.385045
28210.,-5.26186,-5.63885,-3.559498,-5.506752,24.48924,-22.5613,-2.487329
28220.,-5.220698,-5.595779,-3.523159,-5.471797,24.56889,-22.39812,-1.598237
28230.,-5.179238,-5.552414,-3.487143,-5.436323,24.64812,-22.23518,-0.7175779
28240.,-5.137481,-5.50876,-3.451444,-5.400335,24.72693,-22.07248,0.1548359
28250.,-5.09543,-5.464816,-3.41606,-5.363837,24.80533,-21.91002,1.019184
28260.,-5.053086,-5.420587,-3.380988,-5.326833,24.88333,-21.74779,1.87564
28270.,-5.010454,-5.376073,-3.346223,-5.289328,24.96092,-21.5858,2.724371
28280.,-4.967534,-5.331278,-3.311763,-5.251324,25.03812,-21.42405,3.56554
28290.,-4.924329,-5.286203,-3.277603,-5.212826,25.11492,-21.26254,4.399304
28300.,-4.880841,-5.24085,-3.243742,-5.173839,25.19134,-21.10127,5.225815
28310.,-4.837072,-5.195222,-3.210175,-5.134365,25.26737,-20.94024,6.045219
28320.,-4.793025,-5.149321,-3.176899,-5.094409,25.34303,-20.77945,6.85766
28330.,-4.748701,-5.103148,-3.143911,-5.053975,25.41831,-20.61889,7.663275
28340.,-4.704103,-5.056706,-3.111208,-5.013067,25.49322,-20.45858,8.462197
28350.,-4.659233,-5.009997,-3.078786,-4.971687,25.56778,-20.29851,9.254557
28360.,-4.614092,-4.963022,-3.046643,-4.929841,25.64197,-20.13868,10.04048
28370.,-4.568684,-4.915785,-3.014774,-4.887532,25.7158,-19.97909,10.82009
28380.,-4.52301,-4.868286,-2.983178,-4.844763,25.78929,-19.81974,11.5935
28390.,-4.477074,-4.82053,-2.951851,-4.801538,25.86243,-19.66066,12.36086
28400.,-4.431063,-4.772713,-2.920798,-4.757862,25.93524,-19.50432,13.12535
28410.,-4.384981,-4.724838,-2.890018,-4.713743,26.00772,-19.3507,13.88392
28420.,-4.338833,-4.676908,-2.859513,-4.669187,26.07987,-19.19977,14.63668
28430.,-4.292621,-4.628929,-2.829284,-4.624201,26.15169,-19.0515,15.38374
28440.,-4.246349,-4.580902,-2.79933,-4.578792,26.22319,-18.90585,16.12519
28450.,-4.200022,-4.532833,-2.769653,-4.532968,26.29435,-18.76281,16.86114
28460.,-4.153644,-4.484725,-2.740252,-4.486736,26.36519,-18.62234,17.59167
28470.,-4.107217,-4.436581,-2.71113,-4.440102,26.4357,-18.48442,18.31687
28480.,-4.060747,-4.388405,-2.682285,-4.393073,26.50589,-18.34901,19.03685
28490.,-4.014236,-4.340201,-2.653718,-4.345657,26.57575,-18.21609,19.75168
28500.,-3.967688,-4.291972,-2.625431,-4.297859,26.64528,-18.08564,20.46144
28510.,-3.921106,-4.243721,-2.597423,-4.249687,26.71449,-17.95762,21.16623
28520.,-3.874495,-4.195453,-2.569696,-4.201148,26.78338,-17.832,21.86611
28530.,-3.827858,-4.14717,-2.542249,-4.152247,26.85194,-17.70876,22.56118
28540.,-3.781199,-4.098876,-2.515083,-4.102992,26.92018,-17.58788,23.2515
28550.,-3.73452,-4.050574,-2.488199,-4.053389,26.98809,-17.46933,23.93715
28560.,-3.687826,-4.002268,-2.461598,-4.003445,27.05569,-17.35308,24.6182
28570.,-3.641119,-3.953961,-2.435278,-3.953165,27.12296,-17.2391,25.29473
28580.,-3.594404,-3.905656,-2.409242,-3.902557,27.18992,-17.12737,25.96679
28590.,-3.547684,-3.857357,-2.383489,-3.851626,27.25655,-17.01787,26.63447
28600.,-3.500961,-3.809067,-2.358021,-3.800379,27.32286,-16.91056,27.29782
28610.,-3.454239,-3.760788,-2.332836,-3.748821,27.38886,-16.80543,27.95691
28620.,-3.407522,-3.712525,-2.307937,-3.69696,27.45453,-16.70245,28.61181
28630.,-3.360813,-3.66428,-2.283323,-3.644801,27.51989,-16.60159,29.26256
28640.,-3.314115,-3.616056,-2.258994,-3.592349,27.58493,-16.50283,29.90924
28650.,-3.26743,-3.567857,-2.234952,-3.539612,27.64965,-16.40615,30.5519
28660.,-3.220763,-3.519685,-2.211196,-3.486595,27.71406,-16.31152,31.1906
28670.,-3.174116,-3.471543,-2.187727,-3.433304,27.77815,-16.21891,31.82539
28680.,-3.127493,-3.423435,-2.164545,-3.379744,27.84193,-16.12832,32.45633
28690.,-3.080896,-3.375363,-2.141651,-3.325922,27.90539,-16.0397,33.08348
28700.,-3.034328,-3.32733,-2.119045,-3.271843,27.96854,-15.95304,33.70688
28710.,-2.987792,-3.27934,-2.096727,-3.217512,28.03137,-15.86832,34.32659
28720.,-2.941292,-3.231394,-2.074698,-3.162936,28.09389,-15.78551,34.94265
28730.,-2.89483,-3.183496,-2.052958,-3.10812,28.1561,-15.7046,35.55511
28740.,-2.848409,-3.135648,-2.031507,-3.053069,28.218,-15.62555,36.16403
28750.,-2.802032,-3.087854,-2.010346,-2.997789,28.27959,-15.54835,36.76945
28760.,-2.755702,-3.040116,-1.989475,-2.942286,28.34087,-15.47298,37.37141
28770.,-2.709421,-2.992436,-1.968893,-2.886563,28.40183,-15.39941,37.96997
28780.,-2.663192,-2.944817,-1.948603,-2.830628,28.46249,-15.32762,38.56516
28790.,-2.617018,-2.897263,-1.928603,-2.774485,28.52284,-15.25759,39.15702
28800.,-2.570902,-2.849774,-1.908894,-2.718139,28.58289,-15.18931,39.74561
28810.,-2.524846,-2.802355,-1.889476,-2.661595,28.64262,-15.12275,40.33095
28820.,-2.478853,-2.755007,-1.87035,-2.604859,28.70205,-15.05789,40.9131
28830.,-2.432925,-2.707734,-1.851516,-2.547936,28.76117,-14.99471,41.49209
28840.,-2.387065,-2.660537,-1.832973,-2.49083,28.81999,-14.93319,42.06796
28850.,-2.341276,-2.613419,-1.814723,-2.433546,28.8785,-14.87331,42.64075
28860.,-2.295559,-2.566382,-1.796765,-2.37609,28.93671,-14.81506,43.2105
28870.,-2.250027,-2.519537,-1.778828,-2.318562,28.99472,-14.75924,43.34761
28880.,-2.204729,-2.472933,-1.760801,-2.261102,29.05256,-14.70619,43.30263
28890.,-2.159667,-2.426571,-1.742689,-2.203754,29.11024,-14.65586,43.25762
28900.,-2.114843,-2.380454,-1.724498,-2.146523,29.16776,-14.60823,43.21257
28910.,-2.07026,-2.334585,-1.706233,-2.089412,29.22511,-14.56327,43.16748
28920.,-2.02592,-2.288966,-1.6879,-2.032424,29.28228,-14.52093,43.12234
28930.,-1.981826,-2.243598,-1.669502,-1.975564,29.33928,-14.48119,43.07716
28940.,-1.937979,-2.198484,-1.651046,-1.918834,29.39611,-14.44402,43.03194
28950.,-1.894382,-2.153627,-1.632536,-1.862239,29.45275,-14.40939,42.98667
28960.,-1.851037,-2.109029,-1.613978,-1.805782,29.50921,-14.37726,42.94135
28970.,-1.807946,-2.064691,-1.595376,-1.749466,29.56549,-14.3476,42.89598
28980.,-1.765112,-2.020616,-1.576736,-1.693295,29.62159,-14.32039,42.85057
28990.,-1.722536,-1.976805,-1.558061,-1.637272,29.67749,-14.29559,42.8051
29000.,-1.68022,-1.933262,-1.539357,-1.5814,29.73321,-14.27317,42.75958
29010.,-1.638168,-1.889987,-1.520628,-1.525682,29.78873,-14.25311,42.71401
29020.,-1.59638,-1.846983,-1.501879,-1.470122,29.84405,-14.23538,42.66839
29030.,-1.554858,-1.804252,-1.483115,-1.414723,29.89918,-14.21995,42.62271
29040.,-1.513605,-1.761795,-1.46434,-1.359489,29.95412,-14.20678,42.57697
29050.,-1.472622,-1.719615,-1.445558,-1.304421,30.00884,-14.19586,42.53118
29060.,-1.431912,-1.677713,-1.426774,-1.249523,30.06337,-14.18716,42.48534
29070.,-1.391475,-1.636091,-1.407993,-1.194799,30.11769,-14.18064,42.43943
29080.,-1.351315,-1.59475,-1.389218,-1.14025,30.17181,-14.17629,42.39347
29090.,-1.311432,-1.553694,-1.370454,-1.085881,30.22571,-14.17407,42.34744
29100.,-1.271828,-1.512922,-1.351705,-1.031693,30.27941,-14.17396,42.30135
29110.,-1.232506,-1.472438,-1.332976,-0.9776902,30.33289,-14.17594,42.25521
29120.,-1.193466,-1.432242,-1.314269,-0.9238747,30.38616,-14.17998,42.20899
29130.,-1.154711,-1.392336,-1.29559,-0.8702495,30.43922,-14.18605,42.16272
29140.,-1.116241,-1.352722,-1.276942,-0.8168171,30.49205,-14.19413,42.11638
29150.,-1.07806,-1.313402,-1.25833,-0.7635803,30.54467,-14.2042,42.06997
29160.,-1.040167,-1.274376,-1.239756,-0.7105417,30.59707,-14.21623,42.0235
29170.,-1.002565,-1.235646,-1.221226,-0.6577038,30.64924,-14.23021,41.97696
29180.,-0.9652552,-1.197214,-1.202742,-0.6050693,30.7012,-14.2461,41.93035
29190.,-0.9282389,-1.159081,-1.184309,-0.5526405,30.75292,-14.26388,41.88367
29200.,-0.8915178,-1.121249,-1.16593,-0.5004201,30.80442,-14.28353,41.83692
29210.,-0.855093,-1.083718,-1.147608,-0.4484103,30.85569,-14.30504,41.7901
29220.,-0.8189661,-1.046491,-1.129349,-0.3966137,30.90674,-14.32837,41.74321
29230.,-0.7831384,-1.009569,-1.111154,-0.3450325,30.95755,-14.3535,41.69624
29240.,-0.7476111,-0.9729518,-1.093027,-0.2936691,31.00813,-14.38043,41.6492
29250.,-0.7123856,-0.9366422,-1.074973,-0.2425257,31.05848,-14.40911,41.60209
29260.,-0.6774632,-0.9006408,-1.056994,-0.1916046,31.10859,-14.43954,41.5549
29270.,-0.642845,-0.864949,-1.039094,-0.140908,31.15847,-14.47169,41.50764
29280.,-0.6085323,-0.8295679,-1.021275,-0.0904381,31.20811,-14.50555,41.4603
29290.,-0.5745263,-0.7944986,-1.003542,-0.04019696,31.25752,-14.54109,41.41288
29300.,-0.5408281,-0.7597423,-0.985898,0.009813303,31.30668,-14.57829,41.36538
29310.,-0.5074389,-0.7253001,-0.9683453,0.05959061,31.35561,-14.61714,41.3178
29320.,-0.4743598,-0.691173,-0.9508876,0.1091329,31.40429,-14.65761,41.27015
29330.,-0.4415917,-0.6573621,-0.9335278,0.1584383,31.45273,-14.69969,41.22241
29340.,-0.4092051,-0.6237904,-0.9161472,0.2074132,31.50088,-14.74327,40.7508
29350.,-0.3773063,-0.5903399,-0.8985631,0.2558249,31.54863,-14.78818,39.62078
29360.,-0.3458948,-0.5570136,-0.8807814,0.3035341,31.59601,-14.8344,38.47819
29370.,-0.3149699,-0.5238144,-0.8628082,0.3505431,31.64299,-14.88194,37.32269
29380.,-0.2845312,-0.4907454,-0.8446496,0.3968541,31.6896,-14.93076,36.15395
29390.,-0.2545783,-0.4578095,-0.8263114,0.4424694,31.73582,-14.98086,34.9716
29400.,-0.2251105,-0.4250095,-0.8077995,0.4873913,31.78166,-15.03222,33.77528
29410.,-0.1961274,-0.3923484,-0.7891197,0.5316221,31.82712,-15.08483,32.5646
29420.,-0.1676284,-0.3598289,-0.7702779,0.5751641,31.8722,-15.13868,31.33915
29430.,-0.1396129,-0.3274538,-0.7512796,0.6180195,31.9169,-15.19375,30.09852
29440.,-0.1120805,-0.295226,-0.7321305,0.6601906,31.96122,-15.25004,28.84226
29450.,-0.08503051,-0.263148,-0.7128361,0.7016796,32.00516,-15.30753,27.56991
29460.,-0.05846241,-0.2312225,-0.6934019,0.7424889,32.04873,-15.3662,26.28098
29470.,-0.03237562,-0.1994523,-0.6738334,0.7826206,32.09191,-15.42606,24.97497
29480.,-0.006769535,-0.1678398,-0.6541359,0.822077,32.13473,-15.48707,23.65134
29490.,0.01835642,-0.1363877,-0.6343148,0.8608604,32.17716,-15.54924,22.30954
29500.,0.04300285,-0.1050985,-0.6143753,0.8989731,32.21923,-15.61255,20.94898
29510.,0.06717035,-0.07397462,-0.5943225,0.9364171,32.26092,-15.67699,19.56905
29520.,0.09085954,-0.04301859,-0.5741617,0.9731949,32.30224,-15.74255,18.16908
29530.,0.114071,-0.01223282,-0.5538978,1.009309,32.34318,-15.80922,16.7484
29540.,0.1368055,0.0183803,-0.533536,1.04476,32.38376,-15.87699,15.30628
29550.,0.1590635,0.04881842,-0.5130811,1.079553,32.42397,-15.94584,13.84196
29560.,0.1808457,0.0790792,-0.4925381,1.113687,32.4638,-16.01577,12.35463
29570.,0.2021528,0.1091604,-0.4719119,1.147167,32.50327,-16.08677,10.84344
29580.,0.2229853,0.1390597,-0.4512071,1.179994,32.54237,-16.15883,9.307476
29590.,0.243344,0.1687748,-0.4304286,1.21217,32.58111,-16.23193,7.745787
29600.,0.2632295,0.1983037,-0.4095811,1.243697,32.61948,-16.30607,6.157348
29610.,0.2826425,0.2276441,-0.3886691,1.274578,32.65748,-16.38124,4.541074
29620.,0.3015836,0.2567939,-0.3676974,1.304814,32.69512,-16.45743,2.895808
29630.,0.3200536,0.285751,-0.3466702,1.334409,32.7324,-16.53463,1.220314
29640.,0.338053,0.3145134,-0.3255923,1.363364,32.76932,-16.61283,-0.4867242
29650.,0.3555827,0.3430789,-0.3044679,1.391681,32.80587,-16.69202,-2.22672
29660.,0.3726432,0.3714456,-0.2833015,1.419362,32.84206,-16.7722,-4.001188
29670.,0.3892353,0.3996115,-0.2620973,1.44641,32.8779,-16.85334,-5.811754
29680.,0.4053596,0.4275747,-0.2408597,1.472827,32.91337,-16.93546,-7.660167
29690.,0.4210169,0.4553331,-0.2195928,1.498615,32.94849,-17.01853,-9.548316
29700.,0.4362079,0.4828851,-0.1983009,1.523776,32.98325,-17.10256,-11.47824
29710.,0.4509332,0.5102285,-0.176988,1.548312,33.01765,-17.18752,-13.45215
29720.,0.4651937,0.5373617,-0.1556582,1.572225,33.0517,-17.27342,-15.47245
29730.,0.47899,0.5642829,-0.1343156,1.595518,33.08539,-17.36025,-17.54174
29740.,0.4923228,0.5909901,-0.1129642,1.618192,33.11873,-17.44799,-19.66288
29750.,0.5051928,0.6174818,-0.09160773,1.64025,33.15172,-17.53665,-21.83898
29760.,0.5176009,0.6437561,-0.07025026,1.661694,33.18436,-17.62621,-24.07349
29770.,0.5295476,0.6698114,-0.04889556,1.682525,33.21664,-17.71667,-26.37016
29780.,0.5410338,0.695646,-0.02754745,1.702746,33.24858,-17.80802,-28.73317
29790.,0.5520602,0.7212582,-0.006209654,1.722359,33.28016,-17.90025,-31.16716
29800.,0.5626275,0.7466464,0.01511411,1.741366,33.3114,-17.99335,-33.67729
29810.,0.5727853,0.7717791,0.03643175,1.759788,33.34229,-18.08726,-36.074
29820.,0.5830498,0.7963393,0.05786153,1.777835,33.37283,-18.18126,-36.45058
29830.,0.5934182,0.8203308,0.07940064,1.795702,33.40303,-18.27535,-36.82908
29840.,0.6038881,0.8437574,0.1010464,1.813388,33.43289,-18.36954,-37.20953
29850.,0.6144568,0.8666233,0.1227962,1.830894,33.46241,-18.46383,-37.59195
29860.,0.6251219,0.8889322,0.1446474,1.848219,33.49159,-18.55821,-37.97636
29870.,0.635881,0.910688,0.1665975,1.865364,33.52044,-18.6527,-38.36279
29880.,0.6467316,0.9318946,0.1886439,1.882329,33.54896,-18.74729,-38.75126
29890.,0.6576712,0.9525557,0.210784,1.899114,33.57716,-18.84198,-39.14179
29900.,0.6686975,0.9726751,0.2330154,1.915719,33.60503,-18.93677,-39.53441
29910.,0.6798082,0.9922565,0.2553356,1.932144,33.63259,-19.03167,-39.92915
29920.,0.6910008,1.011304,0.2777422,1.94839,33.65982,-19.12668,-40.32602
29930.,0.7022731,1.02982,0.3002326,1.964457,33.68674,-19.2218,-40.72506
29940.,0.7136228,1.04781,0.3228046,1.980344,33.71334,-19.31703,-41.12629
29950.,0.7250476,1.065276,0.3454558,1.996053,33.73964,-19.41237,-41.52974
29960.,0.7365453,1.082222,0.3681837,2.011582,33.76563,-19.50782,-41.93544
29970.,0.7481137,1.098652,0.3909862,2.026933,33.79131,-19.60339,-42.34341
29980.,0.7597505,1.11457,0.4138608,2.042106,33.8167,-19.69908,-42.75369
29990.,0.7714536,1.129978,0.4368053,2.0571,33.84178,-19.79489,-43.1663
30000.,0.7832208,1.14488,0.4598175,2.071916,33.86657,-19.89081,-43.58127
30010.,0.7950501,1.15928,0.4828951,2.086554,33.89106,-19.98685,-43.99863
30020.,0.8069392,1.173182,0.5060359,2.101014,33.91526,-20.08302,-44.41842
30030.,0.8188862,1.186587,0.5292378,2.115297,33.93917,-20.17931,-44.84066
30040.,0.8308889,1.1995,0.5524985,2.129402,33.96279,-20.27573,-45.26539
30050.,0.8429454,1.211925,0.575816,2.14333,33.98613,-20.37227,-45.69265
30060.,0.8550536,1.223864,0.5991881,2.157081,34.00919,-20.46893,-46.12245
30070.,0.8672115,1.23532,0.6226128,2.170655,34.03196,-20.56573,-46.55485
30080.,0.8794171,1.246297,0.646088,2.184052,34.05446,-20.66265,-46.98987
30090.,0.8916685,1.256799,0.6696115,2.197273,34.07668,-20.75971,-47.42756
30100.,0.9039638,1.266827,0.6931815,2.210317,34.09863,-20.8569,-47.86794
30110.,0.9163011,1.276386,0.7167959,2.223186,34.12031,-20.95422,-48.31105
30120.,0.9286784,1.285478,0.7404527,2.235878,34.14172,-21.05168,-48.75694
30130.,0.9410939,1.294107,0.76415,2.248395,34.16286,-21.14927,-49.20564
30140.,0.9535457,1.302276,0.7878858,2.260736,34.18374,-21.247,-49.6572
30150.,0.9660321,1.309987,0.8116583,2.272901,34.20436,-21.34486,-50.11164
30160.,0.9780358,1.317052,0.8348589,2.284466,33.83219,-21.44273,-50.29175
30170.,0.9890738,1.323215,0.8568888,2.295026,33.46437,-21.54127,-50.27362
30180.,0.9991609,1.328492,0.8777649,2.304614,33.10082,-21.64046,-50.25629
30190.,1.008312,1.332896,0.8975037,2.313243,32.74147,-21.74029,-50.23973
30200.,1.01654,1.33644,0.9161214,2.32093,32.38626,-21.84074,-50.22394
30210.,1.023861,1.339138,0.9336341,2.327688,32.03511,-21.94182,-50.2089
30220.,1.030287,1.341002,0.9500574,2.333532,31.68797,-22.0435,-50.19461
30230.,1.035833,1.342046,0.9654066,2.338476,31.34476,-22.14578,-50.18104
30240.,1.040511,1.34228,0.979697,2.342534,31.00542,-22.24865,-50.1682
30250.,1.044334,1.341718,0.9929433,2.345718,30.66989,-22.35209,-50.15606
30260.,1.047314,1.340372,1.00516,2.348043,30.33811,-22.4561,-50.14461
30270.,1.049466,1.338253,1.016362,2.349521,30.01001,-22.56066,-50.13386
30280.,1.050799,1.335372,1.026562,2.350165,29.68555,-22.66577,-50.12378
30290.,1.051327,1.33174,1.035774,2.349991,29.36465,-22.77102,-50.0557
30300.,1.05106,1.327369,1.04401,2.349019,29.04726,-22.8763,-49.97165
30310.,1.050011,1.322268,1.051286,2.347263,28.73332,-22.98161,-49.88833
30320.,1.048192,1.316451,1.057613,2.344734,28.42278,-23.08693,-49.80573
30330.,1.045614,1.309927,1.063007,2.341444,28.11559,-23.19228,-49.72383
30340.,1.04229,1.302707,1.067479,2.337406,27.8117,-23.29764,-49.64262
30350.,1.038229,1.294803,1.071044,2.332631,27.51105,-23.40301,-49.56209
30360.,1.033444,1.286224,1.073714,2.32713,27.2136,-23.5084,-49.48222
30370.,1.027945,1.27698,1.075502,2.320914,26.9193,-23.6138,-49.40302
30380.,1.021743,1.267082,1.076419,2.313995,26.62809,-23.7192,-49.32446
30390.,1.014848,1.25654,1.076479,2.306382,26.33994,-23.82461,-49.24653
30400.,1.007271,1.245362,1.075693,2.298087,26.05479,-23.93002,-49.16923
30410.,0.9990218,1.233559,1.074073,2.28912,25.77261,-24.03544,-49.09254
30420.,0.99011,1.22114,1.07163,2.279492,25.49334,-24.14086,-49.01646
30430.,0.9805457,1.208114,1.068376,2.269211,25.21695,-24.24627,-48.94097
30440.,0.9703384,1.19449,1.064323,2.258288,24.94338,-24.35168,-48.86607
30450.,0.9594975,1.180277,1.05948,2.246733,24.67261,-24.45709,-48.79174
30460.,0.9480324,1.165483,1.05386,2.234554,24.40458,-24.5625,-48.71798
30470.,0.935952,1.150117,1.047472,2.221762,24.13927,-24.6679,-48.64478
30480.,0.9232654,1.134187,1.040328,2.208366,23.87662,-24.77329,-48.57212
30490.,0.9099814,1.117702,1.032437,2.194374,23.6166,-24.87867,-48.5
30500.,0.8961086,1.10067,1.023809,2.179795,23.35917,-24.98404,-48.42841
30510.,0.8816554,1.083098,1.014456,2.164638,23.10429,-25.0894,-48.35734
30520.,0.8666303,1.064995,1.004386,2.148911,22.85193,-25.19475,-48.28679
30530.,0.8510414,1.046367,0.993609,2.132624,22.60205,-25.30009,-48.21674
30540.,0.8348969,1.027224,0.982135,2.115783,22.35461,-25.40542,-48.14719
30550.,0.8182046,1.007571,0.9699732,2.098398,22.10958,-25.51073,-48.07813
30560.,0.8009724,0.9874164,0.9571327,2.080476,21.86693,-25.61603,-48.00955
30570.,0.783208,0.9667674,0.9436229,2.062024,21.62662,-25.72131,-47.94144
30580.,0.7649188,0.9456308,0.9294524,2.043052,21.38862,-25.82658,-47.8738
30590.,0.7461124,0.9240138,0.9146303,2.023565,21.15289,-25.93184,-47.80662
30600.,0.726796,0.9019229,0.8991652,2.003573,20.91941,-26.03708,-47.73989
30610.,0.7069768,0.8793651,0.8830656,1.983081,20.68814,-26.1423,-47.6736
30620.,0.6866619,0.8563467,0.8663399,1.962097,20.45905,-26.24751,-47.60775
30630.,0.6658582,0.8328744,0.8489965,1.940629,20.23211,-26.3527,-47.54233
30640.,0.6445726,0.8089545,0.8310435,1.918683,20.00729,-26.45787,-47.47734
30650.,0.6228118,0.7845932,0.8124889,1.896266,19.78456,-26.56302,-47.41276
30660.,0.6005824,0.7597968,0.7933407,1.873385,19.56389,-26.66816,-47.34859
30670.,0.577891,0.7345712,0.7736067,1.850046,19.34525,-26.77328,-47.28483
30680.,0.5547439,0.7089226,0.7532944,1.826256,19.12863,-26.87839,-47.22147
30690.,0.5311475,0.6828567,0.7324116,1.802021,18.91398,-26.98347,-47.15849
30700.,0.507108,0.6563793,0.7109656,1.777348,18.70128,-27.08854,-47.09591
30710.,0.4826314,0.6294962,0.6889639,1.752243,18.4905,-27.19359,-47.0337
30720.,0.4577239,0.6022129,0.6664135,1.726712,18.28162,-27.29863,-46.97186
30730.,0.4323912,0.5745349,0.6433217,1.700761,18.07462,-27.40364,-46.9104
30740.,0.4066394,0.5464676,0.6196955,1.674395,17.86946,-27.50864,-46.84929
30750.,0.380474,0.5180165,0.5955417,1.647622,17.66613,-27.61362,-46.78855
30760.,0.353901,0.4891874,0.5708674,1.62045,17.46457,-27.71832,-46.67724
30770.,0.3269265,0.4599864,0.5456797,1.592894,17.26474,-27.82244,-46.50916
30780.,0.2995566,0.4304193,0.5199858,1.564965,17.06662,-27.92599,-46.34174
30790.,0.2717972,0.4004916,0.4937927,1.53667,16.87018,-28.02896,-46.17495
30800.,0.2436542,0.3702087,0.4671075,1.508013,16.67541,-28.13138,-46.0088
30810.,0.2151334,0.3395762,0.439937,1.479001,16.48228,-28.23324,-45.84328
30820.,0.1862404,0.3085993,0.4122881,1.449638,16.29077,-28.33455,-45.67837
30830.,0.1569809,0.2772832,0.3841673,1.419931,16.10086,-28.43532,-45.51408
30840.,0.1273603,0.245633,0.3555814,1.389885,15.91253,-28.53555,-45.35039
30850.,0.09738408,0.213654,0.3265367,1.359505,15.72576,-28.63524,-45.18729
30860.,0.06705761,0.181351,0.2970397,1.328796,15.54053,-28.73442,-45.02477
30870.,0.03638614,0.148729,0.2670966,1.297765,15.35682,-28.83307,-44.86284
30880.,0.005374853,0.1157928,0.2367138,1.266414,15.1746,-28.93121,-44.70148
30890.,-0.02597114,0.08254721,0.2058972,1.234751,14.99387,-29.02884,-44.54069
30900.,-0.05764681,0.04899691,0.174653,1.202779,14.8146,-29.12596,-44.38045
30910.,-0.0896472,0.01514653,0.1429871,1.170504,14.63677,-29.22259,-44.22077
30920.,-0.1219674,-0.01899937,0.1109054,1.137929,14.46037,-29.31873,-44.06163
30930.,-0.1546027,-0.05343631,0.07841358,1.105061,14.28537,-29.41437,-43.90303
30940.,-0.1875482,-0.08815985,0.0455174,1.071904,14.11177,-29.50954,-43.74496
30950.,-0.2207994,-0.1231656,0.01222246,1.038461,13.93953,-29.60423,-43.58741
30960.,-0.2543516,-0.1584494,-0.0214657,1.004739,13.76866,-29.69845,-43.43039
30970.,-0.2882003,-0.1940069,-0.05554162,0.9707399,13.59912,-29.7922,-43.27387
30980.,-0.3223411,-0.2298339,-0.08999992,0.9364697,13.4309,-29.88549,-43.11787
30990.,-0.3567694,-0.2659264,-0.1248353,0.9019322,13.26398,-29.97832,-42.96236
31000.,-0.3914811,-0.3022804,-0.1600425,0.8671317,13.09836,-30.0707,-42.80735
31010.,-0.4264718,-0.3388918,-0.1956165,0.8320724,12.93401,-30.16264,-42.65283
31020.,-0.4617374,-0.3757567,-0.231552,0.7967582,12.77092,-30.25413,-42.49879
31030.,-0.4972736,-0.4128712,-0.2678442,0.7611933,12.60906,-30.34519,-42.34523
31040.,-0.5330764,-0.4502316,-0.304488,0.7253817,12.44844,-30.43581,-42.19215
31050.,-0.5691418,-0.4878341,-0.3414786,0.6893272,12.28903,-30.52601,-42.03953
31060.,-0.6054658,-0.525675,-0.3788112,0.6530338,12.13081,-30.61578,-41.88737
31070.,-0.6420445,-0.5637506,-0.4164811,0.6165052,11.97378,-30.70513,-41.73566
31080.,-0.6788741,-0.6020574,-0.4544835,0.5797452,11.81792,-30.79407,-41.58441
31090.,-0.7159507,-0.6405918,-0.4928139,0.5427575,11.66321,-30.8826,-41.43361
31100.,-0.7532706,-0.6793503,-0.5314678,0.5055457,11.50964,-30.97072,-41.28324
31110.,-0.7908301,-0.7183295,-0.5704406,0.4681134,11.35719,-31.05844,-41.13331
31120.,-0.8286256,-0.757526,-0.6097279,0.4304641,11.20587,-31.14577,-40.98382
31130.,-0.8666535,-0.7969365,-0.6493255,0.3926013,11.05564,-31.2327,-40.83475
31140.,-0.9049102,-0.8365576,-0.6892289,0.3545285,10.90649,-31.31924,-40.6861
31150.,-0.9433924,-0.8763862,-0.729434,0.3162491,10.75842,-31.4054,-40.53787
31160.,-0.9820964,-0.9164189,-0.7699365,0.2777663,10.61142,-31.49118,-40.39005
31170.,-1.021019,-0.9566528,-0.8107325,0.2390834,10.46546,-31.57658,-40.24264
31180.,-1.060157,-0.9970846,-0.8518177,0.2002037,10.32053,-31.66161,-40.09564
31190.,-1.099507,-1.037711,-0.8931882,0.1611303,10.17663,-31.74627,-39.94903
31200.,-1.139065,-1.07853,-0.93484,0.1218665,10.03375,-31.83056,-39.80283
31210.,-1.178829,-1.119537,-0.9767692,0.08241526,9.891857,-31.9145,-39.65701
31220.,-1.218796,-1.160731,-1.018972,0.04277966,9.750958,-31.99807,-39.51158
31230.,-1.258961,-1.202107,-1.061441,0.002963461,9.611021,-32.08129,-39.35803
31240.,-1.299325,-1.243664,-1.104155,-0.03702575,9.471966,-32.16412,-39.16105
31250.,-1.339883,-1.285398,-1.147111,-0.07718125,9.333781,-32.24657,-38.96466
31260.,-1.380633,-1.327307,-1.190305,-0.1175003,9.196457,-32.32864,-38.76887
31270.,-1.421571,-1.369388,-1.233734,-0.1579803,9.059984,-32.41034,-38.57367
31280.,-1.462696,-1.411639,-1.277394,-0.1986185,8.924351,-32.49166,-38.37904
31290.,-1.504004,-1.454056,-1.321282,-0.2394123,8.789548,-32.57262,-38.18499
31300.,-1.545492,-1.496638,-1.365396,-0.2803592,8.655567,-32.65322,-37.99151
31310.,-1.587158,-1.539381,-1.409731,-0.3214565,8.522398,-32.73346,-37.7986
31320.,-1.628998,-1.582283,-1.454285,-0.3627019,8.39003,-32.81334,-37.60624
31330.,-1.671011,-1.625342,-1.499055,-0.4040928,8.258455,-32.89287,-37.41444
31340.,-1.713194,-1.668556,-1.544038,-0.4456269,8.127664,-32.97205,-37.22318
31350.,-1.755544,-1.711921,-1.58923,-0.4873016,7.997647,-33.05089,-37.03248
31360.,-1.798058,-1.755436,-1.634629,-0.5291147,7.868396,-33.12939,-36.84231
31370.,-1.840735,-1.799099,-1.680232,-0.5710638,7.739901,-33.20756,-36.65267
31380.,-1.88357,-1.842906,-1.726036,-0.6131466,7.612155,-33.28539,-36.46357
31390.,-1.926563,-1.886856,-1.772038,-0.6553609,7.485149,-33.36289,-36.27499
31400.,-1.969711,-1.930946,-1.818235,-0.6977044,7.358873,-33.44006,-36.08693
31410.,-2.013011,-1.975174,-1.864625,-0.7401749,7.233321,-33.51691,-35.89939
31420.,-2.05646,-2.019539,-1.911205,-0.7827703,7.108483,-33.59344,-35.71236
31430.,-2.100058,-2.064037,-1.957971,-0.8254884,6.984351,-33.66966,-35.52584
31440.,-2.1438,-2.108668,-2.004923,-0.868327,6.860918,-33.74556,-35.33981
31450.,-2.187686,-2.153428,-2.052056,-0.9112842,6.738176,-33.82115,-35.15429
31460.,-2.231712,-2.198315,-2.099369,-0.9543579,6.616116,-33.89643,-34.96926
31470.,-2.275877,-2.243328,-2.146858,-0.997546,6.494732,-33.97141,-34.78473
31480.,-2.320179,-2.288465,-2.194522,-1.040847,6.374015,-34.0461,-34.60068
31490.,-2.364615,-2.333723,-2.242358,-1.084258,6.253958,-34.12048,-34.41711
31500.,-2.409183,-2.379101,-2.290363,-1.127777,6.134553,-34.19457,-34.23401
31510.,-2.453881,-2.424597,-2.338534,-1.171403,6.015794,-34.26836,-34.0514
31520.,-2.498707,-2.470208,-2.386871,-1.215134,5.897673,-34.34187,-33.86925
31530.,-2.543659,-2.515934,-2.435369,-1.258968,5.780184,-34.4151,-33.68757
31540.,-2.588736,-2.561771,-2.484028,-1.302903,5.663318,-34.48804,-33.50635
31550.,-2.633934,-2.607719,-2.532844,-1.346937,5.547069,-34.5607,-33.32559
31560.,-2.679253,-2.653776,-2.581815,-1.391068,5.431431,-34.63308,-33.14528
31570.,-2.724689,-2.699939,-2.63094,-1.435295,5.316396,-34.70519,-32.96543
31580.,-2.770242,-2.746207,-2.680215,-1.479617,5.201958,-34.77703,-32.78603
31590.,-2.81591,-2.792578,-2.72964,-1.52403,5.088111,-34.8486,-32.60707
31600.,-2.86169,-2.839051,-2.779211,-1.568534,4.974847,-34.9199,-32.42855
31610.,-2.907581,-2.885623,-2.828926,-1.613127,4.862161,-34.99094,-32.25046
31620.,-2.953581,-2.932294,-2.878784,-1.657807,4.750046,-35.06172,-32.07281
31630.,-2.999688,-2.979062,-2.928782,-1.702572,4.638496,-35.13224,-31.8956
31640.,-3.0459,-3.025924,-2.978918,-1.747422,4.527505,-35.20251,-31.7188
31650.,-3.092216,-3.072879,-3.029191,-1.792354,4.417066,-35.27252,-31.54244
31660.,-3.138635,-3.119927,-3.079598,-1.837367,4.307175,-35.34228,-31.36649
31670.,-3.185153,-3.167064,-3.130137,-1.882459,4.197824,-35.41179,-31.19096
31680.,-3.231771,-3.214291,-3.180807,-1.927629,4.089008,-35.48106,-31.01585
31690.,-3.278485,-3.261604,-3.231606,-1.972876,3.980721,-35.55008,-30.84115
31700.,-3.325295,-3.309003,-3.282531,-2.018197,3.872957,-35.61887,-30.66685
31710.,-3.372197,-3.356487,-3.333547,-2.063592,3.765666,-35.68694,-30.49839
31720.,-3.41919,-3.404053,-3.384648,-2.10906,3.658833,-35.75423,-30.33124
31730.,-3.466272,-3.4517,-3.43583,-2.154598,3.552455,-35.82074,-30.16445
31740.,-3.51344,-3.499426,-3.487092,-2.200205,3.446528,-35.88648,-29.99804
31750.,-3.560692,-3.547229,-3.538431,-2.245878,3.341046,-35.95146,-29.83199
31760.,-3.608027,-3.595107,-3.589847,-2.291617,3.236007,-36.01569,-29.66631
31770.,-3.655442,-3.643058,-3.641337,-2.337418,3.131404,-36.07918,-29.50099
31780.,-3.702935,-3.691081,-3.692899,-2.383281,3.027235,-36.14192,-29.33602
31790.,-3.750506,-3.739172,-3.744532,-2.429203,2.923496,-36.20393,-29.17141
31800.,-3.798151,-3.787332,-3.796234,-2.475183,2.820181,-36.26521,-29.00716
31810.,-3.845869,-3.835558,-3.848002,-2.521219,2.717288,-36.32578,-28.84325
31820.,-3.893658,-3.883848,-3.899835,-2.567309,2.614812,-36.38564,-28.67969
31830.,-3.941516,-3.9322,-3.951733,-2.613452,2.51275,-36.44479,-28.51648
31840.,-3.989442,-3.980613,-4.003691,-2.659645,2.411096,-36.50324,-28.3536
31850.,-4.037433,-4.029085,-4.05571,-2.705888,2.309849,-36.561,-28.19107
31860.,-4.085488,-4.077615,-4.107787,-2.752178,2.209003,-36.61808,-28.02887
31870.,-4.133606,-4.126201,-4.159922,-2.798515,2.108555,-36.67447,-27.86701
31880.,-4.181784,-4.17484,-4.212111,-2.844896,2.008502,-36.7302,-27.70548
31890.,-4.230021,-4.223533,-4.264354,-2.891319,1.90884,-36.78526,-27.54428
31900.,-4.278315,-4.272276,-4.316649,-2.937784,1.809564,-36.83966,-27.3834
31910.,-4.326665,-4.321069,-4.368994,-2.984289,1.710673,-36.89341,-27.22285
31920.,-4.375069,-4.36991,-4.421389,-3.030831,1.612162,-36.94651,-27.06262
31930.,-4.423525,-4.418798,-4.473831,-3.077411,1.514027,-36.99897,-26.90271
31940.,-4.472032,-4.46773,-4.526319,-3.124026,1.416265,-37.05079,-26.74312
31950.,-4.520588,-4.516706,-4.578851,-3.170675,1.318874,-37.10198,-26.58384
31960.,-4.569193,-4.565724,-4.631427,-3.217356,1.221849,-37.15255,-26.42487
31970.,-4.617843,-4.614783,-4.684044,-3.264068,1.125187,-37.2025,-26.26622
31980.,-4.666538,-4.663881,-4.736701,-3.31081,1.028885,-37.25184,-26.10787
31990.,-4.715277,-4.713017,-4.789398,-3.35758,0.9329401,-37.30057,-25.94983
32000.,-4.764057,-4.762189,-4.842132,-3.404377,0.8373485,-37.3487,-25.7921
32010.,-4.812878,-4.811397,-4.894902,-3.4512,0.7421074,-37.39623,-25.63466
32020.,-4.861738,-4.860638,-4.947706,-3.498047,0.6472135,-37.44318,-25.47753
32030.,-4.910636,-4.909911,-5.000545,-3.544917,0.5526639,-37.48953,-25.32069
32040.,-4.95957,-4.959216,-5.053415,-3.591809,0.4584554,-37.53531,-25.16415
32050.,-5.008539,-5.008551,-5.106316,-3.638721,0.3645851,-37.58051,-25.0079
32060.,-5.057541,-5.057914,-5.159247,-3.685652,0.27105,-37.62514,-24.85194
32070.,-5.106576,-5.107304,-5.212207,-3.732601,0.1778472,-37.66921,-24.69628
32080.,-5.155642,-5.156721,-5.265193,-3.779567,0.08497373,-37.71272,-24.5409
32090.,-5.204737,-5.206163,-5.318206,-3.826548,-0.007573205,-37.75567,-24.38581
32100.,-5.253861,-5.255628,-5.371243,-3.873544,-0.09979646,-37.79807,-24.231
32110.,-5.303012,-5.305115,-5.424304,-3.920553,-0.1916988,-37.83993,-24.07647
32120.,-5.352189,-5.354624,-5.477387,-3.967574,-0.2832831,-37.88124,-23.92223
32130.,-5.40139,-5.404153,-5.530492,-4.014606,-0.3745519,-37.92202,-23.76826
32140.,-5.450615,-5.453701,-5.583616,-4.061648,-0.4655081,-37.96227,-23.61457
32150.,-5.499863,-5.503267,-5.63676,-4.108698,-0.5561542,-38.00199,-23.46115
32160.,-5.549131,-5.552849,-5.689921,-4.155756,-0.646493,-38.04119,-23.30801
32170.,-5.59842,-5.602448,-5.743099,-4.202821,-0.736527,-38.07988,-23.15514
32180.,-5.647728,-5.652061,-5.796278,-4.249892,-0.826259,-38.11777,-23.02003
32190.,-5.697054,-5.701688,-5.849443,-4.296973,-0.9156914,-38.15464,-22.89967
32200.,-5.746397,-5.751327,-5.902592,-4.344063,-1.004826,-38.19049,-22.77947
32210.,-5.795755,-5.800978,-5.955726,-4.391161,-1.093665,-38.22535,-22.65944
32220.,-5.845127,-5.850637,-6.008842,-4.438264,-1.182211,-38.25922,-22.53957
32230.,-5.89451,-5.900305,-6.061939,-4.485372,-1.270464,-38.2921,-22.41986
32240.,-5.943904,-5.949979,-6.115016,-4.532483,-1.358428,-38.32401,-22.30031
32250.,-5.993307,-5.999657,-6.168071,-4.579595,-1.446104,-38.35495,-22.18092
32260.,-6.042716,-6.049338,-6.221104,-4.626707,-1.533494,-38.38493,-22.06169
32270.,-6.092132,-6.099022,-6.274113,-4.673818,-1.620599,-38.41397,-21.94261
32280.,-6.141552,-6.148705,-6.327097,-4.720925,-1.707422,-38.44206,-21.82369
32290.,-6.190974,-6.198388,-6.380055,-4.768028,-1.793965,-38.46922,-21.70492
32300.,-6.240331,-6.248002,-6.432918,-4.815057,-1.792102,-38.49548,-21.59718
32310.,-6.289029,-6.297357,-6.485256,-4.861756,-1.485444,-38.52045,-21.97907
32320.,-6.336734,-6.346262,-6.536793,-4.907956,-1.18155,-38.54353,-22.49186
32330.,-6.383452,-6.394718,-6.587534,-4.95367,-0.8804011,-38.56474,-23.00755
32340.,-6.429189,-6.442725,-6.637482,-4.998902,-0.5819773,-38.58409,-23.52618
32350.,-6.473952,-6.490286,-6.686642,-5.043651,-0.2862586,-38.6016,-24.0478
32360.,-6.517744,-6.5374,-6.735017,-5.08792,0.006775011,-38.61728,-24.57244
32370.,-6.560574,-6.58407,-6.782612,-5.131711,0.2971433,-38.63116,-25.10015
32380.,-6.602445,-6.630295,-6.829432,-5.175024,0.5848663,-38.64324,-25.63098
32390.,-6.643365,-6.676077,-6.87548,-5.217862,0.8699637,-38.65354,-26.16498
32400.,-6.683338,-6.721418,-6.920761,-5.260225,1.152456,-38.66208,-26.70219
32410.,-6.722371,-6.766319,-6.965278,-5.302116,1.432362,-38.66888,-27.24266
32420.,-6.760469,-6.81078,-7.009036,-5.343536,1.709702,-38.67394,-27.78645
32430.,-6.797638,-6.854803,-7.052038,-5.384487,1.984496,-38.67728,-28.3336
32440.,-6.833884,-6.898389,-7.09429,-5.42497,2.256763,-38.67893,-28.88418
32450.,-6.869212,-6.94154,-7.135796,-5.464988,2.526524,-38.67889,-29.43822
32460.,-6.903628,-6.984256,-7.176558,-5.504541,2.793798,-38.67717,-29.9958
32470.,-6.937137,-7.026539,-7.216582,-5.543632,3.058605,-38.67381,-30.55696
32480.,-6.969745,-7.068391,-7.255872,-5.582263,3.320964,-38.66879,-31.12177
32490.,-7.001458,-7.109813,-7.294431,-5.620434,3.580896,-38.66216,-31.69028
32500.,-7.032281,-7.150806,-7.332264,-5.658148,3.838419,-38.6539,-32.26256
32510.,-7.062219,-7.191372,-7.369375,-5.695407,4.093553,-38.64405,-32.83866
32520.,-7.091279,-7.231511,-7.405768,-5.732213,4.346318,-38.63262,-33.41867
32530.,-7.119465,-7.271226,-7.441447,-5.768567,4.596732,-38.61961,-34.00263
32540.,-7.146784,-7.310518,-7.476416,-5.80447,4.844817,-38.60505,-34.59062
32550.,-7.173239,-7.349388,-7.51068,-5.839926,5.09059,-38.58894,-35.18271
32560.,-7.198838,-7.387838,-7.544241,-5.874936,5.334071,-38.57131,-35.77897
32570.,-7.223585,-7.425869,-7.577105,-5.909501,5.57528,-38.55216,-36.37948
32580.,-7.247486,-7.463483,-7.609274,-5.943624,5.814235,-38.53151,-36.98431
32590.,-7.270545,-7.500681,-7.640754,-5.977306,6.050955,-38.50937,-37.59354
32600.,-7.292769,-7.537465,-7.671548,-6.01055,6.285461,-38.48575,-38.20725
32610.,-7.314162,-7.573837,-7.701661,-6.043357,6.51777,-38.46068,-38.82552
32620.,-7.33473,-7.609797,-7.731095,-6.075729,6.747902,-38.43415,-39.44843
32630.,-7.354478,-7.645348,-7.759855,-6.107667,6.975875,-38.40619,-40.07608
32640.,-7.373411,-7.68049,-7.787946,-6.139175,7.201709,-38.37681,-40.70856
32650.,-7.391619,-7.715091,-7.81514,-6.170247,7.425421,-38.34584,-41.2695
32660.,-7.409375,-7.748717,-7.840707,-6.200855,7.647028,-38.31274,-41.58776
32670.,-7.42668,-7.781373,-7.864658,-6.230978,7.86655,-38.27753,-41.90701
32680.,-7.443532,-7.813062,-7.887001,-6.260615,8.08401,-38.24023,-42.22726
32690.,-7.459931,-7.843788,-7.907747,-6.289768,8.299427,-38.20085,-42.54852
32700.,-7.475877,-7.873557,-7.926906,-6.318436,8.512823,-38.15942,-42.87079
32710.,-7.491369,-7.902371,-7.944487,-6.346619,8.724218,-38.11594,-43.1941
32720.,-7.506407,-7.930235,-7.9605,-6.374316,8.933633,-38.07044,-43.51844
32730.,-7.52099,-7.957152,-7.974954,-6.401529,9.141088,-38.02293,-43.84383
32740.,-7.535119,-7.983128,-7.98786,-6.428258,9.346604,-37.97343,-44.17028
32750.,-7.548792,-8.008165,-7.999225,-6.454502,9.5502,-37.92196,-44.49779
32760.,-7.56201,-8.032267,-8.009061,-6.480261,9.751897,-37.86853,-44.82638
32770.,-7.574772,-8.05544,-8.017375,-6.505536,9.951715,-37.81317,-45.15606
32780.,-7.587079,-8.077685,-8.024177,-6.530327,10.14967,-37.75588,-45.48684
32790.,-7.598929,-8.099008,-8.029477,-6.554634,10.34579,-37.69668,-45.81873
32800.,-7.610323,-8.119412,-8.033284,-6.578457,10.54009,-37.6356,-46.15173
32810.,-7.62126,-8.138901,-8.035605,-6.601797,10.73259,-37.57264,-46.48587
32820.,-7.63174,-8.157478,-8.036451,-6.624653,10.92331,-37.50782,-46.82115
32830.,-7.641763,-8.175148,-8.035831,-6.647027,11.11227,-37.44116,-47.15758
32840.,-7.651329,-8.191915,-8.033752,-6.668917,11.29949,-37.37267,-47.49517
32850.,-7.660438,-8.207781,-8.030225,-6.690325,11.48498,-37.30238,-47.83395
32860.,-7.669089,-8.222751,-8.025257,-6.71125,11.66877,-37.23029,-48.17391
32870.,-7.677283,-8.236828,-8.018857,-6.731693,11.85087,-37.15642,-48.51507
32880.,-7.68502,-8.250016,-8.011033,-6.751655,12.03131,-37.08079,-48.85744
32890.,-7.692298,-8.262319,-8.001795,-6.771134,12.2101,-37.00341,-49.20103
32900.,-7.699119,-8.273741,-7.991151,-6.790133,12.38726,-36.9243,-49.54587
32910.,-7.705482,-8.284284,-7.979109,-6.80865,12.56281,-36.84347,-49.89195
32920.,-7.711387,-8.293952,-7.965677,-6.826686,12.73677,-36.76093,-50.2393
32930.,-7.716834,-8.30275,-7.950864,-6.844242,12.90915,-36.67671,-50.58792
32940.,-7.721822,-8.31068,-7.934678,-6.861318,13.07998,-36.59082,-50.93783
32950.,-7.726353,-8.317746,-7.917127,-6.877913,13.24927,-36.50327,-51.28904
32960.,-7.730426,-8.323951,-7.898219,-6.894029,13.41704,-36.41408,-51.64157
32970.,-7.734041,-8.329299,-7.877962,-6.909666,13.5833,-36.32326,-51.99543
32980.,-7.737198,-8.333794,-7.856364,-6.924824,13.74808,-36.23082,-52.35064
32990.,-7.739896,-8.337438,-7.833434,-6.939502,13.9114,-36.13679,-52.7072
33000.,-7.742136,-8.340235,-7.809178,-6.953702,14.07326,-36.04117,-53.06514
33010.,-7.743919,-8.342189,-7.783605,-6.967424,14.23369,-35.94398,-53.42447
33020.,-7.745243,-8.343303,-7.756722,-6.980668,14.3927,-35.84523,-53.7852
33030.,-7.746109,-8.343579,-7.728538,-6.993435,14.55031,-35.74495,-54.14735
33040.,-7.746517,-8.343022,-7.699059,-7.005724,14.70655,-35.64313,-54.51094
33050.,-7.746468,-8.341634,-7.668295,-7.017536,14.86141,-35.5398,-54.87598
33060.,-7.74596,-8.339419,-7.636251,-7.028871,15.01493,-35.43497,-55.24248
33070.,-7.744994,-8.336381,-7.602935,-7.03973,15.16711,-35.32865,-55.61047
33080.,-7.74357,-8.332521,-7.568355,-7.050113,15.31798,-35.22086,-55.97996
33090.,-7.741689,-8.327844,-7.532519,-7.060019,15.46755,-35.11161,-56.35097
33100.,-7.739349,-8.322352,-7.495434,-7.069451,15.61583,-35.00091,-56.72351
33110.,-7.736552,-8.316048,-7.457106,-7.078406,15.76285,-34.88878,-57.0976
33120.,-7.733297,-8.308937,-7.417544,-7.086887,15.90861,-34.77523,-57.47327
33130.,-7.729396,-8.301198,-7.37774,-7.094832,16.05301,-34.66015,-56.96474
33140.,-7.724839,-8.29285,-7.33777,-7.102176,16.19605,-34.54352,-56.39307
33150.,-7.719628,-8.283894,-7.297633,-7.108917,16.33774,-34.42537,-55.82542
33160.,-7.713766,-8.274334,-7.257328,-7.115059,16.47809,-34.30572,-55.26171
33170.,-7.707258,-8.264172,-7.216853,-7.120604,16.61714,-34.18459,-54.70188
33180.,-7.700105,-8.25341,-7.176208,-7.125554,16.75488,-34.06198,-54.14586
33190.,-7.692312,-8.242052,-7.135392,-7.129913,16.89134,-33.93791,-53.59359
33200.,-7.683881,-8.230101,-7.094404,-7.133683,17.02653,-33.81241,-53.04502
33210.,-7.674816,-8.217558,-7.053243,-7.136867,17.16047,-33.68547,-52.50008
33220.,-7.66512,-8.204426,-7.011909,-7.139468,17.29316,-33.55713,-51.9587
33230.,-7.654795,-8.190709,-6.9704,-7.141487,17.42464,-33.4274,-51.42085
33240.,-7.643845,-8.176408,-6.928715,-7.142928,17.5549,-33.29628,-50.88646
33250.,-7.632272,-8.161526,-6.886855,-7.143794,17.68397,-33.16381,-50.35547
33260.,-7.620081,-8.146066,-6.844817,-7.144086,17.81185,-33.02998,-49.82784
33270.,-7.607273,-8.13003,-6.802601,-7.143807,17.93857,-32.89482,-49.30351
33280.,-7.593851,-8.113421,-6.760207,-7.14296,18.06414,-32.75834,-48.78243
33290.,-7.57982,-8.096242,-6.717633,-7.141547,18.18857,-32.62056,-48.26456
33300.,-7.565181,-8.078494,-6.674878,-7.139571,18.31188,-32.48149,-47.74984
33310.,-7.549937,-8.06018,-6.631943,-7.137034,18.43408,-32.34115,-47.23824
33320.,-7.534091,-8.041302,-6.588826,-7.133939,18.55518,-32.19954,-46.7297
33330.,-7.517646,-8.021863,-6.545526,-7.130287,18.6752,-32.05669,-46.22417
33340.,-7.500605,-8.001866,-6.502043,-7.126082,18.79415,-31.91261,-45.72163
33350.,-7.482971,-7.981313,-6.458375,-7.121325,18.91204,-31.76731,-45.22201
33360.,-7.464746,-7.960205,-6.414523,-7.116019,19.02889,-31.62081,-44.72529
33370.,-7.445933,-7.938546,-6.370485,-7.110166,19.14471,-31.47313,-44.23142
33380.,-7.426534,-7.916337,-6.32626,-7.103769,19.25952,-31.32426,-43.74037
33390.,-7.406553,-7.893582,-6.281849,-7.096829,19.37333,-31.17424,-43.25208
33400.,-7.385992,-7.870281,-6.237249,-7.089349,19.48614,-31.02307,-42.76653
33410.,-7.364854,-7.846438,-6.192461,-7.081331,19.59798,-30.87077,-42.28368
33420.,-7.343141,-7.822055,-6.147484,-7.072778,19.70885,-30.71735,-41.80349
33430.,-7.320856,-7.797133,-6.102317,-7.063691,19.81877,-30.56283,-41.32592
33440.,-7.298001,-7.771675,-6.056959,-7.054072,19.92775,-30.40721,-40.85094
33450.,-7.274579,-7.745684,-6.011409,-7.043924,20.0358,-30.25052,-40.37852
33460.,-7.250592,-7.719161,-5.965668,-7.033249,20.14294,-30.09276,-39.90863
33470.,-7.226044,-7.692109,-5.919734,-7.022048,20.24918,-29.93395,-39.44122
33480.,-7.200936,-7.664529,-5.873606,-7.010324,20.35452,-29.7741,-38.97627
33490.,-7.17527,-7.636424,-5.827284,-6.998079,20.45899,-29.61322,-38.51374
33500.,-7.14905,-7.607795,-5.780768,-6.985315,20.56259,-29.45134,-38.05362
33510.,-7.122278,-7.578646,-5.734056,-6.972034,20.66534,-29.28845,-37.59585
33520.,-7.094955,-7.548977,-5.687148,-6.958238,20.76724,-29.12458,-37.14042
33530.,-7.067085,-7.518791,-5.640043,-6.943928,20.86831,-28.95973,-36.6873
33540.,-7.03867,-7.48809,-5.59274,-6.929107,20.96855,-28.79393,-36.23646
33550.,-7.009712,-7.456876,-5.54524,-6.913777,21.06799,-28.62717,-35.78786
33560.,-6.980213,-7.425151,-5.497541,-6.897939,21.16663,-28.45948,-35.34149
33570.,-6.950176,-7.392917,-5.449643,-6.881596,21.26449,-28.29087,-34.89731
33580.,-6.919602,-7.360175,-5.401544,-6.864748,21.36156,-28.12135,-34.4553
33590.,-6.888495,-7.326929,-5.353245,-6.847399,21.45787,-27.95093,-34.01544
33600.,-6.856951,-7.293261,-5.305145,-6.8295,21.55352,-27.7803,-33.05647
33610.,-6.825031,-7.259227,-5.257484,-6.810975,21.64856,-27.60988,-31.79629
33620.,-6.792737,-7.224827,-5.210258,-6.791798,21.74301,-27.43968,-30.55517
33630.,-6.760072,-7.190066,-5.163463,-6.771974,21.83687,-27.26969,-29.33245
33640.,-6.72704,-7.154945,-5.117094,-6.751509,21.93014,-27.09991,-28.1275
33650.,-6.693643,-7.119468,-5.071146,-6.730407,22.02284,-26.93035,-26.93972
33660.,-6.659884,-7.083637,-5.025617,-6.708673,22.11497,-26.761,-25.76854
33670.,-6.625765,-7.047455,-4.9805,-6.686313,22.20654,-26.59187,-24.61343
33680.,-6.59129,-7.010924,-4.935793,-6.663332,22.29755,-26.42296,-23.47388
33690.,-6.556461,-6.974047,-4.891491,-6.639733,22.38801,-26.25427,-22.3494
33700.,-6.521282,-6.936828,-4.84759,-6.615524,22.47793,-26.0858,-21.23954
33710.,-6.485753,-6.899267,-4.804085,-6.590707,22.56731,-25.91755,-20.14384
33720.,-6.44988,-6.861369,-4.760973,-6.565288,22.65616,-25.74952,-19.0619
33730.,-6.413663,-6.823134,-4.71825,-6.539272,22.74449,-25.58172,-17.99331
33740.,-6.377105,-6.784567,-4.675911,-6.512663,22.83229,-25.41414,-16.93768
33750.,-6.34021,-6.74567,-4.633953,-6.485467,22.91958,-25.24678,-15.89467
33760.,-6.30298,-6.706444,-4.592372,-6.457687,23.00637,-25.07965,-14.8639
33770.,-6.265418,-6.666893,-4.551163,-6.429328,23.09266,-24.91275,-13.84506
33780.,-6.227525,-6.627019,-4.510323,-6.400396,23.17845,-24.74607,-12.83782
33790.,-6.189305,-6.586824,-4.469848,-6.370894,23.26375,-24.57962,-11.84187
33800.,-6.15076,-6.546311,-4.429735,-6.340827,23.34856,-24.4134,-10.85693
33810.,-6.111892,-6.505482,-4.389978,-6.3102,23.4329,-24.2474,-9.882699
33820.,-6.072705,-6.46434,-4.350576,-6.279016,23.51677,-24.08164,-8.918917
33830.,-6.0332,-6.422887,-4.311523,-6.247281,23.60017,-23.91611,-7.965322
33840.,-5.99338,-6.381125,-4.272816,-6.214999,23.68311,-23.7508,-7.021663
33850.,-5.953247,-6.339056,-4.234452,-6.182174,23.76559,-23.58573,-6.087699
33860.,-5.912804,-6.296684,-4.196427,-6.14881,23.84763,-23.42089,-5.163199
33870.,-5.872054,-6.25401,-4.158737,-6.114911,23.92922,-23.25629,-4.247939
33880.,-5.830998,-6.211037,-4.121378,-6.080483,24.01037,-23.09191,-3.341706
33890.,-5.789638,-6.167766,-4.084348,-6.045529,24.09108,-22.92778,-2.444291
33900.,-5.747978,-6.1242,-4.047642,-6.010053,24.17137,-22.76387,-1.555495
33910.,-5.70602,-6.080342,-4.011258,-5.974059,24.25123,-22.6002,-0.675125
33920.,-5.663765,-6.036193,-3.975191,-5.937552,24.33068,-22.43677,0.1970045
33930.,-5.621217,-5.991756,-3.939438,-5.900535,24.40971,-22.27357,1.061073
33940.,-5.578377,-5.947033,-3.903995,-5.863013,24.48833,-22.1106,1.917255
33950.,-5.535247,-5.902026,-3.86886,-5.82499,24.56654,-21.94788,2.765717
33960.,-5.491831,-5.856737,-3.834029,-5.786469,24.64436,-21.78539,3.606622
33970.,-5.448129,-5.811168,-3.799499,-5.747455,24.72179,-21.62314,4.440126
33980.,-5.404145,-5.765322,-3.765266,-5.707951,24.79882,-21.46112,5.266382
33990.,-5.35988,-5.7192,-3.731327,-5.667962,24.87548,-21.29934,6.085535
34000.,-5.315336,-5.672805,-3.697679,-5.62749,24.95175,-21.13781,6.897729
34010.,-5.270517,-5.626138,-3.664318,-5.586541,25.02765,-20.97651,7.703101
34020.,-5.225423,-5.579203,-3.631242,-5.545118,25.10317,-20.81545,8.501785
34030.,-5.180057,-5.532,-3.598446,-5.503224,25.17833,-20.65462,9.29391
34040.,-5.134421,-5.484532,-3.565929,-5.460864,25.25313,-20.49404,10.0796
34050.,-5.088517,-5.4368,-3.533687,-5.418041,25.32758,-20.3337,10.85898
34060.,-5.042347,-5.388808,-3.501717,-5.374759,25.40167,-20.1736,11.63217
34070.,-4.995972,-5.340617,-3.470017,-5.331021,25.47541,-20.01452,12.40027
34080.,-4.949523,-5.292365,-3.438592,-5.286834,25.54882,-19.85818,13.16452
34090.,-4.903003,-5.244056,-3.407442,-5.242204,25.6219,-19.70454,13.92287
34100.,-4.856417,-5.195693,-3.376567,-5.197138,25.69465,-19.55359,14.67541
34110.,-4.809768,-5.14728,-3.345969,-5.151644,25.76707,-19.40528,15.42226
34120.,-4.76306,-5.098821,-3.315647,-5.105729,25.83915,-19.2596,16.16349
34130.,-4.716298,-5.05032,-3.285602,-5.059399,25.9109,-19.1165,16.89923
34140.,-4.669484,-5.001779,-3.255835,-5.012662,25.98232,-18.97598,17.62955
34150.,-4.622623,-4.953204,-3.226346,-4.965524,26.05342,-18.83799,18.35455
34160.,-4.575717,-4.904596,-3.197136,-4.917992,26.12418,-18.7025,19.07432
34170.,-4.528772,-4.855961,-3.168205,-4.870073,26.19462,-18.5695,19.78895
34180.,-4.48179,-4.8073,-3.139554,-4.821774,26.26473,-18.43896,20.49852
34190.,-4.434776,-4.758619,-3.111184,-4.773102,26.33451,-18.31084,21.20311
34200.,-4.387732,-4.70992,-3.083094,-4.724063,26.40396,-18.18512,21.9028
34210.,-4.340662,-4.661207,-3.055286,-4.674663,26.47309,-18.06177,22.59768
34220.,-4.29357,-4.612483,-3.027759,-4.62491,26.54189,-17.94077,23.28781
34230.,-4.246459,-4.563751,-3.000515,-4.574809,26.61037,-17.8221,23.97328
34240.,-4.199333,-4.515016,-2.973554,-4.524367,26.67852,-17.70571,24.65415
34250.,-4.152195,-4.466279,-2.946876,-4.473591,26.74635,-17.5916,25.33049
34260.,-4.105049,-4.417545,-2.920482,-4.422487,26.81385,-17.47973,26.00238
34270.,-4.057897,-4.368816,-2.894372,-4.37106,26.88103,-17.37008,26.66988
34280.,-4.010744,-4.320097,-2.868547,-4.319318,26.94789,-17.26262,27.33306
34290.,-3.963592,-4.271389,-2.843006,-4.267266,27.01443,-17.15733,27.99198
34300.,-3.916444,-4.222697,-2.817752,-4.21491,27.08065,-17.05419,28.6467
34310.,-3.869305,-4.174023,-2.792783,-4.162257,27.14655,-16.95316,29.29729
34320.,-3.822176,-4.12537,-2.768101,-4.109312,27.21212,-16.85423,29.94381
34330.,-3.775062,-4.076742,-2.743705,-4.056082,27.27738,-16.75737,30.5863
34340.,-3.727964,-4.028141,-2.719596,-4.002572,27.34232,-16.66256,31.22484
34350.,-3.680888,-3.97957,-2.695775,-3.948788,27.40694,-16.56977,31.85948
34360.,-3.633835,-3.931033,-2.672242,-3.894736,27.47125,-16.47899,32.49026
34370.,-3.586808,-3.882533,-2.648998,-3.840421,27.53524,-16.39018,33.11725
34380.,-3.53981,-3.834071,-2.626041,-3.78585,27.59891,-16.30332,33.7405
34390.,-3.492846,-3.785651,-2.603374,-3.731028,27.66226,-16.2184,34.36005
34400.,-3.445916,-3.737277,-2.580996,-3.67596,27.7253,-16.13539,34.97597
34410.,-3.399025,-3.68895,-2.558908,-3.620652,27.78803,-16.05427,35.58829
34420.,-3.352174,-3.640673,-2.537109,-3.56511,27.85044,-15.97501,36.19706
34430.,-3.305368,-3.59245,-2.515601,-3.509338,27.91254,-15.8976,36.80233
34440.,-3.258608,-3.544282,-2.494383,-3.453343,27.97433,-15.822,37.40416
34450.,-3.211898,-3.496173,-2.473456,-3.397129,28.0358,-15.74822,38.00257
34460.,-3.16524,-3.448125,-2.45282,-3.340702,28.09697,-15.67621,38.59762
34470.,-3.118637,-3.400141,-2.432475,-3.284067,28.15782,-15.60596,39.18935
34480.,-3.072091,-3.352223,-2.412422,-3.227229,28.21837,-15.53745,39.7778
34490.,-3.025605,-3.304374,-2.392661,-3.170194,28.2786,-15.47066,40.36302
34500.,-2.979183,-3.256597,-2.373192,-3.112966,28.33853,-15.40557,40.94503
34510.,-2.932825,-3.208894,-2.354015,-3.05555,28.39815,-15.34215,41.52389
34520.,-2.886536,-3.161266,-2.335131,-2.997952,28.45746,-15.2804,42.09964
34530.,-2.840317,-3.113718,-2.316539,-2.940176,28.51646,-15.22029,42.6723
34540.,-2.794171,-3.066252,-2.298238,-2.882228,28.57516,-15.1618,43.2388
34550.,-2.748257,-3.019023,-2.279844,-2.824249,28.6337,-15.1061,43.19382
34560.,-2.702576,-2.972035,-2.261362,-2.766378,28.69207,-15.05316,43.14881
34570.,-2.657131,-2.925289,-2.242798,-2.708619,28.75028,-15.00294,43.10376
34580.,-2.611924,-2.878788,-2.224156,-2.650976,28.80832,-14.95541,43.05867
34590.,-2.566958,-2.832535,-2.205442,-2.593452,28.86618,-14.91055,43.01353
34600.,-2.522235,-2.786531,-2.186661,-2.536052,28.92388,-14.8683,42.96835
34610.,-2.477757,-2.740778,-2.167819,-2.478778,28.98139,-14.82865,42.92313
34620.,-2.433527,-2.69528,-2.14892,-2.421634,29.03873,-14.79156,42.87787
34630.,-2.389546,-2.650038,-2.129969,-2.364625,29.09588,-14.757,42.83256
34640.,-2.345818,-2.605054,-2.110971,-2.307752,29.15285,-14.72495,42.7872
34650.,-2.302343,-2.560331,-2.091931,-2.251021,29.20964,-14.69536,42.74179
34660.,-2.259125,-2.51587,-2.072854,-2.194433,29.26623,-14.66821,42.69634
34670.,-2.216165,-2.471674,-2.053744,-2.137993,29.32263,-14.64347,42.65084
34680.,-2.173466,-2.427745,-2.034607,-2.081704,29.37885,-14.62111,42.60528
34690.,-2.131029,-2.384084,-2.015447,-2.025568,29.43486,-14.6011,42.55967
34700.,-2.088857,-2.340694,-1.996268,-1.96959,29.49068,-14.58342,42.51401
34710.,-2.046951,-2.297577,-1.977076,-1.913772,29.5463,-14.56803,42.4683
34720.,-2.005313,-2.254734,-1.957874,-1.858117,29.60172,-14.55491,42.42253
34730.,-1.963946,-2.212167,-1.938666,-1.802629,29.65693,-14.54403,42.3767
34740.,-1.922851,-2.169878,-1.919459,-1.747311,29.71194,-14.53537,42.33082
34750.,-1.882029,-2.127869,-1.900255,-1.692165,29.76674,-14.52888,42.28488
34760.,-1.841484,-2.086141,-1.881058,-1.637194,29.82134,-14.52456,42.23888
34770.,-1.801215,-2.044698,-1.861874,-1.582402,29.87572,-14.52238,42.19282
34780.,-1.761226,-2.003539,-1.842707,-1.527791,29.92989,-14.5223,42.1467
34790.,-1.721518,-1.962666,-1.823559,-1.473364,29.98385,-14.5243,42.10052
34800.,-1.682093,-1.922083,-1.804436,-1.419124,30.03759,-14.52836,42.05427
34810.,-1.642952,-1.881789,-1.785342,-1.365074,30.09111,-14.53446,42.00797
34820.,-1.604097,-1.841786,-1.76628,-1.311216,30.14441,-14.54256,41.96159
34830.,-1.565529,-1.802077,-1.747255,-1.257553,30.19749,-14.55265,41.91516
34840.,-1.52725,-1.762663,-1.72827,-1.204088,30.25035,-14.5647,41.86865
34850.,-1.489261,-1.723544,-1.709328,-1.150822,30.30299,-14.57869,41.82208
34860.,-1.451565,-1.684723,-1.690435,-1.09776,30.3554,-14.59459,41.77544
34870.,-1.414162,-1.646201,-1.671593,-1.044902,30.40759,-14.61239,41.72873
34880.,-1.377054,-1.607979,-1.652806,-0.9922527,30.45954,-14.63205,41.68196
34890.,-1.340242,-1.570059,-1.634079,-0.9398131,30.51127,-14.65357,41.63511
34900.,-1.303728,-1.532442,-1.615413,-0.8875861,30.56276,-14.67691,41.58819
34910.,-1.267513,-1.49513,-1.596814,-0.8355739,30.61403,-14.70206,41.54119
34920.,-1.231599,-1.458123,-1.578283,-0.7837788,30.66506,-14.72899,41.49413
34930.,-1.195986,-1.421423,-1.559826,-0.7322033,30.71585,-14.75768,41.44699
34940.,-1.160675,-1.385031,-1.541445,-0.6808494,30.76641,-14.78812,41.39978
34950.,-1.125669,-1.348949,-1.523143,-0.6297195,30.81673,-14.82028,41.35249
34960.,-1.090969,-1.313177,-1.504925,-0.5788156,30.86681,-14.85414,41.30512
34970.,-1.056575,-1.277717,-1.486792,-0.5281399,30.91666,-14.88969,41.25768
34980.,-1.022488,-1.242569,-1.468749,-0.4776946,30.96626,-14.9269,41.21015
34990.,-0.9887106,-1.207736,-1.450798,-0.4274816,31.01563,-14.96575,41.16255
35000.,-0.9552429,-1.173217,-1.432943,-0.3775031,31.06475,-15.00623,41.11487
35010.,-0.9220862,-1.139015,-1.415187,-0.327761,31.11362,-15.04832,41.06711
35020.,-0.8893638,-1.104991,-1.397317,-0.2784187,31.16216,-15.09183,40.26875
35030.,-0.8571285,-1.07109,-1.379246,-0.2297086,31.2103,-15.13668,39.13349
35040.,-0.82538,-1.037313,-1.360978,-0.1816992,31.25806,-15.18284,37.98551
35050.,-0.7941176,-1.003663,-1.34252,-0.1343883,31.30544,-15.23031,36.82449
35060.,-0.7633408,-0.9701446,-1.323879,-0.08777369,31.35243,-15.27907,35.65007
35070.,-0.7330493,-0.9367593,-1.305059,-0.04185308,31.39903,-15.32911,34.4619
35080.,-0.7032425,-0.9035103,-1.286067,0.003375772,31.44526,-15.38042,33.2596
35090.,-0.6739198,-0.8704007,-1.266909,0.04791509,31.4911,-15.43297,32.04277
35100.,-0.6450808,-0.837433,-1.24759,0.09176712,31.53656,-15.48677,30.811
35110.,-0.6167249,-0.8046101,-1.228115,0.1349341,31.58164,-15.54179,29.56386
35120.,-0.5888516,-0.7719348,-1.208492,0.1774182,31.62634,-15.59803,28.3009
35130.,-0.5614603,-0.7394097,-1.188724,0.2192218,31.67067,-15.65547,27.02165
35140.,-0.5345505,-0.7070376,-1.168817,0.260347,31.71461,-15.71409,25.72562
35150.,-0.5081216,-0.6748209,-1.148778,0.300796,31.75818,-15.7739,24.41229
35160.,-0.482173,-0.6427623,-1.128611,0.3405711,31.80137,-15.83487,23.08111
35170.,-0.4567041,-0.6108645,-1.108321,0.3796745,31.84418,-15.897,21.73151
35180.,-0.4317145,-0.5791298,-1.087914,0.4181084,31.88662,-15.96026,20.3629
35190.,-0.4072034,-0.5475607,-1.067394,0.4558751,31.92869,-16.02467,18.97465
35200.,-0.3831703,-0.5161598,-1.046768,0.4929766,31.97038,-16.09019,17.56608
35210.,-0.3596145,-0.4849295,-1.02604,0.5294153,32.0117,-16.15682,16.1365
35220.,-0.3365356,-0.453872,-1.005214,0.5651933,32.05265,-16.22455,14.68517
35230.,-0.3139327,-0.4229899,-0.9842966,0.6003128,32.09323,-16.29338,13.21131
35240.,-0.2918054,-0.3922853,-0.9632919,0.634776,32.13344,-16.36328,11.71408
35250.,-0.2701529,-0.3617606,-0.9422048,0.6685851,32.17328,-16.43425,10.19262
35260.,-0.2489747,-0.331418,-0.92104,0.7017422,32.21275,-16.50628,8.645999
35270.,-0.2282701,-0.3012598,-0.8998024,0.7342496,32.25185,-16.57935,7.073228
35280.,-0.2080385,-0.2712881,-0.8784965,0.7661093,32.29059,-16.65347,5.473261
35290.,-0.1882792,-0.2415051,-0.857127,0.7973237,32.32896,-16.72862,3.844983
35300.,-0.1689915,-0.2119129,-0.8356984,0.8278947,32.36697,-16.80479,2.187205
35310.,-0.1501747,-0.1825136,-0.8142152,0.8578247,32.40461,-16.88197,0.4986602
35320.,-0.1318283,-0.1533094,-0.7926819,0.8871156,32.44189,-16.96016,-1.22201
35330.,-0.1139516,-0.1243021,-0.7711028,0.9157697,32.47881,-17.03933,-2.976259
35340.,-0.09654377,-0.09549384,-0.7494824,0.9437892,32.51537,-17.1195,-4.765646
35350.,-0.07960423,-0.06688659,-0.7278249,0.971176,32.55157,-17.20064,-6.591848
35360.,-0.06313229,-0.03848228,-0.7061345,0.9979324,32.5874,-17.28274,-8.456671
35370.,-0.04712725,-0.01028284,-0.6844155,1.02406,32.62288,-17.36581,-10.36207
35380.,-0.03158841,0.01770986,-0.662672,1.049562,32.658,-17.44983,-12.31014
35390.,-0.01651508,0.04549394,-0.6409081,1.07444,32.69277,-17.5348,-14.30318
35400.,-0.001906547,0.07306759,-0.6191279,1.098696,32.72717,-17.6207,-16.34367
35410.,0.01223789,0.100429,-0.5973353,1.122331,32.76123,-17.70752,-18.43433
35420.,0.02591894,0.1275764,-0.5755344,1.145349,32.79493,-17.79527,-20.5781
35430.,0.03913732,0.154508,-0.553729,1.167751,32.82827,-17.88394,-22.77824
35440.,0.05189374,0.1812221,-0.531923,1.18954,32.86126,-17.9735,-25.03831
35450.,0.06418893,0.207717,-0.5101203,1.210716,32.8939,-18.06397,-27.36225
35460.,0.0760236,0.233991,-0.4883246,1.231284,32.9262,-18.15533,-29.75441
35470.,0.08739848,0.2600425,-0.4665396,1.251243,32.95814,-18.24758,-32.21964
35480.,0.09831431,0.28587,-0.444769,1.270597,32.98973,-18.3407,-34.76335
35490.,0.1089913,0.3113372,-0.4229647,1.28943,33.02097,-18.43439,-36.50587
35500.,0.1197739,0.3362333,-0.4010483,1.307952,33.05187,-18.52818,-36.88426
35510.,0.1306596,0.3605621,-0.3790228,1.326293,33.08242,-18.62207,-37.2646
35520.,0.1416456,0.3843277,-0.3568906,1.344454,33.11263,-18.71606,-37.6469
35530.,0.1527297,0.4075338,-0.3346545,1.362433,33.1425,-18.81015,-38.0312
35540.,0.1639092,0.4301843,-0.3123171,1.380233,33.17204,-18.90434,-38.41751
35550.,0.1751817,0.452283,-0.2898808,1.397851,33.20125,-18.99864,-38.80587
35560.,0.1865449,0.4738337,-0.2673484,1.41529,33.23012,-19.09304,-39.19628
35570.,0.1979962,0.4948402,-0.2447222,1.432548,33.25867,-19.18755,-39.58879
35580.,0.2095334,0.5153062,-0.2220048,1.449627,33.2869,-19.28217,-39.9834
35590.,0.2211541,0.5352353,-0.1991987,1.466525,33.31481,-19.37689,-40.38015
35600.,0.232856,0.5546313,-0.1763063,1.483244,33.34239,-19.47173,-40.77907
35610.,0.2446367,0.5734978,-0.1533299,1.499784,33.36966,-19.56669,-41.18018
35620.,0.2564939,0.5918383,-0.1302721,1.516144,33.39662,-19.66176,-41.58351
35630.,0.2684255,0.6096565,-0.1071352,1.532325,33.42327,-19.75694,-41.98908
35640.,0.2804292,0.6269559,-0.08392142,1.548327,33.44962,-19.85224,-42.39692
35650.,0.2925028,0.64374,-0.06063323,1.56415,33.47565,-19.94766,-42.80707
35660.,0.3046441,0.6600123,-0.03727287,1.579794,33.50139,-20.0432,-43.21955
35670.,0.316851,0.6757763,-0.01384261,1.59526,33.52682,-20.13886,-43.63439
35680.,0.3291212,0.6910353,0.009655291,1.610547,33.55196,-20.23464,-44.05162
35690.,0.3414528,0.7057928,0.03321862,1.625657,33.57681,-20.33055,-44.47127
35700.,0.3538435,0.7200521,0.05684517,1.640588,33.60136,-20.42659,-44.89338
35710.,0.3662914,0.7338167,0.08053276,1.655341,33.62562,-20.52275,-45.31797
35720.,0.3787943,0.7470897,0.1042792,1.669917,33.64959,-20.61903,-45.74509
35730.,0.3913503,0.7598745,0.1280825,1.684315,33.67328,-20.71545,-46.17475
35740.,0.4039574,0.7721744,0.1519404,1.698536,33.69669,-20.812,-46.60701
35750.,0.4166135,0.7839925,0.1758508,1.71258,33.71982,-20.90868,-47.04189
35760.,0.4293167,0.7953321,0.1998118,1.726446,33.74267,-21.00549,-47.47943
35770.,0.4420651,0.8061964,0.2238212,1.740136,33.76524,-21.10243,-47.91966
35780.,0.4548567,0.8165884,0.247877,1.75365,33.78754,-21.19951,-48.36263
35790.,0.4676897,0.8265114,0.2719773,1.766987,33.80957,-21.29673,-48.80837
35800.,0.4805621,0.8359683,0.29612,1.780147,33.83133,-21.39408,-49.25692
35810.,0.4934721,0.8449624,0.3203032,1.793132,33.85282,-21.49158,-49.70833
35820.,0.5064178,0.8534966,0.344525,1.805941,33.87405,-21.58921,-50.16262
35830.,0.5193976,0.8615739,0.3687835,1.818574,33.89501,-21.68698,-50.61985
35840.,0.5318537,0.8691249,0.3923678,1.830618,33.52321,-21.78466,-50.65604
35850.,0.5433466,0.8757771,0.4147851,1.841672,33.15574,-21.883,-50.63747
35860.,0.5538911,0.8815445,0.4360523,1.851754,32.79253,-21.982,-50.61968
35870.,0.5635017,0.8864406,0.4561857,1.860882,32.43352,-22.08164,-50.60268
35880.,0.5721925,0.8904788,0.4752015,1.869068,32.07862,-22.18192,-50.58644
35890.,0.5799774,0.8936722,0.4931155,1.876328,31.72778,-22.28281,-50.57095
35900.,0.5868701,0.8960334,0.5099434,1.882675,31.38092,-22.38431,-50.5562
35910.,0.5928839,0.8975752,0.5257003,1.888124,31.03799,-22.48641,-50.54218
35920.,0.598032,0.8983098,0.5404014,1.892688,30.69892,-22.58909,-50.52888
35930.,0.6023271,0.8982492,0.5540613,1.896381,30.36365,-22.69235,-50.51628
35940.,0.605782,0.8974053,0.5666946,1.899216,30.03211,-22.79618,-50.50438
35950.,0.6084089,0.8957897,0.5783154,1.901205,29.70425,-22.90057,-50.49316
35960.,0.61022,0.8934137,0.5889377,1.902362,29.38001,-23.00546,-50.47651
35970.,0.6112262,0.8902875,0.5985732,1.902705,29.05933,-23.11039,-50.39092
35980.,0.6114399,0.8864224,0.6072361,1.902252,28.74214,-23.21535,-50.30608
35990.,0.610873,0.88183,0.6149403,1.901016,28.4284,-23.32033,-50.22196
36000.,0.6095375,0.8765214,0.6216993,1.899008,28.11806,-23.42534,-50.13855
36010.,0.607445,0.8705074,0.6275267,1.896242,27.81105,-23.53037,-50.05585
36020.,0.6046068,0.8637988,0.6324356,1.892728,27.50732,-23.63543,-49.97384
36030.,0.6010342,0.856406,0.6364389,1.888477,27.20684,-23.74049,-49.89251
36040.,0.5967383,0.8483395,0.6395493,1.883502,26.90955,-23.84558,-49.81185
36050.,0.5917297,0.8396094,0.6417794,1.877813,26.61539,-23.95067,-49.73185
36060.,0.5860192,0.8302256,0.6431416,1.871422,26.32433,-24.05578,-49.65249
36070.,0.5796171,0.8201979,0.6436478,1.864338,26.03631,-24.1609,-49.57377
36080.,0.5725336,0.8095359,0.64331,1.856573,25.75129,-24.26602,-49.49568
36090.,0.564779,0.798249,0.64214,1.848136,25.46923,-24.37114,-49.4182
36100.,0.5563629,0.7863466,0.6401491,1.839038,25.19008,-24.47627,-49.34133
36110.,0.5472952,0.7738376,0.6373489,1.829288,24.9138,-24.5814,-49.26505
36120.,0.5375853,0.760731,0.6337503,1.818898,24.64034,-24.68654,-49.18936
36130.,0.5272427,0.7470357,0.6293644,1.807875,24.36966,-24.79167,-49.11424
36140.,0.5162766,0.7327602,0.624202,1.796229,24.10173,-24.8968,-49.03969
36150.,0.504696,0.7179129,0.6182737,1.783971,23.8365,-25.00192,-48.9657
36160.,0.4925098,0.7025023,0.6115898,1.771108,23.57393,-25.10704,-48.89226
36170.,0.4797268,0.6865365,0.6041607,1.75765,23.31399,-25.21215,-48.81936
36180.,0.4663555,0.6700236,0.5959966,1.743605,23.05663,-25.31726,-48.74699
36190.,0.4524045,0.6529714,0.5871072,1.728983,22.80183,-25.42236,-48.67514
36200.,0.4378819,0.6353878,0.5775026,1.713792,22.54953,-25.52745,-48.60381
36210.,0.4227961,0.6172803,0.5671922,1.698039,22.29971,-25.63253,-48.53298
36220.,0.407155,0.5986565,0.5561855,1.681734,22.05233,-25.7376,-48.46266
36230.,0.3909666,0.5795238,0.544492,1.664884,21.80736,-25.84266,-48.39282
36240.,0.3742385,0.5598893,0.5321208,1.647497,21.56475,-25.94771,-48.32346
36250.,0.3569785,0.5397603,0.5190809,1.629581,21.32449,-26.05275,-48.25458
36260.,0.339194,0.5191437,0.5053813,1.611144,21.08653,-26.15777,-48.18617
36270.,0.3208925,0.4980465,0.4910307,1.592193,20.85084,-26.26278,-48.11822
36280.,0.3020812,0.4764755,0.4760378,1.572735,20.61739,-26.36778,-48.05072
36290.,0.2827673,0.4544373,0.460411,1.552779,20.38615,-26.47276,-47.98367
36300.,0.2629578,0.4319384,0.4441588,1.53233,20.15709,-26.57773,-47.91706
36310.,0.2426596,0.4089854,0.4272894,1.511397,19.93017,-26.68268,-47.85087
36320.,0.2218796,0.3855845,0.409811,1.489985,19.70538,-26.78762,-47.78512
36330.,0.2006244,0.3617421,0.3917314,1.468103,19.48267,-26.89255,-47.71978
36340.,0.1789006,0.3374642,0.3730587,1.445755,19.26202,-26.99745,-47.65485
36350.,0.1567148,0.312757,0.3538005,1.422951,19.0434,-27.10235,-47.59033
36360.,0.1340732,0.2876263,0.3339645,1.399694,18.82678,-27.20723,-47.52621
36370.,0.1109822,0.2620781,0.3135582,1.375993,18.61215,-27.31209,-47.46248
36380.,0.08744802,0.2361181,0.2925891,1.351853,18.39946,-27.41694,-47.39914
36390.,0.06347667,0.2097519,0.2710644,1.32728,18.18869,-27.52177,-47.33619
36400.,0.03907417,0.1829851,0.2489913,1.302282,17.97982,-27.62658,-47.2736
36410.,0.01424641,0.1558232,0.226377,1.276862,17.77281,-27.73139,-47.21139
36420.,-0.01100081,0.1282717,0.2032284,1.251028,17.56766,-27.83617,-47.14954
36430.,-0.03666176,0.1003358,0.1795524,1.224785,17.36432,-27.94094,-47.08805
36440.,-0.0627304,0.07202186,0.1553561,1.198147,17.16275,-28.04526,-46.94297
36450.,-0.08920062,0.04333578,0.1306465,1.171126,16.96291,-28.149,-46.77379
36460.,-0.1160664,0.0142832,0.1054309,1.143733,16.76477,-28.25217,-46.60527
36470.,-0.1433218,-0.01513034,0.0797164,1.115972,16.56832,-28.35478,-46.4374
36480.,-0.170961,-0.04489937,0.05350985,1.08785,16.37353,-28.45682,-46.27017
36490.,-0.1989782,-0.07501851,0.02681812,1.059371,16.18038,-28.55832,-46.10358
36500.,-0.2273678,-0.1054825,-0.0003520183,1.030542,15.98885,-28.65927,-45.9376
36510.,-0.2561242,-0.1362861,-0.02799392,1.001367,15.79892,-28.75968,-45.77224
36520.,-0.285242,-0.1674241,-0.05610104,0.9718533,15.61057,-28.85955,-45.60749
36530.,-0.3147156,-0.1988916,-0.08466691,0.942005,15.42377,-28.9589,-45.44333
36540.,-0.3445398,-0.2306835,-0.1136852,0.9118276,15.23852,-29.05772,-45.27977
36550.,-0.3747094,-0.2627949,-0.1431495,0.8813263,15.05478,-29.15603,-45.1168
36560.,-0.4052191,-0.295221,-0.1730538,0.850506,14.87254,-29.25382,-44.9544
36570.,-0.4360639,-0.3279571,-0.2033919,0.8193718,14.69179,-29.35111,-44.79257
36580.,-0.4672388,-0.3609985,-0.2341578,0.7879287,14.51249,-29.4479,-44.63131
36590.,-0.4987388,-0.3943405,-0.2653456,0.7561813,14.33464,-29.54419,-44.4706
36600.,-0.530559,-0.4279787,-0.2969495,0.7241346,14.15821,-29.64,-44.31044
36610.,-0.5626948,-0.4619085,-0.3289637,0.6917932,13.98319,-29.73532,-44.15083
36620.,-0.5951413,-0.4961255,-0.3613825,0.6591616,13.80956,-29.83016,-43.99175
36630.,-0.6278939,-0.5306254,-0.3942004,0.6262446,13.6373,-29.92452,-43.8332
36640.,-0.660948,-0.5654039,-0.4274118,0.5930464,13.4664,-30.01842,-43.67518
36650.,-0.6942992,-0.6004568,-0.4610113,0.5595717,13.29683,-30.11185,-43.51768
36660.,-0.7279429,-0.63578,-0.4949935,0.5258246,13.12859,-30.20482,-43.36068
36670.,-0.7618748,-0.6713693,-0.5293532,0.4918095,12.96165,-30.29734,-43.20419
36680.,-0.7960906,-0.7072208,-0.5640851,0.4575306,12.796,-30.38941,-43.04821
36690.,-0.830586,-0.7433304,-0.5991841,0.422992,12.63162,-30.48103,-42.89271
36700.,-0.8653568,-0.7796942,-0.6346452,0.3881979,12.4685,-30.57222,-42.73771
36710.,-0.9003988,-0.8163084,-0.6704633,0.3531522,12.30663,-30.66297,-42.58318
36720.,-0.9357081,-0.8531692,-0.7066336,0.317859,12.14598,-30.75328,-42.42914
36730.,-0.9712806,-0.8902729,-0.7431512,0.2823221,11.98654,-30.84318,-42.27556
36740.,-1.007112,-0.9276157,-0.7800112,0.2465455,11.8283,-30.93265,-42.12246
36750.,-1.043199,-0.965194,-0.817209,0.2105328,11.67125,-31.0217,-41.96981
36760.,-1.079538,-1.003004,-0.85474,0.1742878,11.51536,-31.11035,-41.81762
36770.,-1.116124,-1.041043,-0.8925995,0.1378143,11.36063,-31.19858,-41.66588
36780.,-1.152955,-1.079307,-0.9307829,0.1011158,11.20704,-31.28641,-41.51458
36790.,-1.190025,-1.117792,-0.969286,0.064196,11.05457,-31.37384,-41.36373
36800.,-1.227333,-1.156495,-1.008104,0.0270583,10.90322,-31.46087,-41.21331
36810.,-1.264873,-1.195413,-1.047233,-0.01029377,10.75297,-31.54752,-41.06333
36820.,-1.302643,-1.234542,-1.086669,-0.0478568,10.60381,-31.63378,-40.91377
36830.,-1.340639,-1.27388,-1.126406,-0.08562741,10.45572,-31.71965,-40.76463
36840.,-1.378858,-1.313423,-1.166442,-0.1236023,10.30869,-31.80514,-40.61591
36850.,-1.417296,-1.353168,-1.206772,-0.1617781,10.16271,-31.89026,-40.4676
36860.,-1.45595,-1.393111,-1.247392,-0.2001517,10.01777,-31.97501,-40.3197
36870.,-1.494817,-1.433251,-1.288298,-0.2387199,9.873855,-32.05939,-40.17221
36880.,-1.533893,-1.473583,-1.329486,-0.2774795,9.730951,-32.14341,-40.02511
36890.,-1.573176,-1.514105,-1.370952,-0.3164275,9.589047,-32.22707,-39.87841
36900.,-1.612662,-1.554814,-1.412693,-0.3555608,9.448133,-32.31037,-39.73211
36910.,-1.652348,-1.595706,-1.454694,-0.3948742,9.308156,-32.39331,-39.56177
36920.,-1.692233,-1.63678,-1.496941,-0.4343603,9.169062,-32.47585,-39.36381
36930.,-1.732313,-1.678033,-1.53943,-0.4740136,9.03084,-32.55802,-39.16646
36940.,-1.772586,-1.71946,-1.582158,-0.5138316,8.893479,-32.63981,-38.9697
36950.,-1.813049,-1.761061,-1.625122,-0.5538114,8.75697,-32.72123,-38.77354
36960.,-1.853698,-1.802833,-1.668318,-0.5939505,8.621303,-32.80228,-38.57796
36970.,-1.894532,-1.844772,-1.711744,-0.6342463,8.486467,-32.88296,-38.38296
36980.,-1.935547,-1.886876,-1.755395,-0.6746961,8.352454,-32.96328,-38.18854
36990.,-1.97674,-1.929143,-1.799269,-0.7152974,8.219253,-33.04325,-37.99469
37000.,-2.018109,-1.97157,-1.843363,-0.7560478,8.086855,-33.12286,-37.80141
37010.,-2.059651,-2.014155,-1.887673,-0.7969448,7.955251,-33.20212,-37.60868
37020.,-2.101364,-2.056895,-1.932197,-0.837986,7.824431,-33.28104,-37.41651
37030.,-2.143244,-2.099788,-1.976932,-0.8791688,7.694388,-33.35961,-37.22489
37040.,-2.185291,-2.142831,-2.021874,-0.9204911,7.565111,-33.43784,-37.03382
37050.,-2.2275,-2.186023,-2.067021,-0.9619505,7.436592,-33.51574,-36.84328
37060.,-2.269869,-2.22936,-2.11237,-1.003545,7.308823,-33.5933,-36.65328
37070.,-2.312396,-2.272841,-2.157918,-1.045271,7.181794,-33.67054,-36.46382
37080.,-2.355079,-2.316464,-2.203663,-1.087128,7.055497,-33.74745,-36.27487
37090.,-2.397915,-2.360226,-2.249601,-1.129113,6.929925,-33.82404,-36.08645
37100.,-2.440902,-2.404125,-2.295729,-1.171224,6.805068,-33.90031,-35.89855
37110.,-2.484038,-2.448158,-2.342046,-1.213458,6.680919,-33.97626,-35.71116
37120.,-2.52732,-2.492325,-2.388548,-1.255815,6.557469,-34.05191,-35.52427
37130.,-2.570745,-2.536622,-2.435233,-1.298291,6.434712,-34.12724,-35.33789
37140.,-2.614313,-2.581047,-2.482099,-1.340884,6.312638,-34.20227,-35.15201
37150.,-2.658019,-2.6256,-2.529142,-1.383593,6.19124,-34.27699,-34.96663
37160.,-2.701864,-2.670277,-2.57636,-1.426415,6.070512,-34.35142,-34.78173
37170.,-2.745843,-2.715076,-2.623751,-1.469349,5.950444,-34.42555,-34.59733
37180.,-2.789956,-2.759996,-2.671313,-1.512392,5.83103,-34.49938,-34.4134
37190.,-2.8342,-2.805035,-2.719042,-1.555544,5.712263,-34.57293,-34.22996
37200.,-2.878573,-2.85019,-2.766937,-1.598801,5.594136,-34.64619,-34.04699
37210.,-2.923072,-2.895461,-2.814995,-1.642161,5.47664,-34.71916,-33.86449
37220.,-2.967697,-2.940845,-2.863214,-1.685624,5.35977,-34.79185,-33.68246
37230.,-3.012445,-2.98634,-2.911592,-1.729188,5.243518,-34.86426,-33.50089
37240.,-3.057314,-3.031944,-2.960125,-1.772849,5.127877,-34.9364,-33.31978
37250.,-3.102302,-3.077656,-3.008813,-1.816608,5.012842,-35.00826,-33.13913
37260.,-3.147407,-3.123474,-3.057653,-1.860461,4.898404,-35.07985,-32.95893
37270.,-3.192627,-3.169397,-3.106643,-1.904408,4.784558,-35.15117,-32.77918
37280.,-3.237962,-3.215422,-3.15578,-1.948447,4.671297,-35.22223,-32.59988
37290.,-3.283407,-3.261547,-3.205063,-1.992575,4.558615,-35.29302,-32.42102
37300.,-3.328963,-3.307772,-3.254489,-2.036792,4.446505,-35.36356,-32.24259
37310.,-3.374627,-3.354094,-3.304057,-2.081095,4.334962,-35.43383,-32.0646
37320.,-3.420398,-3.400513,-3.353763,-2.125483,4.223978,-35.50385,-31.88705
37330.,-3.466273,-3.447025,-3.403608,-2.169955,4.113548,-35.57362,-31.70992
37340.,-3.512251,-3.493631,-3.453587,-2.214509,4.003666,-35.64314,-31.53322
37350.,-3.55833,-3.540327,-3.5037,-2.259143,3.894327,-35.71241,-31.35693
37360.,-3.604509,-3.587113,-3.553944,-2.303856,3.785523,-35.78144,-31.18107
37370.,-3.650786,-3.633988,-3.604318,-2.348646,3.67725,-35.85022,-31.00563
37380.,-3.697159,-3.680949,-3.654814,-2.393513,3.569493,-35.91868,-30.83159
37390.,-3.743626,-3.727996,-3.705396,-2.438454,3.462201,-35.98635,-30.66333
37400.,-3.790184,-3.775126,-3.756063,-2.483469,3.355369,-36.05323,-30.49545
37410.,-3.836831,-3.822338,-3.806812,-2.528555,3.248994,-36.11934,-30.32795
37420.,-3.883566,-3.869629,-3.857643,-2.57371,3.143071,-36.18469,-30.16082
37430.,-3.930385,-3.916998,-3.908552,-2.618934,3.037595,-36.24927,-29.99406
37440.,-3.977288,-3.964444,-3.959538,-2.664223,2.932563,-36.31311,-29.82767
37450.,-4.024272,-4.011963,-4.010599,-2.709576,2.827969,-36.37619,-29.66165
37460.,-4.071336,-4.059554,-4.061734,-2.754991,2.72381,-36.43854,-29.49598
37470.,-4.118477,-4.107216,-4.11294,-2.800467,2.620082,-36.50017,-29.33068
37480.,-4.165693,-4.154946,-4.164216,-2.846001,2.516781,-36.56106,-29.16573
37490.,-4.212983,-4.202743,-4.215559,-2.891592,2.413902,-36.62124,-29.00113
37500.,-4.260346,-4.250605,-4.266969,-2.937238,2.311442,-36.68071,-28.83689
37510.,-4.307778,-4.298531,-4.318443,-2.982938,2.209396,-36.73948,-28.673
37520.,-4.355278,-4.346518,-4.36998,-3.02869,2.107762,-36.79755,-28.50945
37530.,-4.402845,-4.394565,-4.421578,-3.074491,2.006534,-36.85493,-28.34624
37540.,-4.450477,-4.442671,-4.473236,-3.120341,1.905709,-36.91163,-28.18337
37550.,-4.498172,-4.490833,-4.524951,-3.166238,1.805285,-36.96765,-28.02084
37560.,-4.545928,-4.53905,-4.576722,-3.212181,1.705255,-37.023,-27.85865
37570.,-4.593744,-4.587321,-4.628548,-3.258167,1.605618,-37.07769,-27.69679
37580.,-4.641618,-4.635644,-4.680427,-3.304195,1.50637,-37.13172,-27.53525
37590.,-4.689549,-4.684017,-4.732358,-3.350264,1.407506,-37.18509,-27.37405
37600.,-4.737535,-4.732439,-4.784338,-3.396372,1.309024,-37.23782,-27.21317
37610.,-4.785573,-4.780908,-4.836367,-3.442517,1.21092,-37.28991,-27.05262
37620.,-4.833664,-4.829423,-4.888443,-3.488699,1.113191,-37.34136,-26.89238
37630.,-4.881804,-4.877983,-4.940564,-3.534916,1.015833,-37.39219,-26.73247
37640.,-4.929993,-4.926586,-4.992729,-3.581166,0.918842,-37.44239,-26.57287
37650.,-4.97823,-4.97523,-5.044937,-3.627448,0.8222159,-37.49198,-26.41358
37660.,-5.026512,-5.023914,-5.097187,-3.673761,0.7259511,-37.54095,-26.2546
37670.,-5.074838,-5.072637,-5.149476,-3.720102,0.6300443,-37.58932,-26.09594
37680.,-5.123207,-5.121397,-5.201803,-3.766472,0.5344922,-37.63709,-25.93758
37690.,-5.171617,-5.170193,-5.254168,-3.812868,0.4392918,-37.68426,-25.77953
37700.,-5.220068,-5.219024,-5.306568,-3.859289,0.3444399,-37.73085,-25.62178
37710.,-5.268556,-5.267889,-5.359003,-3.905735,0.2499334,-37.77685,-25.46433
37720.,-5.317082,-5.316785,-5.411471,-3.952202,0.1557693,-37.82227,-25.30718
37730.,-5.365644,-5.365712,-5.463971,-3.998691,0.0619445,-37.86711,-25.15033
37740.,-5.41424,-5.414668,-5.516501,-4.045201,-0.03154387,-37.91139,-24.99377
37750.,-5.462869,-5.463653,-5.569061,-4.091729,-0.1246988,-37.9551,-24.8375
37760.,-5.51153,-5.512665,-5.621649,-4.138274,-0.2175232,-37.99825,-24.68153
37770.,-5.560222,-5.561702,-5.674264,-4.184836,-0.3100199,-38.04085,-24.52584
37780.,-5.608943,-5.610764,-5.726905,-4.231414,-0.4021918,-38.0829,-24.37045
37790.,-5.657692,-5.659849,-5.77957,-4.278005,-0.4940417,-38.1244,-24.21533
37800.,-5.706468,-5.708957,-5.832258,-4.32461,-0.5855723,-38.16537,-24.0605
37810.,-5.755269,-5.758085,-5.884969,-4.371226,-0.6767864,-38.2058,-23.90595
37820.,-5.804095,-5.807233,-5.9377,-4.417853,-0.7676868,-38.2457,-23.75169
37830.,-5.852944,-5.8564,-5.990452,-4.464489,-0.858276,-38.28507,-23.59769
37840.,-5.901815,-5.905585,-6.043222,-4.511134,-0.9485567,-38.32392,-23.44398
37850.,-5.950707,-5.954786,-6.09601,-4.557787,-1.038532,-38.36226,-23.29054
37860.,-5.999619,-6.004003,-6.148791,-4.604448,-1.128204,-38.39965,-23.1646
37870.,-6.04855,-6.053235,-6.201559,-4.65112,-1.217575,-38.43602,-23.04371
37880.,-6.097499,-6.10248,-6.254313,-4.697803,-1.306647,-38.47138,-22.923
37890.,-6.146463,-6.151736,-6.307052,-4.744493,-1.395422,-38.50574,-22.80244
37900.,-6.195442,-6.201003,-6.359774,-4.791191,-1.483903,-38.53911,-22.68206
37910.,-6.244434,-6.250278,-6.412477,-4.837893,-1.57209,-38.5715,-22.56183
37920.,-6.293436,-6.29956,-6.465162,-4.884599,-1.659987,-38.60292,-22.44177
37930.,-6.342448,-6.348847,-6.517825,-4.931307,-1.747595,-38.63337,-22.32187
37940.,-6.391468,-6.398139,-6.570468,-4.978016,-1.834915,-38.66287,-22.20213
37950.,-6.440494,-6.447432,-6.623087,-5.024724,-1.92195,-38.69141,-22.08254
37960.,-6.489525,-6.496727,-6.675682,-5.071429,-2.008701,-38.71902,-21.96311
37970.,-6.53856,-6.546022,-6.728251,-5.118131,-2.09517,-38.7457,-21.84384
37980.,-6.587282,-6.595027,-6.780487,-5.164527,-1.788072,-38.77152,-21.79724
37990.,-6.635013,-6.643587,-6.831923,-5.210379,-1.483732,-38.79544,-22.30865
38000.,-6.681757,-6.691701,-6.882565,-5.25575,-1.182132,-38.81747,-22.82295
38010.,-6.727522,-6.739371,-6.932417,-5.300642,-0.8832504,-38.83764,-23.34017
38020.,-6.772312,-6.786599,-6.981482,-5.345057,-0.5870687,-38.85596,-23.86035
38030.,-6.816133,-6.833384,-7.029764,-5.388995,-0.2935668,-38.87245,-24.38355
38040.,-6.858991,-6.879727,-7.077269,-5.432458,-0.002724919,-38.88711,-24.9098
38050.,-6.900892,-6.925631,-7.123999,-5.475447,0.2854766,-38.89998,-25.43915
38060.,-6.941842,-6.971096,-7.16996,-5.517965,0.5710577,-38.91106,-25.97165
38070.,-6.981846,-7.016123,-7.215155,-5.560013,0.8540378,-38.92037,-26.50735
38080.,-7.02091,-7.060713,-7.259588,-5.601591,1.134437,-38.92792,-27.04628
38090.,-7.05904,-7.104867,-7.303264,-5.642702,1.412274,-38.93374,-27.58852
38100.,-7.096241,-7.148587,-7.346186,-5.683348,1.68757,-38.93783,-28.1341
38110.,-7.132519,-7.191874,-7.388359,-5.72353,1.960344,-38.94021,-28.68308
38120.,-7.16788,-7.234728,-7.429786,-5.763249,2.230615,-38.9409,-29.23551
38130.,-7.202329,-7.277152,-7.470473,-5.802508,2.498403,-38.9399,-29.79144
38140.,-7.235871,-7.319147,-7.510423,-5.841308,2.763728,-38.93725,-30.35094
38150.,-7.268513,-7.360713,-7.549639,-5.87965,3.026609,-38.93294,-30.91407
38160.,-7.30026,-7.401853,-7.588127,-5.917537,3.287065,-38.927,-31.48087
38170.,-7.331118,-7.442567,-7.62589,-5.95497,3.545117,-38.91943,-32.05142
38180.,-7.361091,-7.482856,-7.662932,-5.991951,3.800783,-38.91026,-32.62577
38190.,-7.390185,-7.522723,-7.699257,-6.028482,4.054083,-38.8995,-33.20399
38200.,-7.418406,-7.562169,-7.73487,-6.064564,4.305035,-38.88716,-33.78615
38210.,-7.44576,-7.601195,-7.769774,-6.100199,4.553661,-38.87326,-34.3723
38220.,-7.472251,-7.639802,-7.803974,-6.135389,4.799978,-38.8578,-34.96253
38230.,-7.497885,-7.677992,-7.837473,-6.170136,5.044005,-38.84081,-35.5569
38240.,-7.522668,-7.715766,-7.870275,-6.204442,5.285763,-38.82229,-36.15549
38250.,-7.546604,-7.753126,-7.902384,-6.238308,5.52527,-38.80227,-36.75837
38260.,-7.569699,-7.790073,-7.933805,-6.271737,5.762544,-38.78074,-37.36562
38270.,-7.591958,-7.826609,-7.964541,-6.304729,5.997606,-38.75774,-37.97731
38280.,-7.613386,-7.862735,-7.994596,-6.337288,6.230473,-38.73327,-38.59353
38290.,-7.63399,-7.898453,-8.023975,-6.369415,6.461165,-38.70734,-39.21437
38300.,-7.653773,-7.933764,-8.05268,-6.401111,6.6897,-38.67996,-39.83991
38310.,-7.672742,-7.96867,-8.080716,-6.432379,6.916098,-38.65116,-40.47023
38320.,-7.6909,-8.003172,-8.108087,-6.46322,7.140376,-38.62094,-41.10544
38330.,-7.708446,-8.036964,-8.134275,-6.493621,7.362551,-38.58892,-41.57117
38340.,-7.725543,-8.069787,-8.158843,-6.523554,7.582643,-38.55478,-41.89016
38350.,-7.742191,-8.101643,-8.1818,-6.553006,7.80067,-38.51853,-42.21015
38360.,-7.758391,-8.132539,-8.203157,-6.581976,8.016655,-38.48019,-42.53115
38370.,-7.774141,-8.162476,-8.222922,-6.610465,8.230619,-38.43979,-42.85317
38380.,-7.78944,-8.191461,-8.241107,-6.638474,8.44258,-38.39733,-43.17623
38390.,-7.80429,-8.219496,-8.25772,-6.666,8.652561,-38.35284,-43.50032
38400.,-7.818688,-8.246585,-8.272771,-6.693046,8.860581,-38.30633,-43.82546
38410.,-7.832635,-8.272733,-8.28627,-6.719611,9.066661,-38.25782,-44.15166
38420.,-7.84613,-8.297943,-8.298225,-6.745695,9.270821,-38.20733,-44.47892
38430.,-7.859174,-8.322219,-8.308647,-6.771298,9.47308,-38.15487,-44.80727
38440.,-7.871765,-8.345565,-8.317544,-6.79642,9.67346,-38.10045,-45.13671
38450.,-7.883903,-8.367986,-8.324926,-6.821062,9.871979,-38.04411,-45.46724
38460.,-7.895589,-8.389484,-8.330802,-6.845224,10.06866,-37.98585,-45.79889
38470.,-7.906821,-8.410064,-8.335181,-6.868905,10.26352,-37.92569,-46.13165
38480.,-7.917601,-8.42973,-8.338072,-6.892105,10.45657,-37.86364,-46.46555
38490.,-7.927926,-8.448484,-8.339483,-6.914826,10.64785,-37.79972,-46.80059
38500.,-7.937798,-8.466332,-8.339425,-6.937068,10.83736,-37.73396,-47.13679
38510.,-7.947216,-8.483277,-8.337905,-6.958829,11.02512,-37.66635,-47.47415
38520.,-7.95618,-8.499322,-8.334932,-6.980111,11.21117,-37.59693,-47.81269
38530.,-7.964689,-8.514471,-8.330516,-7.000915,11.3955,-37.5257,-48.15242
38540.,-7.972744,-8.528728,-8.324664,-7.021239,11.57816,-37.45268,-48.49334
38550.,-7.980345,-8.542096,-8.317386,-7.041084,11.75914,-37.37789,-48.83549
38560.,-7.987491,-8.554579,-8.308689,-7.060451,11.93847,-37.30134,-49.17886
38570.,-7.994182,-8.566181,-8.298583,-7.07934,12.11617,-37.22304,-49.52346
38580.,-8.000418,-8.576906,-8.287075,-7.09775,12.29226,-37.14302,-49.86932
38590.,-8.006199,-8.586756,-8.274174,-7.115683,12.46676,-37.06129,-50.21644
38600.,-8.011525,-8.595735,-8.259888,-7.133139,12.63967,-36.97785,-50.56484
38610.,-8.016396,-8.603847,-8.244225,-7.150117,12.81103,-36.89274,-50.91453
38620.,-8.020812,-8.611095,-8.227194,-7.166618,12.98085,-36.80596,-51.26552
38630.,-8.024772,-8.617483,-8.208803,-7.182643,13.14915,-36.71752,-51.61783
38640.,-8.028278,-8.623015,-8.189059,-7.198191,13.31594,-36.62745,-51.97148
38650.,-8.031327,-8.627693,-8.167971,-7.213262,13.48124,-36.53575,-52.32646
38660.,-8.033922,-8.63152,-8.145547,-7.227858,13.64508,-36.44244,-52.68281
38670.,-8.036061,-8.634501,-8.121794,-7.241978,13.80746,-36.34754,-53.04054
38680.,-8.037745,-8.636639,-8.09672,-7.255623,13.9684,-36.25106,-53.39965
38690.,-8.038974,-8.637936,-8.070333,-7.268792,14.12793,-36.15301,-53.76017
38700.,-8.039747,-8.638397,-8.042641,-7.281487,14.28605,-36.0534,-54.12211
38710.,-8.040064,-8.638024,-8.013651,-7.293707,14.44279,-35.95227,-54.48549
38720.,-8.039926,-8.636821,-7.983371,-7.305453,14.59816,-35.8496,-54.85032
38730.,-8.039333,-8.634791,-7.951809,-7.316724,14.75218,-35.74543,-55.21661
38740.,-8.038285,-8.631937,-7.918971,-7.327522,14.90487,-35.63976,-55.58439
38750.,-8.036781,-8.628262,-7.884866,-7.337846,15.05623,-35.5326,-55.95368
38760.,-8.034821,-8.62377,-7.849501,-7.347697,15.2063,-35.42398,-56.32448
38770.,-8.032406,-8.618463,-7.812883,-7.357075,15.35507,-35.3139,-56.69682
38780.,-8.029536,-8.612345,-7.775019,-7.36598,15.50258,-35.20238,-57.07071
38790.,-8.026211,-8.605418,-7.735917,-7.374413,15.64883,-35.08943,-57.44617
38800.,-8.022383,-8.597731,-7.69583,-7.382358,15.79381,-34.97503,-57.60145
38810.,-8.017899,-8.589434,-7.655578,-7.38975,15.93742,-34.85909,-57.02475
38820.,-8.012761,-8.58053,-7.615162,-7.39654,16.07969,-34.74161,-56.45215
38830.,-8.006973,-8.571021,-7.574579,-7.402731,16.22062,-34.62262,-55.88358
38840.,-8.000538,-8.56091,-7.533829,-7.408326,16.36023,-34.50213,-55.31898
38850.,-7.993459,-8.550201,-7.492911,-7.413327,16.49854,-34.38015,-54.75827
38860.,-7.985739,-8.538895,-7.451823,-7.417737,16.63556,-34.2567,-54.2014
38870.,-7.977382,-8.526995,-7.410566,-7.421559,16.77131,-34.13181,-53.6483
38880.,-7.968391,-8.514505,-7.369139,-7.424795,16.90581,-34.00548,-53.0989
38890.,-7.958768,-8.501426,-7.327539,-7.427448,17.03906,-33.87772,-52.55316
38900.,-7.948516,-8.487761,-7.285767,-7.429521,17.17108,-33.74856,-52.011
38910.,-7.93764,-8.473513,-7.243822,-7.431016,17.30189,-33.61802,-51.47237
38920.,-7.926141,-8.458684,-7.201702,-7.431936,17.4315,-33.48609,-50.93722
38930.,-7.914023,-8.443276,-7.159407,-7.432283,17.55993,-33.35281,-50.40549
38940.,-7.901289,-8.427293,-7.116936,-7.43206,17.68718,-33.21818,-49.87713
38950.,-7.887941,-8.410737,-7.074289,-7.431269,17.81329,-33.08222,-49.35209
38960.,-7.873982,-8.39361,-7.031464,-7.429912,17.93825,-32.94495,-48.83032
38970.,-7.859417,-8.375915,-6.98846,-7.427993,18.06208,-32.80638,-48.31176
38980.,-7.844246,-8.357654,-6.945277,-7.425514,18.1848,-32.66652,-47.79637
38990.,-7.828473,-8.338829,-6.901915,-7.422476,18.30642,-32.52539,-47.28411
39000.,-7.812102,-8.319444,-6.858371,-7.418882,18.42695,-32.38301,-46.77492
39010.,-7.795134,-8.2995,-6.814646,-7.414736,18.54641,-32.23938,-46.26876
39020.,-7.777572,-8.278999,-6.770739,-7.410038,18.66482,-32.09453,-45.76559
39030.,-7.75942,-8.257944,-6.726649,-7.404791,18.78217,-31.94846,-45.26537
39040.,-7.740679,-8.236338,-6.682374,-7.398998,18.8985,-31.8012,-44.76805
39050.,-7.721353,-8.214182,-6.637916,-7.392661,19.0138,-31.65275,-44.27359
39060.,-7.701444,-8.191479,-6.593271,-7.385781,19.1281,-31.50312,-43.78195
39070.,-7.680955,-8.168231,-6.548441,-7.378362,19.24141,-31.35235,-43.2931
39080.,-7.659889,-8.144441,-6.503424,-7.370406,19.35373,-31.20043,-42.80699
39090.,-7.638247,-8.12011,-6.45822,-7.361913,19.46509,-31.04738,-42.32359
39100.,-7.616034,-8.095241,-6.412827,-7.352888,19.57549,-30.89321,-41.84286
39110.,-7.59325,-8.069836,-6.367245,-7.343331,19.68495,-30.73794,-41.36477
39120.,-7.569899,-8.043896,-6.321474,-7.333246,19.79347,-30.58159,-40.88927
39130.,-7.545984,-8.017426,-6.275512,-7.322633,19.90108,-30.42416,-40.41634
39140.,-7.521506,-7.990425,-6.229359,-7.311495,20.00779,-30.26566,-39.94595
39150.,-7.496468,-7.962897,-6.183014,-7.299835,20.11359,-30.10612,-39.47805
39160.,-7.470873,-7.934844,-6.136477,-7.287653,20.21852,-29.94555,-39.01261
39170.,-7.444723,-7.906267,-6.089747,-7.274953,20.32257,-29.78395,-38.54962
39180.,-7.41802,-7.877169,-6.042823,-7.261735,20.42577,-29.62134,-38.08902
39190.,-7.390767,-7.847552,-5.995705,-7.248003,20.52812,-29.45774,-37.6308
39200.,-7.362966,-7.817417,-5.948392,-7.233758,20.62963,-29.29315,-37.17492
39210.,-7.33462,-7.786767,-5.900882,-7.219001,20.73032,-29.1276,-36.72135
39220.,-7.30573,-7.755604,-5.853176,-7.203736,20.8302,-28.96108,-36.27007
39230.,-7.2763,-7.723929,-5.805274,-7.187963,20.92927,-28.79362,-35.82105
39240.,-7.246331,-7.691746,-5.757173,-7.171684,21.02756,-28.62523,-35.37426
39250.,-7.215825,-7.659055,-5.708874,-7.154902,21.12506,-28.45592,-34.92966
39260.,-7.184785,-7.625858,-5.660376,-7.137618,21.22179,-28.28569,-34.48725
39270.,-7.153214,-7.592157,-5.611678,-7.119835,21.31777,-28.11458,-34.04698
39280.,-7.121253,-7.558079,-5.563375,-7.101479,21.41313,-27.94359,-32.83505
39290.,-7.088918,-7.523634,-5.51551,-7.082475,21.5079,-27.77281,-31.57807
39300.,-7.056212,-7.488827,-5.46808,-7.062823,21.60207,-27.60224,-30.34004
39310.,-7.023137,-7.45366,-5.421081,-7.042526,21.69566,-27.43188,-29.12031
39320.,-6.989697,-7.418135,-5.374507,-7.021591,21.78868,-27.26174,-27.91824
39330.,-6.955893,-7.382256,-5.328356,-7.000022,21.88112,-27.09181,-26.73325
39340.,-6.921729,-7.346025,-5.282621,-6.977824,21.973,-26.9221,-25.56478
39350.,-6.887208,-7.309444,-5.2373,-6.955002,22.06433,-26.75261,-24.41229
39360.,-6.852333,-7.272516,-5.192388,-6.931562,22.1551,-26.58333,-23.27527
39370.,-6.817105,-7.235245,-5.147881,-6.907507,22.24533,-26.41428,-22.15325
39380.,-6.781528,-7.197632,-5.103775,-6.882844,22.33502,-26.24544,-21.04577
39390.,-6.745605,-7.159679,-5.060065,-6.857575,22.42417,-26.07682,-19.95239
39400.,-6.709338,-7.121391,-5.016748,-6.831708,22.51281,-25.90843,-18.87269
39410.,-6.672729,-7.082768,-4.973819,-6.805245,22.60092,-25.74025,-17.80629
39420.,-6.635782,-7.043814,-4.931275,-6.778193,22.68851,-25.57231,-16.75279
39430.,-6.598499,-7.004531,-4.889111,-6.750555,22.7756,-25.40458,-15.71184
39440.,-6.560882,-6.964922,-4.847324,-6.722336,22.86219,-25.23708,-14.68308
39450.,-6.522935,-6.924989,-4.80591,-6.69354,22.94828,-25.06981,-13.6662
39460.,-6.484659,-6.884734,-4.764865,-6.664173,23.03389,-24.90276,-12.66086
39470.,-6.446057,-6.84416,-4.724184,-6.634239,23.119,-24.73594,-11.66677
39480.,-6.407132,-6.80327,-4.683865,-6.603742,23.20364,-24.56935,-10.68364
39490.,-6.367886,-6.762065,-4.643903,-6.572686,23.28781,-24.40299,-9.711172
39500.,-6.328322,-6.720548,-4.604294,-6.541077,23.3715,-24.23685,-8.749111
39510.,-6.288442,-6.678721,-4.565036,-6.508918,23.45474,-24.07095,-7.797195
39520.,-6.248248,-6.636587,-4.526124,-6.476214,23.53752,-23.90528,-6.855175
39530.,-6.207743,-6.594149,-4.487554,-6.442969,23.61985,-23.73984,-5.922812
39540.,-6.166929,-6.551407,-4.449323,-6.409187,23.70173,-23.57463,-4.999876
39550.,-6.125809,-6.508365,-4.411427,-6.374873,23.78317,-23.40965,-4.086144
39560.,-6.084385,-6.465025,-4.373863,-6.340031,23.86417,-23.24491,-3.181404
39570.,-6.042659,-6.42139,-4.336628,-6.304664,23.94475,-23.0804,-2.285449
39580.,-6.000634,-6.37746,-4.299717,-6.268778,24.0249,-22.91612,-1.398081
39590.,-5.958312,-6.333239,-4.263126,-6.232376,24.10463,-22.75208,-0.5191086
39600.,-5.915694,-6.288729,-4.226854,-6.195463,24.18395,-22.58828,0.3516537
39610.,-5.872785,-6.243932,-4.190896,-6.158041,24.26285,-22.42471,1.214384
39620.,-5.829585,-6.19885,-4.155249,-6.120117,24.34136,-22.26138,2.069255
39630.,-5.786097,-6.153485,-4.119909,-6.081692,24.41946,-22.09828,2.916434
39640.,-5.742323,-6.107839,-4.084873,-6.042772,24.49716,-21.93542,3.756082
39650.,-5.698265,-6.061915,-4.050138,-6.00336,24.57448,-21.7728,4.588354
39660.,-5.653926,-6.015714,-4.0157,-5.96346,24.65141,-21.61041,5.413402
39670.,-5.609307,-5.96924,-3.981556,-5.923076,24.72796,-21.44827,6.231371
39680.,-5.564411,-5.922493,-3.947704,-5.882212,24.80414,-21.28636,7.042404
39690.,-5.51924,-5.875475,-3.914139,-5.840872,24.87994,-21.12469,7.846638
39700.,-5.473796,-5.82819,-3.880858,-5.799059,24.95538,-20.96326,8.644205
39710.,-5.428081,-5.780638,-3.847859,-5.756777,25.03045,-20.80207,9.435234
39720.,-5.382097,-5.732822,-3.815138,-5.71403,25.10517,-20.64112,10.21985
39730.,-5.335847,-5.684744,-3.782692,-5.670822,25.17953,-20.48041,10.99817
39740.,-5.289331,-5.636406,-3.750518,-5.627155,25.25354,-20.31994,11.77032
39750.,-5.242668,-5.58793,-3.718617,-5.583036,25.32722,-20.16125,12.53835
39760.,-5.195932,-5.539394,-3.686992,-5.538469,25.40056,-20.00529,13.3016
39770.,-5.149128,-5.490802,-3.655644,-5.493462,25.47358,-19.85203,14.05895
39780.,-5.102258,-5.442158,-3.624571,-5.448022,25.54626,-19.70144,14.81051
39790.,-5.055328,-5.393466,-3.593777,-5.402155,25.61861,-19.55349,15.55639
39800.,-5.00834,-5.344729,-3.56326,-5.355869,25.69064,-19.40815,16.29669
39810.,-4.961299,-5.29595,-3.533021,-5.309172,25.76233,-19.2654,17.03149
39820.,-4.914208,-5.247135,-3.503061,-5.262069,25.8337,-19.1252,17.7609
39830.,-4.867071,-5.198285,-3.473381,-5.214568,25.90474,-18.98754,18.485
39840.,-4.819891,-5.149405,-3.44398,-5.166675,25.97545,-18.85237,19.20388
39850.,-4.772673,-5.100499,-3.41486,-5.118397,26.04583,-18.71968,19.91764
39860.,-4.72542,-5.051569,-3.386021,-5.069741,26.11589,-18.58944,20.62635
39870.,-4.678136,-5.002619,-3.357464,-5.020714,26.18563,-18.46162,21.3301
39880.,-4.630823,-4.953653,-3.329188,-4.971322,26.25504,-18.33619,22.02896
39890.,-4.583486,-4.904674,-3.301195,-4.921572,26.32412,-18.21312,22.72302
39900.,-4.536128,-4.855685,-3.273485,-4.87147,26.39288,-18.0924,23.41235
39910.,-4.488753,-4.80669,-3.246058,-4.821022,26.46132,-17.97399,24.09702
39920.,-4.441364,-4.757692,-3.218915,-4.770235,26.52943,-17.85787,24.77711
39930.,-4.393964,-4.708695,-3.192057,-4.719116,26.59723,-17.74402,25.45268
39940.,-4.346557,-4.659701,-3.165483,-4.66767,26.6647,-17.6324,26.12381
39950.,-4.299145,-4.610714,-3.139194,-4.615905,26.73185,-17.52299,26.79057
39960.,-4.251734,-4.561737,-3.113192,-4.563825,26.79868,-17.41577,27.45301
39970.,-4.204324,-4.512773,-3.087475,-4.511437,26.86519,-17.31072,28.1112
39980.,-4.156921,-4.463825,-3.062045,-4.458747,26.93138,-17.2078,28.76521
39990.,-4.109526,-4.414897,-3.036901,-4.405762,26.99725,-17.10699,29.41509
40000.,-4.062144,-4.365991,-3.012045,-4.352486,27.0628,-17.00828,30.06091