Times,MAIN_PNL_PX.1,MAIN_PNL_MX.1,MAIN_PNL_PY.1,MAIN_PNL_MY.1,MAIN_PNL_PZ.1,MAIN_PNL_MZ.1,MAIN_PNL_MY.20001
0.,20.,20.,20.,20.,20.,20.,20.
10.,19.96582,20.02463,19.9857,19.99399,20.36723,19.54397,1.371168
20.,19.93183,20.04865,19.97124,19.98784,20.72988,19.09657,1.411672
30.,19.89804,20.07207,19.95664,19.9816,21.08799,18.65761,1.452328
40.,19.86445,20.09492,19.94192,19.97527,21.44162,18.22688,1.492923
50.,19.83109,20.11721,19.92709,19.96887,21.79081,17.8042,1.533464
60.,19.79795,20.13896,19.91215,19.96242,22.13562,17.38937,1.573958
70.,19.76505,20.16019,19.89713,19.95592,22.47609,16.98223,1.61441
80.,19.73239,20.18091,19.88203,19.94938,22.81227,16.58259,1.654825
90.,19.69998,20.20114,19.86687,19.94282,23.14422,16.19029,1.695209
100.,19.66783,20.2209,19.85165,19.93624,23.47197,15.80515,1.735568
110.,19.63594,20.2402,19.83639,19.92966,23.79558,15.42703,1.775906
120.,19.60431,20.25905,19.82109,19.92308,24.1151,15.05576,1.816227
130.,19.57296,20.27748,19.80577,19.91651,24.43056,14.69119,1.856537
140.,19.54189,20.29548,19.79042,19.90995,24.74203,14.33318,1.896838
150.,19.5111,20.31308,19.77507,19.90343,25.04953,13.98157,1.937135
160.,19.48059,20.33029,19.75972,19.89693,25.35312,13.63624,1.977432
170.,19.45038,20.34713,19.74437,19.89048,25.65284,13.29704,2.017732
180.,19.42045,20.36359,19.72904,19.88407,25.94874,12.96385,2.058038
190.,19.39083,20.37969,19.71372,19.87771,26.24085,12.63653,2.098353
200.,19.3615,20.39545,19.69843,19.87141,26.52923,12.31495,2.138681
210.,19.33248,20.41087,19.68317,19.86517,26.81392,11.99901,2.179023
220.,19.30376,20.42597,19.66795,19.859,27.09495,11.68857,2.219383
230.,19.27535,20.44075,19.65277,19.85291,27.37238,11.38352,2.259763
240.,19.24724,20.45523,19.63764,19.84689,27.64623,11.08375,2.300165
250.,19.21945,20.4694,19.62256,19.84095,27.91657,10.78915,2.340592
260.,19.19196,20.48329,19.60753,19.8351,28.18341,10.49961,2.381045
270.,19.16479,20.4969,19.59257,19.82933,28.44682,10.21503,2.421525
280.,19.13793,20.51023,19.57767,19.82366,28.70681,9.935295,2.462036
290.,19.11138,20.5233,19.56284,19.81808,28.96345,9.660318,2.502578
300.,19.08515,20.53611,19.54808,19.8126,29.21676,9.389999,2.543152
310.,19.05923,20.54868,19.5334,19.80722,29.46678,9.124241,2.583761
320.,19.03363,20.561,19.51879,19.80195,29.71356,8.862953,2.624406
330.,19.00834,20.57308,19.50427,19.79678,29.95713,8.606045,2.665086
340.,18.98336,20.58493,19.48983,19.79172,30.19753,8.353427,2.705805
350.,18.9587,20.59656,19.47547,19.78677,30.4348,8.105015,2.746562
360.,18.93435,20.60798,19.4612,19.78193,30.66897,7.860723,2.787359
370.,18.91032,20.61918,19.44703,19.77721,30.90008,7.62047,2.828196
380.,18.88659,20.63017,19.43295,19.7726,31.12818,7.384175,2.869073
390.,18.86318,20.64097,19.41896,19.76811,31.35328,7.151761,2.909992
400.,18.84007,20.65157,19.40506,19.76373,31.57544,6.923151,2.950954
410.,18.81728,20.66198,19.39127,19.75947,31.79468,6.69827,2.991958
420.,18.79479,20.6722,19.37757,19.75534,32.01104,6.477044,3.033004
430.,18.77261,20.68224,19.36397,19.75132,32.22456,6.259403,3.074095
440.,18.75073,20.69211,19.35047,19.74742,32.43527,6.045277,3.115228
450.,18.72916,20.7018,19.33708,19.74365,32.6432,5.834597,3.156406
460.,18.70789,20.71133,19.32379,19.74,32.84839,5.627297,3.197627
470.,18.68692,20.72069,19.3106,19.73647,33.05088,5.423311,3.238892
480.,18.66625,20.72986,19.29751,19.73305,33.25069,5.222465,3.23335
490.,18.64587,20.73864,19.28454,19.72972,33.44787,5.024229,3.030233
500.,18.62579,20.74706,19.27166,19.72643,33.64246,4.828551,2.826692
510.,18.606,20.7551,19.25889,19.72319,33.83448,4.63538,2.622725
520.,18.58649,20.76279,19.24623,19.72,34.02398,4.444664,2.418328
530.,18.56727,20.77012,19.23366,19.71686,34.21096,4.256356,2.2135
540.,18.54833,20.77709,19.22119,19.71376,34.39547,4.070407,2.008238
550.,18.52966,20.78372,19.20883,19.71071,34.57754,3.886769,1.802539
560.,18.51127,20.79,19.19656,19.7077,34.75719,3.705397,1.596401
570.,18.49315,20.79593,19.18439,19.70474,34.93445,3.526245,1.38982
580.,18.47529,20.80154,19.17231,19.70182,35.10935,3.34927,1.182794
590.,18.45769,20.8068,19.16032,19.69894,35.28192,3.174427,0.9753196
600.,18.44036,20.81174,19.14842,19.6961,35.45219,3.001674,0.7673942
610.,18.42328,20.81635,19.13662,19.6933,35.62018,2.83097,0.5590149
620.,18.40644,20.82064,19.1249,19.69053,35.78592,2.662274,0.3501784
630.,18.38986,20.82461,19.11327,19.68781,35.94945,2.495546,0.1408819
640.,18.37352,20.82826,19.10172,19.68512,36.11077,2.330748,-0.06887801
650.,18.35743,20.83159,19.09026,19.68246,36.26993,2.16784,-0.2791043
660.,18.34156,20.83462,19.07887,19.67984,36.42694,2.006786,-0.4898002
670.,18.32594,20.83734,19.06757,19.67724,36.58184,1.847548,-0.7009691
680.,18.31054,20.83975,19.05634,19.67468,36.73464,1.69009,-0.9126141
690.,18.29536,20.84187,19.04519,19.67215,36.88538,1.534379,-1.124739
700.,18.28041,20.84368,19.03411,19.66964,37.03408,1.380377,-1.337346
710.,18.26568,20.8452,19.0231,19.66716,37.18076,1.228053,-1.55044
720.,18.25116,20.84642,19.01217,19.6647,37.32545,1.077373,-1.764023
730.,18.23686,20.84735,19.0013,19.66226,37.46818,0.9283031,-1.9781
740.,18.22276,20.848,18.99049,19.65985,37.60896,0.7808129,-2.192673
750.,18.20887,20.84835,18.97975,19.65745,37.74782,0.6348706,-2.407747
760.,18.19517,20.84843,18.96908,19.65508,37.88478,0.4904456,-2.623325
770.,18.18167,20.84822,18.95846,19.65272,38.01987,0.3475078,-2.83941
780.,18.16837,20.84773,18.9479,19.65037,38.15311,0.2060277,-3.056007
790.,18.15526,20.84696,18.9374,19.64804,38.28452,0.0659765,-3.273119
800.,18.14233,20.84592,18.92695,19.64572,38.41413,-0.07267424,-3.490749
810.,18.12959,20.84461,18.91655,19.64341,38.54196,-0.2099523,-3.708903
820.,18.11702,20.84302,18.9062,19.64111,38.66802,-0.3458849,-3.927582
830.,18.10463,20.84116,18.8959,19.63881,38.79234,-0.4804988,-4.146792
840.,18.09241,20.83904,18.88565,19.63652,38.91495,-0.6138203,-4.366536
850.,18.08037,20.83665,18.87544,19.63424,39.03586,-0.745875,-4.586819
860.,18.06848,20.834,18.86528,19.63195,39.15509,-0.8766882,-4.807643
870.,18.05676,20.83109,18.85515,19.62967,39.27267,-1.006285,-5.029014
880.,18.0452,20.82791,18.84506,19.62739,39.38861,-1.134689,-5.250936
890.,18.03379,20.82448,18.83501,19.6251,39.50294,-1.261924,-5.473411
900.,18.02253,20.82079,18.825,19.62281,39.61568,-1.388014,-5.696446
910.,18.01143,20.81684,18.81501,19.62051,39.72683,-1.512981,-5.920043
920.,18.00046,20.81264,18.80506,19.6182,39.83644,-1.636849,-6.144207
930.,17.98964,20.80819,18.79513,19.61589,39.94451,-1.759639,-6.368942
940.,17.97896,20.80349,18.78523,19.61356,40.05106,-1.881373,-6.594253
950.,17.96841,20.79854,18.77535,19.61122,40.15611,-2.002071,-6.820143
960.,17.958,20.7932,18.76551,19.60886,40.2596,-2.121765,-7.135699
970.,17.94771,20.78747,18.75569,19.60645,40.36155,-2.240477,-7.464177
980.,17.93755,20.78134,18.7459,19.604,40.46197,-2.358226,-7.793903
990.,17.92751,20.77482,18.73612,19.60151,40.56089,-2.475033,-8.124889
1000.,17.91759,20.76791,18.72637,19.59896,40.65831,-2.590918,-8.457149
1010.,17.90778,20.76061,18.71664,19.59637,40.75425,-2.705899,-8.790693
1020.,17.89808,20.75293,18.70692,19.59372,40.84875,-2.819996,-9.125535
1030.,17.88849,20.74486,18.69721,19.59102,40.9418,-2.933228,-9.461687
1040.,17.879,20.73642,18.68752,19.58826,41.03344,-3.045613,-9.799162
1050.,17.86961,20.72759,18.67783,19.58545,41.12367,-3.157168,-10.13797
1060.,17.86032,20.71839,18.66815,19.58258,41.21252,-3.267912,-10.47813
1070.,17.85112,20.70882,18.65847,19.57965,41.30001,-3.377862,-10.81966
1080.,17.84201,20.69887,18.64879,19.57665,41.38614,-3.487034,-11.16256
1090.,17.83299,20.68855,18.6391,19.57359,41.47093,-3.595446,-11.50685
1100.,17.82405,20.67787,18.62942,19.57047,41.55441,-3.703114,-11.85254
1110.,17.81518,20.66682,18.61972,19.56728,41.63658,-3.810054,-12.19965
1120.,17.8064,20.65541,18.61002,19.56402,41.71747,-3.916282,-12.5482
1130.,17.79768,20.64364,18.60031,19.56069,41.79708,-4.021812,-12.89819
1140.,17.78904,20.63151,18.59058,19.55728,41.87545,-4.126662,-13.24964
1150.,17.78046,20.61902,18.58084,19.55381,41.95257,-4.230845,-13.60257
1160.,17.77195,20.60618,18.57108,19.55025,42.02846,-4.334376,-13.95699
1170.,17.7635,20.59299,18.5613,19.54662,42.10315,-4.43727,-14.31293
1180.,17.7551,20.57944,18.5515,19.54291,42.17664,-4.539541,-14.67038
1190.,17.74676,20.56555,18.54167,19.53912,42.24896,-4.641202,-15.02937
1200.,17.73847,20.5513,18.53182,19.53525,42.3201,-4.742268,-15.38992
1210.,17.73022,20.53671,18.52194,19.5313,42.39009,-4.842752,-15.75204
1220.,17.72202,20.52178,18.51203,19.52726,42.45895,-4.942667,-16.11575
1230.,17.71387,20.50651,18.50209,19.52313,42.52668,-5.042027,-16.48106
1240.,17.70575,20.49089,18.49211,19.51892,42.5933,-5.140842,-16.848
1250.,17.69767,20.47494,18.48209,19.51462,42.65883,-5.239128,-17.21657
1260.,17.68962,20.45865,18.47204,19.51022,42.72327,-5.336895,-17.58681
1270.,17.68161,20.44202,18.46194,19.50574,42.78664,-5.434155,-17.95872
1280.,17.67362,20.42506,18.45181,19.50116,42.84895,-5.530921,-18.33232
1290.,17.66566,20.40777,18.44162,19.49649,42.91022,-5.627205,-18.70764
1300.,17.65772,20.39015,18.4314,19.49172,42.97046,-5.723017,-19.08468
1310.,17.64979,20.37219,18.42112,19.48685,43.02967,-5.818369,-19.46348
1320.,17.64189,20.35391,18.41079,19.48188,43.08788,-5.913272,-19.84405
1330.,17.634,20.33531,18.40041,19.47681,43.1451,-6.007736,-20.2264
1340.,17.62613,20.31638,18.38998,19.47164,43.20133,-6.101773,-20.61057
1350.,17.61826,20.29713,18.37949,19.46637,43.25659,-6.195394,-20.99656
1360.,17.6104,20.27755,18.36895,19.46099,43.3109,-6.288607,-21.38441
1370.,17.60254,20.25766,18.35834,19.45551,43.36425,-6.381424,-21.77413
1380.,17.59469,20.23744,18.34768,19.44992,43.41667,-6.473854,-22.16574
1390.,17.58684,20.21691,18.33695,19.44422,43.46816,-6.565907,-22.55927
1400.,17.57898,20.19607,18.32616,19.43842,43.51874,-6.657593,-22.95474
1410.,17.57112,20.1749,18.3153,19.4325,43.56842,-6.748921,-23.35216
1420.,17.56325,20.15343,18.30438,19.42647,43.6172,-6.839901,-23.75157
1430.,17.55537,20.13187,18.29344,19.42035,43.66512,-6.930407,-23.96888
1440.,17.54748,20.11039,18.28252,19.41417,43.7122,-7.02035,-24.05095
1450.,17.53958,20.089,18.27162,19.40795,43.75845,-7.109743,-24.13313
1460.,17.53167,20.06768,18.26075,19.40168,43.80388,-7.198594,-24.21542
1470.,17.52374,20.04644,18.24989,19.39536,43.84851,-7.286916,-24.29783
1480.,17.5158,20.02528,18.23905,19.389,43.89233,-7.374717,-24.38034
1490.,17.50785,20.00419,18.22823,19.38259,43.93537,-7.462009,-24.46298
1500.,17.49988,19.98317,18.21743,19.37614,43.97764,-7.5488,-24.54573
1510.,17.49189,19.96222,18.20664,19.36964,44.01914,-7.635102,-24.62859
1520.,17.48389,19.94133,18.19586,19.36309,44.05989,-7.720923,-24.71157
1530.,17.47587,19.92052,18.18509,19.3565,44.09989,-7.806273,-24.79466
1540.,17.46783,19.89976,18.17434,19.34985,44.13916,-7.891162,-24.87788
1550.,17.45977,19.87907,18.1636,19.34316,44.17771,-7.975597,-24.96121
1560.,17.4517,19.85845,18.15287,19.33642,44.21554,-8.059589,-25.04466
1570.,17.4436,19.83788,18.14214,19.32963,44.25267,-8.143146,-25.12822
1580.,17.43548,19.81737,18.13142,19.32278,44.2891,-8.226277,-25.21191
1590.,17.42734,19.79691,18.12071,19.31589,44.32484,-8.30899,-25.29572
1600.,17.41917,19.77651,18.11,19.30894,44.35991,-8.391294,-25.37965
1610.,17.41098,19.75616,18.0993,19.30195,44.39431,-8.473196,-25.4637
1620.,17.40277,19.73586,18.0886,19.2949,44.42806,-8.554706,-25.54787
1630.,17.39453,19.71561,18.0779,19.2878,44.46115,-8.63583,-25.63216
1640.,17.38627,19.69541,18.06721,19.28065,44.4936,-8.716576,-25.71658
1650.,17.37798,19.67526,18.05651,19.27344,44.52543,-8.796954,-25.80112
1660.,17.36967,19.65515,18.04581,19.26618,44.55662,-8.876968,-25.88579
1670.,17.36133,19.63509,18.03511,19.25887,44.5872,-8.956628,-25.97058
1680.,17.35295,19.61506,18.02441,19.2515,44.61718,-9.035941,-26.05549
1690.,17.34456,19.59508,18.0137,19.24408,44.64656,-9.114913,-26.14053
1700.,17.33613,19.57514,18.00299,19.23661,44.67534,-9.193552,-26.2257
1710.,17.32767,19.55523,17.99228,19.22907,44.70354,-9.271865,-26.311
1720.,17.31918,19.53536,17.98156,19.22149,44.73117,-9.349858,-26.39642
1730.,17.31066,19.51553,17.97083,19.21384,44.75823,-9.427538,-26.48197
1740.,17.30211,19.49573,17.96009,19.20615,44.78473,-9.504911,-26.56765
1750.,17.29353,19.47596,17.94935,19.19839,44.81068,-9.581985,-26.65346
1760.,17.28491,19.45622,17.93859,19.19058,44.83608,-9.658765,-26.7394
1770.,17.27626,19.43651,17.92782,19.18271,44.86094,-9.735258,-26.82547
1780.,17.26758,19.41683,17.91705,19.17478,44.88527,-9.81147,-26.91167
1790.,17.25886,19.39718,17.90626,19.16679,44.90908,-9.887407,-26.998
1800.,17.25011,19.37755,17.89545,19.15875,44.93238,-9.963075,-27.08447
1810.,17.24132,19.35795,17.88464,19.15065,44.95516,-10.03848,-27.17106
1820.,17.2325,19.33837,17.87381,19.14249,44.97744,-10.11363,-27.2578
1830.,17.22364,19.31881,17.86296,19.13427,44.99922,-10.18852,-27.34466
1840.,17.21474,19.29927,17.8521,19.12599,45.02052,-10.26317,-27.43166
1850.,17.2058,19.27976,17.84122,19.11765,45.04133,-10.33758,-27.5188
1860.,17.19683,19.26026,17.83032,19.10925,45.06166,-10.41175,-27.60607
1870.,17.18782,19.24078,17.81941,19.10079,45.08152,-10.48569,-27.69347
1880.,17.17877,19.22131,17.80847,19.09227,45.10092,-10.5594,-27.78101
1890.,17.16968,19.20186,17.79752,19.08369,45.11986,-10.6329,-27.86869
1900.,17.16055,19.18244,17.78655,19.07505,45.13836,-10.70614,-27.93575
1910.,17.15138,19.16307,17.77556,19.06636,45.15648,-10.77899,-27.94597
1920.,17.14217,19.14376,17.76456,19.05763,45.17421,-10.85148,-27.95624
1930.,17.13292,19.12451,17.75354,19.04885,45.19157,-10.9236,-27.96653
1940.,17.12364,19.10531,17.74251,19.04003,45.20856,-10.99536,-27.97686
1950.,17.11431,19.08617,17.73146,19.03116,45.22519,-11.06676,-27.98723
1960.,17.10494,19.06708,17.72039,19.02225,45.24145,-11.13783,-27.99762
1970.,17.09553,19.04804,17.70931,19.01329,45.25736,-11.20855,-28.00805
1980.,17.08608,19.02906,17.69822,19.00429,45.27292,-11.27894,-28.01851
1990.,17.0766,19.01012,17.6871,18.99525,45.28814,-11.349,-28.029
2000.,17.06707,18.99123,17.67597,18.98616,45.30301,-11.41874,-28.03953
2010.,17.0575,18.97239,17.66483,18.97703,45.31755,-11.48816,-28.05009
2020.,17.0479,18.9536,17.65366,18.96785,45.33176,-11.55727,-28.06068
2030.,17.03825,18.93485,17.64248,18.95863,45.34564,-11.62608,-28.0713
2040.,17.02857,18.91615,17.63128,18.94937,45.3592,-11.69459,-28.08196
2050.,17.01885,18.89749,17.62006,18.94006,45.37244,-11.76281,-28.09265
2060.,17.00909,18.87888,17.60883,18.93071,45.38537,-11.83074,-28.10337
2070.,16.99928,18.8603,17.59757,18.92131,45.39799,-11.89838,-28.11412
2080.,16.98944,18.84177,17.5863,18.91187,45.41031,-11.96575,-28.12491
2090.,16.97956,18.82328,17.57501,18.90239,45.42232,-12.03285,-28.13573
2100.,16.96965,18.80483,17.5637,18.89287,45.43405,-12.09968,-28.14658
2110.,16.95969,18.78641,17.55237,18.8833,45.44547,-12.16624,-28.15746
2120.,16.94969,18.76804,17.54103,18.87369,45.45662,-12.23255,-28.16838
2130.,16.93966,18.7497,17.52966,18.86403,45.46747,-12.29861,-28.17932
2140.,16.92958,18.7314,17.51827,18.85433,45.47805,-12.36442,-28.1903
2150.,16.91947,18.71313,17.50687,18.84459,45.48836,-12.42998,-28.20131
2160.,16.90932,18.6949,17.49544,18.83481,45.49839,-12.49531,-28.21236
2170.,16.89913,18.6767,17.48399,18.82498,45.50815,-12.5604,-28.22343
2180.,16.8889,18.65853,17.47253,18.81511,45.51765,-12.62527,-28.23454
2190.,16.87819,18.63997,17.4606,18.80475,45.17302,-12.69017,-28.24479
2200.,16.86654,18.62056,17.44773,18.79341,44.79275,-12.75555,-28.24153
2210.,16.85391,18.60026,17.43389,18.78105,44.41717,-12.82147,-28.23858
2220.,16.84031,18.57909,17.41908,18.7677,44.0462,-12.8879,-28.23635
2230.,16.82576,18.55706,17.40333,18.75338,43.67975,-12.95484,-28.23483
2240.,16.81029,18.5342,17.38666,18.73809,43.31776,-13.02227,-28.23401
2250.,16.7939,18.51051,17.36909,18.72187,42.96013,-13.09018,-28.23386
2260.,16.77663,18.48601,17.35062,18.70473,42.6068,-13.15855,-28.23438
2270.,16.75847,18.46072,17.33129,18.68668,42.25767,-13.22739,-28.23555
2280.,16.73945,18.43465,17.31109,18.66774,41.91269,-13.29667,-28.23737
2290.,16.71958,18.40782,17.29005,18.64793,41.57178,-13.36638,-28.23981
2300.,16.69888,18.38024,17.26819,18.62726,41.23486,-13.43651,-28.24288
2310.,16.67737,18.35192,17.24551,18.60576,40.90187,-13.50706,-28.24654
2320.,16.65505,18.32288,17.22204,18.58343,40.57274,-13.57801,-28.2508
2330.,16.63194,18.29313,17.19779,18.56029,40.24741,-13.64935,-28.25565
2340.,16.60807,18.26269,17.17277,18.53635,39.9258,-13.72107,-28.26107
2350.,16.58343,18.23156,17.14699,18.51164,39.60786,-13.79317,-28.26705
2360.,16.55804,18.19976,17.12048,18.48616,39.29352,-13.86563,-28.27357
2370.,16.53193,18.16731,17.09324,18.45992,38.98272,-13.93845,-28.28064
2380.,16.50509,18.13422,17.06527,18.43295,38.67538,-14.01141,-28.26278
2390.,16.47754,18.1005,17.03658,18.40526,38.37146,-14.08452,-28.24435
2400.,16.44931,18.06618,17.0072,18.37686,38.0709,-14.15776,-28.22643
2410.,16.42039,18.03125,16.97713,18.34777,37.77363,-14.23112,-28.20901
2420.,16.3908,17.99574,16.94638,18.31799,37.4796,-14.30461,-28.19207
2430.,16.36055,17.95965,16.91496,18.28755,37.18876,-14.37821,-28.17562
2440.,16.32966,17.92299,16.8829,18.25645,36.90106,-14.45193,-28.15964
2450.,16.29813,17.88577,16.85019,18.22471,36.61644,-14.52575,-28.14411
2460.,16.26599,17.84801,16.81686,18.19234,36.33486,-14.59967,-28.12904
2470.,16.23323,17.80972,16.78291,18.15934,36.05626,-14.67369,-28.11442
2480.,16.19987,17.77089,16.74835,18.12573,35.7806,-14.7478,-28.10022
2490.,16.16591,17.73155,16.7132,18.09153,35.50783,-14.822,-28.08645
2500.,16.13138,17.6917,16.67746,18.05673,35.23791,-14.89629,-28.0731
2510.,16.09628,17.65136,16.64115,18.02136,34.97078,-14.97065,-28.06015
2520.,16.06063,17.61053,16.60427,17.98542,34.7064,-15.0451,-28.0476
2530.,16.02442,17.56921,16.56684,17.94893,34.44474,-15.11961,-28.03545
2540.,15.98767,17.52743,16.52887,17.91189,34.18574,-15.1942,-28.02368
2550.,15.95039,17.48518,16.49035,17.87431,33.92936,-15.26885,-28.01229
2560.,15.91259,17.44248,16.45132,17.83621,33.67556,-15.34357,-28.00126
2570.,15.87428,17.39933,16.41177,17.79758,33.42431,-15.41834,-27.9906
2580.,15.83547,17.35575,16.37171,17.75845,33.17556,-15.49318,-27.98029
2590.,15.79617,17.31174,16.33115,17.71882,32.92927,-15.56806,-27.97033
2600.,15.75638,17.2673,16.29011,17.6787,32.68541,-15.64299,-27.96071
2610.,15.71611,17.22246,16.24858,17.6381,32.44393,-15.71798,-27.95142
2620.,15.67538,17.1772,16.20658,17.59703,32.2048,-15.793,-27.94246
2630.,15.63418,17.13155,16.16412,17.55549,31.96799,-15.86807,-27.93382
2640.,15.59254,17.0855,16.1212,17.5135,31.73346,-15.94318,-27.92549
2650.,15.55045,17.03907,16.07784,17.47106,31.50117,-16.01832,-27.91747
2660.,15.50792,16.99227,16.03403,17.42818,31.27108,-16.0935,-27.90974
2670.,15.46497,16.94509,15.9898,17.38487,31.04318,-16.16871,-27.90232
2680.,15.4216,16.89755,15.94514,17.34114,30.81741,-16.24395,-27.89518
2690.,15.37781,16.84965,15.90006,17.29699,30.59376,-16.31922,-27.88833
2700.,15.33362,16.8014,15.85458,17.25243,30.37218,-16.39451,-27.88175
2710.,15.28903,16.75281,15.80869,17.20747,30.15266,-16.46983,-27.87544
2720.,15.24404,16.70388,15.76241,17.16211,29.93514,-16.54516,-27.8694
2730.,15.19868,16.65462,15.71574,17.11637,29.71962,-16.62052,-27.86362
2740.,15.15293,16.60503,15.66868,17.07025,29.50605,-16.69589,-27.85809
2750.,15.10681,16.55512,15.62126,17.02376,29.29441,-16.77128,-27.85281
2760.,15.06033,16.5049,15.57346,16.97689,29.08466,-16.84668,-27.84778
2770.,15.01349,16.45437,15.52531,16.92967,28.87679,-16.92209,-27.84299
2780.,14.9663,16.40353,15.4768,16.8821,28.67076,-16.99751,-27.83843
2790.,14.91876,16.3524,15.42794,16.83418,28.46655,-17.07294,-27.8341
2800.,14.87088,16.30098,15.37874,16.78592,28.26413,-17.14838,-27.82999
2810.,14.82267,16.24927,15.3292,16.73732,28.06347,-17.22382,-27.8261
2820.,14.77413,16.19729,15.27933,16.6884,27.86455,-17.29926,-27.82243
2830.,14.72526,16.14502,15.22914,16.63915,27.66735,-17.37471,-27.81897
2840.,14.67609,16.09249,15.17863,16.58959,27.47183,-17.45016,-27.81572
2850.,14.6266,16.03969,15.1278,16.53972,27.27795,-17.5254,-27.81374
2860.,14.5768,15.98666,15.07667,16.48954,27.08569,-17.60033,-27.81254
2870.,14.5267,15.93338,15.02524,16.43906,26.89501,-17.67496,-27.81153
2880.,14.47631,15.87987,14.97351,16.38829,26.7059,-17.74927,-27.81071
2890.,14.42563,15.82612,14.9215,16.33723,26.51833,-17.82329,-27.81007
2900.,14.37466,15.77215,14.8692,16.28589,26.33229,-17.897,-27.80962
2910.,14.32342,15.71796,14.81662,16.23427,26.14774,-17.97041,-27.80934
2920.,14.27191,15.66355,14.76377,16.18238,25.96468,-18.04353,-27.80922
2930.,14.22012,15.60893,14.71065,16.13023,25.78307,-18.11635,-27.80928
2940.,14.16808,15.5541,14.65727,16.07781,25.6029,-18.18888,-27.8095
2950.,14.11577,15.49906,14.60363,16.02514,25.42415,-18.26112,-27.80988
2960.,14.06322,15.44383,14.54974,15.97222,25.2468,-18.33308,-27.81041
2970.,14.01041,15.3884,14.4956,15.91906,25.07084,-18.40475,-27.8111
2980.,13.95736,15.33278,14.44121,15.86565,24.89623,-18.47613,-27.81193
2990.,13.90408,15.27698,14.38659,15.81201,24.72296,-18.54724,-27.81291
3000.,13.85056,15.22099,14.33174,15.75814,24.55102,-18.61807,-27.81403
3010.,13.79681,15.16482,14.27666,15.70404,24.38038,-18.68862,-27.81528
3020.,13.74284,15.10848,14.22135,15.64972,24.21104,-18.7589,-27.81667
3030.,13.68865,15.05196,14.16583,15.59518,24.04296,-18.82891,-27.81819
3040.,13.63424,14.99528,14.11008,15.54043,23.87614,-18.89865,-27.81984
3050.,13.57962,14.93843,14.05413,15.48547,23.71055,-18.96812,-27.82161
3060.,13.5248,14.88143,13.99797,15.4303,23.54619,-19.03733,-27.8235
3070.,13.46977,14.82426,13.94161,15.37494,23.38303,-19.10627,-27.82551
3080.,13.41454,14.76695,13.88505,15.31938,23.22106,-19.17496,-27.82763
3090.,13.35912,14.70948,13.82829,15.26363,23.06026,-19.24338,-27.82987
3100.,13.3035,14.65187,13.77135,15.20769,22.90062,-19.31155,-27.83221
3110.,13.2477,14.59411,13.71421,15.15157,22.74211,-19.37947,-27.83466
3120.,13.19172,14.53622,13.6569,15.09527,22.58474,-19.44713,-27.8372
3130.,13.13556,14.47818,13.5994,15.03879,22.42847,-19.51455,-27.83985
3140.,13.07922,14.42002,13.54173,14.98214,22.27331,-19.58171,-27.8426
3150.,13.02271,14.36172,13.48389,14.92532,22.11922,-19.64863,-27.84544
3160.,12.96603,14.30329,13.42588,14.86834,21.96621,-19.7153,-27.84837
3170.,12.90918,14.24475,13.3677,14.8112,21.81425,-19.78173,-27.85139
3180.,12.85218,14.18608,13.30936,14.75389,21.66333,-19.84792,-27.85449
3190.,12.79501,14.12729,13.25087,14.69644,21.51344,-19.91388,-27.85768
3200.,12.7377,14.06838,13.19222,14.63883,21.36456,-19.97959,-27.86095
3210.,12.68023,14.00937,13.13342,14.58107,21.21668,-20.04507,-27.86429
3220.,12.62261,13.95024,13.07447,14.52317,21.06979,-20.11032,-27.86772
3230.,12.56484,13.89101,13.01538,14.46513,20.92388,-20.17533,-27.87121
3240.,12.50694,13.83167,12.95614,14.40696,20.77893,-20.24012,-27.87478
3250.,12.4489,13.77223,12.89677,14.34864,20.63493,-20.30467,-27.87842
3260.,12.39072,13.71269,12.83726,14.2902,20.49187,-20.36901,-27.88212
3270.,12.33241,13.65305,12.77762,14.23162,20.34974,-20.43311,-27.88589
3280.,12.27397,13.59332,12.71785,14.17293,20.20852,-20.497,-27.88972
3290.,12.2154,13.5335,12.65795,14.1141,20.06821,-20.56066,-27.8936
3300.,12.15671,13.47358,12.59793,14.05516,19.92879,-20.6241,-27.89755
3310.,12.09789,13.41358,12.53779,13.9961,19.79025,-20.68733,-27.90155
3320.,12.03896,13.35351,12.47754,13.93693,19.65257,-20.75025,-27.91127
3330.,11.97992,13.29336,12.41718,13.87765,19.51575,-20.81271,-27.93188
3340.,11.92076,13.23316,12.35673,13.81825,19.37976,-20.8747,-27.95256
3350.,11.86149,13.17289,12.29618,13.75874,19.24459,-20.93623,-27.97328
3360.,11.80212,13.11257,12.23553,13.69913,19.11024,-20.99731,-27.99406
3370.,11.74264,13.05219,12.17479,13.63942,18.9767,-21.05793,-28.01489
3380.,11.68307,12.99176,12.11397,13.5796,18.84395,-21.11811,-28.03577
3390.,11.62339,12.93128,12.05306,13.5197,18.71199,-21.17785,-28.05669
3400.,11.56362,12.87075,11.99207,13.45969,18.58081,-21.23715,-28.07766
3410.,11.50376,12.81017,11.93099,13.3996,18.4504,-21.29602,-28.09867
3420.,11.44381,12.74955,11.86984,13.33941,18.32075,-21.35446,-28.11972
3430.,11.38377,12.68889,11.80862,13.27915,18.19185,-21.41248,-28.1408
3440.,11.32365,12.62818,11.74732,13.21879,18.06369,-21.47007,-28.16193
3450.,11.26344,12.56744,11.68595,13.15836,17.93626,-21.52725,-28.18309
3460.,11.20316,12.50666,11.62451,13.09785,17.80956,-21.58401,-28.20428
3470.,11.1428,12.44585,11.56301,13.03727,17.68358,-21.64036,-28.2255
3480.,11.08237,12.38501,11.50144,12.97661,17.5583,-21.69631,-28.24675
3490.,11.02186,12.32413,11.43981,12.91588,17.43373,-21.75185,-28.26802
3500.,10.96165,12.26358,11.3785,12.85546,17.69972,-21.80678,-28.29588
3510.,10.9021,12.20371,11.31786,12.79572,17.96708,-21.86045,-28.34094
3520.,10.84321,12.14452,11.2579,12.73666,18.23129,-21.91288,-28.38555
3530.,10.78499,12.08601,11.19862,12.67828,18.49238,-21.96407,-28.4297
3540.,10.72741,12.02817,11.14001,12.62057,18.75038,-22.01405,-28.4734
3550.,10.67047,11.971,11.08206,12.56352,19.00532,-22.06283,-28.51664
3560.,10.61418,11.91448,11.02477,12.50713,19.25724,-22.11042,-28.55942
3570.,10.55852,11.85862,10.96813,12.45139,19.50615,-22.15684,-28.60177
3580.,10.50349,11.80341,10.91213,12.3963,19.7521,-22.20209,-28.64367
3590.,10.44909,11.74884,10.85678,12.34185,19.9951,-22.2462,-28.68514
3600.,10.3953,11.6949,10.80206,12.28802,20.23519,-22.28917,-28.72617
3610.,10.34212,11.6416,10.74797,12.23483,20.47241,-22.33103,-28.76678
3620.,10.28955,11.58893,10.6945,12.18226,20.70677,-22.37177,-28.80696
3630.,10.23758,11.53687,10.64165,12.13031,20.93831,-22.41142,-28.84672
3640.,10.18621,11.48543,10.58941,12.07897,21.16705,-22.44999,-28.88606
3650.,10.13543,11.43459,10.53777,12.02823,21.39303,-22.48748,-28.92499
3660.,10.08523,11.38436,10.48674,11.97809,21.61627,-22.52392,-28.96351
3670.,10.03562,11.33473,10.4363,11.92855,21.83681,-22.55932,-29.00163
3680.,9.986578,11.28569,10.38645,11.8796,22.05466,-22.59368,-29.03934
3690.,9.938107,11.23724,10.33719,11.83123,22.26986,-22.62702,-29.07666
3700.,9.890201,11.18937,10.2885,11.78343,22.48243,-22.65935,-29.11358
3710.,9.842854,11.14208,10.24039,11.73621,22.69241,-22.69069,-29.15011
3720.,9.796061,11.09536,10.19285,11.68956,22.89982,-22.72103,-29.18626
3730.,9.749817,11.0492,10.14586,11.64346,23.10469,-22.75041,-29.22202
3740.,9.704117,11.0036,10.09944,11.59792,23.30704,-22.77882,-29.25741
3750.,9.658956,10.95856,10.05357,11.55294,23.5069,-22.80628,-29.29242
3760.,9.614329,10.91407,10.00824,11.50849,23.70431,-22.8328,-29.32706
3770.,9.570231,10.87012,9.963458,11.46459,23.89927,-22.8584,-29.36133
3780.,9.526656,10.82672,9.919211,11.42122,24.09183,-22.88307,-29.39524
3790.,9.4836,10.78385,9.875497,11.37838,24.28201,-22.90683,-29.42869
3800.,9.441059,10.74156,9.832346,11.33607,24.46989,-22.92949,-29.45895
3810.,9.399028,10.69985,9.789752,11.29428,24.6555,-22.95107,-29.48887
3820.,9.357502,10.6587,9.747712,11.253,24.83886,-22.97158,-29.51842
3830.,9.316477,10.61812,9.706221,11.21223,25.01999,-22.99103,-29.54763
3840.,9.27595,10.5781,9.665272,11.17197,25.19894,-23.00943,-29.57649
3850.,9.235915,10.53864,9.624862,11.13222,25.3757,-23.0268,-29.60501
3860.,9.196368,10.49972,9.584987,11.09296,25.55033,-23.04314,-29.63318
3870.,9.157306,10.46135,9.54564,11.05419,25.72282,-23.05848,-29.66102
3880.,9.118724,10.42352,9.506818,11.01592,25.89322,-23.07281,-29.68852
3890.,9.080618,10.38623,9.468515,10.97813,26.06155,-23.08616,-29.71569
3900.,9.042983,10.34947,9.430728,10.94081,26.22782,-23.09853,-29.74254
3910.,9.005817,10.31323,9.393451,10.90398,26.39207,-23.10993,-29.76906
3920.,8.969114,10.27752,9.35668,10.86762,26.55431,-23.12038,-29.79525
3930.,8.93287,10.24232,9.320411,10.83172,26.71457,-23.12988,-29.82113
3940.,8.897083,10.20764,9.284639,10.79629,26.87287,-23.13846,-29.84669
3950.,8.861747,10.17346,9.249359,10.76131,27.02924,-23.14611,-29.87193
3960.,8.826858,10.13979,9.214568,10.72679,27.1837,-23.15285,-29.89687
3970.,8.792414,10.10661,9.18026,10.69273,27.33627,-23.15869,-29.9215
3980.,8.758409,10.07393,9.146432,10.6591,27.48696,-23.16364,-29.94582
3990.,8.724841,10.04174,9.113078,10.62593,27.63582,-23.16771,-29.96984
4000.,8.691704,10.01003,9.080196,10.59319,27.78285,-23.17091,-29.99356
4010.,8.658997,9.978811,9.04778,10.56088,27.92807,-23.17325,-30.01698
4020.,8.626713,9.948065,9.015827,10.52901,28.07152,-23.17474,-30.04011
4030.,8.594851,9.917791,8.984332,10.49756,28.21321,-23.17539,-30.06295
4040.,8.563406,9.887986,8.953291,10.46654,28.35316,-23.17521,-30.0855
4050.,8.532375,9.858645,8.922701,10.43593,28.49139,-23.17421,-30.10776
4060.,8.501754,9.829764,8.892556,10.40574,28.62792,-23.1724,-30.12974
4070.,8.471539,9.80134,8.862853,10.37596,28.76278,-23.16978,-30.15144
4080.,8.441727,9.773367,8.833589,10.34659,28.89598,-23.16638,-30.17286
4090.,8.412314,9.745843,8.804758,10.31762,29.02755,-23.16218,-30.194
4100.,8.383296,9.718762,8.776358,10.28906,29.1575,-23.15722,-30.21487
4110.,8.354671,9.692121,8.748383,10.26089,29.28586,-23.15149,-30.23547
4120.,8.326435,9.665917,8.720832,10.23311,29.41263,-23.145,-30.25581
4130.,8.298585,9.640144,8.693699,10.20573,29.53786,-23.13776,-30.27588
4140.,8.271116,9.6148,8.666981,10.17873,29.66154,-23.12979,-30.29568
4150.,8.244026,9.589881,8.640674,10.15211,29.7837,-23.12108,-30.31522
4160.,8.217311,9.565382,8.614774,10.12587,29.90437,-23.11165,-30.33451
4170.,8.190968,9.5413,8.589279,10.10001,30.02355,-23.10151,-30.35354
4180.,8.164994,9.517631,8.564183,10.07452,30.14127,-23.09066,-30.37231
4190.,8.139385,9.494372,8.539484,10.0494,30.25754,-23.07912,-30.39084
4200.,8.114139,9.471519,8.515178,10.02464,30.37239,-23.06688,-30.40911
4210.,8.089252,9.449068,8.491262,10.00025,30.48583,-23.05397,-30.42714
4220.,8.064721,9.427015,8.467732,9.976213,30.59787,-23.04038,-30.44492
4230.,8.040543,9.405358,8.444584,9.952534,30.70855,-23.02612,-30.46247
4240.,8.016714,9.384093,8.421815,9.929208,30.81786,-23.01121,-30.47977
4250.,7.993233,9.363216,8.399423,9.906231,30.92584,-22.99564,-30.49683
4260.,7.970095,9.342723,8.377402,9.8836,31.03249,-22.97943,-30.51366
4270.,7.947298,9.322899,8.355866,9.861327,31.13786,-22.96245,-30.38579
4280.,7.92484,9.303846,8.334854,9.83943,31.24196,-22.94465,-30.20367
4290.,7.90272,9.285556,8.314363,9.817912,31.34482,-22.92603,-30.0217
4300.,7.880936,9.268026,8.294388,9.79677,31.44645,-22.90661,-29.83989
4310.,7.859487,9.251247,8.274927,9.776003,31.54687,-22.88639,-29.65822
4320.,7.83837,9.235215,8.255976,9.755608,31.6461,-22.86539,-29.47671
4330.,7.817585,9.219922,8.237531,9.735584,31.74414,-22.84361,-29.29535
4340.,7.797129,9.205364,8.219589,9.715928,31.84103,-22.82105,-29.11415
4350.,7.777001,9.191535,8.202146,9.696638,31.93677,-22.79773,-28.9331
4360.,7.757199,9.178428,8.1852,9.677712,32.03138,-22.77366,-28.75221
4370.,7.737723,9.166038,8.168746,9.659149,32.12488,-22.74883,-28.57148
4380.,7.718569,9.154359,8.152782,9.640945,32.21728,-22.72327,-28.39091
4390.,7.699738,9.143386,8.137304,9.6231,32.3086,-22.69697,-28.21049
4400.,7.681227,9.133113,8.122308,9.605611,32.39885,-22.66995,-28.03024
4410.,7.663035,9.123535,8.107793,9.588476,32.48805,-22.64221,-27.85016
4420.,7.64516,9.114646,8.093754,9.571693,32.57622,-22.61376,-27.67023
4430.,7.627601,9.106441,8.080189,9.555261,32.66336,-22.5846,-27.49047
4440.,7.610357,9.098914,8.067094,9.539178,32.7495,-22.55475,-27.31087
4450.,7.593426,9.092061,8.054466,9.523441,32.83465,-22.52421,-27.13144
4460.,7.576807,9.085876,8.042303,9.508049,32.91881,-22.49299,-26.95218
4470.,7.560498,9.080353,8.030601,9.493,33.00202,-22.46109,-26.77308
4480.,7.544498,9.075489,8.019356,9.478293,33.08427,-22.42852,-26.59415
4490.,7.528805,9.071277,8.008568,9.463924,33.16559,-22.3953,-26.41539
4500.,7.513419,9.067713,7.998231,9.449894,33.24599,-22.36141,-26.23679
4510.,7.498337,9.064791,7.988344,9.4362,33.32548,-22.32688,-26.05837
4520.,7.483559,9.062508,7.978904,9.422839,33.40408,-22.2917,-25.88012
4530.,7.469083,9.060857,7.969908,9.409812,33.48179,-22.25589,-25.70204
4540.,7.454908,9.059835,7.961352,9.397115,33.55864,-22.21945,-25.52413
4550.,7.441033,9.059437,7.953235,9.384748,33.63463,-22.18239,-25.3464
4560.,7.427456,9.059657,7.945554,9.372708,33.70977,-22.14471,-25.16883
4570.,7.414177,9.060492,7.938305,9.360994,33.78409,-22.10642,-24.99144
4580.,7.401193,9.061936,7.931486,9.349604,33.85759,-22.06753,-24.81423
4590.,7.388504,9.063985,7.925095,9.338537,33.93028,-22.02803,-24.63719
4600.,7.376108,9.066635,7.919129,9.327792,34.00219,-21.98795,-24.46032
4610.,7.364005,9.069881,7.913585,9.317366,34.07331,-21.94728,-24.28363
4620.,7.352192,9.073719,7.90846,9.307258,34.14366,-21.90603,-24.10712
4630.,7.34067,9.078144,7.903753,9.297467,34.21325,-21.8642,-23.93078
4640.,7.329436,9.083152,7.899461,9.287991,34.2821,-21.82181,-23.75462
4650.,7.31849,9.088739,7.895581,9.278828,34.35022,-21.77885,-23.57863
4660.,7.30783,9.0949,7.892111,9.269978,34.41761,-21.73533,-23.40283
4670.,7.297456,9.101632,7.889047,9.261438,34.48429,-21.69126,-23.2272
4680.,7.287366,9.10893,7.886389,9.253208,34.55027,-21.64665,-23.05175
4690.,7.277559,9.11679,7.884134,9.245286,34.61556,-21.60149,-22.87647
4700.,7.268035,9.125208,7.882278,9.23767,34.68018,-21.5558,-22.70138
4710.,7.258791,9.13418,7.880821,9.230359,34.74412,-21.50957,-22.52647
4720.,7.249827,9.143702,7.879759,9.223352,34.80741,-21.46283,-22.35173
4730.,7.241142,9.15377,7.879091,9.216647,34.87005,-21.41556,-22.17718
4740.,7.232735,9.164316,7.878791,9.210245,34.93202,-21.36779,-21.99491
4750.,7.224605,9.175246,7.878827,9.204144,34.99329,-21.31956,-21.8019
4760.,7.21675,9.186558,7.879196,9.198345,35.05387,-21.27086,-21.60916
4770.,7.209169,9.198249,7.879897,9.192846,35.11377,-21.22171,-21.41668
4780.,7.20186,9.210316,7.880926,9.187644,35.173,-21.1721,-21.22446
4790.,7.194822,9.222757,7.882283,9.182738,35.23156,-21.12205,-21.0325
4800.,7.188053,9.235569,7.883964,9.178127,35.28948,-21.07155,-20.8408
4810.,7.181552,9.248749,7.885968,9.173807,35.34676,-21.02062,-20.64937
4820.,7.175317,9.262295,7.888293,9.169779,35.4034,-20.96925,-20.45819
4830.,7.169347,9.276204,7.890937,9.166039,35.45943,-20.91746,-20.26727
4840.,7.16364,9.290474,7.893897,9.162586,35.51484,-20.86523,-20.07662
4850.,7.158195,9.305102,7.897172,9.159419,35.56965,-20.81259,-19.88622
4860.,7.153011,9.320086,7.900759,9.156535,35.62387,-20.75954,-19.69608
4870.,7.148086,9.335424,7.904657,9.153933,35.67751,-20.70607,-19.50621
4880.,7.143419,9.351112,7.908864,9.151612,35.73057,-20.6522,-19.3166
4890.,7.139008,9.367149,7.913378,9.149569,35.78307,-20.59793,-19.12724
4900.,7.134853,9.383532,7.918197,9.147804,35.83501,-20.54326,-18.93815
4910.,7.130951,9.400259,7.923319,9.146314,35.8864,-20.48819,-18.74931
4920.,7.127302,9.417328,7.928742,9.145098,35.93725,-20.43274,-18.56073
4930.,7.123904,9.434736,7.934465,9.144155,35.98757,-20.3769,-18.37242
4940.,7.120757,9.45248,7.940485,9.143482,36.03737,-20.32068,-18.18436
4950.,7.117858,9.47056,7.946802,9.143079,36.08666,-20.26409,-17.99656
4960.,7.115206,9.488972,7.953412,9.142944,36.13544,-20.20712,-17.80902
4970.,7.112801,9.507714,7.960315,9.143075,36.18372,-20.14978,-17.62174
4980.,7.110641,9.526785,7.967509,9.143471,36.23151,-20.09208,-17.43472
4990.,7.108726,9.546181,7.974991,9.14413,36.27883,-20.03402,-17.24795
5000.,7.107052,9.565902,7.982761,9.145052,36.32566,-19.9756,-17.06144
5010.,7.105621,9.585944,7.990816,9.146234,36.37204,-19.91683,-16.87519
5020.,7.10443,9.606306,7.999156,9.147676,36.41795,-19.85771,-16.6892
5030.,7.103478,9.626985,8.007777,9.149376,36.46341,-19.79824,-16.50346
5040.,7.102764,9.64798,8.01668,9.151332,36.50843,-19.73843,-16.31798
5050.,7.102288,9.669289,8.025862,9.153543,36.55301,-19.67829,-16.13275
5060.,7.102047,9.690909,8.035321,9.156008,36.59717,-19.61781,-15.94778
5070.,7.102042,9.712839,8.045056,9.158726,36.6409,-19.55699,-15.76307
5080.,7.10227,9.735076,8.055066,9.161695,36.68422,-19.49586,-15.57861
5090.,7.102731,9.75762,8.065348,9.164915,36.72713,-19.43439,-15.39441
5100.,7.103424,9.780466,8.075902,9.168382,36.76964,-19.37261,-15.21046
5110.,7.104348,9.803615,8.086727,9.172098,36.81175,-19.31051,-15.02676
5120.,7.105501,9.827064,8.097819,9.17606,36.85348,-19.2481,-14.84332
5130.,7.106884,9.850811,8.109179,9.180266,36.89483,-19.18537,-14.66013
5140.,7.108494,9.874854,8.120804,9.184717,36.9358,-19.12234,-14.47719
5150.,7.11033,9.899191,8.132694,9.18941,36.97641,-19.05901,-14.29451
5160.,7.112393,9.923821,8.144846,9.194345,37.01665,-18.99538,-14.11207
5170.,7.11468,9.948743,8.157259,9.19952,37.05654,-18.93144,-13.92989
5180.,7.117191,9.973953,8.169933,9.204935,37.09608,-18.86722,-13.74796
5190.,7.119925,9.99945,8.182865,9.210587,37.13528,-18.8027,-13.56628
5200.,7.122882,10.02523,8.196055,9.216477,37.17414,-18.7379,-13.38485
5210.,7.126059,10.05128,8.209481,9.222603,37.21267,-18.67287,-13.20093
5220.,7.129458,10.07738,8.222985,9.228965,37.25088,-18.6081,-12.99527
5230.,7.133075,10.10355,8.236565,9.235566,37.28878,-18.54359,-12.78996
5240.,7.136909,10.12977,8.250222,9.242402,37.32637,-18.47933,-12.58501
5250.,7.140957,10.15606,8.263954,9.24947,37.36366,-18.41533,-12.38041
5260.,7.145217,10.18241,8.277761,9.256769,37.40065,-18.35157,-12.17616
5270.,7.149687,10.20881,8.291642,9.264296,37.43734,-18.28806,-11.97228
5280.,7.154365,10.23527,8.305596,9.272048,37.47374,-18.22479,-11.76874
5290.,7.15925,10.26179,8.319622,9.280025,37.50986,-18.16177,-11.56556
5300.,7.164338,10.28837,8.33372,9.288222,37.54569,-18.09898,-11.36274
5310.,7.169627,10.31501,8.34789,9.296638,37.58124,-18.03642,-11.16026
5320.,7.175117,10.3417,8.36213,9.305271,37.61651,-17.9741,-10.95814
5330.,7.180804,10.36844,8.376439,9.314118,37.65151,-17.91201,-10.75636
5340.,7.186687,10.39524,8.390818,9.323178,37.68625,-17.85015,-10.55494
5350.,7.192764,10.4221,8.405265,9.332448,37.72072,-17.78851,-10.35387
5360.,7.199033,10.449,8.419781,9.341926,37.75493,-17.72709,-10.15315
5370.,7.205492,10.47596,8.434363,9.35161,37.78888,-17.66589,-9.952777
5380.,7.21214,10.50298,8.449012,9.361498,37.82258,-17.60491,-9.752752
5390.,7.218973,10.53004,8.463727,9.371588,37.85603,-17.54415,-9.553075
5400.,7.225991,10.55716,8.478507,9.381877,37.88924,-17.48359,-9.353745
5410.,7.233192,10.58433,8.493352,9.392365,37.9222,-17.42325,-9.154761
5420.,7.240574,10.61155,8.508261,9.403048,37.95492,-17.36311,-8.956123
5430.,7.248134,10.63881,8.523234,9.413926,37.98741,-17.30318,-8.75783
5440.,7.255872,10.66613,8.53827,9.424995,38.01966,-17.24346,-8.559881
5450.,7.263786,10.6935,8.553368,9.436254,38.05168,-17.18393,-8.362276
5460.,7.271873,10.72091,8.568529,9.447701,38.08348,-17.1246,-8.165013
5470.,7.280133,10.74838,8.58375,9.459335,38.11506,-17.06546,-7.968093
5480.,7.288563,10.77589,8.599032,9.471153,38.14642,-17.00652,-7.771514
5490.,7.297163,10.80345,8.614375,9.483154,38.17756,-16.94778,-7.575276
5500.,7.305929,10.83105,8.629777,9.495335,38.20849,-16.88922,-7.379378
5510.,7.314861,10.8587,8.645238,9.507696,38.2392,-16.83084,-7.18382
5520.,7.323957,10.8864,8.660758,9.520234,38.26971,-16.77266,-6.9886
5530.,7.333215,10.91414,8.676337,9.532947,38.30002,-16.71465,-6.793718
5540.,7.342634,10.94193,8.691972,9.545834,38.33013,-16.65683,-6.599173
5550.,7.352213,10.96976,8.707665,9.558893,38.36003,-16.59918,-6.404964
5560.,7.361949,10.99764,8.723415,9.572122,38.38974,-16.54171,-6.211091
5570.,7.371841,11.02556,8.739221,9.58552,38.41926,-16.48442,-6.017553
5580.,7.381889,11.05352,8.755082,9.599085,38.44859,-16.4273,-5.824349
5590.,7.392089,11.08153,8.770999,9.612815,38.47773,-16.37035,-5.631479
5600.,7.402441,11.10958,8.786971,9.626709,38.50669,-16.31356,-5.43894
5610.,7.412944,11.13767,8.802997,9.640765,38.53547,-16.25695,-5.246734
5620.,7.423595,11.1658,8.819076,9.654982,38.56406,-16.2005,-5.054859
5630.,7.434394,11.19397,8.835209,9.669358,38.59249,-16.14421,-4.863313
5640.,7.44534,11.22219,8.851395,9.683891,38.62073,-16.08808,-4.672097
5650.,7.456429,11.25044,8.867634,9.69858,38.64881,-16.03211,-4.48121
5660.,7.467663,11.27874,8.883925,9.713424,38.67672,-15.9763,-4.290651
5670.,7.479038,11.30708,8.900267,9.72842,38.70446,-15.92064,-4.100418
5680.,7.490554,11.33545,8.916661,9.743568,38.73203,-15.86514,-3.910512
5690.,7.502205,11.36372,8.933047,9.758851,38.75948,-15.81036,-3.829552
5700.,7.513989,11.39184,8.949411,9.774247,38.78681,-15.75644,-3.775383
5710.,7.525903,11.41982,8.965752,9.789752,38.81402,-15.70336,-3.721191
5720.,7.537943,11.44765,8.982068,9.805361,38.84112,-15.65112,-3.666979
5730.,7.550109,11.47534,8.998359,9.821074,38.86809,-15.5997,-3.612748
5740.,7.562396,11.50289,9.014623,9.836887,38.89495,-15.5491,-3.558497
5750.,7.574804,11.53029,9.030861,9.852799,38.92169,-15.4993,-3.50423
5760.,7.587328,11.55755,9.04707,9.868807,38.94831,-15.4503,-3.449946
5770.,7.599968,11.58467,9.063251,9.884909,38.97481,-15.40209,-3.395646
5780.,7.61272,11.61165,9.079401,9.901103,39.0012,-15.35466,-3.341333
5790.,7.625582,11.63849,9.095521,9.917387,39.02748,-15.30799,-3.287007
5800.,7.638552,11.66518,9.111609,9.933759,39.05364,-15.26209,-3.232669
5810.,7.651627,11.69173,9.127665,9.950216,39.07969,-15.21693,-3.17832
5820.,7.664806,11.71814,9.143687,9.966756,39.10562,-15.17251,-3.123961
5830.,7.678086,11.74442,9.159676,9.983378,39.13144,-15.12883,-3.069594
5840.,7.691464,11.77055,9.175629,10.00008,39.15714,-15.08587,-3.015218
5850.,7.704939,11.79654,9.191547,10.01686,39.18273,-15.04363,-2.960836
5860.,7.718509,11.82239,9.207428,10.03371,39.20821,-15.00209,-2.906448
5870.,7.732171,11.8481,9.223272,10.05064,39.23358,-14.96125,-2.852055
5880.,7.745922,11.87368,9.239078,10.06764,39.25884,-14.92111,-2.797659
5890.,7.759763,11.89911,9.254845,10.08471,39.28398,-14.88164,-2.743259
5900.,7.773689,11.92441,9.270572,10.10184,39.30902,-14.84284,-2.688857
5910.,7.787698,11.94957,9.286259,10.11904,39.33394,-14.80472,-2.634455
5920.,7.80179,11.97459,9.301905,10.13631,39.35875,-14.76725,-2.580052
5930.,7.815962,11.99948,9.31751,10.15363,39.38346,-14.73042,-2.52565
5940.,7.830212,12.02423,9.333072,10.17102,39.40805,-14.69425,-2.47125
5950.,7.844538,12.04884,9.348591,10.18847,39.43254,-14.6587,-2.416852
5960.,7.858937,12.07331,9.364066,10.20597,39.45692,-14.62378,-2.362457
5970.,7.873409,12.09765,9.379496,10.22353,39.48119,-14.58948,-2.308067
5980.,7.887951,12.12186,9.394882,10.24114,39.50536,-14.5558,-2.253681
5990.,7.902562,12.14592,9.410221,10.2588,39.52941,-14.52272,-2.199302
6000.,7.917239,12.16986,9.425514,10.27651,39.55336,-14.49023,-2.144929
6010.,7.931981,12.19366,9.44076,10.29427,39.57721,-14.45834,-2.090564
6020.,7.946786,12.21732,9.455959,10.31208,39.60094,-14.42703,-2.036207
6030.,7.961652,12.24085,9.471109,10.32993,39.62458,-14.39629,-1.981859
6040.,7.976577,12.26425,9.48621,10.34783,39.6481,-14.36613,-1.92752
6050.,7.99156,12.28751,9.501262,10.36576,39.67152,-14.33653,-1.873193
6060.,8.006599,12.31064,9.516263,10.38374,39.69484,-14.30748,-1.818877
6070.,8.021692,12.33364,9.531214,10.40176,39.71806,-14.27899,-1.764572
6080.,8.036837,12.3565,9.546114,10.41981,39.74117,-14.25104,-1.710281
6090.,8.052034,12.37924,9.560962,10.4379,39.76417,-14.22362,-1.656003
6100.,8.06728,12.40184,9.575757,10.45602,39.78708,-14.19674,-1.601739
6110.,8.082573,12.42431,9.5905,10.47417,39.80988,-14.17038,-1.547491
6120.,8.097913,12.44665,9.605189,10.49236,39.83258,-14.14453,-1.493257
6130.,8.113297,12.46886,9.619824,10.51058,39.85518,-14.1192,-1.439041
6140.,8.128724,12.49093,9.634405,10.52882,39.87767,-14.09438,-1.384841
6150.,8.144193,12.51288,9.648931,10.54709,39.90007,-14.07005,-1.330658
6160.,8.159701,12.53459,9.663402,10.56537,39.92237,-14.04651,-1.403371
6170.,8.175249,12.55595,9.677819,10.58362,39.94459,-14.02403,-1.606365
6180.,8.190832,12.57696,9.69218,10.60181,39.96672,-14.0026,-1.809839
6190.,8.206449,12.59763,9.706482,10.61996,39.98877,-13.98221,-2.013795
6200.,8.222096,12.61795,9.720725,10.63805,40.01073,-13.96285,-2.218238
6210.,8.237771,12.63793,9.734906,10.65608,40.03261,-13.94451,-2.42317
6220.,8.253472,12.65757,9.749024,10.67406,40.05439,-13.92717,-2.628596
6230.,8.269196,12.67687,9.763078,10.69198,40.07609,-13.91082,-2.834519
6240.,8.28494,12.69582,9.777065,10.70983,40.09769,-13.89545,-3.040942
6250.,8.300701,12.71445,9.790985,10.72763,40.11921,-13.88105,-3.247869
6260.,8.316479,12.73273,9.804834,10.74535,40.14063,-13.86761,-3.455303
6270.,8.332269,12.75068,9.818613,10.76302,40.16195,-13.85511,-3.663249
6280.,8.34807,12.7683,9.83232,10.78061,40.18318,-13.84355,-3.871709
6290.,8.363879,12.78559,9.845953,10.79814,40.20432,-13.83291,-4.080688
6300.,8.379693,12.80254,9.85951,10.8156,40.22536,-13.82319,-4.290189
6310.,8.395512,12.81917,9.87299,10.83298,40.2463,-13.81437,-4.500215
6320.,8.411331,12.83547,9.886392,10.85029,40.26715,-13.80644,-4.710771
6330.,8.42715,12.85145,9.899714,10.86752,40.28789,-13.79939,-4.92186
6340.,8.442965,12.86709,9.912955,10.88468,40.30854,-13.79321,-5.133487
6350.,8.458775,12.88242,9.926113,10.90176,40.32908,-13.78789,-5.345654
6360.,8.474577,12.89743,9.939188,10.91877,40.34952,-13.78343,-5.558365
6370.,8.49037,12.91211,9.952178,10.93569,40.36986,-13.77981,-5.771626
6380.,8.506151,12.92647,9.965081,10.95252,40.3901,-13.77702,-5.985438
6390.,8.521917,12.94052,9.977896,10.96928,40.41024,-13.77505,-6.199807
6400.,8.537668,12.95425,9.990622,10.98595,40.43027,-13.7739,-6.414735
6410.,8.5534,12.96767,10.00326,11.00253,40.45019,-13.77354,-6.630228
6420.,8.569113,12.98077,10.0158,11.01903,40.47001,-13.77399,-6.846289
6430.,8.584803,12.99356,10.02825,11.03543,40.48973,-13.77522,-7.062922
6440.,8.60047,13.00603,10.04061,11.05175,40.50933,-13.77722,-7.280131
6450.,8.61611,13.0182,10.05287,11.06798,40.52883,-13.78,-7.49792
6460.,8.631723,13.03006,10.06504,11.08411,40.54822,-13.78353,-7.716293
6470.,8.647306,13.04161,10.07711,11.10015,40.56751,-13.78781,-7.935254
6480.,8.662857,13.05285,10.08908,11.1161,40.58668,-13.79284,-8.154808
6490.,8.678375,13.06379,10.10095,11.13195,40.60574,-13.7986,-8.374959
6500.,8.693857,13.07442,10.11272,11.1477,40.62469,-13.80508,-8.59571
6510.,8.709303,13.08475,10.12438,11.16335,40.64353,-13.81228,-8.817066
6520.,8.72471,13.09478,10.13595,11.1789,40.66226,-13.82019,-9.039032
6530.,8.740076,13.10451,10.14741,11.19436,40.68088,-13.82881,-9.261611
6540.,8.7554,13.11394,10.15877,11.20971,40.69939,-13.83811,-9.484808
6550.,8.770679,13.12308,10.17002,11.22496,40.71778,-13.84811,-9.708628
6560.,8.785914,13.13191,10.18116,11.2401,40.73606,-13.85878,-9.933074
6570.,8.801101,13.14045,10.19219,11.25514,40.75422,-13.87012,-10.15815
6580.,8.816239,13.1487,10.20312,11.27008,40.77227,-13.88213,-10.38386
6590.,8.831326,13.15665,10.21393,11.28491,40.7902,-13.89479,-10.61022
6600.,8.846362,13.16431,10.22464,11.29963,40.80802,-13.90811,-10.83721
6610.,8.861343,13.17168,10.23523,11.31424,40.82572,-13.92206,-11.06486
6620.,8.87627,13.17876,10.24571,11.32874,40.84331,-13.93666,-11.29316
6630.,8.89114,13.18553,10.25608,11.34313,40.86076,-13.95188,-11.54183
6640.,8.905951,13.19185,10.26634,11.35739,40.87801,-13.96773,-11.87789
6650.,8.920703,13.19774,10.27649,11.37151,40.89506,-13.98421,-12.21533
6660.,8.935393,13.20319,10.28653,11.38549,40.9119,-14.00132,-12.55415
6670.,8.950018,13.2082,10.29647,11.39933,40.92854,-14.01903,-12.89439
6680.,8.964578,13.21279,10.30628,11.41302,40.94498,-14.03735,-13.23604
6690.,8.97907,13.21695,10.31599,11.42657,40.96122,-14.05628,-13.57913
6700.,8.993492,13.22068,10.32558,11.43998,40.97726,-14.0758,-13.92366
6710.,9.007843,13.22399,10.33505,11.45324,40.9931,-14.09591,-14.26965
6720.,9.022121,13.22687,10.3444,11.46635,41.00873,-14.11661,-14.61712
6730.,9.036323,13.22933,10.35364,11.47931,41.02417,-14.13789,-14.96608
6740.,9.050448,13.23138,10.36275,11.49213,41.0394,-14.15974,-15.31655
6750.,9.064495,13.23301,10.37174,11.50479,41.05444,-14.18216,-15.66853
6760.,9.078462,13.23423,10.38061,11.51731,41.06928,-14.20514,-16.02206
6770.,9.092346,13.23504,10.38935,11.52967,41.08391,-14.22868,-16.37713
6780.,9.106147,13.23543,10.39797,11.54188,41.09835,-14.25277,-16.73378
6790.,9.119862,13.23542,10.40646,11.55393,41.1126,-14.27741,-17.092
6800.,9.13349,13.235,10.41483,11.56583,41.12664,-14.30259,-17.45183
6810.,9.14703,13.23418,10.42306,11.57758,41.14049,-14.32831,-17.81328
6820.,9.160479,13.23296,10.43116,11.58916,41.15414,-14.35456,-18.17636
6830.,9.173837,13.23134,10.43913,11.60059,41.16759,-14.38133,-18.54109
6840.,9.187101,13.22932,10.44697,11.61186,41.18085,-14.40863,-18.90749
6850.,9.200271,13.2269,10.45468,11.62298,41.19392,-14.43645,-19.27557
6860.,9.213344,13.2241,10.46225,11.63393,41.20678,-14.46478,-19.64536
6870.,9.226319,13.22089,10.46968,11.64472,41.21946,-14.49362,-20.01688
6880.,9.239195,13.2173,10.47698,11.65535,41.23193,-14.52297,-20.39013
6890.,9.25197,13.21332,10.48414,11.66582,41.24422,-14.55281,-20.76515
6900.,9.264644,13.20896,10.49116,11.67612,41.25631,-14.58315,-21.14194
6910.,9.277213,13.20421,10.49804,11.68626,41.2682,-14.61398,-21.52053
6920.,9.289678,13.19907,10.50479,11.69624,41.27991,-14.6453,-21.90095
6930.,9.302037,13.19356,10.51138,11.70605,41.29142,-14.6771,-22.2832
6940.,9.314288,13.18767,10.51784,11.71569,41.30274,-14.70938,-22.66731
6950.,9.32643,13.1814,10.52415,11.72517,41.31386,-14.74213,-23.0533
6960.,9.338462,13.17475,10.53032,11.73448,41.3248,-14.77536,-23.44119
6970.,9.350382,13.16773,10.53634,11.74362,41.33554,-14.80905,-23.831
6980.,9.36219,13.16034,10.54222,11.75259,41.3461,-14.8432,-24.22276
6990.,9.373884,13.15258,10.54795,11.7614,41.35646,-14.87781,-24.61649
7000.,9.385463,13.14444,10.55353,11.77003,41.36663,-14.91288,-25.01221
7010.,9.396925,13.13594,10.55896,11.7785,41.37662,-14.9484,-25.40994
7020.,9.40827,13.12708,10.56424,11.78679,41.38641,-14.98436,-25.8097
7030.,9.419495,13.11785,10.56938,11.79491,41.39601,-15.02077,-26.21153
7040.,9.430602,13.10826,10.57436,11.80286,41.40543,-15.05762,-26.61544
7050.,9.441587,13.09831,10.57919,11.81063,41.41466,-15.09491,-27.02146
7060.,9.45245,13.088,10.58386,11.81824,41.4237,-15.13263,-27.42962
7070.,9.463189,13.07733,10.58838,11.82566,41.43255,-15.17078,-27.83994
7080.,9.473805,13.06631,10.59275,11.83292,41.44122,-15.20935,-28.25244
7090.,9.484295,13.05493,10.59697,11.83999,41.4497,-15.24835,-28.66716
7100.,9.494658,13.0432,10.60102,11.8469,41.45799,-15.28777,-29.08411
7110.,9.504895,13.03147,10.60501,11.85365,41.46612,-15.32741,-29.20389
7120.,9.515005,13.01977,10.60893,11.8603,41.4741,-15.36722,-29.28224
7130.,9.524989,13.00812,10.61278,11.86684,41.48192,-15.40722,-29.36073
7140.,9.534846,12.99651,10.61657,11.87328,41.48959,-15.44739,-29.43938
7150.,9.544578,12.98494,10.6203,11.8796,41.49711,-15.48775,-29.51817
7160.,9.554185,12.97341,10.62397,11.88583,41.50448,-15.52828,-29.59711
7170.,9.563667,12.96191,10.62756,11.89194,41.5117,-15.56899,-29.67621
7180.,9.573024,12.95044,10.6311,11.89796,41.51877,-15.60987,-29.75545
7190.,9.582256,12.93901,10.63457,11.90386,41.52569,-15.65093,-29.83484
7200.,9.591365,12.92761,10.63797,11.90966,41.53247,-15.69216,-29.91438
7210.,9.60035,12.91624,10.64131,11.91536,41.5391,-15.73356,-29.99407
7220.,9.609211,12.9049,10.64458,11.92095,41.54559,-15.77513,-30.07392
7230.,9.617949,12.89358,10.64778,11.92643,41.55194,-15.81687,-30.15391
7240.,9.626565,12.88229,10.65092,11.93182,41.55815,-15.85878,-30.23405
7250.,9.635059,12.87103,10.65399,11.93709,41.56421,-15.90086,-30.31435
7260.,9.64343,12.85979,10.65699,11.94226,41.57014,-15.9431,-30.3948
7270.,9.651679,12.84858,10.65992,11.94733,41.57593,-15.98551,-30.4754
7280.,9.659807,12.83738,10.66279,11.95229,41.58158,-16.02809,-30.55616
7290.,9.667814,12.8262,10.66559,11.95715,41.5871,-16.07082,-30.63706
7300.,9.6757,12.81505,10.66832,11.96191,41.59248,-16.11372,-30.71813
7310.,9.683466,12.80391,10.67098,11.96656,41.59773,-16.15678,-30.79934
7320.,9.691111,12.79279,10.67357,11.97111,41.60284,-16.2,-30.88071
7330.,9.698637,12.78168,10.6761,11.97555,41.60782,-16.24338,-30.96223
7340.,9.706043,12.77058,10.67855,11.97989,41.61267,-16.28692,-31.04391
7350.,9.71333,12.7595,10.68094,11.98413,41.6174,-16.33061,-31.12574
7360.,9.720497,12.74844,10.68326,11.98827,41.62199,-16.37446,-31.20773
7370.,9.727547,12.73738,10.6855,11.9923,41.62645,-16.41847,-31.28987
7380.,9.734478,12.72633,10.68768,11.99623,41.63079,-16.46263,-31.37217
7390.,9.741291,12.71529,10.68978,12.00005,41.635,-16.50695,-31.45463
7400.,9.747986,12.70426,10.69182,12.00377,41.63909,-16.55142,-31.53724
7410.,9.754564,12.69323,10.69378,12.0074,41.64305,-16.59604,-31.62001
7420.,9.761025,12.68221,10.69568,12.01091,41.64689,-16.64081,-31.70293
7430.,9.767369,12.6712,10.6975,12.01433,41.6506,-16.68574,-31.78602
7440.,9.773596,12.66019,10.69925,12.01765,41.65419,-16.73081,-31.86926
7450.,9.779708,12.64918,10.70094,12.02086,41.65767,-16.77603,-31.95266
7460.,9.785704,12.63817,10.70254,12.02397,41.66102,-16.8214,-32.03622
7470.,9.791584,12.62716,10.70408,12.02698,41.66425,-16.86692,-32.11993
7480.,9.797348,12.61616,10.70555,12.02989,41.66737,-16.91259,-32.20381
7490.,9.802998,12.60515,10.70694,12.0327,41.67036,-16.9584,-32.28785
7500.,9.808533,12.59414,10.70826,12.0354,41.67324,-17.00436,-32.37204
7510.,9.813954,12.58312,10.70951,12.03801,41.67601,-17.05046,-32.4564
7520.,9.819261,12.5721,10.71069,12.04051,41.67866,-17.09671,-32.54092
7530.,9.824454,12.56108,10.7118,12.04292,41.68119,-17.1431,-32.6256
7540.,9.829533,12.55005,10.71283,12.04522,41.68361,-17.18963,-32.71044
7550.,9.8345,12.53902,10.71379,12.04742,41.68592,-17.2363,-32.79544
7560.,9.839353,12.52797,10.71467,12.04952,41.68811,-17.28312,-32.8806
7570.,9.844094,12.51692,10.71549,12.05153,41.6902,-17.33007,-32.96593
7580.,9.848722,12.50589,10.71623,12.05343,41.69221,-17.37707,-33.00431
7590.,9.853239,12.49489,10.71691,12.05526,41.69416,-17.42404,-33.00718
7600.,9.857646,12.48392,10.71752,12.05699,41.69607,-17.47098,-33.01012
7610.,9.861942,12.47299,10.71806,12.05865,41.69793,-17.5179,-33.01311
7620.,9.866129,12.46209,10.71854,12.06022,41.69974,-17.56479,-33.01616
7630.,9.870207,12.45123,10.71895,12.06172,41.70149,-17.61165,-33.01927
7640.,9.874178,12.44039,10.7193,12.06313,41.7032,-17.6585,-33.02244
7650.,9.878042,12.42959,10.71958,12.06446,41.70487,-17.70531,-33.02566
7660.,9.881799,12.41882,10.7198,12.06571,41.70648,-17.75211,-33.02895
7670.,9.88545,12.40807,10.71995,12.06688,41.70805,-17.79889,-33.03229
7680.,9.888997,12.39736,10.72003,12.06797,41.70956,-17.84565,-33.03569
7690.,9.892439,12.38667,10.72006,12.06898,41.71103,-17.89239,-33.03914
7700.,9.895778,12.37601,10.72002,12.06992,41.71246,-17.93912,-33.04266
7710.,9.899013,12.36537,10.71991,12.07078,41.71383,-17.98582,-33.04622
7720.,9.902147,12.35476,10.71974,12.07155,41.71516,-18.03252,-33.04985
7730.,9.905178,12.34418,10.71951,12.07225,41.71645,-18.0792,-33.05353
7740.,9.908109,12.33361,10.71922,12.07288,41.71768,-18.12586,-33.05726
7750.,9.91094,12.32308,10.71886,12.07343,41.71887,-18.17252,-33.06105
7760.,9.913671,12.31256,10.71844,12.0739,41.72002,-18.21916,-33.0649
7770.,9.916303,12.30207,10.71796,12.0743,41.72112,-18.26579,-33.0688
7780.,9.918836,12.29159,10.71742,12.07462,41.72217,-18.31241,-33.07275
7790.,9.921272,12.28114,10.71682,12.07486,41.72318,-18.35903,-33.07676
7800.,9.92361,12.27071,10.71615,12.07503,41.72415,-18.40564,-33.08082
7810.,9.925852,12.26029,10.71542,12.07513,41.72507,-18.45224,-33.08493
7820.,9.927998,12.2499,10.71464,12.07515,41.72595,-18.49883,-33.0891
7830.,9.930049,12.23952,10.71379,12.0751,41.72678,-18.54542,-33.09332
7840.,9.932005,12.22916,10.71288,12.07498,41.72757,-18.59201,-33.0976
7850.,9.933866,12.21882,10.71191,12.07478,41.72831,-18.63859,-33.10193
7860.,9.935635,12.20849,10.71088,12.07452,41.72901,-18.68517,-33.1063
7870.,9.936842,12.19773,10.70932,12.07369,41.3358,-18.73197,-33.10515
7880.,9.93703,12.18608,10.70676,12.07184,40.9474,-18.77951,-33.09382
7890.,9.936218,12.17356,10.70321,12.06899,40.56373,-18.82776,-33.08322
7900.,9.934423,12.16018,10.69871,12.06514,40.1847,-18.87671,-33.07334
7910.,9.931661,12.14597,10.69326,12.06033,39.81023,-18.92634,-33.06415
7920.,9.92795,12.13093,10.68687,12.05456,39.44025,-18.97664,-33.05564
7930.,9.923307,12.11508,10.67958,12.04786,39.07467,-19.0276,-33.04781
7940.,9.917747,12.09844,10.67139,12.04023,38.71342,-19.07919,-33.04064
7950.,9.911286,12.08102,10.66231,12.03171,38.35642,-19.13141,-33.03412
7960.,9.90394,12.06283,10.65237,12.02229,38.00361,-19.18425,-33.02823
7970.,9.895724,12.04388,10.64158,12.01201,37.6549,-19.23768,-33.02297
7980.,9.886652,12.0242,10.62995,12.00087,37.31024,-19.2917,-33.01833
7990.,9.876741,12.0038,10.61751,11.98889,36.96955,-19.34629,-33.01428
8000.,9.866002,11.98268,10.60425,11.97608,36.63276,-19.40145,-33.01083
8010.,9.854452,11.96086,10.5902,11.96245,36.29982,-19.45716,-33.00796
8020.,9.842102,11.93835,10.57537,11.94803,35.97065,-19.5134,-33.00567
8030.,9.828968,11.91517,10.55977,11.93283,35.6452,-19.57017,-33.00393
8040.,9.815061,11.89132,10.54342,11.91686,35.3234,-19.62746,-33.00274
8050.,9.800395,11.86682,10.52633,11.90012,35.00518,-19.6852,-32.99474
8060.,9.784983,11.8417,10.5085,11.88265,34.69049,-19.74323,-32.96648
8070.,9.768837,11.81596,10.48993,11.86445,34.37926,-19.80154,-32.93875
8080.,9.75197,11.78961,10.47065,11.84554,34.07143,-19.86014,-32.91154
8090.,9.734394,11.76266,10.45067,11.82593,33.76696,-19.919,-32.88484
8100.,9.716121,11.73513,10.43,11.80563,33.46579,-19.97812,-32.85864
8110.,9.697162,11.70702,10.40864,11.78465,33.16786,-20.0375,-32.83292
8120.,9.67753,11.67835,10.38662,11.76301,32.87312,-20.09712,-32.80768
8130.,9.657235,11.64913,10.36394,11.74071,32.58152,-20.15699,-32.78292
8140.,9.636289,11.61936,10.34062,11.71777,32.29302,-20.21709,-32.75861
8150.,9.614702,11.58905,10.31666,11.69421,32.00756,-20.27742,-32.73476
8160.,9.592485,11.55822,10.29207,11.67002,31.72509,-20.33797,-32.71136
8170.,9.569649,11.52688,10.26688,11.64522,31.44557,-20.39874,-32.68839
8180.,9.546204,11.49502,10.24107,11.61982,31.16895,-20.45971,-32.66584
8190.,9.52216,11.46267,10.21468,11.59383,30.8952,-20.5209,-32.64372
8200.,9.497527,11.42982,10.1877,11.56727,30.62425,-20.58228,-32.62201
8210.,9.472315,11.3965,10.16015,11.54014,30.35607,-20.64385,-32.60071
8220.,9.446533,11.3627,10.13204,11.51244,30.09062,-20.70561,-32.5798
8230.,9.42019,11.32844,10.10337,11.4842,29.82785,-20.76756,-32.55928
8240.,9.393297,11.29372,10.07415,11.45542,29.56772,-20.82968,-32.53915
8250.,9.365861,11.25855,10.0444,11.42611,29.3102,-20.89198,-32.51939
8260.,9.337893,11.22294,10.01412,11.39627,29.05524,-20.95445,-32.5
8270.,9.3094,11.1869,9.983325,11.36592,28.80281,-21.01708,-32.48097
8280.,9.280391,11.15043,9.952018,11.33507,28.55286,-21.07987,-32.46229
8290.,9.250875,11.11354,9.920209,11.30372,28.30536,-21.14281,-32.44396
8300.,9.220859,11.07625,9.887907,11.27188,28.06027,-21.20591,-32.42598
8310.,9.190353,11.03854,9.855119,11.23957,27.81755,-21.26915,-32.40833
8320.,9.159364,11.00044,9.821854,11.20678,27.57718,-21.33253,-32.391
8330.,9.1279,10.96196,9.78812,11.17353,27.33912,-21.39606,-32.374
8340.,9.095969,10.92308,9.753924,11.13983,27.10332,-21.45971,-32.35732
8350.,9.063578,10.88383,9.719275,11.10568,26.86976,-21.5235,-32.34095
8360.,9.030734,10.84421,9.684178,11.07108,26.63841,-21.58742,-32.32488
8370.,8.997446,10.80423,9.648643,11.03606,26.40923,-21.65146,-32.30911
8380.,8.963721,10.76389,9.612675,11.00061,26.18219,-21.71561,-32.29363
8390.,8.929564,10.72319,9.576283,10.96474,25.95726,-21.77989,-32.27844
8400.,8.894985,10.68215,9.539472,10.92846,25.73441,-21.84428,-32.26354
8410.,8.859988,10.64077,9.50225,10.89177,25.51361,-21.90878,-32.24891
8420.,8.824582,10.59906,9.464624,10.85469,25.29482,-21.97339,-32.23455
8430.,8.788772,10.55702,9.426601,10.81722,25.07803,-22.0381,-32.22046
8440.,8.752565,10.51466,9.388185,10.77936,24.8632,-22.10291,-32.20664
8450.,8.715969,10.47197,9.349385,10.74113,24.6503,-22.16782,-32.19306
8460.,8.678988,10.42898,9.310207,10.70252,24.4393,-22.23282,-32.17974
8470.,8.641629,10.38568,9.270656,10.66355,24.23019,-22.29792,-32.16667
8480.,8.603898,10.34208,9.230738,10.62421,24.02293,-22.3631,-32.15384
8490.,8.565802,10.29819,9.19046,10.58453,23.81749,-22.42838,-32.14125
8500.,8.527346,10.254,9.149828,10.5445,23.61385,-22.49374,-32.12889
8510.,8.488536,10.20953,9.108847,10.50413,23.41199,-22.55918,-32.11675
8520.,8.449378,10.16477,9.067523,10.46342,23.21187,-22.62469,-32.10485
8530.,8.409876,10.11976,9.025862,10.42238,23.01345,-22.68999,-32.09482
8540.,8.370035,10.07449,8.983871,10.38101,22.81671,-22.75506,-32.08509
8550.,8.329863,10.02896,8.941555,10.33933,22.62161,-22.81989,-32.07558
8560.,8.289364,9.983191,8.89892,10.29734,22.42814,-22.88449,-32.06627
8570.,8.248544,9.937179,8.85597,10.25503,22.23628,-22.94886,-32.05716
8580.,8.207409,9.890929,8.812713,10.21243,22.04599,-23.013,-32.04825
8590.,8.165964,9.844446,8.769153,10.16953,21.85727,-23.07691,-32.03953
8600.,8.124214,9.797735,8.725295,10.12634,21.67009,-23.1406,-32.031
8610.,8.082165,9.750799,8.681145,10.08286,21.48442,-23.20406,-32.02266
8620.,8.039822,9.703643,8.636708,10.0391,21.30026,-23.2673,-32.0145
8630.,7.997189,9.656272,8.591988,9.995068,21.11757,-23.33031,-32.00652
8640.,7.954273,9.608689,8.546991,9.950763,20.93634,-23.39311,-31.99871
8650.,7.911077,9.560898,8.501722,9.906193,20.75655,-23.45568,-31.99108
8660.,7.867607,9.512904,8.456185,9.861361,20.57818,-23.51803,-31.98361
8670.,7.823867,9.464711,8.410385,9.816273,20.40121,-23.58017,-31.9763
8680.,7.779863,9.416322,8.364327,9.770934,20.22562,-23.64209,-31.96915
8690.,7.735598,9.367741,8.318015,9.725348,20.05139,-23.7038,-31.96216
8700.,7.691078,9.318972,8.271455,9.679519,19.87852,-23.7653,-31.95532
8710.,7.646307,9.270018,8.224649,9.633452,19.70697,-23.82658,-31.94864
8720.,7.601288,9.220884,8.177603,9.587152,19.53673,-23.88765,-31.94209
8730.,7.556028,9.171573,8.130322,9.540622,19.36778,-23.94851,-31.9357
8740.,7.510529,9.122088,8.082808,9.493868,19.20011,-24.00916,-31.92944
8750.,7.464797,9.072432,8.035067,9.446892,19.0337,-24.06961,-31.92331
8760.,7.418835,9.02261,7.987102,9.3997,18.86854,-24.12984,-31.91733
8770.,7.372647,8.972625,7.938918,9.352295,18.7046,-24.18988,-31.91147
8780.,7.326237,8.922479,7.890518,9.304681,18.54188,-24.24971,-31.90574
8790.,7.27961,8.872177,7.841906,9.256862,18.38035,-24.30934,-31.90013
8800.,7.232769,8.82172,7.793087,9.208843,18.22,-24.36877,-31.89465
8810.,7.185718,8.771113,7.744063,9.160626,18.06082,-24.42799,-31.88928
8820.,7.138462,8.720359,7.69484,9.112216,17.90279,-24.48702,-31.88403
8830.,7.091002,8.66946,7.64542,9.063616,17.74589,-24.54585,-31.8789
8840.,7.043344,8.61842,7.595806,9.014829,17.59012,-24.60449,-31.87387
8850.,6.995491,8.567241,7.546004,8.965861,17.43546,-24.66293,-31.86896
8860.,6.947447,8.515926,7.496015,8.916713,17.28188,-24.72118,-31.86414
8870.,6.899214,8.464479,7.445844,8.867389,17.12939,-24.77923,-31.85944
8880.,6.850797,8.412902,7.395494,8.817894,16.97797,-24.83709,-31.85483
8890.,6.802198,8.361197,7.344969,8.768229,16.8276,-24.89477,-31.85032
8900.,6.753422,8.309368,7.294271,8.718399,16.67826,-24.95225,-31.8459
8910.,6.704471,8.257418,7.243403,8.668407,16.52996,-25.00955,-31.84158
8920.,6.65535,8.205348,7.19237,8.618255,16.38267,-25.06665,-31.83735
8930.,6.606059,8.153161,7.141174,8.567948,16.23638,-25.12358,-31.83321
8940.,6.556605,8.100861,7.089818,8.517488,16.09108,-25.18031,-31.82915
8950.,6.506988,8.048449,7.038306,8.466877,15.94675,-25.23687,-31.82518
8960.,6.457212,7.995928,6.98664,8.41612,15.8034,-25.29324,-31.82128
8970.,6.407281,7.943301,6.934823,8.36522,15.66099,-25.34943,-31.81747
8980.,6.357197,7.890569,6.882859,8.314178,15.51953,-25.40544,-31.81374
8990.,6.306964,7.837735,6.830749,8.262998,15.37899,-25.46127,-31.81008
9000.,6.256583,7.784814,6.778506,8.211682,15.23937,-25.51676,-31.81766
9010.,6.206059,7.731812,6.726137,8.160231,15.10064,-25.57182,-31.83147
9020.,6.155395,7.678734,6.673645,8.108648,14.96279,-25.62646,-31.84535
9030.,6.104592,7.625581,6.621033,8.056935,14.82582,-25.68067,-31.8593
9040.,6.053656,7.572355,6.568303,8.005096,14.68971,-25.73446,-31.87332
9050.,6.002588,7.519059,6.515459,7.953134,14.55445,-25.78784,-31.8874
9060.,5.951391,7.465695,6.462502,7.901051,14.42004,-25.84081,-31.90155
9070.,5.900069,7.412265,6.409437,7.848851,14.28646,-25.89337,-31.91577
9080.,5.848624,7.358771,6.356265,7.796535,14.1537,-25.94553,-31.93004
9090.,5.797059,7.305216,6.302989,7.744108,14.02176,-25.99728,-31.94437
9100.,5.745377,7.251602,6.249612,7.691571,13.89062,-26.04864,-31.95876
9110.,5.69358,7.19793,6.196137,7.638928,13.76028,-26.09961,-31.9732
9120.,5.641672,7.144203,6.142565,7.58618,13.63073,-26.15019,-31.9877
9130.,5.589654,7.090423,6.088899,7.533332,13.50195,-26.20038,-32.00224
9140.,5.53753,7.036591,6.035142,7.480384,13.37394,-26.25018,-32.01684
9150.,5.485301,6.98271,5.981297,7.427341,13.24669,-26.29961,-32.03148
9160.,5.432971,6.928782,5.927365,7.374203,13.12019,-26.34866,-32.04617
9170.,5.380542,6.874808,5.873349,7.320975,12.99444,-26.39734,-32.06091
9180.,5.32837,6.821126,5.819608,7.26802,13.26388,-26.44539,-32.09032
9190.,5.276806,6.768086,5.766498,7.215698,13.53035,-26.49225,-32.1301
9200.,5.225845,6.715682,5.714014,7.164004,13.79389,-26.53792,-32.16945
9210.,5.175483,6.663909,5.66215,7.112933,14.05451,-26.58242,-32.20839
9220.,5.125714,6.612762,5.610902,7.062478,14.31225,-26.62576,-32.24691
9230.,5.076535,6.562236,5.560264,7.012636,14.56713,-26.66795,-32.28502
9240.,5.027941,6.512326,5.510232,6.963401,14.81917,-26.70901,-32.32272
9250.,4.979926,6.463027,5.460801,6.914767,15.0684,-26.74894,-32.36001
9260.,4.932487,6.414334,5.411965,6.866731,15.31486,-26.78777,-32.3969
9270.,4.885617,6.366242,5.36372,6.819286,15.55855,-26.8255,-32.43339
9280.,4.839314,6.318745,5.316062,6.772428,15.79952,-26.86214,-32.46949
9290.,4.793572,6.271841,5.268984,6.726152,16.03778,-26.8977,-32.50519
9300.,4.748387,6.225522,5.222482,6.680453,16.27336,-26.93221,-32.54051
9310.,4.703753,6.179784,5.176551,6.635326,16.50629,-26.96566,-32.57544
9320.,4.659667,6.134623,5.131187,6.590766,16.73658,-26.99808,-32.60999
9330.,4.616124,6.090033,5.086384,6.546768,16.96428,-27.02946,-32.64416
9340.,4.573119,6.046009,5.042138,6.503327,17.1894,-27.05984,-32.67795
9350.,4.530648,6.002548,4.998444,6.460438,17.41196,-27.0892,-32.71138
9360.,4.488706,5.959643,4.955297,6.418096,17.63199,-27.11757,-32.74443
9370.,4.447288,5.917291,4.912692,6.376297,17.84952,-27.14496,-32.77712
9380.,4.406391,5.875486,4.870625,6.335036,18.06458,-27.17138,-32.80945
9390.,4.366009,5.834224,4.829092,6.294308,18.27717,-27.19684,-32.84142
9400.,4.326139,5.793499,4.788086,6.254108,18.48734,-27.22134,-32.87304
9410.,4.286776,5.753308,4.747605,6.214432,18.6951,-27.24491,-32.9043
9420.,4.247915,5.713645,4.707642,6.175274,18.90047,-27.26754,-32.93522
9430.,4.209552,5.674507,4.668194,6.136631,19.10349,-27.28926,-32.96579
9440.,4.171683,5.635887,4.629256,6.098497,19.30417,-27.31007,-32.99601
9450.,4.134304,5.597783,4.590823,6.060867,19.50255,-27.32998,-33.0259
9460.,4.097409,5.560189,4.552892,6.023738,19.69863,-27.34899,-33.05545
9470.,4.060996,5.523117,4.515468,5.987105,19.89247,-27.36707,-33.08364
9480.,4.025059,5.486596,4.478574,5.950964,20.08412,-27.38407,-33.10947
9490.,3.989596,5.450623,4.442204,5.91531,20.27362,-27.40002,-33.13497
9500.,3.954602,5.415191,4.406353,5.880141,20.46097,-27.41492,-33.16014
9510.,3.920073,5.380298,4.371019,5.845452,20.64622,-27.42879,-33.18499
9520.,3.886007,5.345938,4.336196,5.811238,20.82937,-27.44164,-33.20951
9530.,3.852399,5.312106,4.30188,5.777497,21.01044,-27.45348,-33.23372
9540.,3.819246,5.2788,4.268067,5.744224,21.18947,-27.46431,-33.25761
9550.,3.786544,5.246014,4.234752,5.711415,21.36647,-27.47416,-33.28119
9560.,3.754289,5.213744,4.201933,5.679067,21.54147,-27.48303,-33.30445
9570.,3.722478,5.181985,4.169604,5.647175,21.71448,-27.49093,-33.32741
9580.,3.691107,5.150734,4.137761,5.615736,21.88553,-27.49787,-33.35006
9590.,3.660173,5.119986,4.106401,5.584745,22.05464,-27.50387,-33.37241
9600.,3.629672,5.089737,4.075519,5.5542,22.22183,-27.50893,-33.39446
9610.,3.5996,5.059983,4.045112,5.524096,22.38712,-27.51306,-33.41621
9620.,3.569955,5.03072,4.015175,5.49443,22.55053,-27.51628,-33.43767
9630.,3.540732,5.001943,3.985704,5.465197,22.71208,-27.51859,-33.45883
9640.,3.511929,4.973648,3.956696,5.436395,22.8718,-27.52,-33.4797
9650.,3.483541,4.945832,3.928147,5.408019,23.0297,-27.52053,-33.50029
9660.,3.455565,4.918491,3.900052,5.380067,23.1858,-27.52019,-33.52059
9670.,3.427999,4.89162,3.872408,5.352533,23.34012,-27.51897,-33.54061
9680.,3.400838,4.865215,3.845211,5.325416,23.49269,-27.5169,-33.56035
9690.,3.374079,4.839273,3.818458,5.29871,23.64352,-27.51398,-33.5798
9700.,3.34772,4.813789,3.792144,5.272414,23.79263,-27.51023,-33.59899
9710.,3.321756,4.78876,3.766265,5.246522,23.94004,-27.50564,-33.6179
9720.,3.296185,4.764182,3.74082,5.221033,24.08577,-27.50023,-33.63654
9730.,3.271003,4.740051,3.715802,5.195941,24.22984,-27.49401,-33.65491
9740.,3.246206,4.716364,3.691209,5.171245,24.37226,-27.48699,-33.67302
9750.,3.221793,4.693116,3.667038,5.14694,24.51307,-27.47918,-33.69086
9760.,3.197759,4.670303,3.643284,5.123023,24.65227,-27.47058,-33.70844
9770.,3.174102,4.647923,3.619945,5.099492,24.78988,-27.4612,-33.72576
9780.,3.150818,4.625972,3.597016,5.076341,24.92592,-27.45106,-33.74283
9790.,3.127905,4.604445,3.574494,5.053569,25.06042,-27.44016,-33.75964
9800.,3.105359,4.58334,3.552376,5.031173,25.19338,-27.42851,-33.77619
9810.,3.083177,4.562652,3.530658,5.009147,25.32483,-27.41612,-33.7925
9820.,3.061356,4.542378,3.509337,4.987491,25.45477,-27.40299,-33.80856
9830.,3.039894,4.522516,3.488409,4.9662,25.58324,-27.38913,-33.82437
9840.,3.018786,4.50306,3.467871,4.945271,25.71025,-27.37456,-33.83994
9850.,2.998031,4.484008,3.447721,4.924702,25.83581,-27.35928,-33.85527
9860.,2.977626,4.465356,3.427953,4.904489,25.95994,-27.3433,-33.87036
9870.,2.957567,4.447101,3.408566,4.884629,26.08266,-27.32662,-33.88521
9880.,2.937851,4.42924,3.389557,4.865119,26.20399,-27.30926,-33.89982
9890.,2.918477,4.411769,3.37092,4.845956,26.32394,-27.29121,-33.9142
9900.,2.89944,4.394685,3.352655,4.827137,26.44252,-27.2725,-33.92835
9910.,2.880739,4.377985,3.334757,4.808659,26.55976,-27.25312,-33.94228
9920.,2.86237,4.361665,3.317224,4.790519,26.67567,-27.23309,-33.95597
9930.,2.84433,4.345722,3.300051,4.772715,26.79026,-27.2124,-33.96944
9940.,2.826618,4.330165,3.283242,4.755244,26.90355,-27.19107,-33.97668
9950.,2.80923,4.315373,3.266946,4.738124,27.01559,-27.16891,-33.78223
9960.,2.792166,4.301341,3.251161,4.721371,27.12639,-27.14593,-33.58799
9970.,2.775424,4.288063,3.235883,4.704985,27.23596,-27.12214,-33.39399
9980.,2.759003,4.275534,3.221109,4.688963,27.34432,-27.09754,-33.2002
9990.,2.742901,4.263746,3.206836,4.673303,27.45149,-27.07215,-33.00665
10000.,2.727116,4.252696,3.193059,4.658003,27.55748,-27.04597,-32.81332
10010.,2.711648,4.242377,3.179777,4.643062,27.66231,-27.01901,-32.62022
10020.,2.696495,4.232784,3.166986,4.628477,27.76599,-26.99127,-32.42734
10030.,2.681655,4.22391,3.154683,4.614247,27.86854,-26.96278,-32.23469
10040.,2.667128,4.215752,3.142864,4.60037,27.96997,-26.93352,-32.04228
10050.,2.652912,4.208303,3.131527,4.586844,28.0703,-26.90351,-31.85009
10060.,2.639005,4.201558,3.120669,4.573666,28.16954,-26.87276,-31.65813
10070.,2.625407,4.195512,3.110286,4.560837,28.26772,-26.84128,-31.4664
10080.,2.612115,4.190159,3.100376,4.548352,28.36483,-26.80906,-31.2749
10090.,2.59913,4.185495,3.090935,4.536212,28.4609,-26.77613,-31.08363
10100.,2.586448,4.181513,3.081961,4.524414,28.55594,-26.74248,-30.89259
10110.,2.57407,4.17821,3.073451,4.512956,28.64996,-26.70812,-30.70178
10120.,2.561993,4.175581,3.065402,4.501837,28.74298,-26.67307,-30.5112
10130.,2.550218,4.173619,3.05781,4.491054,28.83501,-26.63732,-30.32085
10140.,2.538741,4.17232,3.050674,4.480607,28.92607,-26.60089,-30.13074
10150.,2.527563,4.17168,3.043991,4.470494,29.01617,-26.56377,-29.94085
10160.,2.516681,4.171694,3.037756,4.460712,29.10532,-26.52598,-29.7512
10170.,2.506095,4.172356,3.031969,4.451261,29.19353,-26.48753,-29.56178
10180.,2.495804,4.173661,3.026626,4.442139,29.28082,-26.44841,-29.37259
10190.,2.485806,4.175607,3.021725,4.433344,29.36721,-26.40865,-29.18364
10200.,2.4761,4.178186,3.017262,4.424875,29.45269,-26.36823,-28.99492
10210.,2.466685,4.181396,3.013235,4.416729,29.5373,-26.32718,-28.80643
10220.,2.45756,4.185232,3.009642,4.408906,29.62103,-26.28549,-28.61817
10230.,2.448724,4.189688,3.00648,4.401404,29.7039,-26.24317,-28.43015
10240.,2.440176,4.19476,3.003747,4.394222,29.78592,-26.20023,-28.24235
10250.,2.431913,4.200445,3.001439,4.387357,29.86711,-26.15667,-28.05479
10260.,2.423937,4.206737,2.999555,4.380809,29.94748,-26.11251,-27.86747
10270.,2.416244,4.213633,2.998092,4.374576,30.02703,-26.06774,-27.68038
10280.,2.408835,4.221127,2.997047,4.368657,30.10579,-26.02237,-27.49351
10290.,2.401708,4.229216,2.996418,4.36305,30.18375,-25.97641,-27.30689
10300.,2.394862,4.237896,2.996203,4.357753,30.26094,-25.92986,-27.12049
10310.,2.388296,4.247162,2.9964,4.352766,30.33736,-25.88273,-26.93433
10320.,2.382009,4.25701,2.997005,4.348087,30.41303,-25.83503,-26.7484
10330.,2.376,4.267436,2.998016,4.343714,30.48796,-25.78676,-26.5627
10340.,2.370268,4.278437,2.999432,4.339647,30.56215,-25.73792,-26.37724
10350.,2.364813,4.290007,3.00125,4.335884,30.63562,-25.68853,-26.192
10360.,2.359632,4.302143,3.003468,4.332423,30.70838,-25.63858,-26.007
10370.,2.354725,4.314842,3.006083,4.329264,30.78043,-25.58808,-25.82224
10380.,2.350091,4.328098,3.009093,4.326405,30.8518,-25.53705,-25.6377
10390.,2.34573,4.341909,3.012496,4.323844,30.92249,-25.48547,-25.45339
10400.,2.34164,4.35627,3.016291,4.321581,30.9925,-25.43336,-25.26932
10410.,2.337819,4.371178,3.020473,4.319614,31.06186,-25.38073,-25.08548
10420.,2.334269,4.386518,3.025005,4.317943,31.13051,-25.3276,-24.88779
10430.,2.330987,4.402243,3.029867,4.316569,31.19845,-25.27401,-24.68496
10440.,2.327971,4.418351,3.035059,4.315491,31.26568,-25.21994,-24.48245
10450.,2.325221,4.434839,3.040578,4.314706,31.33221,-25.1654,-24.28025
10460.,2.322735,4.451704,3.046422,4.314213,31.39806,-25.11041,-24.07837
10470.,2.320512,4.468944,3.052588,4.314011,31.46323,-25.05497,-23.87682
10480.,2.318549,4.486557,3.059076,4.314097,31.52774,-24.99907,-23.67557
10490.,2.316847,4.50454,3.065883,4.31447,31.59159,-24.94273,-23.47465
10500.,2.315403,4.52289,3.073007,4.315128,31.6548,-24.88595,-23.27404
10510.,2.314217,4.541605,3.080446,4.31607,31.71736,-24.82873,-23.07375
10520.,2.313286,4.560682,3.088199,4.317293,31.7793,-24.77109,-22.87378
10530.,2.31261,4.580119,3.096262,4.318797,31.84062,-24.71301,-22.67412
10540.,2.312188,4.599914,3.104635,4.32058,31.90133,-24.65452,-22.47477
10550.,2.312017,4.620063,3.113316,4.322639,31.96144,-24.59561,-22.27574
10560.,2.312097,4.640566,3.122302,4.324975,32.02096,-24.53628,-22.07702
10570.,2.312427,4.661419,3.131593,4.327584,32.07989,-24.47655,-21.87861
10580.,2.313005,4.68262,3.141185,4.330466,32.13825,-24.41641,-21.68052
10590.,2.31383,4.704167,3.151077,4.333619,32.19604,-24.35588,-21.48273
10600.,2.314901,4.726057,3.161269,4.337042,32.25327,-24.29495,-21.28526
10610.,2.316217,4.748288,3.171756,4.340733,32.30996,-24.23362,-21.0881
10620.,2.317777,4.770859,3.182539,4.34469,32.3661,-24.17191,-20.89124
10630.,2.319579,4.793766,3.193616,4.348913,32.42171,-24.10982,-20.6947
10640.,2.321622,4.817008,3.204984,4.353399,32.47679,-24.04735,-20.49846
10650.,2.323905,4.840582,3.216642,4.358148,32.53136,-23.9845,-20.30253
10660.,2.326428,4.864487,3.228588,4.363157,32.58542,-23.92128,-20.10691
10670.,2.329188,4.88872,3.240821,4.368427,32.63898,-23.8577,-19.91159
10680.,2.332185,4.913278,3.253339,4.373954,32.69204,-23.79375,-19.71658
10690.,2.335418,4.938161,3.26614,4.379739,32.74462,-23.72945,-19.52187
10700.,2.338886,4.963366,3.279223,4.385779,32.79671,-23.66479,-19.32747
10710.,2.342587,4.98889,3.292587,4.392074,32.84834,-23.59977,-19.13337
10720.,2.346521,5.014733,3.306229,4.398621,32.8995,-23.53441,-18.93957
10730.,2.350686,5.040891,3.320149,4.40542,32.95021,-23.46871,-18.74608
10740.,2.355082,5.067363,3.334344,4.41247,33.00046,-23.40266,-18.55288
10750.,2.359708,5.094147,3.348813,4.419769,33.05028,-23.33628,-18.35999
10760.,2.364562,5.12124,3.363556,4.427316,33.09965,-23.26957,-18.1674
10770.,2.369643,5.148642,3.378569,4.43511,33.1486,-23.20253,-17.9751
10780.,2.374952,5.17635,3.393852,4.443149,33.19713,-23.13516,-17.7831
10790.,2.380486,5.204362,3.409403,4.451433,33.24524,-23.06747,-17.5914
10800.,2.386244,5.232677,3.425222,4.45996,33.29294,-22.99946,-17.4
10810.,2.392227,5.261291,3.441305,4.468729,33.34024,-22.93113,-17.2089
10820.,2.398432,5.290205,3.457653,4.477739,33.38715,-22.8625,-17.01808
10830.,2.404859,5.319415,3.474264,4.486988,33.43366,-22.79355,-16.82757
10840.,2.411508,5.348921,3.491136,4.496477,33.4798,-22.7243,-16.63734
10850.,2.418376,5.378719,3.508268,4.506203,33.52555,-22.65475,-16.44741
10860.,2.425464,5.408809,3.525658,4.516165,33.57094,-22.58489,-16.25777
10870.,2.43277,5.439189,3.543306,4.526363,33.61596,-22.51475,-16.06843
10880.,2.440294,5.469856,3.56121,4.536794,33.66062,-22.44431,-15.87937
10890.,2.448034,5.500719,3.579296,4.547461,33.70493,-22.3738,-15.68008
10900.,2.455991,5.531647,3.597458,4.558362,33.74891,-22.30355,-15.46616
10910.,2.464162,5.562638,3.615695,4.569498,33.79255,-22.23355,-15.25265
10920.,2.472545,5.593693,3.634008,4.580867,33.83586,-22.1638,-15.03955
10930.,2.481138,5.62481,3.652396,4.592465,33.87884,-22.0943,-14.82685
10940.,2.489939,5.655989,3.670856,4.604292,33.9215,-22.02504,-14.61455
10950.,2.498945,5.687228,3.68939,4.616344,33.96385,-21.95602,-14.40265
10960.,2.508156,5.718529,3.707996,4.628619,34.00588,-21.88724,-14.19116
10970.,2.517568,5.749889,3.726673,4.641116,34.0476,-21.8187,-13.98006
10980.,2.527181,5.781308,3.745421,4.653832,34.08902,-21.75039,-13.76936
10990.,2.536991,5.812786,3.764239,4.666764,34.13013,-21.68232,-13.55906
11000.,2.546997,5.844322,3.783126,4.679912,34.17095,-21.61447,-13.34915
11010.,2.557198,5.875915,3.802082,4.693271,34.21147,-21.54686,-13.13964
11020.,2.567591,5.907564,3.821106,4.706842,34.25171,-21.47946,-12.93053
11030.,2.578175,5.93927,3.840197,4.72062,34.29166,-21.4123,-12.7218
11040.,2.588947,5.971031,3.859355,4.734606,34.33133,-21.34535,-12.51347
11050.,2.599906,6.002847,3.878579,4.748795,34.37072,-21.27862,-12.30553
11060.,2.61105,6.034717,3.897868,4.763187,34.40984,-21.2121,-12.09799
11070.,2.622377,6.066641,3.917223,4.77778,34.44869,-21.1458,-11.89083
11080.,2.633886,6.098617,3.936641,4.79257,34.48727,-21.07971,-11.68406
11090.,2.645574,6.130647,3.956123,4.807558,34.52558,-21.01383,-11.47767
11100.,2.657441,6.162728,3.975668,4.822739,34.56364,-20.94816,-11.27168
11110.,2.669484,6.194861,3.995276,4.838114,34.60144,-20.88269,-11.06606
11120.,2.681701,6.227045,4.014945,4.853679,34.63899,-20.81743,-10.86084
11130.,2.694092,6.259279,4.034676,4.869434,34.67629,-20.75237,-10.65599
11140.,2.706654,6.291563,4.054467,4.885375,34.71334,-20.68751,-10.45153
11150.,2.719385,6.323896,4.074318,4.901502,34.75015,-20.62284,-10.24745
11160.,2.732285,6.356278,4.094229,4.917812,34.78672,-20.55837,-10.04374
11170.,2.745351,6.388708,4.114199,4.934304,34.82305,-20.49409,-9.84042
11180.,2.758582,6.421186,4.134227,4.950976,34.85916,-20.43,-9.637475
11190.,2.771977,6.453711,4.154313,4.967826,34.89503,-20.36611,-9.434906
11200.,2.785533,6.486283,4.174457,4.984853,34.93067,-20.3024,-9.232713
11210.,2.79925,6.518901,4.194658,5.002054,34.96609,-20.23887,-9.030894
11220.,2.813126,6.551566,4.214914,5.019429,35.00129,-20.17553,-8.829449
11230.,2.827158,6.584275,4.235227,5.036975,35.03628,-20.11237,-8.628377
11240.,2.841347,6.617029,4.255595,5.05469,35.07104,-20.04939,-8.427676
11250.,2.85569,6.649828,4.276018,5.072574,35.1056,-19.98658,-8.227345
11260.,2.870186,6.68267,4.296495,5.090624,35.13995,-19.92395,-8.027383
11270.,2.884833,6.715556,4.317026,5.10884,35.17409,-19.8615,-7.82779
11280.,2.89963,6.748485,4.337611,5.127218,35.20803,-19.79922,-7.628563
11290.,2.914576,6.781457,4.358248,5.145759,35.24177,-19.73711,-7.429703
11300.,2.929669,6.814471,4.378938,5.164459,35.27531,-19.67517,-7.231208
11310.,2.944909,6.847527,4.39968,5.183319,35.30865,-19.61339,-7.033076
11320.,2.960292,6.880624,4.420473,5.202335,35.34181,-19.55178,-6.835307
11330.,2.975819,6.913761,4.441318,5.221507,35.37477,-19.49033,-6.6379
11340.,2.991488,6.94694,4.462213,5.240834,35.40755,-19.42905,-6.440854
11350.,3.007297,6.980158,4.483158,5.260313,35.44014,-19.36792,-6.244167
11360.,3.023245,7.013397,4.504146,5.279941,35.47256,-19.30703,-6.062341
11370.,3.039326,7.046491,4.525111,5.299698,35.50484,-19.247,-6.005052
11380.,3.055538,7.079441,4.546051,5.319565,35.53698,-19.18784,-5.947746
11390.,3.071878,7.112247,4.566967,5.339539,35.56898,-19.12952,-5.890421
11400.,3.088343,7.144909,4.587856,5.359619,35.60084,-19.07205,-5.833081
11410.,3.104932,7.177427,4.608719,5.379801,35.63258,-19.0154,-5.775726
11420.,3.121642,7.209802,4.629553,5.400084,35.66417,-18.95958,-5.718356
11430.,3.13847,7.242034,4.650359,5.420465,35.69563,-18.90456,-5.660974
11440.,3.155414,7.274122,4.671136,5.440943,35.72696,-18.85035,-5.60358
11450.,3.172473,7.306068,4.691881,5.461515,35.75815,-18.79694,-5.546175
11460.,3.189642,7.337872,4.712596,5.482179,35.78921,-18.7443,-5.48876
11470.,3.206921,7.369533,4.733278,5.502932,35.82014,-18.69244,-5.431337
11480.,3.224307,7.401053,4.753926,5.523774,35.85094,-18.64135,-5.373906
11490.,3.241797,7.43243,4.774541,5.544701,35.88161,-18.59102,-5.316468
11500.,3.259391,7.463666,4.795121,5.565712,35.91215,-18.54143,-5.259024
11510.,3.277084,7.494761,4.815665,5.586804,35.94255,-18.49259,-5.201576
11520.,3.294875,7.525715,4.836173,5.607977,35.97283,-18.44448,-5.144124
11530.,3.312763,7.556528,4.856643,5.629226,36.00298,-18.39709,-5.086669
11540.,3.330744,7.587201,4.877075,5.650552,36.033,-18.35042,-5.029212
11550.,3.348817,7.617734,4.897469,5.671951,36.0629,-18.30446,-4.971754
11560.,3.36698,7.648126,4.917823,5.693422,36.09267,-18.2592,-4.914296
11570.,3.385231,7.678379,4.938136,5.714964,36.12231,-18.21463,-4.856839
11580.,3.403567,7.708492,4.958408,5.736573,36.15182,-18.17074,-4.799383
11590.,3.421987,7.738467,4.978639,5.758248,36.18121,-18.12753,-4.741931
11600.,3.440489,7.768302,4.998826,5.779988,36.21048,-18.08499,-4.684481
11610.,3.45907,7.797998,5.018971,5.801791,36.23962,-18.04311,-4.627036
11620.,3.477729,7.827556,5.039071,5.823654,36.26864,-18.00188,-4.569597
11630.,3.496464,7.856976,5.059126,5.845576,36.29754,-17.9613,-4.512163
11640.,3.515273,7.886258,5.079136,5.867556,36.32631,-17.92136,-4.454736
11650.,3.534154,7.915403,5.0991,5.889591,36.35496,-17.88205,-4.397317
11660.,3.553106,7.94441,5.119017,5.91168,36.3835,-17.84336,-4.339906
11670.,3.572125,7.973279,5.138887,5.933822,36.41191,-17.80529,-4.282504
11680.,3.591212,8.002012,5.158709,5.956013,36.4402,-17.76783,-4.225113
11690.,3.610363,8.030609,5.178482,5.978254,36.46837,-17.73098,-4.167732
11700.,3.629577,8.059069,5.198205,6.000542,36.49642,-17.69472,-4.110363
11710.,3.648852,8.087393,5.217878,6.022875,36.52435,-17.65905,-4.053006
11720.,3.668187,8.115581,5.237501,6.045252,36.55216,-17.62396,-3.995662
11730.,3.687579,8.143634,5.257073,6.067672,36.57986,-17.58945,-3.938332
11740.,3.707028,8.171551,5.276593,6.090133,36.60744,-17.55551,-3.881017
11750.,3.726532,8.199334,5.29606,6.112633,36.6349,-17.52214,-3.823717
11760.,3.746088,8.226982,5.315474,6.13517,36.66224,-17.48932,-3.766432
11770.,3.765695,8.254495,5.334835,6.157744,36.68948,-17.45705,-3.709164
11780.,3.785351,8.281874,5.354142,6.180353,36.71659,-17.42532,-3.651914
11790.,3.805056,8.309119,5.373394,6.202995,36.74359,-17.39414,-3.594681
11800.,3.824807,8.336231,5.392591,6.225668,36.77048,-17.36349,-3.537467
11810.,3.844603,8.363209,5.411732,6.248373,36.79725,-17.33336,-3.480273
11820.,3.864442,8.390055,5.430816,6.271106,36.82391,-17.30376,-3.423098
11830.,3.884322,8.416767,5.449844,6.293867,36.85045,-17.27466,-3.365944
11840.,3.904244,8.443172,5.468816,6.316624,36.8769,-17.24654,-3.518048
11850.,3.924204,8.469225,5.487732,6.339341,36.90325,-17.2195,-3.724129
11860.,3.9442,8.494927,5.506589,6.362008,36.92951,-17.19353,-3.930706
11870.,3.96423,8.520281,5.525385,6.384623,36.95566,-17.1686,-4.137782
11880.,3.984291,8.545288,5.54412,6.407184,36.98172,-17.14472,-4.34536
11890.,4.004379,8.569949,5.562792,6.42969,37.00768,-17.12187,-4.553444
11900.,4.024494,8.594265,5.581398,6.452139,37.03354,-17.10004,-4.762038
11910.,4.044632,8.618238,5.599938,6.474529,37.0593,-17.07922,-4.971145
11920.,4.06479,8.641869,5.618409,6.496859,37.08496,-17.05939,-5.18077
11930.,4.084967,8.66516,5.63681,6.519126,37.11051,-17.04054,-5.390915
11940.,4.105159,8.688111,5.655141,6.54133,37.13596,-17.02267,-5.601585
11950.,4.125365,8.710725,5.673398,6.563469,37.16131,-17.00576,-5.812783
11960.,4.145582,8.733002,5.691581,6.58554,37.18655,-16.9898,-6.024514
11970.,4.165808,8.754944,5.709688,6.607543,37.21169,-16.97478,-6.23678
11980.,4.18604,8.776552,5.727718,6.629476,37.23672,-16.96069,-6.449586
11990.,4.206276,8.797827,5.745669,6.651337,37.26164,-16.94752,-6.662935
12000.,4.226514,8.818772,5.76354,6.673126,37.28646,-16.93526,-6.876832
12010.,4.246752,8.839386,5.78133,6.69484,37.31116,-16.9239,-7.091281
12020.,4.266988,8.859672,5.799036,6.716477,37.33576,-16.91343,-7.306284
12030.,4.287218,8.87963,5.816658,6.738038,37.36024,-16.90383,-7.521847
12040.,4.307442,8.899262,5.834195,6.759519,37.38462,-16.89511,-7.737973
12050.,4.327656,8.91857,5.851645,6.78092,37.40888,-16.88724,-7.954667
12060.,4.34786,8.937554,5.869007,6.802239,37.43304,-16.88023,-8.171931
12070.,4.36805,8.956215,5.886279,6.823476,37.45708,-16.87405,-8.389771
12080.,4.388225,8.974556,5.90346,6.844628,37.481,-16.86871,-8.608191
12090.,4.408383,8.992577,5.920549,6.865694,37.50482,-16.86419,-8.827194
12100.,4.428522,9.010279,5.937545,6.886673,37.52851,-16.86048,-9.046785
12110.,4.448639,9.027663,5.954447,6.907563,37.5521,-16.85758,-9.266968
12120.,4.468733,9.044732,5.971253,6.928365,37.57557,-16.85547,-9.487747
12130.,4.488802,9.061485,5.987962,6.949075,37.59892,-16.85415,-9.709126
12140.,4.508844,9.077925,6.004573,6.969693,37.62215,-16.8536,-9.931111
12150.,4.528857,9.094052,6.021085,6.990217,37.64527,-16.85383,-10.1537
12160.,4.548839,9.109868,6.037496,7.010647,37.66827,-16.85482,-10.37691
12170.,4.568789,9.125374,6.053806,7.030981,37.69116,-16.85656,-10.60074
12180.,4.588704,9.14057,6.070014,7.051219,37.71392,-16.85904,-10.82518
12190.,4.608583,9.155459,6.086118,7.071358,37.73657,-16.86226,-11.05026
12200.,4.628424,9.170041,6.102118,7.091398,37.75909,-16.86621,-11.27596
12210.,4.648226,9.184318,6.118012,7.111337,37.7815,-16.87088,-11.5023
12220.,4.667986,9.19829,6.133799,7.131175,37.80379,-16.87627,-11.72928
12230.,4.687702,9.211959,6.149478,7.15091,37.82595,-16.88236,-11.95691
12240.,4.707374,9.225325,6.165049,7.170542,37.848,-16.88915,-12.18518
12250.,4.727,9.238391,6.18051,7.190069,37.86992,-16.89662,-12.41411
12260.,4.746577,9.251157,6.19586,7.20949,37.89172,-16.90479,-12.6437
12270.,4.766105,9.263624,6.211098,7.228804,37.9134,-16.91362,-12.87395
12280.,4.785581,9.275793,6.226224,7.248011,37.93495,-16.92313,-13.10487
12290.,4.805004,9.287666,6.241237,7.267109,37.95639,-16.9333,-13.33647
12300.,4.824373,9.299243,6.256135,7.286096,37.9777,-16.94412,-13.56874
12310.,4.843686,9.310452,6.270921,7.304967,37.99884,-16.9556,-13.85483
12320.,4.862942,9.321215,6.285598,7.323705,38.01977,-16.96773,-14.19789
12330.,4.882138,9.331535,6.300165,7.342304,38.0405,-16.9805,-14.54239
12340.,4.901272,9.341414,6.31462,7.360762,38.06101,-16.99392,-14.88835
12350.,4.920343,9.350854,6.328962,7.379077,38.08132,-17.00797,-15.23578
12360.,4.939349,9.359857,6.343189,7.397249,38.10141,-17.02264,-15.5847
12370.,4.958288,9.368426,6.3573,7.415277,38.1213,-17.03794,-15.93512
12380.,4.977158,9.376562,6.371294,7.43316,38.14099,-17.05385,-16.28706
12390.,4.995956,9.384268,6.385169,7.450895,38.16046,-17.07037,-16.64053
12400.,5.014682,9.391546,6.398924,7.468483,38.17973,-17.0875,-16.99555
12410.,5.033334,9.398398,6.412557,7.485923,38.19879,-17.10522,-17.35213
12420.,5.051909,9.404825,6.426068,7.503213,38.21765,-17.12354,-17.7103
12430.,5.070406,9.41083,6.439455,7.520352,38.2363,-17.14244,-18.07006
12440.,5.088823,9.416415,6.452717,7.537339,38.25474,-17.16193,-18.43143
12450.,5.107158,9.421582,6.465853,7.554173,38.27298,-17.18199,-18.79444
12460.,5.125411,9.426333,6.478861,7.570854,38.29102,-17.20262,-19.1591
12470.,5.143578,9.43067,6.49174,7.587381,38.30885,-17.22382,-19.52542
12480.,5.161659,9.434594,6.504489,7.603752,38.32648,-17.24558,-19.89342
12490.,5.179652,9.438108,6.517107,7.619966,38.3439,-17.2679,-20.26313
12500.,5.197555,9.441214,6.529593,7.636023,38.36112,-17.29076,-20.63455
12510.,5.215367,9.443913,6.541945,7.651922,38.37814,-17.31417,-21.00771
12520.,5.233086,9.446207,6.554163,7.667661,38.39496,-17.33813,-21.38263
12530.,5.25071,9.448099,6.566246,7.683241,38.41158,-17.36262,-21.75933
12540.,5.268239,9.44959,6.578192,7.69866,38.42799,-17.38764,-22.13782
12550.,5.28567,9.450682,6.59,7.713917,38.44421,-17.41319,-22.51813
12560.,5.303002,9.451376,6.601669,7.729012,38.46023,-17.43926,-22.90027
12570.,5.320234,9.451675,6.613199,7.743944,38.47604,-17.46585,-23.28428
12580.,5.337364,9.451581,6.624588,7.758711,38.49166,-17.49295,-23.67015
12590.,5.354391,9.451095,6.635835,7.773314,38.50707,-17.52056,-24.05793
12600.,5.371313,9.450218,6.646939,7.787751,38.52229,-17.54867,-24.44763
12610.,5.38813,9.448954,6.6579,7.802021,38.53731,-17.57729,-24.83927
12620.,5.404839,9.447302,6.668716,7.816125,38.55213,-17.6064,-25.23288
12630.,5.421439,9.445266,6.679386,7.830061,38.56676,-17.636,-25.62847
12640.,5.437929,9.442847,6.68991,7.843828,38.58119,-17.66609,-26.02607
12650.,5.454308,9.440046,6.700287,7.857426,38.59542,-17.69667,-26.42571
12660.,5.470575,9.436866,6.710515,7.870854,38.60946,-17.72772,-26.82741
12670.,5.486727,9.433307,6.720594,7.884111,38.6233,-17.75925,-27.23119
12680.,5.502764,9.429372,6.730523,7.897197,38.63694,-17.79125,-27.63707
12690.,5.518686,9.425062,6.740301,7.910112,38.65039,-17.82372,-28.04509
12700.,5.534489,9.420379,6.749928,7.922853,38.66364,-17.85666,-28.45527
12710.,5.550174,9.415324,6.759401,7.935422,38.67671,-17.89005,-28.86763
12720.,5.565739,9.409899,6.768722,7.947817,38.68957,-17.9239,-29.28221
12730.,5.581183,9.404106,6.777889,7.960037,38.70225,-17.95821,-29.69902
12740.,5.596504,9.397946,6.7869,7.972083,38.71473,-17.99296,-30.11811
12750.,5.611703,9.391421,6.795756,7.983953,38.72702,-18.02817,-30.53948
12760.,5.626776,9.384532,6.804455,7.995646,38.73911,-18.06381,-30.96318
12770.,5.641725,9.37728,6.812998,8.007163,38.75102,-18.0999,-31.38924
12780.,5.656546,9.369739,6.821399,8.018509,38.76274,-18.13637,-31.75441
12790.,5.671241,9.362234,6.829735,8.029719,38.77429,-18.17305,-31.83236
12800.,5.68581,9.354763,6.838006,8.040821,38.78569,-18.20993,-31.91046
12810.,5.700251,9.347325,6.846211,8.051815,38.79693,-18.247,-31.98871
12820.,5.714567,9.339919,6.85435,8.062702,38.80801,-18.28427,-32.06711
12830.,5.728757,9.332543,6.862423,8.07348,38.81893,-18.32174,-32.14566
12840.,5.742821,9.325195,6.870428,8.084152,38.8297,-18.3594,-32.22435
12850.,5.75676,9.317875,6.878367,8.094715,38.84032,-18.39725,-32.3032
12860.,5.770574,9.310581,6.886238,8.105172,38.85078,-18.43529,-32.3822
12870.,5.784263,9.303312,6.894042,8.115521,38.86109,-18.47351,-32.46134
12880.,5.797827,9.296067,6.901777,8.125763,38.87125,-18.51193,-32.54064
12890.,5.811267,9.288844,6.909444,8.135897,38.88126,-18.55053,-32.62009
12900.,5.824583,9.281642,6.917043,8.145925,38.89112,-18.58932,-32.69969
12910.,5.837775,9.27446,6.924572,8.155845,38.90083,-18.6283,-32.77944
12920.,5.850843,9.267297,6.932033,8.165659,38.9104,-18.66745,-32.85935
12930.,5.863788,9.260151,6.939423,8.175366,38.91982,-18.70679,-32.93941
12940.,5.87661,9.253022,6.946744,8.184966,38.9291,-18.7463,-33.01962
12950.,5.889309,9.245907,6.953995,8.194459,38.93824,-18.786,-33.09998
12960.,5.901885,9.238807,6.961175,8.203846,38.94723,-18.82588,-33.1805
12970.,5.914339,9.231719,6.968285,8.213126,38.95609,-18.86593,-33.26117
12980.,5.926671,9.224644,6.975324,8.2223,38.9648,-18.90616,-33.342
12990.,5.938881,9.217578,6.982292,8.231367,38.97338,-18.94656,-33.42298
13000.,5.95097,9.210523,6.989188,8.240329,38.98181,-18.98713,-33.50411
13010.,5.962937,9.203475,6.996012,8.249184,38.99012,-19.02788,-33.58541
13020.,5.974783,9.196435,7.002765,8.257933,38.99828,-19.0688,-33.66685
13030.,5.986508,9.189401,7.009446,8.266577,39.00631,-19.10989,-33.74846
13040.,5.998113,9.182373,7.016054,8.275114,39.01421,-19.15115,-33.83022
13050.,6.009597,9.175348,7.02259,8.283546,39.02197,-19.19258,-33.91214
13060.,6.020961,9.168327,7.029053,8.291872,39.0296,-19.23418,-33.99421
13070.,6.032205,9.161308,7.035443,8.300093,39.0371,-19.27594,-34.07645
13080.,6.04333,9.15429,7.041759,8.308208,39.04447,-19.31787,-34.15884
13090.,6.054335,9.147273,7.048002,8.316218,39.05171,-19.35996,-34.24139
13100.,6.065221,9.140254,7.054172,8.324123,39.05882,-19.40222,-34.3241
13110.,6.075989,9.133234,7.060268,8.331922,39.0658,-19.44464,-34.40696
13120.,6.086637,9.126211,7.066289,8.339617,39.07266,-19.48722,-34.48999
13130.,6.097168,9.119185,7.072237,8.347207,39.07939,-19.52996,-34.57318
13140.,6.10758,9.112154,7.07811,8.354692,39.086,-19.57286,-34.65653
13150.,6.117874,9.105118,7.083908,8.362073,39.09248,-19.61592,-34.74004
13160.,6.128051,9.098075,7.089631,8.369349,39.09884,-19.65914,-34.82371
13170.,6.138111,9.091025,7.09528,8.376521,39.10508,-19.70252,-34.90754
13180.,6.148053,9.083967,7.100853,8.383588,39.11119,-19.74605,-34.99154
13190.,6.157879,9.0769,7.106351,8.390551,39.11719,-19.78974,-35.0757
13200.,6.167587,9.069823,7.111774,8.39741,39.12306,-19.83359,-35.16001
13210.,6.17718,9.062736,7.117121,8.404166,39.12882,-19.87759,-35.2445
13220.,6.186656,9.055637,7.122392,8.410817,39.13445,-19.92174,-35.32914
13230.,6.196017,9.048525,7.127587,8.417365,39.13997,-19.96604,-35.41395
13240.,6.205262,9.041401,7.132706,8.423809,39.14537,-20.0105,-35.49893
13250.,6.214391,9.034263,7.137748,8.43015,39.15065,-20.05511,-35.58407
13260.,6.223406,9.027149,7.14272,8.436395,39.15588,-20.09972,-35.59488
13270.,6.232306,9.020066,7.147622,8.442552,39.16104,-20.14431,-35.5948
13280.,6.241093,9.013012,7.152453,8.448622,39.16615,-20.18889,-35.59479
13290.,6.249766,9.005987,7.157216,8.454607,39.17121,-20.23345,-35.59483
13300.,6.258328,8.998989,7.161909,8.460506,39.17621,-20.27799,-35.59494
13310.,6.266778,8.992019,7.166533,8.466321,39.18116,-20.32252,-35.59511
13320.,6.275117,8.985075,7.171088,8.47205,39.18606,-20.36703,-35.59534
13330.,6.283347,8.978156,7.175574,8.477696,39.1909,-20.41154,-35.59563
13340.,6.291466,8.971262,7.179993,8.483258,39.19569,-20.45603,-35.59597
13350.,6.299477,8.964391,7.184343,8.488736,39.20042,-20.50051,-35.59638
13360.,6.307379,8.957545,7.188625,8.494131,39.2051,-20.54498,-35.59685
13370.,6.315174,8.95072,7.19284,8.499444,39.20974,-20.58945,-35.59737
13380.,6.322862,8.943918,7.196987,8.504674,39.21431,-20.6339,-35.59795
13390.,6.330444,8.937136,7.201068,8.509822,39.21884,-20.67835,-35.5986
13400.,6.33792,8.930375,7.205081,8.514889,39.22332,-20.72279,-35.5993
13410.,6.345291,8.923634,7.209028,8.519875,39.22774,-20.76723,-35.60005
13420.,6.352557,8.916912,7.212908,8.52478,39.23212,-20.81166,-35.60087
13430.,6.35972,8.910208,7.216723,8.529605,39.23644,-20.85609,-35.60174
13440.,6.366779,8.903522,7.220471,8.534349,39.24071,-20.90052,-35.60267
13450.,6.373735,8.896853,7.224153,8.539014,39.24494,-20.94494,-35.60365
13460.,6.38059,8.8902,7.22777,8.543599,39.24911,-20.98936,-35.6047
13470.,6.387343,8.883563,7.231322,8.548106,39.25323,-21.03379,-35.6058
13480.,6.393995,8.876941,7.234808,8.552534,39.25731,-21.07821,-35.60695
13490.,6.400547,8.870334,7.23823,8.556883,39.26133,-21.12264,-35.60816
13500.,6.406999,8.86374,7.241587,8.561155,39.26531,-21.16706,-35.60943
13510.,6.413351,8.85716,7.244879,8.565349,39.26923,-21.21149,-35.61075
13520.,6.419605,8.850592,7.248107,8.569466,39.27311,-21.25592,-35.61213
13530.,6.425761,8.844037,7.251272,8.573505,39.27694,-21.30036,-35.61356
13540.,6.43182,8.837492,7.254372,8.577469,39.28073,-21.3448,-35.61505
13550.,6.437324,8.830523,7.256943,8.580885,38.89053,-21.38941,-35.60555
13560.,6.441827,8.822681,7.258533,8.583293,38.50503,-21.43474,-35.59077
13570.,6.445346,8.813984,7.259158,8.584712,38.12415,-21.48076,-35.5767
13580.,6.447896,8.804447,7.258836,8.585158,37.7478,-21.52748,-35.56333
13590.,6.449496,8.794084,7.257582,8.584649,37.37591,-21.57486,-35.55064
13600.,6.45016,8.78291,7.255413,8.583201,37.0084,-21.62291,-35.53862
13610.,6.449905,8.77094,7.252345,8.58083,36.6452,-21.6716,-35.52727
13620.,6.448745,8.758187,7.248391,8.577552,36.28623,-21.72092,-35.51657
13630.,6.446697,8.744666,7.243568,8.573384,35.93143,-21.77086,-35.5065
13640.,6.443774,8.730389,7.237891,8.56834,35.58072,-21.8214,-35.49706
13650.,6.439992,8.715371,7.231374,8.562435,35.23403,-21.87253,-35.48823
13660.,6.435365,8.699624,7.224031,8.555684,34.8913,-21.92425,-35.48001
13670.,6.429907,8.68316,7.215876,8.548101,34.55247,-21.97653,-35.47239
13680.,6.42363,8.665992,7.206923,8.539701,34.21746,-22.02936,-35.46534
13690.,6.41655,8.648133,7.197185,8.530497,33.88622,-22.08274,-35.45887
13700.,6.408679,8.629594,7.186674,8.520503,33.55868,-22.13665,-35.45297
13710.,6.400029,8.610386,7.175405,8.509732,33.23478,-22.19108,-35.44762
13720.,6.390615,8.590521,7.163389,8.498197,32.91447,-22.24603,-35.44281
13730.,6.380447,8.570018,7.150632,8.485912,32.59768,-22.30136,-35.42218
13740.,6.369539,8.548892,7.13714,8.472894,32.28434,-22.35697,-35.38942
13750.,6.357902,8.527154,7.122925,8.459154,31.97441,-22.41287,-35.35718
13760.,6.345549,8.504814,7.108,8.444707,31.66783,-22.46904,-35.32546
13770.,6.332492,8.481883,7.092376,8.429563,31.36453,-22.52548,-35.29425
13780.,6.318741,8.458372,7.076065,8.413735,31.06449,-22.58218,-35.26353
13790.,6.304308,8.43429,7.059078,8.397233,30.76763,-22.63913,-35.2333
13800.,6.289205,8.409647,7.041426,8.38007,30.47391,-22.69632,-35.20356
13810.,6.273441,8.384452,7.02312,8.362256,30.18329,-22.75376,-35.17428
13820.,6.257028,8.358716,7.004171,8.343802,29.89571,-22.81142,-35.14546
13830.,6.239977,8.332447,6.984589,8.324719,29.61113,-22.86932,-35.1171
13840.,6.222297,8.305655,6.964385,8.305017,29.3295,-22.92743,-35.08918
13850.,6.203998,8.278349,6.943568,8.284707,29.05077,-22.98576,-35.0617
13860.,6.185091,8.250536,6.92215,8.263799,28.77491,-23.0443,-35.03465
13870.,6.165586,8.222227,6.900139,8.242302,28.50186,-23.10304,-35.00802
13880.,6.145492,8.193429,6.877544,8.220227,28.23159,-23.16198,-34.98181
13890.,6.124818,8.16415,6.854377,8.197583,27.96404,-23.22112,-34.956
13900.,6.103573,8.134399,6.830645,8.17438,27.69919,-23.28044,-34.9306
13910.,6.081768,8.104184,6.806358,8.150626,27.43699,-23.33994,-34.90558
13920.,6.05941,8.073512,6.781525,8.126331,27.1774,-23.39962,-34.88095
13930.,6.036508,8.042391,6.756155,8.101503,26.92038,-23.45948,-34.8567
13940.,6.013072,8.010829,6.730256,8.076152,26.6659,-23.5195,-34.83282
13950.,5.989109,7.978833,6.703837,8.050286,26.41391,-23.57969,-34.80931
13960.,5.964628,7.946411,6.676905,8.023913,26.16438,-23.64004,-34.78615
13970.,5.939638,7.913569,6.64947,7.997042,25.91727,-23.70054,-34.76334
13980.,5.914145,7.880314,6.621539,7.96968,25.67254,-23.7612,-34.74089
13990.,5.888158,7.846654,6.593121,7.941837,25.43017,-23.822,-34.71877
14000.,5.861686,7.812596,6.564222,7.913519,25.19012,-23.88295,-34.69698
14010.,5.834735,7.778145,6.534851,7.884735,24.95235,-23.94403,-34.67552
14020.,5.807312,7.743308,6.505015,7.855491,24.71683,-24.00525,-34.65438
14030.,5.779426,7.708092,6.474721,7.825796,24.48352,-24.06661,-34.63356
14040.,5.751084,7.672503,6.443978,7.795657,24.25241,-24.12809,-34.61305
14050.,5.722293,7.636547,6.41279,7.76508,24.02344,-24.18969,-34.59284
14060.,5.693059,7.600231,6.381167,7.734074,23.7966,-24.25142,-34.57293
14070.,5.66339,7.56356,6.349115,7.702645,23.57185,-24.31327,-34.55331
14080.,5.633292,7.52654,6.31664,7.670799,23.34917,-24.37523,-34.53398
14090.,5.602773,7.489177,6.283749,7.638545,23.12852,-24.4373,-34.51494
14100.,5.571839,7.451477,6.250449,7.605887,22.90987,-24.49948,-34.49617
14110.,5.540495,7.413445,6.216746,7.572833,22.6932,-24.56177,-34.47768
14120.,5.50875,7.375086,6.182647,7.53939,22.47848,-24.62416,-34.45945
14130.,5.476608,7.336406,6.148157,7.505562,22.26568,-24.68665,-34.44149
14140.,5.444076,7.297411,6.113283,7.471357,22.05477,-24.74923,-34.42378
14150.,5.41116,7.258105,6.078031,7.436781,21.84573,-24.81191,-34.40633
14160.,5.377867,7.218494,6.042407,7.40184,21.63854,-24.87468,-34.38913
14170.,5.344201,7.178582,6.006416,7.366539,21.43315,-24.93755,-34.37217
14180.,5.310169,7.138375,5.970065,7.330885,21.22957,-25.00049,-34.35545
14190.,5.275776,7.097878,5.933359,7.294882,21.02774,-25.06353,-34.33897
14200.,5.241028,7.057098,5.896304,7.258537,20.82765,-25.12656,-34.32318
14210.,5.205929,7.016053,5.858906,7.221856,20.62925,-25.18936,-34.30895
14220.,5.170485,6.974746,5.821171,7.184843,20.43252,-25.25193,-34.29494
14230.,5.134702,6.933182,5.783105,7.147504,20.23743,-25.31427,-34.28115
14240.,5.098585,6.891367,5.744712,7.109846,20.04396,-25.37639,-34.26758
14250.,5.06214,6.849304,5.705999,7.071873,19.85209,-25.43827,-34.25421
14260.,5.025372,6.806999,5.66697,7.03359,19.6618,-25.49993,-34.24105
14270.,4.988287,6.764454,5.627632,6.995004,19.47306,-25.56137,-34.22809
14280.,4.95089,6.721676,5.587989,6.95612,19.28586,-25.62258,-34.21532
14290.,4.913185,6.678668,5.548046,6.916941,19.10018,-25.68357,-34.20275
14300.,4.875179,6.635434,5.507808,6.877475,18.916,-25.74433,-34.19037
14310.,4.836875,6.591979,5.467281,6.837725,18.73328,-25.80488,-34.17818
14320.,4.798279,6.548306,5.426469,6.797696,18.55203,-25.86521,-34.16617
14330.,4.759396,6.504419,5.385377,6.757393,18.37222,-25.92532,-34.15433
14340.,4.720231,6.460323,5.344009,6.716822,18.19382,-25.98522,-34.14267
14350.,4.680787,6.416022,5.302371,6.675986,18.01682,-26.0449,-34.13118
14360.,4.641071,6.371518,5.260467,6.63489,17.84121,-26.10437,-34.11987
14370.,4.601086,6.326816,5.218301,6.593539,17.66696,-26.16362,-34.10871
14380.,4.560836,6.28192,5.175877,6.551937,17.49405,-26.22267,-34.09772
14390.,4.520327,6.236833,5.133201,6.510089,17.32248,-26.2815,-34.08688
14400.,4.479563,6.191559,5.090277,6.467999,17.15221,-26.34012,-34.0762
14410.,4.438547,6.146101,5.047108,6.42567,16.98325,-26.39854,-34.06567
14420.,4.397285,6.100463,5.003699,6.383109,16.81556,-26.45675,-34.05529
14430.,4.35578,6.054648,4.960053,6.340317,16.64913,-26.51476,-34.04505
14440.,4.314036,6.008659,4.916176,6.2973,16.48395,-26.57256,-34.03495
14450.,4.272058,5.9625,4.872071,6.254062,16.32,-26.63016,-34.025
14460.,4.229849,5.916175,4.827741,6.210605,16.15727,-26.68756,-34.01518
14470.,4.187413,5.869685,4.783192,6.166936,15.99573,-26.74476,-34.00549
14480.,4.144754,5.823035,4.738425,6.123056,15.83538,-26.80175,-33.99594
14490.,4.101877,5.776227,4.693447,6.07897,15.6762,-26.85855,-33.98651
14500.,4.058784,5.729265,4.648259,6.034681,15.51817,-26.91516,-33.97721
14510.,4.01548,5.682151,4.602865,5.990194,15.36129,-26.97157,-33.96803
14520.,3.971967,5.634889,4.55727,5.945512,15.20553,-27.02778,-33.95897
14530.,3.92825,5.587481,4.511477,5.900637,15.05088,-27.0838,-33.95002
14540.,3.884332,5.53993,4.465488,5.855575,14.89733,-27.13963,-33.94119
14550.,3.840217,5.492239,4.419309,5.810327,14.74486,-27.19526,-33.93247
14560.,3.795908,5.444411,4.372941,5.764899,14.59347,-27.25071,-33.92386
14570.,3.751408,5.396449,4.326388,5.719292,14.44313,-27.30597,-33.91536
14580.,3.706721,5.348355,4.279654,5.67351,14.29385,-27.36104,-33.90696
14590.,3.66185,5.300132,4.232742,5.627557,14.14559,-27.41593,-33.89867
14600.,3.616798,5.251782,4.185655,5.581435,13.99835,-27.47062,-33.89047
14610.,3.571568,5.203308,4.138395,5.535148,13.85212,-27.52514,-33.88237
14620.,3.526164,5.154713,4.090967,5.488698,13.70689,-27.57947,-33.87437
14630.,3.480589,5.105999,4.043373,5.442089,13.56263,-27.63362,-33.86646
14640.,3.434845,5.057169,3.995616,5.395325,13.41935,-27.68759,-33.85863
14650.,3.388936,5.008225,3.9477,5.348406,13.27703,-27.74138,-33.8509
14660.,3.342865,4.959169,3.899626,5.301338,13.13566,-27.79499,-33.84326
14670.,3.296634,4.910003,3.851398,5.254122,12.99522,-27.84842,-33.83569
14680.,3.250246,4.860747,3.803031,5.206759,12.8557,-27.90144,-33.84504
14690.,3.203706,4.811405,3.754529,5.159252,12.71708,-27.95402,-33.85541
14700.,3.157015,4.761977,3.705895,5.111603,12.57935,-28.00619,-33.86585
14710.,3.110177,4.712467,3.657131,5.063816,12.4425,-28.05793,-33.87638
14720.,3.063195,4.662877,3.60824,5.015892,12.30652,-28.10926,-33.88698
14730.,3.016072,4.613209,3.559226,4.967836,12.1714,-28.16017,-33.89765
14740.,2.968811,4.563466,3.51009,4.919649,12.03713,-28.21067,-33.9084
14750.,2.921414,4.513649,3.460836,4.871336,11.9037,-28.26077,-33.91921
14760.,2.873884,4.463761,3.411466,4.822898,11.7711,-28.31047,-33.9301
14770.,2.826225,4.413804,3.361983,4.774339,11.63933,-28.35976,-33.94105
14780.,2.778439,4.36378,3.312389,4.72566,11.50836,-28.40866,-33.95206
14790.,2.730529,4.313691,3.262687,4.676866,11.37821,-28.45717,-33.96314
14800.,2.682497,4.263539,3.21288,4.627958,11.24884,-28.50529,-33.97428
14810.,2.634346,4.213326,3.16297,4.578939,11.12026,-28.55303,-33.98548
14820.,2.586079,4.163054,3.112959,4.529812,10.99246,-28.60038,-33.99673
14830.,2.537698,4.112725,3.06285,4.480579,10.86542,-28.64735,-34.00804
14840.,2.489206,4.062341,3.012645,4.431243,10.73915,-28.69395,-34.0194
14850.,2.440605,4.011904,2.962346,4.381806,10.61363,-28.74018,-34.03081
14860.,2.392242,3.961741,2.912307,4.332623,10.88335,-28.78575,-34.06525
14870.,2.344461,3.912196,2.862873,4.284046,11.15021,-28.83014,-34.10239
14880.,2.297256,3.863262,2.814037,4.23607,11.41422,-28.87336,-34.13913
14890.,2.250624,3.814937,2.765797,4.188689,11.67541,-28.91543,-34.17547
14900.,2.20456,3.767214,2.718147,4.1419,11.93381,-28.95635,-34.21141
14910.,2.15906,3.720089,2.671083,4.095698,12.18945,-28.99614,-34.24696
14920.,2.11412,3.673557,2.624599,4.050077,12.44233,-29.03481,-34.28212
14930.,2.069735,3.627615,2.578693,4.005034,12.6925,-29.07238,-34.3169
14940.,2.025901,3.582256,2.533358,3.960563,12.93997,-29.10884,-34.35129
14950.,1.982613,3.537478,2.48859,3.91666,13.18476,-29.14423,-34.3853
14960.,1.939869,3.493274,2.444386,3.87332,13.42691,-29.17854,-34.41894
14970.,1.897662,3.44964,2.40074,3.830539,13.66643,-29.21179,-34.4522
14980.,1.855989,3.406572,2.357648,3.788312,13.90336,-29.24399,-34.48509
14990.,1.814846,3.364065,2.315105,3.746635,14.1377,-29.27515,-34.51762
15000.,1.774229,3.322115,2.273106,3.705503,14.3695,-29.30529,-34.54978
15010.,1.734132,3.280716,2.231649,3.664911,14.59876,-29.3344,-34.58158
15020.,1.694553,3.239866,2.190727,3.624855,14.82552,-29.36252,-34.61302
15030.,1.655487,3.199558,2.150337,3.58533,15.04979,-29.38963,-34.64411
15040.,1.616929,3.159789,2.110473,3.546332,15.27161,-29.41577,-34.67484
15050.,1.578875,3.120553,2.071133,3.507856,15.49099,-29.44093,-34.70523
15060.,1.541322,3.081848,2.03231,3.469898,15.70795,-29.46513,-34.73527
15070.,1.504266,3.043668,1.994002,3.432454,15.92253,-29.48837,-34.76497
15080.,1.467701,3.006008,1.956203,3.395519,16.13473,-29.51067,-34.79433
15090.,1.431624,2.968865,1.91891,3.359088,16.34459,-29.53204,-34.82335
15100.,1.396031,2.932234,1.882118,3.323158,16.55213,-29.55249,-34.85203
15110.,1.360918,2.89611,1.845822,3.287724,16.75737,-29.57202,-34.88039
15120.,1.326281,2.86049,1.810019,3.252781,16.96033,-29.59066,-34.90842
15130.,1.292116,2.825369,1.774704,3.218325,17.16104,-29.6084,-34.93612
15140.,1.258418,2.790743,1.739872,3.184353,17.35951,-29.62526,-34.9635
15150.,1.225184,2.756639,1.705545,3.150859,17.55581,-29.64111,-34.98856
15160.,1.192411,2.723072,1.671729,3.117841,17.74997,-29.65591,-35.01217
15170.,1.160095,2.690037,1.638422,3.085295,17.94203,-29.66965,-35.03547
15180.,1.128231,2.65753,1.605619,3.053217,18.132,-29.68235,-35.05845
15190.,1.096818,2.625547,1.573316,3.021603,18.3199,-29.69403,-35.08111
15200.,1.065852,2.594084,1.54151,2.99045,18.50575,-29.70469,-35.10347
15210.,1.035328,2.563136,1.510196,2.959754,18.68958,-29.71434,-35.12553
15220.,1.005244,2.532699,1.479371,2.929511,18.8714,-29.72299,-35.14728
15230.,0.9755963,2.50277,1.44903,2.899718,19.05124,-29.73066,-35.16872
15240.,0.9463816,2.473344,1.419169,2.870371,19.22911,-29.73735,-35.18987
15250.,0.9175964,2.444417,1.389786,2.841467,19.40504,-29.74308,-35.21072
15260.,0.8892374,2.415986,1.360875,2.813001,19.57905,-29.74786,-35.23128
15270.,0.8613013,2.388045,1.332434,2.784971,19.75115,-29.75169,-35.25155
15280.,0.8337849,2.360592,1.304457,2.757372,19.92137,-29.75458,-35.27153
15290.,0.8066847,2.333622,1.276943,2.730202,20.08973,-29.75655,-35.29122
15300.,0.7799977,2.307132,1.249886,2.703457,20.25625,-29.75761,-35.31062
15310.,0.7537204,2.281117,1.223284,2.677133,20.42094,-29.75776,-35.32974
15320.,0.7278498,2.255573,1.197132,2.651226,20.58382,-29.75702,-35.34859
15330.,0.7023826,2.230498,1.171426,2.625735,20.74492,-29.75539,-35.36715
15340.,0.6773156,2.205886,1.146164,2.600654,20.90425,-29.75288,-35.38544
15350.,0.6526456,2.181735,1.121342,2.575981,21.06184,-29.74951,-35.40346
15360.,0.6283696,2.15804,1.096955,2.551712,21.21769,-29.74528,-35.42121
15370.,0.6044844,2.134798,1.073001,2.527845,21.37184,-29.7402,-35.43869
15380.,0.5809869,2.112004,1.049475,2.504375,21.52429,-29.73429,-35.4559
15390.,0.557874,2.089657,1.026375,2.481299,21.67508,-29.72754,-35.47285
15400.,0.5351427,2.06775,1.003697,2.458615,21.8242,-29.71997,-35.48954
15410.,0.5127899,2.046282,0.9814372,2.436319,21.97169,-29.71159,-35.50597
15420.,0.4908127,2.025249,0.9595923,2.414407,22.11756,-29.70241,-35.52214
15430.,0.4692079,2.004646,0.9381591,2.392877,22.26183,-29.69243,-35.53805
15440.,0.4479727,1.984471,0.917134,2.371725,22.40452,-29.68167,-35.55371
15450.,0.4271042,1.96472,0.8965137,2.350949,22.54564,-29.67013,-35.56912
15460.,0.4065992,1.945389,0.876295,2.330544,22.68521,-29.65782,-35.58429
15470.,0.3864551,1.926475,0.8564744,2.310509,22.82325,-29.64474,-35.5992
15480.,0.3666688,1.907975,0.8370488,2.29084,22.95977,-29.63092,-35.61387
15490.,0.3472376,1.889885,0.8180148,2.271533,23.0948,-29.61635,-35.6283
15500.,0.3281585,1.872202,0.7993692,2.252587,23.22835,-29.60104,-35.64249
15510.,0.3094288,1.854922,0.7811089,2.233997,23.36043,-29.585,-35.65644
15520.,0.2910456,1.838042,0.7632307,2.215762,23.49107,-29.56824,-35.67015
15530.,0.2730063,1.821559,0.7457314,2.197877,23.62027,-29.55077,-35.68363
15540.,0.2553079,1.805469,0.7286079,2.180341,23.74806,-29.5326,-35.69687
15550.,0.2379478,1.78977,0.7118571,2.16315,23.87445,-29.51373,-35.70989
15560.,0.2209234,1.774458,0.695476,2.146301,23.99946,-29.49416,-35.72267
15570.,0.2042318,1.75953,0.6794614,2.129792,24.1231,-29.47392,-35.73523
15580.,0.1878704,1.744983,0.6638105,2.113619,24.24539,-29.453,-35.74757
15590.,0.1718366,1.730813,0.6485201,2.09778,24.36635,-29.43141,-35.75968
15600.,0.1561278,1.717018,0.6335873,2.082272,24.48598,-29.40916,-35.77157
15610.,0.1407414,1.703595,0.6190092,2.067093,24.60431,-29.38626,-35.78324
15620.,0.1256749,1.69067,0.6048354,2.052246,24.72136,-29.36264,-35.72437
15630.,0.1109266,1.678505,0.591169,2.037749,24.83716,-29.3382,-35.5235
15640.,0.09649516,1.667094,0.5780066,2.023614,24.95172,-29.31293,-35.32291
15650.,0.08237922,1.656431,0.5653453,2.009839,25.06507,-29.28684,-35.12258
15660.,0.06857745,1.646511,0.5531818,1.996422,25.17721,-29.25995,-34.92252
15670.,0.05508854,1.637328,0.541513,1.983361,25.28816,-29.23225,-34.72272
15680.,0.04191118,1.628876,0.5303357,1.970654,25.39795,-29.20376,-34.5232
15690.,0.02904406,1.621151,0.5196471,1.9583,25.50657,-29.17449,-34.32394
15700.,0.01648589,1.614146,0.5094439,1.946297,25.61406,-29.14444,-34.12494
15710.,0.004235399,1.607857,0.4997232,1.934642,25.72041,-29.11362,-33.92622
15720.,-0.007708686,1.602278,0.4904821,1.923335,25.82565,-29.08203,-33.72776
15730.,-0.01934763,1.597405,0.4817175,1.912374,25.92979,-29.04969,-33.52957
15740.,-0.03068267,1.593231,0.4734265,1.901756,26.03285,-29.01661,-33.33164
15750.,-0.04171506,1.589752,0.4656062,1.89148,26.13484,-28.98278,-33.13398
15760.,-0.05244602,1.586963,0.4582538,1.881545,26.23577,-28.94822,-32.9366
15770.,-0.06287677,1.584859,0.4513664,1.871949,26.33565,-28.91293,-32.73947
15780.,-0.07300851,1.583435,0.4449412,1.862689,26.43451,-28.87692,-32.54262
15790.,-0.08284246,1.582685,0.4389754,1.853765,26.53235,-28.8402,-32.34603
15800.,-0.09237979,1.582606,0.4334662,1.845175,26.62919,-28.80277,-32.14971
15810.,-0.1016217,1.583191,0.4284108,1.836918,26.72504,-28.76465,-31.95366
15820.,-0.1105693,1.584437,0.4238066,1.82899,26.81992,-28.72583,-31.75787
15830.,-0.1192238,1.586339,0.4196509,1.821392,26.91383,-28.68633,-31.56235
15840.,-0.1275863,1.588892,0.415941,1.814122,27.00679,-28.64615,-31.3671
15850.,-0.135658,1.59209,0.4126742,1.807177,27.09881,-28.60529,-31.17212
15860.,-0.14344,1.595931,0.409848,1.800557,27.18991,-28.56377,-30.9774
15870.,-0.1509333,1.600409,0.4074596,1.794259,27.2801,-28.52159,-30.78294
15880.,-0.1581392,1.605519,0.4055067,1.788283,27.36939,-28.47876,-30.58876
15890.,-0.1650586,1.611258,0.4039866,1.782627,27.45779,-28.43528,-30.39483
15900.,-0.1716928,1.61762,0.4028969,1.777289,27.54531,-28.39116,-30.20118
15910.,-0.1780426,1.624601,0.4022349,1.772269,27.63197,-28.34641,-30.00779
15920.,-0.1841093,1.632197,0.4019983,1.767564,27.71778,-28.30103,-29.81466
15930.,-0.1898938,1.640404,0.4021846,1.763173,27.80275,-28.25502,-29.6218
15940.,-0.1953972,1.649218,0.4027914,1.759094,27.88689,-28.2084,-29.42921
15950.,-0.2006206,1.658633,0.4038163,1.755327,27.97021,-28.16117,-29.23688
15960.,-0.2055648,1.668646,0.4052569,1.75187,28.05273,-28.11333,-29.04481
15970.,-0.2102311,1.679253,0.4071108,1.748722,28.13445,-28.0649,-28.85301
15980.,-0.2146202,1.69045,0.4093758,1.745881,28.21539,-28.01587,-28.66147
15990.,-0.2187333,1.702232,0.4120495,1.743345,28.29556,-27.96626,-28.47019
16000.,-0.2225713,1.714596,0.4151296,1.741115,28.37496,-27.91606,-28.27918
16010.,-0.2261351,1.727537,0.4186139,1.739187,28.45362,-27.86529,-28.08843
16020.,-0.2294258,1.741052,0.4225002,1.737561,28.53153,-27.81395,-27.89794
16030.,-0.2324443,1.755137,0.4267861,1.736236,28.60871,-27.76204,-27.70771
16040.,-0.2351914,1.769787,0.4314696,1.735211,28.68518,-27.70958,-27.51774
16050.,-0.2376682,1.784999,0.4365485,1.734483,28.76094,-27.65656,-27.32804
16060.,-0.2398755,1.800769,0.4420205,1.734053,28.83599,-27.60299,-27.1386
16070.,-0.2418143,1.817093,0.4478836,1.733918,28.91036,-27.54888,-26.94941
16080.,-0.2434854,1.833968,0.4541357,1.734078,28.98405,-27.49423,-26.76049
16090.,-0.2448898,1.851386,0.4607734,1.734531,29.05707,-27.43905,-26.57137
16100.,-0.246028,1.869192,0.4677427,1.735278,29.12935,-27.38338,-26.36308
16110.,-0.2469014,1.887385,0.4750415,1.736319,29.20091,-27.32723,-26.15514
16120.,-0.2475116,1.905961,0.4826678,1.737652,29.27176,-27.27061,-25.94755
16130.,-0.2478597,1.924918,0.4906195,1.739277,29.3419,-27.21351,-25.74032
16140.,-0.2479472,1.944253,0.4988947,1.741191,29.41135,-27.15595,-25.53343
16150.,-0.2477754,1.963963,0.5074914,1.743392,29.48011,-27.09793,-25.3269
16160.,-0.2473456,1.984047,0.5164076,1.745879,29.54819,-27.03946,-25.12071
16170.,-0.2466591,2.004501,0.5256414,1.74865,29.61561,-26.98053,-24.91487
16180.,-0.2457172,2.025323,0.5351909,1.751704,29.68237,-26.92116,-24.70938
16190.,-0.2445212,2.046511,0.5450541,1.755038,29.74848,-26.86135,-24.50423
16200.,-0.2430723,2.068062,0.5552292,1.758652,29.81396,-26.80109,-24.29943
16210.,-0.2413718,2.089974,0.5657144,1.762544,29.8788,-26.74041,-24.09497
16220.,-0.2394209,2.112245,0.5765077,1.766713,29.94303,-26.6793,-23.89085
16230.,-0.2372209,2.134871,0.5876075,1.771156,30.00664,-26.61777,-23.68708
16240.,-0.2347729,2.157851,0.5990118,1.775872,30.06965,-26.55581,-23.48365
16250.,-0.2320782,2.181183,0.6107189,1.780861,30.13207,-26.49345,-23.28056
16260.,-0.2291379,2.204864,0.622727,1.786119,30.1939,-26.43067,-23.07781
16270.,-0.2259532,2.228891,0.6350344,1.791647,30.25515,-26.36749,-22.8754
16280.,-0.2225252,2.253263,0.6476393,1.797441,30.31583,-26.3039,-22.67332
16290.,-0.2188551,2.277977,0.6605401,1.803502,30.37595,-26.23992,-22.47159
16300.,-0.2149441,2.303032,0.673735,1.809828,30.43552,-26.17555,-22.27019
16310.,-0.2107931,2.328424,0.6872224,1.816416,30.49455,-26.11079,-22.06912
16320.,-0.2064034,2.354152,0.7010006,1.823267,30.55303,-26.04564,-21.8684
16330.,-0.201776,2.380213,0.7150679,1.830378,30.61099,-25.98012,-21.668
16340.,-0.196912,2.406606,0.7294228,1.837748,30.66843,-25.91422,-21.46794
16350.,-0.1918124,2.433329,0.7440636,1.845376,30.72535,-25.84794,-21.2682
16360.,-0.1864784,2.460378,0.7589888,1.85326,30.78177,-25.7813,-21.0688
16370.,-0.1809109,2.487753,0.7741967,1.861399,30.83769,-25.71429,-20.86973
16380.,-0.175111,2.515451,0.7896858,1.869793,30.89312,-25.64692,-20.67099
16390.,-0.1690797,2.54347,0.8054546,1.878439,30.94807,-25.5792,-20.47258
16400.,-0.162818,2.571808,0.8215015,1.887336,31.00254,-25.51112,-20.27449
16410.,-0.1563269,2.600463,0.837825,1.896484,31.05654,-25.4427,-20.07673
16420.,-0.1496074,2.629434,0.8544237,1.90588,31.11008,-25.37392,-19.8793
16430.,-0.1426605,2.658717,0.871296,1.915524,31.16317,-25.30481,-19.68219
16440.,-0.135487,2.688312,0.8884405,1.925414,31.2158,-25.23536,-19.48541
16450.,-0.128088,2.718216,0.9058558,1.93555,31.268,-25.16558,-19.28894
16460.,-0.1204645,2.748427,0.9235403,1.94593,31.31976,-25.09546,-19.0928
16470.,-0.1126172,2.778944,0.9414927,1.956552,31.3711,-25.02502,-18.89698
16480.,-0.1045472,2.809764,0.9597116,1.967417,31.42201,-24.95425,-18.70148
16490.,-0.09625537,2.840887,0.9781956,1.978522,31.47251,-24.88316,-18.5063
16500.,-0.08774257,2.872309,0.9969433,1.989867,31.5226,-24.81176,-18.31143
16510.,-0.07900971,2.904029,1.015953,2.00145,31.57229,-24.74004,-18.11688
16520.,-0.07005765,2.936046,1.035224,2.01327,31.62158,-24.66802,-17.92265
16530.,-0.06088727,2.968357,1.054755,2.025327,31.67049,-24.59568,-17.72873
16540.,-0.05149941,3.000961,1.074544,2.037619,31.71901,-24.52305,-17.53513
16550.,-0.04189493,3.033857,1.09459,2.050144,31.76715,-24.45011,-17.34184
16560.,-0.03207465,3.067041,1.114892,2.062903,31.81493,-24.37688,-17.14887
16570.,-0.02203878,3.100356,1.135322,2.075896,31.86234,-24.30374,-16.93769
16580.,-0.01178875,3.133736,1.155828,2.089123,31.9094,-24.23085,-16.71954
16590.,-0.001326621,3.167182,1.17641,2.102584,31.95612,-24.15821,-16.50182
16600.,0.00934558,3.200693,1.197066,2.116276,32.00249,-24.08581,-16.28453
16610.,0.02022585,3.234268,1.217797,2.130196,32.04853,-24.01365,-16.06767
16620.,0.03131219,3.267906,1.238602,2.144343,32.09422,-23.94173,-15.85124
16630.,0.04260266,3.301607,1.259479,2.158714,32.13959,-23.87005,-15.63523
16640.,0.05409529,3.33537,1.280428,2.173307,32.18464,-23.7986,-15.41965
16650.,0.06578817,3.369193,1.301448,2.188121,32.22936,-23.72739,-15.20449
16660.,0.07767939,3.403078,1.322539,2.203152,32.27376,-23.6564,-14.98976
16670.,0.08976706,3.437022,1.3437,2.218399,32.31786,-23.58565,-14.77545
16680.,0.1020493,3.471025,1.36493,2.23386,32.36164,-23.51512,-14.56155
16690.,0.1145243,3.505087,1.386229,2.249532,32.40511,-23.44481,-14.34808
16700.,0.1271902,3.539207,1.407595,2.265414,32.44829,-23.37473,-14.13502
16710.,0.1400453,3.573385,1.429029,2.281504,32.49117,-23.30486,-13.92238
16720.,0.1530876,3.607619,1.450529,2.297799,32.53375,-23.23522,-13.71015
16730.,0.1663155,3.641909,1.472096,2.314297,32.57604,-23.16578,-13.49834
16740.,0.1797272,3.676254,1.493727,2.330997,32.61805,-23.09656,-13.28694
16750.,0.1933209,3.710654,1.515423,2.347897,32.65978,-23.02756,-13.07595
16760.,0.2070949,3.745109,1.537183,2.364995,32.70122,-22.95876,-12.86538
16770.,0.2210476,3.779617,1.559007,2.382288,32.74239,-22.89017,-12.65521
16780.,0.2351773,3.814178,1.580893,2.399775,32.78329,-22.82178,-12.44545
16790.,0.2494823,3.848791,1.602842,2.417455,32.82393,-22.7536,-12.23609
16800.,0.2639608,3.883457,1.624852,2.435325,32.86429,-22.68562,-12.02714
16810.,0.2786115,3.918173,1.646923,2.453383,32.9044,-22.61783,-11.8186
16820.,0.2934325,3.952941,1.669055,2.471627,32.94425,-22.55025,-11.61045
16830.,0.3084223,3.987759,1.691247,2.490057,32.98384,-22.48286,-11.40271
16840.,0.3235793,4.022626,1.713498,2.50867,33.02319,-22.41567,-11.19537
16850.,0.338902,4.057542,1.735807,2.527464,33.06228,-22.34866,-10.98843
16860.,0.3543888,4.092508,1.758175,2.546437,33.10113,-22.28185,-10.78189
16870.,0.3700382,4.127521,1.780601,2.565589,33.13974,-22.21522,-10.57574
16880.,0.3858486,4.162582,1.803084,2.584916,33.17812,-22.14878,-10.36998
16890.,0.4018186,4.197689,1.825623,2.604418,33.21626,-22.08253,-10.16463
16900.,0.4179467,4.232844,1.848218,2.624093,33.25416,-22.01646,-9.959659
16910.,0.4342314,4.268044,1.870869,2.643939,33.29184,-21.95056,-9.755084
16920.,0.4506713,4.30329,1.893576,2.663955,33.32929,-21.88485,-9.5509
16930.,0.4672648,4.338581,1.916336,2.684138,33.36652,-21.81932,-9.347104
16940.,0.4840107,4.373916,1.939151,2.704488,33.40353,-21.75396,-9.143696
16950.,0.5009074,4.409296,1.962019,2.725003,33.44032,-21.68877,-8.940675
16960.,0.5179536,4.444719,1.984941,2.74568,33.4769,-21.62376,-8.738039
16970.,0.535148,4.480186,2.007915,2.76652,33.51327,-21.55892,-8.535787
16980.,0.552489,4.515695,2.030941,2.78752,33.54943,-21.49424,-8.333918
16990.,0.5699755,4.551246,2.054019,2.808678,33.58538,-21.42974,-8.13243
17000.,0.587606,4.58684,2.077148,2.829993,33.62114,-21.3654,-7.931322
17010.,0.6053792,4.622474,2.100328,2.851464,33.65669,-21.30122,-7.730594
17020.,0.6232939,4.65815,2.123558,2.873089,33.69204,-21.23721,-7.530243
17030.,0.6413487,4.693866,2.146838,2.894867,33.7272,-21.17335,-7.330269
17040.,0.6595404,4.729547,2.170138,2.916788,33.76219,-21.10995,-7.187856
17050.,0.6778645,4.765084,2.193414,2.938832,33.79702,-21.04741,-7.128987
17060.,0.6963186,4.800477,2.216666,2.960986,33.83171,-20.98573,-7.070102
17070.,0.7149002,4.835727,2.239892,2.983246,33.86625,-20.9249,-7.011202
17080.,0.733607,4.870833,2.263092,3.005612,33.90065,-20.86491,-6.952289
17090.,0.7524365,4.905796,2.286264,3.028081,33.93489,-20.80575,-6.893362
17100.,0.7713863,4.940615,2.309408,3.05065,33.969,-20.74741,-6.834425
17110.,0.7904542,4.975292,2.332523,3.073318,34.00295,-20.68988,-6.775476
17120.,0.8096378,5.009826,2.355607,3.096082,34.03677,-20.63316,-6.716518
17130.,0.8289347,5.044218,2.378661,3.11894,34.07044,-20.57722,-6.657552
17140.,0.8483429,5.078467,2.401682,3.14189,34.10397,-20.52208,-6.598578
17150.,0.8678599,5.112575,2.424671,3.16493,34.13735,-20.46771,-6.539597
17160.,0.8874836,5.14654,2.447626,3.188058,34.1706,-20.41411,-6.480611
17170.,0.9072118,5.180364,2.470546,3.211272,34.2037,-20.36126,-6.421621
17180.,0.9270422,5.214046,2.493431,3.234569,34.23667,-20.30917,-6.362627
17190.,0.9469729,5.247587,2.51628,3.257949,34.2695,-20.25782,-6.30363
17200.,0.9670015,5.280987,2.539092,3.281408,34.30219,-20.20721,-6.244631
17210.,0.987126,5.314246,2.561866,3.304945,34.33474,-20.15732,-6.185632
17220.,1.007344,5.347364,2.584601,3.328558,34.36715,-20.10816,-6.126632
17230.,1.027655,5.380342,2.607297,3.352245,34.39943,-20.0597,-6.067634
17240.,1.048054,5.41318,2.629953,3.376004,34.43157,-20.01194,-6.008638
17250.,1.068542,5.445878,2.652568,3.399833,34.46358,-19.96488,-5.949644
17260.,1.089115,5.478436,2.675142,3.423731,34.49545,-19.91851,-5.890654
17270.,1.109772,5.510855,2.697672,3.447695,34.52719,-19.87282,-5.831669
17280.,1.130511,5.543134,2.72016,3.471724,34.5588,-19.8278,-5.772689
17290.,1.151329,5.575274,2.742604,3.495816,34.59027,-19.78344,-5.713715
17300.,1.172225,5.607276,2.765003,3.519969,34.62161,-19.73975,-5.654748
17310.,1.193198,5.639139,2.787357,3.544182,34.65283,-19.6967,-5.595789
17320.,1.214244,5.670863,2.809665,3.568452,34.68391,-19.65429,-5.536838
17330.,1.235363,5.702449,2.831926,3.592778,34.71486,-19.61252,-5.477897
17340.,1.256552,5.733898,2.85414,3.617158,34.74568,-19.57138,-5.418966
17350.,1.27781,5.765208,2.876306,3.641591,34.77637,-19.53087,-5.360047
17360.,1.299135,5.796381,2.898423,3.666075,34.80694,-19.49096,-5.301138
17370.,1.320524,5.827417,2.920491,3.690608,34.83737,-19.45167,-5.242243
17380.,1.341977,5.858316,2.942509,3.715189,34.86768,-19.41297,-5.18336
17390.,1.363492,5.889078,2.964477,3.739816,34.89787,-19.37487,-5.124492
17400.,1.385066,5.919704,2.986393,3.764487,34.92793,-19.33736,-5.065638
17410.,1.406698,5.950193,3.008257,3.789201,34.95786,-19.30043,-5.006799
17420.,1.428387,5.980547,3.030069,3.813956,34.98767,-19.26408,-4.947977
17430.,1.45013,6.010764,3.051828,3.838751,35.01735,-19.2283,-4.889172
17440.,1.471927,6.040846,3.073533,3.863584,35.04691,-19.19307,-4.830383
17450.,1.493775,6.070793,3.095185,3.888454,35.07635,-19.15841,-4.771614
17460.,1.515673,6.100604,3.116781,3.913359,35.10567,-19.12429,-4.712863
17470.,1.53762,6.130281,3.138322,3.938298,35.13486,-19.09072,-4.654131
17480.,1.559613,6.159823,3.159807,3.963269,35.16393,-19.05769,-4.59542
17490.,1.581651,6.189231,3.181236,3.988271,35.19288,-19.02519,-4.536729
17500.,1.603733,6.218505,3.202608,4.013302,35.22171,-18.99322,-4.47806
17510.,1.625857,6.247623,3.223922,4.038358,35.25043,-18.96182,-4.445583
17520.,1.648022,6.276387,3.245181,4.063401,35.27904,-18.93152,-4.652979
17530.,1.670226,6.304799,3.266382,4.088395,35.30755,-18.90231,-4.860875
17540.,1.692466,6.33286,3.287523,4.11334,35.33595,-18.87416,-5.069277
17550.,1.71474,6.360572,3.308603,4.138233,35.36425,-18.84707,-5.278187
17560.,1.737045,6.387935,3.32962,4.163073,35.39245,-18.82103,-5.487609
17570.,1.759378,6.414951,3.350573,4.187858,35.42054,-18.79602,-5.697547
17580.,1.781737,6.441621,3.37146,4.212586,35.44852,-18.77204,-5.908005
17590.,1.80412,6.467947,3.392279,4.237256,35.4764,-18.74907,-6.118985
17600.,1.826524,6.49393,3.413029,4.261865,35.50416,-18.7271,-6.330493
17610.,1.848946,6.519571,3.433709,4.286413,35.53182,-18.70612,-6.542532
17620.,1.871384,6.544872,3.454316,4.310898,35.55937,-18.68612,-6.755105
17630.,1.893836,6.569834,3.474849,4.335318,35.58681,-18.66709,-6.968217
17640.,1.9163,6.594458,3.495308,4.359671,35.61414,-18.64901,-7.181871
17650.,1.938772,6.618745,3.51569,4.383956,35.64135,-18.63188,-7.396071
17660.,1.961252,6.642697,3.535993,4.408171,35.66846,-18.61569,-7.610822
17670.,1.983736,6.666315,3.556217,4.432315,35.69545,-18.60043,-7.826127
17680.,2.006222,6.6896,3.576361,4.456387,35.72232,-18.58608,-8.041989
17690.,2.028709,6.712554,3.596422,4.480384,35.74908,-18.57264,-8.258414
17700.,2.051193,6.735178,3.616399,4.504306,35.77573,-18.56009,-8.475405
17710.,2.073674,6.757472,3.636291,4.52815,35.80226,-18.54843,-8.692966
17720.,2.096147,6.779438,3.656097,4.551916,35.82867,-18.53765,-8.911102
17730.,2.118613,6.801078,3.675815,4.575602,35.85497,-18.52773,-9.129816
17740.,2.141067,6.822393,3.695445,4.599207,35.88115,-18.51867,-9.349112
17750.,2.163509,6.843383,3.714984,4.622729,35.90722,-18.51046,-9.568995
17760.,2.185937,6.864051,3.734431,4.646167,35.93316,-18.50309,-9.78947
17770.,2.208347,6.884396,3.753786,4.669519,35.95899,-18.49655,-10.01054
17780.,2.230739,6.904422,3.773047,4.692785,35.98469,-18.49083,-10.23221
17790.,2.25311,6.924127,3.792213,4.715963,36.01028,-18.48592,-10.45448
17800.,2.275459,6.943515,3.811282,4.739051,36.03574,-18.48182,-10.67736
17810.,2.297783,6.962585,3.830254,4.762049,36.06109,-18.47851,-10.90085
17820.,2.320081,6.98134,3.849127,4.784955,36.08631,-18.47598,-11.12496
17830.,2.34235,6.99978,3.8679,4.807768,36.11141,-18.47424,-11.3497
17840.,2.364589,7.017907,3.886572,4.830486,36.13639,-18.47326,-11.57505
17850.,2.386796,7.035721,3.905142,4.853109,36.16125,-18.47305,-11.80104
17860.,2.408969,7.053223,3.923609,4.875636,36.18598,-18.47359,-12.02766
17870.,2.431107,7.070416,3.941972,4.898064,36.21059,-18.47487,-12.25493
17880.,2.453207,7.0873,3.960229,4.920393,36.23508,-18.47689,-12.48283
17890.,2.475268,7.103875,3.97838,4.942623,36.25944,-18.47964,-12.71139
17900.,2.497288,7.120144,3.996424,4.964751,36.28367,-18.48311,-12.9406
17910.,2.519266,7.136108,4.014359,4.986776,36.30779,-18.4873,-13.17046
17920.,2.5412,7.151767,4.032184,5.008698,36.33177,-18.49219,-13.40099
17930.,2.563087,7.167122,4.0499,5.030516,36.35563,-18.49779,-13.63219
17940.,2.584927,7.182175,4.067503,5.052228,36.37937,-18.50407,-13.86406
17950.,2.606718,7.196927,4.084995,5.073833,36.40297,-18.51104,-14.09661
17960.,2.628458,7.211378,4.102373,5.09533,36.42645,-18.51869,-14.32984
17970.,2.650146,7.225531,4.119637,5.116719,36.44981,-18.52701,-14.56376
17980.,2.67178,7.239385,4.136786,5.137998,36.47303,-18.53599,-14.79837
17990.,2.693359,7.252822,4.153824,5.159156,36.49606,-18.54563,-15.12097
18000.,2.71488,7.265811,4.170753,5.180178,36.51888,-18.55594,-15.46812
18010.,2.736343,7.278355,4.18757,5.20106,36.54148,-18.56691,-15.81676
18020.,2.757745,7.290455,4.204275,5.221801,36.56387,-18.57852,-16.16688
18030.,2.779083,7.302114,4.220866,5.2424,36.58605,-18.59077,-16.51852
18040.,2.800357,7.313334,4.237341,5.262856,36.60802,-18.60366,-16.87169
18050.,2.821564,7.324116,4.253699,5.283167,36.62977,-18.61718,-17.2264
18060.,2.842702,7.334464,4.269939,5.303332,36.65131,-18.63133,-17.58267
18070.,2.86377,7.344378,4.286059,5.323351,36.67264,-18.64609,-17.94052
18080.,2.884766,7.353862,4.302059,5.343222,36.69377,-18.66147,-18.29996
18090.,2.905687,7.362916,4.317936,5.362945,36.71468,-18.67746,-18.661
18100.,2.926533,7.371544,4.33369,5.382518,36.73538,-18.69404,-19.02368
18110.,2.9473,7.379747,4.349319,5.40194,36.75587,-18.71122,-19.38799
18120.,2.967989,7.387526,4.364822,5.42121,36.77616,-18.729,-19.75397
18130.,2.988596,7.394885,4.380198,5.440327,36.79623,-18.74736,-20.12162
18140.,3.009121,7.401824,4.395445,5.45929,36.8161,-18.76629,-20.49097
18150.,3.029561,7.408346,4.410563,5.478099,36.83576,-18.78581,-20.86203
18160.,3.049915,7.414453,4.42555,5.496752,36.85522,-18.80589,-21.23482
18170.,3.070181,7.420147,4.440405,5.515249,36.87447,-18.82654,-21.60937
18180.,3.090358,7.425429,4.455127,5.533587,36.89351,-18.84775,-21.98569
18190.,3.110444,7.430302,4.469715,5.551768,36.91235,-18.86951,-22.36379
18200.,3.130438,7.434767,4.484168,5.569789,36.93098,-18.89182,-22.74371
18210.,3.150337,7.438825,4.498484,5.58765,36.94941,-18.91468,-23.12546
18220.,3.170141,7.44248,4.512663,5.60535,36.96763,-18.93808,-23.50905
18230.,3.189848,7.445732,4.526703,5.622887,36.98565,-18.96201,-23.89452
18240.,3.209457,7.448584,4.540603,5.640262,37.00346,-18.98647,-24.28189
18250.,3.228965,7.451037,4.554363,5.657474,37.02108,-19.01146,-24.67116
18260.,3.248372,7.453094,4.567982,5.674521,37.03849,-19.03697,-25.06238
18270.,3.267676,7.454755,4.581458,5.691403,37.0557,-19.063,-25.45555
18280.,3.286876,7.456022,4.59479,5.708119,37.0727,-19.08955,-25.8507
18290.,3.30597,7.456898,4.607978,5.724668,37.08951,-19.1166,-26.24786
18300.,3.324957,7.457383,4.62102,5.74105,37.10611,-19.14415,-26.64704
18310.,3.343836,7.457481,4.633915,5.757264,37.12252,-19.17221,-27.04828
18320.,3.362605,7.457192,4.646664,5.773309,37.13872,-19.20076,-27.45159
18330.,3.381263,7.456517,4.659264,5.789184,37.15473,-19.22981,-27.85701
18340.,3.399808,7.45546,4.671715,5.804888,37.17053,-19.25934,-28.26455
18350.,3.41824,7.45402,4.684016,5.820422,37.18614,-19.28936,-28.67424
18360.,3.436558,7.452201,4.696166,5.835784,37.20155,-19.31985,-29.08612
18370.,3.454759,7.450003,4.708164,5.850973,37.21676,-19.35083,-29.50019
18380.,3.472842,7.447428,4.720009,5.86599,37.23178,-19.38227,-29.9165
18390.,3.490808,7.444478,4.731702,5.880832,37.24659,-19.41419,-30.33507
18400.,3.508653,7.441155,4.743239,5.895501,37.26122,-19.44657,-30.75593
18410.,3.526378,7.437459,4.754622,5.909994,37.27564,-19.47941,-31.1791
18420.,3.54398,7.433393,4.765849,5.924312,37.28987,-19.51271,-31.60462
18430.,3.561459,7.428958,4.77692,5.938454,37.3039,-19.54646,-32.03252
18440.,3.578814,7.424155,4.787833,5.952419,37.31774,-19.58067,-32.46283
18450.,3.596044,7.418986,4.798588,5.966206,37.33139,-19.61532,-32.89557
18460.,3.613147,7.413644,4.809229,5.979833,37.34485,-19.6503,-33.15815
18470.,3.630124,7.408332,4.819804,5.993333,37.35815,-19.6855,-33.2361
18480.,3.646975,7.40305,4.830313,6.006725,37.37129,-19.72089,-33.3142
18490.,3.663699,7.397797,4.840755,6.020009,37.38427,-19.7565,-33.39245
18500.,3.680298,7.392571,4.851131,6.033184,37.39708,-19.79231,-33.47085
18510.,3.696771,7.38737,4.861439,6.046251,37.40974,-19.82832,-33.54939
18520.,3.713119,7.382194,4.871679,6.05921,37.42224,-19.86453,-33.62809
18530.,3.729342,7.377042,4.881851,6.072061,37.43459,-19.90094,-33.70693
18540.,3.745439,7.371911,4.891955,6.084803,37.44677,-19.93755,-33.78593
18550.,3.761412,7.366801,4.90199,6.097438,37.45881,-19.97436,-33.86507
18560.,3.777261,7.36171,4.911956,6.109965,37.47069,-20.01136,-33.94437
18570.,3.792985,7.356638,4.921853,6.122383,37.48242,-20.04856,-34.02382
18580.,3.808584,7.351582,4.93168,6.134694,37.494,-20.08595,-34.10342
18590.,3.82406,7.346543,4.941437,6.146897,37.50542,-20.12353,-34.18317
18600.,3.839413,7.341518,4.951124,6.158992,37.5167,-20.1613,-34.26308
18610.,3.854641,7.336507,4.96074,6.170979,37.52784,-20.19926,-34.34313
18620.,3.869747,7.331508,4.970285,6.182859,37.53882,-20.23741,-34.42335
18630.,3.884729,7.326521,4.979759,6.194631,37.54966,-20.27574,-34.50371
18640.,3.899589,7.321543,4.989162,6.206295,37.56036,-20.31426,-34.58423
18650.,3.914326,7.316575,4.998492,6.217852,37.57091,-20.35297,-34.66491
18660.,3.92894,7.311615,5.007751,6.229302,37.58132,-20.39185,-34.74574
18670.,3.943433,7.306662,5.016938,6.240644,37.59159,-20.43092,-34.82672
18680.,3.957803,7.301714,5.026051,6.251879,37.60172,-20.47017,-34.90786
18690.,3.972052,7.296771,5.035092,6.263007,37.61171,-20.5096,-34.98916
18700.,3.986178,7.291832,5.04406,6.274028,37.62156,-20.5492,-35.07061
18710.,4.000184,7.286896,5.052955,6.284942,37.63128,-20.58899,-35.15223
18720.,4.014069,7.281962,5.061776,6.295749,37.64085,-20.62895,-35.23399
18730.,4.027832,7.277028,5.070523,6.306448,37.65029,-20.66908,-35.31592
18740.,4.041475,7.272094,5.079197,6.317041,37.6596,-20.70939,-35.398
18750.,4.054998,7.267159,5.087795,6.327528,37.66878,-20.74987,-35.48025
18760.,4.0684,7.262222,5.09632,6.337908,37.67782,-20.79053,-35.56265
18770.,4.081682,7.257281,5.10477,6.348181,37.68673,-20.83135,-35.64521
18780.,4.094845,7.252337,5.113144,6.358348,37.69551,-20.87235,-35.72793
18790.,4.107887,7.247387,5.121444,6.368408,37.70415,-20.91351,-35.81081
18800.,4.120811,7.242432,5.129668,6.378362,37.71267,-20.95484,-35.89386
18810.,4.133615,7.237469,5.137817,6.38821,37.72106,-20.99634,-35.97706
18820.,4.1463,7.232499,5.14589,6.397952,37.72933,-21.03801,-36.06042
18830.,4.158867,7.227521,5.153886,6.407588,37.73746,-21.07984,-36.14395
18840.,4.171315,7.222533,5.161807,6.417118,37.74548,-21.12183,-36.22764
18850.,4.183645,7.217534,5.169652,6.426542,37.75336,-21.16399,-36.31149
18860.,4.195857,7.212525,5.177419,6.435861,37.76112,-21.20631,-36.3955
18870.,4.207951,7.207504,5.185111,6.445074,37.76876,-21.24879,-36.47968
18880.,4.219927,7.202469,5.192725,6.454181,37.77628,-21.29143,-36.56402
18890.,4.231786,7.197421,5.200262,6.463183,37.78367,-21.33423,-36.64853
18900.,4.243528,7.192359,5.207722,6.47208,37.79094,-21.3772,-36.7332
18910.,4.255153,7.187281,5.215104,6.480871,37.7981,-21.42031,-36.81804
18920.,4.266661,7.182188,5.222409,6.489558,37.80513,-21.46359,-36.90304
18930.,4.278053,7.177085,5.229637,6.498141,37.81205,-21.507,-36.97308
18940.,4.289328,7.172011,5.236794,6.506628,37.81892,-21.55039,-36.97144
18950.,4.300489,7.166963,5.243879,6.515028,37.82573,-21.59376,-36.96986
18960.,4.311534,7.161943,5.250893,6.52334,37.83248,-21.63713,-36.96834
18970.,4.322466,7.156948,5.257836,6.531564,37.83918,-21.68049,-36.96688
18980.,4.333284,7.151978,5.264708,6.539701,37.84581,-21.72383,-36.96548
18990.,4.34399,7.147032,5.27151,6.547752,37.8524,-21.76717,-36.96415
19000.,4.354584,7.14211,5.278242,6.555717,37.85892,-21.8105,-36.96287
19010.,4.365066,7.13721,5.284903,6.563595,37.86539,-21.85382,-36.96166
19020.,4.375437,7.132333,5.291495,6.571389,37.8718,-21.89714,-36.96051
19030.,4.385699,7.127477,5.298017,6.579097,37.87816,-21.94045,-36.95941
19040.,4.39585,7.122641,5.30447,6.58672,37.88447,-21.98376,-36.95838
19050.,4.405893,7.117825,5.310853,6.594259,37.89071,-22.02706,-36.95741
19060.,4.415827,7.113029,5.317168,6.601715,37.89691,-22.07036,-36.95649
19070.,4.425654,7.108251,5.323414,6.609086,37.90305,-22.11366,-36.95564
19080.,4.435374,7.103491,5.329592,6.616374,37.90914,-22.15696,-36.95484
19090.,4.444987,7.098748,5.335701,6.62358,37.91517,-22.20025,-36.9541
19100.,4.454494,7.094022,5.341742,6.630702,37.92115,-22.24355,-36.95342
19110.,4.463896,7.089312,5.347716,6.637743,37.92708,-22.28685,-36.9528
19120.,4.473192,7.084616,5.353621,6.644702,37.93295,-22.33015,-36.95224
19130.,4.482385,7.079936,5.35946,6.651579,37.93877,-22.37345,-36.95173
19140.,4.491474,7.075269,5.365231,6.658375,37.94454,-22.41676,-36.95129
19150.,4.50046,7.070616,5.370935,6.66509,37.95026,-22.46007,-36.9509
19160.,4.509343,7.065975,5.376573,6.671724,37.95592,-22.50338,-36.95056
19170.,4.518125,7.061346,5.382143,6.678279,37.96154,-22.5467,-36.95029
19180.,4.526804,7.056729,5.387648,6.684753,37.9671,-22.59003,-36.95007
19190.,4.535383,7.052123,5.393086,6.691148,37.97261,-22.63336,-36.9499
19200.,4.543862,7.047527,5.398458,6.697464,37.97807,-22.6767,-36.94979
19210.,4.552241,7.042941,5.403764,6.703701,37.98348,-22.72005,-36.94974
19220.,4.560237,7.038092,5.408721,6.709568,37.74283,-22.76357,-36.94902
19230.,4.567408,7.032547,5.412873,6.714607,37.35711,-22.80759,-36.93385
19240.,4.573596,7.026148,5.416063,6.718658,36.97598,-22.85231,-36.91768
19250.,4.578818,7.018912,5.418307,6.721739,36.59936,-22.89771,-36.90221
19260.,4.583091,7.010852,5.419621,6.723866,36.22717,-22.94379,-36.88742
19270.,4.586429,7.001984,5.420022,6.725055,35.85933,-22.99052,-36.8733
19280.,4.58885,6.99232,5.419525,6.725324,35.49578,-23.03789,-36.85984
19290.,4.590367,6.981877,5.418144,6.724686,35.13644,-23.0859,-36.84703
19300.,4.590996,6.970665,5.415895,6.723159,34.78123,-23.13451,-36.83485
19310.,4.590751,6.9587,5.412793,6.720756,34.43011,-23.18374,-36.8233
19320.,4.589647,6.945994,5.40885,6.717492,34.08298,-23.23355,-36.81236
19330.,4.587698,6.93256,5.404082,6.713382,33.73979,-23.28394,-36.80202
19340.,4.584917,6.91841,5.398501,6.708441,33.40048,-23.3349,-36.79228
19350.,4.581318,6.903556,5.392123,6.702681,33.06498,-23.38642,-36.78312
19360.,4.576914,6.888011,5.384959,6.696117,32.73323,-23.43847,-36.77454
19370.,4.571718,6.871787,5.377022,6.688762,32.40516,-23.49106,-36.76652
19380.,4.565744,6.854894,5.368326,6.68063,32.08073,-23.54418,-36.75905
19390.,4.559002,6.837344,5.358882,6.671732,31.75986,-23.5978,-36.75212
19400.,4.551507,6.819148,5.348703,6.662082,31.44251,-23.65192,-36.74573
19410.,4.543269,6.800327,5.33779,6.651694,31.1286,-23.70636,-36.71432
19420.,4.534301,6.780893,5.326152,6.640583,30.81808,-23.76108,-36.67948
19430.,4.524615,6.760857,5.313802,6.628763,30.5109,-23.81607,-36.64516
19440.,4.514222,6.74023,5.300752,6.616243,30.207,-23.87132,-36.61135
19450.,4.503133,6.71902,5.287012,6.603037,29.90633,-23.92683,-36.57804
19460.,4.49136,6.697238,5.272594,6.589156,29.60885,-23.9826,-36.54523
19470.,4.478914,6.674895,5.257508,6.57461,29.31449,-24.03861,-36.51289
19480.,4.465805,6.651998,5.241766,6.559411,29.02322,-24.09486,-36.48103
19490.,4.452043,6.628558,5.225379,6.543569,28.73499,-24.15134,-36.44963
19500.,4.437641,6.604585,5.208356,6.527095,28.44975,-24.20804,-36.41869
19510.,4.422606,6.580085,5.190707,6.51,28.16745,-24.26497,-36.3882
19520.,4.40695,6.55507,5.172444,6.492293,27.88805,-24.32211,-36.35815
19530.,4.390683,6.529547,5.153575,6.473984,27.6115,-24.37946,-36.32854
19540.,4.373813,6.503524,5.13411,6.455084,27.33777,-24.43701,-36.29935
19550.,4.35635,6.477011,5.114059,6.435602,27.06681,-24.49476,-36.27057
19560.,4.338305,6.450014,5.093431,6.415547,26.79857,-24.5527,-36.24221
19570.,4.319685,6.422544,5.072235,6.394929,26.53302,-24.61084,-36.21425
19580.,4.3005,6.394606,5.05048,6.373756,26.27012,-24.66915,-36.18669
19590.,4.280759,6.366209,5.028176,6.352039,26.00982,-24.72764,-36.15952
19600.,4.26047,6.337361,5.00533,6.329785,25.7521,-24.78631,-36.13273
19610.,4.239642,6.308069,4.981952,6.307004,25.4969,-24.84514,-36.10632
19620.,4.218284,6.278341,4.95805,6.283703,25.2442,-24.90414,-36.08028
19630.,4.196403,6.248183,4.933631,6.259891,24.99396,-24.9633,-36.0546
19640.,4.174007,6.217602,4.908704,6.235577,24.74613,-25.02261,-36.02927
19650.,4.151106,6.186606,4.883278,6.210768,24.50069,-25.08207,-36.0043
19660.,4.127706,6.155202,4.857359,6.185473,24.25761,-25.14169,-35.97967
19670.,4.103815,6.123396,4.830956,6.159698,24.01683,-25.20144,-35.95538
19680.,4.079441,6.091194,4.804076,6.133453,23.77835,-25.26134,-35.93142
19690.,4.054591,6.058603,4.776726,6.106743,23.54211,-25.32137,-35.90778
19700.,4.029273,6.02563,4.748914,6.079578,23.30809,-25.38153,-35.88447
19710.,4.003493,5.992281,4.720648,6.051963,23.07626,-25.44183,-35.86147
19720.,3.977259,5.958561,4.691933,6.023907,22.84659,-25.50224,-35.83878
19730.,3.950578,5.924478,4.662778,5.995415,22.61903,-25.56278,-35.8164
19740.,3.923457,5.890036,4.633188,5.966496,22.39358,-25.62344,-35.79431
19750.,3.895902,5.855242,4.603171,5.937155,22.17019,-25.68422,-35.77252
19760.,3.867921,5.820101,4.572734,5.9074,21.94883,-25.7451,-35.75101
19770.,3.839518,5.784619,4.541882,5.877237,21.72948,-25.8061,-35.72979
19780.,3.810702,5.748801,4.510622,5.846673,21.51211,-25.8672,-35.70884
19790.,3.781478,5.712654,4.478961,5.815714,21.2967,-25.9284,-35.68817
19800.,3.751853,5.676182,4.446904,5.784365,21.0832,-25.98971,-35.66777
19810.,3.721832,5.63939,4.414458,5.752634,20.87161,-26.05111,-35.64763
19820.,3.691422,5.602284,4.381629,5.720526,20.66188,-26.11261,-35.62775
19830.,3.660628,5.564868,4.348422,5.688048,20.45401,-26.1742,-35.60812
19840.,3.629457,5.527149,4.314843,5.655205,20.24795,-26.23588,-35.58874
19850.,3.597913,5.48913,4.280899,5.622002,20.04368,-26.29764,-35.56961
19860.,3.566004,5.450816,4.246595,5.588446,19.84119,-26.3595,-35.55072
19870.,3.533734,5.412213,4.211935,5.554542,19.64045,-26.42143,-35.53207
19880.,3.501108,5.373333,4.176927,5.520296,19.44141,-26.48327,-35.51466
19890.,3.468131,5.334187,4.141576,5.485713,19.24404,-26.54488,-35.49829
19900.,3.434809,5.294781,4.105888,5.450798,19.04832,-26.60625,-35.48214
19910.,3.401147,5.255118,4.069868,5.415558,18.85422,-26.6674,-35.46621
19920.,3.367151,5.215204,4.033522,5.379997,18.66173,-26.72832,-35.4505
19930.,3.332826,5.175043,3.996855,5.344121,18.47083,-26.78901,-35.435
19940.,3.298178,5.134639,3.959872,5.307935,18.28148,-26.84947,-35.4197
19950.,3.263211,5.093996,3.922578,5.271445,18.09368,-26.90971,-35.40461
19960.,3.227931,5.053119,3.884979,5.234655,17.9074,-26.96972,-35.38971
19970.,3.192343,5.012012,3.847079,5.19757,17.72262,-27.02951,-35.37501
19980.,3.156452,4.970679,3.808884,5.160196,17.53932,-27.08908,-35.3605
19990.,3.120262,4.929124,3.770398,5.122538,17.35748,-27.14843,-35.34618
20000.,3.083779,4.887351,3.731626,5.084599,17.17709,-27.20756,-35.33205
20010.,3.047008,4.845365,3.692572,5.046386,16.99812,-27.26648,-35.31809
20020.,3.009952,4.803168,3.653242,5.007902,16.82056,-27.32517,-35.30431
20030.,2.972617,4.760764,3.61364,4.969152,16.64438,-27.38365,-35.29071
20040.,2.935007,4.718158,3.57377,4.930141,16.46958,-27.44192,-35.27727
20050.,2.897126,4.675353,3.533637,4.890873,16.29613,-27.49997,-35.26401
20060.,2.85898,4.632353,3.493245,4.851352,16.12401,-27.55781,-35.2509
20070.,2.820571,4.589161,3.452599,4.811583,15.95322,-27.61545,-35.23796
20080.,2.781906,4.54578,3.411702,4.77157,15.78372,-27.67287,-35.22517
20090.,2.742987,4.502215,3.370559,4.731317,15.61551,-27.73008,-35.21254
20100.,2.70382,4.458468,3.329174,4.690828,15.44857,-27.78709,-35.20006
20110.,2.664407,4.414544,3.28755,4.650108,15.28288,-27.84389,-35.18772
20120.,2.624753,4.370444,3.245693,4.60916,15.11843,-27.90049,-35.17553
20130.,2.584863,4.326173,3.203605,4.567988,14.9552,-27.95688,-35.16348
20140.,2.544739,4.281733,3.161292,4.526597,14.79318,-28.01308,-35.15158
20150.,2.504387,4.237128,3.118755,4.484989,14.63235,-28.06907,-35.1398
20160.,2.463808,4.192361,3.076,4.443169,14.47269,-28.12486,-35.12817
20170.,2.423009,4.147435,3.03303,4.40114,14.3142,-28.18045,-35.11666
20180.,2.381991,4.102352,2.989848,4.358906,14.15685,-28.23585,-35.10528
20190.,2.340759,4.057117,2.946458,4.316471,14.00064,-28.29105,-35.09402
20200.,2.299316,4.011731,2.902864,4.273838,13.84555,-28.34606,-35.08289
20210.,2.257666,3.966198,2.859069,4.23101,13.69156,-28.40087,-35.07188
20220.,2.215812,3.92052,2.815077,4.187992,13.53866,-28.45549,-35.06098
20230.,2.173758,3.8747,2.77089,4.144786,13.38685,-28.50992,-35.0502
20240.,2.131507,3.828741,2.726513,4.101395,13.23609,-28.56416,-35.03954
20250.,2.089063,3.782646,2.681948,4.057824,13.0864,-28.61821,-35.02898
20260.,2.046428,3.736417,2.637198,4.014074,12.93774,-28.67207,-35.01853
20270.,2.003606,3.690057,2.592268,3.97015,12.7901,-28.72574,-35.00819
20280.,1.9606,3.643568,2.54716,3.926055,12.64349,-28.77923,-34.99794
20290.,1.917413,3.596953,2.501876,3.881791,12.49787,-28.83253,-34.9878
20300.,1.874049,3.550215,2.456421,3.837362,12.35325,-28.88565,-34.97776
20310.,1.83051,3.503355,2.410797,3.792771,12.2096,-28.93859,-34.96781
20320.,1.786799,3.456377,2.365007,3.74802,12.06692,-28.99135,-34.95796
20330.,1.74292,3.409282,2.319055,3.703112,11.9252,-29.04393,-34.9482
20340.,1.698875,3.362074,2.272942,3.658051,11.78442,-29.09632,-34.93853
20350.,1.654667,3.314758,2.226674,3.612839,11.64457,-29.14848,-34.93344
20360.,1.610299,3.267351,2.180266,3.567477,11.50563,-29.20021,-34.94196
20370.,1.565775,3.219854,2.133719,3.521967,11.36758,-29.2515,-34.95055
20380.,1.521097,3.17227,2.087036,3.476312,11.23043,-29.30238,-34.95923
20390.,1.476269,3.124601,2.040221,3.430514,11.09415,-29.35283,-34.968
20400.,1.431293,3.076849,1.993276,3.384578,10.95874,-29.40287,-34.97684
20410.,1.386173,3.029018,1.946203,3.338505,10.82419,-29.4525,-34.98575
20420.,1.340911,2.981108,1.899006,3.292299,10.69048,-29.50171,-34.99475
20430.,1.295509,2.933122,1.851687,3.245962,10.55761,-29.55053,-35.00381
20440.,1.249972,2.885062,1.804249,3.199497,10.42558,-29.59893,-35.01295
20450.,1.204301,2.836931,1.756695,3.152908,10.29436,-29.64694,-35.02215
20460.,1.1585,2.78873,1.709026,3.106196,10.16395,-29.69456,-35.03143
20470.,1.112571,2.740461,1.661246,3.059364,10.03435,-29.74178,-35.04077
20480.,1.066516,2.692127,1.613356,3.012415,9.905532,-29.78861,-35.05017
20490.,1.020339,2.643729,1.565361,2.965352,9.777502,-29.83506,-35.05963
20500.,0.9740421,2.59527,1.517261,2.918177,9.650247,-29.88113,-35.06915
20510.,0.9276273,2.54675,1.469059,2.870892,9.523759,-29.92681,-35.07874
20520.,0.8810975,2.498173,1.420758,2.823501,9.398029,-29.97213,-35.08837
20530.,0.8346977,2.449772,1.372604,2.776254,9.554919,-30.01692,-35.10326
20540.,0.7887679,2.401877,1.324943,2.729501,9.822673,-30.06069,-35.13866
20550.,0.7434019,2.354584,1.277869,2.683335,10.08763,-30.1033,-35.17413
20560.,0.6985955,2.307886,1.231377,2.637752,10.34981,-30.14475,-35.20921
20570.,0.6543447,2.261781,1.185464,2.592748,10.60923,-30.18506,-35.2439
20580.,0.6106453,2.216263,1.140124,2.548317,10.86593,-30.22423,-35.27821
20590.,0.5674933,2.171327,1.095353,2.504457,11.11993,-30.26229,-35.31214
20600.,0.5248845,2.12697,1.051147,2.461161,11.37124,-30.29925,-35.3457
20610.,0.4828148,2.083187,1.007501,2.418426,11.61989,-30.3351,-35.37888
20620.,0.4412801,2.039974,0.9644114,2.376248,11.86591,-30.36988,-35.41169
20630.,0.4002763,1.997325,0.9218736,2.334621,12.10931,-30.40358,-35.44414
20640.,0.3597995,1.955237,0.8798832,2.293541,12.35013,-30.43622,-35.47621
20650.,0.3198454,1.913705,0.8384359,2.253005,12.58838,-30.46782,-35.50793
20660.,0.28041,1.872724,0.7975275,2.213007,12.82409,-30.49837,-35.53929
20670.,0.2414894,1.832291,0.7571534,2.173543,13.05728,-30.5279,-35.57029
20680.,0.2030794,1.792401,0.7173096,2.13461,13.28797,-30.55641,-35.60095
20690.,0.165176,1.75305,0.6779917,2.096201,13.51619,-30.58391,-35.63125
20700.,0.1277752,1.714233,0.6391955,2.058314,13.74195,-30.61042,-35.6612
20710.,0.09087302,1.675945,0.6009167,2.020944,13.96529,-30.63594,-35.69081
20720.,0.05446546,1.638184,0.5631512,1.984086,14.18622,-30.66049,-35.72008
20730.,0.01854853,1.600944,0.5258946,1.947737,14.40476,-30.68407,-35.74901
20740.,-0.01688173,1.564221,0.4891428,1.911892,14.62094,-30.7067,-35.77761
20750.,-0.05182926,1.52801,0.4528917,1.876546,14.83478,-30.72839,-35.80587
20760.,-0.08629801,1.492309,0.417137,1.841696,15.0463,-30.74915,-35.83381
20770.,-0.1202919,1.457112,0.3818747,1.807337,15.25553,-30.76898,-35.86142
20780.,-0.1538148,1.422415,0.3471006,1.773466,15.46248,-30.78789,-35.8887
20790.,-0.1868706,1.388214,0.3128107,1.740077,15.66717,-30.8059,-35.91567
20800.,-0.2194632,1.354504,0.2790007,1.707167,15.86964,-30.82302,-35.94231
20810.,-0.2515965,1.321283,0.2456668,1.674732,16.06989,-30.83925,-35.96864
20820.,-0.2832743,1.288545,0.2128048,1.642768,16.26795,-30.85461,-35.99466
20830.,-0.3145001,1.256334,0.1804452,1.611271,16.4639,-30.86891,-36.01738
20840.,-0.3452773,1.224649,0.1485862,1.580237,16.65777,-30.88216,-36.0396
20850.,-0.3756093,1.193485,0.1172241,1.549663,16.84956,-30.89437,-36.06152
20860.,-0.4054993,1.162839,0.08635487,1.519546,17.0393,-30.90554,-36.08313
20870.,-0.4349507,1.132706,0.05597477,1.489882,17.22702,-30.91569,-36.10444
20880.,-0.4639668,1.103082,0.02607997,1.460667,17.41273,-30.92483,-36.12545
20890.,-0.4925507,1.073964,-0.003333335,1.431898,17.59645,-30.93297,-36.14616
20900.,-0.5207059,1.045348,-0.03226891,1.403572,17.77821,-30.94012,-36.16658
20910.,-0.5484354,1.017228,-0.06073049,1.375684,17.95802,-30.94629,-36.1867
20920.,-0.5757426,0.989603,-0.08872183,1.348232,18.1359,-30.95149,-36.20653
20930.,-0.6026306,0.9624673,-0.1162466,1.321212,18.31188,-30.95573,-36.22608
20940.,-0.6291026,0.9358174,-0.1433085,1.29462,18.48597,-30.95902,-36.24533
20950.,-0.6551619,0.9096496,-0.1699112,1.268454,18.65819,-30.96137,-36.26431
20960.,-0.6808115,0.8839599,-0.1960584,1.242709,18.82855,-30.96279,-36.283
20970.,-0.7060545,0.8587446,-0.2217536,1.217383,18.99709,-30.96329,-36.30141
20980.,-0.7308942,0.8339998,-0.2470004,1.192472,19.16382,-30.96289,-36.31955
20990.,-0.7553337,0.809722,-0.2718024,1.167973,19.32876,-30.96158,-36.33741
21000.,-0.7793759,0.7859072,-0.2961632,1.143882,19.49192,-30.95938,-36.355
21010.,-0.803024,0.7625519,-0.3200863,1.120196,19.65333,-30.9563,-36.37232
21020.,-0.826281,0.7396523,-0.3435751,1.096912,19.813,-30.95235,-36.38937
21030.,-0.84915,0.7172049,-0.3666332,1.074027,19.97095,-30.94754,-36.40616
21040.,-0.8716339,0.6952059,-0.389264,1.051537,20.1272,-30.94187,-36.42268
21050.,-0.8937358,0.6736518,-0.4114709,1.02944,20.28178,-30.93536,-36.43894
21060.,-0.9154585,0.652539,-0.4332574,1.007732,20.43468,-30.92801,-36.45494
21070.,-0.9368052,0.631864,-0.4546268,0.9864091,20.58594,-30.91983,-36.47069
21080.,-0.9577787,0.6116232,-0.4755825,0.9654694,20.73558,-30.91084,-36.48617
21090.,-0.9783819,0.5918132,-0.4961277,0.9449095,20.8836,-30.90104,-36.50141
21100.,-0.9986177,0.5724304,-0.5162659,0.9247262,21.03003,-30.89044,-36.5164
21110.,-1.018489,0.5534714,-0.5360003,0.9049164,21.17488,-30.87904,-36.53113
21120.,-1.037999,0.5349329,-0.5553341,0.8854771,21.31817,-30.86686,-36.54562
21130.,-1.057149,0.5168114,-0.5742706,0.8664053,21.45992,-30.85391,-36.55987
21140.,-1.075944,0.4991035,-0.592813,0.847698,21.60014,-30.84018,-36.57387
21150.,-1.094386,0.481806,-0.6109646,0.8293522,21.73886,-30.8257,-36.58763
21160.,-1.112477,0.4649154,-0.6287283,0.811365,21.87608,-30.81047,-36.60115
21170.,-1.130221,0.4484286,-0.6461075,0.7937335,22.01183,-30.7945,-36.61444
21180.,-1.147619,0.4323421,-0.6631051,0.7764547,22.14612,-30.77779,-36.62749
21190.,-1.164675,0.4166529,-0.6797243,0.7595258,22.27897,-30.76035,-36.6403
21200.,-1.181392,0.4013576,-0.6959682,0.7429439,22.41038,-30.74219,-36.65289
21210.,-1.197772,0.3864532,-0.7118398,0.7267061,22.54039,-30.72332,-36.66525
21220.,-1.213818,0.3719364,-0.727342,0.7108098,22.669,-30.70375,-36.67738
21230.,-1.229532,0.357804,-0.742478,0.695252,22.79624,-30.68348,-36.68928
21240.,-1.244917,0.3440531,-0.7572506,0.68003,22.9221,-30.66252,-36.70096
21250.,-1.259975,0.3306805,-0.7716628,0.6651411,23.04662,-30.64089,-36.71242
21260.,-1.27471,0.3176831,-0.7857175,0.6505826,23.1698,-30.61857,-36.72366
21270.,-1.289124,0.3050579,-0.7994177,0.6363517,23.29167,-30.59559,-36.73468
21280.,-1.303218,0.2928019,-0.8127661,0.6224458,23.41223,-30.57195,-36.74549
21290.,-1.316997,0.2809121,-0.8257657,0.6088622,23.53151,-30.54766,-36.75608
21300.,-1.330461,0.2696357,-0.8383187,0.5956112,23.64952,-30.5226,-36.63032
21310.,-1.343613,0.2591129,-0.8503701,0.5827108,23.7663,-30.4967,-36.42594
21320.,-1.356454,0.2493382,-0.861923,0.5701666,23.88186,-30.46999,-36.22184
21330.,-1.368984,0.240306,-0.8729804,0.5579767,23.99622,-30.44245,-36.01804
21340.,-1.381206,0.232011,-0.8835454,0.5461395,24.10939,-30.41411,-35.81453
21350.,-1.39312,0.2244478,-0.893621,0.5346531,24.22139,-30.38497,-35.61131
21360.,-1.404728,0.217611,-0.9032103,0.5235158,24.33223,-30.35504,-35.40838
21370.,-1.41603,0.2114954,-0.9123162,0.5127259,24.44192,-30.32432,-35.20574
21380.,-1.427029,0.2060957,-0.9209416,0.5022816,24.55049,-30.29283,-35.00339
21390.,-1.437725,0.2014068,-0.9290894,0.4921814,24.65794,-30.26056,-34.80133
21400.,-1.44812,0.1974235,-0.9367627,0.4824235,24.76429,-30.22753,-34.59956
21410.,-1.458215,0.1941407,-0.9439641,0.4730062,24.86955,-30.19375,-34.39809
21420.,-1.468011,0.1915533,-0.9506967,0.4639279,24.97373,-30.15921,-34.1969
21430.,-1.477508,0.1896565,-0.9569631,0.4551869,25.07686,-30.12394,-33.996
21440.,-1.48671,0.1884452,-0.9627662,0.4467817,25.17894,-30.08793,-33.79539
21450.,-1.495615,0.1879145,-0.9681087,0.4387107,25.27999,-30.0512,-33.59507
21460.,-1.504226,0.1880595,-0.9729935,0.4309722,25.38002,-30.01374,-33.39505
21470.,-1.512544,0.1888756,-0.9774232,0.4235646,25.47905,-29.97558,-33.1953
21480.,-1.52057,0.1903577,-0.9814004,0.4164865,25.57708,-29.9367,-32.99585
21490.,-1.528305,0.1925013,-0.984928,0.4097362,25.67413,-29.89713,-32.79669
21500.,-1.53575,0.1953017,-0.9880084,0.4033123,25.77021,-29.85686,-32.59781
21510.,-1.542907,0.1987542,-0.9906444,0.3972131,25.86534,-29.81591,-32.39922
21520.,-1.549775,0.2028542,-0.9928385,0.3914373,25.95953,-29.77428,-32.20092
21530.,-1.556357,0.2075971,-0.9945933,0.3859833,26.05279,-29.73197,-32.00291
21540.,-1.562654,0.2129785,-0.9959114,0.3808496,26.14513,-29.689,-31.80518
21550.,-1.568666,0.2189938,-0.9967952,0.3760349,26.23657,-29.64537,-31.60774
21560.,-1.574395,0.2256386,-0.9972473,0.3715376,26.32711,-29.60108,-31.41058
21570.,-1.579841,0.2329086,-0.9972701,0.3673562,26.41677,-29.55615,-31.21371
21580.,-1.585006,0.2407994,-0.9968662,0.3634895,26.50557,-29.51057,-31.01713
21590.,-1.58989,0.2493066,-0.9960378,0.359936,26.5935,-29.46436,-30.82083
21600.,-1.594496,0.258426,-0.9947875,0.3566943,26.6806,-29.41752,-30.62481
21610.,-1.598823,0.2681534,-0.9931176,0.3537631,26.76685,-29.37006,-30.42908
21620.,-1.602872,0.2784845,-0.9910304,0.3511409,26.85229,-29.32197,-30.23363
21630.,-1.606646,0.2894152,-0.9885284,0.3488264,26.93691,-29.27328,-30.03846
21640.,-1.610144,0.3009414,-0.9856138,0.3468184,27.02073,-29.22398,-29.84357
21650.,-1.613367,0.313059,-0.9822889,0.3451154,27.10376,-29.17408,-29.64897
21660.,-1.616318,0.3257639,-0.9785561,0.3437162,27.18602,-29.12359,-29.45465
21670.,-1.618995,0.3390522,-0.9744174,0.3426195,27.2675,-29.07251,-29.26061
21680.,-1.621401,0.3529199,-0.9698753,0.341824,27.34823,-29.02084,-29.06685
21690.,-1.623537,0.367363,-0.9649318,0.3413284,27.42822,-28.9686,-28.87337
21700.,-1.625402,0.3823776,-0.9595891,0.3411316,27.50746,-28.91579,-28.68017
21710.,-1.626999,0.3979599,-0.9538495,0.3412322,27.58598,-28.86241,-28.48725
21720.,-1.628328,0.414106,-0.9477151,0.341629,27.66379,-28.80847,-28.2946
21730.,-1.62939,0.4308122,-0.941188,0.3423209,27.74088,-28.75397,-28.10224
21740.,-1.630186,0.4480747,-0.9342702,0.3433066,27.81729,-28.69893,-27.91015
21750.,-1.630716,0.4658897,-0.926964,0.344585,27.893,-28.64333,-27.71834
21760.,-1.630982,0.4842536,-0.9192713,0.3461548,27.96804,-28.5872,-27.5268
21770.,-1.630984,0.5031125,-0.9112114,0.3480156,28.04239,-28.53055,-27.329
21780.,-1.630724,0.5223588,-0.9028224,0.3501678,28.11601,-28.47341,-27.11796
21790.,-1.630201,0.5419899,-0.8941063,0.3526113,28.18891,-28.41579,-26.9073
21800.,-1.629419,0.5620032,-0.885065,0.3553444,28.26109,-28.35769,-26.697
21810.,-1.628378,0.5823961,-0.8757005,0.3583653,28.33257,-28.29912,-26.48707
21820.,-1.627079,0.6031661,-0.8660147,0.3616725,28.40336,-28.24008,-26.27751
21830.,-1.625524,0.6243107,-0.8560097,0.3652643,28.47346,-28.18059,-26.06831
21840.,-1.623714,0.6458274,-0.8456873,0.3691392,28.54289,-28.12063,-25.85948
21850.,-1.62165,0.6677138,-0.8350495,0.3732955,28.61166,-28.06022,-25.65102
21860.,-1.619334,0.6899672,-0.824098,0.3777317,28.67977,-27.99936,-25.44292
21870.,-1.616766,0.7125855,-0.8128347,0.3824463,28.74723,-27.93806,-25.23518
21880.,-1.613949,0.735566,-0.8012616,0.3874376,28.81405,-27.87632,-25.0278
21890.,-1.610883,0.7589065,-0.7893804,0.3927043,28.88025,-27.81415,-24.82079
21900.,-1.607569,0.7826046,-0.7771929,0.3982447,28.94583,-27.75154,-24.61413
21910.,-1.604008,0.806658,-0.7647009,0.4040574,29.01079,-27.68852,-24.40784
21920.,-1.600203,0.8310643,-0.7519061,0.410141,29.07515,-27.62507,-24.2019
21930.,-1.596153,0.8558213,-0.7388104,0.4164939,29.13892,-27.56121,-23.99632
21940.,-1.59186,0.8809266,-0.7254154,0.4231148,29.2021,-27.49693,-23.79109
21950.,-1.587326,0.9063781,-0.7117229,0.4300023,29.26471,-27.43225,-23.58622
21960.,-1.58255,0.9321734,-0.6977345,0.4371548,29.32674,-27.36716,-23.3817
21970.,-1.577535,0.9583104,-0.683452,0.4445711,29.38822,-27.30168,-23.17754
21980.,-1.572282,0.984787,-0.668877,0.4522498,29.44914,-27.2358,-22.97372
21990.,-1.566791,1.011601,-0.6540111,0.4601895,29.50952,-27.16953,-22.77026
22000.,-1.561064,1.03875,-0.6388559,0.4683888,29.56936,-27.10288,-22.56715
22010.,-1.555101,1.066232,-0.6234132,0.4768465,29.62867,-27.03584,-22.36438
22020.,-1.548904,1.094045,-0.6076844,0.4855612,29.68746,-26.96843,-22.16196
22030.,-1.542474,1.122187,-0.5916712,0.4945316,29.74573,-26.90064,-21.95989
22040.,-1.535812,1.150655,-0.5753751,0.5037564,29.8035,-26.83248,-21.75817
22050.,-1.528918,1.179449,-0.5587977,0.5132345,29.86077,-26.76396,-21.55679
22060.,-1.521794,1.208565,-0.5419405,0.5229644,29.91754,-26.69507,-21.35575
22070.,-1.514441,1.238002,-0.524805,0.532945,29.97384,-26.62582,-21.15505
22080.,-1.50686,1.267757,-0.5073927,0.543175,30.02965,-26.55622,-20.9547
22090.,-1.499052,1.297829,-0.4897051,0.5536533,30.085,-26.48628,-20.75468
22100.,-1.491017,1.328216,-0.4717436,0.5643786,30.13988,-26.41598,-20.55501
22110.,-1.482757,1.358916,-0.4535098,0.5753498,30.1943,-26.34534,-20.35567
22120.,-1.474272,1.389926,-0.4350051,0.5865656,30.24828,-26.27436,-20.15667
22130.,-1.465564,1.421246,-0.4162308,0.5980249,30.30181,-26.20304,-19.958
22140.,-1.456633,1.452873,-0.3971885,0.6097266,30.35491,-26.1314,-19.75967
22150.,-1.44748,1.484805,-0.3778794,0.6216695,30.40758,-26.05942,-19.56168
22160.,-1.438107,1.51704,-0.358305,0.6338525,30.45982,-25.98712,-19.36401
22170.,-1.428513,1.549577,-0.3384667,0.6462745,30.51165,-25.9145,-19.16668
22180.,-1.418701,1.582413,-0.3183657,0.6589344,30.56307,-25.84156,-18.96968
22190.,-1.40867,1.615548,-0.2980036,0.6718311,30.61409,-25.7683,-18.77301
22200.,-1.398422,1.648979,-0.2773814,0.6849636,30.66471,-25.69474,-18.57666
22210.,-1.387958,1.682704,-0.2565007,0.6983307,30.71493,-25.62086,-18.38065
22220.,-1.377277,1.716721,-0.2353626,0.7119314,30.76477,-25.54668,-18.18496
22230.,-1.366382,1.75103,-0.2139686,0.7257648,30.81424,-25.4722,-17.98959
22240.,-1.355273,1.785624,-0.1923227,0.7398297,30.86333,-25.39743,-17.79411
22250.,-1.34395,1.820285,-0.1706005,0.7541277,30.91206,-25.32291,-17.5733
22260.,-1.332414,1.855012,-0.1488026,0.7686593,30.96043,-25.24864,-17.35293
22270.,-1.320668,1.889805,-0.1269299,0.7834225,31.00846,-25.1746,-17.13302
22280.,-1.308715,1.924663,-0.1049831,0.798415,31.05614,-25.10081,-16.91354
22290.,-1.296555,1.959585,-0.08296281,0.8136345,31.10347,-25.02726,-16.69451
22300.,-1.284191,1.99457,-0.0608699,0.829079,31.15048,-24.95395,-16.47592
22310.,-1.271624,2.029618,-0.03870503,0.8447461,31.19714,-24.88086,-16.25777
22320.,-1.258857,2.064728,-0.01646893,0.8606339,31.24348,-24.80802,-16.04006
22330.,-1.245892,2.0999,0.005837712,0.8767401,31.2895,-24.7354,-15.82278
22340.,-1.23273,2.135132,0.02821419,0.8930627,31.33519,-24.66301,-15.60595
22350.,-1.219374,2.170424,0.05065983,0.9095996,31.38057,-24.59085,-15.38954
22360.,-1.205824,2.205775,0.07317395,0.9263488,31.42563,-24.51891,-15.17357
22370.,-1.192083,2.241185,0.09575587,0.9433082,31.47039,-24.44719,-14.95803
22380.,-1.178153,2.276653,0.1184049,0.9604759,31.51484,-24.37569,-14.74292
22390.,-1.164035,2.312178,0.1411205,0.9778497,31.559,-24.30441,-14.52824
22400.,-1.149732,2.34776,0.1639019,0.9954278,31.60285,-24.23335,-14.31399
22410.,-1.135244,2.383398,0.1867486,1.013208,31.64641,-24.1625,-14.10016
22420.,-1.120575,2.419091,0.2096598,1.031189,31.68969,-24.09186,-13.88676
22430.,-1.105724,2.454839,0.2326349,1.049368,31.73267,-24.02143,-13.67378
22440.,-1.090695,2.490642,0.2556734,1.067744,31.77538,-23.95121,-13.46123
22450.,-1.075488,2.526498,0.2787747,1.086315,31.81781,-23.88119,-13.24909
22460.,-1.060105,2.562408,0.301938,1.105078,31.85996,-23.81138,-13.03737
22470.,-1.044549,2.598369,0.3251629,1.124033,31.90184,-23.74178,-12.82608
22480.,-1.02882,2.634383,0.3484488,1.143176,31.94346,-23.67237,-12.6152
22490.,-1.012921,2.670448,0.371795,1.162507,31.98481,-23.60316,-12.40473
22500.,-0.9968521,2.706564,0.395201,1.182024,32.0259,-23.53415,-12.19468
22510.,-0.9806158,2.742729,0.4186663,1.201724,32.06673,-23.46533,-11.98504
22520.,-0.9642134,2.778945,0.4421902,1.221607,32.10731,-23.3967,-11.77581
22530.,-0.9476465,2.81521,0.4657723,1.24167,32.14763,-23.32827,-11.56699
22540.,-0.9309166,2.851523,0.4894119,1.261912,32.18771,-23.26002,-11.35858
22550.,-0.9140253,2.887884,0.5131086,1.28233,32.22755,-23.19197,-11.15058
22560.,-0.8969739,2.924293,0.5368618,1.302924,32.26714,-23.1241,-10.94298
22570.,-0.879764,2.960749,0.5606709,1.323692,32.3065,-23.05641,-10.73579
22580.,-0.8623971,2.997251,0.5845356,1.344631,32.34562,-22.9889,-10.529
22590.,-0.8448745,3.033799,0.6084551,1.365741,32.38451,-22.92158,-10.32262
22600.,-0.8271978,3.070393,0.6324292,1.38702,32.42317,-22.85444,-10.11663
22610.,-0.8093683,3.107031,0.6564571,1.408466,32.4616,-22.78747,-9.911041
22620.,-0.7913875,3.143714,0.6805385,1.430078,32.49982,-22.72067,-9.705851
22630.,-0.7732567,3.180441,0.7046729,1.451853,32.53781,-22.65406,-9.501058
22640.,-0.7549773,3.217212,0.7288598,1.473791,32.57558,-22.58761,-9.296659
22650.,-0.7365506,3.254025,0.7530986,1.49589,32.61314,-22.52133,-9.092655
22660.,-0.7179781,3.290882,0.777389,1.518149,32.65049,-22.45523,-8.889043
22670.,-0.6992611,3.32778,0.8017305,1.540565,32.68764,-22.38929,-8.685821
22680.,-0.6804008,3.36472,0.8261226,1.563138,32.72457,-22.32352,-8.48299
22690.,-0.6613986,3.401701,0.8505648,1.585866,32.7613,-22.25791,-8.280547
22700.,-0.6422557,3.438723,0.8750568,1.608748,32.79783,-22.19246,-8.078492
22710.,-0.6229735,3.475785,0.899598,1.631781,32.83417,-22.12718,-7.876822
22720.,-0.6035566,3.512757,0.9241368,1.654952,32.87034,-22.06256,-7.775862
22730.,-0.5840082,3.549585,0.9486511,1.678239,32.90635,-21.9988,-7.716155
22740.,-0.564331,3.586268,0.9731401,1.701636,32.94222,-21.9359,-7.656433
22750.,-0.5445272,3.622808,0.9976028,1.725138,32.97793,-21.87385,-7.596698
22760.,-0.5245994,3.659205,1.022038,1.748745,33.01349,-21.81264,-7.536951
22770.,-0.5045497,3.695458,1.046446,1.772454,33.0489,-21.75225,-7.477193
22780.,-0.4843806,3.731568,1.070824,1.796263,33.08417,-21.69269,-7.417425
22790.,-0.4640944,3.767535,1.095172,1.820169,33.11928,-21.63394,-7.357648
22800.,-0.4436933,3.803359,1.119489,1.844172,33.15425,-21.57598,-7.297863
22810.,-0.4231797,3.83904,1.143775,1.868267,33.18907,-21.51882,-7.238071
22820.,-0.4025557,3.874579,1.168028,1.892455,33.22375,-21.46245,-7.178273
22830.,-0.3818236,3.909976,1.192247,1.916731,33.25828,-21.40685,-7.11847
22840.,-0.3609855,3.945231,1.216432,1.941095,33.29267,-21.35202,-7.058662
22850.,-0.3400438,3.980344,1.240582,1.965544,33.32691,-21.29795,-6.998852
22860.,-0.3190004,4.015315,1.264696,1.990077,33.36101,-21.24463,-6.939039
22870.,-0.2978576,4.050144,1.288773,2.014691,33.39497,-21.19206,-6.879225
22880.,-0.2766174,4.084833,1.312813,2.039384,33.42879,-21.14022,-6.819411
22890.,-0.2552819,4.11938,1.336813,2.064155,33.46246,-21.0891,-6.759597
22900.,-0.2338532,4.153786,1.360775,2.089001,33.496,-21.03871,-6.699785
22910.,-0.2123333,4.188052,1.384697,2.113921,33.5294,-20.98902,-6.639975
22920.,-0.1907243,4.222177,1.408578,2.138913,33.56265,-20.94004,-6.580168
22930.,-0.1690282,4.256162,1.432417,2.163974,33.59577,-20.89175,-6.520365
22940.,-0.1472469,4.290006,1.456214,2.189104,33.62876,-20.84416,-6.460567
22950.,-0.1253824,4.323711,1.479968,2.214299,33.6616,-20.79724,-6.400775
22960.,-0.1034366,4.357277,1.503678,2.239559,33.69431,-20.751,-6.34099
22970.,-0.08141149,4.390702,1.527344,2.264882,33.72689,-20.70542,-6.281211
22980.,-0.05930892,4.423989,1.550964,2.290266,33.75933,-20.6605,-6.221441
22990.,-0.03713079,4.457136,1.574539,2.315708,33.79163,-20.61624,-6.16168
23000.,-0.01487895,4.490145,1.598067,2.341208,33.82381,-20.57261,-6.101929
23010.,0.00744476,4.523015,1.621547,2.366764,33.85585,-20.52963,-6.042189
23020.,0.02983852,4.555747,1.64498,2.392374,33.88775,-20.48727,-5.982459
23030.,0.05230052,4.58834,1.668364,2.418036,33.91953,-20.44554,-5.922742
23040.,0.07482898,4.620796,1.691699,2.443749,33.95117,-20.40442,-5.863038
23050.,0.09742214,4.653113,1.714984,2.469511,33.98269,-20.36392,-5.803347
23060.,0.1200783,4.685294,1.738218,2.49532,34.01407,-20.32402,-5.74367
23070.,0.1427956,4.717337,1.761402,2.521175,34.04533,-20.28471,-5.684009
23080.,0.1655725,4.749243,1.784533,2.547074,34.07646,-20.246,-5.624363
23090.,0.1884072,4.781012,1.807612,2.573016,34.10745,-20.20786,-5.564734
23100.,0.211298,4.812644,1.830638,2.598999,34.13833,-20.17031,-5.505122
23110.,0.2342434,4.84414,1.853611,2.625021,34.16907,-20.13333,-5.445527
23120.,0.2572416,4.8755,1.876529,2.651082,34.19969,-20.09691,-5.385952
23130.,0.2802911,4.906724,1.899392,2.677179,34.23018,-20.06105,-5.326395
23140.,0.3033902,4.937813,1.9222,2.703311,34.26055,-20.02574,-5.266858
23150.,0.3265374,4.968766,1.944952,2.729477,34.2908,-19.99098,-5.207342
23160.,0.3497311,4.999583,1.967648,2.755675,34.32092,-19.95676,-5.147846
23170.,0.3729697,5.030266,1.990287,2.781904,34.35091,-19.92308,-5.088373
23180.,0.3962518,5.060814,2.012868,2.808162,34.38079,-19.88992,-5.028922
23190.,0.4195762,5.091139,2.035392,2.834433,34.41055,-19.85752,-5.076688
23200.,0.4429414,5.121111,2.057859,2.86068,34.4402,-19.82622,-5.285144
23210.,0.4663449,5.150729,2.080267,2.886879,34.46975,-19.796,-5.494106
23220.,0.4897841,5.179996,2.102615,2.913027,34.49919,-19.76685,-5.70358
23230.,0.5132564,5.208913,2.124901,2.939124,34.52853,-19.73876,-5.913567
23240.,0.5367593,5.237481,2.147123,2.965168,34.55776,-19.71172,-6.124073
23250.,0.5602902,5.265701,2.16928,2.991156,34.58687,-19.68571,-6.3351
23260.,0.5838467,5.293576,2.19137,3.017087,34.61588,-19.66073,-6.546653
23270.,0.6074263,5.321105,2.213391,3.04296,34.64478,-19.63677,-6.758735
23280.,0.6310266,5.348291,2.235343,3.068772,34.67357,-19.6138,-6.97135
23290.,0.6546451,5.375135,2.257223,3.094523,34.70225,-19.59183,-7.184502
23300.,0.6782794,5.401637,2.27903,3.12021,34.73081,-19.57084,-7.398195
23310.,0.7019273,5.4278,2.300763,3.145832,34.75927,-19.55082,-7.612433
23320.,0.7255863,5.453624,2.32242,3.171387,34.7876,-19.53176,-7.82722
23330.,0.7492543,5.479111,2.343999,3.196874,34.81583,-19.51365,-8.042558
23340.,0.7729288,5.504262,2.3655,3.222292,34.84394,-19.49647,-8.258454
23350.,0.7966077,5.529079,2.38692,3.247637,34.87193,-19.48023,-8.47491
23360.,0.8202887,5.553561,2.408259,3.272911,34.89981,-19.4649,-8.691931
23370.,0.8439696,5.577712,2.429514,3.298109,34.92757,-19.45049,-8.90952
23380.,0.8676483,5.601531,2.450686,3.323233,34.95522,-19.43697,-9.127682
23390.,0.8913225,5.62502,2.471771,3.348278,34.98274,-19.42434,-9.346421
23400.,0.9149902,5.648181,2.49277,3.373246,35.01015,-19.41259,-9.565741
23410.,0.9386493,5.671014,2.51368,3.398133,35.03744,-19.4017,-9.785646
23420.,0.9622977,5.693522,2.534501,3.422939,35.06461,-19.39168,-10.00614
23430.,0.9859333,5.715704,2.55523,3.447661,35.09166,-19.38251,-10.22723
23440.,1.009554,5.737562,2.575868,3.4723,35.11858,-19.37419,-10.44892
23450.,1.033158,5.759097,2.596412,3.496853,35.14539,-19.36669,-10.6712
23460.,1.056743,5.780311,2.616861,3.52132,35.17208,-19.36002,-10.8941
23470.,1.080308,5.801204,2.637215,3.545698,35.19864,-19.35417,-11.1176
23480.,1.10385,5.821779,2.657472,3.569987,35.22508,-19.34912,-11.34173
23490.,1.127367,5.842035,2.67763,3.594185,35.2514,-19.34487,-11.56647
23500.,1.150858,5.861974,2.69769,3.618291,35.2776,-19.34141,-11.79183
23510.,1.17432,5.881598,2.717648,3.642304,35.30367,-19.33873,-12.01783
23520.,1.197752,5.900907,2.737506,3.666223,35.32962,-19.33682,-12.24446
23530.,1.221152,5.919902,2.75726,3.690046,35.35544,-19.33568,-12.47172
23540.,1.244518,5.938586,2.776911,3.713772,35.38114,-19.33529,-12.69963
23550.,1.267849,5.956957,2.796457,3.7374,35.40671,-19.33565,-12.92819
23560.,1.291142,5.975019,2.815896,3.760929,35.43216,-19.33676,-13.15739
23570.,1.314396,5.992772,2.835229,3.784358,35.45748,-19.33859,-13.38726
23580.,1.33761,6.010217,2.854454,3.807685,35.48267,-19.34116,-13.61778
23590.,1.36078,6.027355,2.87357,3.83091,35.50774,-19.34444,-13.84898
23600.,1.383907,6.044187,2.892576,3.854031,35.53268,-19.34843,-14.08084
23610.,1.406987,6.060715,2.911471,3.877048,35.55749,-19.35312,-14.31338
23620.,1.43002,6.076939,2.930254,3.899959,35.58218,-19.35851,-14.5466
23630.,1.453004,6.09286,2.948924,3.922763,35.60673,-19.36459,-14.78051
23640.,1.475938,6.10848,2.96748,3.945459,35.63116,-19.37135,-15.01511
23650.,1.498819,6.1238,2.985921,3.968047,35.65546,-19.37878,-15.2504
23660.,1.521646,6.138806,3.004247,3.990523,35.67962,-19.38688,-15.49667
23670.,1.544418,6.153362,3.022464,4.012874,35.70357,-19.39566,-15.84477
23680.,1.567132,6.167469,3.040571,4.035086,35.7273,-19.4051,-16.19437
23690.,1.589788,6.181129,3.058565,4.057158,35.75082,-19.41519,-16.54547
23700.,1.612382,6.194345,3.076446,4.079088,35.77412,-19.42595,-16.89809
23710.,1.634914,6.207118,3.094212,4.100877,35.79721,-19.43734,-17.25225
23720.,1.65738,6.219451,3.111862,4.122521,35.82008,-19.44938,-17.60796
23730.,1.67978,6.231346,3.129394,4.144022,35.84275,-19.46205,-17.96524
23740.,1.702111,6.242805,3.146808,4.165376,35.8652,-19.47535,-18.32411
23750.,1.724371,6.253829,3.164101,4.186584,35.88743,-19.48928,-18.68457
23760.,1.746559,6.264421,3.181273,4.207643,35.90946,-19.50382,-19.04666
23770.,1.768673,6.274583,3.198321,4.228554,35.93127,-19.51897,-19.41037
23780.,1.790711,6.284317,3.215246,4.249314,35.95288,-19.53472,-19.77575
23790.,1.812671,6.293625,3.232045,4.269924,35.97427,-19.55108,-20.14279
23800.,1.834552,6.302508,3.248718,4.290382,35.99545,-19.56803,-20.51152
23810.,1.856352,6.310969,3.265262,4.310686,36.01643,-19.58557,-20.88195
23820.,1.878069,6.319009,3.281678,4.330837,36.03719,-19.6037,-21.25411
23830.,1.899701,6.326631,3.297963,4.350832,36.05775,-19.62241,-21.62802
23840.,1.921247,6.333836,3.314117,4.370672,36.0781,-19.64168,-22.00369
23850.,1.942705,6.340627,3.330139,4.390354,36.09824,-19.66153,-22.38113
23860.,1.964074,6.347004,3.346027,4.409879,36.11818,-19.68194,-22.76039
23870.,1.985352,6.352971,3.36178,4.429245,36.1379,-19.70291,-23.14146
23880.,2.006538,6.358528,3.377397,4.448452,36.15742,-19.72443,-23.52437
23890.,2.02763,6.363678,3.392877,4.467498,36.17674,-19.74651,-23.90915
23900.,2.048625,6.368422,3.408218,4.486383,36.19585,-19.76912,-24.29581
23910.,2.069524,6.372763,3.423421,4.505105,36.21475,-19.79228,-24.68438
23920.,2.090325,6.376701,3.438484,4.523665,36.23346,-19.81597,-25.07487
23930.,2.111025,6.380239,3.453405,4.54206,36.25195,-19.84019,-25.46732
23940.,2.131623,6.383379,3.468184,4.560291,36.27024,-19.86494,-25.86174
23950.,2.152119,6.386121,3.48282,4.578357,36.28833,-19.89021,-26.25815
23960.,2.172511,6.388469,3.497312,4.596256,36.30622,-19.91599,-26.65658
23970.,2.192797,6.390423,3.511659,4.613988,36.32391,-19.94229,-27.05705
23980.,2.212975,6.391986,3.525859,4.631553,36.34139,-19.9691,-27.45959
23990.,2.233046,6.393158,3.539913,4.648949,36.35867,-19.99641,-27.86422
24000.,2.253006,6.393943,3.553818,4.666175,36.37575,-20.02422,-28.27096
24010.,2.272856,6.39434,3.567575,4.683232,36.39263,-20.05253,-28.67985
24020.,2.292593,6.394353,3.581182,4.700118,36.40931,-20.08133,-29.09091
24030.,2.312217,6.393982,3.594638,4.716832,36.42579,-20.11062,-29.50416
24040.,2.331725,6.39323,3.607942,4.733375,36.44207,-20.14039,-29.91963
24050.,2.351117,6.392097,3.621095,4.749744,36.45815,-20.17064,-30.33735
24060.,2.370392,6.390586,3.634094,4.765941,36.47403,-20.20137,-30.75735
24070.,2.389549,6.388697,3.646939,4.781963,36.48972,-20.23258,-31.17966
24080.,2.408585,6.386434,3.659629,4.79781,36.50521,-20.26425,-31.60429
24090.,2.427501,6.383796,3.672163,4.813482,36.5205,-20.29638,-32.0313
24100.,2.446295,6.380786,3.684541,4.828979,36.53559,-20.32898,-32.4607
24110.,2.464965,6.377405,3.696762,4.844298,36.55049,-20.36204,-32.89252
24120.,2.483511,6.373655,3.708825,4.859441,36.56519,-20.39555,-33.32681
24130.,2.501931,6.369538,3.720729,4.874405,36.57969,-20.42951,-33.76358
24140.,2.520225,6.365364,3.732547,4.889219,36.59403,-20.46373,-33.91916
24150.,2.538393,6.361218,3.744299,4.903917,36.6082,-20.49817,-33.99716
24160.,2.556435,6.3571,3.755984,4.918506,36.6222,-20.53283,-34.07531
24170.,2.574351,6.353008,3.767602,4.932987,36.63605,-20.56769,-34.1536
24180.,2.592141,6.34894,3.779152,4.947359,36.64973,-20.60275,-34.23205
24190.,2.609806,6.344895,3.790634,4.961622,36.66325,-20.63803,-34.31064
24200.,2.627346,6.340872,3.802048,4.975777,36.67662,-20.67351,-34.38938
24210.,2.644761,6.33687,3.813393,4.989824,36.68982,-20.70919,-34.46828
24220.,2.662051,6.332888,3.82467,5.003762,36.70287,-20.74508,-34.54732
24230.,2.679217,6.328923,3.835877,5.017591,36.71577,-20.78117,-34.62652
24240.,2.696257,6.324976,3.847014,5.031312,36.72851,-20.81745,-34.70586
24250.,2.713174,6.321045,3.858082,5.044925,36.7411,-20.85394,-34.78536
24260.,2.729966,6.317129,3.869079,5.05843,36.75354,-20.89062,-34.86501
24270.,2.746635,6.313226,3.880006,5.071826,36.76582,-20.9275,-34.94481
24280.,2.76318,6.309335,3.890862,5.085114,36.77796,-20.96457,-35.02477
24290.,2.779601,6.305456,3.901646,5.098293,36.78995,-21.00183,-35.10488
24300.,2.795899,6.301587,3.912359,5.111365,36.80179,-21.03928,-35.18514
24310.,2.812074,6.297727,3.923,5.124329,36.81349,-21.07693,-35.26556
24320.,2.828126,6.293876,3.93357,5.137184,36.82504,-21.11476,-35.34613
24330.,2.844055,6.290031,3.944066,5.149932,36.83644,-21.15278,-35.42685
24340.,2.859862,6.286192,3.95449,5.162572,36.8477,-21.19099,-35.50774
24350.,2.875546,6.282357,3.964842,5.175103,36.85882,-21.22939,-35.58877
24360.,2.891108,6.278527,3.97512,5.187527,36.8698,-21.26796,-35.66997
24370.,2.906548,6.274699,3.985324,5.199844,36.88064,-21.30672,-35.75132
24380.,2.921867,6.270873,3.995455,5.212052,36.89134,-21.34567,-35.83283
24390.,2.937064,6.267047,4.005512,5.224153,36.9019,-21.38479,-35.91449
24400.,2.952139,6.263222,4.015494,5.236147,36.91233,-21.42409,-35.99631
24410.,2.967094,6.259395,4.025402,5.248033,36.92261,-21.46357,-36.07829
24420.,2.981927,6.255566,4.035235,5.259812,36.93276,-21.50323,-36.16043
24430.,2.99664,6.251734,4.044994,5.271483,36.94278,-21.54306,-36.24273
24440.,3.011232,6.247897,4.054677,5.283047,36.95267,-21.58307,-36.32519
24450.,3.025704,6.244056,4.064285,5.294504,36.96242,-21.62326,-36.40781
24460.,3.040056,6.240208,4.073817,5.305854,36.97204,-21.66362,-36.49059
24470.,3.054288,6.236354,4.083273,5.317097,36.98152,-21.70414,-36.57353
24480.,3.0684,6.232492,4.092653,5.328233,36.99088,-21.74484,-36.65663
24490.,3.082392,6.228622,4.101957,5.339262,37.00011,-21.78572,-36.73989
24500.,3.096266,6.224742,4.111184,5.350184,37.00921,-21.82676,-36.82332
24510.,3.11002,6.220851,4.120335,5.361,37.01818,-21.86796,-36.9069
24520.,3.123655,6.216949,4.129409,5.371709,37.02703,-21.90934,-36.99065
24530.,3.137171,6.213036,4.138405,5.382311,37.03575,-21.95088,-37.07457
24540.,3.150569,6.209109,4.147325,5.392807,37.04434,-21.99259,-37.15864
24550.,3.163849,6.205168,4.156167,5.403197,37.05281,-22.03446,-37.24288
24560.,3.177011,6.201213,4.164931,5.413481,37.06116,-22.0765,-37.32729
24570.,3.190055,6.197243,4.173617,5.423658,37.06938,-22.11869,-37.41186
24580.,3.202981,6.193257,4.182226,5.43373,37.07748,-22.16105,-37.49659
24590.,3.215789,6.189253,4.190756,5.443695,37.08546,-22.20358,-37.5815
24600.,3.228481,6.185232,4.199208,5.453555,37.09332,-22.24626,-37.66656
24610.,3.241055,6.181214,4.207584,5.463312,37.10109,-22.28902,-37.71001
24620.,3.253513,6.177223,4.215888,5.472977,37.1088,-22.33177,-37.70758
24630.,3.265855,6.173257,4.22412,5.482552,37.11645,-22.37451,-37.70522
24640.,3.278083,6.169317,4.23228,5.492039,37.12404,-22.41724,-37.70291
24650.,3.290195,6.1654,4.240368,5.501438,37.13157,-22.45997,-37.70067
24660.,3.302194,6.161507,4.248385,5.510749,37.13905,-22.50269,-37.69849
24670.,3.31408,6.157636,4.256331,5.519972,37.14647,-22.5454,-37.69638
24680.,3.325853,6.153787,4.264206,5.529109,37.15383,-22.58811,-37.69432
24690.,3.337514,6.14996,4.27201,5.538159,37.16113,-22.63081,-37.69232
24700.,3.349064,6.146153,4.279743,5.547123,37.16838,-22.67351,-37.69039
24710.,3.360503,6.142366,4.287406,5.556001,37.17557,-22.71621,-37.68852
24720.,3.371832,6.138598,4.294999,5.564793,37.18271,-22.75891,-37.6867
24730.,3.383051,6.134849,4.302522,5.5735,37.18979,-22.80161,-37.68495
24740.,3.394162,6.131117,4.309976,5.582123,37.19681,-22.8443,-37.68325
24750.,3.405164,6.127402,4.31736,5.590661,37.20378,-22.887,-37.68162
24760.,3.416058,6.123704,4.324674,5.599115,37.21069,-22.9297,-37.68004
24770.,3.426846,6.120021,4.33192,5.607485,37.21755,-22.9724,-37.67853
24780.,3.437526,6.116354,4.339097,5.615771,37.22436,-23.0151,-37.67707
24790.,3.4481,6.112701,4.346205,5.623975,37.23111,-23.05781,-37.67567
24800.,3.458569,6.109061,4.353245,5.632096,37.2378,-23.10052,-37.67433
24810.,3.468933,6.105435,4.360216,5.640134,37.24445,-23.14324,-37.67305
24820.,3.479193,6.101822,4.367119,5.648091,37.25104,-23.18596,-37.67182
24830.,3.489349,6.09822,4.373955,5.655965,37.25757,-23.22869,-37.67066
24840.,3.499401,6.09463,4.380723,5.663758,37.26406,-23.27143,-37.66955
24850.,3.509351,6.091051,4.387423,5.67147,37.27049,-23.31417,-37.6685
24860.,3.519198,6.087481,4.394057,5.679102,37.27687,-23.35692,-37.6675
24870.,3.528944,6.083921,4.400623,5.686653,37.28319,-23.39968,-37.66656
24880.,3.538588,6.08037,4.407122,5.694123,37.28947,-23.44246,-37.66568
24890.,3.548132,6.076828,4.413554,5.701514,37.29569,-23.48524,-37.66486
24900.,3.557127,6.072863,4.419467,5.708363,36.9079,-23.52826,-37.6598
24910.,3.565134,6.06804,4.424413,5.714217,36.5247,-23.57198,-37.64223
24920.,3.57217,6.062375,4.428407,5.719095,36.14604,-23.61639,-37.62536
24930.,3.57825,6.055881,4.431467,5.723013,35.77182,-23.66148,-37.60917
24940.,3.583391,6.048574,4.433607,5.725988,35.40197,-23.70724,-37.59366
24950.,3.587608,6.040467,4.434843,5.728036,35.03643,-23.75364,-37.57882
24960.,3.590916,6.031574,4.43519,5.729173,34.67511,-23.80067,-37.56462
24970.,3.59333,6.021909,4.434664,5.729413,34.31795,-23.84833,-37.55106
24980.,3.594865,6.011486,4.433278,5.728772,33.96488,-23.89659,-37.53814
24990.,3.595535,6.000317,4.431047,5.727265,33.61583,-23.94545,-37.52582
25000.,3.595354,5.988414,4.427985,5.724905,33.27074,-23.9949,-37.51412
25010.,3.594335,5.975791,4.424105,5.721708,32.92954,-24.04491,-37.50301
25020.,3.592493,5.96246,4.419421,5.717687,32.59216,-24.09549,-37.49249
25030.,3.58984,5.948433,4.413946,5.712856,32.25855,-24.14661,-37.48255
25040.,3.58639,5.933721,4.407694,5.707228,31.92865,-24.19828,-37.47317
25050.,3.582155,5.918335,4.400676,5.700816,31.60239,-24.25046,-37.46435
25060.,3.577148,5.902288,4.392905,5.693634,31.27972,-24.30317,-37.45608
25070.,3.57138,5.885591,4.384393,5.685693,30.96057,-24.35638,-37.44835
25080.,3.564865,5.868255,4.37515,5.677007,30.6449,-24.41005,-37.43614
25090.,3.557614,5.850303,4.365178,5.66759,30.33264,-24.464,-37.3997
25100.,3.549639,5.831743,4.354487,5.657458,30.02372,-24.51823,-37.36378
25110.,3.540952,5.812586,4.34309,5.646621,29.71811,-24.57272,-37.32838
25120.,3.531563,5.792843,4.330998,5.635091,29.41574,-24.62748,-37.29348
25130.,3.521483,5.772523,4.318223,5.62288,29.11657,-24.68249,-37.25908
25140.,3.510725,5.751637,4.304774,5.609999,28.82055,-24.73775,-37.22516
25150.,3.499298,5.730193,4.290663,5.596458,28.52762,-24.79325,-37.19172
25160.,3.487214,5.7082,4.275901,5.582269,28.23775,-24.84898,-37.15876
25170.,3.474482,5.68567,4.260497,5.567443,27.95089,-24.90494,-37.12626
25180.,3.461113,5.662609,4.244463,5.551989,27.66698,-24.96113,-37.09421
25190.,3.447116,5.639027,4.227808,5.535917,27.38599,-25.01753,-37.06261
25200.,3.432502,5.614933,4.210542,5.519239,27.10787,-25.07414,-37.03144
25210.,3.417281,5.590335,4.192675,5.501963,26.83257,-25.13096,-37.00071
25220.,3.401461,5.565242,4.174215,5.484099,26.56006,-25.18798,-36.9704
25230.,3.385052,5.539661,4.155174,5.465657,26.29029,-25.2452,-36.94051
25240.,3.368063,5.513601,4.135558,5.446646,26.02323,-25.3026,-36.91102
25250.,3.350504,5.48707,4.115379,5.427075,25.75882,-25.36019,-36.88194
25260.,3.332383,5.460075,4.094644,5.406953,25.49704,-25.41796,-36.85325
25270.,3.313708,5.432624,4.073362,5.386289,25.23784,-25.47591,-36.82495
25280.,3.294489,5.404725,4.051542,5.365092,24.98119,-25.53403,-36.79703
25290.,3.274733,5.376385,4.029193,5.343369,24.72704,-25.59231,-36.76949
25300.,3.25445,5.347611,4.006322,5.321131,24.47537,-25.65075,-36.74231
25310.,3.233646,5.31841,3.982937,5.298384,24.22613,-25.70936,-36.7155
25320.,3.212331,5.288789,3.959047,5.275137,23.97929,-25.76811,-36.68904
25330.,3.190511,5.258755,3.934659,5.251398,23.73481,-25.82702,-36.66292
25340.,3.168196,5.228315,3.909782,5.227174,23.49267,-25.88607,-36.63715
25350.,3.145391,5.197475,3.884422,5.202474,23.25282,-25.94526,-36.61172
25360.,3.122106,5.166242,3.858588,5.177304,23.01524,-26.0046,-36.58662
25370.,3.098346,5.134622,3.832285,5.151673,22.77989,-26.06406,-36.56185
25380.,3.07412,5.102621,3.805523,5.125587,22.54674,-26.12366,-36.53739
25390.,3.049434,5.070246,3.778307,5.099054,22.31576,-26.18338,-36.51325
25400.,3.024295,5.037502,3.750646,5.07208,22.08692,-26.24323,-36.48942
25410.,2.998711,5.004396,3.722544,5.044673,21.86019,-26.30319,-36.46589
25420.,2.972687,4.970934,3.69401,5.01684,21.63553,-26.36328,-36.44266
25430.,2.946231,4.93712,3.66505,4.988586,21.41293,-26.42348,-36.41972
25440.,2.91935,4.902961,3.635671,4.95992,21.19234,-26.48379,-36.39707
25450.,2.892049,4.868463,3.605879,4.930846,20.97375,-26.54421,-36.3747
25460.,2.864335,4.83363,3.575679,4.901373,20.75712,-26.60473,-36.35261
25470.,2.836215,4.798468,3.545079,4.871505,20.54243,-26.66535,-36.33079
25480.,2.807693,4.762983,3.514085,4.841249,20.32965,-26.72608,-36.30924
25490.,2.778777,4.727179,3.482702,4.810611,20.11875,-26.7869,-36.28796
25500.,2.749472,4.691062,3.450937,4.779597,19.90972,-26.84781,-36.26693
25510.,2.719785,4.654636,3.418795,4.748213,19.70251,-26.90882,-36.24616
25520.,2.68972,4.617907,3.386282,4.716464,19.49712,-26.96992,-36.22564
25530.,2.659284,4.580879,3.353404,4.684357,19.2935,-27.0311,-36.20536
25540.,2.628482,4.543558,3.320165,4.651897,19.09165,-27.09236,-36.18533
25550.,2.597319,4.505947,3.286573,4.61909,18.89153,-27.15371,-36.16553
25560.,2.5658,4.468064,3.252632,4.58594,18.6931,-27.21487,-36.14754
25570.,2.533931,4.429917,3.218349,4.552453,18.49632,-27.27579,-36.13004
25580.,2.501717,4.391509,3.183728,4.518636,18.30119,-27.33649,-36.11276
25590.,2.469163,4.352845,3.148777,4.484492,18.10767,-27.39695,-36.09571
25600.,2.436275,4.313931,3.113499,4.450028,17.91575,-27.45719,-36.07886
25610.,2.403059,4.274769,3.0779,4.41525,17.7254,-27.5172,-36.06223
25620.,2.369518,4.235365,3.041985,4.380161,17.5366,-27.57698,-36.04581
25630.,2.335659,4.195722,3.00576,4.344768,17.34933,-27.63654,-36.02959
25640.,2.301487,4.155845,2.969229,4.309075,17.16358,-27.69588,-36.01357
25650.,2.267006,4.115739,2.932398,4.273087,16.97932,-27.75499,-35.99775
25660.,2.232222,4.075406,2.89527,4.236809,16.79653,-27.81388,-35.98212
25670.,2.197139,4.034852,2.857852,4.200247,16.6152,-27.87255,-35.96667
25680.,2.161763,3.994079,2.820147,4.163404,16.43531,-27.931,-35.95142
25690.,2.126097,3.953093,2.782161,4.126286,16.25683,-27.98924,-35.93634
25700.,2.090146,3.911896,2.743897,4.088897,16.07975,-28.04726,-35.92144
25710.,2.053916,3.870492,2.705361,4.051241,15.90405,-28.10506,-35.90672
25720.,2.01741,3.828886,2.666557,4.013324,15.72972,-28.16265,-35.89216
25730.,1.980633,3.78708,2.627489,3.975149,15.55673,-28.22002,-35.87778
25740.,1.943589,3.745079,2.588161,3.936721,15.38507,-28.27719,-35.86356
25750.,1.906283,3.702886,2.548579,3.898043,15.21472,-28.33414,-35.8495
25760.,1.868719,3.660504,2.508745,3.859121,15.04567,-28.39089,-35.8356
25770.,1.830901,3.617936,2.468664,3.819959,14.8779,-28.44743,-35.82186
25780.,1.792833,3.575187,2.428341,3.780559,14.71139,-28.50376,-35.80826
25790.,1.754518,3.532259,2.387778,3.740928,14.54612,-28.55989,-35.79482
25800.,1.715963,3.489156,2.346981,3.701067,14.38209,-28.61581,-35.78152
25810.,1.677169,3.445881,2.305952,3.660982,14.21928,-28.67153,-35.76837
25820.,1.638141,3.402437,2.264696,3.620676,14.05767,-28.72705,-35.75535
25830.,1.598883,3.358826,2.223217,3.580153,13.89724,-28.78236,-35.74248
25840.,1.559398,3.315053,2.181518,3.539416,13.73799,-28.83748,-35.72973
25850.,1.519691,3.27112,2.139603,3.49847,13.57989,-28.8924,-35.71712
25860.,1.479764,3.227031,2.097475,3.457317,13.42293,-28.94712,-35.70464
25870.,1.439622,3.182787,2.055139,3.415962,13.26711,-29.00165,-35.69229
25880.,1.399268,3.138392,2.012596,3.374408,13.1124,-29.05598,-35.68006
25890.,1.358706,3.093849,1.969852,3.332659,12.95879,-29.11012,-35.66795
25900.,1.317938,3.049161,1.926909,3.290717,12.80627,-29.16407,-35.65596
25910.,1.276969,3.00433,1.883771,3.248586,12.65482,-29.21782,-35.64409
25920.,1.235802,2.959359,1.84044,3.206269,12.50444,-29.27139,-35.63233
25930.,1.194439,2.91425,1.796921,3.16377,12.3551,-29.32476,-35.62069
25940.,1.152885,2.869007,1.753216,3.121092,12.2068,-29.37795,-35.60915
25950.,1.111142,2.823632,1.709329,3.078238,12.05953,-29.43096,-35.59772
25960.,1.069214,2.778127,1.665263,3.035211,11.91327,-29.48377,-35.58639
25970.,1.027104,2.732495,1.62102,2.992015,11.768,-29.5364,-35.57517
25980.,0.9848145,2.686739,1.576604,2.948651,11.62373,-29.58885,-35.56404
25990.,0.942349,2.64086,1.532018,2.905124,11.48042,-29.64112,-35.55302
26000.,0.8997102,2.594862,1.487264,2.861436,11.33809,-29.6932,-35.54209
26010.,0.8569012,2.548746,1.442346,2.81759,11.1967,-29.74511,-35.53125
26020.,0.813925,2.502515,1.397266,2.773588,11.05626,-29.79684,-35.52051
26030.,0.7707844,2.456181,1.352035,2.729434,10.91674,-29.84824,-35.51986
26040.,0.7274825,2.409755,1.30666,2.685127,10.77813,-29.89922,-35.52744
26050.,0.6840225,2.363237,1.261146,2.640671,10.64041,-29.94977,-35.5351
26060.,0.6404074,2.316632,1.215495,2.596068,10.50358,-29.9999,-35.54284
26070.,0.5966401,2.26994,1.169709,2.551322,10.36763,-30.04961,-35.55067
26080.,0.5527236,2.223165,1.123792,2.506435,10.23254,-30.09891,-35.55858
26090.,0.5086608,2.176308,1.077746,2.46141,10.0983,-30.14779,-35.56657
26100.,0.4644547,2.129372,1.031574,2.41625,9.964917,-30.19626,-35.57463
26110.,0.4201079,2.082359,0.9852788,2.370958,9.832367,-30.24433,-35.58277
26120.,0.3756233,2.03527,0.9388626,2.325537,9.700644,-30.292,-35.59098
26130.,0.3310036,1.988109,0.8923281,2.279988,9.569739,-30.33927,-35.59926
26140.,0.2862516,1.940877,0.845678,2.234316,9.439643,-30.38615,-35.60761
26150.,0.2413699,1.893575,0.7989147,2.188523,9.310347,-30.43263,-35.61602
26160.,0.1963612,1.846207,0.7520406,2.14261,9.181842,-30.47873,-35.6245
26170.,0.151228,1.798774,0.7050584,2.096582,9.05412,-30.52444,-35.63304
26180.,0.105973,1.751278,0.6579703,2.050439,8.927172,-30.56976,-35.64165
26190.,0.06059859,1.703721,0.6107787,2.004186,8.800989,-30.61471,-35.65031
26200.,0.01510734,1.656105,0.5634859,1.957823,8.675563,-30.65929,-35.65904
26210.,-0.030161,1.608752,0.5164354,1.911701,8.945431,-30.70327,-35.68064
26220.,-0.07487,1.561997,0.4699676,1.866164,9.212511,-30.74608,-35.71566
26230.,-0.1190237,1.515834,0.4240782,1.821206,9.476823,-30.78773,-35.75029
26240.,-0.162626,1.47026,0.3787628,1.776822,9.738393,-30.82823,-35.78454
26250.,-0.2056811,1.42527,0.3340173,1.733008,9.997243,-30.8676,-35.81841
26260.,-0.2481928,1.38086,0.2898372,1.689759,10.2534,-30.90585,-35.85191
26270.,-0.2901653,1.337025,0.2462183,1.647073,10.50687,-30.94299,-35.88503
26280.,-0.3316024,1.293762,0.2031564,1.604943,10.7577,-30.97902,-35.91778
26290.,-0.3725083,1.251064,0.1606472,1.563366,11.0059,-31.01397,-35.95017
26300.,-0.4128869,1.20893,0.1186864,1.522337,11.2515,-31.04784,-35.98219
26310.,-0.4527421,1.167353,0.07726984,1.481853,11.49451,-31.08065,-36.01384
26320.,-0.492078,1.12633,0.0363932,1.441908,11.73496,-31.1124,-36.04514
26330.,-0.5308985,1.085856,-0.003947711,1.402498,11.97287,-31.14311,-36.07609
26340.,-0.5692076,1.045927,-0.0437571,1.36362,12.20827,-31.17278,-36.10668
26350.,-0.6070093,1.006538,-0.08303915,1.325269,12.44118,-31.20144,-36.13692
26360.,-0.6443074,0.9676866,-0.1217981,1.28744,12.67162,-31.22908,-36.16682
26370.,-0.6811059,0.9293669,-0.160038,1.250129,12.8996,-31.25572,-36.19637
26380.,-0.7174087,0.8915751,-0.1977631,1.213333,13.12517,-31.28137,-36.22558
26390.,-0.7532197,0.8543071,-0.2349776,1.177047,13.34833,-31.30604,-36.25445
26400.,-0.7885429,0.8175585,-0.2716855,1.141266,13.5691,-31.32975,-36.28298
26410.,-0.823382,0.7813251,-0.307891,1.105987,13.78752,-31.35249,-36.31119
26420.,-0.8577411,0.7456028,-0.3435981,1.071206,14.00359,-31.37428,-36.33906
26430.,-0.8916239,0.7103875,-0.378811,1.036917,14.21735,-31.39514,-36.3666
26440.,-0.9250342,0.6756749,-0.4135337,1.003118,14.42882,-31.41507,-36.39383
26450.,-0.9579759,0.641461,-0.4477703,0.9698036,14.63801,-31.43407,-36.42072
26460.,-0.9904529,0.6077417,-0.4815247,0.9369703,14.84495,-31.45217,-36.4473
26470.,-1.022469,0.5745127,-0.514801,0.9046137,15.04965,-31.46937,-36.47357
26480.,-1.054028,0.5417702,-0.5476032,0.8727299,15.25215,-31.48568,-36.49952
26490.,-1.085133,0.50951,-0.5799353,0.8413149,15.45245,-31.5011,-36.52516
26500.,-1.115789,0.4777403,-0.6117923,0.8103647,15.65061,-31.51561,-36.54971
26510.,-1.145998,0.446495,-0.6431503,0.7798759,15.84667,-31.52906,-36.57154
26520.,-1.175764,0.4157703,-0.6740132,0.7498452,16.04066,-31.54145,-36.59307
26530.,-1.20509,0.385562,-0.7043847,0.7202691,16.23261,-31.5528,-36.61429
26540.,-1.23398,0.3558661,-0.7342687,0.6911442,16.42252,-31.56313,-36.63521
26550.,-1.262437,0.3266788,-0.7636689,0.6624668,16.61043,-31.57244,-36.65584
26560.,-1.290463,0.2979961,-0.792589,0.6342337,16.79635,-31.58074,-36.67616
26570.,-1.318063,0.269814,-0.8210327,0.6064413,16.9803,-31.58804,-36.6962
26580.,-1.345238,0.2421287,-0.8490038,0.5790862,17.1623,-31.59436,-36.71594
26590.,-1.371993,0.2149363,-0.8765058,0.552165,17.34237,-31.5997,-36.73539
26600.,-1.398331,0.188233,-0.9035425,0.5256743,17.52053,-31.60408,-36.75456
26610.,-1.424254,0.1620149,-0.9301175,0.4996107,17.6968,-31.60749,-36.77344
26620.,-1.449766,0.1362783,-0.9562343,0.4739709,17.8712,-31.60997,-36.79204
26630.,-1.47487,0.1110194,-0.9818966,0.4487516,18.04374,-31.6115,-36.81036
26640.,-1.49957,0.08623431,-1.007108,0.4239494,18.21445,-31.61211,-36.8284
26650.,-1.523867,0.06191944,-1.031872,0.3995611,18.38335,-31.6118,-36.84616
26660.,-1.547765,0.03807106,-1.056192,0.3755834,18.55045,-31.61059,-36.86366
26670.,-1.571267,0.01468548,-1.080071,0.3520129,18.71577,-31.60848,-36.88088
26680.,-1.594377,-0.008240965,-1.103514,0.3288466,18.87934,-31.60547,-36.89783
26690.,-1.617096,-0.0307119,-1.126523,0.3060811,19.04116,-31.60159,-36.91452
26700.,-1.639429,-0.05273093,-1.149102,0.2837133,19.20126,-31.59684,-36.93094
26710.,-1.661378,-0.07430165,-1.171255,0.26174,19.35966,-31.59123,-36.9471
26720.,-1.682946,-0.0954276,-1.192984,0.2401581,19.51636,-31.58477,-36.963
26730.,-1.704136,-0.1161123,-1.214293,0.2189644,19.6714,-31.57747,-36.97864
26740.,-1.724951,-0.1363594,-1.235186,0.1981559,19.82479,-31.56933,-36.99402
26750.,-1.745394,-0.1561722,-1.255666,0.1777293,19.97654,-31.56036,-37.00915
26760.,-1.765467,-0.1755542,-1.275735,0.1576817,20.12668,-31.55058,-37.02403
26770.,-1.785174,-0.1945089,-1.295398,0.1380101,20.27522,-31.54,-37.03866
26780.,-1.804518,-0.2130397,-1.314658,0.1187113,20.42217,-31.52861,-37.05304
26790.,-1.8235,-0.23115,-1.333517,0.09978242,20.56756,-31.51643,-37.06717
26800.,-1.842124,-0.2488431,-1.351979,0.08122046,20.71141,-31.50347,-37.08106
26810.,-1.860394,-0.2661223,-1.370048,0.06302245,20.85372,-31.48974,-37.09471
26820.,-1.87831,-0.2829911,-1.387725,0.04518546,20.99451,-31.47524,-37.10812
26830.,-1.895877,-0.2994526,-1.405015,0.02770658,21.13381,-31.45998,-37.12129
26840.,-1.913097,-0.3155101,-1.421921,0.0105829,21.27162,-31.44397,-37.13423
26850.,-1.929973,-0.331167,-1.438446,-0.006188431,21.40797,-31.42722,-37.14693
26860.,-1.946507,-0.3464262,-1.454592,-0.02261027,21.54286,-31.40973,-37.15939
26870.,-1.962701,-0.3612912,-1.470362,-0.03868545,21.67633,-31.39152,-37.17163
26880.,-1.97856,-0.375765,-1.485761,-0.05441676,21.80837,-31.37259,-37.18364
26890.,-1.994085,-0.3898507,-1.50079,-0.06980699,21.93901,-31.35295,-37.19543
26900.,-2.009279,-0.4035516,-1.515453,-0.08485891,22.06827,-31.33261,-37.20698
26910.,-2.024144,-0.4168706,-1.529753,-0.09957524,22.19615,-31.31157,-37.21832
26920.,-2.038683,-0.4298108,-1.543692,-0.1139587,22.32267,-31.28985,-37.22943
26930.,-2.052899,-0.4423753,-1.557273,-0.128012,22.44786,-31.26744,-37.24033
26940.,-2.066793,-0.454567,-1.5705,-0.1417378,22.57172,-31.24436,-37.25101
26950.,-2.08037,-0.4663891,-1.583375,-0.1551387,22.69426,-31.22061,-37.26147
26960.,-2.09363,-0.4778443,-1.595901,-0.1682174,22.81551,-31.1962,-37.27172
26970.,-2.106577,-0.4889357,-1.60808,-0.1809765,22.93548,-31.17114,-37.28175
26980.,-2.119212,-0.4992968,-1.619768,-0.1933995,23.0542,-31.14525,-37.08922
26990.,-2.131537,-0.5089073,-1.630957,-0.2054682,23.1717,-31.11854,-36.88302
27000.,-2.143553,-0.5177727,-1.64165,-0.2171832,23.28798,-31.091,-36.67712
27010.,-2.155262,-0.5258985,-1.65185,-0.2285461,23.40307,-31.06264,-36.47152
27020.,-2.166663,-0.5332899,-1.66156,-0.2395586,23.51698,-31.03348,-36.26623
27030.,-2.17776,-0.5399524,-1.670783,-0.2502226,23.62971,-31.00351,-36.06125
27040.,-2.188552,-0.5458911,-1.679522,-0.2605397,23.7413,-30.97276,-35.85656
27050.,-2.199041,-0.5511113,-1.68778,-0.2705116,23.85174,-30.94122,-35.65218
27060.,-2.209229,-0.5556182,-1.69556,-0.2801399,23.96106,-30.9089,-35.44811
27070.,-2.219116,-0.5594168,-1.702865,-0.2894264,24.06927,-30.87581,-35.24433
27080.,-2.228704,-0.5625123,-1.709697,-0.2983726,24.17639,-30.84196,-35.04086
27090.,-2.237994,-0.5649096,-1.71606,-0.3069803,24.28242,-30.80736,-34.83769
27100.,-2.246986,-0.5666138,-1.721956,-0.315251,24.38738,-30.772,-34.63482
27110.,-2.255683,-0.5676298,-1.727388,-0.3231863,24.49129,-30.73591,-34.43225
27120.,-2.264085,-0.5679625,-1.732359,-0.3307878,24.59415,-30.69908,-34.22999
27130.,-2.272194,-0.5676168,-1.736871,-0.3380572,24.69599,-30.66152,-34.02802
27140.,-2.28001,-0.5665973,-1.740927,-0.3449959,24.79681,-30.62325,-33.82635
27150.,-2.287534,-0.564909,-1.74453,-0.3516055,24.89663,-30.58426,-33.62499
27160.,-2.294769,-0.5625565,-1.747683,-0.3578875,24.99546,-30.54457,-33.42392
27170.,-2.301714,-0.5595446,-1.750388,-0.3638436,25.09331,-30.50417,-33.22315
27180.,-2.308371,-0.5558777,-1.752647,-0.369475,25.1902,-30.46308,-33.02268
27190.,-2.314742,-0.5515606,-1.754464,-0.3747834,25.28614,-30.42131,-32.82251
27200.,-2.320826,-0.5465978,-1.755841,-0.3797703,25.38114,-30.37885,-32.62264
27210.,-2.326626,-0.5409938,-1.75678,-0.384437,25.47521,-30.33573,-32.42307
27220.,-2.332141,-0.534753,-1.757285,-0.3887851,25.56837,-30.29193,-32.22379
27230.,-2.337374,-0.5278799,-1.757356,-0.392816,25.66063,-30.24748,-32.0248
27240.,-2.342326,-0.5203789,-1.756998,-0.396531,25.75199,-30.20237,-31.82612
27250.,-2.346996,-0.5122543,-1.756212,-0.3999317,25.84248,-30.15661,-31.62773
27260.,-2.351387,-0.5035104,-1.755,-0.4030193,25.9321,-30.11021,-31.42963
27270.,-2.355499,-0.4941516,-1.753366,-0.4057953,26.02087,-30.06317,-31.23183
27280.,-2.359334,-0.4841819,-1.751311,-0.408261,26.10879,-30.01551,-31.03432
27290.,-2.362891,-0.4736057,-1.748839,-0.4104178,26.19588,-29.96722,-30.8371
27300.,-2.366173,-0.4624271,-1.74595,-0.4122671,26.28215,-29.91831,-30.64018
27310.,-2.369181,-0.4506502,-1.742648,-0.4138101,26.36761,-29.86879,-30.44355
27320.,-2.371914,-0.438279,-1.738935,-0.4150481,26.45227,-29.81866,-30.24721
27330.,-2.374374,-0.4253177,-1.734813,-0.4159824,26.53614,-29.76793,-30.05117
27340.,-2.376563,-0.4117702,-1.730284,-0.4166145,26.61923,-29.71661,-29.85541
27350.,-2.37848,-0.3976405,-1.72535,-0.4169454,26.70156,-29.6647,-29.65995
27360.,-2.380127,-0.3829325,-1.720015,-0.4169764,26.78313,-29.61221,-29.46477
27370.,-2.381505,-0.3676502,-1.714279,-0.4167089,26.86396,-29.55914,-29.26988
27380.,-2.382615,-0.3517974,-1.708146,-0.4161439,26.94405,-29.50549,-29.07528
27390.,-2.383457,-0.3353779,-1.701616,-0.4152829,27.02341,-29.45128,-28.88097
27400.,-2.384033,-0.3183955,-1.694693,-0.4141268,27.10206,-29.39651,-28.68694
27410.,-2.384343,-0.300854,-1.687379,-0.412677,27.18,-29.34118,-28.49321
27420.,-2.384388,-0.2827572,-1.679675,-0.4109347,27.25725,-29.2853,-28.29975
27430.,-2.384169,-0.2641086,-1.671583,-0.4089009,27.33382,-29.22887,-28.10659
27440.,-2.383687,-0.244912,-1.663107,-0.4065768,27.4097,-29.17191,-27.9137
27450.,-2.382942,-0.2252679,-1.65428,-0.4039624,27.48488,-29.11443,-27.70842
27460.,-2.381936,-0.2052369,-1.645125,-0.4010573,27.55932,-29.05647,-27.49598
27470.,-2.38067,-0.1848216,-1.635644,-0.3978623,27.63304,-28.99802,-27.28391
27480.,-2.379145,-0.1640245,-1.625839,-0.394379,27.70605,-28.9391,-27.07222
27490.,-2.377362,-0.1428483,-1.615711,-0.3906091,27.77836,-28.8797,-26.86091
27500.,-2.375324,-0.1212953,-1.605264,-0.3865541,27.84997,-28.81984,-26.64997
27510.,-2.37303,-0.09936814,-1.594498,-0.3822158,27.9209,-28.75951,-26.43942
27520.,-2.370483,-0.07706929,-1.583415,-0.3775956,27.99115,-28.69873,-26.22923
27530.,-2.367683,-0.0544012,-1.572018,-0.3726952,28.06074,-28.63749,-26.01942
27540.,-2.364632,-0.03136629,-1.560308,-0.3675161,28.12968,-28.5758,-25.80999
27550.,-2.361331,-0.007966976,-1.548287,-0.3620597,28.19796,-28.51367,-25.60092
27560.,-2.357781,0.01579435,-1.535958,-0.3563277,28.26561,-28.4511,-25.39223
27570.,-2.353983,0.03991532,-1.523321,-0.3503215,28.33263,-28.38809,-25.1839
27580.,-2.349939,0.0643936,-1.510378,-0.3440426,28.39903,-28.32466,-24.97594
27590.,-2.34565,0.08922685,-1.497132,-0.3374925,28.46482,-28.2608,-24.76835
27600.,-2.341117,0.1144128,-1.483584,-0.3306726,28.53,-28.19651,-24.56113
27610.,-2.33634,0.1399491,-1.469735,-0.3235843,28.59459,-28.13182,-24.35427
27620.,-2.331322,0.1658336,-1.455588,-0.3162291,28.65859,-28.0667,-24.14777
27630.,-2.326063,0.1920639,-1.441144,-0.3086084,28.72202,-28.00118,-23.94164
27640.,-2.320565,0.218638,-1.426406,-0.3007236,28.78487,-27.93526,-23.73587
27650.,-2.314828,0.2455535,-1.411373,-0.2925759,28.84716,-27.86894,-23.53046
27660.,-2.308853,0.2728083,-1.396049,-0.2841669,28.9089,-27.80222,-23.32541
27670.,-2.302642,0.3004003,-1.380435,-0.2754978,28.97009,-27.73511,-23.12072
27680.,-2.296196,0.3283273,-1.364532,-0.2665699,29.03075,-27.66762,-22.91638
27690.,-2.289515,0.3565872,-1.348342,-0.2573846,29.09087,-27.59974,-22.7124
27700.,-2.282601,0.3851778,-1.331866,-0.2479432,29.15047,-27.53148,-22.50878
27710.,-2.275455,0.4140972,-1.315107,-0.2382469,29.20956,-27.46285,-22.30551
27720.,-2.268077,0.4433432,-1.298065,-0.228297,29.26813,-27.39385,-22.10259
27730.,-2.26047,0.4729139,-1.280743,-0.2180948,29.32621,-27.32448,-21.90002
27740.,-2.252633,0.5028071,-1.263142,-0.2076416,29.3838,-27.25475,-21.69781
27750.,-2.244567,0.5330209,-1.245262,-0.1969384,29.44089,-27.18466,-21.49594
27760.,-2.236275,0.5635533,-1.227107,-0.1859867,29.49751,-27.11421,-21.29443
27770.,-2.227755,0.5944023,-1.208677,-0.1747875,29.55366,-27.04341,-21.09325
27780.,-2.219011,0.6255661,-1.189973,-0.163342,29.60934,-26.97227,-20.89243
27790.,-2.210042,0.6570425,-1.170998,-0.1516515,29.66457,-26.90078,-20.69195
27800.,-2.200849,0.6888298,-1.151752,-0.139717,29.71934,-26.82895,-20.49181
27810.,-2.191434,0.7209261,-1.132237,-0.1275398,29.77367,-26.75679,-20.29202
27820.,-2.181797,0.7533294,-1.112454,-0.1151209,29.82756,-26.68429,-20.09257
27830.,-2.171939,0.7860378,-1.092405,-0.1024615,29.88102,-26.61146,-19.89346
27840.,-2.16186,0.8190497,-1.072092,-0.08956273,29.93406,-26.53831,-19.69469
27850.,-2.151563,0.8523631,-1.051515,-0.07642564,29.98668,-26.46483,-19.49625
27860.,-2.141048,0.8859762,-1.030675,-0.06305134,30.03888,-26.39104,-19.29816
27870.,-2.130315,0.9198872,-1.009575,-0.0494409,30.09068,-26.31693,-19.1004
27880.,-2.119365,0.9540943,-0.9882155,-0.03559537,30.14209,-26.24251,-18.90297
27890.,-2.1082,0.9885958,-0.9665977,-0.02151581,30.1931,-26.16778,-18.70588
27900.,-2.096819,1.02339,-0.9447229,-0.00720326,30.24372,-26.09274,-18.50912
27910.,-2.085225,1.058475,-0.9225924,0.00734126,30.29396,-26.0174,-18.31269
27920.,-2.073417,1.093779,-0.9002641,0.02211751,30.34383,-25.94194,-18.10821
27930.,-2.061395,1.12915,-0.8778597,0.0371267,30.39334,-25.86672,-17.88627
27940.,-2.049163,1.164588,-0.8553798,0.05236869,30.44249,-25.79175,-17.66479
27950.,-2.036722,1.200092,-0.8328253,0.06784124,30.49128,-25.71702,-17.44375
27960.,-2.024073,1.235661,-0.8101969,0.08354215,30.53973,-25.64252,-17.22317
27970.,-2.01122,1.271294,-0.7874953,0.09946924,30.58784,-25.56827,-17.00304
27980.,-1.998163,1.306991,-0.7647213,0.1156203,30.6356,-25.49425,-16.78336
27990.,-1.984904,1.342751,-0.7418755,0.1319933,30.68304,-25.42046,-16.56412
28000.,-1.971447,1.378573,-0.7189587,0.1485861,30.73014,-25.3469,-16.34533
28010.,-1.957791,1.414456,-0.6959716,0.1653965,30.77691,-25.27357,-16.12698
28020.,-1.94394,1.450401,-0.6729148,0.1824225,30.82336,-25.20047,-15.90908
28030.,-1.929895,1.486406,-0.6497891,0.1996621,30.86949,-25.12759,-15.69161
28040.,-1.915658,1.52247,-0.6265951,0.2171131,30.91531,-25.05493,-15.47459
28050.,-1.901231,1.558593,-0.6033335,0.2347737,30.96081,-24.9825,-15.25801
28060.,-1.886615,1.594775,-0.580005,0.2526417,31.00601,-24.91028,-15.04186
28070.,-1.871813,1.631014,-0.5566101,0.2707153,31.05091,-24.83828,-14.82615
28080.,-1.856825,1.66731,-0.5331496,0.2889924,31.09551,-24.76649,-14.61087
28090.,-1.841654,1.703662,-0.5096241,0.3074712,31.13981,-24.69492,-14.39602
28100.,-1.826302,1.74007,-0.4860342,0.3261498,31.18382,-24.62355,-14.18161
28110.,-1.810769,1.776533,-0.4623806,0.3450261,31.22754,-24.5524,-13.96762
28120.,-1.795058,1.813051,-0.4386638,0.3640984,31.27098,-24.48145,-13.75406
28130.,-1.779171,1.849622,-0.4148845,0.3833648,31.31414,-24.41071,-13.54093
28140.,-1.763109,1.886247,-0.3910432,0.4028235,31.35702,-24.34017,-13.32823
28150.,-1.746874,1.922924,-0.3671406,0.4224726,31.39963,-24.26983,-13.11595
28160.,-1.730466,1.959653,-0.3431772,0.4423103,31.44197,-24.19969,-12.90409
28170.,-1.713889,1.996434,-0.3191536,0.4623349,31.48404,-24.12975,-12.69265
28180.,-1.697143,2.033265,-0.2950704,0.4825445,31.52584,-24.06,-12.48164
28190.,-1.68023,2.070148,-0.2709282,0.5029375,31.56739,-23.99045,-12.27104
28200.,-1.663152,2.107079,-0.2467275,0.5235121,31.60869,-23.92109,-12.06085
28210.,-1.645909,2.14406,-0.2224689,0.5442666,31.64972,-23.85192,-11.85109
28220.,-1.628505,2.18109,-0.1981529,0.5651993,31.69051,-23.78294,-11.64174
28230.,-1.610939,2.218168,-0.17378,0.5863085,31.73106,-23.71414,-11.4328
28240.,-1.593214,2.255294,-0.1493508,0.6075925,31.77136,-23.64553,-11.22427
28250.,-1.575331,2.292467,-0.1248658,0.6290498,31.81141,-23.5771,-11.01615
28260.,-1.557291,2.329686,-0.1003255,0.6506786,31.85124,-23.50886,-10.80844
28270.,-1.539097,2.366951,-0.07573046,0.6724774,31.89082,-23.4408,-10.60114
28280.,-1.520748,2.404262,-0.05108116,0.6944445,31.93018,-23.37291,-10.39424
28290.,-1.502248,2.441618,-0.02637811,0.7165784,31.96931,-23.3052,-10.18775
28300.,-1.483596,2.479019,-0.001621789,0.7388775,32.00821,-23.23767,-9.981655
28310.,-1.464795,2.516464,0.02318731,0.7613403,32.0469,-23.1703,-9.775967
28320.,-1.445846,2.553952,0.04804869,0.7839652,32.08536,-23.10312,-9.570678
28330.,-1.42675,2.591483,0.0729619,0.8067507,32.1236,-23.0361,-9.365788
28340.,-1.407509,2.629058,0.09792646,0.8296954,32.16164,-22.96925,-9.161296
28350.,-1.388123,2.666674,0.1229419,0.8527976,32.19946,-22.90256,-8.9572
28360.,-1.368595,2.704332,0.1480078,0.876056,32.23707,-22.83605,-8.753498
28370.,-1.348925,2.742031,0.1731236,0.8994691,32.27448,-22.76969,-8.550189
28380.,-1.329115,2.779771,0.198289,0.9230354,32.31169,-22.7035,-8.347273
28390.,-1.309166,2.81755,0.2235026,0.9467533,32.34869,-22.63748,-8.146316
28400.,-1.289085,2.855184,0.2486925,0.9706023,32.38554,-22.57233,-8.086177
28410.,-1.268872,2.892675,0.2738576,0.9945618,32.42224,-22.50805,-8.026024
28420.,-1.248531,2.930022,0.298997,1.01863,32.45878,-22.44461,-7.965858
28430.,-1.228065,2.967225,0.3241098,1.042803,32.49516,-22.38203,-7.90568
28440.,-1.207475,3.004285,0.3491951,1.067081,32.5314,-22.32027,-7.84549
28450.,-1.186763,3.041202,0.3742518,1.09146,32.56748,-22.25935,-7.78529
28460.,-1.165933,3.077976,0.3992791,1.115938,32.60341,-22.19924,-7.725081
28470.,-1.144987,3.114606,0.4242761,1.140514,32.63919,-22.13994,-7.664864
28480.,-1.123926,3.151095,0.449242,1.165185,32.67482,-22.08144,-7.60464
28490.,-1.102754,3.18744,0.4741757,1.18995,32.7103,-22.02374,-7.544409
28500.,-1.081471,3.223644,0.4990764,1.214805,32.74563,-21.96681,-7.484174
28510.,-1.060081,3.259705,0.5239434,1.239749,32.78082,-21.91067,-7.423934
28520.,-1.038586,3.295624,0.5487757,1.26478,32.81586,-21.85528,-7.363691
28530.,-1.016987,3.331402,0.5735724,1.289896,32.85075,-21.80066,-7.303445
28540.,-0.9952871,3.367038,0.5983329,1.315095,32.8855,-21.74678,-7.243198
28550.,-0.9734884,3.402532,0.6230562,1.340375,32.9201,-21.69365,-7.182951
28560.,-0.9515927,3.437885,0.6477415,1.365734,32.95456,-21.64125,-7.122704
28570.,-0.9296023,3.473097,0.6723881,1.39117,32.98887,-21.58958,-7.062458
28580.,-0.9075191,3.508169,0.6969951,1.416681,33.02305,-21.53862,-7.002215
28590.,-0.8853452,3.543099,0.7215619,1.442266,33.05708,-21.48838,-6.941974
28600.,-0.8630826,3.577889,0.7460875,1.467922,33.09097,-21.43884,-6.881738
28610.,-0.8407332,3.612539,0.7705713,1.493648,33.12472,-21.38999,-6.821506
28620.,-0.818299,3.647049,0.7950125,1.519441,33.15833,-21.34183,-6.76128
28630.,-0.7957821,3.681419,0.8194104,1.5453,33.1918,-21.29435,-6.70106
28640.,-0.7731842,3.715649,0.8437642,1.571223,33.22514,-21.24754,-6.640848
28650.,-0.7505074,3.74974,0.8680733,1.597209,33.25834,-21.2014,-6.580644
28660.,-0.7277535,3.783691,0.8923368,1.623256,33.2914,-21.15592,-6.520448
28670.,-0.7049244,3.817503,0.9165542,1.649361,33.32432,-21.11109,-6.460263
28680.,-0.6820219,3.851177,0.9407247,1.675523,33.35711,-21.0669,-6.400087
28690.,-0.6590478,3.884712,0.9648477,1.701741,33.38976,-21.02334,-6.339923
28700.,-0.636004,3.918108,0.9889224,1.728012,33.42228,-20.98042,-6.279771
28710.,-0.6128923,3.951366,1.012948,1.754336,33.45467,-20.93812,-6.219632
28720.,-0.5897144,3.984486,1.036925,1.78071,33.48692,-20.89644,-6.159506
28730.,-0.5664721,4.017468,1.060851,1.807133,33.51904,-20.85537,-6.099394
28740.,-0.5431671,4.050313,1.084726,1.833603,33.55103,-20.8149,-6.039297
28750.,-0.5198011,4.08302,1.10855,1.860119,33.58289,-20.77503,-5.979216
28760.,-0.4963759,4.11559,1.132321,1.886679,33.61461,-20.73575,-5.919152
28770.,-0.4728931,4.148023,1.156041,1.913281,33.64621,-20.69705,-5.859104
28780.,-0.4493544,4.18032,1.179706,1.939924,33.67768,-20.65893,-5.799074
28790.,-0.4257614,4.212479,1.203318,1.966607,33.70902,-20.62138,-5.739062
28800.,-0.4021158,4.244503,1.226876,1.993328,33.74023,-20.5844,-5.67907
28810.,-0.3784192,4.27639,1.250378,2.020084,33.77131,-20.54797,-5.619097
28820.,-0.3546731,4.308142,1.273825,2.046876,33.80227,-20.5121,-5.559145
28830.,-0.3308792,4.339758,1.297216,2.073702,33.8331,-20.47677,-5.499213
28840.,-0.307039,4.371238,1.320549,2.100559,33.86381,-20.44199,-5.439304
28850.,-0.283154,4.402584,1.343826,2.127447,33.89439,-20.40774,-5.379416
28860.,-0.2592258,4.433794,1.367045,2.154364,33.92484,-20.37402,-5.319552
28870.,-0.2352552,4.464715,1.390207,2.181283,33.95519,-20.34123,-5.448454
28880.,-0.2112443,4.495282,1.413311,2.208167,33.98543,-20.30954,-5.65757
28890.,-0.1871955,4.525496,1.436356,2.235002,34.01555,-20.27893,-5.867197
28900.,-0.1631115,4.555359,1.45934,2.261786,34.04558,-20.24939,-6.077339
28910.,-0.138995,4.584872,1.482261,2.288519,34.07549,-20.2209,-6.287998
28920.,-0.1148482,4.614036,1.505118,2.315198,34.10529,-20.19347,-6.49918
28930.,-0.09067394,4.642853,1.527909,2.341822,34.13498,-20.16707,-6.710887
28940.,-0.06647451,4.671323,1.550633,2.368388,34.16456,-20.14169,-6.923123
28950.,-0.04225239,4.699449,1.573288,2.394896,34.19403,-20.11733,-7.135892
28960.,-0.01801002,4.727231,1.595872,2.421344,34.22339,-20.09397,-7.349198
28970.,0.006250208,4.75467,1.618385,2.447729,34.25263,-20.0716,-7.563045
28980.,0.03052593,4.781769,1.640824,2.47405,34.28176,-20.05021,-7.777437
28990.,0.0548148,4.808527,1.663187,2.500307,34.31077,-20.02979,-7.992378
29000.,0.07911449,4.834947,1.685475,2.526496,34.33967,-20.01033,-8.207871
29010.,0.1034227,4.86103,1.707684,2.552617,34.36845,-19.99182,-8.423921
29020.,0.1277372,4.886777,1.729814,2.578668,34.39712,-19.97424,-8.640532
29030.,0.1520558,4.912188,1.751864,2.604647,34.42567,-19.9576,-8.857707
29040.,0.1763761,4.937266,1.773831,2.630554,34.4541,-19.94187,-9.075451
29050.,0.2006961,4.962012,1.795715,2.656386,34.48241,-19.92705,-9.293767
29060.,0.2250135,4.986426,1.817514,2.682142,34.5106,-19.91313,-9.512661
29070.,0.2493263,5.01051,1.839227,2.707821,34.53868,-19.9001,-9.732136
29080.,0.2736322,5.034266,1.860852,2.733421,34.56663,-19.88795,-9.952196
29090.,0.2979293,5.057693,1.882389,2.75894,34.59447,-19.87667,-10.17285
29100.,0.3222153,5.080794,1.903835,2.784379,34.62218,-19.86625,-10.39409
29110.,0.3464884,5.10357,1.92519,2.809734,34.64977,-19.85668,-10.61593
29120.,0.3707465,5.126022,1.946453,2.835005,34.67724,-19.84795,-10.83837
29130.,0.3949875,5.148151,1.967622,2.86019,34.70458,-19.84006,-11.06143
29140.,0.4192095,5.169958,1.988695,2.885288,34.73181,-19.83299,-11.28509
29150.,0.4434105,5.191444,2.009673,2.910298,34.75891,-19.82674,-11.50936
29160.,0.4675887,5.212611,2.030553,2.935218,34.78588,-19.82129,-11.73426
29170.,0.491742,5.23346,2.051334,2.960048,34.81273,-19.81664,-11.95978
29180.,0.5158687,5.253991,2.072016,2.984785,34.83946,-19.81278,-12.18594
29190.,0.5399668,5.274206,2.092597,3.009429,34.86606,-19.80971,-12.41272
29200.,0.5640345,5.294106,2.113076,3.033979,34.89254,-19.8074,-12.64014
29210.,0.58807,5.313693,2.133452,3.058433,34.91889,-19.80587,-12.86821
29220.,0.6120715,5.332966,2.153723,3.08279,34.94511,-19.80509,-13.09692
29230.,0.6360372,5.351928,2.17389,3.107048,34.97121,-19.80506,-13.32629
29240.,0.6599654,5.37058,2.19395,3.131208,34.99718,-19.80577,-13.55631
29250.,0.6838543,5.388922,2.213902,3.155267,35.02302,-19.80721,-13.78699
29260.,0.7077022,5.406956,2.233747,3.179225,35.04873,-19.80938,-14.01835
29270.,0.7315074,5.424683,2.253482,3.20308,35.07432,-19.81227,-14.25037
29280.,0.7552683,5.442103,2.273106,3.226831,35.09978,-19.81587,-14.48307
29290.,0.7789831,5.459218,2.292619,3.250477,35.12511,-19.82018,-14.71645
29300.,0.8026503,5.47603,2.31202,3.274018,35.15031,-19.82518,-14.95051
29310.,0.8262682,5.492538,2.331308,3.297452,35.17538,-19.83087,-15.18527
29320.,0.8498353,5.508744,2.350481,3.320777,35.20032,-19.83725,-15.42073
29330.,0.8733499,5.52465,2.369539,3.343994,35.22513,-19.8443,-15.65689
29340.,0.8968107,5.540196,2.388484,3.367096,35.24978,-19.85202,-15.93778
29350.,0.920216,5.55529,2.407319,3.390067,35.27421,-19.86042,-16.28743
29360.,0.943564,5.569936,2.426043,3.4129,35.29842,-19.86948,-16.63859
29370.,0.9668525,5.584135,2.444655,3.435592,35.32242,-19.8792,-16.99127
29380.,0.9900797,5.597889,2.463152,3.458143,35.3462,-19.88958,-17.34548
29390.,1.013244,5.611201,2.481535,3.480552,35.36977,-19.9006,-17.70125
29400.,1.036342,5.624072,2.4998,3.502817,35.39313,-19.91227,-18.05859
29410.,1.059374,5.636505,2.517948,3.524936,35.41627,-19.92457,-18.41751
29420.,1.082337,5.648501,2.535976,3.54691,35.43919,-19.9375,-18.77803
29430.,1.105229,5.660062,2.553883,3.568737,35.46191,-19.95105,-19.14017
29440.,1.128048,5.671191,2.571669,3.590416,35.48441,-19.96523,-19.50395
29450.,1.150793,5.68189,2.589331,3.611945,35.5067,-19.98001,-19.86937
29460.,1.173462,5.69216,2.606868,3.633325,35.52878,-19.99541,-20.23647
29470.,1.196053,5.702003,2.62428,3.654553,35.55064,-20.0114,-20.60526
29480.,1.218564,5.711422,2.641564,3.675629,35.5723,-20.02799,-20.97575
29490.,1.240994,5.720418,2.65872,3.696552,35.59375,-20.04517,-21.34797
29500.,1.263341,5.728993,2.675747,3.71732,35.61498,-20.06294,-21.72193
29510.,1.285603,5.737149,2.692643,3.737933,35.63601,-20.08129,-22.09765
29520.,1.307779,5.744888,2.709407,3.75839,35.65683,-20.10021,-22.47515
29530.,1.329867,5.752212,2.726038,3.77869,35.67744,-20.11971,-22.85446
29540.,1.351866,5.759122,2.742535,3.798832,35.69784,-20.13976,-23.23559
29550.,1.373773,5.765621,2.758897,3.818815,35.71803,-20.16038,-23.61856
29560.,1.395588,5.77171,2.775122,3.838639,35.73802,-20.18156,-24.00339
29570.,1.417308,5.777391,2.79121,3.858301,35.7578,-20.20328,-24.39011
29580.,1.438933,5.782666,2.80716,3.877802,35.77737,-20.22555,-24.77874
29590.,1.460461,5.787537,2.82297,3.897141,35.79674,-20.24836,-25.16929
29600.,1.481889,5.792005,2.838639,3.916317,35.8159,-20.27171,-25.56179
29610.,1.503218,5.796073,2.854167,3.935328,35.83486,-20.29559,-25.95626
29620.,1.524445,5.799741,2.869552,3.954174,35.85362,-20.32,-26.35273
29630.,1.545569,5.803012,2.884793,3.972855,35.87217,-20.34493,-26.75122
29640.,1.566588,5.805887,2.89989,3.991369,35.89051,-20.37038,-27.15175
29650.,1.587502,5.808368,2.914841,4.009717,35.90866,-20.39634,-27.55434
29660.,1.608308,5.810457,2.929646,4.027896,35.9266,-20.42282,-27.95903
29670.,1.629006,5.812155,2.944303,4.045906,35.94434,-20.4498,-28.36584
29680.,1.649594,5.813465,2.958812,4.063747,35.96187,-20.47728,-28.77478
29690.,1.670071,5.814387,2.973172,4.081417,35.97921,-20.50526,-29.1859
29700.,1.690435,5.814923,2.987382,4.098917,35.99634,-20.53373,-29.59921
29710.,1.710685,5.815075,3.00144,4.116245,36.01328,-20.56269,-30.01474
29720.,1.730821,5.814845,3.015347,4.133401,36.03001,-20.59214,-30.43252
29730.,1.75084,5.814235,3.0291,4.150384,36.04655,-20.62207,-30.85258
29740.,1.770741,5.813244,3.042701,4.167193,36.06288,-20.65248,-31.27494
29750.,1.790524,5.811877,3.056146,4.183828,36.07902,-20.68336,-31.69964
29760.,1.810186,5.810133,3.069437,4.200287,36.09496,-20.71471,-32.12671
29770.,1.829728,5.808014,3.082571,4.216572,36.1107,-20.74653,-32.55617
29780.,1.849147,5.805522,3.095549,4.23268,36.12624,-20.77881,-32.98806
29790.,1.868443,5.802659,3.108369,4.248611,36.14159,-20.81156,-33.42241
29800.,1.887615,5.799426,3.121031,4.264365,36.15674,-20.84475,-33.85924
29810.,1.90666,5.795859,3.133541,4.279944,36.1717,-20.87839,-34.2672
29820.,1.92558,5.79232,3.145986,4.295382,36.18649,-20.91223,-34.3451
29830.,1.944374,5.788807,3.158363,4.310712,36.20111,-20.9463,-34.42316
29840.,1.963042,5.78532,3.170674,4.325933,36.21557,-20.98057,-34.50136
29850.,1.981584,5.781858,3.182917,4.341045,36.22987,-21.01506,-34.57972
29860.,2.000001,5.778418,3.195092,4.356049,36.24401,-21.04976,-34.65822
29870.,2.018293,5.775001,3.207199,4.370944,36.25799,-21.08466,-34.73687
29880.,2.036459,5.771604,3.219238,4.38573,36.27181,-21.11978,-34.81567
29890.,2.054501,5.768226,3.231207,4.400407,36.28547,-21.1551,-34.89462
29900.,2.072418,5.764866,3.243108,4.414976,36.29897,-21.19062,-34.97372
29910.,2.09021,5.761523,3.254938,4.429437,36.31232,-21.22635,-35.05298
29920.,2.107878,5.758195,3.266699,4.443789,36.32551,-21.26228,-35.13238
29930.,2.125422,5.754883,3.27839,4.458032,36.33855,-21.2984,-35.21194
29940.,2.142842,5.751583,3.29001,4.472167,36.35144,-21.33473,-35.29164
29950.,2.160138,5.748296,3.301559,4.486193,36.36418,-21.37125,-35.37151
29960.,2.17731,5.74502,3.313037,4.500111,36.37677,-21.40797,-35.45152
29970.,2.194359,5.741754,3.324443,4.513921,36.38921,-21.44489,-35.53169
29980.,2.211285,5.738496,3.335777,4.527622,36.4015,-21.48199,-35.61201
29990.,2.228087,5.735247,3.34704,4.541215,36.41364,-21.51929,-35.69249
30000.,2.244767,5.732004,3.358229,4.5547,36.42564,-21.55678,-35.77312
30010.,2.261324,5.728767,3.369347,4.568077,36.43749,-21.59446,-35.8539
30020.,2.277758,5.725534,3.380391,4.581345,36.4492,-21.63233,-35.93484
30030.,2.29407,5.722305,3.391361,4.594506,36.46077,-21.67039,-36.01594
30040.,2.31026,5.719078,3.402259,4.607558,36.4722,-21.70863,-36.0972
30050.,2.326328,5.715853,3.413082,4.620502,36.48348,-21.74705,-36.17861
30060.,2.342274,5.712629,3.423832,4.633339,36.49463,-21.78566,-36.26018
30070.,2.358099,5.709404,3.434507,4.646067,36.50563,-21.82445,-36.3419
30080.,2.373802,5.706177,3.445107,4.658688,36.5165,-21.86343,-36.42379
30090.,2.389384,5.702948,3.455633,4.671201,36.52723,-21.90258,-36.50583
30100.,2.404845,5.699716,3.466083,4.683607,36.53783,-21.94191,-36.58803
30110.,2.420185,5.69648,3.476458,4.695904,36.54829,-21.98142,-36.67039
30120.,2.435404,5.693238,3.486758,4.708095,36.55862,-22.02111,-36.75292
30130.,2.450503,5.68999,3.496982,4.720177,36.56881,-22.06097,-36.8356
30140.,2.465482,5.686735,3.50713,4.732153,36.57887,-22.10101,-36.91844
30150.,2.480341,5.683472,3.517201,4.744021,36.5888,-22.14122,-37.00144
30160.,2.49508,5.6802,3.527196,4.755782,36.5986,-22.1816,-37.08461
30170.,2.509699,5.676918,3.537115,4.767436,36.60827,-22.22216,-37.16793
30180.,2.524198,5.673626,3.546956,4.778982,36.61781,-22.26288,-37.25142
30190.,2.538579,5.670322,3.556721,4.790422,36.62722,-22.30378,-37.33508
30200.,2.55284,5.667007,3.566408,4.801755,36.6365,-22.34485,-37.41889
30210.,2.566983,5.663678,3.576017,4.81298,36.64566,-22.38608,-37.50287
30220.,2.581007,5.660335,3.585549,4.8241,36.65469,-22.42748,-37.58701
30230.,2.594912,5.656977,3.595004,4.835112,36.6636,-22.46904,-37.67132
30240.,2.608699,5.653604,3.60438,4.846018,36.67238,-22.51078,-37.75579
30250.,2.622368,5.650214,3.613678,4.856817,36.68104,-22.55267,-37.84043
30260.,2.63592,5.646807,3.622897,4.86751,36.68958,-22.59473,-37.92524
30270.,2.649353,5.643383,3.632038,4.878097,36.698,-22.63695,-38.01021
30280.,2.662669,5.639939,3.6411,4.888577,36.70629,-22.67933,-38.09534
30290.,2.675868,5.636512,3.650088,4.898958,36.71451,-22.72175,-38.11197
30300.,2.68895,5.63311,3.659003,4.909247,36.72267,-22.76415,-38.10913
30310.,2.701917,5.629733,3.667846,4.919447,36.73078,-22.80655,-38.10635
30320.,2.714768,5.62638,3.676617,4.929559,36.73882,-22.84894,-38.10363
30330.,2.727505,5.62305,3.685316,4.939582,36.7468,-22.89132,-38.10098
30340.,2.740128,5.619743,3.693943,4.949516,36.75473,-22.9337,-38.09839
30350.,2.752637,5.616457,3.702498,4.959364,36.76259,-22.97608,-38.09586
30360.,2.765034,5.613192,3.710982,4.969123,36.7704,-23.01845,-38.09339
30370.,2.777318,5.609948,3.719395,4.978796,36.77816,-23.06082,-38.09098
30380.,2.789491,5.606723,3.727737,4.988382,36.78585,-23.10319,-38.08863
30390.,2.801553,5.603518,3.736009,4.997883,36.79349,-23.14556,-38.08634
30400.,2.813505,5.60033,3.74421,5.007297,36.80107,-23.18793,-38.08412
30410.,2.825347,5.59716,3.752341,5.016625,36.80859,-23.2303,-38.08195
30420.,2.83708,5.594007,3.760401,5.025869,36.81606,-23.27267,-38.07984
30430.,2.848704,5.59087,3.768392,5.035027,36.82347,-23.31504,-38.07779
30440.,2.86022,5.587749,3.776314,5.044101,36.83083,-23.35742,-38.07581
30450.,2.871629,5.584642,3.784165,5.053091,36.83813,-23.3998,-38.07388
30460.,2.882931,5.58155,3.791948,5.061997,36.84538,-23.44218,-38.07201
30470.,2.894127,5.578471,3.799662,5.07082,36.85257,-23.48457,-38.0702
30480.,2.905216,5.575406,3.807306,5.07956,36.85971,-23.52697,-38.06845
30490.,2.916201,5.572352,3.814882,5.088216,36.86679,-23.56937,-38.06675
30500.,2.927081,5.569311,3.82239,5.09679,36.87382,-23.61178,-38.06512
30510.,2.937856,5.56628,3.829829,5.105282,36.8808,-23.6542,-38.06354
30520.,2.948528,5.56326,3.837201,5.113693,36.88772,-23.69662,-38.06202
30530.,2.959097,5.56025,3.844504,5.122021,36.89459,-23.73906,-38.06055
30540.,2.969563,5.55725,3.85174,5.130269,36.90141,-23.7815,-38.05915
30550.,2.979928,5.554258,3.858908,5.138435,36.90817,-23.82396,-38.0578
30560.,2.990191,5.551274,3.866009,5.146521,36.91488,-23.86643,-38.05651
30570.,3.000352,5.548298,3.873043,5.154526,36.92154,-23.9089,-38.05527
30580.,3.009967,5.544902,3.879556,5.161992,36.53417,-23.95156,-38.04436
30590.,3.018596,5.54065,3.885104,5.168466,36.15138,-23.99493,-38.02629
30600.,3.026257,5.535558,3.889703,5.173966,35.7731,-24.03898,-38.00892
30610.,3.032965,5.52964,3.89337,5.17851,35.39926,-24.08371,-37.99222
30620.,3.038736,5.52291,3.89612,5.182113,35.02977,-24.12909,-37.97621
30630.,3.043585,5.515382,3.897969,5.18479,34.66457,-24.17513,-37.96085
30640.,3.047528,5.507071,3.898931,5.186559,34.30358,-24.2218,-37.94614
30650.,3.050579,5.497989,3.899022,5.187434,33.94673,-24.26909,-37.93206
30660.,3.052753,5.488151,3.898255,5.187429,33.59396,-24.31699,-37.91862
30670.,3.054064,5.477568,3.896645,5.18656,33.2452,-24.36548,-37.90579
30680.,3.054526,5.466254,3.894206,5.184841,32.90038,-24.41456,-37.89356
30690.,3.054153,5.45422,3.890951,5.182287,32.55944,-24.46421,-37.88193
30700.,3.052957,5.44148,3.886893,5.178909,32.22232,-24.51441,-37.87089
30710.,3.050952,5.428045,3.882046,5.174724,31.88895,-24.56517,-37.86042
30720.,3.048151,5.413926,3.876423,5.169742,31.55927,-24.61646,-37.85052
30730.,3.044568,5.399135,3.870036,5.163979,31.23323,-24.66828,-37.84117
30740.,3.040213,5.383684,3.862897,5.157446,30.91076,-24.72061,-37.83237
30750.,3.035099,5.367583,3.855019,5.150156,30.59181,-24.77345,-37.8241
30760.,3.029239,5.350849,3.846407,5.142123,30.27632,-24.82669,-37.8023
30770.,3.022645,5.333499,3.837067,5.133361,29.96423,-24.88021,-37.76518
30780.,3.015327,5.315542,3.82701,5.123884,29.65548,-24.93401,-37.72859
30790.,3.007298,5.296989,3.816247,5.113704,29.35001,-24.98807,-37.69252
30800.,2.998568,5.277851,3.80479,5.102833,29.04779,-25.0424,-37.65694
30810.,2.989149,5.258137,3.792651,5.09128,28.74876,-25.09698,-37.62187
30820.,2.979052,5.237856,3.779839,5.079058,28.45287,-25.15181,-37.58728
30830.,2.968287,5.217019,3.766367,5.066178,28.16007,-25.20689,-37.55316
30840.,2.956865,5.195634,3.752243,5.052651,27.87031,-25.26219,-37.51952
30850.,2.944797,5.17371,3.737479,5.038485,27.58355,-25.31773,-37.48635
30860.,2.932092,5.151258,3.722085,5.023693,27.29975,-25.37349,-37.45362
30870.,2.91876,5.128285,3.706071,5.008285,27.01885,-25.42947,-37.42134
30880.,2.904811,5.104799,3.689446,4.992269,26.74081,-25.48566,-37.3895
30890.,2.890254,5.080811,3.67222,4.975657,26.4656,-25.54206,-37.3581
30900.,2.8751,5.056327,3.654403,4.958457,26.19317,-25.59866,-37.32711
30910.,2.859358,5.031356,3.636004,4.940678,25.92347,-25.65545,-37.29654
30920.,2.843035,5.005906,3.617031,4.922332,25.65646,-25.71244,-37.26638
30930.,2.826143,4.979985,3.597495,4.903425,25.39212,-25.76961,-37.23662
30940.,2.808688,4.9536,3.577403,4.883967,25.13039,-25.82696,-37.20726
30950.,2.79068,4.926759,3.556765,4.863968,24.87124,-25.88449,-37.17828
30960.,2.772128,4.89947,3.535589,4.843435,24.61463,-25.94219,-37.14969
30970.,2.753039,4.87174,3.513883,4.822378,24.36052,-26.00006,-37.12147
30980.,2.733423,4.843576,3.491655,4.800804,24.10888,-26.05809,-37.09362
30990.,2.713287,4.814985,3.468914,4.778721,23.85967,-26.11627,-37.06613
31000.,2.692638,4.785974,3.445668,4.756139,23.61286,-26.17462,-37.03899
31010.,2.671486,4.75655,3.421924,4.733064,23.36841,-26.23311,-37.01221
31020.,2.649836,4.726719,3.39769,4.709504,23.12628,-26.29175,-36.98577
31030.,2.627698,4.696489,3.372973,4.685467,22.88645,-26.35053,-36.95966
31040.,2.605079,4.665865,3.347782,4.660961,22.64888,-26.40946,-36.93389
31050.,2.581985,4.634854,3.322123,4.635992,22.41354,-26.46851,-36.90845
31060.,2.558424,4.603462,3.296003,4.610569,22.1804,-26.5277,-36.88332
31070.,2.534404,4.571695,3.269429,4.584698,21.94942,-26.58702,-36.85851
31080.,2.50993,4.539559,3.242409,4.558387,21.72058,-26.64646,-36.83401
31090.,2.48501,4.507061,3.21495,4.531641,21.49384,-26.70602,-36.80981
31100.,2.459651,4.474205,3.187057,4.504469,21.26918,-26.7657,-36.78591
31110.,2.433858,4.440998,3.158738,4.476876,21.04657,-26.8255,-36.7623
31120.,2.40764,4.407446,3.129998,4.448869,20.82597,-26.88541,-36.73898
31130.,2.381001,4.373553,3.100846,4.420455,20.60737,-26.94542,-36.71595
31140.,2.353949,4.339326,3.071286,4.39164,20.39072,-27.00555,-36.69319
31150.,2.32649,4.304769,3.041325,4.36243,20.17602,-27.06577,-36.67071
31160.,2.298629,4.269887,3.010969,4.332832,19.96322,-27.1261,-36.6485
31170.,2.270374,4.234687,2.980223,4.30285,19.7523,-27.18652,-36.62655
31180.,2.241728,4.199173,2.949095,4.272493,19.54324,-27.24704,-36.60486
31190.,2.212699,4.16335,2.917589,4.241764,19.33602,-27.30765,-36.58343
31200.,2.183293,4.127222,2.885712,4.21067,19.1306,-27.36835,-36.56225
31210.,2.153514,4.090796,2.853468,4.179217,18.92696,-27.42914,-36.54131
31220.,2.123368,4.054075,2.820864,4.14741,18.72507,-27.49001,-36.52062
31230.,2.092861,4.017066,2.787905,4.115255,18.52492,-27.55091,-36.50046
31240.,2.061997,3.979787,2.754598,4.082756,18.32645,-27.61159,-36.48209
31250.,2.030782,3.942243,2.720947,4.04992,18.12964,-27.67203,-36.46394
31260.,1.999221,3.904438,2.686959,4.016753,17.93446,-27.73224,-36.44601
31270.,1.96732,3.866376,2.652638,3.983258,17.7409,-27.79223,-36.42831
31280.,1.935084,3.828062,2.61799,3.949443,17.54894,-27.85199,-36.41082
31290.,1.902518,3.789501,2.583021,3.915311,17.35854,-27.91152,-36.39355
31300.,1.869627,3.750696,2.547735,3.880869,17.1697,-27.97083,-36.37648
31310.,1.836418,3.711652,2.512138,3.846121,16.98239,-28.02992,-36.35962
31320.,1.802894,3.672373,2.476234,3.811073,16.7966,-28.08878,-36.34296
31330.,1.76906,3.632864,2.440029,3.775729,16.6123,-28.14743,-36.32649
31340.,1.734923,3.593128,2.403527,3.740095,16.42947,-28.20585,-36.31022
31350.,1.700486,3.553169,2.366733,3.704174,16.24809,-28.26405,-36.29414
31360.,1.665753,3.512991,2.329652,3.667973,16.06815,-28.32204,-36.27824
31370.,1.630731,3.472599,2.292288,3.631495,15.88963,-28.37981,-36.26253
31380.,1.595424,3.431995,2.254646,3.594744,15.7125,-28.43737,-36.247
31390.,1.559835,3.391184,2.216731,3.557727,15.53676,-28.49472,-36.23164
31400.,1.52397,3.350169,2.178546,3.520446,15.36238,-28.55185,-36.21645
31410.,1.487832,3.308954,2.140097,3.482907,15.18935,-28.60877,-36.20144
31420.,1.451427,3.267543,2.101388,3.445114,15.01765,-28.66548,-36.18659
31430.,1.414759,3.225938,2.062422,3.407071,14.84726,-28.72198,-36.1719
31440.,1.377831,3.184144,2.023204,3.368781,14.67816,-28.77827,-36.15737
31450.,1.340649,3.142163,1.983738,3.33025,14.51035,-28.83436,-36.14299
31460.,1.303215,3.1,1.944029,3.291482,14.34379,-28.89024,-36.12877
31470.,1.265534,3.057657,1.904079,3.252479,14.17849,-28.94592,-36.11471
31480.,1.22761,3.015138,1.863893,3.213247,14.01442,-29.0014,-36.10078
31490.,1.189448,2.972446,1.823476,3.173789,13.85156,-29.05667,-36.08701
31500.,1.15105,2.929584,1.782829,3.134109,13.68991,-29.11174,-36.07337
31510.,1.11242,2.886555,1.741959,3.094211,13.52944,-29.16662,-36.05987
31520.,1.073563,2.843362,1.700867,3.054098,13.37015,-29.2213,-36.04651
31530.,1.034483,2.800008,1.659558,3.013775,13.21201,-29.27577,-36.03328
31540.,0.9951814,2.756497,1.618036,2.973244,13.05502,-29.33006,-36.02018
31550.,0.9556636,2.712831,1.576303,2.932509,12.89916,-29.38415,-36.00721
31560.,0.9159326,2.669012,1.534364,2.891574,12.74441,-29.43804,-35.99437
31570.,0.8759919,2.625044,1.492221,2.850442,12.59077,-29.49175,-35.98165
31580.,0.835845,2.58093,1.449879,2.809117,12.43821,-29.54526,-35.96905
31590.,0.7954952,2.536672,1.40734,2.767601,12.28673,-29.59858,-35.95656
31600.,0.7549459,2.492273,1.364608,2.725899,12.13632,-29.65171,-35.94419
31610.,0.7142005,2.447736,1.321686,2.684013,11.98695,-29.70466,-35.93194
31620.,0.673262,2.403063,1.278577,2.641947,11.83862,-29.75741,-35.91979
31630.,0.6321339,2.358257,1.235285,2.599703,11.69131,-29.80999,-35.90776
31640.,0.5908191,2.31332,1.191812,2.557285,11.54502,-29.86238,-35.89582
31650.,0.5493208,2.268255,1.148161,2.514697,11.39973,-29.91458,-35.884
31660.,0.507642,2.223065,1.104336,2.47194,11.25543,-29.9666,-35.87227
31670.,0.4657859,2.177751,1.06034,2.429018,11.1121,-30.01844,-35.86064
31680.,0.4237554,2.132316,1.016175,2.385934,10.96974,-30.07011,-35.84911
31690.,0.3815533,2.086763,0.9718442,2.342691,10.82833,-30.12159,-35.83768
31700.,0.3391827,2.041094,0.9273507,2.299291,10.68787,-30.17289,-35.82634
31710.,0.2966465,1.995326,0.8827084,2.255736,10.54832,-30.2238,-35.83064
31720.,0.2539479,1.949464,0.837922,2.212028,10.40968,-30.27428,-35.83769
31730.,0.2110899,1.90351,0.7929944,2.168169,10.27194,-30.32434,-35.84483
31740.,0.1680756,1.857467,0.7479285,2.124162,10.13509,-30.37398,-35.85205
31750.,0.1249079,1.811337,0.7027272,2.080011,9.999114,-30.4232,-35.85936
31760.,0.08158979,1.765123,0.6573931,2.035717,9.864005,-30.472,-35.86674
31770.,0.03812416,1.718825,0.611929,1.991284,9.729754,-30.52039,-35.87421
31780.,-0.005486125,1.672447,0.5663376,1.946715,9.596349,-30.56838,-35.88176
31790.,-0.04923825,1.625992,0.5206215,1.902013,9.463783,-30.61597,-35.88938
31800.,-0.09312942,1.579459,0.4747834,1.85718,9.332046,-30.66315,-35.89707
31810.,-0.1371569,1.532853,0.4288259,1.812219,9.201129,-30.70994,-35.90483
31820.,-0.181318,1.486175,0.3827515,1.767133,9.071021,-30.75633,-35.91267
31830.,-0.22561,1.439427,0.3365626,1.721924,8.941715,-30.80233,-35.92057
31840.,-0.2700303,1.392611,0.2902618,1.676595,8.813202,-30.84795,-35.92854
31850.,-0.3145764,1.345729,0.2438516,1.631149,8.685473,-30.89318,-35.93657
31860.,-0.3592456,1.298783,0.1973342,1.585587,8.558519,-30.93804,-35.94466
31870.,-0.4040354,1.251774,0.1507121,1.539914,8.432331,-30.98251,-35.95282
31880.,-0.4489433,1.204706,0.1039877,1.49413,8.306902,-31.02661,-35.96103
31890.,-0.4936307,1.157897,0.05750486,1.448583,8.576773,-31.07008,-35.99033
31900.,-0.5377626,1.111682,0.01160091,1.403616,8.84387,-31.11238,-36.02496
31910.,-0.581343,1.066057,-0.03372843,1.359224,9.108215,-31.15353,-36.0592
31920.,-0.6243757,1.021016,-0.07848741,1.315403,9.369831,-31.19353,-36.09306
31930.,-0.6668649,0.9765565,-0.1226803,1.272149,9.628742,-31.2324,-36.12654
31940.,-0.7088144,0.9326732,-0.1663112,1.229456,9.88497,-31.27016,-36.15965
31950.,-0.7502281,0.8893619,-0.2093846,1.187321,10.13854,-31.3068,-36.19239
31960.,-0.7911101,0.8466184,-0.2519044,1.14574,10.38947,-31.34235,-36.22477
31970.,-0.8314642,0.8044384,-0.293875,1.104708,10.63778,-31.37682,-36.25678
31980.,-0.8712945,0.7628174,-0.3353006,1.06422,10.88351,-31.41021,-36.28842
31990.,-0.9106047,0.7217513,-0.3761854,1.024274,11.12666,-31.44254,-36.31971
32000.,-0.949399,0.6812357,-0.4165334,0.9848638,11.36727,-31.47382,-36.35064
32010.,-0.9876811,0.6412663,-0.456349,0.9459858,11.60535,-31.50406,-36.38122
32020.,-1.025455,0.601839,-0.4956363,0.9076358,11.84093,-31.53327,-36.41145
32030.,-1.062725,0.5629495,-0.5343993,0.8698094,12.07402,-31.56146,-36.44133
32040.,-1.099494,0.5245935,-0.5726423,0.8325026,12.30466,-31.58864,-36.47087
32050.,-1.135766,0.4867668,-0.6103694,0.7957111,12.53286,-31.61482,-36.50007
32060.,-1.171546,0.4494653,-0.6475846,0.7594307,12.75865,-31.64002,-36.52893
32070.,-1.206838,0.4126847,-0.6842921,0.7236573,12.98204,-31.66424,-36.55745
32080.,-1.241644,0.3764209,-0.720496,0.6883867,13.20306,-31.68749,-36.58563
32090.,-1.275969,0.3406697,-0.7562002,0.6536148,13.42174,-31.70979,-36.61349
32100.,-1.309817,0.305427,-0.7914089,0.6193374,13.63808,-31.73114,-36.64102
32110.,-1.343191,0.2706887,-0.8261262,0.5855505,13.85212,-31.75156,-36.66823
32120.,-1.376096,0.2364506,-0.8603559,0.55225,14.06387,-31.77104,-36.69511
32130.,-1.408534,0.2027087,-0.8941021,0.5194318,14.27335,-31.78961,-36.72167
32140.,-1.440511,0.1694589,-0.9273688,0.4870919,14.48059,-31.80728,-36.74792
32150.,-1.472029,0.1366972,-0.96016,0.4552262,14.68561,-31.82404,-36.77385
32160.,-1.503092,0.1044195,-0.9924796,0.4238307,14.88843,-31.83992,-36.79947
32170.,-1.533705,0.07262184,-1.024332,0.3929014,15.08907,-31.85492,-36.82478
32180.,-1.56387,0.0413276,-1.0557,0.3624347,15.28758,-31.86893,-36.84804
32190.,-1.593591,0.01055561,-1.086571,0.3324272,15.48401,-31.8819,-36.86953
32200.,-1.622872,-0.01969812,-1.11695,0.3028756,15.67837,-31.89381,-36.89072
32210.,-1.651715,-0.04943754,-1.14684,0.2737764,15.8707,-31.90468,-36.91161
32220.,-1.680123,-0.07866659,-1.176244,0.2451262,16.061,-31.91453,-36.9322
32230.,-1.708101,-0.1073892,-1.205167,0.2169214,16.24931,-31.92336,-36.95249
32240.,-1.73565,-0.1356093,-1.233612,0.1891588,16.43563,-31.93119,-36.97249
32250.,-1.762774,-0.1633307,-1.261583,0.1618348,16.61999,-31.93802,-36.9922
32260.,-1.789477,-0.1905572,-1.289083,0.1349461,16.80241,-31.94387,-37.01162
32270.,-1.815761,-0.2172928,-1.316116,0.1084893,16.9829,-31.94874,-37.03075
32280.,-1.84163,-0.2435412,-1.342686,0.08246109,17.1615,-31.95265,-37.04959
32290.,-1.867086,-0.2693063,-1.368796,0.05685811,17.3382,-31.9556,-37.06815
32300.,-1.892133,-0.2945917,-1.39445,0.03167704,17.51305,-31.95761,-37.08644
32310.,-1.916773,-0.3194012,-1.419651,0.006914586,17.68604,-31.95869,-37.10444
32320.,-1.941011,-0.3437385,-1.444403,-0.01743253,17.85721,-31.95884,-37.12217
32330.,-1.964848,-0.3676074,-1.468709,-0.04136758,18.02657,-31.95807,-37.13962
32340.,-1.988289,-0.3910115,-1.492574,-0.06489379,18.19413,-31.9564,-37.1568
32350.,-2.011335,-0.4139544,-1.516,-0.08801438,18.35993,-31.95384,-37.17371
32360.,-2.03399,-0.4364398,-1.53899,-0.1107326,18.52397,-31.95038,-37.19035
32370.,-2.056257,-0.4584712,-1.561549,-0.1330515,18.68627,-31.94605,-37.20673
32380.,-2.078139,-0.4800523,-1.583679,-0.1549744,18.84686,-31.94085,-37.22285
32390.,-2.099638,-0.5011867,-1.605385,-0.1765044,19.00575,-31.93479,-37.2387
32400.,-2.120758,-0.5218777,-1.626668,-0.1976445,19.16295,-31.92788,-37.2543
32410.,-2.141502,-0.542129,-1.647534,-0.218398,19.31849,-31.92012,-37.26964
32420.,-2.161872,-0.561944,-1.667984,-0.2387678,19.47239,-31.91154,-37.28472
32430.,-2.181872,-0.5813262,-1.688023,-0.2587571,19.62465,-31.90213,-37.29955
32440.,-2.201503,-0.600279,-1.707653,-0.2783688,19.7753,-31.89191,-37.31413
32450.,-2.22077,-0.6188058,-1.726878,-0.2976061,19.92436,-31.88087,-37.32846
32460.,-2.239674,-0.6369101,-1.745701,-0.3164718,20.07183,-31.86905,-37.34255
32470.,-2.258219,-0.654595,-1.764125,-0.334969,20.21775,-31.85643,-37.35639
32480.,-2.276407,-0.6718641,-1.782153,-0.3531006,20.36212,-31.84302,-37.36998
32490.,-2.294242,-0.6887206,-1.799789,-0.3708695,20.50496,-31.82885,-37.38334
32500.,-2.311725,-0.7051677,-1.817036,-0.3882787,20.64629,-31.81391,-37.39646
32510.,-2.32886,-0.7212089,-1.833896,-0.4053311,20.78612,-31.79821,-37.40934
32520.,-2.345649,-0.7368472,-1.850374,-0.4220294,20.92448,-31.78177,-37.42198
32530.,-2.362095,-0.7520859,-1.866471,-0.4383767,21.06137,-31.76458,-37.4344
32540.,-2.3782,-0.7669282,-1.882191,-0.4543756,21.19681,-31.74666,-37.44658
32550.,-2.393968,-0.7813772,-1.897536,-0.470029,21.33083,-31.72801,-37.45853
32560.,-2.4094,-0.7954361,-1.912511,-0.4853396,21.46342,-31.70865,-37.47026
32570.,-2.4245,-0.8091081,-1.927118,-0.5003103,21.59462,-31.68857,-37.48175
32580.,-2.43927,-0.8223961,-1.941359,-0.5149438,21.72443,-31.66779,-37.49303
32590.,-2.453712,-0.8353033,-1.955238,-0.5292427,21.85287,-31.64632,-37.50408
32600.,-2.46783,-0.8478326,-1.968758,-0.5432098,21.97996,-31.62416,-37.51492
32610.,-2.481625,-0.8599872,-1.981921,-0.5568478,22.10571,-31.60132,-37.52553
32620.,-2.495101,-0.87177,-1.994731,-0.5701592,22.23013,-31.5778,-37.53593
32630.,-2.508258,-0.883184,-2.007189,-0.5831468,22.35325,-31.55362,-37.54611
32640.,-2.521101,-0.8942321,-2.0193,-0.5958131,22.47506,-31.52878,-37.55608
32650.,-2.533632,-0.9048233,-2.031027,-0.6081559,22.59561,-31.50324,-37.5142
32660.,-2.545851,-0.9146601,-2.042254,-0.6201572,22.71491,-31.47687,-37.3068
32670.,-2.557761,-0.923748,-2.052982,-0.6318037,22.83299,-31.44966,-37.09971
32680.,-2.569362,-0.9320924,-2.063216,-0.643097,22.94986,-31.42163,-36.89293
32690.,-2.580656,-0.9396986,-2.072958,-0.654039,23.06553,-31.39278,-36.68646
32700.,-2.591645,-0.9465719,-2.08221,-0.6646312,23.18002,-31.36313,-36.48031
32710.,-2.602328,-0.9527178,-2.090977,-0.6748755,23.29335,-31.33268,-36.27446
32720.,-2.612708,-0.9581412,-2.099261,-0.6847734,23.40552,-31.30144,-36.06892
32730.,-2.622785,-0.9628476,-2.107064,-0.6943268,23.51656,-31.26941,-35.86369
32740.,-2.632562,-0.9668419,-2.11439,-0.7035372,23.62647,-31.23661,-35.65877
32750.,-2.642038,-0.9701293,-2.121242,-0.7124063,23.73527,-31.20303,-35.45415
32760.,-2.651216,-0.9727148,-2.127622,-0.7209357,23.84298,-31.16869,-35.24985
32770.,-2.660096,-0.9746034,-2.133534,-0.7291271,23.9496,-31.1336,-35.04585
32780.,-2.668679,-0.9758001,-2.138979,-0.736982,24.05516,-31.09776,-34.84216
32790.,-2.676967,-0.9763097,-2.143962,-0.7445021,24.15966,-31.06118,-34.63877
32800.,-2.684961,-0.9761372,-2.148483,-0.7516889,24.26313,-31.02387,-34.43569
32810.,-2.692662,-0.9752873,-2.152547,-0.7585441,24.36556,-30.98583,-34.23292
32820.,-2.70007,-0.9737649,-2.156156,-0.765069,24.46698,-30.94707,-34.03045
32830.,-2.707188,-0.9715746,-2.159312,-0.7712654,24.5674,-30.90759,-33.82829
32840.,-2.714016,-0.9687212,-2.162019,-0.7771347,24.66682,-30.86741,-33.62644
32850.,-2.720556,-0.9652092,-2.164278,-0.7826784,24.76527,-30.82653,-33.42488
32860.,-2.726807,-0.9610434,-2.166093,-0.787898,24.86276,-30.78496,-33.22363
32870.,-2.732773,-0.9562283,-2.167466,-0.792795,24.9593,-30.7427,-33.02269
32880.,-2.738452,-0.9507683,-2.168399,-0.7973709,25.0549,-30.69976,-32.82205
32890.,-2.743848,-0.944668,-2.168895,-0.8016271,25.14957,-30.65615,-32.6217
32900.,-2.74896,-0.9379319,-2.168957,-0.805565,25.24333,-30.61187,-32.42167
32910.,-2.753789,-0.9305643,-2.168587,-0.8091861,25.33618,-30.56693,-32.22193
32920.,-2.758337,-0.9225695,-2.167787,-0.8124918,25.42815,-30.52133,-32.02249
32930.,-2.762605,-0.913952,-2.16656,-0.8154835,25.51923,-30.47509,-31.82335
32940.,-2.766594,-0.904716,-2.164908,-0.8181626,25.60945,-30.4282,-31.62452
32950.,-2.770304,-0.8948657,-2.162834,-0.8205304,25.69882,-30.38068,-31.42598
32960.,-2.773737,-0.8844054,-2.160341,-0.8225883,25.78734,-30.33253,-31.22774
32970.,-2.776894,-0.8733392,-2.157429,-0.8243376,25.87502,-30.28376,-31.0298
32980.,-2.779775,-0.8616713,-2.154102,-0.8257797,25.96189,-30.23436,-30.83215
32990.,-2.782381,-0.8494057,-2.150362,-0.8269159,26.04794,-30.18436,-30.6348
33000.,-2.784715,-0.8365466,-2.146212,-0.8277475,26.1332,-30.13374,-30.43775
33010.,-2.786775,-0.8230979,-2.141653,-0.8282757,26.21766,-30.08253,-30.241
33020.,-2.788564,-0.8090636,-2.136687,-0.8285019,26.30135,-30.03072,-30.04453
33030.,-2.790082,-0.7944477,-2.131318,-0.8284273,26.38427,-29.97833,-29.84837
33040.,-2.791331,-0.7792541,-2.125547,-0.8280532,26.46644,-29.92535,-29.6525
33050.,-2.79231,-0.7634866,-2.119376,-0.8273807,26.54785,-29.87179,-29.45692
33060.,-2.793022,-0.7471492,-2.112808,-0.8264112,26.62853,-29.81766,-29.26163
33070.,-2.793466,-0.7302456,-2.105844,-0.8251459,26.70849,-29.76296,-29.06663
33080.,-2.793644,-0.7127797,-2.098487,-0.8235858,26.78773,-29.7077,-28.87193
33090.,-2.793557,-0.6947551,-2.090739,-0.8217323,26.86626,-29.65188,-28.67752
33100.,-2.793205,-0.6761755,-2.082601,-0.8195864,26.9441,-29.59551,-28.48339
33110.,-2.792589,-0.6570447,-2.074077,-0.8171494,27.02125,-29.5386,-28.28956
33120.,-2.791711,-0.6373663,-2.065167,-0.8144224,27.09772,-29.48114,-28.09601
33130.,-2.79057,-0.6172875,-2.055924,-0.8114048,27.17346,-29.42319,-27.88392
33140.,-2.789168,-0.5968219,-2.046353,-0.8080962,27.24846,-29.36475,-27.67079
33150.,-2.787506,-0.5759721,-2.036456,-0.804498,27.32274,-29.30583,-27.45805
33160.,-2.785586,-0.5547406,-2.026235,-0.8006121,27.39631,-29.24643,-27.24568
33170.,-2.783409,-0.5331299,-2.015693,-0.7964399,27.46917,-29.18656,-27.0337
33180.,-2.780976,-0.5111427,-2.00483,-0.791983,27.54134,-29.12622,-26.8221
33190.,-2.778289,-0.4887813,-1.993649,-0.7872431,27.61282,-29.06541,-26.61088
33200.,-2.775348,-0.4660483,-1.982153,-0.7822218,27.68363,-29.00415,-26.40004
33210.,-2.772155,-0.4429461,-1.970341,-0.7769205,27.75378,-28.94244,-26.18958
33220.,-2.768712,-0.4194772,-1.958218,-0.7713409,27.82326,-28.88027,-25.97949
33230.,-2.765018,-0.3956438,-1.945783,-0.7654844,27.8921,-28.81766,-25.76978
33240.,-2.761076,-0.3714485,-1.93304,-0.7593525,27.9603,-28.75461,-25.56044
33250.,-2.756887,-0.3468936,-1.91999,-0.7529468,28.02786,-28.69113,-25.35148
33260.,-2.752452,-0.3219813,-1.906634,-0.7462687,28.09481,-28.62721,-25.14289
33270.,-2.747772,-0.2967141,-1.892975,-0.7393197,28.16114,-28.56287,-24.93467
33280.,-2.742848,-0.2710943,-1.879014,-0.7321012,28.22687,-28.49811,-24.72682
33290.,-2.737681,-0.245124,-1.864753,-0.7246147,28.292,-28.43293,-24.51934
33300.,-2.732273,-0.2188056,-1.850194,-0.7168615,28.35654,-28.36734,-24.31223
33310.,-2.726625,-0.1921413,-1.835338,-0.7088431,28.42051,-28.30134,-24.10549
33320.,-2.720737,-0.1651333,-1.820188,-0.7005607,28.4839,-28.23494,-23.89911
33330.,-2.714611,-0.1377838,-1.804743,-0.6920159,28.54673,-28.16813,-23.69309
33340.,-2.708247,-0.110095,-1.789008,-0.68321,28.609,-28.10093,-23.48744
33350.,-2.701648,-0.08206899,-1.772982,-0.6741442,28.67073,-28.03334,-23.28215
33360.,-2.694813,-0.05370796,-1.756668,-0.6648199,28.73192,-27.96537,-23.07722
33370.,-2.687744,-0.02501399,-1.740066,-0.6552384,28.79257,-27.89701,-22.87265
33380.,-2.680443,0.0040108,-1.72318,-0.6454011,28.8527,-27.82827,-22.66844
33390.,-2.672909,0.03336435,-1.70601,-0.6353091,28.91231,-27.75915,-22.46459
33400.,-2.665144,0.0630446,-1.688558,-0.6249638,28.97142,-27.68967,-22.26109
33410.,-2.65715,0.09304951,-1.670825,-0.6143663,29.03002,-27.61982,-22.05795
33420.,-2.648926,0.1233771,-1.652813,-0.603518,29.08813,-27.5496,-21.85516
33430.,-2.640474,0.1540252,-1.634523,-0.5924201,29.14575,-27.47903,-21.65273
33440.,-2.631796,0.1849921,-1.615958,-0.5810737,29.20289,-27.4081,-21.45065
33450.,-2.62289,0.2162756,-1.597117,-0.5694801,29.25955,-27.33681,-21.24891
33460.,-2.61376,0.2478739,-1.578004,-0.5576404,29.31575,-27.26519,-21.04753
33470.,-2.604406,0.279785,-1.558618,-0.5455559,29.37149,-27.19321,-20.8465
33480.,-2.594828,0.3120071,-1.538963,-0.5332276,29.42678,-27.1209,-20.64581
33490.,-2.585027,0.3445381,-1.519038,-0.5206567,29.48162,-27.04825,-20.44547
33500.,-2.575005,0.3773763,-1.498846,-0.5078444,29.53602,-26.97526,-20.24547
33510.,-2.564763,0.4105197,-1.478388,-0.4947917,29.58999,-26.90195,-20.04582
33520.,-2.5543,0.4439666,-1.457665,-0.4814999,29.64354,-26.82831,-19.84651
33530.,-2.543619,0.4777151,-1.436678,-0.4679698,29.69666,-26.75435,-19.64754
33540.,-2.532719,0.5117634,-1.415429,-0.4542028,29.74937,-26.68007,-19.44891
33550.,-2.521603,0.5461097,-1.39392,-0.4401997,29.80167,-26.60547,-19.25062
33560.,-2.510269,0.5807522,-1.372151,-0.4259617,29.85358,-26.53056,-19.05266
33570.,-2.498721,0.6156892,-1.350124,-0.4114899,29.90508,-26.45534,-18.85505
33580.,-2.486957,0.6509189,-1.32784,-0.3967852,29.9562,-26.37982,-18.65777
33590.,-2.474979,0.6864396,-1.305301,-0.3818487,30.00694,-26.304,-18.46082
33600.,-2.462788,0.7221127,-1.282617,-0.3666798,30.0573,-26.22821,-18.24787
33610.,-2.450384,0.7578534,-1.259857,-0.3512776,30.1073,-26.15267,-18.02539
33620.,-2.43777,0.7936611,-1.237022,-0.3356431,30.15695,-26.07737,-17.80337
33630.,-2.424947,0.8295351,-1.214112,-0.3197786,30.20623,-26.0023,-17.58181
33640.,-2.411918,0.8654745,-1.191127,-0.3036862,30.25517,-25.92748,-17.3607
33650.,-2.398684,0.9014787,-1.16807,-0.287368,30.30376,-25.85289,-17.14005
33660.,-2.385247,0.9375469,-1.14494,-0.2708263,30.35201,-25.77854,-16.91985
33670.,-2.371609,0.9736784,-1.121738,-0.2540632,30.39992,-25.70441,-16.70009
33680.,-2.357772,1.009873,-1.098465,-0.2370808,30.4475,-25.63052,-16.48079
33690.,-2.343738,1.046129,-1.075122,-0.2198811,30.49475,-25.55685,-16.26194
33700.,-2.329509,1.082446,-1.051709,-0.2024662,30.54168,-25.4834,-16.04353
33710.,-2.315086,1.118824,-1.028227,-0.1848382,30.58828,-25.41018,-15.82556
33720.,-2.300472,1.155261,-1.004677,-0.1669991,30.63457,-25.33719,-15.60804
33730.,-2.285668,1.191758,-0.9810584,-0.1489509,30.68055,-25.26441,-15.39096
33740.,-2.270675,1.228314,-0.9573733,-0.1306956,30.72621,-25.19184,-15.17432
33750.,-2.255497,1.264927,-0.9336218,-0.1122351,30.77158,-25.11949,-14.95812
33760.,-2.240134,1.301597,-0.9098046,-0.09357144,30.81664,-25.04736,-14.74235
33770.,-2.224587,1.338325,-0.8859223,-0.07470648,30.8614,-24.97544,-14.52702
33780.,-2.20886,1.375108,-0.8619756,-0.05564213,30.90587,-24.90372,-14.31213
33790.,-2.192953,1.411946,-0.837965,-0.0363803,30.95005,-24.83221,-14.09766
33800.,-2.176868,1.448839,-0.8138912,-0.01692284,30.99394,-24.76091,-13.88363
33810.,-2.160607,1.485787,-0.7897548,0.002728382,31.03755,-24.68982,-13.67003
33820.,-2.144171,1.522787,-0.7655564,0.02257155,31.08089,-24.61892,-13.45686
33830.,-2.127563,1.559841,-0.7412966,0.04260485,31.12394,-24.54823,-13.24411
33840.,-2.110783,1.596947,-0.716976,0.06282647,31.16673,-24.47773,-13.03179
33850.,-2.093833,1.634105,-0.6925951,0.08323466,31.20925,-24.40743,-12.81989
33860.,-2.076715,1.671314,-0.6681546,0.1038276,31.2515,-24.33732,-12.60842
33870.,-2.05943,1.708574,-0.6436549,0.1246037,31.29349,-24.26741,-12.39737
33880.,-2.04198,1.745883,-0.6190967,0.145561,31.33522,-24.19769,-12.18673
33890.,-2.024367,1.783242,-0.5944805,0.166698,31.3767,-24.12815,-11.97652
33900.,-2.006591,1.82065,-0.5698069,0.1880129,31.41792,-24.05881,-11.76672
33910.,-1.988655,1.858107,-0.5450764,0.2095041,31.4589,-23.98965,-11.55734
33920.,-1.970559,1.895611,-0.5202895,0.2311698,31.49963,-23.92068,-11.34837
33930.,-1.952306,1.933163,-0.4954468,0.2530086,31.54012,-23.85188,-11.13981
33940.,-1.933896,1.970761,-0.4705487,0.2750186,31.58037,-23.78327,-10.93167
33950.,-1.915332,2.008406,-0.4455958,0.2971984,31.62039,-23.71484,-10.72393
33960.,-1.896614,2.046097,-0.4205886,0.3195463,31.66017,-23.64659,-10.5166
33970.,-1.877745,2.083832,-0.3955277,0.3420608,31.69972,-23.57851,-10.30968
33980.,-1.858724,2.121613,-0.3704134,0.3647403,31.73905,-23.51061,-10.10317
33990.,-1.839555,2.159438,-0.3452463,0.3875832,31.77815,-23.44288,-9.897053
34000.,-1.820237,2.197307,-0.3200268,0.4105881,31.81703,-23.37532,-9.691344
34010.,-1.800773,2.235219,-0.2947556,0.4337533,31.85569,-23.30793,-9.486036
34020.,-1.781164,2.273173,-0.2694329,0.4570775,31.89414,-23.2407,-9.281128
34030.,-1.761411,2.311171,-0.2440593,0.4805591,31.93238,-23.17365,-9.076618
34040.,-1.741515,2.34921,-0.2186353,0.5041966,31.9704,-23.10676,-8.872505
34050.,-1.721478,2.38729,-0.1931612,0.5279887,32.00822,-23.04003,-8.668788
34060.,-1.701301,2.425412,-0.1676377,0.5519338,32.04583,-22.97347,-8.465464
34070.,-1.680987,2.463516,-0.1420876,0.5760246,32.08326,-22.90729,-8.30715
34080.,-1.66054,2.501477,-0.1165615,0.6002404,32.12053,-22.84198,-8.246775
34090.,-1.639963,2.539294,-0.0910603,0.6245663,32.15764,-22.77753,-8.186385
34100.,-1.619258,2.576968,-0.06558489,0.6490001,32.19459,-22.71393,-8.125983
34110.,-1.598428,2.614499,-0.04013625,0.6735394,32.23139,-22.65117,-8.065569
34120.,-1.577476,2.651886,-0.01471532,0.6981821,32.26803,-22.58925,-8.005144
34130.,-1.556402,2.689131,0.01067699,0.7229261,32.30451,-22.52815,-7.94471
34140.,-1.53521,2.726233,0.03603976,0.7477691,32.34085,-22.46786,-7.884267
34150.,-1.513902,2.763192,0.06137209,0.772709,32.37703,-22.40839,-7.823817
34160.,-1.492481,2.800009,0.08667309,0.7977439,32.41306,-22.34971,-7.76336
34170.,-1.470948,2.836684,0.1119419,0.8228714,32.44894,-22.29182,-7.702897
34180.,-1.449305,2.873216,0.1371776,0.8480897,32.48467,-22.23471,-7.642429
34190.,-1.427556,2.909607,0.1623794,0.8733965,32.52025,-22.17837,-7.581958
34200.,-1.405701,2.945856,0.1875464,0.89879,32.55568,-22.1228,-7.521484
34210.,-1.383744,2.981963,0.2126777,0.9242682,32.59096,-22.06798,-7.461009
34220.,-1.361685,3.017929,0.2377726,0.9498289,32.62609,-22.01391,-7.400532
34230.,-1.339529,3.053754,0.2628303,0.9754703,32.66108,-21.96058,-7.340055
34240.,-1.317276,3.089438,0.2878499,1.00119,32.69593,-21.90799,-7.279579
34250.,-1.294928,3.124981,0.3128306,1.026987,32.73062,-21.85611,-7.219105
34260.,-1.272488,3.160383,0.3377716,1.052859,32.76518,-21.80496,-7.158634
34270.,-1.249958,3.195645,0.3626722,1.078804,32.79959,-21.75451,-7.098166
34280.,-1.227339,3.230766,0.3875317,1.10482,32.83386,-21.70476,-7.037702
34290.,-1.204634,3.265747,0.4123491,1.130905,32.86798,-21.65571,-6.977244
34300.,-1.181844,3.300589,0.4371239,1.157058,32.90197,-21.60734,-6.916791
34310.,-1.158972,3.335291,0.4618552,1.183277,32.93581,-21.55966,-6.856346
34320.,-1.13602,3.369853,0.4865424,1.209559,32.96952,-21.51264,-6.795908
34330.,-1.112988,3.404276,0.5111846,1.235904,33.00308,-21.46628,-6.735479
34340.,-1.08988,3.43856,0.5357813,1.262308,33.03651,-21.42059,-6.675059
34350.,-1.066697,3.472704,0.5603317,1.288772,33.0698,-21.37554,-6.614649
34360.,-1.043441,3.50671,0.5848351,1.315292,33.10295,-21.33114,-6.55425
34370.,-1.020114,3.540578,0.6092909,1.341868,33.13597,-21.28737,-6.493863
34380.,-0.9967175,3.574307,0.6336983,1.368497,33.16885,-21.24423,-6.433488
34390.,-0.9732531,3.607898,0.6580567,1.395178,33.20159,-21.20171,-6.373126
34400.,-0.9497228,3.641351,0.6823654,1.421909,33.2342,-21.15981,-6.312778
34410.,-0.9261283,3.674667,0.7066239,1.448689,33.26668,-21.11852,-6.252444
34420.,-0.9024715,3.707845,0.7308314,1.475516,33.29902,-21.07782,-6.192126
34430.,-0.8787539,3.740885,0.7549873,1.502389,33.33123,-21.03773,-6.131824
34440.,-0.8549773,3.773789,0.7790911,1.529305,33.36331,-20.99822,-6.071538
34450.,-0.8311434,3.806555,0.8031421,1.556263,33.39525,-20.9593,-6.01127
34460.,-0.8072538,3.839185,0.8271397,1.583263,33.42707,-20.92095,-5.95102
34470.,-0.7833102,3.871679,0.8510833,1.610301,33.45876,-20.88318,-5.890789
34480.,-0.7593142,3.904036,0.8749723,1.637377,33.49031,-20.84597,-5.830577
34490.,-0.7352673,3.936258,0.8988062,1.66449,33.52174,-20.80931,-5.770385
34500.,-0.7111713,3.968343,0.9225843,1.691637,33.55304,-20.77321,-5.710214
34510.,-0.6870276,4.000293,0.9463062,1.718818,33.58421,-20.73766,-5.650065
34520.,-0.6628378,4.032107,0.9699712,1.74603,33.61526,-20.70264,-5.589937
34530.,-0.6386035,4.063787,0.9935789,1.773273,33.64618,-20.66816,-5.529832
34540.,-0.6143261,4.09533,1.017129,1.800544,33.67697,-20.63422,-5.471118
34550.,-0.5900063,4.126519,1.040622,1.827807,33.70765,-20.60137,-5.680163
34560.,-0.5656466,4.157353,1.064057,1.855023,33.73823,-20.56962,-5.889718
34570.,-0.5412496,4.187836,1.087433,1.88219,33.7687,-20.53895,-6.099786
34580.,-0.516818,4.217967,1.110747,1.909306,33.79905,-20.50934,-6.310371
34590.,-0.4923542,4.247749,1.133997,1.93637,33.8293,-20.48079,-6.521476
34600.,-0.4678608,4.277182,1.157184,1.963381,33.85944,-20.45329,-6.733105
34610.,-0.4433403,4.306268,1.180304,1.990335,33.88946,-20.42682,-6.945263
34620.,-0.4187951,4.335008,1.203356,2.017233,33.91937,-20.40137,-7.157953
34630.,-0.3942277,4.363404,1.226339,2.044071,33.94916,-20.37693,-7.371178
34640.,-0.3696405,4.391456,1.249251,2.070848,33.97885,-20.35349,-7.584943
34650.,-0.3450358,4.419166,1.27209,2.097564,34.00841,-20.33105,-7.799251
34660.,-0.3204161,4.446535,1.294856,2.124215,34.03786,-20.30958,-8.014107
34670.,-0.2957837,4.473565,1.317546,2.150801,34.0672,-20.28907,-8.229515
34680.,-0.2711408,4.500256,1.340159,2.177319,34.09642,-20.26953,-8.445477
34690.,-0.2464899,4.52661,1.362694,2.20377,34.12552,-20.25093,-8.661999
34700.,-0.221833,4.552628,1.38515,2.230149,34.1545,-20.23327,-8.879085
34710.,-0.1971725,4.578312,1.407524,2.256458,34.18337,-20.21654,-9.096738
34720.,-0.1725106,4.603662,1.429816,2.282693,34.21211,-20.20072,-9.314963
34730.,-0.1478494,4.628679,1.452024,2.308853,34.24074,-20.18581,-9.533763
34740.,-0.1231911,4.653366,1.474146,2.334937,34.26924,-20.1718,-9.753143
34750.,-0.09853785,4.677722,1.496183,2.360944,34.29762,-20.15868,-9.973107
34760.,-0.07389175,4.70175,1.518131,2.386871,34.32589,-20.14643,-10.19366
34770.,-0.04925489,4.72545,1.53999,2.412719,34.35403,-20.13505,-10.4148
34780.,-0.02462932,4.748824,1.561759,2.438484,34.38205,-20.12453,-10.63655
34790.,-1.709451e-05,4.771873,1.583437,2.464166,34.40994,-20.11486,-10.85889
34800.,0.02457978,4.794598,1.605021,2.489764,34.43772,-20.10603,-11.08184
34810.,0.04915931,4.817,1.626511,2.515276,34.46536,-20.09804,-11.30539
34820.,0.07371952,4.83908,1.647906,2.540701,34.49289,-20.09087,-11.52957
34830.,0.09825848,4.86084,1.669204,2.566037,34.52029,-20.08451,-11.75436
34840.,0.1227742,4.88228,1.690405,2.591284,34.54756,-20.07896,-11.97977
34850.,0.1472649,4.903402,1.711507,2.61644,34.57471,-20.07421,-12.20581
34860.,0.1717286,4.924207,1.732508,2.641503,34.60174,-20.07024,-12.43249
34870.,0.1961635,4.944695,1.753409,2.666473,34.62863,-20.06706,-12.6598
34880.,0.2205677,4.964869,1.774207,2.691348,34.6554,-20.06465,-12.88775
34890.,0.2449395,4.984729,1.794902,2.716127,34.68205,-20.063,-13.11635
34900.,0.2692769,5.004276,1.815492,2.740809,34.70856,-20.06211,-13.3456
34910.,0.2935784,5.023512,1.835977,2.765393,34.73495,-20.06197,-13.5755
34920.,0.317842,5.042437,1.856355,2.789878,34.76121,-20.06257,-13.80607
34930.,0.3420661,5.061053,1.876626,2.814262,34.78734,-20.06391,-14.0373
34940.,0.366249,5.079361,1.896788,2.838544,34.81334,-20.06597,-14.2692
34950.,0.3903889,5.097361,1.91684,2.862723,34.83922,-20.06874,-14.50178
34960.,0.4144842,5.115055,1.936782,2.886799,34.86496,-20.07223,-14.73503
34970.,0.4385333,5.132444,1.956611,2.91077,34.89058,-20.07642,-14.96897
34980.,0.4625346,5.149529,1.976329,2.934634,34.91606,-20.08131,-15.20361
34990.,0.4864863,5.166311,1.995933,2.958392,34.94141,-20.08689,-15.43893
35000.,0.510387,5.18279,2.015422,2.982041,34.96664,-20.09315,-15.67496
35010.,0.534235,5.19897,2.034796,3.005582,34.99173,-20.10008,-15.91169
35020.,0.558029,5.214742,2.054058,3.029003,35.01663,-20.10769,-16.22712
35030.,0.5817673,5.230064,2.073211,3.052289,35.04131,-20.11598,-16.57783
35040.,0.6054478,5.244938,2.092252,3.075437,35.06578,-20.12493,-16.93006
35050.,0.6290685,5.259365,2.11118,3.098444,35.09003,-20.13454,-17.28383
35060.,0.6526276,5.273347,2.129994,3.12131,35.11407,-20.1448,-17.63914
35070.,0.676123,5.286888,2.148692,3.144032,35.13789,-20.15571,-17.99601
35080.,0.6995529,5.299987,2.167273,3.166611,35.16149,-20.16726,-18.35446
35090.,0.7229155,5.312649,2.185735,3.189045,35.18488,-20.17945,-18.71451
35100.,0.7462088,5.324874,2.204078,3.211332,35.20805,-20.19227,-19.07617
35110.,0.769431,5.336665,2.2223,3.233473,35.23102,-20.20571,-19.43946
35120.,0.7925804,5.348023,2.240399,3.255465,35.25376,-20.21977,-19.8044
35130.,0.8156551,5.358951,2.258374,3.277308,35.2763,-20.23444,-20.171
35140.,0.8386533,5.369451,2.276225,3.299,35.29862,-20.24972,-20.53928
35150.,0.8615734,5.379524,2.293949,3.320541,35.32074,-20.2656,-20.90927
35160.,0.8844135,5.389172,2.311546,3.341929,35.34264,-20.28208,-21.28097
35170.,0.9071721,5.398398,2.329014,3.363164,35.36433,-20.29914,-21.65441
35180.,0.9298473,5.407203,2.346352,3.384245,35.38581,-20.3168,-22.02961
35190.,0.9524377,5.415589,2.363559,3.40517,35.40708,-20.33503,-22.40658
35200.,0.9749414,5.423559,2.380634,3.425939,35.42814,-20.35384,-22.78535
35210.,0.9973569,5.431112,2.397576,3.446551,35.44899,-20.37322,-23.16594
35220.,1.019683,5.438253,2.414383,3.467004,35.46963,-20.39317,-23.54836
35230.,1.041917,5.444982,2.431055,3.487298,35.49007,-20.41367,-23.93263
35240.,1.064058,5.451302,2.44759,3.507433,35.51029,-20.43473,-24.31879
35250.,1.086105,5.457213,2.463987,3.527406,35.53031,-20.45635,-24.70684
35260.,1.108056,5.462719,2.480245,3.547218,35.55013,-20.4785,-25.09682
35270.,1.12991,5.46782,2.496364,3.566867,35.56973,-20.5012,-25.48873
35280.,1.151664,5.472518,2.512341,3.586353,35.58913,-20.52444,-25.88261
35290.,1.173319,5.476816,2.528177,3.605674,35.60833,-20.54821,-26.27848
35300.,1.194871,5.480714,2.543869,3.624831,35.62732,-20.5725,-26.67636
35310.,1.21632,5.484215,2.559418,3.643822,35.64611,-20.59732,-27.07628
35320.,1.237664,5.487321,2.574822,3.662645,35.66469,-20.62266,-27.47825
35330.,1.258902,5.490032,2.59008,3.681302,35.68307,-20.64851,-27.88231
35340.,1.280033,5.492351,2.605191,3.69979,35.70124,-20.67487,-28.28848
35350.,1.301055,5.494279,2.620155,3.71811,35.71922,-20.70174,-28.69678
35360.,1.321967,5.495819,2.634969,3.736259,35.73699,-20.72911,-29.10724
35370.,1.342767,5.496971,2.649635,3.754239,35.75456,-20.75698,-29.51989
35380.,1.363455,5.497737,2.664149,3.772047,35.77192,-20.78534,-29.93475
35390.,1.384029,5.498119,2.678513,3.789683,35.78909,-20.8142,-30.35185
35400.,1.404487,5.498118,2.692724,3.807147,35.80606,-20.84353,-30.77123
35410.,1.424829,5.497737,2.706782,3.824438,35.82282,-20.87335,-31.1929
35420.,1.445053,5.496976,2.720686,3.841555,35.83939,-20.90365,-31.61689
35430.,1.465158,5.495838,2.734436,3.858498,35.85576,-20.93443,-32.04324
35440.,1.485144,5.494323,2.74803,3.875265,35.87193,-20.96567,-32.47198
35450.,1.505007,5.492433,2.761467,3.891856,35.8879,-20.99738,-32.90313
35460.,1.524749,5.49017,2.774748,3.908272,35.90367,-21.02956,-33.33674
35470.,1.544366,5.487536,2.78787,3.92451,35.91925,-21.0622,-33.77282
35480.,1.563859,5.484531,2.800834,3.94057,35.93462,-21.09529,-34.21142
35490.,1.583226,5.481312,2.813675,3.956467,35.94982,-21.12874,-34.51101
35500.,1.602468,5.478119,2.82645,3.972233,35.96484,-21.16242,-34.58898
35510.,1.621583,5.474953,2.839158,3.98789,35.97971,-21.1963,-34.66709
35520.,1.640573,5.471811,2.851798,4.003439,35.9944,-21.23041,-34.74535
35530.,1.659438,5.468693,2.864371,4.018878,36.00894,-21.26472,-34.82375
35540.,1.678177,5.465596,2.876875,4.03421,36.02331,-21.29925,-34.90231
35550.,1.696791,5.46252,2.889312,4.049432,36.03752,-21.33398,-34.98102
35560.,1.71528,5.459464,2.901679,4.064546,36.05158,-21.36892,-35.05987
35570.,1.733645,5.456426,2.913978,4.079551,36.06547,-21.40407,-35.13888
35580.,1.751885,5.453406,2.926207,4.094447,36.07921,-21.43943,-35.21804
35590.,1.77,5.450401,2.938366,4.109235,36.09279,-21.47499,-35.29735
35600.,1.787991,5.447411,2.950455,4.123914,36.10622,-21.51075,-35.37681
35610.,1.805858,5.444435,2.962474,4.138485,36.1195,-21.54671,-35.45642
35620.,1.823601,5.441471,2.974422,4.152947,36.13262,-21.58287,-35.53619
35630.,1.841221,5.438519,2.986299,4.167301,36.14559,-21.61923,-35.61611
35640.,1.858717,5.435577,2.998104,4.181546,36.15841,-21.65579,-35.69618
35650.,1.876089,5.432644,3.009838,4.195682,36.17109,-21.69254,-35.7764
35660.,1.893339,5.429719,3.0215,4.209711,36.18361,-21.72948,-35.85678
35670.,1.910465,5.4268,3.033089,4.223631,36.19599,-21.76662,-35.93731
35680.,1.927468,5.423888,3.044606,4.237442,36.20822,-21.80395,-36.018
35690.,1.944349,5.420981,3.05605,4.251145,36.2203,-21.84147,-36.09885
35700.,1.961108,5.418077,3.06742,4.26474,36.23225,-21.87918,-36.17985
35710.,1.977744,5.415176,3.078717,4.278227,36.24405,-21.91708,-36.261
35720.,1.994258,5.412277,3.089941,4.291606,36.2557,-21.95516,-36.34232
35730.,2.01065,5.409379,3.10109,4.304877,36.26722,-21.99343,-36.42379
35740.,2.02692,5.40648,3.112165,4.318039,36.2786,-22.03189,-36.50541
35750.,2.043069,5.403581,3.123165,4.331094,36.28984,-22.07052,-36.5872
35760.,2.059096,5.400679,3.134091,4.344041,36.30094,-22.10934,-36.66914
35770.,2.075002,5.397773,3.144942,4.35688,36.3119,-22.14834,-36.75125
35780.,2.090787,5.394864,3.155717,4.369611,36.32272,-22.18752,-36.83351
35790.,2.106451,5.39195,3.166417,4.382235,36.33341,-22.22688,-36.91593
35800.,2.121995,5.389029,3.177041,4.39475,36.34397,-22.26641,-36.99851
35810.,2.137418,5.386102,3.187589,4.407159,36.35439,-22.30613,-37.08125
35820.,2.152721,5.383167,3.198061,4.419459,36.36468,-22.34601,-37.16415
35830.,2.167904,5.380224,3.208456,4.431653,36.37484,-22.38608,-37.24722
35840.,2.182967,5.37727,3.218775,4.443738,36.38487,-22.42631,-37.33044
35850.,2.197911,5.374307,3.229017,4.455717,36.39477,-22.46672,-37.41383
35860.,2.212735,5.371332,3.239181,4.467588,36.40454,-22.5073,-37.49738
35870.,2.227439,5.368345,3.249269,4.479353,36.41418,-22.54805,-37.5811
35880.,2.242025,5.365345,3.259279,4.49101,36.42369,-22.58897,-37.66497
35890.,2.256491,5.362331,3.269211,4.50256,36.43308,-22.63006,-37.74902
35900.,2.270839,5.359303,3.279065,4.514003,36.44233,-22.67132,-37.83322
35910.,2.285068,5.356259,3.288841,4.525339,36.45147,-22.71274,-37.91759
35920.,2.299179,5.3532,3.298539,4.536569,36.46048,-22.75433,-38.00213
35930.,2.313172,5.350123,3.308159,4.547692,36.46937,-22.79608,-38.08683
35940.,2.327047,5.347028,3.3177,4.558709,36.47813,-22.838,-38.1717
35950.,2.340804,5.343915,3.327162,4.569619,36.48677,-22.88008,-38.25673
35960.,2.354444,5.340786,3.336545,4.580423,36.4953,-22.92231,-38.3348
35970.,2.367967,5.337683,3.345856,4.59113,36.50376,-22.96453,-38.33168
35980.,2.381373,5.334605,3.355094,4.601747,36.51217,-23.00675,-38.32862
35990.,2.394663,5.331551,3.364259,4.612275,36.52051,-23.04896,-38.32563
36000.,2.407838,5.32852,3.373352,4.622714,36.5288,-23.09116,-38.32269
36010.,2.420899,5.325512,3.382373,4.633064,36.53702,-23.13336,-38.31982
36020.,2.433845,5.322526,3.391322,4.643326,36.54519,-23.17555,-38.31701
36030.,2.446679,5.319561,3.400199,4.653501,36.5533,-23.21775,-38.31427
36040.,2.459399,5.316616,3.409005,4.663588,36.56135,-23.25994,-38.31158
36050.,2.472007,5.313691,3.41774,4.673588,36.56934,-23.30213,-38.30896
36060.,2.484504,5.310785,3.426403,4.683501,36.57728,-23.34431,-38.30639
36070.,2.49689,5.307898,3.434996,4.693328,36.58516,-23.3865,-38.30389
36080.,2.509166,5.305028,3.443519,4.703069,36.59298,-23.42869,-38.30145
36090.,2.521332,5.302175,3.45197,4.712724,36.60074,-23.47089,-38.29906
36100.,2.533388,5.299338,3.460352,4.722294,36.60845,-23.51308,-38.29674
36110.,2.545336,5.296518,3.468664,4.731778,36.6161,-23.55528,-38.29448
36120.,2.557176,5.293712,3.476906,4.741179,36.6237,-23.59748,-38.29227
36130.,2.568909,5.29092,3.485078,4.750495,36.63124,-23.63969,-38.29013
36140.,2.580534,5.288143,3.493181,4.759727,36.63872,-23.6819,-38.28804
36150.,2.592053,5.285378,3.501214,4.768875,36.64615,-23.72412,-38.28602
36160.,2.603467,5.282626,3.509179,4.77794,36.65353,-23.76634,-38.28405
36170.,2.614775,5.279885,3.517075,4.786922,36.66085,-23.80857,-38.28214
36180.,2.625978,5.277156,3.524902,4.795821,36.66811,-23.85081,-38.28029
36190.,2.637077,5.274438,3.532661,4.804638,36.67532,-23.89306,-38.27849
36200.,2.648072,5.271729,3.540351,4.813373,36.68248,-23.93532,-38.27676
36210.,2.658964,5.26903,3.547974,4.822027,36.68959,-23.97759,-38.27508
36220.,2.669754,5.26634,3.555528,4.830598,36.69664,-24.01987,-38.27346
36230.,2.680441,5.263658,3.563015,4.839089,36.70364,-24.06216,-38.27189
36240.,2.691027,5.260984,3.570435,4.847499,36.71058,-24.10447,-38.27039
36250.,2.701355,5.258166,3.577629,4.855667,36.57945,-24.14687,-38.26852
36260.,2.710983,5.254778,3.584147,4.863138,36.19393,-24.18962,-38.25269
36270.,2.719633,5.25054,3.589707,4.869625,35.81296,-24.23306,-38.23458
36280.,2.727322,5.245468,3.594326,4.875146,35.43646,-24.27719,-38.21715
36290.,2.734064,5.239576,3.598019,4.879717,35.06436,-24.32198,-38.20041
36300.,2.739877,5.232879,3.600802,4.883353,34.69659,-24.36743,-38.18433
36310.,2.744774,5.225391,3.602689,4.886072,34.33306,-24.41353,-38.16891
36320.,2.748771,5.217125,3.603697,4.887888,33.97372,-24.46025,-38.15413
36330.,2.751882,5.208093,3.603839,4.888816,33.61849,-24.50758,-38.13999
36340.,2.754122,5.198311,3.60313,4.888872,33.2673,-24.55552,-38.12646
36350.,2.755505,5.18779,3.601584,4.888069,32.92009,-24.60405,-38.11355
36360.,2.756045,5.176542,3.599214,4.886422,32.57679,-24.65316,-38.10124
36370.,2.755755,5.164581,3.596033,4.883944,32.23734,-24.70283,-38.08952
36380.,2.754648,5.151918,3.592056,4.88065,31.90168,-24.75306,-38.07837
36390.,2.752737,5.138564,3.587295,4.876553,31.56975,-24.80383,-38.06781
36400.,2.750036,5.124532,3.581762,4.871666,31.24148,-24.85513,-38.0578
36410.,2.746556,5.109833,3.575471,4.866001,30.91682,-24.90696,-38.04834
36420.,2.74231,5.094478,3.568432,4.859572,30.59571,-24.9593,-38.03943
36430.,2.737311,5.078478,3.56066,4.852392,30.2781,-25.01214,-38.03105
36440.,2.73157,5.061852,3.552154,4.844473,29.96391,-25.06531,-38.00003
36450.,2.725098,5.044614,3.542925,4.835832,29.6531,-25.11876,-37.96271
36460.,2.717908,5.026774,3.532983,4.82648,29.3456,-25.17248,-37.92592
36470.,2.710011,5.008342,3.52234,4.816429,29.04137,-25.22647,-37.88964
36480.,2.701418,4.989328,3.511007,4.805691,28.74036,-25.28072,-37.85386
36490.,2.692139,4.969742,3.498996,4.794276,28.44252,-25.33522,-37.81857
36500.,2.682187,4.949594,3.486317,4.782197,28.1478,-25.38997,-37.78376
36510.,2.671571,4.928892,3.472981,4.769463,27.85614,-25.44495,-37.74943
36520.,2.660301,4.907647,3.458997,4.756085,27.56751,-25.50017,-37.71557
36530.,2.648389,4.885867,3.444378,4.742074,27.28186,-25.55562,-37.68217
36540.,2.635844,4.86356,3.429131,4.72744,26.99914,-25.61128,-37.64922
36550.,2.622675,4.840737,3.413268,4.712192,26.71931,-25.66717,-37.61671
36560.,2.608893,4.817404,3.396798,4.696342,26.44232,-25.72326,-37.58464
36570.,2.594508,4.793571,3.379731,4.679897,26.16814,-25.77955,-37.553
36580.,2.579527,4.769247,3.362076,4.662869,25.89671,-25.83605,-37.52178
36590.,2.563962,4.744438,3.343842,4.645266,25.62801,-25.89273,-37.49097
36600.,2.547819,4.719153,3.325038,4.627098,25.36198,-25.94961,-37.46057
36610.,2.53111,4.693399,3.305673,4.608373,25.0986,-26.00667,-37.43057
36620.,2.513842,4.667185,3.285755,4.5891,24.83781,-26.06391,-37.40096
36630.,2.496023,4.640518,3.265294,4.569288,24.57959,-26.12133,-37.37174
36640.,2.477663,4.613405,3.244298,4.548945,24.32389,-26.17891,-37.34289
36650.,2.458769,4.585853,3.222775,4.528081,24.07068,-26.23666,-37.31442
36660.,2.43935,4.55787,3.200734,4.506703,23.81992,-26.29457,-37.28632
36670.,2.419413,4.529462,3.178181,4.484819,23.57158,-26.35264,-37.25857
36680.,2.398968,4.500637,3.155126,4.462438,23.32562,-26.41086,-37.23118
36690.,2.37802,4.471401,3.131575,4.439567,23.08201,-26.46923,-37.20414
36700.,2.356579,4.441761,3.107537,4.416213,22.8407,-26.52775,-37.17744
36710.,2.334651,4.411723,3.083019,4.392385,22.60168,-26.5864,-37.15107
36720.,2.312243,4.381293,3.058028,4.36809,22.36491,-26.64519,-37.12503
36730.,2.289364,4.350479,3.032572,4.343335,22.13036,-26.70412,-37.09932
36740.,2.26602,4.319286,3.006658,4.318127,21.89798,-26.76318,-37.07393
36750.,2.242218,4.28772,2.980292,4.292474,21.66776,-26.82236,-37.04885
36760.,2.217965,4.255787,2.953481,4.266382,21.43967,-26.88167,-37.02407
36770.,2.193268,4.223493,2.926233,4.239859,21.21367,-26.9411,-36.99961
36780.,2.168134,4.190844,2.898554,4.21291,20.98973,-27.00064,-36.97543
36790.,2.142569,4.157845,2.87045,4.185543,20.76783,-27.0603,-36.95155
36800.,2.116579,4.124502,2.841928,4.157764,20.54793,-27.12007,-36.92796
36810.,2.090171,4.090821,2.812995,4.12958,20.33002,-27.17994,-36.90465
36820.,2.063351,4.056807,2.783655,4.100996,20.11405,-27.23993,-36.88162
36830.,2.036126,4.022465,2.753917,4.072019,19.90001,-27.30001,-36.85886
36840.,2.008501,3.9878,2.723785,4.042655,19.68787,-27.36019,-36.83636
36850.,1.980482,3.952818,2.693266,4.012911,19.4776,-27.42047,-36.81413
36860.,1.952075,3.917523,2.662366,3.982791,19.26918,-27.48084,-36.79216
36870.,1.923287,3.881921,2.631089,3.952302,19.06258,-27.54131,-36.77045
36880.,1.894122,3.846015,2.599442,3.921449,18.85778,-27.60186,-36.74898
36890.,1.864586,3.809813,2.567431,3.890239,18.65475,-27.6625,-36.72776
36900.,1.834685,3.773316,2.535061,3.858675,18.45347,-27.72323,-36.70678
36910.,1.804424,3.736539,2.502337,3.826765,18.2539,-27.78389,-36.6869
36920.,1.773807,3.699492,2.469266,3.794514,18.056,-27.84432,-36.66824
36930.,1.742841,3.662181,2.435854,3.761926,17.85975,-27.90452,-36.64981
36940.,1.71153,3.62461,2.402105,3.729008,17.66513,-27.96449,-36.6316
36950.,1.679879,3.586784,2.368025,3.695764,17.47212,-28.02423,-36.61361
36960.,1.647896,3.548707,2.333619,3.662201,17.2807,-28.08375,-36.59583
36970.,1.615583,3.510384,2.298893,3.628323,17.09084,-28.14304,-36.57827
36980.,1.582948,3.471818,2.263852,3.594135,16.90252,-28.2021,-36.56092
36990.,1.549994,3.433015,2.2285,3.559643,16.71573,-28.26095,-36.54376
37000.,1.516727,3.393977,2.192843,3.524851,16.53045,-28.31957,-36.52681
37010.,1.483152,3.35471,2.156886,3.489765,16.34665,-28.37797,-36.51006
37020.,1.449274,3.315217,2.120633,3.45439,16.16432,-28.43615,-36.4935
37030.,1.415097,3.275502,2.084089,3.418729,15.98343,-28.49412,-36.47712
37040.,1.380626,3.23557,2.047259,3.382789,15.80397,-28.55186,-36.46094
37050.,1.345866,3.195423,2.010147,3.346572,15.62593,-28.6094,-36.44493
37060.,1.310821,3.155066,1.972759,3.310085,15.44927,-28.66671,-36.4291
37070.,1.275496,3.114503,1.935097,3.273331,15.274,-28.72382,-36.41345
37080.,1.239896,3.073736,1.897168,3.236316,15.10008,-28.78071,-36.39797
37090.,1.204024,3.03277,1.858974,3.199042,14.92749,-28.83739,-36.38266
37100.,1.167886,2.991609,1.820521,3.161515,14.75624,-28.89386,-36.36752
37110.,1.131485,2.950255,1.781813,3.123738,14.58629,-28.95012,-36.35253
37120.,1.094825,2.908712,1.742853,3.085717,14.41763,-29.00618,-36.33771
37130.,1.057911,2.866984,1.703646,3.047454,14.25024,-29.06202,-36.32304
37140.,1.020747,2.825073,1.664195,3.008955,14.08411,-29.11767,-36.30852
37150.,0.9833359,2.782984,1.624506,2.970223,13.91922,-29.17311,-36.29416
37160.,0.9456829,2.740719,1.584581,2.931261,13.75556,-29.22835,-36.27994
37170.,0.9077915,2.698281,1.544424,2.892074,13.59312,-29.28338,-36.26586
37180.,0.8696656,2.655674,1.50404,2.852666,13.43187,-29.33822,-36.25193
37190.,0.8313088,2.612901,1.463432,2.81304,13.2718,-29.39285,-36.23813
37200.,0.7927249,2.569964,1.422604,2.7732,13.1129,-29.44729,-36.22447
37210.,0.7539176,2.526868,1.381559,2.73315,12.95515,-29.50154,-36.21095
37220.,0.7148905,2.483613,1.3403,2.692893,12.79854,-29.55558,-36.19755
37230.,0.6756472,2.440205,1.298832,2.652432,12.64305,-29.60943,-36.18428
37240.,0.6361912,2.396644,1.257158,2.611772,12.48868,-29.66309,-36.17114
37250.,0.596526,2.352935,1.215281,2.570915,12.33541,-29.71656,-36.15812
37260.,0.5566549,2.30908,1.173205,2.529866,12.18322,-29.76984,-36.14522
37270.,0.5165814,2.265081,1.130933,2.488626,12.0321,-29.82292,-36.13243
37280.,0.4763088,2.220942,1.088468,2.447201,11.88204,-29.87582,-36.11977
37290.,0.4358404,2.176665,1.045813,2.405592,11.73302,-29.92853,-36.10721
37300.,0.3951793,2.132253,1.002972,2.363803,11.58504,-29.98105,-36.09477
37310.,0.3543288,2.087707,0.9599474,2.321837,11.43808,-30.03339,-36.08243
37320.,0.313292,2.043032,0.9167428,2.279697,11.29213,-30.08554,-36.0702
37330.,0.272072,1.998228,0.873361,2.237386,11.14718,-30.13752,-36.05807
37340.,0.2306718,1.953299,0.829805,2.194908,11.00321,-30.1893,-36.04605
37350.,0.1890945,1.908248,0.7860779,2.152265,10.86021,-30.24091,-36.03412
37360.,0.147343,1.863075,0.7421824,2.10946,10.71818,-30.29234,-36.02229
37370.,0.1054202,1.817785,0.6981214,2.066496,10.57709,-30.34359,-36.01056
37380.,0.06332909,1.772381,0.6538999,2.023375,10.43694,-30.39462,-36.00176
37390.,0.02107269,1.726881,0.6095317,1.980099,10.29771,-30.44522,-36.00847
37400.,-0.02134588,1.681288,0.5650196,1.93667,10.15938,-30.49539,-36.01526
37410.,-0.06392357,1.635603,0.5203667,1.89309,10.02195,-30.54514,-36.02214
37420.,-0.1066574,1.589829,0.4755756,1.849362,9.885398,-30.59447,-36.0291
37430.,-0.1495443,1.543968,0.4306492,1.80549,9.749722,-30.64338,-36.03615
37440.,-0.1925815,1.498022,0.3855903,1.761477,9.614911,-30.69188,-36.04328
37450.,-0.235766,1.451994,0.3404016,1.717324,9.480953,-30.73997,-36.05049
37460.,-0.279095,1.405886,0.2950857,1.673035,9.347841,-30.78766,-36.05777
37470.,-0.3225657,1.3597,0.2496453,1.628613,9.215563,-30.83494,-36.06513
37480.,-0.3661753,1.313438,0.204083,1.584061,9.084112,-30.88182,-36.07257
37490.,-0.4099211,1.267102,0.1584014,1.53938,8.953478,-30.92831,-36.08007
37500.,-0.4538004,1.220694,0.1126029,1.494575,8.823652,-30.9744,-36.08765
37510.,-0.4978105,1.174216,0.06669016,1.449647,8.694624,-31.02011,-36.09529
37520.,-0.5419488,1.12767,0.02066554,1.404599,8.566387,-31.06542,-36.103
37530.,-0.5862128,1.081059,-0.02546851,1.359434,8.438931,-31.11036,-36.11077
37540.,-0.6305998,1.034383,-0.0717096,1.314154,8.312248,-31.15492,-36.11861
37550.,-0.6751074,0.9876452,-0.1180554,1.268761,8.186329,-31.1991,-36.1265
37560.,-0.7195856,0.9409877,-0.1643549,1.22341,8.234886,-31.24282,-36.1377
37570.,-0.7636979,0.894735,-0.2102657,1.178446,8.503481,-31.28566,-36.17141
37580.,-0.8072587,0.8490721,-0.2556019,1.134057,8.769321,-31.32734,-36.20564
37590.,-0.8502722,0.8039947,-0.3003676,1.090238,9.032427,-31.36787,-36.23949
37600.,-0.892742,0.7594984,-0.3445671,1.046986,9.292823,-31.40727,-36.27296
37610.,-0.9346723,0.715579,-0.3882046,1.004296,9.550531,-31.44554,-36.30607
37620.,-0.9760669,0.672232,-0.4312842,0.9621641,9.805575,-31.4827,-36.3388
37630.,-1.01693,0.6294533,-0.4738101,0.9205858,10.05797,-31.51875,-36.37116
37640.,-1.057265,0.5872385,-0.5157866,0.8795569,10.30776,-31.55371,-36.40316
37650.,-1.097076,0.5455833,-0.5572179,0.8390732,10.55494,-31.5876,-36.4348
37660.,-1.136367,0.5044836,-0.5981079,0.7991303,10.79955,-31.62041,-36.46607
37670.,-1.175142,0.4639349,-0.6384611,0.7597241,11.0416,-31.65217,-36.497
37680.,-1.213404,0.4239331,-0.6782813,0.7208504,11.28112,-31.68289,-36.52757
37690.,-1.251159,0.3844739,-0.7175729,0.682505,11.51814,-31.71256,-36.55779
37700.,-1.288408,0.3455531,-0.75634,0.6446835,11.75267,-31.74122,-36.58766
37710.,-1.325158,0.3071665,-0.7945865,0.607382,11.98473,-31.76886,-36.61719
37720.,-1.36141,0.2693099,-0.8323168,0.5705961,12.21435,-31.79549,-36.64637
37730.,-1.39717,0.2319791,-0.8695347,0.5343218,12.44155,-31.82113,-36.67522
37740.,-1.43244,0.19517,-0.9062445,0.4985549,12.66635,-31.84579,-36.70373
37750.,-1.467225,0.1588784,-0.9424501,0.4632913,12.88878,-31.86948,-36.73191
37760.,-1.501529,0.1231001,-0.9781557,0.4285268,13.10884,-31.89221,-36.75976
37770.,-1.535355,0.08783108,-1.013365,0.3942574,13.32658,-31.91398,-36.78728
37780.,-1.568707,0.05306719,-1.048083,0.3604789,13.542,-31.93481,-36.81447
37790.,-1.60159,0.01880434,-1.082312,0.3271874,13.75512,-31.95471,-36.84134
37800.,-1.634006,-0.01496153,-1.116057,0.2943787,13.96598,-31.97368,-36.86789
37810.,-1.665959,-0.04823448,-1.149323,0.2620488,14.17459,-31.99175,-36.89413
37820.,-1.697454,-0.08101854,-1.182112,0.2301938,14.38096,-32.00891,-36.92005
37830.,-1.728493,-0.1133177,-1.214429,0.1988096,14.58513,-32.02517,-36.94566
37840.,-1.759081,-0.145136,-1.246277,0.1678922,14.78711,-32.04056,-36.97096
37850.,-1.789222,-0.1764775,-1.277661,0.1374377,14.98693,-32.05506,-36.99595
37860.,-1.818918,-0.2073034,-1.308554,0.1074426,15.18465,-32.06853,-37.01792
37870.,-1.848173,-0.2376101,-1.338953,0.0779036,15.3803,-32.08095,-37.03909
37880.,-1.876991,-0.2674016,-1.368863,0.04881742,15.5739,-32.09233,-37.05996
37890.,-1.905374,-0.2966818,-1.398286,0.02018056,15.76547,-32.10267,-37.08054
37900.,-1.933325,-0.3254546,-1.427228,-0.008010401,15.95504,-32.11198,-37.10081
37910.,-1.960848,-0.353724,-1.45569,-0.03575887,16.14262,-32.12029,-37.12079
37920.,-1.987946,-0.3814937,-1.483678,-0.06306824,16.32823,-32.1276,-37.14048
37930.,-2.014622,-0.4087676,-1.511195,-0.08994189,16.51189,-32.13391,-37.15988
37940.,-2.040879,-0.4355495,-1.538244,-0.1163832,16.69362,-32.13924,-37.179
37950.,-2.066721,-0.4618433,-1.564828,-0.1423954,16.87345,-32.1436,-37.19782
37960.,-2.092149,-0.4876527,-1.590953,-0.167982,17.05137,-32.14701,-37.21637
37970.,-2.117168,-0.5129815,-1.61662,-0.1931462,17.22743,-32.14946,-37.23463
37980.,-2.141781,-0.5378333,-1.641834,-0.2178912,17.40164,-32.15097,-37.25262
37990.,-2.16599,-0.562212,-1.666599,-0.2422204,17.574,-32.15155,-37.27032
38000.,-2.189798,-0.5861213,-1.690916,-0.2661371,17.74456,-32.15121,-37.28776
38010.,-2.213209,-0.6095646,-1.714792,-0.2896443,17.91331,-32.14995,-37.30492
38020.,-2.236226,-0.6325458,-1.738227,-0.3127454,18.08029,-32.1478,-37.32181
38030.,-2.25885,-0.6550685,-1.761227,-0.3354436,18.2455,-32.14475,-37.33844
38040.,-2.281087,-0.6771361,-1.783794,-0.357742,18.40897,-32.14081,-37.3548
38050.,-2.302938,-0.6987524,-1.805932,-0.3796437,18.57072,-32.13601,-37.37089
38060.,-2.324406,-0.7199208,-1.827644,-0.401152,18.73076,-32.13033,-37.38673
38070.,-2.345494,-0.7406449,-1.848934,-0.4222699,18.88911,-32.1238,-37.4023
38080.,-2.366205,-0.7609282,-1.869804,-0.4430004,19.04579,-32.11643,-37.41762
38090.,-2.386543,-0.7807741,-1.890259,-0.4633468,19.20081,-32.10821,-37.43268
38100.,-2.406509,-0.8001862,-1.910301,-0.483312,19.3542,-32.09917,-37.44749
38110.,-2.426107,-0.8191678,-1.929934,-0.502899,19.50597,-32.0893,-37.46205
38120.,-2.445339,-0.8377223,-1.949161,-0.522111,19.65613,-32.07863,-37.47636
38130.,-2.464209,-0.8558532,-1.967984,-0.5409508,19.80471,-32.06714,-37.49042
38140.,-2.482718,-0.8735637,-1.986409,-0.5594214,19.95172,-32.05487,-37.50424
38150.,-2.500871,-0.8908573,-2.004437,-0.5775258,20.09718,-32.0418,-37.51782
38160.,-2.518669,-0.9077371,-2.022071,-0.595267,20.24111,-32.02796,-37.53115
38170.,-2.536115,-0.9242066,-2.039315,-0.6126477,20.38351,-32.01335,-37.54425
38180.,-2.553213,-0.940269,-2.056172,-0.629671,20.52441,-31.99797,-37.5571
38190.,-2.569964,-0.9559274,-2.072646,-0.6463396,20.66383,-31.98184,-37.56973
38200.,-2.586372,-0.9711852,-2.088738,-0.6626564,20.80177,-31.96496,-37.58211
38210.,-2.602438,-0.9860455,-2.104452,-0.6786243,20.93826,-31.94734,-37.59427
38220.,-2.618166,-1.000511,-2.119791,-0.6942459,21.07332,-31.929,-37.6062
38230.,-2.633559,-1.014586,-2.134758,-0.7095242,21.20694,-31.90993,-37.6179
38240.,-2.648618,-1.028273,-2.149356,-0.7244618,21.33917,-31.89014,-37.62938
38250.,-2.663347,-1.041575,-2.163588,-0.7390616,21.47,-31.86965,-37.64063
38260.,-2.677748,-1.054494,-2.177457,-0.7533261,21.59945,-31.84845,-37.65165
38270.,-2.691823,-1.067035,-2.190966,-0.7672581,21.72754,-31.82657,-37.66246
38280.,-2.705576,-1.0792,-2.204117,-0.7808603,21.85429,-31.80399,-37.67305
38290.,-2.719008,-1.090992,-2.216914,-0.7941354,21.9797,-31.78074,-37.68342
38300.,-2.732122,-1.102414,-2.229359,-0.8070858,22.1038,-31.75682,-37.69358
38310.,-2.74492,-1.11347,-2.241455,-0.8197143,22.22659,-31.73223,-37.70352
38320.,-2.757406,-1.124161,-2.253205,-0.8320235,22.3481,-31.70699,-37.71325
38330.,-2.76958,-1.134278,-2.264526,-0.8440048,22.46835,-31.68099,-37.60528
38340.,-2.781445,-1.143643,-2.275348,-0.8556403,22.58737,-31.65416,-37.39738
38350.,-2.793002,-1.152261,-2.285673,-0.8669225,22.70516,-31.6265,-37.18979
38360.,-2.804252,-1.160139,-2.295506,-0.8778532,22.82176,-31.59802,-36.98252
38370.,-2.815196,-1.167281,-2.304849,-0.888434,22.93717,-31.56872,-36.77556
38380.,-2.825836,-1.173692,-2.313704,-0.8986667,23.0514,-31.53862,-36.56892
38390.,-2.836172,-1.179379,-2.322076,-0.908553,23.16447,-31.50772,-36.36259
38400.,-2.846206,-1.184345,-2.329966,-0.9180944,23.2764,-31.47604,-36.15657
38410.,-2.855939,-1.188596,-2.337377,-0.9272928,23.3872,-31.44357,-35.95087
38420.,-2.865372,-1.192138,-2.344314,-0.9361496,23.49688,-31.41032,-35.74548
38430.,-2.874507,-1.194975,-2.350777,-0.9446667,23.60546,-31.37631,-35.5404
38440.,-2.883344,-1.197113,-2.356771,-0.9528455,23.71295,-31.34154,-35.33563
38450.,-2.891885,-1.198556,-2.362298,-0.9606877,23.81936,-31.30602,-35.13118
38460.,-2.90013,-1.199309,-2.36736,-0.9681948,23.92472,-31.26975,-34.92703
38470.,-2.908082,-1.199377,-2.371961,-0.9753686,24.02902,-31.23274,-34.7232
38480.,-2.91574,-1.198765,-2.376103,-0.9822104,24.13229,-31.195,-34.51967
38490.,-2.923107,-1.197478,-2.379788,-0.9887219,24.23454,-31.15653,-34.31646
38500.,-2.930183,-1.195521,-2.38302,-0.9949046,24.33578,-31.11735,-34.11355
38510.,-2.936969,-1.192897,-2.385802,-1.00076,24.43602,-31.07745,-33.91095
38520.,-2.943467,-1.189612,-2.388135,-1.00629,24.53528,-31.03685,-33.70866
38530.,-2.949677,-1.185671,-2.390022,-1.011495,24.63357,-30.99555,-33.50668
38540.,-2.955601,-1.181078,-2.391467,-1.016378,24.73091,-30.95356,-33.30501
38550.,-2.96124,-1.175838,-2.39247,-1.020939,24.82729,-30.91089,-33.10364
38560.,-2.966594,-1.169954,-2.393036,-1.02518,24.92275,-30.86754,-32.90258
38570.,-2.971665,-1.163433,-2.393166,-1.029103,25.01728,-30.82351,-32.70182
38580.,-2.976454,-1.156277,-2.392864,-1.032709,25.1109,-30.77883,-32.50137
38590.,-2.980961,-1.148491,-2.39213,-1.035999,25.20363,-30.73348,-32.30123
38600.,-2.985188,-1.14008,-2.390969,-1.038975,25.29547,-30.68748,-32.10138
38610.,-2.989136,-1.131048,-2.389381,-1.041639,25.38644,-30.64083,-31.90185
38620.,-2.992806,-1.1214,-2.387371,-1.043991,25.47654,-30.59354,-31.70261
38630.,-2.996199,-1.111138,-2.384939,-1.046032,25.5658,-30.54562,-31.50368
38640.,-2.999315,-1.100269,-2.382089,-1.047765,25.65421,-30.49707,-31.30504
38650.,-3.002156,-1.088795,-2.378823,-1.049191,25.7418,-30.44789,-31.10671
38660.,-3.004722,-1.076721,-2.375142,-1.05031,25.82857,-30.3981,-30.90868
38670.,-3.007016,-1.064051,-2.37105,-1.051125,25.91453,-30.3477,-30.71095
38680.,-3.009036,-1.050789,-2.366548,-1.051636,25.9997,-30.2967,-30.51352
38690.,-3.010785,-1.036939,-2.361639,-1.051844,26.08409,-30.24509,-30.31638
38700.,-3.012264,-1.022505,-2.356325,-1.051752,26.1677,-30.19289,-30.11955
38710.,-3.013473,-1.007491,-2.350609,-1.05136,26.25055,-30.14011,-29.92301
38720.,-3.014412,-0.9919011,-2.344491,-1.05067,26.33265,-30.08674,-29.72677
38730.,-3.015084,-0.9757385,-2.337975,-1.049682,26.414,-30.03279,-29.53082
38740.,-3.015489,-0.9590074,-2.331063,-1.048398,26.49462,-29.97827,-29.33517
38750.,-3.015628,-0.9417115,-2.323756,-1.04682,26.57452,-29.92319,-29.13982
38760.,-3.015501,-0.9238547,-2.316058,-1.044947,26.65371,-29.86755,-28.94475
38770.,-3.01511,-0.9054407,-2.307969,-1.042782,26.73219,-29.81135,-28.74999
38780.,-3.014455,-0.8864731,-2.299492,-1.040326,26.80999,-29.7546,-28.55551
38790.,-3.013538,-0.8669556,-2.290629,-1.03758,26.8871,-29.69731,-28.36133
38800.,-3.012358,-0.8469276,-2.281395,-1.034544,26.96352,-29.63948,-28.16272
38810.,-3.010917,-0.8265112,-2.271832,-1.031218,27.0392,-29.58117,-27.94886
38820.,-3.009216,-0.805709,-2.261942,-1.027602,27.11415,-29.52237,-27.73538
38830.,-3.007256,-0.7845236,-2.251727,-1.023697,27.18838,-29.46308,-27.52229
38840.,-3.005039,-0.7629576,-2.241189,-1.019506,27.26191,-29.40332,-27.30959
38850.,-3.002566,-0.7410133,-2.230331,-1.015029,27.33473,-29.34309,-27.09727
38860.,-2.999838,-0.7186934,-2.219153,-1.010269,27.40686,-29.28239,-26.88534
38870.,-2.996856,-0.6960004,-2.207659,-1.005227,27.47831,-29.22123,-26.67379
38880.,-2.993622,-0.6729366,-2.195849,-0.9999042,27.54909,-29.15961,-26.46262
38890.,-2.990137,-0.6495046,-2.183725,-0.9943026,27.61921,-29.09754,-26.25183
38900.,-2.986401,-0.6257067,-2.171291,-0.9884236,27.68867,-29.03502,-26.04143
38910.,-2.982418,-0.6015453,-2.158546,-0.9822687,27.75749,-28.97206,-25.83139
38920.,-2.978186,-0.5770229,-2.145494,-0.9758394,27.82567,-28.90865,-25.62174
38930.,-2.973708,-0.5521417,-2.132135,-0.9691372,27.89322,-28.84482,-25.41246
38940.,-2.968985,-0.526904,-2.118472,-0.9621636,27.96016,-28.78055,-25.20356
38950.,-2.964018,-0.5013123,-2.104507,-0.9549199,28.02648,-28.71586,-24.99503
38960.,-2.958808,-0.4753687,-2.09024,-0.9474076,28.0922,-28.65075,-24.78688
38970.,-2.953356,-0.4490756,-2.075674,-0.9396282,28.15733,-28.58523,-24.57909
38980.,-2.947664,-0.4224351,-2.060811,-0.931583,28.22188,-28.51929,-24.37168
38990.,-2.941731,-0.3954496,-2.045652,-0.9232735,28.28585,-28.45295,-24.16463
39000.,-2.935561,-0.3681211,-2.030199,-0.9147009,28.34925,-28.3862,-23.95796
39010.,-2.929152,-0.3404519,-2.014454,-0.9058666,28.41209,-28.31905,-23.75164
39020.,-2.922508,-0.3124442,-1.998418,-0.8967721,28.47437,-28.25151,-23.5457
39030.,-2.915628,-0.2841001,-1.982092,-0.8874185,28.53611,-28.18358,-23.34012
39040.,-2.908514,-0.2554216,-1.965479,-0.8778073,28.59732,-28.11526,-23.1349
39050.,-2.901166,-0.226411,-1.948579,-0.8679396,28.65799,-28.04656,-22.93004
39060.,-2.893587,-0.1970703,-1.931395,-0.8578169,28.71814,-27.97748,-22.72555
39070.,-2.885776,-0.1674016,-1.913929,-0.8474403,28.77778,-27.90803,-22.52141
39080.,-2.877734,-0.1374069,-1.896181,-0.8368112,28.83691,-27.83821,-22.31764
39090.,-2.869464,-0.1070882,-1.878152,-0.8259307,28.89554,-27.76802,-22.11422
39100.,-2.860965,-0.07644759,-1.859846,-0.8148001,28.95368,-27.69747,-21.91115
39110.,-2.852239,-0.04548703,-1.841263,-0.8034206,29.01133,-27.62656,-21.70844
39120.,-2.843286,-0.01420848,-1.822404,-0.7917933,29.06851,-27.55529,-21.50609
39130.,-2.834108,0.0173861,-1.803271,-0.7799196,29.12521,-27.48368,-21.30408
39140.,-2.824706,0.04929475,-1.783866,-0.7678005,29.18145,-27.41172,-21.10243
39150.,-2.815079,0.08151558,-1.764189,-0.7554373,29.23724,-27.33941,-20.90113
39160.,-2.805231,0.1140467,-1.744243,-0.742831,29.29257,-27.26677,-20.70018
39170.,-2.79516,0.1468861,-1.724029,-0.7299828,29.34746,-27.19378,-20.49957
39180.,-2.784868,0.1800321,-1.703548,-0.7168938,29.40191,-27.12047,-20.29932
39190.,-2.774357,0.2134827,-1.682801,-0.7035652,29.45593,-27.04683,-20.0994
39200.,-2.763626,0.2472362,-1.66179,-0.6899979,29.50952,-26.97286,-19.89984
39210.,-2.752676,0.2812907,-1.640517,-0.6761932,29.5627,-26.89857,-19.70061
39220.,-2.74151,0.3156443,-1.618982,-0.6621521,29.61547,-26.82396,-19.50173
39230.,-2.730127,0.3502954,-1.597186,-0.6478757,29.66783,-26.74904,-19.30319
39240.,-2.718527,0.3852422,-1.575132,-0.6333649,29.71979,-26.67381,-19.10498
39250.,-2.706713,0.4204828,-1.552821,-0.6186209,29.77136,-26.59827,-18.90712
39260.,-2.694685,0.4560156,-1.530253,-0.6036447,29.82255,-26.52242,-18.70959
39270.,-2.682443,0.4918388,-1.50743,-0.5884372,29.87335,-26.44627,-18.5124
39280.,-2.669988,0.5277472,-1.484517,-0.5729973,29.92378,-26.37033,-18.29124
39290.,-2.657322,0.563723,-1.461528,-0.557324,29.97385,-26.29463,-18.06853
39300.,-2.644445,0.5997655,-1.438464,-0.5414194,30.02357,-26.21916,-17.84628
39310.,-2.631361,0.635874,-1.415326,-0.5252857,30.07293,-26.14394,-17.62448
39320.,-2.618072,0.6720477,-1.392114,-0.508925,30.12194,-26.06896,-17.40314
39330.,-2.604578,0.7082859,-1.368829,-0.4923395,30.17061,-25.9942,-17.18226
39340.,-2.590883,0.7445879,-1.345472,-0.4755314,30.21893,-25.91969,-16.96183
39350.,-2.576987,0.780953,-1.322044,-0.4585027,30.26692,-25.8454,-16.74185
39360.,-2.562894,0.8173804,-1.298545,-0.4412556,30.31458,-25.77134,-16.52233
39370.,-2.548604,0.8538695,-1.274976,-0.423792,30.36191,-25.6975,-16.30325
39380.,-2.53412,0.8904195,-1.251337,-0.4061142,30.40892,-25.62389,-16.08462
39390.,-2.519443,0.9270299,-1.22763,-0.388224,30.4556,-25.5505,-15.86644
39400.,-2.504575,0.9636998,-1.203855,-0.3701236,30.50197,-25.47734,-15.6487
39410.,-2.489518,1.000429,-1.180013,-0.3518149,30.54803,-25.40439,-15.4314
39420.,-2.474274,1.037216,-1.156104,-0.3332998,30.59378,-25.33165,-15.21455
39430.,-2.458844,1.074061,-1.132129,-0.3145804,30.63923,-25.25914,-14.99814
39440.,-2.443231,1.110963,-1.108089,-0.2956586,30.68438,-25.18683,-14.78216
39450.,-2.427435,1.147921,-1.083984,-0.2765362,30.72923,-25.11473,-14.56663
39460.,-2.411459,1.184935,-1.059815,-0.2572153,30.77379,-25.04285,-14.35152
39470.,-2.395304,1.222004,-1.035582,-0.2376975,30.81806,-24.97117,-14.13686
39480.,-2.378971,1.259128,-1.011286,-0.2179849,30.86204,-24.89969,-13.92262
39490.,-2.362464,1.296305,-0.9869286,-0.1980793,30.90574,-24.82842,-13.70882
39500.,-2.345782,1.333536,-0.9625092,-0.1779824,30.94917,-24.75735,-13.49545
39510.,-2.328928,1.370819,-0.9380287,-0.1576961,30.99232,-24.68648,-13.2825
39520.,-2.311903,1.408155,-0.9134876,-0.1372221,31.0352,-24.61581,-13.06999
39530.,-2.29471,1.445542,-0.8888867,-0.1165623,31.07781,-24.54533,-12.85789
39540.,-2.277348,1.48298,-0.8642264,-0.09571838,31.12015,-24.47505,-12.64622
39550.,-2.259821,1.520469,-0.8395073,-0.07469206,31.16224,-24.40495,-12.43498
39560.,-2.242129,1.558007,-0.81473,-0.05348507,31.20407,-24.33505,-12.22415
39570.,-2.224274,1.595595,-0.7898951,-0.03209911,31.24564,-24.26534,-12.01375
39580.,-2.206258,1.633231,-0.765003,-0.01053585,31.28697,-24.19582,-11.80376
39590.,-2.188081,1.670915,-0.7400543,0.01120303,31.32804,-24.12648,-11.59419
39600.,-2.169746,1.708648,-0.7150495,0.03311589,31.36887,-24.05733,-11.38504
39610.,-2.151254,1.746427,-0.6899892,0.05520109,31.40946,-23.98835,-11.1763
39620.,-2.132606,1.784253,-0.6648738,0.07745703,31.44982,-23.91956,-10.96797
39630.,-2.113805,1.822125,-0.639704,0.09988209,31.48993,-23.85095,-10.76005
39640.,-2.09485,1.860042,-0.6144801,0.1224747,31.52982,-23.78251,-10.55254
39650.,-2.075743,1.898005,-0.5892027,0.1452333,31.56947,-23.71425,-10.34544
39660.,-2.056487,1.936012,-0.5638723,0.1681563,31.6089,-23.64617,-10.13875
39670.,-2.037082,1.974063,-0.5384894,0.1912422,31.6481,-23.57825,-9.932461
39680.,-2.01753,2.012158,-0.5130544,0.2144895,31.68709,-23.51051,-9.726577
39690.,-1.997831,2.050296,-0.4875678,0.2378966,31.72586,-23.44294,-9.521095
39700.,-1.977988,2.088477,-0.4620302,0.2614621,31.76441,-23.37553,-9.316013
39710.,-1.958002,2.1267,-0.4364418,0.2851844,31.80275,-23.30829,-9.111332
39720.,-1.937873,2.164964,-0.4108033,0.3090623,31.84088,-23.24122,-8.907048
39730.,-1.917604,2.20327,-0.3851151,0.333094,31.87881,-23.17431,-8.703162
39740.,-1.897195,2.241617,-0.3593776,0.3572784,31.91653,-23.10756,-8.49967
39750.,-1.876651,2.27989,-0.3336358,0.3816021,31.95407,-23.04141,-8.38429
39760.,-1.855975,2.31802,-0.3079183,0.4060446,31.99146,-22.97612,-8.323779
39770.,-1.83517,2.356007,-0.2822261,0.4305963,32.02869,-22.9117,-8.263254
39780.,-1.814238,2.39385,-0.2565602,0.4552551,32.06576,-22.84812,-8.202718
39790.,-1.793181,2.43155,-0.2309214,0.4800188,32.10268,-22.78538,-8.14217
39800.,-1.772003,2.469106,-0.2053107,0.5048852,32.13944,-22.72348,-8.081612
39810.,-1.750704,2.50652,-0.1797291,0.5298521,32.17605,-22.66239,-8.021045
39820.,-1.729288,2.543791,-0.1541774,0.5549174,32.2125,-22.60212,-7.96047
39830.,-1.707757,2.58092,-0.1286565,0.5800789,32.2488,-22.54265,-7.899888
39840.,-1.686113,2.617906,-0.1031673,0.6053346,32.28495,-22.48398,-7.8393
39850.,-1.664358,2.654749,-0.07771074,0.6306824,32.32095,-22.4261,-7.778707
39860.,-1.642494,2.691451,-0.05228761,0.6561202,32.3568,-22.36899,-7.718109
39870.,-1.620524,2.728011,-0.02689878,0.681646,32.3925,-22.31266,-7.657508
39880.,-1.59845,2.764429,-0.001545103,0.7072577,32.42805,-22.25708,-7.596905
39890.,-1.576273,2.800705,0.02377259,0.7329535,32.46345,-22.20226,-7.536301
39900.,-1.553997,2.83684,0.04905348,0.7587313,32.4987,-22.14819,-7.475696
39910.,-1.531622,2.872834,0.07429674,0.7845891,32.53381,-22.09485,-7.415091
39920.,-1.509152,2.908686,0.09950159,0.810525,32.56877,-22.04225,-7.354488
39930.,-1.486588,2.944398,0.1246672,0.8365372,32.60359,-21.99037,-7.293887
39940.,-1.463932,2.979969,0.1497929,0.8626236,32.63826,-21.9392,-7.23329
39950.,-1.441187,3.0154,0.1748777,0.8887825,32.67279,-21.88874,-7.172696
39960.,-1.418354,3.05069,0.1999211,0.915012,32.70718,-21.83897,-7.112107
39970.,-1.395435,3.08584,0.2249221,0.9413102,32.74142,-21.7899,-7.051523
39980.,-1.372432,3.12085,0.2498801,0.9676753,32.77553,-21.74152,-6.990946
39990.,-1.349348,3.15572,0.2747944,0.9941056,32.80949,-21.69381,-6.930377
40000.,-1.326183,3.190451,0.2996642,1.020599,32.84331,-21.64677,-6.869815