Times,MAIN_PNL_PX.1,MAIN_PNL_MX.1,MAIN_PNL_PY.1,MAIN_PNL_MY.1,MAIN_PNL_PZ.1,MAIN_PNL_MZ.1,MAIN_PNL_MY.20001
0.,20.,20.,20.,20.,20.,20.,20.
10.,19.96567,20.02066,19.98207,19.99223,20.36403,19.52007,-4.86737
20.,19.93146,20.04069,19.96398,19.98426,20.72344,19.04922,-4.813901
30.,19.8974,20.06011,19.94573,19.97615,21.07828,18.58723,-4.760251
40.,19.86347,20.07893,19.92734,19.96792,21.42862,18.13389,-4.706702
50.,19.82971,20.09717,19.90884,19.95958,21.77449,17.68901,-4.653247
60.,19.79611,20.11487,19.89022,19.95114,22.11595,17.25238,-4.599879
70.,19.76269,20.13202,19.87151,19.94261,22.45305,16.82382,-4.546589
80.,19.72945,20.14866,19.85272,19.93401,22.78584,16.40314,-4.493372
90.,19.69641,20.16479,19.83385,19.92535,23.11437,15.99016,-4.44022
100.,19.66358,20.18044,19.81493,19.91663,23.43869,15.58471,-4.387129
110.,19.63095,20.19562,19.79595,19.90787,23.75885,15.18661,-4.334091
120.,19.59853,20.21034,19.77693,19.89909,24.07489,14.7957,-4.281102
130.,19.56634,20.22462,19.75789,19.89028,24.38687,14.41183,-4.228156
140.,19.53438,20.23848,19.73882,19.88145,24.69482,14.03482,-4.175248
150.,19.50265,20.25192,19.71974,19.87262,24.9988,13.66455,-4.122374
160.,19.47117,20.26496,19.70065,19.8638,25.29886,13.30085,-4.069529
170.,19.43992,20.27762,19.68157,19.85498,25.59503,12.94358,-4.01671
180.,19.40893,20.2899,19.66251,19.84618,25.88737,12.5926,-3.963911
190.,19.37819,20.30182,19.64346,19.83741,26.17591,12.24779,-3.911129
200.,19.3477,20.31339,19.62443,19.82866,26.46071,11.909,-3.858361
210.,19.31748,20.32461,19.60544,19.81996,26.7418,11.5761,-3.805603
220.,19.28752,20.33551,19.58648,19.81129,27.01924,11.24898,-3.752852
230.,19.25782,20.34609,19.56757,19.80268,27.29305,10.92751,-3.700106
240.,19.22839,20.35635,19.54871,19.79411,27.56329,10.61157,-3.647361
250.,19.19924,20.36632,19.5299,19.78561,27.83,10.30104,-3.594614
260.,19.17036,20.37599,19.51115,19.77717,28.09322,9.995816,-3.541863
270.,19.14175,20.38539,19.49246,19.76879,28.35299,9.695783,-3.489107
280.,19.11342,20.3945,19.47384,19.76049,28.60935,9.400834,-3.436342
290.,19.08537,20.40336,19.45529,19.75226,28.86234,9.110866,-3.383567
300.,19.0576,20.41195,19.43682,19.7441,29.112,8.825775,-3.330779
310.,19.03011,20.42029,19.41842,19.73603,29.35837,8.545463,-3.277978
320.,19.0029,20.42839,19.40011,19.72805,29.6015,8.269833,-3.22516
330.,18.97597,20.43626,19.38188,19.72015,29.84141,7.998788,-3.172326
340.,18.94932,20.44389,19.36374,19.71234,30.07816,7.732238,-3.119473
350.,18.92296,20.4513,19.34569,19.70462,30.31177,7.470092,-3.0666
360.,18.89688,20.4585,19.32774,19.697,30.54228,7.212261,-3.013706
370.,18.87109,20.46548,19.30988,19.68948,30.76973,6.95866,-2.960789
380.,18.84557,20.47226,19.29212,19.68205,30.99417,6.709205,-2.90785
390.,18.82034,20.47885,19.27446,19.67473,31.21562,6.463813,-2.854886
400.,18.79539,20.48524,19.2569,19.66751,31.43412,6.222405,-2.801897
410.,18.77073,20.49144,19.23944,19.66039,31.64971,5.984903,-2.748883
420.,18.74634,20.49746,19.22209,19.65338,31.86242,5.751229,-2.695842
430.,18.72224,20.5033,19.20484,19.64647,32.07229,5.521309,-2.642774
440.,18.69841,20.50896,19.1877,19.63967,32.27935,5.29507,-2.589679
450.,18.67486,20.51446,19.17067,19.63298,32.48364,5.072441,-2.536556
460.,18.65159,20.5198,19.15375,19.6264,32.68519,4.853351,-2.483404
470.,18.6286,20.52497,19.13694,19.61993,32.88404,4.637734,-2.430224
480.,18.60588,20.52999,19.12024,19.61357,33.08021,4.425521,-2.377015
490.,18.58343,20.53486,19.10365,19.60733,33.27375,4.216648,-2.323777
500.,18.56126,20.53957,19.08718,19.60119,33.46468,4.011051,-2.27051
510.,18.53936,20.54414,19.07081,19.59516,33.65304,3.808638,-2.231392
520.,18.51772,20.54838,19.05458,19.58921,33.83889,3.608909,-2.402495
530.,18.49635,20.55231,19.03847,19.58331,34.02224,3.411811,-2.573897
540.,18.47525,20.55592,19.02249,19.57746,34.20314,3.217292,-2.745598
550.,18.4544,20.55923,19.00663,19.57166,34.38161,3.025301,-2.917601
560.,18.43382,20.56224,18.99089,19.5659,34.55769,2.835789,-3.089906
570.,18.41348,20.56495,18.97527,19.5602,34.73139,2.648708,-3.262516
580.,18.3934,20.56736,18.95978,19.55453,34.90276,2.46401,-3.435433
590.,18.37357,20.56948,18.9444,19.54892,35.07181,2.281649,-3.608657
600.,18.35399,20.57131,18.92914,19.54335,35.23858,2.101578,-3.78219
610.,18.33464,20.57286,18.91399,19.53782,35.4031,1.923755,-3.956035
620.,18.31554,20.57412,18.89896,19.53234,35.56538,1.748134,-4.130194
630.,18.29667,20.57511,18.88404,19.5269,35.72547,1.574673,-4.304667
640.,18.27804,20.57583,18.86923,19.5215,35.88338,1.40333,-4.479458
650.,18.25963,20.57627,18.85454,19.51614,36.03914,1.234064,-4.654567
660.,18.24146,20.57644,18.83994,19.51083,36.19278,1.066836,-4.829997
670.,18.22351,20.57635,18.82546,19.50555,36.34433,0.9016049,-5.00575
680.,18.20578,20.576,18.81108,19.50031,36.49381,0.7383332,-5.181828
690.,18.18826,20.57538,18.7968,19.4951,36.64124,0.5769827,-5.358234
700.,18.17097,20.57451,18.78262,19.48994,36.78665,0.4175165,-5.534968
710.,18.15388,20.57338,18.76855,19.4848,36.93008,0.2598983,-5.712033
720.,18.13701,20.572,18.75456,19.4797,37.07153,0.1040925,-5.889432
730.,18.12034,20.57037,18.74068,19.47464,37.21104,-0.04993581,-6.067166
740.,18.10387,20.56849,18.72689,19.4696,37.34862,-0.2022207,-6.245238
750.,18.0876,20.56637,18.71319,19.4646,37.48432,-0.3527957,-6.423651
760.,18.07153,20.56401,18.69958,19.45962,37.61813,-0.5016936,-6.602405
770.,18.05565,20.5614,18.68606,19.45467,37.7501,-0.6489467,-6.781504
780.,18.03997,20.55856,18.67262,19.44975,37.88024,-0.7945865,-6.96095
790.,18.02447,20.55548,18.65927,19.44485,38.00858,-0.9386439,-7.140746
800.,18.00915,20.55216,18.646,19.43997,38.13514,-1.081149,-7.320893
810.,17.99401,20.54861,18.63281,19.43512,38.25994,-1.222133,-7.501394
820.,17.97905,20.54483,18.6197,19.43029,38.383,-1.361623,-7.682252
830.,17.96427,20.54083,18.60667,19.42547,38.50435,-1.499648,-7.863468
840.,17.94966,20.53659,18.59371,19.42068,38.624,-1.636238,-8.045046
850.,17.93522,20.53214,18.58082,19.4159,38.74198,-1.771418,-8.226988
860.,17.92094,20.52745,18.56801,19.41114,38.85831,-1.905216,-8.409297
870.,17.90683,20.52255,18.55526,19.40639,38.97301,-2.03766,-8.591974
880.,17.89287,20.51743,18.54259,19.40166,39.0861,-2.168774,-8.775023
890.,17.87907,20.51209,18.52997,19.39694,39.1976,-2.298583,-8.958447
900.,17.86543,20.50653,18.51742,19.39223,39.30752,-2.427114,-9.142247
910.,17.85194,20.50075,18.50493,19.38752,39.4159,-2.554391,-9.326426
920.,17.83859,20.49476,18.49251,19.38282,39.52275,-2.680438,-9.510988
930.,17.82539,20.48856,18.48014,19.37813,39.62809,-2.805278,-9.695935
940.,17.81233,20.48215,18.46782,19.37345,39.73194,-2.928934,-9.881269
950.,17.79941,20.47553,18.45556,19.36876,39.83431,-3.05143,-10.06699
960.,17.78663,20.4687,18.44335,19.36408,39.93523,-3.172787,-10.25311
970.,17.77398,20.46167,18.43119,19.3594,40.03471,-3.293028,-10.43962
980.,17.76146,20.45442,18.41908,19.35472,40.13278,-3.412174,-10.62653
990.,17.74907,20.44698,18.40701,19.35004,40.22945,-3.530246,-10.81385
1000.,17.7368,20.43933,18.39499,19.34535,40.32473,-3.647265,-11.00156
1010.,17.72465,20.43148,18.38302,19.34066,40.41865,-3.763251,-11.18969
1020.,17.71263,20.42335,18.37109,19.33595,40.51118,-3.878248,-11.42595
1030.,17.70072,20.41491,18.35922,19.33122,40.60232,-3.99229,-11.69142
1040.,17.68892,20.40616,18.34741,19.32647,40.69207,-4.105395,-11.95772
1050.,17.67724,20.39709,18.33564,19.32168,40.78047,-4.217582,-12.22485
1060.,17.66566,20.38772,18.32393,19.31686,40.86752,-4.328871,-12.49282
1070.,17.65418,20.37803,18.31226,19.312,40.95325,-4.439278,-12.76165
1080.,17.6428,20.36805,18.30064,19.30712,41.03766,-4.548821,-13.03133
1090.,17.63153,20.35776,18.28906,19.30219,41.12079,-4.657519,-13.30187
1100.,17.62034,20.34716,18.27752,19.29723,41.20263,-4.765388,-13.57329
1110.,17.60925,20.33627,18.26601,19.29222,41.28321,-4.872444,-13.84558
1120.,17.59825,20.32508,18.25455,19.28718,41.36255,-4.978705,-14.11876
1130.,17.58733,20.31359,18.24311,19.28209,41.44065,-5.084186,-14.39283
1140.,17.5765,20.30181,18.23171,19.27696,41.51754,-5.188903,-14.6678
1150.,17.56575,20.28974,18.22033,19.27179,41.59323,-5.292873,-14.94368
1160.,17.55507,20.27737,18.20898,19.26657,41.66773,-5.396109,-15.22048
1170.,17.54447,20.26472,18.19765,19.2613,41.74107,-5.498629,-15.4982
1180.,17.53394,20.25177,18.18635,19.25597,41.81325,-5.600445,-15.77685
1190.,17.52348,20.23854,18.17506,19.2506,41.88428,-5.701573,-16.05645
1200.,17.51308,20.22503,18.1638,19.24518,41.9542,-5.802027,-16.33699
1210.,17.50275,20.21123,18.15254,19.2397,42.02299,-5.901821,-16.61849
1220.,17.49248,20.19715,18.1413,19.23417,42.09069,-6.000969,-16.90095
1230.,17.48227,20.18279,18.13007,19.22858,42.15731,-6.099484,-17.18439
1240.,17.47212,20.16815,18.11886,19.22293,42.22285,-6.19738,-17.4688
1250.,17.46201,20.15323,18.10764,19.21722,42.28734,-6.294669,-17.75421
1260.,17.45196,20.13804,18.09643,19.21145,42.35078,-6.391365,-18.04062
1270.,17.44196,20.12257,18.08523,19.20562,42.41318,-6.48748,-18.32803
1280.,17.432,20.10683,18.07403,19.19973,42.47457,-6.583027,-18.61647
1290.,17.42209,20.09081,18.06282,19.19377,42.53495,-6.678017,-18.90592
1300.,17.41222,20.07453,18.05161,19.18775,42.59434,-6.772463,-19.19641
1310.,17.40238,20.05797,18.0404,19.18165,42.65275,-6.866376,-19.48795
1320.,17.39258,20.04115,18.02918,19.1755,42.71019,-6.959768,-19.78054
1330.,17.38282,20.02406,18.01795,19.16927,42.76667,-7.05265,-20.07419
1340.,17.37308,20.00671,18.00671,19.16297,42.8222,-7.145033,-20.36892
1350.,17.36338,19.98909,17.99546,19.1566,42.87681,-7.236929,-20.66472
1360.,17.3537,19.97121,17.9842,19.15015,42.93049,-7.328348,-20.96162
1370.,17.34405,19.95307,17.97292,19.14363,42.98326,-7.419301,-21.25962
1380.,17.33441,19.93466,17.96162,19.13704,43.03513,-7.509797,-21.55873
1390.,17.3248,19.916,17.9503,19.13037,43.08611,-7.599848,-21.85897
1400.,17.31521,19.89708,17.93896,19.12362,43.13621,-7.689463,-22.16033
1410.,17.30563,19.8779,17.9276,19.1168,43.18545,-7.778653,-22.46284
1420.,17.29607,19.85846,17.91621,19.10989,43.23383,-7.867426,-22.7665
1430.,17.28651,19.83877,17.9048,19.1029,43.28137,-7.955792,-23.07133
1440.,17.27697,19.81883,17.89336,19.09583,43.32807,-8.043762,-23.37733
1450.,17.26744,19.79863,17.88189,19.08868,43.37395,-8.131343,-23.68451
1460.,17.2579,19.77818,17.87039,19.08145,43.41901,-8.218545,-23.9929
1470.,17.24838,19.75748,17.85885,19.07412,43.46327,-8.305377,-24.30249
1480.,17.23885,19.73654,17.84728,19.06672,43.50674,-8.391848,-24.6133
1490.,17.22933,19.71534,17.83568,19.05922,43.54942,-8.477966,-24.92534
1500.,17.2198,19.69389,17.82404,19.05164,43.59133,-8.563739,-25.23862
1510.,17.21026,19.6722,17.81236,19.04397,43.63247,-8.649177,-25.55316
1520.,17.20073,19.65032,17.80065,19.03621,43.67285,-8.734244,-25.82469
1530.,17.19118,19.6285,17.78895,19.02839,43.71249,-8.818767,-25.90769
1540.,17.18162,19.60673,17.77727,19.02053,43.75139,-8.902756,-25.99081
1550.,17.17206,19.58501,17.76561,19.01263,43.78956,-8.98622,-26.07403
1560.,17.16249,19.56334,17.75395,19.00469,43.82702,-9.069171,-26.15737
1570.,17.1529,19.54173,17.74231,18.99671,43.86377,-9.151617,-26.24083
1580.,17.14331,19.52016,17.73068,18.98868,43.89983,-9.233567,-26.3244
1590.,17.1337,19.49864,17.71906,18.98061,43.93519,-9.315032,-26.40808
1600.,17.12408,19.47717,17.70745,18.97249,43.96988,-9.39602,-26.49188
1610.,17.11445,19.45574,17.69585,18.96433,44.0039,-9.47654,-26.5758
1620.,17.10481,19.43435,17.68425,18.95613,44.03726,-9.556602,-26.65983
1630.,17.09515,19.413,17.67266,18.94788,44.06997,-9.636213,-26.74398
1640.,17.08547,19.3917,17.66107,18.93958,44.10204,-9.715382,-26.82825
1650.,17.07578,19.37043,17.64949,18.93124,44.13347,-9.794118,-26.91264
1660.,17.06607,19.3492,17.63791,18.92286,44.16428,-9.87243,-26.99715
1670.,17.05634,19.32801,17.62634,18.91442,44.19447,-9.950324,-27.08178
1680.,17.0466,19.30685,17.61476,18.90594,44.22406,-10.02781,-27.16652
1690.,17.03684,19.28573,17.60319,18.89742,44.25304,-10.10489,-27.25139
1700.,17.02706,19.26464,17.59161,18.88884,44.28143,-10.18158,-27.33638
1710.,17.01726,19.24358,17.58004,18.88022,44.30924,-10.25789,-27.4215
1720.,17.00744,19.22255,17.56846,18.87155,44.33647,-10.33382,-27.50673
1730.,16.99759,19.20154,17.55688,18.86284,44.36314,-10.40937,-27.59209
1740.,16.98773,19.18057,17.5453,18.85407,44.38924,-10.48456,-27.67757
1750.,16.97784,19.15962,17.53371,18.84525,44.4148,-10.5594,-27.76318
1760.,16.96793,19.1387,17.52212,18.83639,44.4398,-10.63388,-27.84891
1770.,16.958,19.1178,17.51052,18.82747,44.46427,-10.70802,-27.93476
1780.,16.94805,19.09693,17.49891,18.81851,44.48821,-10.78183,-28.02074
1790.,16.93806,19.07607,17.4873,18.80949,44.51162,-10.85531,-28.10685
1800.,16.92806,19.05524,17.47568,18.80043,44.53452,-10.92846,-28.19309
1810.,16.91803,19.03443,17.46405,18.79131,44.5569,-11.0013,-28.27945
1820.,16.90797,19.01363,17.45241,18.78214,44.57879,-11.07382,-28.36594
1830.,16.89789,18.99285,17.44076,18.77293,44.60018,-11.14605,-28.45256
1840.,16.88778,18.97209,17.4291,18.76365,44.62108,-11.21797,-28.53931
1850.,16.87764,18.95135,17.41743,18.75433,44.64149,-11.2896,-28.62619
1860.,16.86747,18.93062,17.40575,18.74496,44.66143,-11.36095,-28.7132
1870.,16.85728,18.9099,17.39405,18.73553,44.6809,-11.43201,-28.80033
1880.,16.84705,18.88919,17.38234,18.72605,44.6999,-11.5028,-28.8876
1890.,16.8368,18.8685,17.37061,18.71652,44.71845,-11.57333,-28.97501
1900.,16.82651,18.84782,17.35887,18.70693,44.73655,-11.64358,-29.06254
1910.,16.8162,18.82714,17.34711,18.69729,44.7542,-11.71358,-29.15021
1920.,16.80585,18.80648,17.33534,18.6876,44.77141,-11.78333,-29.23801
1930.,16.79547,18.78582,17.32355,18.67785,44.78818,-11.85283,-29.32594
1940.,16.78506,18.76517,17.31174,18.66805,44.80453,-11.92209,-29.41401
1950.,16.77462,18.74452,17.29991,18.6582,44.82046,-11.99111,-29.50221
1960.,16.76415,18.72388,17.28807,18.64829,44.83597,-12.0599,-29.59055
1970.,16.75364,18.70325,17.2762,18.63832,44.85106,-12.12846,-29.67903
1980.,16.7431,18.68261,17.26432,18.6283,44.86575,-12.19679,-29.76764
1990.,16.73252,18.66198,17.25241,18.61823,44.88004,-12.26491,-29.85638
2000.,16.72191,18.64135,17.24049,18.60809,44.89394,-12.33282,-29.94527
2010.,16.71126,18.62072,17.22854,18.59791,44.90744,-12.40052,-30.03429
2020.,16.70058,18.60009,17.21657,18.58767,44.92056,-12.46801,-30.12345
2030.,16.68987,18.57951,17.20457,18.57737,44.93335,-12.53514,-30.14866
2040.,16.67911,18.55899,17.19256,18.56704,44.94581,-12.60186,-30.15288
2050.,16.66833,18.53853,17.18052,18.55667,44.95795,-12.66818,-30.15713
2060.,16.65751,18.51813,17.16845,18.54626,44.96978,-12.73411,-30.1614
2070.,16.64665,18.49779,17.15636,18.53582,44.9813,-12.79964,-30.1657
2080.,16.63576,18.4775,17.14425,18.52533,44.99252,-12.86479,-30.17003
2090.,16.62483,18.45728,17.13211,18.51481,45.00345,-12.92957,-30.17439
2100.,16.61387,18.43711,17.11995,18.50425,45.01408,-12.99398,-30.17877
2110.,16.60287,18.41699,17.10777,18.49366,45.02441,-13.05802,-30.18318
2120.,16.59185,18.39693,17.09556,18.48302,45.03447,-13.1217,-30.18761
2130.,16.58078,18.37693,17.08334,18.47235,45.04424,-13.18504,-30.19208
2140.,16.56969,18.35697,17.07108,18.46165,45.05373,-13.24802,-30.19657
2150.,16.55855,18.33707,17.05881,18.4509,45.06295,-13.31067,-30.20108
2160.,16.54739,18.31722,17.04651,18.44012,45.0719,-13.37298,-30.20563
2170.,16.53619,18.29742,17.03419,18.42931,45.08058,-13.43496,-30.21019
2180.,16.52496,18.27767,17.02184,18.41846,45.089,-13.49662,-30.21479
2190.,16.5137,18.25796,17.00947,18.40757,45.09717,-13.55796,-30.21941
2200.,16.5024,18.23831,16.99708,18.39665,45.10507,-13.61899,-30.22405
2210.,16.49108,18.2187,16.98467,18.38569,45.11273,-13.67971,-30.22873
2220.,16.47971,18.19913,16.97223,18.37469,45.12014,-13.74013,-30.23342
2230.,16.46832,18.17961,16.95977,18.36366,45.12731,-13.80025,-30.23815
2240.,16.45689,18.16014,16.94728,18.3526,45.13424,-13.86008,-30.2429
2250.,16.44544,18.14071,16.93478,18.3415,45.14092,-13.91962,-30.24767
2260.,16.43395,18.12132,16.92225,18.33037,45.14738,-13.97888,-30.25247
2270.,16.42243,18.10198,16.9097,18.3192,45.15361,-14.03786,-30.25729
2280.,16.41087,18.08267,16.89712,18.30799,45.1596,-14.09656,-30.26214
2290.,16.39929,18.06341,16.88452,18.29676,45.16538,-14.155,-30.26701
2300.,16.38767,18.04419,16.8719,18.28549,45.17093,-14.21318,-30.27191
2310.,16.37602,18.025,16.85926,18.27418,45.17627,-14.27109,-30.27683
2320.,16.36434,18.00586,16.8466,18.26284,45.18139,-14.32875,-30.28178
2330.,16.35263,17.98675,16.83391,18.25147,45.18631,-14.38616,-30.28675
2340.,16.34089,17.96768,16.8212,18.24006,45.19101,-14.44332,-30.29174
2350.,16.32912,17.94864,16.80847,18.22862,45.19551,-14.50024,-30.29676
2360.,16.31732,17.92964,16.79571,18.21715,45.1998,-14.55693,-30.3018
2370.,16.30548,17.91068,16.78293,18.20564,45.2039,-14.61337,-30.30687
2380.,16.29362,17.89175,16.77013,18.1941,45.2078,-14.66959,-30.31196
2390.,16.28173,17.87286,16.75731,18.18253,45.21151,-14.72558,-30.31707
2400.,16.2698,17.85399,16.74446,18.17093,45.21502,-14.78135,-30.32221
2410.,16.25785,17.83517,16.7316,18.15929,45.21835,-14.8369,-30.32737
2420.,16.24586,17.81637,16.71871,18.14762,45.22149,-14.89224,-30.33256
2430.,16.23385,17.7976,16.7058,18.13592,45.22445,-14.94736,-30.33776
2440.,16.22181,17.77887,16.69286,18.12418,45.22722,-15.00228,-30.34299
2450.,16.20973,17.76016,16.67991,18.11242,45.22982,-15.05699,-30.34825
2460.,16.19763,17.74149,16.66693,18.10062,45.23224,-15.1115,-30.35352
2470.,16.1855,17.72284,16.65393,18.08879,45.2345,-15.16582,-30.35882
2480.,16.17334,17.70422,16.6409,18.07693,45.23657,-15.21994,-30.36414
2490.,16.16115,17.68563,16.62786,18.06504,45.23849,-15.27387,-30.36949
2500.,16.14893,17.66707,16.61479,18.05311,45.24023,-15.32762,-30.37485
2510.,16.13668,17.64853,16.6017,18.04116,45.24181,-15.38118,-30.38024
2520.,16.1244,17.63002,16.58859,18.02917,45.24323,-15.43456,-30.38565
2530.,16.11209,17.61153,16.57546,18.01715,45.24449,-15.4877,-30.38602
2540.,16.09976,17.59308,16.5623,18.00511,45.24557,-15.54049,-30.37545
2550.,16.0874,17.57466,16.54912,17.99303,45.24648,-15.59291,-30.3649
2560.,16.07501,17.55627,16.53592,17.98093,45.24722,-15.64498,-30.35438
2570.,16.06259,17.53791,16.5227,17.96881,45.24779,-15.69671,-30.34387
2580.,16.05014,17.51958,16.50945,17.95665,45.24819,-15.7481,-30.33338
2590.,16.03767,17.50128,16.49619,17.94447,45.24843,-15.79915,-30.32291
2600.,16.02517,17.48301,16.4829,17.93227,45.24852,-15.84987,-30.31246
2610.,16.01265,17.46477,16.46959,17.92004,45.24844,-15.90027,-30.30203
2620.,16.0001,17.44656,16.45626,17.90778,45.24821,-15.95034,-30.29162
2630.,15.98752,17.42837,16.4429,17.8955,45.24783,-16.0001,-30.28122
2640.,15.97443,17.40975,16.42905,17.8827,44.85439,-16.04994,-30.27693
2650.,15.96037,17.39023,16.4142,17.86888,44.46583,-16.10031,-30.25172
2660.,15.94534,17.36982,16.39837,17.85408,44.08204,-16.15119,-30.22726
2670.,15.92937,17.34855,16.38159,17.83831,43.70294,-16.20258,-30.20351
2680.,15.91247,17.32643,16.36387,17.82159,43.32845,-16.25445,-30.18046
2690.,15.89466,17.30348,16.34523,17.80393,42.95849,-16.30679,-30.15811
2700.,15.87596,17.27972,16.32568,17.78537,42.59297,-16.3596,-30.13643
2710.,15.85639,17.25515,16.30525,17.7659,42.23182,-16.41286,-30.11541
2720.,15.83596,17.2298,16.28395,17.74556,41.87496,-16.46655,-30.09504
2730.,15.81469,17.20368,16.2618,17.72435,41.52231,-16.52067,-30.07531
2740.,15.79259,17.17681,16.23881,17.7023,41.17381,-16.5752,-30.0562
2750.,15.76968,17.14919,16.215,17.67942,40.82937,-16.63014,-30.0377
2760.,15.74597,17.12085,16.19038,17.65572,40.48894,-16.68547,-30.0198
2770.,15.72148,17.0918,16.16497,17.63122,40.15243,-16.74118,-30.00248
2780.,15.69623,17.06204,16.13879,17.60594,39.81978,-16.79727,-29.98574
2790.,15.67022,17.0316,16.11184,17.57989,39.49094,-16.85371,-29.96956
2800.,15.64348,17.00049,16.08414,17.55308,39.16582,-16.91051,-29.95393
2810.,15.61601,16.96872,16.05571,17.52554,38.84437,-16.96765,-29.93884
2820.,15.58783,16.9363,16.02656,17.49727,38.52652,-17.02513,-29.92428
2830.,15.55895,16.90324,15.9967,17.46828,38.21223,-17.08293,-29.91023
2840.,15.52938,16.86956,15.96615,17.43859,37.90141,-17.14105,-29.8967
2850.,15.49914,16.83527,15.93491,17.40822,37.59403,-17.19947,-29.88366
2860.,15.46824,16.80037,15.90301,17.37717,37.29001,-17.2582,-29.87111
2870.,15.43669,16.76489,15.87044,17.34546,36.98931,-17.31722,-29.85903
2880.,15.40451,16.72883,15.83724,17.31311,36.69188,-17.37652,-29.84742
2890.,15.37169,16.6922,15.8034,17.28011,36.39764,-17.43609,-29.83628
2900.,15.33827,16.65501,15.76893,17.24649,36.10656,-17.49594,-29.82558
2910.,15.30424,16.61728,15.73386,17.21226,35.81859,-17.55605,-29.81532
2920.,15.26962,16.57901,15.69818,17.17742,35.53366,-17.61641,-29.80549
2930.,15.23441,16.54021,15.66192,17.14199,35.25174,-17.67702,-29.79608
2940.,15.19864,16.5009,15.62508,17.10598,34.97278,-17.73788,-29.78709
2950.,15.1623,16.46108,15.58767,17.0694,34.69671,-17.79896,-29.7785
2960.,15.12542,16.42076,15.54971,17.03226,34.42351,-17.86028,-29.77031
2970.,15.08799,16.37995,15.51119,16.99457,34.15313,-17.92182,-29.76251
2980.,15.05004,16.33866,15.47214,16.95635,33.88551,-17.98357,-29.75509
2990.,15.01156,16.2969,15.43256,16.91759,33.62062,-18.04553,-29.74805
3000.,14.97257,16.25467,15.39246,16.87832,33.35841,-18.1077,-29.74137
3010.,14.93308,16.21199,15.35186,16.83853,33.09884,-18.17007,-29.73504
3020.,14.89309,16.16887,15.31075,16.79824,32.84187,-18.23263,-29.72907
3030.,14.85262,16.12531,15.26915,16.75747,32.58746,-18.29538,-29.72345
3040.,14.81167,16.08133,15.22708,16.71621,32.33555,-18.35814,-29.71644
3050.,14.77026,16.03694,15.18453,16.67448,32.0861,-18.42089,-29.70953
3060.,14.72838,15.99215,15.14151,16.63228,31.83908,-18.48363,-29.70295
3070.,14.68606,15.94696,15.09805,16.58963,31.59444,-18.54635,-29.69668
3080.,14.64329,15.90138,15.05414,16.54653,31.35216,-18.60905,-29.69072
3090.,14.60009,15.85543,15.00979,16.503,31.11218,-18.67173,-29.68506
3100.,14.55647,15.8091,14.96501,16.45903,30.87449,-18.73439,-29.6797
3110.,14.51242,15.76241,14.9198,16.41464,30.63904,-18.79702,-29.67463
3120.,14.46797,15.71536,14.87419,16.36984,30.4058,-18.85962,-29.66984
3130.,14.42311,15.66796,14.82817,16.32463,30.17474,-18.92218,-29.66533
3140.,14.37785,15.62021,14.78175,16.27902,29.94582,-18.98472,-29.66109
3150.,14.33221,15.57213,14.73494,16.23303,29.71901,-19.04722,-29.65712
3160.,14.28619,15.52371,14.68774,16.18665,29.49429,-19.10969,-29.65341
3170.,14.23979,15.47497,14.64017,16.13989,29.27161,-19.17212,-29.64995
3180.,14.19303,15.42591,14.59223,16.09276,29.05096,-19.2345,-29.64674
3190.,14.1459,15.37654,14.54392,16.04527,28.83229,-19.29685,-29.64378
3200.,14.09843,15.32686,14.49526,15.99743,28.61559,-19.35915,-29.64105
3210.,14.0506,15.27688,14.44625,15.94924,28.40081,-19.42141,-29.63856
3220.,14.00244,15.2266,14.3969,15.9007,28.18794,-19.48362,-29.63629
3230.,13.95394,15.17604,14.34721,15.85183,27.97695,-19.54578,-29.63425
3240.,13.90511,15.12519,14.29718,15.80263,27.7678,-19.60789,-29.63242
3250.,13.85596,15.07407,14.24684,15.75311,27.56048,-19.66995,-29.63081
3260.,13.8065,15.02267,14.19617,15.70327,27.35495,-19.73196,-29.62941
3270.,13.75672,14.971,14.1452,15.65313,27.15119,-19.79392,-29.62821
3280.,13.70664,14.91907,14.09391,15.60267,26.94918,-19.85582,-29.62721
3290.,13.65626,14.86689,14.04233,15.55192,26.74888,-19.91766,-29.6264
3300.,13.60559,14.81445,13.99045,15.50088,26.55028,-19.97945,-29.62578
3310.,13.55464,14.76177,13.93828,15.44955,26.35335,-20.04118,-29.62535
3320.,13.5034,14.70884,13.88583,15.39793,26.15806,-20.10285,-29.6251
3330.,13.45188,14.65568,13.8331,15.34604,25.9644,-20.16445,-29.62503
3340.,13.4001,14.60228,13.7801,15.29388,25.77234,-20.226,-29.62513
3350.,13.34804,14.54866,13.72682,15.24146,25.58185,-20.28748,-29.6254
3360.,13.29573,14.49482,13.67329,15.18877,25.39292,-20.3489,-29.62583
3370.,13.24316,14.44075,13.6195,15.13583,25.20553,-20.41026,-29.62642
3380.,13.19034,14.38647,13.56545,15.08264,25.01965,-20.47155,-29.62717
3390.,13.13727,14.33198,13.51115,15.0292,24.83526,-20.53277,-29.62808
3400.,13.08396,14.27729,13.45662,14.97553,24.65234,-20.59393,-29.62913
3410.,13.03042,14.22239,13.40184,14.92162,24.47087,-20.65502,-29.63033
3420.,12.97664,14.1673,13.34683,14.86747,24.29083,-20.71604,-29.63167
3430.,12.92303,14.1124,13.29199,14.81351,24.50556,-20.7766,-29.64789
3440.,12.86998,14.05808,13.23773,14.76013,24.71754,-20.83618,-29.6537
3450.,12.81748,14.00434,13.18402,14.70733,24.92681,-20.89481,-29.65908
3460.,12.76554,13.95118,13.13088,14.65511,25.13339,-20.9525,-29.66403
3470.,12.71414,13.89858,13.07828,14.60346,25.33732,-21.00925,-29.66856
3480.,12.66328,13.84654,13.02623,14.55237,25.53861,-21.06508,-29.67267
3490.,12.61295,13.79506,12.97472,14.50184,25.73731,-21.12,-29.67637
3500.,12.56315,13.74414,12.92375,14.45185,25.93344,-21.17403,-29.67965
3510.,12.51388,13.69375,12.8733,14.40242,26.12703,-21.22716,-29.68254
3520.,12.46512,13.64391,12.82338,14.35352,26.3181,-21.27942,-29.68503
3530.,12.41687,13.59459,12.77398,14.30516,26.50669,-21.33081,-29.68712
3540.,12.36913,13.54581,12.72509,14.25732,26.69282,-21.38128,-29.70165
3550.,12.32189,13.49756,12.67673,14.21001,26.87652,-21.43076,-29.73197
3560.,12.27515,13.44983,12.62887,14.1632,27.05782,-21.47924,-29.76192
3570.,12.22891,13.40262,12.58152,14.1169,27.23674,-21.52675,-29.7915
3580.,12.18314,13.35593,12.53467,14.0711,27.41332,-21.5733,-29.82073
3590.,12.13787,13.30974,12.48831,14.0258,27.58758,-21.6189,-29.84961
3600.,12.09306,13.26406,12.44245,13.98099,27.75954,-21.66357,-29.87813
3610.,12.04874,13.21887,12.39708,13.93667,27.92923,-21.7073,-29.90631
3620.,12.00487,13.17418,12.35218,13.89283,28.09668,-21.75012,-29.93414
3630.,11.96148,13.12998,12.30776,13.84946,28.26192,-21.79204,-29.96163
3640.,11.91854,13.08626,12.26381,13.80656,28.42497,-21.83306,-29.98879
3650.,11.87605,13.04301,12.22033,13.76413,28.58585,-21.8732,-30.01561
3660.,11.83401,13.00025,12.17731,13.72216,28.74459,-21.91248,-30.04211
3670.,11.79242,12.95795,12.13475,13.68065,28.90122,-21.95089,-30.06828
3680.,11.75127,12.91611,12.09264,13.63959,29.05577,-21.98845,-30.09413
3690.,11.71055,12.87473,12.05098,13.59897,29.20824,-22.02518,-30.11966
3700.,11.67026,12.83381,12.00976,13.5588,29.35868,-22.06108,-30.14487
3710.,11.6304,12.79334,11.96897,13.51906,29.5071,-22.09616,-30.16977
3720.,11.59097,12.75331,11.92862,13.47976,29.65354,-22.13043,-30.19437
3730.,11.55195,12.71372,11.8887,13.44088,29.798,-22.1639,-30.21866
3740.,11.51334,12.67457,11.84921,13.40243,29.94052,-22.19659,-30.24264
3750.,11.47514,12.63585,11.81013,13.36439,30.08112,-22.2285,-30.26633
3760.,11.43735,12.59755,11.77147,13.32677,30.21982,-22.25964,-30.28973
3770.,11.39996,12.55968,11.73322,13.28956,30.35665,-22.29002,-30.31283
3780.,11.36296,12.52223,11.69538,13.25276,30.49162,-22.31966,-30.33564
3790.,11.32635,12.48519,11.65794,13.21635,30.62477,-22.34855,-30.35817
3800.,11.29014,12.44856,11.6209,13.18035,30.75611,-22.37672,-30.38042
3810.,11.25431,12.41234,11.58426,13.14473,30.88566,-22.40416,-30.40238
3820.,11.21885,12.37651,11.548,13.1095,31.01345,-22.43089,-30.42408
3830.,11.18378,12.34109,11.51213,13.07466,31.1395,-22.45691,-30.44549
3840.,11.14907,12.30605,11.47664,13.0402,31.26383,-22.48224,-30.46664
3850.,11.11474,12.2714,11.44153,13.00611,31.38646,-22.50689,-30.48752
3860.,11.08077,12.23714,11.40679,12.97239,31.50741,-22.53086,-30.50813
3870.,11.04715,12.20326,11.37242,12.93905,31.62671,-22.55415,-30.52849
3880.,11.0139,12.16976,11.33842,12.90606,31.74436,-22.57679,-30.54858
3890.,10.981,12.13662,11.30478,12.87343,31.8604,-22.59877,-30.56842
3900.,10.94844,12.10386,11.27149,12.84116,31.97485,-22.62011,-30.58801
3910.,10.91623,12.07146,11.23856,12.80924,32.08772,-22.64082,-30.60735
3920.,10.88437,12.03942,11.20598,12.77767,32.19903,-22.66089,-30.62644
3930.,10.85284,12.00774,11.17375,12.74645,32.30881,-22.68034,-30.64529
3940.,10.82165,11.97641,11.14186,12.71556,32.41706,-22.69918,-30.66389
3950.,10.79078,11.94543,11.11031,12.68501,32.52382,-22.71742,-30.68226
3960.,10.76025,11.91479,11.0791,12.65479,32.6291,-22.73505,-30.70038
3970.,10.73003,11.8845,11.04821,12.62491,32.73292,-22.7521,-30.71828
3980.,10.70014,11.85454,11.01766,12.59534,32.83529,-22.76856,-30.73594
3990.,10.67057,11.82492,10.98743,12.5661,32.93625,-22.78445,-30.75338
4000.,10.6413,11.79563,10.95752,12.53718,33.03579,-22.79977,-30.77059
4010.,10.61235,11.76667,10.92793,12.50857,33.13395,-22.81452,-30.78757
4020.,10.58371,11.73804,10.89865,12.48028,33.23073,-22.82872,-30.80434
4030.,10.55537,11.70972,10.86968,12.45229,33.32617,-22.84238,-30.82089
4040.,10.52733,11.68172,10.84102,12.42461,33.42027,-22.85549,-30.83719
4050.,10.49958,11.6541,10.81271,12.39723,33.5131,-22.86782,-30.84931
4060.,10.47213,11.62686,10.78474,12.37014,33.60468,-22.87938,-30.86122
4070.,10.44498,11.6,10.75711,12.34336,33.69503,-22.89018,-30.87292
4080.,10.41811,11.5735,10.72982,12.31687,33.78416,-22.90023,-30.8844
4090.,10.39153,11.54737,10.70286,12.29067,33.87209,-22.90953,-30.89568
4100.,10.36524,11.52161,10.67624,12.26476,33.95884,-22.9181,-30.90675
4110.,10.33923,11.49621,10.64994,12.23914,34.04442,-22.92595,-30.91762
4120.,10.31349,11.47116,10.62396,12.2138,34.12885,-22.93307,-30.92829
4130.,10.28804,11.44647,10.59831,12.18874,34.21214,-22.93949,-30.93875
4140.,10.26286,11.42212,10.57298,12.16396,34.2943,-22.9452,-30.94902
4150.,10.23795,11.39813,10.54796,12.13946,34.37536,-22.95022,-30.95909
4160.,10.21331,11.37448,10.52326,12.11523,34.45533,-22.95456,-30.96896
4170.,10.18895,11.35117,10.49886,12.09128,34.53423,-22.95822,-30.97865
4180.,10.16484,11.3282,10.47478,12.06759,34.61206,-22.96121,-30.98814
4190.,10.141,11.30557,10.451,12.04417,34.68884,-22.96354,-30.99744
4200.,10.11743,11.28327,10.42752,12.02101,34.76459,-22.96521,-31.00655
4210.,10.09411,11.2613,10.40435,11.99812,34.83932,-22.96624,-31.01547
4220.,10.07104,11.23965,10.38147,11.97548,34.91304,-22.96663,-31.02421
4230.,10.04824,11.21833,10.35888,11.95311,34.98578,-22.96639,-31.03277
4240.,10.02568,11.19733,10.33659,11.93098,35.05754,-22.96553,-31.04115
4250.,10.00338,11.17664,10.31459,11.90911,35.12833,-22.96405,-31.04935
4260.,9.981324,11.15628,10.29287,11.8875,35.19817,-22.96196,-31.05736
4270.,9.959514,11.13622,10.27144,11.86613,35.26708,-22.95926,-31.06521
4280.,9.93795,11.11648,10.25029,11.845,35.33506,-22.95597,-31.07287
4290.,9.916627,11.09704,10.22942,11.82413,35.40213,-22.9521,-31.08037
4300.,9.895545,11.0779,10.20882,11.80349,35.4683,-22.94764,-31.08769
4310.,9.874701,11.05907,10.18851,11.7831,35.53358,-22.9426,-31.09484
4320.,9.854094,11.04054,10.16846,11.76294,35.59799,-22.937,-31.10182
4330.,9.833721,11.0223,10.14868,11.74302,35.66154,-22.93083,-31.10864
4340.,9.813581,11.00436,10.12918,11.72333,35.72424,-22.92411,-31.11528
4350.,9.793672,10.98671,10.10993,11.70388,35.7861,-22.91684,-31.12177
4360.,9.773991,10.96935,10.09096,11.68465,35.84714,-22.90903,-31.12809
4370.,9.754537,10.95227,10.07224,11.66566,35.90736,-22.90068,-31.13425
4380.,9.735309,10.93548,10.05378,11.64689,35.96678,-22.8918,-31.14024
4390.,9.716304,10.91897,10.03558,11.62835,36.02541,-22.88239,-31.14608
4400.,9.69752,10.90274,10.01763,11.61003,36.08326,-22.87247,-31.15176
4410.,9.678957,10.88678,9.999934,11.59193,36.14034,-22.86203,-31.15729
4420.,9.660611,10.87111,9.982489,11.57405,36.19666,-22.85108,-31.16266
4430.,9.642482,10.8557,9.965293,11.55638,36.25224,-22.83964,-31.16787
4440.,9.624568,10.84056,9.948342,11.53894,36.30708,-22.8277,-31.17294
4450.,9.606867,10.82569,9.931636,11.5217,36.36119,-22.81527,-31.17785
4460.,9.589377,10.81109,9.915173,11.50468,36.41459,-22.80235,-31.18261
4470.,9.572096,10.79675,9.898949,11.48787,36.46728,-22.78896,-31.18723
4480.,9.555024,10.78267,9.882964,11.47127,36.51928,-22.77509,-31.19169
4490.,9.538159,10.76885,9.867215,11.45487,36.5706,-22.76075,-31.19601
4500.,9.521498,10.75529,9.8517,11.43868,36.62124,-22.74596,-31.20019
4510.,9.505041,10.74198,9.836419,11.4227,36.67121,-22.7307,-31.20422
4520.,9.488786,10.72892,9.821367,11.40692,36.72053,-22.71499,-31.20811
4530.,9.472731,10.71612,9.806545,11.39133,36.76921,-22.69884,-31.21185
4540.,9.456875,10.70356,9.79195,11.37595,36.81725,-22.68224,-31.21546
4550.,9.441217,10.69142,9.777645,11.36077,36.86466,-22.66508,-31.15063
4560.,9.425755,10.67983,9.763677,11.34581,36.91144,-22.64726,-31.03405
4570.,9.41049,10.66877,9.750046,11.33107,36.95762,-22.62879,-30.91749
4580.,9.395422,10.65825,9.736747,11.31654,37.0032,-22.60968,-30.80095
4590.,9.380548,10.64827,9.723781,11.30224,37.04819,-22.58994,-30.68441
4600.,9.36587,10.63881,9.711144,11.28815,37.0926,-22.56957,-30.5679
4610.,9.351387,10.62987,9.698835,11.27428,37.13644,-22.54857,-30.4514
4620.,9.337099,10.62146,9.686853,11.26063,37.17971,-22.52696,-30.33492
4630.,9.323004,10.61356,9.675194,11.2472,37.22243,-22.50474,-30.21845
4640.,9.309103,10.60617,9.663859,11.23397,37.26461,-22.48191,-30.102
4650.,9.295395,10.59929,9.652843,11.22097,37.30626,-22.45849,-29.98558
4660.,9.28188,10.59291,9.642147,11.20817,37.34738,-22.43447,-29.86917
4670.,9.268557,10.58704,9.631769,11.19559,37.38799,-22.40987,-29.75278
4680.,9.255426,10.58166,9.621705,11.18323,37.42809,-22.38469,-29.63641
4690.,9.242487,10.57677,9.611956,11.17107,37.46768,-22.35893,-29.52006
4700.,9.229739,10.57238,9.602518,11.15913,37.50679,-22.33261,-29.40374
4710.,9.217182,10.56847,9.593391,11.14739,37.54542,-22.30572,-29.28744
4720.,9.204816,10.56504,9.584573,11.13587,37.58358,-22.27828,-29.17116
4730.,9.19264,10.5621,9.576063,11.12455,37.62127,-22.25028,-29.0549
4740.,9.180654,10.55962,9.567857,11.11345,37.6585,-22.22173,-28.93867
4750.,9.168857,10.55763,9.559956,11.10255,37.69528,-22.19265,-28.82246
4760.,9.15725,10.5561,9.552357,11.09186,37.73163,-22.16303,-28.70627
4770.,9.145831,10.55503,9.54506,11.08138,37.76754,-22.13288,-28.59012
4780.,9.134601,10.55443,9.538061,11.0711,37.80302,-22.1022,-28.47398
4790.,9.123559,10.55429,9.531361,11.06103,37.83809,-22.07101,-28.35788
4800.,9.112706,10.5546,9.524957,11.05117,37.87274,-22.03929,-28.2418
4810.,9.102039,10.55536,9.518848,11.04151,37.90699,-22.00707,-28.12574
4820.,9.09156,10.55658,9.513032,11.03205,37.94085,-21.97435,-28.00972
4830.,9.081268,10.55824,9.507509,11.0228,37.97432,-21.94112,-27.89372
4840.,9.071162,10.56034,9.502276,11.01376,38.0074,-21.9074,-27.77775
4850.,9.061243,10.56289,9.497332,11.00491,38.04011,-21.87319,-27.66181
4860.,9.05151,10.56587,9.492676,10.99627,38.07246,-21.83849,-27.5459
4870.,9.041963,10.56928,9.488307,10.98783,38.10444,-21.80331,-27.43002
4880.,9.032601,10.57313,9.484222,10.97959,38.13607,-21.76766,-27.31417
4890.,9.023425,10.5774,9.480421,10.97155,38.16735,-21.73153,-27.19835
4900.,9.014433,10.5821,9.476903,10.96371,38.19829,-21.69493,-27.08256
4910.,9.005626,10.58723,9.473666,10.95607,38.22889,-21.65788,-26.9668
4920.,8.997004,10.59277,9.470708,10.94863,38.25916,-21.62036,-26.85107
4930.,8.988566,10.59873,9.46803,10.94139,38.28912,-21.58239,-26.73537
4940.,8.980311,10.6051,9.465628,10.93435,38.31876,-21.54398,-26.61971
4950.,8.972241,10.61188,9.463502,10.92751,38.34808,-21.50511,-26.50408
4960.,8.964353,10.61908,9.461651,10.92087,38.37711,-21.46581,-26.38848
4970.,8.956649,10.62668,9.460074,10.91442,38.40583,-21.42607,-26.27291
4980.,8.949128,10.63468,9.458769,10.90817,38.43427,-21.38589,-26.15738
4990.,8.94179,10.64308,9.457735,10.90211,38.46242,-21.34529,-26.04188
5000.,8.934634,10.65188,9.456971,10.89626,38.49028,-21.30427,-25.92642
5010.,8.92766,10.66108,9.456476,10.89059,38.51788,-21.26282,-25.81099
5020.,8.920868,10.67067,9.456248,10.88513,38.5452,-21.22096,-25.69559
5030.,8.914258,10.68065,9.456287,10.87985,38.57226,-21.17868,-25.58023
5040.,8.90783,10.69101,9.456591,10.87478,38.59906,-21.13599,-25.46491
5050.,8.901583,10.70175,9.457153,10.86989,38.6256,-21.09291,-25.34459
5060.,8.895516,10.71275,9.457926,10.86521,38.65183,-21.04949,-25.19136
5070.,8.88963,10.724,9.45891,10.86072,38.67775,-21.00574,-25.03829
5080.,8.883924,10.7355,9.460103,10.85644,38.70338,-20.96165,-24.88537
5090.,8.878395,10.74726,9.461505,10.85235,38.72871,-20.91724,-24.73261
5100.,8.873045,10.75927,9.463114,10.84846,38.75376,-20.8725,-24.58001
5110.,8.867873,10.77154,9.46493,10.84477,38.77852,-20.82744,-24.42756
5120.,8.862877,10.78405,9.466951,10.84128,38.803,-20.78206,-24.27526
5130.,8.858057,10.7968,9.469177,10.83798,38.82722,-20.73637,-24.12312
5140.,8.853412,10.80981,9.471606,10.83487,38.85116,-20.69036,-23.97113
5150.,8.848942,10.82306,9.474238,10.83196,38.87484,-20.64405,-23.8193
5160.,8.844646,10.83655,9.477071,10.82924,38.89827,-20.59743,-23.66762
5170.,8.840524,10.85028,9.480105,10.82671,38.92144,-20.55051,-23.5161
5180.,8.836574,10.86426,9.483339,10.82437,38.94436,-20.50329,-23.36474
5190.,8.832797,10.87847,9.486771,10.82222,38.96704,-20.45577,-23.21353
5200.,8.829191,10.89292,9.490402,10.82026,38.98949,-20.40796,-23.06247
5210.,8.825756,10.90761,9.49423,10.81849,39.0117,-20.35986,-22.91157
5220.,8.822492,10.92253,9.498253,10.81691,39.03368,-20.31147,-22.76082
5230.,8.819398,10.93769,9.502472,10.81551,39.05543,-20.2628,-22.61024
5240.,8.816473,10.95307,9.506886,10.8143,39.07696,-20.21384,-22.4598
5250.,8.813716,10.96869,9.511493,10.81327,39.09828,-20.16461,-22.30952
5260.,8.811128,10.98454,9.516293,10.81243,39.11939,-20.1151,-22.1594
5270.,8.808707,11.00062,9.521285,10.81178,39.14029,-20.06532,-22.00943
5280.,8.806454,11.01692,9.526468,10.8113,39.16098,-20.01526,-21.85961
5290.,8.804367,11.03345,9.531841,10.81101,39.18148,-19.96494,-21.70996
5300.,8.802446,11.0502,9.537404,10.8109,39.20178,-19.91435,-21.56045
5310.,8.80069,11.06718,9.543155,10.81097,39.22189,-19.8635,-21.4111
5320.,8.7991,11.08438,9.549094,10.81122,39.24181,-19.81239,-21.26191
5330.,8.797673,11.1018,9.555221,10.81165,39.26155,-19.76103,-21.11287
5340.,8.796411,11.11944,9.561533,10.81226,39.2811,-19.7094,-20.96398
5350.,8.795313,11.1373,9.568032,10.81304,39.30049,-19.65753,-20.81525
5360.,8.794377,11.15538,9.574715,10.81401,39.3197,-19.6054,-20.66667
5370.,8.793603,11.17367,9.581583,10.81515,39.33874,-19.55303,-20.51825
5380.,8.792992,11.19218,9.588633,10.81647,39.35762,-19.50041,-20.36998
5390.,8.792542,11.2109,9.595867,10.81796,39.37633,-19.44755,-20.22187
5400.,8.792254,11.22984,9.603282,10.81962,39.39489,-19.39445,-20.07391
5410.,8.792126,11.24899,9.610879,10.82147,39.41329,-19.34111,-19.9261
5420.,8.792158,11.26835,9.618656,10.82348,39.43155,-19.28754,-19.77845
5430.,8.792349,11.28791,9.626613,10.82567,39.44965,-19.23373,-19.63095
5440.,8.7927,11.30769,9.63475,10.82803,39.46761,-19.17969,-19.48361
5450.,8.79321,11.32768,9.643064,10.83056,39.48543,-19.12543,-19.33641
5460.,8.793878,11.34787,9.651557,10.83326,39.50312,-19.07093,-19.18937
5470.,8.794705,11.36826,9.660227,10.83614,39.52066,-19.01621,-19.04249
5480.,8.795688,11.38887,9.669073,10.83918,39.53808,-18.96127,-18.89575
5490.,8.796829,11.40967,9.678095,10.84239,39.55537,-18.90611,-18.74917
5500.,8.798127,11.43068,9.687293,10.84578,39.57253,-18.85074,-18.60274
5510.,8.79958,11.45189,9.696665,10.84933,39.58958,-18.79514,-18.45646
5520.,8.80119,11.4733,9.706211,10.85305,39.6065,-18.73934,-18.31034
5530.,8.802955,11.49491,9.71593,10.85693,39.62331,-18.68332,-18.16436
5540.,8.804876,11.51671,9.725822,10.86098,39.64,-18.62709,-18.01854
5550.,8.806951,11.53872,9.735887,10.8652,39.65658,-18.57066,-17.87287
5560.,8.80918,11.56081,9.74603,10.86959,39.67308,-18.51434,-17.71237
5570.,8.811562,11.58292,9.756212,10.87414,39.68949,-18.45827,-17.54553
5580.,8.814095,11.60506,9.766432,10.87886,39.70582,-18.40246,-17.37891
5590.,8.816778,11.62723,9.77669,10.88375,39.72207,-18.34689,-17.21252
5600.,8.81961,11.64943,9.786986,10.8888,39.73824,-18.29157,-17.04636
5610.,8.822589,11.67165,9.79732,10.89401,39.75434,-18.23649,-16.88043
5620.,8.825715,11.6939,9.807691,10.89939,39.77036,-18.18165,-16.71472
5630.,8.828984,11.71618,9.818099,10.90492,39.7863,-18.12704,-16.54925
5640.,8.832398,11.73849,9.828544,10.91061,39.80218,-18.07267,-16.384
5650.,8.835953,11.76082,9.839026,10.91646,39.81798,-18.01853,-16.21897
5660.,8.839649,11.78318,9.849545,10.92247,39.83372,-17.96461,-16.05418
5670.,8.843484,11.80557,9.8601,10.92863,39.84938,-17.91092,-15.88961
5680.,8.847458,11.82798,9.870692,10.93494,39.86498,-17.85745,-15.72527
5690.,8.851568,11.85042,9.88132,10.9414,39.88051,-17.8042,-15.56116
5700.,8.855814,11.87289,9.891984,10.94801,39.89597,-17.75117,-15.39727
5710.,8.860195,11.89538,9.902684,10.95477,39.91137,-17.69834,-15.23361
5720.,8.86471,11.9179,9.913419,10.96168,39.92671,-17.64573,-15.07017
5730.,8.869356,11.94044,9.92419,10.96873,39.94199,-17.59333,-14.90697
5740.,8.874133,11.96302,9.934997,10.97593,39.9572,-17.54114,-14.74399
5750.,8.87904,11.98561,9.945838,10.98327,39.97236,-17.48914,-14.58123
5760.,8.884076,12.00824,9.956715,10.99075,39.98745,-17.43735,-14.4187
5770.,8.88924,12.03088,9.967626,10.99837,40.00249,-17.38575,-14.2564
5780.,8.894529,12.05356,9.978572,11.00613,40.01748,-17.33435,-14.09432
5790.,8.899944,12.07626,9.989553,11.01403,40.0324,-17.28315,-13.93247
5800.,8.905484,12.09898,10.00057,11.02206,40.04728,-17.23213,-13.77085
5810.,8.911146,12.12173,10.01162,11.03024,40.0621,-17.1813,-13.60945
5820.,8.916931,12.14451,10.0227,11.03854,40.07686,-17.13066,-13.44827
5830.,8.922836,12.16731,10.03382,11.04698,40.09158,-17.0802,-13.28732
5840.,8.928862,12.19014,10.04497,11.05555,40.10624,-17.02992,-13.12659
5850.,8.935006,12.21299,10.05616,11.06425,40.12086,-16.97982,-12.96609
5860.,8.941268,12.23586,10.06737,11.07308,40.13543,-16.92989,-12.80581
5870.,8.947647,12.25876,10.07863,11.08204,40.14995,-16.88014,-12.64575
5880.,8.954142,12.28169,10.08991,11.09112,40.16442,-16.83056,-12.48592
5890.,8.960752,12.30464,10.10123,11.10033,40.17885,-16.78116,-12.32631
5900.,8.967476,12.32761,10.11258,11.10967,40.19323,-16.73191,-12.16692
5910.,8.974313,12.35061,10.12397,11.11913,40.20757,-16.68284,-12.00776
5920.,8.981261,12.37363,10.13539,11.12871,40.22186,-16.63393,-11.84882
5930.,8.988321,12.39668,10.14684,11.13842,40.23612,-16.58518,-11.6901
5940.,8.995491,12.41975,10.15832,11.14824,40.25033,-16.53658,-11.5316
5950.,9.002769,12.44285,10.16984,11.15819,40.2645,-16.48815,-11.37332
5960.,9.010157,12.46597,10.18138,11.16825,40.27863,-16.43987,-11.21526
5970.,9.017651,12.48911,10.19297,11.17843,40.29272,-16.39174,-11.05743
5980.,9.025252,12.51228,10.20458,11.18873,40.30678,-16.34377,-10.89981
5990.,9.032958,12.53547,10.21622,11.19914,40.32079,-16.29594,-10.74242
6000.,9.040769,12.55869,10.2279,11.20967,40.33477,-16.24826,-10.58524
6010.,9.048684,12.58193,10.23961,11.22031,40.34872,-16.20072,-10.42829
6020.,9.056702,12.60519,10.25135,11.23107,40.36263,-16.15333,-10.27155
6030.,9.064822,12.62848,10.26312,11.24193,40.3765,-16.10608,-10.11503
6040.,9.073043,12.65179,10.27492,11.25291,40.39035,-16.05897,-9.958732
6050.,9.081365,12.67512,10.28676,11.26399,40.40415,-16.012,-9.80265
6060.,9.089786,12.69843,10.29861,11.27518,40.41794,-15.96533,-9.669615
6070.,9.098304,12.72158,10.31043,11.28647,40.43173,-15.91944,-9.602084
6080.,9.106919,12.74457,10.32221,11.29783,40.44552,-15.87432,-9.53456
6090.,9.115627,12.7674,10.33397,11.30928,40.45932,-15.82997,-9.467044
6100.,9.124426,12.79007,10.34569,11.32081,40.47311,-15.78636,-9.399537
6110.,9.133316,12.81259,10.35737,11.33241,40.48691,-15.7435,-9.332039
6120.,9.142293,12.83495,10.36902,11.34409,40.5007,-15.70136,-9.264552
6130.,9.151356,12.85715,10.38064,11.35584,40.5145,-15.65996,-9.197076
6140.,9.160503,12.8792,10.39222,11.36766,40.52829,-15.61927,-9.129613
6150.,9.169732,12.90109,10.40376,11.37956,40.54207,-15.57929,-9.062163
6160.,9.179042,12.92283,10.41527,11.39152,40.55585,-15.54,-8.994728
6170.,9.18843,12.94442,10.42674,11.40355,40.56963,-15.50141,-8.927307
6180.,9.197895,12.96586,10.43817,11.41564,40.5834,-15.4635,-8.859903
6190.,9.207434,12.98714,10.44956,11.4278,40.59716,-15.42626,-8.792516
6200.,9.217047,13.00827,10.46092,11.44002,40.61092,-15.38969,-8.725146
6210.,9.226732,13.02926,10.47223,11.45229,40.62466,-15.35377,-8.657795
6220.,9.236486,13.05009,10.4835,11.46463,40.6384,-15.31851,-8.590464
6230.,9.246308,13.07077,10.49473,11.47702,40.65212,-15.28388,-8.523153
6240.,9.256196,13.09131,10.50592,11.48947,40.66584,-15.24989,-8.455862
6250.,9.266149,13.1117,10.51707,11.50197,40.67954,-15.21653,-8.388594
6260.,9.276165,13.13194,10.52818,11.51452,40.69323,-15.18378,-8.321348
6270.,9.286243,13.15203,10.53924,11.52713,40.7069,-15.15165,-8.254126
6280.,9.29638,13.17198,10.55026,11.53978,40.72056,-15.12012,-8.186928
6290.,9.306576,13.19179,10.56124,11.55248,40.73421,-15.08918,-8.119755
6300.,9.316828,13.21145,10.57217,11.56523,40.74784,-15.05884,-8.052607
6310.,9.327136,13.23096,10.58306,11.57802,40.76145,-15.02908,-7.985486
6320.,9.337497,13.25034,10.5939,11.59086,40.77505,-14.99989,-7.918392
6330.,9.34791,13.26957,10.60469,11.60373,40.78862,-14.97127,-7.851325
6340.,9.358373,13.28865,10.61544,11.61665,40.80218,-14.94321,-7.784287
6350.,9.368886,13.3076,10.62615,11.62961,40.81572,-14.91571,-7.717278
6360.,9.379447,13.32641,10.6368,11.6426,40.82924,-14.88875,-7.650299
6370.,9.390054,13.34507,10.64741,11.65563,40.84274,-14.86234,-7.583351
6380.,9.400705,13.3636,10.65797,11.6687,40.85622,-14.83646,-7.516433
6390.,9.4114,13.38199,10.66848,11.6818,40.86968,-14.81111,-7.449547
6400.,9.422137,13.40024,10.67895,11.69493,40.88311,-14.78628,-7.382694
6410.,9.432915,13.41835,10.68936,11.7081,40.89652,-14.76197,-7.315873
6420.,9.443732,13.43632,10.69972,11.72129,40.90991,-14.73816,-7.249087
6430.,9.454586,13.45416,10.71004,11.73451,40.92327,-14.71486,-7.182334
6440.,9.465478,13.47187,10.7203,11.74776,40.93661,-14.69206,-7.115616
6450.,9.476405,13.48943,10.73052,11.76104,40.94992,-14.66975,-7.048934
6460.,9.487365,13.50686,10.74068,11.77434,40.96321,-14.64792,-6.982287
6470.,9.498359,13.52416,10.75079,11.78766,40.97647,-14.62658,-6.915677
6480.,9.509384,13.54133,10.76085,11.80101,40.98971,-14.60571,-6.849104
6490.,9.520439,13.55836,10.77086,11.81438,41.00292,-14.5853,-6.782569
6500.,9.531524,13.57526,10.78081,11.82777,41.0161,-14.56536,-6.716072
6510.,9.542636,13.59202,10.79071,11.84118,41.02925,-14.54588,-6.649613
6520.,9.553774,13.60866,10.80056,11.8546,41.04237,-14.52685,-6.583194
6530.,9.564938,13.62516,10.81036,11.86805,41.05546,-14.50826,-6.516814
6540.,9.576127,13.64154,10.8201,11.88151,41.06853,-14.49012,-6.450475
6550.,9.587338,13.65778,10.82979,11.89498,41.08156,-14.47241,-6.384176
6560.,9.598571,13.6739,10.83942,11.90847,41.09456,-14.45513,-6.317918
6570.,9.609825,13.68973,10.84901,11.92195,41.10755,-14.43867,-6.444709
6580.,9.621098,13.70527,10.85856,11.93538,41.12054,-14.42309,-6.61364
6590.,9.632387,13.7205,10.86807,11.94875,41.13351,-14.40838,-6.782921
6600.,9.64369,13.73542,10.87753,11.96208,41.14647,-14.39454,-6.952552
6610.,9.655006,13.75004,10.88694,11.97535,41.15942,-14.38156,-7.122536
6620.,9.666333,13.76437,10.89631,11.98856,41.17235,-14.36942,-7.292875
6630.,9.677668,13.77839,10.90563,12.00171,41.18527,-14.35811,-7.463572
6640.,9.689009,13.79212,10.9149,12.0148,41.19816,-14.34763,-7.634629
6650.,9.700356,13.80555,10.92412,12.02784,41.21104,-14.33797,-7.806048
6660.,9.711705,13.81869,10.93328,12.04081,41.2239,-14.3291,-7.977832
6670.,9.723056,13.83154,10.94239,12.05372,41.23673,-14.32104,-8.149983
6680.,9.734405,13.84409,10.95145,12.06657,41.24954,-14.31376,-8.322503
6690.,9.745752,13.85636,10.96045,12.07935,41.26233,-14.30726,-8.495395
6700.,9.757095,13.86833,10.96939,12.09207,41.27508,-14.30153,-8.668661
6710.,9.768431,13.88002,10.97828,12.10472,41.28781,-14.29656,-8.842304
6720.,9.77976,13.89143,10.9871,12.1173,41.30051,-14.29234,-9.016325
6730.,9.791078,13.90255,10.99586,12.12981,41.31317,-14.28886,-9.190727
6740.,9.802386,13.91338,11.00456,12.14225,41.32581,-14.28611,-9.365513
6750.,9.813681,13.92394,11.0132,12.15462,41.33841,-14.28409,-9.540685
6760.,9.82496,13.93421,11.02178,12.16692,41.35097,-14.28278,-9.716246
6770.,9.836224,13.94421,11.03028,12.17914,41.3635,-14.28218,-9.892197
6780.,9.84747,13.95393,11.03873,12.19129,41.37599,-14.28228,-10.06854
6790.,9.858696,13.96337,11.0471,12.20337,41.38844,-14.28308,-10.24528
6800.,9.869901,13.97254,11.0554,12.21536,41.40085,-14.28455,-10.42242
6810.,9.881084,13.98143,11.06364,12.22728,41.41322,-14.28671,-10.59996
6820.,9.892242,13.99006,11.0718,12.23913,41.42555,-14.28953,-10.7779
6830.,9.903375,13.99841,11.0799,12.25089,41.43783,-14.29301,-10.95625
6840.,9.914481,14.00649,11.08792,12.26257,41.45007,-14.29715,-11.13501
6850.,9.925558,14.0143,11.09586,12.27417,41.46227,-14.30193,-11.31418
6860.,9.936605,14.02185,11.10373,12.28569,41.47441,-14.30735,-11.49376
6870.,9.94762,14.02913,11.11153,12.29713,41.48651,-14.3134,-11.67375
6880.,9.958603,14.03615,11.11925,12.30849,41.49856,-14.32007,-11.85417
6890.,9.969551,14.0429,11.12689,12.31975,41.51056,-14.32737,-12.03501
6900.,9.980464,14.04939,11.13445,12.33094,41.52251,-14.33527,-12.21626
6910.,9.991339,14.05562,11.14194,12.34204,41.53441,-14.34377,-12.39795
6920.,10.00218,14.06159,11.14934,12.35305,41.54625,-14.35288,-12.58007
6930.,10.01297,14.0673,11.15667,12.36397,41.55804,-14.36257,-12.76261
6940.,10.02373,14.07275,11.16391,12.3748,41.56977,-14.37285,-12.94559
6950.,10.03445,14.07795,11.17107,12.38555,41.58145,-14.3837,-13.12901
6960.,10.04512,14.08289,11.17814,12.3962,41.59307,-14.39512,-13.31287
6970.,10.05574,14.08758,11.18513,12.40677,41.60464,-14.40711,-13.49717
6980.,10.06632,14.09202,11.19204,12.41724,41.61615,-14.41966,-13.68191
6990.,10.07685,14.0962,11.19885,12.42762,41.62759,-14.43276,-13.8671
7000.,10.08734,14.10013,11.20559,12.43791,41.63898,-14.4464,-14.05275
7010.,10.09777,14.10382,11.21223,12.4481,41.65031,-14.46059,-14.23884
7020.,10.10816,14.10725,11.21879,12.4582,41.66157,-14.47531,-14.42539
7030.,10.11849,14.11044,11.22526,12.4682,41.67277,-14.49056,-14.6124
7040.,10.12877,14.11338,11.23163,12.47811,41.68391,-14.50633,-14.79988
7050.,10.13899,14.11608,11.23792,12.48792,41.69499,-14.52262,-14.98781
7060.,10.14916,14.11853,11.24412,12.49764,41.706,-14.53942,-15.17622
7070.,10.15928,14.12069,11.25023,12.50725,41.71692,-14.55674,-15.39581
7080.,10.16933,14.1225,11.25627,12.51675,41.7277,-14.5746,-15.66523
7090.,10.17933,14.12395,11.26223,12.52613,41.73836,-14.59299,-15.93557
7100.,10.18926,14.12505,11.26811,12.53539,41.74888,-14.61192,-16.20683
7110.,10.19913,14.1258,11.27392,12.54454,41.75927,-14.63136,-16.47903
7120.,10.20894,14.12619,11.27964,12.55356,41.76953,-14.65133,-16.75216
7130.,10.21869,14.12624,11.28529,12.56246,41.77966,-14.6718,-17.02625
7140.,10.22836,14.12594,11.29085,12.57124,41.78965,-14.69279,-17.30128
7150.,10.23797,14.1253,11.29633,12.57989,41.79951,-14.71427,-17.57729
7160.,10.24752,14.12431,11.30172,12.58842,41.80924,-14.73626,-17.85426
7170.,10.25699,14.12298,11.30703,12.59682,41.81883,-14.75873,-18.13221
7180.,10.26639,14.12131,11.31225,12.6051,41.82829,-14.7817,-18.41115
7190.,10.27571,14.11931,11.31739,12.61326,41.83762,-14.80515,-18.69108
7200.,10.28496,14.11697,11.32243,12.62128,41.84682,-14.82908,-18.97202
7210.,10.29414,14.1143,11.32739,12.62918,41.85588,-14.85348,-19.25397
7220.,10.30324,14.11129,11.33225,12.63695,41.86481,-14.87835,-19.53694
7230.,10.31226,14.10796,11.33703,12.64459,41.8736,-14.90369,-19.82094
7240.,10.32121,14.10429,11.3417,12.65211,41.88227,-14.92949,-20.10598
7250.,10.33007,14.1003,11.34629,12.65949,41.8908,-14.95574,-20.39207
7260.,10.33885,14.09598,11.35078,12.66674,41.89919,-14.98245,-20.67921
7270.,10.34755,14.09134,11.35517,12.67386,41.90745,-15.0096,-20.96742
7280.,10.35616,14.08637,11.35947,12.68085,41.91558,-15.03721,-21.2567
7290.,10.36469,14.08109,11.36367,12.6877,41.92358,-15.06525,-21.54706
7300.,10.37314,14.07549,11.36776,12.69442,41.93144,-15.09372,-21.83851
7310.,10.3815,14.06956,11.37176,12.70101,41.93916,-15.12263,-22.13107
7320.,10.38977,14.06333,11.37566,12.70746,41.94676,-15.15197,-22.42474
7330.,10.39795,14.05678,11.37946,12.71378,41.95422,-15.18173,-22.71953
7340.,10.40604,14.04991,11.38315,12.71997,41.96154,-15.21192,-23.01545
7350.,10.41404,14.04274,11.38674,12.72601,41.96874,-15.24252,-23.31251
7360.,10.42195,14.03525,11.39023,12.73193,41.9758,-15.27353,-23.61073
7370.,10.42976,14.02746,11.39361,12.7377,41.98272,-15.30495,-23.9101
7380.,10.43748,14.01936,11.39688,12.74334,41.98951,-15.33678,-24.21065
7390.,10.44511,14.01095,11.40005,12.74883,41.99617,-15.36902,-24.51237
7400.,10.45264,14.00224,11.40311,12.7542,42.0027,-15.40165,-24.8153
7410.,10.46007,13.99323,11.40606,12.75942,42.00909,-15.43467,-25.11942
7420.,10.46741,13.98392,11.4089,12.7645,42.01535,-15.4681,-25.42476
7430.,10.47464,13.9743,11.41163,12.76944,42.02147,-15.5019,-25.73132
7440.,10.48178,13.96439,11.41425,12.77424,42.02746,-15.5361,-26.03913
7450.,10.48882,13.95418,11.41676,12.7789,42.03332,-15.57068,-26.34818
7460.,10.49575,13.94368,11.41916,12.78342,42.03904,-15.60564,-26.65849
7470.,10.50259,13.93288,11.42144,12.7878,42.04463,-15.64097,-26.97007
7480.,10.50932,13.92179,11.42361,12.79204,42.05009,-15.67668,-27.28293
7490.,10.51594,13.91041,11.42567,12.79614,42.05542,-15.71276,-27.59709
7500.,10.52246,13.89874,11.42761,12.80009,42.06061,-15.7492,-27.91255
7510.,10.52888,13.88678,11.42943,12.8039,42.06567,-15.78601,-28.22934
7520.,10.53519,13.87453,11.43114,12.80756,42.07059,-15.82318,-28.54746
7530.,10.5414,13.862,11.43273,12.81108,42.07538,-15.86071,-28.86692
7540.,10.54749,13.84918,11.43421,12.81446,42.08004,-15.8986,-29.18774
7550.,10.55348,13.83608,11.43556,12.81769,42.08457,-15.93684,-29.50993
7560.,10.55936,13.82269,11.4368,12.82078,42.08896,-15.97543,-29.83351
7570.,10.56513,13.80902,11.43791,12.82372,42.09322,-16.01437,-30.15848
7580.,10.57079,13.79536,11.43896,12.82654,42.09735,-16.05344,-30.25092
7590.,10.57634,13.78172,11.43995,12.82927,42.10135,-16.09262,-30.3308
7600.,10.58178,13.7681,11.44088,12.8319,42.10522,-16.13193,-30.41083
7610.,10.58711,13.7545,11.44174,12.83443,42.10895,-16.17136,-30.491
7620.,10.59233,13.74091,11.44254,12.83687,42.11256,-16.2109,-30.57132
7630.,10.59744,13.72734,11.44327,12.83921,42.11605,-16.25057,-30.65178
7640.,10.60245,13.71379,11.44394,12.84146,42.1194,-16.29034,-30.73239
7650.,10.60734,13.70024,11.44455,12.84362,42.12264,-16.33024,-30.81315
7660.,10.61213,13.68671,11.44509,12.84568,42.12574,-16.37025,-30.89406
7670.,10.61681,13.6732,11.44557,12.84764,42.12873,-16.41038,-30.97511
7680.,10.62139,13.65969,11.44599,12.84951,42.13159,-16.45062,-31.05631
7690.,10.62586,13.64619,11.44633,12.85129,42.13433,-16.49098,-31.13766
7700.,10.63022,13.6327,11.44662,12.85298,42.13695,-16.53145,-31.21916
7710.,10.63447,13.61922,11.44684,12.85457,42.13945,-16.57203,-31.3008
7720.,10.63862,13.60575,11.44699,12.85606,42.14184,-16.61273,-31.3826
7730.,10.64267,13.59228,11.44708,12.85747,42.1441,-16.65354,-31.46454
7740.,10.6466,13.57882,11.44711,12.85878,42.14625,-16.69447,-31.54664
7750.,10.65044,13.56536,11.44707,12.85999,42.14828,-16.7355,-31.62888
7760.,10.65417,13.5519,11.44696,12.86112,42.1502,-16.77665,-31.71128
7770.,10.65779,13.53845,11.44679,12.86215,42.15201,-16.81791,-31.79382
7780.,10.66131,13.525,11.44655,12.86309,42.1537,-16.85928,-31.87652
7790.,10.66473,13.51155,11.44625,12.86394,42.15528,-16.90075,-31.95937
7800.,10.66804,13.49809,11.44588,12.86469,42.15675,-16.94234,-32.04236
7810.,10.67125,13.48464,11.44544,12.86535,42.1581,-16.98404,-32.12551
7820.,10.67436,13.47118,11.44494,12.86593,42.15935,-17.02585,-32.20882
7830.,10.67736,13.45773,11.44437,12.8664,42.16049,-17.06777,-32.29227
7840.,10.68027,13.44426,11.44374,12.86679,42.16152,-17.10979,-32.37588
7850.,10.68307,13.4308,11.44304,12.86709,42.16244,-17.15192,-32.45964
7860.,10.68576,13.41733,11.44227,12.86729,42.16325,-17.19416,-32.54355
7870.,10.68836,13.40385,11.44143,12.86741,42.16396,-17.23651,-32.62762
7880.,10.69085,13.39036,11.44053,12.86743,42.16457,-17.27897,-32.71184
7890.,10.69325,13.37687,11.43956,12.86736,42.16507,-17.32153,-32.79621
7900.,10.69554,13.36337,11.43853,12.86721,42.16546,-17.3642,-32.88074
7910.,10.69774,13.34986,11.43742,12.86696,42.16576,-17.40697,-32.96543
7920.,10.69983,13.33634,11.43625,12.86662,42.16595,-17.44985,-33.05027
7930.,10.70182,13.32281,11.43502,12.86619,42.16603,-17.49284,-33.13526
7940.,10.70371,13.30927,11.43371,12.86567,42.16602,-17.53593,-33.22041
7950.,10.70551,13.29572,11.43234,12.86506,42.16591,-17.57912,-33.30572
7960.,10.7072,13.28215,11.4309,12.86436,42.1657,-17.62242,-33.39118
7970.,10.7088,13.26857,11.42939,12.86358,42.16539,-17.66582,-33.4768
7980.,10.7103,13.25498,11.42782,12.8627,42.16498,-17.70933,-33.56257
7990.,10.7117,13.24137,11.42618,12.86173,42.16447,-17.75294,-33.64851
8000.,10.713,13.22775,11.42447,12.86068,42.16387,-17.79665,-33.7346
8010.,10.7142,13.21411,11.42269,12.85953,42.16317,-17.84047,-33.82085
8020.,10.7153,13.20045,11.42084,12.8583,42.16237,-17.88439,-33.90725
8030.,10.71631,13.18678,11.41893,12.85698,42.16148,-17.92841,-33.99382
8040.,10.71722,13.17308,11.41695,12.85557,42.16049,-17.97253,-34.08054
8050.,10.71804,13.15938,11.4149,12.85407,42.15941,-18.01675,-34.16743
8060.,10.71876,13.14565,11.41278,12.85249,42.15824,-18.06108,-34.25447
8070.,10.71938,13.1319,11.4106,12.85082,42.15697,-18.10551,-34.34167
8080.,10.7199,13.11816,11.40834,12.84906,42.15564,-18.14993,-34.38314
8090.,10.72033,13.10447,11.40602,12.84723,42.15428,-18.19423,-34.38085
8100.,10.72067,13.09082,11.40363,12.84533,42.15287,-18.23842,-34.37862
8110.,10.72091,13.07721,11.40117,12.84336,42.15143,-18.2825,-34.37644
8120.,10.72106,13.06364,11.39864,12.84132,42.14995,-18.32648,-34.37432
8130.,10.72112,13.05011,11.39605,12.83921,42.14844,-18.37035,-34.37224
8140.,10.72108,13.03662,11.39339,12.83704,42.14689,-18.41411,-34.37021
8150.,10.72096,13.02317,11.39066,12.8348,42.1453,-18.45778,-34.36823
8160.,10.72074,13.00976,11.38787,12.83249,42.14368,-18.50134,-34.3663
8170.,10.72044,12.99638,11.38501,12.83012,42.14202,-18.5448,-34.36442
8180.,10.72005,12.98304,11.38209,12.82768,42.14033,-18.58817,-34.36258
8190.,10.71957,12.96974,11.37911,12.82518,42.1386,-18.63144,-34.3608
8200.,10.719,12.95647,11.37606,12.82261,42.13684,-18.67463,-34.35906
8210.,10.71835,12.94323,11.37295,12.81998,42.13504,-18.71772,-34.35737
8220.,10.71761,12.93003,11.36978,12.81728,42.13321,-18.76072,-34.35573
8230.,10.71678,12.91687,11.36654,12.81452,42.13135,-18.80363,-34.35413
8240.,10.71587,12.90373,11.36325,12.8117,42.12945,-18.84646,-34.35258
8250.,10.71488,12.89063,11.35989,12.80881,42.12752,-18.8892,-34.35107
8260.,10.71381,12.87756,11.35647,12.80586,42.12556,-18.93187,-34.34961
8270.,10.71265,12.86452,11.35299,12.80285,42.12356,-18.97445,-34.3482
8280.,10.71141,12.85151,11.34945,12.79978,42.12154,-19.01695,-34.34683
8290.,10.71009,12.83853,11.34585,12.79665,42.11947,-19.05937,-34.34551
8300.,10.70869,12.82558,11.34219,12.79346,42.11738,-19.10172,-34.34423
8310.,10.7072,12.81265,11.33847,12.79021,42.11526,-19.144,-34.34299
8320.,10.70564,12.79976,11.3347,12.7869,42.1131,-19.1862,-34.3418
8330.,10.704,12.78689,11.33086,12.78353,42.11091,-19.22833,-34.34065
8340.,10.70229,12.77405,11.32697,12.7801,42.10869,-19.27039,-34.33954
8350.,10.70049,12.76123,11.32302,12.77661,42.10644,-19.31238,-34.33848
8360.,10.69862,12.74844,11.31902,12.77307,42.10416,-19.3543,-34.33746
8370.,10.69667,12.73568,11.31496,12.76946,42.10185,-19.39616,-34.33648
8380.,10.69465,12.72293,11.31084,12.7658,42.09951,-19.43795,-34.33555
8390.,10.69255,12.71022,11.30666,12.76209,42.09714,-19.47968,-34.33466
8400.,10.69038,12.69752,11.30243,12.75831,42.09473,-19.52135,-34.3338
8410.,10.68813,12.68485,11.29815,12.75448,42.0923,-19.56296,-34.33299
8420.,10.68581,12.6722,11.29381,12.7506,42.08984,-19.60451,-34.33222
8430.,10.68341,12.65958,11.28941,12.74666,42.08735,-19.64601,-34.33149
8440.,10.68095,12.64697,11.28497,12.74266,42.08483,-19.68744,-34.3308
8450.,10.67841,12.63438,11.28046,12.73861,42.08228,-19.72882,-34.33015
8460.,10.6758,12.62182,11.27591,12.7345,42.0797,-19.77015,-34.32955
8470.,10.67312,12.60927,11.2713,12.73034,42.07709,-19.81143,-34.32898
8480.,10.67037,12.59675,11.26664,12.72613,42.07446,-19.85265,-34.32845
8490.,10.66755,12.58424,11.26192,12.72186,42.07179,-19.89383,-34.32796
8500.,10.66466,12.57175,11.25716,12.71754,42.0691,-19.93495,-34.3275
8510.,10.6617,12.55928,11.25234,12.71317,42.06638,-19.97603,-34.32709
8520.,10.65867,12.54683,11.24747,12.70874,42.06363,-20.01706,-34.32672
8530.,10.65558,12.53439,11.24255,12.70426,42.06085,-20.05804,-34.32638
8540.,10.65241,12.52197,11.23758,12.69974,42.05805,-20.09898,-34.32608
8550.,10.64919,12.50957,11.23256,12.69515,42.05522,-20.13988,-34.32582
8560.,10.64589,12.49718,11.22749,12.69052,42.05236,-20.18073,-34.3256
8570.,10.64253,12.4848,11.22237,12.68584,42.04947,-20.22154,-34.32541
8580.,10.6391,12.47245,11.2172,12.6811,42.04655,-20.2623,-34.324
8590.,10.63561,12.46011,11.21197,12.67632,42.04359,-20.30283,-34.30706
8600.,10.63205,12.44779,11.2067,12.67149,42.04059,-20.34314,-34.29016
8610.,10.62843,12.43549,11.20138,12.66662,42.03754,-20.38323,-34.27329
8620.,10.62475,12.42322,11.19601,12.6617,42.03444,-20.42309,-34.25647
8630.,10.62101,12.41096,11.19059,12.65673,42.03131,-20.46274,-34.23967
8640.,10.6172,12.39872,11.18512,12.65172,42.02813,-20.50219,-34.22292
8650.,10.61333,12.3865,11.17961,12.64667,42.02491,-20.54142,-34.2062
8660.,10.6094,12.3743,11.17405,12.64157,42.02164,-20.58044,-34.18951
8670.,10.60541,12.36212,11.16844,12.63642,42.01834,-20.61927,-34.17286
8680.,10.60137,12.34995,11.16279,12.63124,42.01499,-20.65789,-34.15625
8690.,10.59699,12.33755,11.15682,12.62573,41.78816,-20.69654,-34.14409
8700.,10.59183,12.32445,11.15006,12.61944,41.39452,-20.73559,-34.11738
8710.,10.5857,12.31049,11.14233,12.61215,41.00567,-20.77525,-34.0856
8720.,10.57861,12.29567,11.13363,12.6039,40.62151,-20.81549,-34.05453
8730.,10.57057,12.28001,11.12399,12.5947,40.24195,-20.85632,-34.02417
8740.,10.56162,12.26353,11.11342,12.58457,39.86693,-20.89771,-33.9945
8750.,10.55176,12.24624,11.10194,12.57353,39.49636,-20.93964,-33.96551
8760.,10.54101,12.22816,11.08957,12.56158,39.13017,-20.98212,-33.93718
8770.,10.52938,12.20929,11.07632,12.54876,38.76827,-21.02511,-33.9095
8780.,10.5169,12.18967,11.06221,12.53508,38.4106,-21.06862,-33.88247
8790.,10.50358,12.16929,11.04725,12.52054,38.05709,-21.11263,-33.85606
8800.,10.48943,12.14818,11.03146,12.50517,37.70765,-21.15712,-33.83026
8810.,10.47446,12.12634,11.01486,12.48899,37.36223,-21.20209,-33.80507
8820.,10.4587,12.1038,10.99745,12.472,37.02076,-21.24752,-33.78046
8830.,10.44215,12.08056,10.97926,12.45422,36.68316,-21.29341,-33.75644
8840.,10.42483,12.05664,10.96029,12.43567,36.34938,-21.33974,-33.73298
8850.,10.40676,12.03204,10.94056,12.41636,36.01935,-21.3865,-33.71008
8860.,10.38794,12.00679,10.92009,12.3963,35.69301,-21.43368,-33.68773
8870.,10.36839,11.98089,10.89888,12.37552,35.3703,-21.48127,-33.66591
8880.,10.34812,11.95436,10.87696,12.35401,35.05116,-21.52926,-33.64461
8890.,10.32715,11.9272,10.85432,12.33179,34.73552,-21.57764,-33.62384
8900.,10.30549,11.89943,10.83099,12.30888,34.42334,-21.62641,-33.60356
8910.,10.28314,11.87106,10.80698,12.28529,34.11456,-21.67555,-33.58378
8920.,10.26013,11.8421,10.7823,12.26103,33.80911,-21.72506,-33.56449
8930.,10.23646,11.81256,10.75696,12.23611,33.50696,-21.77492,-33.54567
8940.,10.21214,11.78245,10.73097,12.21055,33.20804,-21.82513,-33.52732
8950.,10.18719,11.75178,10.70434,12.18435,32.9123,-21.87568,-33.50943
8960.,10.16161,11.72056,10.67709,12.15753,32.61969,-21.92656,-33.49199
8970.,10.13542,11.6888,10.64923,12.1301,32.33017,-21.97776,-33.47499
8980.,10.10863,11.65652,10.62075,12.10206,32.04368,-22.02928,-33.45842
8990.,10.08125,11.62371,10.59169,12.07344,31.76017,-22.08111,-33.44227
9000.,10.05328,11.59039,10.56204,12.04423,31.47961,-22.13324,-33.42654
9010.,10.02475,11.55657,10.53182,12.01446,31.20193,-22.18566,-33.41122
9020.,9.995646,11.52226,10.50104,11.98412,30.92711,-22.23837,-33.3963
9030.,9.965994,11.48746,10.4697,11.95324,30.65508,-22.29137,-33.38177
9040.,9.935797,11.45218,10.43782,11.92181,30.38582,-22.34463,-33.36763
9050.,9.905067,11.41644,10.4054,11.88985,30.11928,-22.39816,-33.35386
9060.,9.873812,11.38024,10.37246,11.85738,29.85541,-22.45196,-33.34046
9070.,9.842041,11.34359,10.339,11.82438,29.59417,-22.50601,-33.32742
9080.,9.809763,11.30649,10.30503,11.79089,29.33553,-22.5603,-33.31475
9090.,9.776985,11.26897,10.27056,11.7569,29.07944,-22.61472,-33.30111
9100.,9.743718,11.23103,10.2356,11.72242,28.82584,-22.66919,-33.28709
9110.,9.709969,11.19268,10.20017,11.68747,28.5747,-22.7237,-33.2734
9120.,9.675746,11.15393,10.16426,11.65205,28.32598,-22.77825,-33.26004
9130.,9.641059,11.11479,10.12789,11.61617,28.07966,-22.83283,-33.247
9140.,9.605914,11.07526,10.09106,11.57984,27.83568,-22.88745,-33.23428
9150.,9.57032,11.03535,10.05378,11.54306,27.59403,-22.9421,-33.22186
9160.,9.534285,10.99507,10.01607,11.50585,27.35465,-22.99678,-33.20976
9170.,9.497816,10.95442,9.977917,11.46821,27.11752,-23.05149,-33.19794
9180.,9.460921,10.91341,9.939345,11.43015,26.88261,-23.10621,-33.18642
9190.,9.423607,10.87205,9.900354,11.39168,26.64989,-23.16096,-33.17519
9200.,9.385882,10.83034,9.860954,11.3528,26.41931,-23.21572,-33.16424
9210.,9.347752,10.7883,9.821151,11.31352,26.19086,-23.27049,-33.15356
9220.,9.309225,10.74592,9.780952,11.27385,25.96449,-23.32528,-33.14314
9230.,9.270307,10.70321,9.740363,11.2338,25.74019,-23.38008,-33.133
9240.,9.231005,10.66018,9.699393,11.19337,25.51791,-23.43488,-33.12311
9250.,9.191327,10.61683,9.658047,11.15257,25.29764,-23.48969,-33.11347
9260.,9.151278,10.57318,9.616332,11.1114,25.07933,-23.5445,-33.10408
9270.,9.110864,10.52922,9.574255,11.06988,24.86297,-23.59931,-33.09493
9280.,9.070093,10.48496,9.531821,11.02801,24.64852,-23.65412,-33.08603
9290.,9.02897,10.44041,9.489038,10.98579,24.43597,-23.70893,-33.07735
9300.,8.987502,10.39557,9.44591,10.94324,24.22527,-23.76373,-33.0689
9310.,8.945695,10.35044,9.402445,10.90035,24.01641,-23.81852,-33.06068
9320.,8.903553,10.30505,9.358648,10.85714,23.80936,-23.8733,-33.05267
9330.,8.861085,10.25937,9.314525,10.8136,23.6041,-23.92807,-33.04488
9340.,8.818294,10.21343,9.270081,10.76975,23.40059,-23.98283,-33.03729
9350.,8.775186,10.16723,9.225323,10.72559,23.19882,-24.03757,-33.02991
9360.,8.731768,10.12078,9.180256,10.68113,22.99876,-24.09229,-33.02274
9370.,8.688045,10.07406,9.134885,10.63637,22.80039,-24.147,-33.01576
9380.,8.644021,10.02711,9.089215,10.59132,22.60368,-24.20168,-33.00897
9390.,8.599703,9.979904,9.043252,10.54598,22.40861,-24.25635,-33.00237
9400.,8.555095,9.932463,8.997002,10.50036,22.21516,-24.31099,-32.99595
9410.,8.510203,9.884789,8.950468,10.45446,22.0233,-24.36561,-32.98972
9420.,8.465031,9.836884,8.903657,10.40829,21.83302,-24.4202,-32.98366
9430.,8.419584,9.788754,8.856573,10.36185,21.6443,-24.47476,-32.97777
9440.,8.373868,9.740402,8.80922,10.31516,21.4571,-24.5293,-32.97205
9450.,8.327887,9.691834,8.761605,10.2682,21.27141,-24.5838,-32.9665
9460.,8.281646,9.643053,8.71373,10.22099,21.08722,-24.63828,-32.96111
9470.,8.235149,9.594062,8.665602,10.17354,20.90449,-24.69272,-32.95588
9480.,8.188782,9.545239,8.617614,10.12623,21.11665,-24.74678,-32.96491
9490.,8.142927,9.496962,8.570148,10.07947,21.32624,-24.79993,-32.96443
9500.,8.097579,9.449228,8.5232,10.03324,21.53328,-24.85218,-32.96354
9510.,8.052733,9.402031,8.476764,9.987545,21.73781,-24.90355,-32.96227
9520.,8.008385,9.355365,8.430836,9.942377,21.93985,-24.95404,-32.96061
9530.,7.964528,9.309227,8.385411,9.897731,22.13943,-25.00366,-32.95858
9540.,7.92116,9.263609,8.340483,9.853602,22.33657,-25.05243,-32.95616
9550.,7.878274,9.218508,8.296047,9.809983,22.5313,-25.10035,-32.95337
9560.,7.835867,9.173919,8.2521,9.766871,22.72365,-25.14744,-32.95022
9570.,7.793933,9.129835,8.208636,9.72426,22.91363,-25.1937,-32.9467
9580.,7.752468,9.086254,8.16565,9.682145,23.10127,-25.23915,-32.94282
9590.,7.711468,9.043169,8.123139,9.64052,23.28661,-25.28376,-32.94465
9600.,7.670927,9.000583,8.081106,9.599378,23.46965,-25.32742,-32.97025
9610.,7.630842,8.95849,8.039546,9.558711,23.65044,-25.37015,-32.99551
9620.,7.591208,8.916885,7.998455,9.518515,23.82899,-25.41194,-33.02043
9630.,7.552021,8.875764,7.957827,9.478786,24.00532,-25.45281,-33.04503
9640.,7.513276,8.835122,7.917659,9.439517,24.17947,-25.49278,-33.0693
9650.,7.47497,8.794955,7.877945,9.400706,24.35145,-25.53186,-33.09324
9660.,7.437098,8.755257,7.838682,9.362347,24.5213,-25.57004,-33.11686
9670.,7.399656,8.716024,7.799865,9.324436,24.68902,-25.60736,-33.14017
9680.,7.36264,8.677253,7.76149,9.286968,24.85465,-25.64381,-33.16317
9690.,7.326045,8.638937,7.723552,9.249939,25.01821,-25.6794,-33.18585
9700.,7.289868,8.601073,7.686047,9.213344,25.17973,-25.71415,-33.20823
9710.,7.254104,8.563657,7.648971,9.177179,25.33921,-25.74807,-33.2303
9720.,7.218749,8.526683,7.612319,9.14144,25.4967,-25.78116,-33.25207
9730.,7.1838,8.490148,7.576088,9.106123,25.65221,-25.81344,-33.27355
9740.,7.149252,8.454048,7.540272,9.071223,25.80576,-25.84492,-33.29473
9750.,7.115101,8.418377,7.504869,9.036735,25.95737,-25.8756,-33.31561
9760.,7.081344,8.383132,7.469873,9.002656,26.10707,-25.90549,-33.33621
9770.,7.047976,8.348308,7.435281,8.968981,26.25488,-25.93461,-33.35653
9780.,7.014995,8.313902,7.401088,8.935707,26.40082,-25.96297,-33.37656
9790.,6.982394,8.279909,7.367291,8.902829,26.54492,-25.99056,-33.39631
9800.,6.950172,8.246324,7.333886,8.870343,26.68718,-26.01741,-33.41579
9810.,6.918324,8.213145,7.300868,8.838244,26.82764,-26.04352,-33.43499
9820.,6.886847,8.180366,7.268234,8.80653,26.96631,-26.06889,-33.45392
9830.,6.855736,8.147985,7.235979,8.775196,27.10322,-26.09355,-33.47258
9840.,6.824988,8.115996,7.204101,8.744238,27.23838,-26.11749,-33.49098
9850.,6.7946,8.084396,7.172594,8.713652,27.37182,-26.14073,-33.50911
9860.,6.764567,8.05318,7.141456,8.683434,27.50356,-26.16327,-33.52699
9870.,6.734886,8.022346,7.110683,8.653581,27.63361,-26.18512,-33.5446
9880.,6.705554,7.991889,7.08027,8.624088,27.762,-26.20629,-33.56197
9890.,6.676567,7.961806,7.050214,8.594952,27.88874,-26.22679,-33.57908
9900.,6.647922,7.932092,7.020512,8.566169,28.01385,-26.24663,-33.59594
9910.,6.619615,7.902744,6.99116,8.537736,28.13736,-26.26581,-33.61256
9920.,6.591642,7.873757,6.962153,8.509648,28.25929,-26.28434,-33.62894
9930.,6.564,7.84513,6.93349,8.481903,28.37964,-26.30224,-33.64507
9940.,6.536686,7.816857,6.905165,8.454496,28.49844,-26.3195,-33.66096
9950.,6.509697,7.788935,6.877176,8.427424,28.61572,-26.33613,-33.67662
9960.,6.483029,7.761361,6.84952,8.400683,28.73147,-26.35215,-33.69205
9970.,6.456678,7.734131,6.822192,8.37427,28.84574,-26.36756,-33.70725
9980.,6.430643,7.707242,6.795189,8.348181,28.95852,-26.38236,-33.72221
9990.,6.404918,7.680689,6.768508,8.322414,29.06985,-26.39657,-33.73695
10000.,6.379502,7.65447,6.742146,8.296963,29.17974,-26.4102,-33.75147
10010.,6.35439,7.628581,6.716099,8.271828,29.2882,-26.42324,-33.76577
10020.,6.329581,7.603019,6.690363,8.247003,29.39525,-26.4357,-33.77985
10030.,6.30507,7.577781,6.664937,8.222485,29.50091,-26.4476,-33.79371
10040.,6.280855,7.552862,6.639816,8.198272,29.6052,-26.45894,-33.80736
10050.,6.256932,7.528261,6.614998,8.17436,29.70813,-26.46972,-33.8208
10060.,6.233299,7.503973,6.590479,8.150745,29.80972,-26.47996,-33.83402
10070.,6.209952,7.479995,6.566256,8.127426,29.90999,-26.48965,-33.84704
10080.,6.186889,7.456324,6.542325,8.104398,30.00895,-26.49881,-33.85986
10090.,6.164107,7.432958,6.518685,8.081658,30.10662,-26.50745,-33.87247
10100.,6.141602,7.409943,6.495364,8.059204,30.20305,-26.51537,-33.88172
10110.,6.119373,7.387293,6.472369,8.037034,30.29827,-26.52254,-33.88978
10120.,6.097418,7.365004,6.449697,8.015145,30.3923,-26.52895,-33.89765
10130.,6.075733,7.343073,6.427345,7.993535,30.48515,-26.53463,-33.90532
10140.,6.054318,7.321498,6.405311,7.972202,30.57684,-26.53957,-33.91279
10150.,6.033168,7.300274,6.383592,7.951143,30.66738,-26.54378,-33.92007
10160.,6.012284,7.279399,6.362185,7.930356,30.75679,-26.54728,-33.92716
10170.,5.991661,7.25887,6.341087,7.909838,30.84508,-26.55007,-33.93406
10180.,5.971299,7.238684,6.320296,7.889587,30.93226,-26.55216,-33.94077
10190.,5.951194,7.218837,6.29981,7.869601,31.01835,-26.55356,-33.9473
10200.,5.931345,7.199328,6.279624,7.849877,31.10337,-26.55427,-33.95364
10210.,5.91175,7.180152,6.259738,7.830414,31.18733,-26.5543,-33.95979
10220.,5.892407,7.161308,6.240148,7.811209,31.27024,-26.55366,-33.96577
10230.,5.873313,7.142792,6.220853,7.79226,31.35211,-26.55236,-33.97156
10240.,5.854467,7.124601,6.201848,7.773565,31.43297,-26.55041,-33.97718
10250.,5.835866,7.106733,6.183132,7.755121,31.51281,-26.54781,-33.98262
10260.,5.817509,7.089185,6.164703,7.736927,31.59166,-26.54457,-33.98788
10270.,5.799393,7.071954,6.146558,7.718981,31.66953,-26.54069,-33.99297
10280.,5.781518,7.055037,6.128695,7.701279,31.74644,-26.53619,-33.99789
10290.,5.76388,7.038432,6.11111,7.683821,31.82238,-26.53107,-34.00264
10300.,5.746477,7.022136,6.093803,7.666605,31.89739,-26.52534,-34.00722
10310.,5.729309,7.006147,6.07677,7.649627,31.97146,-26.519,-34.01163
10320.,5.712373,6.990461,6.06001,7.632887,32.04462,-26.51207,-34.01587
10330.,5.695667,6.975077,6.04352,7.616382,32.11687,-26.50454,-34.01995
10340.,5.67919,6.959991,6.027297,7.60011,32.18822,-26.49642,-34.02386
10350.,5.662939,6.945202,6.01134,7.58407,32.2587,-26.48773,-34.02762
10360.,5.646913,6.930706,5.995646,7.568259,32.3283,-26.47847,-34.03121
10370.,5.63111,6.916501,5.980214,7.552676,32.39705,-26.46864,-34.03464
10380.,5.615528,6.902586,5.96504,7.537318,32.46495,-26.45825,-34.03791
10390.,5.600166,6.888957,5.950123,7.522185,32.53201,-26.4473,-34.04103
10400.,5.585022,6.875611,5.935462,7.507274,32.59825,-26.43581,-34.04399
10410.,5.570094,6.862548,5.921052,7.492583,32.66368,-26.42378,-34.0468
10420.,5.555381,6.849764,5.906894,7.478111,32.7283,-26.41121,-34.04945
10430.,5.54088,6.837257,5.892984,7.463855,32.79214,-26.39811,-34.05196
10440.,5.526591,6.825024,5.879321,7.449815,32.85519,-26.38449,-34.05431
10450.,5.512512,6.813065,5.865902,7.435988,32.91748,-26.37036,-34.05651
10460.,5.49864,6.801375,5.852726,7.422372,32.979,-26.3557,-34.05857
10470.,5.484975,6.789953,5.839791,7.408967,33.03978,-26.34055,-34.06047
10480.,5.471515,6.778798,5.827094,7.39577,33.09981,-26.32489,-34.06224
10490.,5.458258,6.767906,5.814634,7.382779,33.15912,-26.30874,-34.06386
10500.,5.445202,6.757275,5.80241,7.369994,33.21771,-26.2921,-34.06533
10510.,5.432348,6.746904,5.790418,7.357412,33.2756,-26.27497,-34.06666
10520.,5.419692,6.736791,5.778657,7.345032,33.33278,-26.25736,-34.06786
10530.,5.407233,6.726932,5.767127,7.332852,33.38927,-26.23929,-34.06891
10540.,5.39497,6.717327,5.755823,7.320872,33.44509,-26.22074,-34.06982
10550.,5.382902,6.707974,5.744746,7.309088,33.50023,-26.20173,-34.0706
10560.,5.371027,6.698869,5.733893,7.2975,33.55471,-26.18226,-34.07124
10570.,5.359343,6.690012,5.723262,7.286107,33.60855,-26.16234,-34.07174
10580.,5.347849,6.6814,5.712852,7.274906,33.66174,-26.14197,-34.07211
10590.,5.336545,6.673031,5.70266,7.263897,33.71429,-26.12115,-34.07235
10600.,5.325427,6.665002,5.692724,7.253081,33.76622,-26.09983,-34.03169
10610.,5.314497,6.657513,5.683117,7.242471,33.81753,-26.07784,-33.9074
10620.,5.303754,6.65056,5.673838,7.232073,33.86823,-26.05521,-33.78314
10630.,5.293196,6.644138,5.664885,7.221886,33.91834,-26.03194,-33.65894
10640.,5.282825,6.638244,5.656256,7.211911,33.96785,-26.00802,-33.53478
10650.,5.272639,6.632873,5.64795,7.202146,34.01678,-25.98348,-33.41067
10660.,5.262638,6.628023,5.639964,7.192591,34.06514,-25.9583,-33.28661
10670.,5.252822,6.623689,5.632298,7.183244,34.11294,-25.93251,-33.1626
10680.,5.24319,6.619868,5.624949,7.174106,34.16018,-25.90611,-33.03863
10690.,5.233742,6.616555,5.617915,7.165176,34.20688,-25.8791,-32.91472
10700.,5.224479,6.613747,5.611195,7.156453,34.25304,-25.85149,-32.79085
10710.,5.215399,6.611441,5.604788,7.147937,34.29867,-25.82329,-32.66704
10720.,5.206502,6.609633,5.598691,7.139627,34.34379,-25.79449,-32.54328
10730.,5.197788,6.608319,5.592903,7.131522,34.38839,-25.76511,-32.41957
10740.,5.189256,6.607496,5.587422,7.123622,34.4325,-25.73516,-32.29591
10750.,5.180907,6.60716,5.582248,7.115927,34.47611,-25.70463,-32.1723
10760.,5.17274,6.607308,5.577377,7.108435,34.51923,-25.67353,-32.04874
10770.,5.164754,6.607937,5.57281,7.101146,34.56188,-25.64188,-31.92524
10780.,5.15695,6.609043,5.568543,7.09406,34.60405,-25.60967,-31.80179
10790.,5.149327,6.610622,5.564576,7.087176,34.64576,-25.5769,-31.67839
10800.,5.141885,6.612672,5.560907,7.080493,34.68702,-25.5436,-31.55505
10810.,5.134623,6.615189,5.557535,7.074011,34.72784,-25.50975,-31.43176
10820.,5.127542,6.61817,5.554458,7.06773,34.76821,-25.47537,-31.30853
10830.,5.120641,6.621612,5.551675,7.061649,34.80815,-25.44046,-31.18535
10840.,5.113919,6.625512,5.549184,7.055768,34.84767,-25.40502,-31.06222
10850.,5.107377,6.629866,5.546984,7.050085,34.88677,-25.36907,-30.93915
10860.,5.101015,6.634671,5.545074,7.044601,34.92546,-25.3326,-30.81614
10870.,5.094831,6.639925,5.543451,7.039315,34.96374,-25.29562,-30.69318
10880.,5.088826,6.645623,5.542116,7.034227,35.00163,-25.25814,-30.57028
10890.,5.083,6.651765,5.541066,7.029335,35.03913,-25.22016,-30.44744
10900.,5.077352,6.658345,5.5403,7.02464,35.07625,-25.18168,-30.32465
10910.,5.071882,6.665362,5.539816,7.020142,35.11299,-25.14272,-30.20191
10920.,5.06659,6.672812,5.539614,7.015839,35.14937,-25.10327,-30.07924
10930.,5.061475,6.680693,5.539692,7.011731,35.18538,-25.06333,-29.95662
10940.,5.056538,6.689001,5.540049,7.007819,35.22103,-25.02292,-29.83406
10950.,5.051778,6.697735,5.540684,7.0041,35.25634,-24.98204,-29.71156
10960.,5.047195,6.70689,5.541595,7.000576,35.2913,-24.94069,-29.58912
10970.,5.042789,6.716465,5.542781,6.997245,35.32592,-24.89888,-29.46673
10980.,5.038559,6.726456,5.544241,6.994108,35.36021,-24.85661,-29.3444
10990.,5.034506,6.736861,5.545974,6.991163,35.39418,-24.81389,-29.22214
11000.,5.030628,6.747677,5.547978,6.98841,35.42783,-24.77072,-29.09993
11010.,5.026927,6.758902,5.550252,6.98585,35.46116,-24.7271,-28.97778
11020.,5.023401,6.770533,5.552796,6.983481,35.49419,-24.68304,-28.85568
11030.,5.020051,6.782567,5.555607,6.981303,35.52691,-24.63854,-28.73365
11040.,5.016877,6.795002,5.558686,6.979317,35.55934,-24.59361,-28.61168
11050.,5.013877,6.807834,5.56203,6.97752,35.59148,-24.54825,-28.48977
11060.,5.011053,6.821063,5.565638,6.975914,35.62333,-24.50247,-28.36791
11070.,5.008403,6.834685,5.56951,6.974497,35.6549,-24.45626,-28.24612
11080.,5.005928,6.848697,5.573645,6.97327,35.6862,-24.40964,-28.12439
11090.,5.003628,6.863098,5.57804,6.972232,35.71723,-24.3626,-28.00272
11100.,5.001501,6.877884,5.582696,6.971383,35.748,-24.31516,-27.8811
11110.,4.999549,6.892942,5.587565,6.970725,35.77845,-24.26736,-27.72466
11120.,4.99777,6.908258,5.592641,6.970262,35.80859,-24.21923,-27.56413
11130.,4.996164,6.923828,5.597922,6.969994,35.83841,-24.17076,-27.40379
11140.,4.99473,6.939652,5.603408,6.969919,35.86794,-24.12195,-27.24364
11150.,4.993467,6.955728,5.609098,6.970038,35.89716,-24.07282,-27.08368
11160.,4.992375,6.972055,5.61499,6.970347,35.92609,-24.02336,-26.92391
11170.,4.991453,6.988631,5.621084,6.970848,35.95473,-23.97358,-26.76433
11180.,4.9907,7.005455,5.627379,6.971539,35.98309,-23.92349,-26.60494
11190.,4.990117,7.022525,5.633874,6.97242,36.01116,-23.87307,-26.44574
11200.,4.989702,7.03984,5.640567,6.973489,36.03897,-23.82234,-26.28673
11210.,4.989455,7.057398,5.647459,6.974745,36.0665,-23.77131,-26.12791
11220.,4.989375,7.075199,5.654548,6.976189,36.09377,-23.71996,-25.96927
11230.,4.989462,7.093239,5.661833,6.977818,36.12079,-23.66832,-25.81083
11240.,4.989715,7.111519,5.669313,6.979633,36.14754,-23.61637,-25.65258
11250.,4.990133,7.130037,5.676987,6.981632,36.17405,-23.56412,-25.49451
11260.,4.990717,7.148792,5.684856,6.983816,36.20031,-23.51159,-25.33663
11270.,4.991464,7.167781,5.692917,6.986182,36.22633,-23.45876,-25.17894
11280.,4.992376,7.187004,5.70117,6.98873,36.25211,-23.40564,-25.02144
11290.,4.993452,7.20646,5.709614,6.99146,36.27766,-23.35223,-24.86413
11300.,4.99469,7.226147,5.718248,6.994371,36.30298,-23.29855,-24.707
11310.,4.99609,7.246063,5.727072,6.997462,36.32808,-23.24458,-24.55006
11320.,4.997653,7.266209,5.736084,7.000733,36.35296,-23.19034,-24.39331
11330.,4.999377,7.286581,5.745285,7.004182,36.37763,-23.13582,-24.23674
11340.,5.001262,7.30718,5.754672,7.007809,36.40208,-23.08103,-24.08036
11350.,5.003307,7.328004,5.764245,7.011613,36.42632,-23.02598,-23.92417
11360.,5.005512,7.349051,5.774004,7.015594,36.45037,-22.97065,-23.76816
11370.,5.007877,7.370321,5.783948,7.019751,36.47421,-22.91507,-23.61234
11380.,5.0104,7.391812,5.794076,7.024084,36.49785,-22.85922,-23.4567
11390.,5.013083,7.413523,5.804387,7.028591,36.52131,-22.80312,-23.30124
11400.,5.015923,7.435453,5.814881,7.033272,36.54458,-22.74675,-23.14597
11410.,5.018921,7.457601,5.825556,7.038126,36.56766,-22.69014,-22.99089
11420.,5.022076,7.479965,5.836413,7.043154,36.59056,-22.63328,-22.83599
11430.,5.025388,7.502545,5.84745,7.048353,36.61329,-22.57617,-22.68127
11440.,5.028856,7.525338,5.858666,7.053724,36.63584,-22.51881,-22.52674
11450.,5.032481,7.548345,5.870062,7.059266,36.65822,-22.46121,-22.37239
11460.,5.03626,7.571565,5.881636,7.064979,36.68044,-22.40337,-22.21822
11470.,5.040195,7.594995,5.893387,7.070861,36.70249,-22.34529,-22.06423
11480.,5.044285,7.618635,5.905315,7.076912,36.72439,-22.28698,-21.91043
11490.,5.048528,7.642483,5.91742,7.083132,36.74613,-22.22843,-21.75681
11500.,5.052926,7.66654,5.9297,7.08952,36.76771,-22.16965,-21.60336
11510.,5.057477,7.690803,5.942155,7.096075,36.78915,-22.11064,-21.4501
11520.,5.062181,7.715272,5.954785,7.102798,36.81044,-22.05141,-21.29703
11530.,5.067037,7.739945,5.967588,7.109686,36.83159,-21.99195,-21.14413
11540.,5.072046,7.764822,5.980564,7.116741,36.85259,-21.93227,-20.99141
11550.,5.077207,7.789902,5.993713,7.123961,36.87346,-21.87237,-20.83887
11560.,5.08252,7.815183,6.007033,7.131346,36.8942,-21.81225,-20.68651
11570.,5.087983,7.840665,6.020525,7.138894,36.9148,-21.75192,-20.53432
11580.,5.093598,7.866346,6.034187,7.146607,36.93528,-21.69137,-20.38232
11590.,5.099363,7.892226,6.04802,7.154483,36.95563,-21.63062,-20.2305
11600.,5.105278,7.918304,6.062021,7.162522,36.97587,-21.56965,-20.07885
11610.,5.111343,7.944502,6.076132,7.170723,36.99599,-21.50868,-19.91734
11620.,5.117556,7.970727,6.090277,7.179089,37.01602,-21.44797,-19.744
11630.,5.123916,7.99698,6.104458,7.18762,37.03595,-21.38751,-19.57092
11640.,5.130422,8.023261,6.118675,7.196313,37.0558,-21.3273,-19.39809
11650.,5.137073,8.049569,6.132926,7.205167,37.07556,-21.26734,-19.22553
11660.,5.143867,8.075903,6.147212,7.214181,37.09523,-21.20762,-19.05323
11670.,5.150803,8.102265,6.161533,7.223354,37.11482,-21.14813,-18.88118
11680.,5.15788,8.128654,6.175889,7.232683,37.13432,-21.08889,-18.70939
11690.,5.165097,8.155069,6.190278,7.242168,37.15373,-21.02987,-18.53786
11700.,5.172451,8.18151,6.204701,7.251807,37.17307,-20.97109,-18.36659
11710.,5.179943,8.207978,6.219159,7.261598,37.19232,-20.91254,-18.19557
11720.,5.18757,8.234472,6.23365,7.271541,37.2115,-20.85422,-18.02482
11730.,5.195333,8.260991,6.248175,7.281634,37.23059,-20.79612,-17.85431
11740.,5.203228,8.287537,6.262732,7.291875,37.24961,-20.73824,-17.68407
11750.,5.211256,8.314108,6.277324,7.302263,37.26856,-20.68058,-17.51408
11760.,5.219415,8.340705,6.291948,7.312798,37.28743,-20.62313,-17.34434
11770.,5.227703,8.367327,6.306604,7.323476,37.30622,-20.5659,-17.17486
11780.,5.236121,8.393974,6.321294,7.334298,37.32495,-20.50888,-17.00564
11790.,5.244666,8.420646,6.336016,7.345262,37.3436,-20.45207,-16.83666
11800.,5.253338,8.447343,6.350771,7.356367,37.36219,-20.39546,-16.66795
11810.,5.262135,8.474065,6.365557,7.367611,37.3807,-20.33906,-16.49948
11820.,5.271057,8.500811,6.380376,7.378993,37.39915,-20.28286,-16.33127
11830.,5.280102,8.527582,6.395226,7.390513,37.41753,-20.22685,-16.16332
11840.,5.289269,8.554378,6.410108,7.402168,37.43585,-20.17105,-15.99561
11850.,5.298557,8.581197,6.425022,7.413957,37.4541,-20.11544,-15.82816
11860.,5.307965,8.608041,6.439967,7.42588,37.47229,-20.06002,-15.66095
11870.,5.317493,8.634909,6.454944,7.437935,37.49042,-20.00479,-15.494
11880.,5.327138,8.661801,6.469952,7.450121,37.50849,-19.94975,-15.3273
11890.,5.336901,8.688716,6.48499,7.462437,37.5265,-19.8949,-15.16085
11900.,5.346779,8.715655,6.50006,7.474882,37.54445,-19.84022,-14.99465
11910.,5.356773,8.742617,6.51516,7.487454,37.56234,-19.78573,-14.8287
11920.,5.366881,8.769603,6.530291,7.500153,37.58017,-19.73142,-14.663
11930.,5.377101,8.796612,6.545452,7.512977,37.59795,-19.67729,-14.49755
11940.,5.387434,8.823644,6.560644,7.525925,37.61568,-19.62333,-14.33234
11950.,5.397879,8.8507,6.575866,7.538996,37.63335,-19.56954,-14.16738
11960.,5.408433,8.877778,6.591117,7.552189,37.65096,-19.51592,-14.00267
11970.,5.419097,8.904879,6.606399,7.565504,37.66853,-19.46247,-13.83821
11980.,5.429869,8.932003,6.621711,7.578938,37.68604,-19.40919,-13.67399
11990.,5.440749,8.959149,6.637052,7.592492,37.70351,-19.35608,-13.51002
12000.,5.451735,8.986318,6.652423,7.606163,37.72092,-19.30312,-13.34629
12010.,5.462827,9.013509,6.667824,7.619951,37.73829,-19.25033,-13.18281
12020.,5.474024,9.040722,6.683254,7.633855,37.75561,-19.19769,-13.01957
12030.,5.485325,9.067958,6.698713,7.647874,37.77288,-19.14522,-12.85658
12040.,5.496728,9.095216,6.714201,7.662006,37.79011,-19.0929,-12.69383
12050.,5.508234,9.122496,6.729718,7.676252,37.80729,-19.04073,-12.53132
12060.,5.519842,9.149797,6.745264,7.69061,37.82443,-18.98871,-12.36905
12070.,5.53155,9.177121,6.760839,7.705078,37.84152,-18.93684,-12.20703
12080.,5.543358,9.204466,6.776443,7.719657,37.85857,-18.88512,-12.04525
12090.,5.555265,9.231833,6.792075,7.734344,37.87558,-18.83355,-11.88371
12100.,5.567269,9.259221,6.807735,7.74914,37.89255,-18.78212,-11.72241
12110.,5.579372,9.286628,6.823423,7.764043,37.90948,-18.73084,-11.56291
12120.,5.591569,9.313872,6.839077,7.779041,37.92641,-18.68036,-11.49216
12130.,5.603861,9.340954,6.854696,7.794119,37.94333,-18.63065,-11.42142
12140.,5.616244,9.367876,6.870279,7.809277,37.96024,-18.58171,-11.3507
12150.,5.628718,9.394638,6.885826,7.824513,37.97715,-18.53354,-11.27999
12160.,5.641279,9.421239,6.901336,7.839825,37.99406,-18.48611,-11.2093
12170.,5.653926,9.447682,6.916809,7.85521,38.01095,-18.43943,-11.13863
12180.,5.666658,9.473967,6.932244,7.870669,38.02784,-18.39348,-11.06797
12190.,5.679472,9.500094,6.94764,7.886198,38.04471,-18.34826,-10.99733
12200.,5.692367,9.526064,6.962998,7.901795,38.06158,-18.30376,-10.92671
12210.,5.70534,9.551878,6.978315,7.917461,38.07844,-18.25997,-10.85611
12220.,5.718391,9.577536,6.993592,7.933191,38.09528,-18.21688,-10.78553
12230.,5.731517,9.603039,7.008828,7.948986,38.11211,-18.17448,-10.71498
12240.,5.744716,9.628387,7.024023,7.964843,38.12892,-18.13277,-10.64444
12250.,5.757987,9.653582,7.039176,7.980761,38.14572,-18.09173,-10.57393
12260.,5.771329,9.678624,7.054286,7.996738,38.16251,-18.05137,-10.50345
12270.,5.784739,9.703513,7.069353,8.012773,38.17928,-18.01166,-10.43299
12280.,5.798215,9.72825,7.084377,8.028863,38.19603,-17.97261,-10.36255
12290.,5.811757,9.752836,7.099357,8.045008,38.21277,-17.93421,-10.29214
12300.,5.825362,9.777272,7.114292,8.061206,38.22949,-17.89644,-10.22176
12310.,5.839029,9.801557,7.129181,8.077456,38.24619,-17.8593,-10.15141
12320.,5.852757,9.825693,7.144026,8.093755,38.26287,-17.82279,-10.08108
12330.,5.866543,9.84968,7.158824,8.110102,38.27953,-17.7869,-10.01079
12340.,5.880386,9.873519,7.173576,8.126497,38.29616,-17.75161,-9.940522
12350.,5.894285,9.89721,7.188281,8.142937,38.31278,-17.71693,-9.870288
12360.,5.908238,9.920755,7.202938,8.159421,38.32938,-17.68284,-9.800086
12370.,5.922244,9.944152,7.217547,8.175948,38.34595,-17.64935,-9.729916
12380.,5.9363,9.967404,7.232108,8.192517,38.3625,-17.61643,-9.659779
12390.,5.950407,9.990511,7.24662,8.209125,38.37902,-17.58409,-9.589675
12400.,5.964561,10.01347,7.261083,8.225772,38.39552,-17.55231,-9.519606
12410.,5.978763,10.03629,7.275496,8.242456,38.412,-17.5211,-9.449572
12420.,5.993009,10.05896,7.289859,8.259175,38.42845,-17.49044,-9.379573
12430.,6.0073,10.0815,7.304171,8.27593,38.44487,-17.46033,-9.309611
12440.,6.021633,10.10388,7.318432,8.292717,38.46127,-17.43077,-9.239685
12450.,6.036008,10.12613,7.332642,8.309537,38.47764,-17.40174,-9.169797
12460.,6.050422,10.14824,7.3468,8.326387,38.49398,-17.37323,-9.099946
12470.,6.064874,10.1702,7.360906,8.343267,38.51029,-17.34526,-9.030134
12480.,6.079364,10.19203,7.374959,8.360175,38.52657,-17.3178,-8.960361
12490.,6.09389,10.21371,7.38896,8.37711,38.54283,-17.29085,-8.890628
12500.,6.10845,10.23526,7.402907,8.39407,38.55905,-17.26441,-8.820936
12510.,6.123043,10.25666,7.4168,8.411056,38.57524,-17.23847,-8.751283
12520.,6.137668,10.27793,7.43064,8.428064,38.59141,-17.21302,-8.681673
12530.,6.152324,10.29906,7.444424,8.445095,38.60754,-17.18806,-8.612104
12540.,6.16701,10.32006,7.458155,8.462147,38.62364,-17.16358,-8.542577
12550.,6.181723,10.34092,7.47183,8.479218,38.6397,-17.13958,-8.473094
12560.,6.196464,10.36164,7.485449,8.496309,38.65574,-17.11605,-8.403654
12570.,6.211231,10.38223,7.499013,8.513417,38.67174,-17.09299,-8.334257
12580.,6.226022,10.40268,7.51252,8.530541,38.6877,-17.07039,-8.264906
12590.,6.240837,10.423,7.525971,8.547681,38.70363,-17.04825,-8.195599
12600.,6.255674,10.44318,7.539365,8.564835,38.71953,-17.02655,-8.126337
12610.,6.270533,10.46323,7.552703,8.582003,38.7354,-17.0053,-8.057121
12620.,6.285411,10.48304,7.565991,8.599164,38.75124,-16.98477,-8.126941
12630.,6.300307,10.50255,7.579234,8.616287,38.76707,-16.96513,-8.297456
12640.,6.31522,10.52174,7.592433,8.633357,38.78288,-16.94639,-8.468328
12650.,6.330146,10.54063,7.605584,8.650372,38.79868,-16.92853,-8.639557
12660.,6.345085,10.55921,7.618687,8.667331,38.81446,-16.91154,-8.811147
12670.,6.360034,10.57749,7.631741,8.684234,38.83023,-16.89541,-8.9831
12680.,6.374991,10.59546,7.644744,8.701078,38.84597,-16.88013,-9.155418
12690.,6.389954,10.61313,7.657694,8.717863,38.86169,-16.86569,-9.328104
12700.,6.404922,10.6305,7.670591,8.734587,38.87739,-16.85209,-9.50116
12710.,6.419893,10.64757,7.683433,8.751249,38.89307,-16.83931,-9.674588
12720.,6.434864,10.66435,7.69622,8.767849,38.90871,-16.82734,-9.848391
12730.,6.449834,10.68083,7.708949,8.784384,38.92433,-16.81617,-10.02257
12740.,6.464801,10.69701,7.721619,8.800853,38.93993,-16.8058,-10.19713
12750.,6.479764,10.7129,7.73423,8.817257,38.95549,-16.79622,-10.37207
12760.,6.49472,10.7285,7.746781,8.833592,38.97102,-16.78741,-10.5474
12770.,6.509669,10.74381,7.759269,8.849859,38.98651,-16.77937,-10.72311
12780.,6.524607,10.75882,7.771694,8.866056,39.00197,-16.77209,-10.89921
12790.,6.539534,10.77356,7.784055,8.882183,39.0174,-16.76556,-11.07571
12800.,6.554447,10.788,7.79635,8.898237,39.03279,-16.75977,-11.2526
12810.,6.569346,10.80216,7.808579,8.914218,39.04814,-16.75471,-11.42988
12820.,6.584228,10.81603,7.820741,8.930126,39.06345,-16.75039,-11.60757
12830.,6.599093,10.82963,7.832833,8.945958,39.07872,-16.74677,-11.78565
12840.,6.613937,10.84294,7.844856,8.961714,39.09395,-16.74387,-11.96414
12850.,6.628761,10.85597,7.856809,8.977394,39.10913,-16.74167,-12.14304
12860.,6.643561,10.86872,7.868689,8.992995,39.12428,-16.74017,-12.32235
12870.,6.658338,10.88119,7.880497,9.008517,39.13937,-16.73934,-12.50207
12880.,6.673088,10.89339,7.892231,9.02396,39.15442,-16.7392,-12.6822
12890.,6.687812,10.90531,7.90389,9.039321,39.16943,-16.73973,-12.86275
12900.,6.702506,10.91696,7.915473,9.054601,39.18438,-16.74092,-13.04372
12910.,6.71717,10.92834,7.92698,9.069799,39.19928,-16.74277,-13.22512
12920.,6.731803,10.93944,7.938409,9.084912,39.21414,-16.74527,-13.40694
12930.,6.746402,10.95028,7.949759,9.099942,39.22894,-16.74841,-13.58918
12940.,6.760968,10.96084,7.96103,9.114886,39.24369,-16.75218,-13.77186
12950.,6.775497,10.97114,7.97222,9.129744,39.25839,-16.75658,-13.95497
12960.,6.789989,10.98117,7.983329,9.144514,39.27303,-16.7616,-14.13852
12970.,6.804442,10.99094,7.994356,9.159197,39.28762,-16.76724,-14.3225
12980.,6.818856,11.00044,8.0053,9.173792,39.30215,-16.77348,-14.50693
12990.,6.833228,11.00968,8.01616,9.188297,39.31662,-16.78033,-14.6918
13000.,6.847558,11.01865,8.026935,9.202712,39.33104,-16.78777,-14.87711
13010.,6.861844,11.02737,8.037624,9.217035,39.34539,-16.79579,-15.06288
13020.,6.876085,11.03583,8.048227,9.231267,39.35969,-16.8044,-15.2491
13030.,6.89028,11.04402,8.058743,9.245407,39.37392,-16.81359,-15.43577
13040.,6.904427,11.05196,8.069171,9.259453,39.3881,-16.82334,-15.62291
13050.,6.918525,11.05964,8.07951,9.273405,39.40221,-16.83366,-15.8105
13060.,6.932574,11.06707,8.08976,9.287262,39.41626,-16.84454,-15.99856
13070.,6.946571,11.07425,8.099919,9.301024,39.43024,-16.85596,-16.18708
13080.,6.960517,11.08117,8.109988,9.314689,39.44416,-16.86794,-16.37607
13090.,6.974408,11.08783,8.119964,9.328258,39.45802,-16.88045,-16.56554
13100.,6.988246,11.09425,8.129848,9.341729,39.47181,-16.8935,-16.75548
13110.,7.002027,11.10042,8.139639,9.355102,39.48553,-16.90707,-16.9459
13120.,7.015752,11.10632,8.149338,9.368375,39.49917,-16.92118,-17.14851
13130.,7.029419,11.11186,8.158961,9.381536,39.51268,-16.93584,-17.42158
13140.,7.043026,11.11703,8.168506,9.394579,39.52606,-16.95105,-17.6956
13150.,7.056572,11.12185,8.177971,9.4075,39.5393,-16.9668,-17.97057
13160.,7.070055,11.1263,8.187357,9.420301,39.55241,-16.9831,-18.24651
13170.,7.083475,11.13041,8.196661,9.432979,39.56538,-16.99993,-18.52341
13180.,7.096829,11.13415,8.205882,9.445534,39.57822,-17.01728,-18.80129
13190.,7.110117,11.13754,8.215019,9.457965,39.59092,-17.03517,-19.08016
13200.,7.123336,11.14059,8.22407,9.470271,39.60349,-17.05357,-19.36002
13210.,7.136487,11.14328,8.233036,9.482453,39.61592,-17.07248,-19.64089
13220.,7.149566,11.14563,8.241914,9.494508,39.62821,-17.09191,-19.92276
13230.,7.162574,11.14763,8.250703,9.506436,39.64038,-17.11183,-20.20566
13240.,7.175508,11.14928,8.259403,9.518237,39.6524,-17.13226,-20.48958
13250.,7.188367,11.1506,8.268012,9.52991,39.66429,-17.15319,-20.77454
13260.,7.201151,11.15157,8.276529,9.541454,39.67605,-17.1746,-21.06054
13270.,7.213858,11.1522,8.284953,9.552868,39.68767,-17.1965,-21.3476
13280.,7.226486,11.1525,8.293283,9.564151,39.69915,-17.21888,-21.63572
13290.,7.239035,11.15246,8.301518,9.575304,39.7105,-17.24173,-21.92492
13300.,7.251504,11.15209,8.309656,9.586325,39.72171,-17.26506,-22.2152
13310.,7.26389,11.15139,8.317698,9.597214,39.73279,-17.28886,-22.50656
13320.,7.276193,11.15035,8.325642,9.60797,39.74373,-17.31312,-22.79903
13330.,7.288413,11.14899,8.333486,9.618593,39.75454,-17.33784,-23.09261
13340.,7.300547,11.14729,8.341231,9.629081,39.76521,-17.36302,-23.38732
13350.,7.312594,11.14528,8.348875,9.639435,39.77574,-17.38864,-23.68315
13360.,7.324554,11.14294,8.356416,9.649653,39.78614,-17.41472,-23.98012
13370.,7.336426,11.14027,8.363855,9.659735,39.7964,-17.44124,-24.27824
13380.,7.348208,11.13729,8.371191,9.669681,39.80653,-17.46819,-24.57752
13390.,7.359899,11.13398,8.378421,9.67949,39.81652,-17.49559,-24.87798
13400.,7.371498,11.13036,8.385546,9.689162,39.82637,-17.52341,-25.17961
13410.,7.383005,11.12642,8.392565,9.698695,39.83609,-17.55166,-25.48244
13420.,7.394418,11.12216,8.399477,9.708089,39.84567,-17.58034,-25.78647
13430.,7.405737,11.11759,8.40628,9.717345,39.85512,-17.60944,-26.09171
13440.,7.41696,11.11271,8.412975,9.72646,39.86443,-17.63895,-26.39818
13450.,7.428086,11.10752,8.41956,9.735436,39.87361,-17.66888,-26.70589
13460.,7.439114,11.10202,8.426035,9.744271,39.88265,-17.69922,-27.01484
13470.,7.450044,11.09621,8.432398,9.752964,39.89155,-17.72996,-27.32506
13480.,7.460875,11.09009,8.438649,9.761516,39.90032,-17.76111,-27.63654
13490.,7.471605,11.08367,8.444788,9.769926,39.90895,-17.79266,-27.94931
13500.,7.482234,11.07695,8.450813,9.778194,39.91745,-17.8246,-28.26337
13510.,7.492761,11.06992,8.456723,9.786318,39.92581,-17.85694,-28.57875
13520.,7.503185,11.06259,8.462519,9.794299,39.93403,-17.88967,-28.89544
13530.,7.513505,11.05496,8.468199,9.802137,39.94212,-17.92278,-29.21346
13540.,7.523721,11.04703,8.473762,9.809829,39.95008,-17.95628,-29.53283
13550.,7.53383,11.03881,8.479208,9.817378,39.9579,-17.99016,-29.85355
13560.,7.543834,11.03029,8.484537,9.824781,39.96558,-18.02441,-30.17565
13570.,7.553731,11.02148,8.489747,9.832038,39.97313,-18.05905,-30.49913
13580.,7.563519,11.01237,8.494837,9.83915,39.98054,-18.09405,-30.82401
13590.,7.573199,11.00297,8.499808,9.846116,39.98782,-18.12942,-31.15031
13600.,7.58277,10.99328,8.504659,9.852935,39.99496,-18.16516,-31.47802
13610.,7.59223,10.9833,8.509388,9.859606,40.00197,-18.20126,-31.80718
13620.,7.601579,10.97304,8.513996,9.866131,40.00884,-18.23772,-32.13779
13630.,7.610817,10.96269,8.518522,9.872525,40.01558,-18.27438,-32.29106
13640.,7.619944,10.95237,8.522983,9.878815,40.02219,-18.31117,-32.37056
13650.,7.62896,10.94205,8.527379,9.885007,40.02866,-18.3481,-32.45022
13660.,7.637865,10.93175,8.531709,9.891101,40.035,-18.38515,-32.53002
13670.,7.64666,10.92146,8.535973,9.897097,40.04121,-18.42233,-32.60996
13680.,7.655344,10.91118,8.540171,9.902997,40.04729,-18.45964,-32.69006
13690.,7.663919,10.9009,8.544304,9.908799,40.05324,-18.49708,-32.7703
13700.,7.672384,10.89064,8.548369,9.914504,40.05906,-18.53465,-32.85069
13710.,7.680739,10.88038,8.552369,9.920112,40.06475,-18.57235,-32.93123
13720.,7.688985,10.87012,8.556302,9.925623,40.07032,-18.61017,-33.01192
13730.,7.697123,10.85988,8.560168,9.931038,40.07577,-18.64811,-33.09276
13740.,7.705151,10.84963,8.563967,9.936356,40.08109,-18.68619,-33.17374
13750.,7.713072,10.83939,8.567698,9.941577,40.08629,-18.72438,-33.25488
13760.,7.720884,10.82915,8.571363,9.946703,40.09137,-18.76271,-33.33617
13770.,7.728588,10.81891,8.57496,9.951732,40.09632,-18.80115,-33.4176
13780.,7.736185,10.80868,8.578489,9.956665,40.10116,-18.83972,-33.49919
13790.,7.743675,10.79844,8.581951,9.961502,40.10587,-18.87841,-33.58093
13800.,7.751057,10.7882,8.585344,9.966244,40.11047,-18.91722,-33.66282
13810.,7.758332,10.77796,8.58867,9.97089,40.11495,-18.95616,-33.74486
13820.,7.765501,10.76771,8.591927,9.97544,40.11931,-18.99521,-33.82706
13830.,7.772564,10.75747,8.595116,9.979895,40.12355,-19.03439,-33.9094
13840.,7.77952,10.74721,8.598236,9.984255,40.12769,-19.07369,-33.9919
13850.,7.786371,10.73695,8.601288,9.98852,40.1317,-19.1131,-34.07456
13860.,7.793116,10.72669,8.604271,9.99269,40.1356,-19.15263,-34.15736
13870.,7.799756,10.71641,8.607185,9.996765,40.13939,-19.19229,-34.24032
13880.,7.80629,10.70613,8.61003,10.00074,40.14307,-19.23206,-34.32343
13890.,7.81272,10.69584,8.612806,10.00463,40.14664,-19.27195,-34.4067
13900.,7.819045,10.68555,8.615512,10.00842,40.15009,-19.31195,-34.49012
13910.,7.825266,10.67524,8.618149,10.01212,40.15344,-19.35207,-34.5737
13920.,7.831383,10.66492,8.620717,10.01572,40.15668,-19.39231,-34.65743
13930.,7.837396,10.65459,8.623215,10.01923,40.15981,-19.43267,-34.74132
13940.,7.843305,10.64424,8.625644,10.02265,40.16283,-19.47314,-34.82537
13950.,7.849111,10.63388,8.628002,10.02597,40.16574,-19.51372,-34.90957
13960.,7.854813,10.62351,8.630291,10.0292,40.16855,-19.55442,-34.99392
13970.,7.860413,10.61313,8.63251,10.03233,40.17125,-19.59523,-35.07844
13980.,7.86591,10.60273,8.634659,10.03537,40.17385,-19.63616,-35.16311
13990.,7.871305,10.59231,8.636737,10.03832,40.17635,-19.6772,-35.24794
14000.,7.876598,10.58187,8.638745,10.04118,40.17874,-19.71835,-35.33292
14010.,7.881789,10.57142,8.640683,10.04394,40.18103,-19.75962,-35.41807
14020.,7.886878,10.56096,8.64255,10.04661,40.18321,-19.80099,-35.50338
14030.,7.891865,10.55047,8.644347,10.04919,40.1853,-19.84248,-35.58884
14040.,7.896751,10.53996,8.646073,10.05167,40.18728,-19.88408,-35.67446
14050.,7.901537,10.52944,8.647729,10.05406,40.18917,-19.92579,-35.76024
14060.,7.906221,10.51889,8.649314,10.05636,40.19095,-19.96762,-35.84619
14070.,7.910805,10.50832,8.650828,10.05857,40.19264,-20.00955,-35.93229
14080.,7.915289,10.49773,8.652271,10.06069,40.19422,-20.05159,-36.01856
14090.,7.919673,10.48712,8.653643,10.06271,40.19571,-20.09374,-36.10498
14100.,7.923957,10.47648,8.654944,10.06465,40.19711,-20.136,-36.19157
14110.,7.928141,10.46583,8.656174,10.06649,40.1984,-20.17837,-36.27832
14120.,7.932226,10.45514,8.657332,10.06824,40.1996,-20.22085,-36.36523
14130.,7.936212,10.44446,8.65842,10.0699,40.20072,-20.26338,-36.42743
14140.,7.940099,10.43381,8.659435,10.07148,40.2018,-20.3058,-36.42254
14150.,7.943888,10.42319,8.660379,10.07299,40.20284,-20.34811,-36.41771
14160.,7.947581,10.41262,8.661252,10.07443,40.20384,-20.39032,-36.41293
14170.,7.951177,10.40208,8.662054,10.07579,40.2048,-20.43243,-36.40821
14180.,7.954678,10.39158,8.662786,10.07708,40.20572,-20.47444,-36.40353
14190.,7.958084,10.38111,8.663449,10.07831,40.2066,-20.51635,-36.39891
14200.,7.961395,10.37068,8.664043,10.07946,40.20744,-20.55817,-36.39435
14210.,7.964613,10.36028,8.664568,10.08054,40.20825,-20.59989,-36.38983
14220.,7.967739,10.34991,8.665024,10.08155,40.20901,-20.64152,-36.38537
14230.,7.970772,10.33958,8.665413,10.08249,40.20974,-20.68306,-36.38095
14240.,7.973715,10.32928,8.665735,10.08336,40.21043,-20.7245,-36.37659
14250.,7.976566,10.31901,8.66599,10.08417,40.21108,-20.76587,-36.37228
14260.,7.979327,10.30877,8.666178,10.0849,40.21169,-20.80714,-36.36802
14270.,7.981999,10.29856,8.6663,10.08557,40.21227,-20.84833,-36.36381
14280.,7.984583,10.28838,8.666357,10.08617,40.21281,-20.88944,-36.35964
14290.,7.987078,10.27823,8.666348,10.08671,40.21332,-20.93047,-36.35553
14300.,7.989486,10.26811,8.666275,10.08718,40.21378,-20.97142,-36.35146
14310.,7.991807,10.25801,8.666137,10.08758,40.21422,-21.0123,-36.34745
14320.,7.994042,10.24794,8.665935,10.08792,40.21461,-21.05309,-36.34348
14330.,7.996191,10.2379,8.665669,10.08819,40.21497,-21.09381,-36.33956
14340.,7.998256,10.22789,8.665341,10.08839,40.2153,-21.13446,-36.33569
14350.,8.000236,10.2179,8.664949,10.08854,40.21559,-21.17504,-36.33186
14360.,8.002132,10.20793,8.664496,10.08862,40.21584,-21.21555,-36.32808
14370.,8.003946,10.19799,8.66398,10.08863,40.21606,-21.25599,-36.32435
14380.,8.005676,10.18807,8.663402,10.08859,40.21625,-21.29636,-36.32067
14390.,8.007325,10.17818,8.662763,10.08848,40.2164,-21.33666,-36.31703
14400.,8.008893,10.1683,8.662063,10.0883,40.21652,-21.37691,-36.31343
14410.,8.010379,10.15845,8.661303,10.08807,40.2166,-21.41708,-36.30989
14420.,8.011786,10.14862,8.660482,10.08777,40.21665,-21.4572,-36.30638
14430.,8.013112,10.13882,8.659602,10.08742,40.21667,-21.49726,-36.30293
14440.,8.01436,10.12903,8.658662,10.087,40.21665,-21.53725,-36.29952
14450.,8.015529,10.11926,8.657663,10.08652,40.2166,-21.57719,-36.29615
14460.,8.01662,10.10951,8.656605,10.08598,40.21652,-21.61708,-36.29282
14470.,8.017633,10.09978,8.655488,10.08538,40.2164,-21.65691,-36.28954
14480.,8.018569,10.09007,8.654314,10.08473,40.21625,-21.69668,-36.28631
14490.,8.019429,10.08038,8.653081,10.08401,40.21607,-21.7364,-36.28312
14500.,8.020213,10.0707,8.651792,10.08323,40.21586,-21.77607,-36.27997
14510.,8.020922,10.06104,8.650445,10.0824,40.21562,-21.81569,-36.27686
14520.,8.021555,10.0514,8.649041,10.08151,40.21534,-21.85526,-36.2738
14530.,8.022115,10.04177,8.647581,10.08056,40.21503,-21.89478,-36.27077
14540.,8.0226,10.03216,8.646064,10.07955,40.21469,-21.93426,-36.2678
14550.,8.023012,10.02257,8.644492,10.07848,40.21432,-21.97369,-36.26486
14560.,8.023351,10.01298,8.642864,10.07736,40.21392,-22.01307,-36.26196
14570.,8.023617,10.00342,8.641181,10.07618,40.21349,-22.05242,-36.25911
14580.,8.023811,9.993862,8.639443,10.07495,40.21302,-22.09171,-36.2563
14590.,8.023934,9.984321,8.63765,10.07366,40.21253,-22.13097,-36.25353
14600.,8.023986,9.974794,8.635803,10.07231,40.21201,-22.17019,-36.25079
14610.,8.023968,9.965278,8.633902,10.07091,40.21145,-22.20937,-36.2481
14620.,8.023879,9.955774,8.631947,10.06946,40.21087,-22.24851,-36.24545
14630.,8.02372,9.946282,8.629939,10.06795,40.21025,-22.28761,-36.24285
14640.,8.023493,9.936806,8.627876,10.06638,40.20959,-22.32652,-36.22591
14650.,8.023196,9.927348,8.62576,10.06477,40.20888,-22.36521,-36.20614
14660.,8.022832,9.917906,8.62359,10.0631,40.20812,-22.40367,-36.18641
14670.,8.022401,9.908482,8.621367,10.06139,40.20732,-22.44192,-36.16673
14680.,8.021903,9.899073,8.619092,10.05962,40.20647,-22.47996,-36.14708
14690.,8.021339,9.889681,8.616765,10.05781,40.20558,-22.51779,-36.12748
14700.,8.02071,9.880304,8.614386,10.05595,40.20464,-22.55541,-36.10792
14710.,8.020015,9.870943,8.611956,10.05404,40.20365,-22.59283,-36.0884
14720.,8.019257,9.861597,8.609476,10.05208,40.20262,-22.63005,-36.06891
14730.,8.018435,9.852266,8.606945,10.05008,40.20155,-22.66707,-36.04947
14740.,8.01755,9.84295,8.604365,10.04802,40.20043,-22.70389,-36.03006
14750.,8.016142,9.833209,8.601266,10.04545,39.80625,-22.74084,-36.00832
14760.,8.01376,9.822597,8.59719,10.04189,39.41682,-22.77839,-35.9729
14770.,8.010423,9.811132,8.592152,10.03737,39.03204,-22.81652,-35.93821
14780.,8.006146,9.79883,8.586172,10.0319,38.65184,-22.85524,-35.90422
14790.,8.000947,9.785705,8.579265,10.0255,38.27613,-22.89451,-35.87092
14800.,7.994842,9.771774,8.571448,10.01818,37.90485,-22.93433,-35.8383
14810.,7.987847,9.75705,8.562737,10.00997,37.53792,-22.97468,-35.80634
14820.,7.979978,9.741548,8.553149,10.00087,37.17525,-23.01555,-35.77504
14830.,7.97125,9.725283,8.542698,9.990915,36.81679,-23.05694,-35.74438
14840.,7.961678,9.708269,8.5314,9.980106,36.46246,-23.09882,-35.71435
14850.,7.951277,9.690518,8.519269,9.968463,36.11218,-23.14118,-35.68493
14860.,7.940061,9.672045,8.506321,9.956,35.7659,-23.18402,-35.65612
14870.,7.928045,9.652862,8.49257,9.942733,35.42354,-23.22732,-35.62791
14880.,7.915243,9.632982,8.478029,9.928675,35.08504,-23.27108,-35.60027
14890.,7.901667,9.612418,8.462712,9.913841,34.75034,-23.31527,-35.57321
14900.,7.887332,9.591182,8.446634,9.898245,34.41937,-23.3599,-35.5467
14910.,7.87225,9.569285,8.429806,9.881898,34.09207,-23.40495,-35.52075
14920.,7.856434,9.54674,8.412242,9.864816,33.76839,-23.4504,-35.49533
14930.,7.839897,9.523559,8.393954,9.847011,33.44826,-23.49626,-35.47045
14940.,7.822651,9.499752,8.374956,9.828496,33.13162,-23.54252,-35.44608
14950.,7.804709,9.47533,8.355259,9.809283,32.81843,-23.58915,-35.42222
14960.,7.786081,9.450305,8.334875,9.789384,32.50862,-23.63616,-35.39886
14970.,7.766781,9.424688,8.313817,9.768812,32.20214,-23.68353,-35.37599
14980.,7.746818,9.398487,8.292094,9.747578,31.89894,-23.73126,-35.35361
14990.,7.726205,9.371715,8.26972,9.725693,31.59897,-23.77934,-35.33169
15000.,7.704953,9.34438,8.246704,9.703169,31.30217,-23.82776,-35.31024
15010.,7.683071,9.316493,8.223058,9.680017,31.00849,-23.87651,-35.28924
15020.,7.660572,9.288063,8.198793,9.656248,30.71789,-23.92559,-35.26869
15030.,7.637464,9.2591,8.173918,9.631873,30.43032,-23.97498,-35.24857
15040.,7.613759,9.229613,8.148445,9.606901,30.14572,-24.02469,-35.22889
15050.,7.589466,9.199611,8.122383,9.581344,29.86406,-24.07469,-35.20962
15060.,7.564596,9.169103,8.095742,9.555211,29.5853,-24.125,-35.19077
15070.,7.539157,9.138097,8.068531,9.528512,29.30937,-24.17559,-35.17233
15080.,7.513159,9.106604,8.040762,9.501257,29.03624,-24.22646,-35.15428
15090.,7.486612,9.07463,8.012441,9.473455,28.76588,-24.27761,-35.13662
15100.,7.459525,9.042184,7.98358,9.445116,28.49823,-24.32902,-35.11935
15110.,7.431906,9.009274,7.954187,9.416249,28.23325,-24.3807,-35.10246
15120.,7.403765,8.975908,7.92427,9.386863,27.9709,-24.43264,-35.08593
15130.,7.375109,8.942095,7.893839,9.356966,27.71116,-24.48483,-35.06976
15140.,7.345949,8.907846,7.862902,9.326568,27.45395,-24.53719,-35.05313
15150.,7.316291,8.873175,7.83147,9.295678,27.19925,-24.58959,-35.03558
15160.,7.286145,8.838091,7.799551,9.264304,26.94701,-24.64204,-35.01838
15170.,7.255518,8.802601,7.767153,9.232454,26.6972,-24.69453,-35.00152
15180.,7.224418,8.766711,7.734284,9.200137,26.44977,-24.74707,-34.98498
15190.,7.192855,8.730429,7.700952,9.16736,26.2047,-24.79963,-34.96877
15200.,7.160835,8.693762,7.667166,9.134133,25.96195,-24.85223,-34.95287
15210.,7.128366,8.656717,7.632932,9.100463,25.72149,-24.90486,-34.93729
15220.,7.095456,8.6193,7.598259,9.066357,25.48328,-24.95751,-34.92201
15230.,7.062112,8.581519,7.563154,9.031823,25.24728,-25.01019,-34.90703
15240.,7.028342,8.543379,7.527624,8.996868,25.01348,-25.06289,-34.89234
15250.,6.994153,8.504887,7.491676,8.961501,24.78183,-25.11561,-34.87794
15260.,6.959551,8.466049,7.455318,8.925727,24.55231,-25.16834,-34.86382
15270.,6.924544,8.426871,7.418557,8.889554,24.32488,-25.22109,-34.84998
15280.,6.889138,8.38736,7.381398,8.852989,24.09952,-25.27385,-34.8364
15290.,6.853341,8.347521,7.34385,8.816039,23.87619,-25.32662,-34.8231
15300.,6.817158,8.30736,7.305918,8.77871,23.65487,-25.37939,-34.81005
15310.,6.780597,8.266884,7.26761,8.74101,23.43553,-25.43217,-34.79726
15320.,6.743664,8.226096,7.228931,8.702944,23.21814,-25.48495,-34.78472
15330.,6.706365,8.185004,7.189888,8.664519,23.00267,-25.53773,-34.77243
15340.,6.668705,8.143612,7.150487,8.625741,22.7891,-25.59051,-34.76037
15350.,6.630692,8.101926,7.110734,8.586616,22.57739,-25.64328,-34.74856
15360.,6.592331,8.059951,7.070635,8.547151,22.36753,-25.69605,-34.73697
15370.,6.553629,8.017693,7.030196,8.507351,22.15949,-25.74881,-34.72561
15380.,6.51459,7.975155,6.989423,8.467222,21.95324,-25.80156,-34.71447
15390.,6.475221,7.932345,6.948321,8.42677,21.74876,-25.8543,-34.70355
15400.,6.435526,7.889265,6.906896,8.386001,21.54602,-25.90702,-34.69284
15410.,6.395513,7.845921,6.865154,8.34492,21.345,-25.95973,-34.68234
15420.,6.355185,7.802319,6.823099,8.303532,21.14567,-26.01242,-34.67204
15430.,6.314549,7.758461,6.780738,8.261843,20.94802,-26.0651,-34.66195
15440.,6.27361,7.714354,6.738076,8.219859,20.75202,-26.11776,-34.65205
15450.,6.232372,7.670002,6.695117,8.177584,20.55765,-26.17039,-34.64234
15460.,6.190841,7.625408,6.651866,8.135023,20.36488,-26.223,-34.63283
15470.,6.149022,7.580578,6.60833,8.092183,20.17369,-26.27559,-34.62349
15480.,6.106919,7.535516,6.564512,8.049066,19.98407,-26.32815,-34.61434
15490.,6.064538,7.490226,6.520417,8.00568,19.79599,-26.38069,-34.60537
15500.,6.021884,7.444711,6.476051,7.962027,19.60943,-26.4332,-34.59656
15510.,5.97896,7.398977,6.431418,7.918114,19.42437,-26.48568,-34.58793
15520.,5.935772,7.353028,6.386522,7.873944,19.2408,-26.53813,-34.57947
15530.,5.892522,7.307058,6.341569,7.829725,19.266,-26.59037,-34.57856
15540.,5.849586,7.261442,6.296943,7.785845,19.47671,-26.64192,-34.58108
15550.,5.807139,7.216353,6.252818,7.742484,19.68494,-26.69259,-34.57738
15560.,5.765178,7.171786,6.209187,7.699639,19.89072,-26.74238,-34.5733
15570.,5.723696,7.127735,6.166048,7.657303,20.09406,-26.79131,-34.56885
15580.,5.682691,7.084197,6.123395,7.615473,20.29499,-26.83938,-34.56404
15590.,5.642156,7.041166,6.081224,7.574142,20.49353,-26.8866,-34.55886
15600.,5.602089,6.998637,6.039529,7.533307,20.68972,-26.93298,-34.55333
15610.,5.562484,6.956605,5.998307,7.492962,20.88357,-26.97853,-34.54744
15620.,5.523337,6.915066,5.957553,7.453102,21.0751,-27.02327,-34.54121
15630.,5.484644,6.874015,5.917262,7.413723,21.26435,-27.0672,-34.53462
15640.,5.4464,6.833448,5.877429,7.37482,21.45134,-27.11033,-34.5277
15650.,5.408601,6.793365,5.83806,7.336385,21.63608,-27.15252,-34.54999
15660.,5.371243,6.753763,5.799149,7.298412,21.81861,-27.19378,-34.57318
15670.,5.334321,6.714636,5.760692,7.260895,21.99894,-27.23412,-34.59606
15680.,5.297833,6.675981,5.722686,7.22383,22.17711,-27.27354,-34.61862
15690.,5.261773,6.637793,5.685125,7.187213,22.35312,-27.31206,-34.64086
15700.,5.226138,6.600068,5.648006,7.151039,22.52701,-27.34969,-34.66279
15710.,5.190924,6.562801,5.611324,7.115304,22.6988,-27.38644,-34.68441
15720.,5.156126,6.525988,5.575076,7.080004,22.86852,-27.42232,-34.70572
15730.,5.121742,6.489624,5.539256,7.045134,23.03617,-27.45734,-34.72674
15740.,5.087766,6.453706,5.503862,7.010691,23.20179,-27.49151,-34.74745
15750.,5.054195,6.418229,5.468888,6.976669,23.3654,-27.52483,-34.76786
15760.,5.021025,6.383188,5.434331,6.943066,23.52701,-27.55733,-34.78798
15770.,4.988253,6.34858,5.400187,6.909876,23.68666,-27.589,-34.80781
15780.,4.955874,6.314401,5.366452,6.877096,23.84436,-27.61987,-34.82735
15790.,4.923884,6.280646,5.333121,6.844722,24.00013,-27.64993,-34.84661
15800.,4.892281,6.247311,5.300191,6.812749,24.154,-27.6792,-34.86558
15810.,4.86106,6.214392,5.267658,6.781173,24.30599,-27.70768,-34.88428
15820.,4.830217,6.181885,5.235517,6.749991,24.45611,-27.73539,-34.9027
15830.,4.799749,6.149787,5.203766,6.719199,24.60439,-27.76234,-34.92084
15840.,4.769652,6.118092,5.1724,6.688792,24.75085,-27.78853,-34.93872
15850.,4.739923,6.086797,5.141415,6.658767,24.89551,-27.81397,-34.95632
15860.,4.710557,6.055899,5.110808,6.62912,25.03838,-27.83868,-34.97366
15870.,4.681552,6.025393,5.080575,6.599847,25.1795,-27.86265,-34.99074
15880.,4.652904,5.995275,5.050713,6.570944,25.31887,-27.8859,-35.00756
15890.,4.624609,5.965542,5.021216,6.542408,25.45652,-27.90844,-35.02412
15900.,4.596663,5.93619,4.992083,6.514235,25.59247,-27.93028,-35.04043
15910.,4.569064,5.907215,4.963308,6.48642,25.72674,-27.95142,-35.05648
15920.,4.541808,5.878614,4.93489,6.458961,25.85934,-27.97187,-35.07229
15930.,4.514892,5.850381,4.906823,6.431854,25.9903,-27.99164,-35.08784
15940.,4.488311,5.822515,4.879105,6.405095,26.11963,-28.01073,-35.10316
15950.,4.462064,5.795012,4.851732,6.378681,26.24736,-28.02917,-35.11823
15960.,4.436145,5.767867,4.8247,6.352607,26.37349,-28.04695,-35.13307
15970.,4.410553,5.741077,4.798007,6.326871,26.49806,-28.06407,-35.14766
15980.,4.385284,5.714638,4.771648,6.301469,26.62107,-28.08056,-35.16203
15990.,4.360335,5.688548,4.745621,6.276398,26.74255,-28.09642,-35.17616
16000.,4.335702,5.662803,4.719921,6.251653,26.86251,-28.11164,-35.19006
16010.,4.311382,5.637398,4.694546,6.227233,26.98098,-28.12625,-35.20374
16020.,4.287372,5.612332,4.669493,6.203133,27.09796,-28.14025,-35.21719
16030.,4.263669,5.587599,4.644757,6.17935,27.21348,-28.15364,-35.23042
16040.,4.240271,5.563198,4.620336,6.155881,27.32755,-28.16644,-35.24343
16050.,4.217173,5.539124,4.596227,6.132722,27.44019,-28.17864,-35.25622
16060.,4.194373,5.515375,4.572427,6.109871,27.55142,-28.19026,-35.2688
16070.,4.171867,5.491947,4.548931,6.087323,27.66125,-28.20131,-35.28116
16080.,4.149654,5.468837,4.525738,6.065077,27.7697,-28.21178,-35.29332
16090.,4.127729,5.446041,4.502844,6.043128,27.87678,-28.2217,-35.30527
16100.,4.10609,5.423557,4.480246,6.021474,27.98252,-28.23105,-35.31701
16110.,4.084734,5.401381,4.45794,6.000112,28.08693,-28.23986,-35.32854
16120.,4.063658,5.379511,4.435925,5.979038,28.19002,-28.24812,-35.33988
16130.,4.04286,5.357942,4.414197,5.95825,28.29181,-28.25585,-35.35101
16140.,4.022336,5.336673,4.392753,5.937744,28.39232,-28.26304,-35.36195
16150.,4.002084,5.315734,4.371612,5.917518,28.49159,-28.26959,-35.37048
16160.,3.982101,5.295156,4.350792,5.89757,28.58965,-28.27537,-35.3768
16170.,3.962385,5.274934,4.330289,5.877897,28.68652,-28.2804,-35.38293
16180.,3.942935,5.255066,4.310101,5.858498,28.78223,-28.28468,-35.38887
16190.,3.923748,5.235549,4.290225,5.839369,28.87677,-28.28822,-35.39461
16200.,3.904821,5.216379,4.270658,5.820509,28.97017,-28.29104,-35.40017
16210.,3.886153,5.197554,4.251399,5.801916,29.06245,-28.29313,-35.40554
16220.,3.867742,5.179071,4.232444,5.783587,29.15361,-28.29452,-35.41073
16230.,3.849586,5.160927,4.213791,5.76552,29.24366,-28.29519,-35.41573
16240.,3.831682,5.143118,4.195437,5.747712,29.33263,-28.29517,-35.42055
16250.,3.814028,5.125643,4.17738,5.730163,29.42053,-28.29446,-35.4252
16260.,3.796623,5.108498,4.159617,5.712868,29.50737,-28.29307,-35.42966
16270.,3.779465,5.09168,4.142146,5.695827,29.59316,-28.29101,-35.43394
16280.,3.762551,5.075187,4.124964,5.679037,29.67792,-28.28827,-35.43805
16290.,3.745879,5.059016,4.10807,5.662496,29.76166,-28.28488,-35.44199
16300.,3.729448,5.043164,4.09146,5.646202,29.84439,-28.28084,-35.44575
16310.,3.713256,5.027629,4.075131,5.630153,29.92613,-28.27614,-35.44934
16320.,3.697301,5.012407,4.059083,5.614347,30.00689,-28.27082,-35.45276
16330.,3.681581,4.997497,4.043312,5.598782,30.08668,-28.26486,-35.45602
16340.,3.666094,4.982896,4.027817,5.583456,30.16551,-28.25827,-35.4591
16350.,3.650839,4.9686,4.012594,5.568367,30.24341,-28.25107,-35.46202
16360.,3.635813,4.954608,3.997642,5.553513,30.32037,-28.24326,-35.46478
16370.,3.621014,4.940916,3.982959,5.538892,30.39641,-28.23485,-35.46737
16380.,3.606442,4.927524,3.968542,5.524503,30.47154,-28.22584,-35.46981
16390.,3.592093,4.914427,3.954389,5.510343,30.54578,-28.21623,-35.47208
16400.,3.577967,4.901623,3.940497,5.49641,30.61913,-28.20605,-35.4742
16410.,3.564062,4.889111,3.926866,5.482703,30.69162,-28.19528,-35.47615
16420.,3.550376,4.876887,3.913492,5.469219,30.76324,-28.18395,-35.47796
16430.,3.536907,4.86495,3.900374,5.455958,30.83401,-28.17205,-35.4796
16440.,3.523654,4.853297,3.88751,5.442917,30.90394,-28.15959,-35.4811
16450.,3.510614,4.841925,3.874896,5.430095,30.97305,-28.14657,-35.48244
16460.,3.497788,4.830832,3.862533,5.417489,31.04134,-28.13301,-35.48363
16470.,3.485171,4.820017,3.850416,5.405099,31.10883,-28.11891,-35.48467
16480.,3.472764,4.809476,3.838546,5.392921,31.17552,-28.10428,-35.48556
16490.,3.460565,4.799208,3.826918,5.380956,31.24142,-28.08911,-35.48631
16500.,3.448571,4.78921,3.815533,5.3692,31.30656,-28.07343,-35.48691
16510.,3.436782,4.77948,3.804386,5.357653,31.37092,-28.05722,-35.48736
16520.,3.425196,4.770016,3.793478,5.346312,31.43454,-28.04051,-35.48768
16530.,3.413812,4.760816,3.782806,5.335177,31.49741,-28.02328,-35.48785
16540.,3.402627,4.751878,3.772367,5.324245,31.55955,-28.00556,-35.48787
16550.,3.39164,4.7432,3.762161,5.313515,31.62096,-27.98734,-35.48776
16560.,3.380851,4.734779,3.752185,5.302986,31.68167,-27.96863,-35.48751
16570.,3.370257,4.726613,3.742438,5.292655,31.74166,-27.94944,-35.48712
16580.,3.359857,4.718701,3.732918,5.282522,31.80097,-27.92976,-35.4866
16590.,3.34965,4.71104,3.723622,5.272585,31.85958,-27.90962,-35.48594
16600.,3.339634,4.703629,3.71455,5.262842,31.91752,-27.889,-35.48514
16610.,3.329808,4.696466,3.7057,5.253291,31.9748,-27.86792,-35.48421
16620.,3.320171,4.689548,3.697069,5.243933,32.03142,-27.84638,-35.48315
16630.,3.310721,4.682874,3.688657,5.234764,32.08739,-27.82439,-35.48195
16640.,3.301456,4.676441,3.680461,5.225784,32.14271,-27.80195,-35.48063
16650.,3.292377,4.670274,3.67249,5.216992,32.19741,-27.77904,-35.46824
16660.,3.283481,4.664646,3.664847,5.2084,32.25148,-27.75547,-35.34013
16670.,3.274768,4.659553,3.657529,5.200017,32.30494,-27.73125,-35.21208
16680.,3.266238,4.654991,3.650535,5.191843,32.35779,-27.70637,-35.08409
16690.,3.257891,4.650955,3.643863,5.183877,32.41004,-27.68085,-34.95617
16700.,3.249727,4.647443,3.637512,5.176118,32.4617,-27.6547,-34.82831
16710.,3.241744,4.64445,3.631479,5.168567,32.51278,-27.62791,-34.70052
16720.,3.233944,4.641973,3.625763,5.161222,32.5633,-27.6005,-34.57279
16730.,3.226324,4.640007,3.620362,5.154082,32.61325,-27.57247,-34.44512
16740.,3.218886,4.63855,3.615275,5.147148,32.66265,-27.54382,-34.31752
16750.,3.211629,4.637598,3.6105,5.140418,32.7115,-27.51457,-34.18998
16760.,3.204552,4.637147,3.606036,5.133892,32.75982,-27.48472,-34.06251
16770.,3.197656,4.637193,3.60188,5.12757,32.80762,-27.45427,-33.93511
16780.,3.190939,4.637734,3.598031,5.12145,32.85489,-27.42323,-33.80777
16790.,3.184402,4.638765,3.594488,5.115533,32.90166,-27.39161,-33.6805
16800.,3.178045,4.640283,3.591249,5.109817,32.94792,-27.35941,-33.5533
16810.,3.171866,4.642286,3.588312,5.104303,32.99369,-27.32663,-33.42616
16820.,3.165867,4.644768,3.585676,5.098989,33.03897,-27.29329,-33.29909
16830.,3.160045,4.647728,3.58334,5.093875,33.08377,-27.25939,-33.17209
16840.,3.154402,4.651162,3.581302,5.088961,33.12811,-27.22493,-33.04515
16850.,3.148938,4.655066,3.579561,5.084245,33.17198,-27.18992,-32.91829
16860.,3.143651,4.659438,3.578114,5.079729,33.21539,-27.15437,-32.79149
16870.,3.138541,4.664274,3.576961,5.07541,33.25836,-27.11827,-32.66476
16880.,3.133608,4.66957,3.5761,5.071289,33.30088,-27.08164,-32.5381
16890.,3.128853,4.675325,3.57553,5.067365,33.34298,-27.04448,-32.41151
16900.,3.124274,4.681534,3.57525,5.063637,33.38464,-27.00679,-32.28499
16910.,3.119872,4.688196,3.575258,5.060106,33.42589,-26.96858,-32.15854
16920.,3.115646,4.695306,3.575552,5.05677,33.46673,-26.92986,-32.03216
16930.,3.111597,4.702861,3.576131,5.053629,33.50716,-26.89062,-31.90585
16940.,3.107723,4.710859,3.576995,5.050683,33.54719,-26.85088,-31.77961
16950.,3.104024,4.719297,3.578141,5.047932,33.58683,-26.81064,-31.65344
16960.,3.100501,4.728172,3.579568,5.045374,33.62609,-26.76991,-31.52734
16970.,3.097153,4.737481,3.581276,5.04301,33.66496,-26.72868,-31.40131
16980.,3.09398,4.747221,3.583263,5.040838,33.70347,-26.68696,-31.27536
16990.,3.090982,4.75739,3.585527,5.038859,33.74161,-26.64477,-31.14947
17000.,3.088159,4.767983,3.588067,5.037073,33.77939,-26.60209,-31.02365
17010.,3.085509,4.779,3.590882,5.035478,33.81682,-26.55895,-30.89791
17020.,3.083034,4.790437,3.593972,5.034074,33.8539,-26.51533,-30.77224
17030.,3.080733,4.802291,3.597333,5.032861,33.89064,-26.47125,-30.64664
17040.,3.078606,4.814559,3.600967,5.031839,33.92705,-26.42671,-30.52111
17050.,3.076652,4.827239,3.60487,5.031007,33.96313,-26.38172,-30.39565
17060.,3.074871,4.840329,3.609043,5.030364,33.99888,-26.33627,-30.27026
17070.,3.073264,4.853826,3.613484,5.029911,34.03432,-26.29038,-30.14495
17080.,3.071829,4.867726,3.618191,5.029647,34.06945,-26.24404,-30.01971
17090.,3.070568,4.882028,3.623165,5.029572,34.10427,-26.19726,-29.89454
17100.,3.069479,4.896729,3.628402,5.029685,34.1388,-26.15006,-29.76945
17110.,3.068563,4.911827,3.633904,5.029986,34.17302,-26.10242,-29.64442
17120.,3.067819,4.927319,3.639667,5.030474,34.20696,-26.05435,-29.51947
17130.,3.067247,4.943202,3.645692,5.03115,34.24062,-26.00586,-29.39459
17140.,3.066848,4.959475,3.651977,5.032013,34.27399,-25.95695,-29.26979
17150.,3.06662,4.976134,3.658521,5.033062,34.3071,-25.90763,-29.14505
17160.,3.066563,4.993096,3.66529,5.0343,34.33989,-25.85794,-28.99456
17170.,3.066678,5.010316,3.672265,5.03573,34.37237,-25.8079,-28.83031
17180.,3.066963,5.027792,3.679444,5.037352,34.40452,-25.75752,-28.66627
17190.,3.067418,5.045523,3.686827,5.039167,34.43636,-25.70681,-28.50243
17200.,3.068042,5.063506,3.694412,5.041172,34.46789,-25.65576,-28.33881
17210.,3.068835,5.081741,3.702199,5.043367,34.49911,-25.60438,-28.17539
17220.,3.069795,5.100225,3.710187,5.045751,34.53004,-25.55267,-28.01219
17230.,3.070923,5.118959,3.718374,5.048323,34.56068,-25.50064,-27.84919
17240.,3.072218,5.137939,3.726761,5.051083,34.59102,-25.44829,-27.68639
17250.,3.073679,5.157164,3.735345,5.05403,34.62109,-25.39562,-27.52381
17260.,3.075305,5.176634,3.744126,5.057162,34.65087,-25.34264,-27.36143
17270.,3.077097,5.196347,3.753104,5.06048,34.68039,-25.28934,-27.19925
17280.,3.079053,5.216301,3.762277,5.063982,34.70963,-25.23574,-27.03729
17290.,3.081173,5.236494,3.771644,5.067667,34.73861,-25.18183,-26.87553
17300.,3.083457,5.256927,3.781205,5.071536,34.76733,-25.12762,-26.71397
17310.,3.085904,5.277596,3.790958,5.075586,34.7958,-25.07311,-26.55262
17320.,3.088513,5.298501,3.800904,5.079818,34.82401,-25.01831,-26.39147
17330.,3.091284,5.319641,3.81104,5.08423,34.85198,-24.96322,-26.23053
17340.,3.094216,5.341014,3.821367,5.088822,34.87971,-24.90783,-26.06979
17350.,3.09731,5.362619,3.831882,5.093594,34.9072,-24.85216,-25.90926
17360.,3.100564,5.384454,3.842587,5.098544,34.93446,-24.7962,-25.74892
17370.,3.103977,5.406519,3.853479,5.103671,34.96149,-24.73996,-25.5888
17380.,3.10755,5.428812,3.864558,5.108976,34.9883,-24.68345,-25.42887
17390.,3.111282,5.451331,3.875824,5.114457,35.01488,-24.62665,-25.26914
17400.,3.115173,5.474076,3.887274,5.120114,35.04125,-24.56959,-25.10962
17410.,3.119221,5.497046,3.89891,5.125946,35.06741,-24.51226,-24.9503
17420.,3.123428,5.520238,3.910729,5.131952,35.09336,-24.45466,-24.79118
17430.,3.127791,5.543653,3.922731,5.138132,35.11911,-24.39679,-24.63226
17440.,3.132311,5.567288,3.934916,5.144485,35.14465,-24.33866,-24.47354
17450.,3.136987,5.591142,3.947283,5.151011,35.17,-24.28028,-24.31502
17460.,3.141819,5.615215,3.95983,5.157709,35.19515,-24.22163,-24.15669
17470.,3.146806,5.639505,3.972558,5.164577,35.22012,-24.16274,-23.99857
17480.,3.151948,5.664011,3.985465,5.171617,35.2449,-24.10359,-23.84065
17490.,3.157245,5.688732,3.998552,5.178827,35.2695,-24.04419,-23.68292
17500.,3.162696,5.713666,4.011816,5.186206,35.29392,-23.98455,-23.52539
17510.,3.1683,5.738814,4.025258,5.193754,35.31817,-23.92466,-23.36806
17520.,3.174058,5.764172,4.038876,5.20147,35.34224,-23.86453,-23.21093
17530.,3.179969,5.789742,4.052671,5.209354,35.36615,-23.80416,-23.05399
17540.,3.186032,5.81552,4.066641,5.217405,35.38989,-23.74356,-22.89724
17550.,3.192247,5.841507,4.080786,5.225623,35.41347,-23.68272,-22.7407
17560.,3.198614,5.867701,4.095105,5.234007,35.4369,-23.62165,-22.58435
17570.,3.205132,5.894101,4.109597,5.242556,35.46017,-23.56035,-22.42819
17580.,3.211801,5.920707,4.124263,5.25127,35.48329,-23.49882,-22.27222
17590.,3.218621,5.947516,4.139101,5.260149,35.50626,-23.43707,-22.11645
17600.,3.225591,5.974529,4.15411,5.269192,35.52908,-23.37509,-21.96088
17610.,3.232711,6.001743,4.16929,5.278398,35.55176,-23.3129,-21.80549
17620.,3.23998,6.029159,4.184641,5.287767,35.57431,-23.25048,-21.6503
17630.,3.247399,6.056775,4.200162,5.297298,35.59672,-23.18785,-21.4953
17640.,3.254966,6.084589,4.215852,5.306991,35.61899,-23.12501,-21.3405
17650.,3.262682,6.112602,4.23171,5.316846,35.64114,-23.06195,-21.18588
17660.,3.270545,6.140776,4.247708,5.326861,35.66316,-22.99878,-21.02669
17670.,3.278556,6.168978,4.263741,5.33704,35.68508,-22.93587,-20.8501
17680.,3.286713,6.197208,4.279809,5.347382,35.70691,-22.87321,-20.6738
17690.,3.295014,6.225466,4.29591,5.357885,35.72864,-22.81079,-20.49776
17700.,3.303459,6.25375,4.312046,5.368549,35.75027,-22.74862,-20.322
17710.,3.312045,6.282062,4.328216,5.379372,35.7718,-22.68668,-20.14652
17720.,3.320773,6.310402,4.344419,5.390351,35.79324,-22.62499,-19.97131
17730.,3.32964,6.338767,4.360656,5.401487,35.81459,-22.56354,-19.79637
17740.,3.338645,6.36716,4.376927,5.412778,35.83585,-22.50231,-19.62171
17750.,3.347787,6.395579,4.39323,5.424221,35.85703,-22.44132,-19.44732
17760.,3.357065,6.424024,4.409566,5.435817,35.87811,-22.38056,-19.2732
17770.,3.366478,6.452496,4.425936,5.447563,35.89911,-22.32003,-19.09935
17780.,3.376024,6.480993,4.442337,5.459457,35.92002,-22.25972,-18.92577
17790.,3.385702,6.509516,4.458771,5.4715,35.94085,-22.19962,-18.75247
17800.,3.395512,6.538065,4.475238,5.483689,35.96159,-22.13975,-18.57943
17810.,3.405451,6.566639,4.491736,5.496023,35.98226,-22.0801,-18.40667
17820.,3.41552,6.595238,4.508266,5.508501,36.00285,-22.02066,-18.23417
17830.,3.425716,6.623862,4.524828,5.521121,36.02335,-21.96143,-18.06195
17840.,3.436039,6.652512,4.541422,5.533882,36.04378,-21.9024,-17.88999
17850.,3.446487,6.681186,4.558047,5.546784,36.06414,-21.84359,-17.7183
17860.,3.45706,6.709884,4.574703,5.559824,36.08442,-21.78498,-17.54687
17870.,3.467757,6.738607,4.59139,5.573002,36.10462,-21.72657,-17.37572
17880.,3.478575,6.767355,4.608108,5.586316,36.12475,-21.66836,-17.20483
17890.,3.489515,6.796126,4.624856,5.599765,36.14482,-21.61035,-17.0342
17900.,3.500575,6.824922,4.641636,5.613348,36.16481,-21.55254,-16.86385
17910.,3.511754,6.853741,4.658445,5.627064,36.18473,-21.49492,-16.69375
17920.,3.523052,6.882584,4.675285,5.640911,36.20458,-21.43749,-16.52392
17930.,3.534467,6.911451,4.692156,5.654889,36.22437,-21.38025,-16.35436
17940.,3.545997,6.940341,4.709056,5.668996,36.24409,-21.32319,-16.18506
17950.,3.557643,6.969254,4.725986,5.683231,36.26375,-21.26632,-16.01602
17960.,3.569403,6.99819,4.742945,5.697593,36.28334,-21.20964,-15.84724
17970.,3.581277,7.02715,4.759934,5.712081,36.30287,-21.15313,-15.67872
17980.,3.593263,7.056132,4.776953,5.726693,36.32234,-21.0968,-15.51047
17990.,3.60536,7.085137,4.794001,5.74143,36.34175,-21.04065,-15.34248
18000.,3.617567,7.114164,4.811078,5.756289,36.3611,-20.98467,-15.17474
18010.,3.629884,7.143215,4.828184,5.771269,36.38039,-20.92887,-15.00727
18020.,3.642309,7.172287,4.845319,5.78637,36.39963,-20.87323,-14.84005
18030.,3.654842,7.201382,4.862483,5.80159,36.4188,-20.81777,-14.6731
18040.,3.667482,7.230498,4.879675,5.816929,36.43792,-20.76247,-14.5064
18050.,3.680228,7.259637,4.896896,5.832386,36.45699,-20.70734,-14.33996
18060.,3.693078,7.288798,4.914146,5.847958,36.476,-20.65236,-14.17377
18070.,3.706033,7.31798,4.931423,5.863646,36.49496,-20.59755,-14.00785
18080.,3.719091,7.347184,4.948729,5.879449,36.51387,-20.5429,-13.84217
18090.,3.732251,7.37641,4.966063,5.895365,36.53273,-20.48841,-13.67676
18100.,3.745513,7.405656,4.983425,5.911393,36.55153,-20.43407,-13.51159
18110.,3.758876,7.434925,5.000814,5.927533,36.57029,-20.37989,-13.34668
18120.,3.772338,7.464214,5.018231,5.943783,36.589,-20.32586,-13.18203
18130.,3.7859,7.493524,5.035676,5.960143,36.60766,-20.27197,-13.01762
18140.,3.799559,7.522856,5.053149,5.976612,36.62628,-20.21824,-12.85347
18150.,3.813316,7.552208,5.070648,5.993188,36.64484,-20.16465,-12.68957
18160.,3.82717,7.581581,5.088175,6.009871,36.66337,-20.11121,-12.52593
18170.,3.841119,7.610832,5.105681,6.026651,36.68187,-20.05842,-12.4332
18180.,3.855161,7.639921,5.123151,6.043515,36.70037,-20.00641,-12.3609
18190.,3.869295,7.668847,5.140584,6.060458,36.71886,-19.95517,-12.28863
18200.,3.883519,7.697613,5.15798,6.077478,36.73734,-19.9047,-12.21637
18210.,3.89783,7.726218,5.175338,6.094574,36.75581,-19.85499,-12.14413
18220.,3.912227,7.754663,5.192658,6.111745,36.77426,-19.80602,-12.07191
18230.,3.926708,7.782948,5.209939,6.128987,36.7927,-19.7578,-11.99971
18240.,3.941271,7.811075,5.227181,6.146301,36.81113,-19.71031,-11.92753
18250.,3.955915,7.839044,5.244382,6.163683,36.82954,-19.66354,-11.85537
18260.,3.970637,7.866855,5.261543,6.181132,36.84794,-19.61748,-11.78324
18270.,3.985436,7.89451,5.278662,6.198647,36.86632,-19.57213,-11.71113
18280.,4.000311,7.922008,5.295739,6.216226,36.88468,-19.52749,-11.63904
18290.,4.015258,7.949351,5.312774,6.233867,36.90303,-19.48353,-11.56698
18300.,4.030278,7.976539,5.329766,6.251569,36.92136,-19.44025,-11.49495
18310.,4.045367,8.003572,5.346715,6.26933,36.93967,-19.39765,-11.42294
18320.,4.060525,8.030452,5.36362,6.287149,36.95796,-19.35572,-11.35096
18330.,4.075749,8.057178,5.38048,6.305023,36.97623,-19.31445,-11.27901
18340.,4.091039,8.083752,5.397295,6.322952,36.99448,-19.27383,-11.20709
18350.,4.106392,8.110174,5.414064,6.340934,37.01271,-19.23386,-11.13519
18360.,4.121806,8.136445,5.430788,6.358968,37.03091,-19.19452,-11.06333
18370.,4.137281,8.162564,5.447465,6.377051,37.04909,-19.15581,-10.9915
18380.,4.152815,8.188534,5.464095,6.395183,37.06725,-19.11773,-10.9197
18390.,4.168406,8.214354,5.480677,6.413362,37.08538,-19.08026,-10.84794
18400.,4.184052,8.240025,5.497211,6.431587,37.10349,-19.0434,-10.7762
18410.,4.199752,8.265547,5.513697,6.449855,37.12158,-19.00715,-10.70451
18420.,4.215506,8.290921,5.530134,6.468167,37.13963,-18.97149,-10.63284
18430.,4.23131,8.316148,5.546522,6.486519,37.15767,-18.93641,-10.56121
18440.,4.247164,8.341228,5.562859,6.504912,37.17567,-18.90192,-10.48962
18450.,4.263066,8.366162,5.579147,6.523344,37.19364,-18.86801,-10.41807
18460.,4.279015,8.390951,5.595384,6.541812,37.21159,-18.83466,-10.34655
18470.,4.295009,8.415594,5.611569,6.560317,37.22951,-18.80188,-10.27507
18480.,4.311047,8.440092,5.627703,6.578856,37.2474,-18.76965,-10.20362
18490.,4.327128,8.464447,5.643785,6.597429,37.26526,-18.73797,-10.13222
18500.,4.34325,8.488658,5.659815,6.616033,37.28309,-18.70683,-10.06086
18510.,4.359411,8.512726,5.675792,6.634669,37.30089,-18.67623,-9.989536
18520.,4.375612,8.536652,5.691716,6.653334,37.31865,-18.64616,-9.918253
18530.,4.391849,8.560436,5.707586,6.672027,37.33639,-18.61662,-9.847013
18540.,4.408123,8.584078,5.723402,6.690747,37.35409,-18.58759,-9.775814
18550.,4.424431,8.60758,5.739164,6.709493,37.37176,-18.55908,-9.704657
18560.,4.440772,8.630941,5.754871,6.728264,37.3894,-18.53107,-9.633544
18570.,4.457145,8.654163,5.770523,6.747058,37.407,-18.50357,-9.562474
18580.,4.473549,8.677245,5.786119,6.765874,37.42457,-18.47656,-9.491449
18590.,4.489983,8.700189,5.80166,6.784711,37.4421,-18.45004,-9.420468
18600.,4.506445,8.722994,5.817144,6.803569,37.4596,-18.42401,-9.349532
18610.,4.522934,8.745662,5.832572,6.822445,37.47707,-18.39845,-9.278641
18620.,4.539449,8.768192,5.847943,6.841339,37.49449,-18.37337,-9.207797
18630.,4.555988,8.790586,5.863257,6.860249,37.51188,-18.34876,-9.136999
18640.,4.572552,8.812844,5.878514,6.879175,37.52924,-18.32461,-9.066249
18650.,4.589137,8.834966,5.893712,6.898115,37.54656,-18.30092,-8.995546
18660.,4.605744,8.856953,5.908853,6.917069,37.56383,-18.27768,-8.92489
18670.,4.622371,8.878744,5.92394,6.936024,37.58108,-18.25505,-8.936273
18680.,4.639016,8.900223,5.938981,6.954948,37.59832,-18.23333,-9.107598
18690.,4.655678,8.921391,5.953977,6.973819,37.61554,-18.21251,-9.279282
18700.,4.672354,8.942248,5.968925,6.992636,37.63274,-18.19258,-9.451327
18710.,4.689043,8.962798,5.983824,7.011397,37.64992,-18.17352,-9.623737
18720.,4.705741,8.983041,5.998672,7.030102,37.66709,-18.15534,-9.796514
18730.,4.722449,9.002978,6.013469,7.048748,37.68423,-18.13802,-9.969659
18740.,4.739163,9.022611,6.028213,7.067335,37.70134,-18.12155,-10.14318
18750.,4.755882,9.041942,6.042903,7.085861,37.71843,-18.10593,-10.31707
18760.,4.772604,9.060972,6.057537,7.104325,37.7355,-18.09113,-10.49133
18770.,4.789327,9.079701,6.072114,7.122727,37.75253,-18.07715,-10.66598
18780.,4.806049,9.098132,6.086634,7.141064,37.76954,-18.06399,-10.841
18790.,4.822769,9.116266,6.101094,7.159336,37.78651,-18.05163,-11.01641
18800.,4.839485,9.134105,6.115495,7.177542,37.80346,-18.04007,-11.19221
18810.,4.856194,9.151649,6.129833,7.19568,37.82037,-18.02929,-11.36839
18820.,4.872896,9.168899,6.144109,7.21375,37.83724,-18.0193,-11.54496
18830.,4.889588,9.185859,6.158321,7.231749,37.85408,-18.01006,-11.72193
18840.,4.906269,9.202527,6.172468,7.249678,37.87088,-18.00159,-11.89929
18850.,4.922938,9.218907,6.186549,7.267535,37.88765,-17.99387,-12.07705
18860.,4.939591,9.234999,6.200563,7.285319,37.90437,-17.9869,-12.25522
18870.,4.956229,9.250804,6.214509,7.303029,37.92105,-17.98065,-12.43378
18880.,4.972849,9.266324,6.228385,7.320664,37.93769,-17.97514,-12.61275
18890.,4.98945,9.28156,6.242191,7.338223,37.95429,-17.97034,-12.79213
18900.,5.00603,9.296513,6.255925,7.355705,37.97084,-17.96626,-12.97192
18910.,5.022587,9.311185,6.269587,7.373109,37.98735,-17.96288,-13.15213
18920.,5.039121,9.325576,6.283176,7.390434,38.00381,-17.96019,-13.33275
18930.,5.055629,9.339689,6.29669,7.407679,38.02022,-17.95819,-13.51379
18940.,5.07211,9.353524,6.310128,7.424843,38.03659,-17.95687,-13.69525
18950.,5.088563,9.367082,6.32349,7.441925,38.0529,-17.95623,-13.87714
18960.,5.104985,9.380365,6.336775,7.458925,38.06916,-17.95625,-14.05945
18970.,5.121377,9.393374,6.349981,7.475841,38.08537,-17.95693,-14.2422
18980.,5.137736,9.406109,6.363108,7.492672,38.10153,-17.95826,-14.42537
18990.,5.15406,9.418573,6.376155,7.509418,38.11763,-17.96023,-14.60898
19000.,5.170349,9.430767,6.389121,7.526078,38.13368,-17.96284,-14.79303
19010.,5.186601,9.442691,6.402005,7.54265,38.14968,-17.96608,-14.97752
19020.,5.202815,9.454347,6.414805,7.559135,38.16561,-17.96995,-15.16245
19030.,5.218989,9.465735,6.427522,7.575531,38.18149,-17.97443,-15.34783
19040.,5.235123,9.476858,6.440155,7.591837,38.19731,-17.97952,-15.53365
19050.,5.251214,9.487716,6.452702,7.608053,38.21307,-17.98521,-15.71993
19060.,5.267262,9.49831,6.465162,7.624178,38.22877,-17.99151,-15.90667
19070.,5.283264,9.508641,6.477536,7.640211,38.24441,-17.99839,-16.09386
19080.,5.299221,9.518711,6.489821,7.656151,38.25999,-18.00586,-16.28151
19090.,5.315131,9.528521,6.502018,7.671997,38.27551,-18.0139,-16.46962
19100.,5.330992,9.538071,6.514126,7.687749,38.29096,-18.02252,-16.6582
19110.,5.346803,9.547363,6.526143,7.703406,38.30634,-18.03171,-16.84725
19120.,5.362564,9.556398,6.538069,7.718968,38.32167,-18.04146,-17.03677
19130.,5.378272,9.565177,6.549903,7.734433,38.33692,-18.05176,-17.22676
19140.,5.393928,9.573701,6.561645,7.7498,38.35211,-18.06261,-17.41724
19150.,5.409529,9.581971,6.573293,7.76507,38.36723,-18.074,-17.60819
19160.,5.425074,9.589988,6.584848,7.780242,38.38229,-18.08593,-17.79963
19170.,5.440563,9.597753,6.596308,7.795314,38.39727,-18.09839,-17.99155
19180.,5.455994,9.605162,6.607688,7.810278,38.41213,-18.11142,-18.25839
19190.,5.471366,9.612206,6.618991,7.825122,38.42685,-18.125,-18.53422
19200.,5.486676,9.618887,6.630213,7.839846,38.44143,-18.13914,-18.811
19210.,5.501925,9.625207,6.641355,7.854448,38.45588,-18.15382,-19.08877
19220.,5.51711,9.631167,6.652414,7.868927,38.4702,-18.16905,-19.36752
19230.,5.53223,9.636769,6.66339,7.883283,38.48437,-18.18482,-19.64726
19240.,5.547284,9.642015,6.674282,7.897515,38.49841,-18.20111,-19.928
19250.,5.562269,9.646907,6.685087,7.911622,38.51232,-18.21794,-20.20975
19260.,5.577186,9.651446,6.695806,7.925604,38.52609,-18.23529,-20.49252
19270.,5.592032,9.655635,6.706436,7.939459,38.53972,-18.25315,-20.77632
19280.,5.606806,9.659474,6.716978,7.953186,38.55321,-18.27153,-21.06115
19290.,5.621507,9.662966,6.727429,7.966786,38.56657,-18.29042,-21.34702
19300.,5.636134,9.666113,6.737788,7.980257,38.57979,-18.30981,-21.63395
19310.,5.650685,9.668916,6.748055,7.993599,38.59288,-18.3297,-21.92193
19320.,5.665159,9.671377,6.758229,8.006811,38.60583,-18.35008,-22.21099
19330.,5.679555,9.673497,6.768308,8.019892,38.61864,-18.37095,-22.50113
19340.,5.693871,9.675278,6.778291,8.032841,38.63131,-18.39231,-22.79236
19350.,5.708107,9.676722,6.788177,8.045659,38.64385,-18.41415,-23.08469
19360.,5.722262,9.67783,6.797966,8.058344,38.65625,-18.43646,-23.37813
19370.,5.736333,9.678604,6.807656,8.070895,38.66851,-18.45925,-23.67268
19380.,5.750321,9.679046,6.817246,8.083312,38.68064,-18.4825,-23.96837
19390.,5.764223,9.679157,6.826736,8.095595,38.69263,-18.50622,-24.26519
19400.,5.778039,9.678938,6.836124,8.107742,38.70448,-18.53039,-24.56317
19410.,5.791767,9.678392,6.845409,8.119754,38.7162,-18.55502,-24.8623
19420.,5.805407,9.67752,6.854591,8.131629,38.72778,-18.5801,-25.1626
19430.,5.818957,9.676323,6.863669,8.143367,38.73922,-18.60563,-25.46408
19440.,5.832417,9.674803,6.872641,8.154968,38.75052,-18.6316,-25.76675
19450.,5.845785,9.672961,6.881508,8.16643,38.76169,-18.65802,-26.07062
19460.,5.859061,9.670799,6.890267,8.177753,38.77272,-18.68486,-26.37571
19470.,5.872242,9.668318,6.898918,8.188938,38.78362,-18.71214,-26.68202
19480.,5.885329,9.66552,6.907461,8.199982,38.79437,-18.73985,-26.98956
19490.,5.89832,9.662407,6.915894,8.210886,38.80499,-18.76798,-27.29835
19500.,5.911215,9.658979,6.924217,8.22165,38.81547,-18.79654,-27.6084
19510.,5.924012,9.655238,6.932428,8.232272,38.82582,-18.82551,-27.91972
19520.,5.93671,9.651186,6.940528,8.242752,38.83603,-18.85489,-28.23232
19530.,5.949309,9.646823,6.948515,8.25309,38.8461,-18.88469,-28.54621
19540.,5.961808,9.642152,6.956388,8.263285,38.85603,-18.91489,-28.86141
19550.,5.974205,9.637174,6.964147,8.273337,38.86583,-18.94549,-29.17793
19560.,5.986499,9.631889,6.971791,8.283245,38.87549,-18.9765,-29.49578
19570.,5.998691,9.6263,6.979319,8.293009,38.88502,-19.0079,-29.81497
19580.,6.010779,9.620408,6.986731,8.302629,38.8944,-19.0397,-30.13552
19590.,6.022762,9.614214,6.994026,8.312103,38.90366,-19.07189,-30.45744
19600.,6.034639,9.607719,7.001202,8.321432,38.91277,-19.10447,-30.78074
19610.,6.04641,9.600925,7.00826,8.330615,38.92175,-19.13743,-31.10544
19620.,6.058074,9.593834,7.015199,8.339652,38.93059,-19.17077,-31.43155
19630.,6.069629,9.586445,7.022018,8.348542,38.93929,-19.20449,-31.75908
19640.,6.081076,9.578761,7.028716,8.357285,38.94786,-19.23859,-32.08805
19650.,6.092412,9.570783,7.035293,8.36588,38.9563,-19.27306,-32.41848
19660.,6.103639,9.562511,7.041748,8.374328,38.96459,-19.30789,-32.75037
19670.,6.114754,9.553949,7.048081,8.382627,38.97275,-19.3431,-33.08374
19680.,6.125757,9.545236,7.054317,8.39079,38.98078,-19.37857,-33.29939
19690.,6.136649,9.536534,7.060487,8.39884,38.98867,-19.41417,-33.37875
19700.,6.147429,9.527841,7.066591,8.406792,38.99642,-19.44991,-33.45826
19710.,6.158098,9.519158,7.072629,8.414645,39.00404,-19.48579,-33.53791
19720.,6.168656,9.510483,7.078599,8.422399,39.01153,-19.5218,-33.61772
19730.,6.179103,9.501815,7.084503,8.430055,39.01889,-19.55795,-33.69767
19740.,6.189439,9.493152,7.09034,8.437613,39.02612,-19.59423,-33.77777
19750.,6.199665,9.484495,7.096109,8.445073,39.03322,-19.63064,-33.85801
19760.,6.209781,9.475841,7.101811,8.452435,39.04019,-19.66719,-33.93841
19770.,6.219787,9.467191,7.107446,8.459698,39.04703,-19.70387,-34.01896
19780.,6.229683,9.458543,7.113012,8.466864,39.05375,-19.74068,-34.09965
19790.,6.23947,9.449896,7.11851,8.473932,39.06034,-19.77762,-34.1805
19800.,6.249148,9.44125,7.12394,8.480903,39.06681,-19.81469,-34.2615
19810.,6.258717,9.432603,7.129302,8.487776,39.07315,-19.85189,-34.34264
19820.,6.268177,9.423955,7.134595,8.494551,39.07937,-19.88922,-34.42394
19830.,6.277529,9.415305,7.13982,8.50123,39.08547,-19.92668,-34.50539
19840.,6.286773,9.406651,7.144975,8.507811,39.09145,-19.96426,-34.58699
19850.,6.295908,9.397994,7.150062,8.514295,39.09731,-20.00197,-34.66875
19860.,6.304936,9.389331,7.155079,8.520683,39.10305,-20.03981,-34.75065
19870.,6.313856,9.380664,7.160027,8.526974,39.10867,-20.07778,-34.83271
19880.,6.322669,9.371989,7.164906,8.533168,39.11417,-20.11587,-34.91492
19890.,6.331375,9.363308,7.169715,8.539265,39.11956,-20.15408,-34.99728
19900.,6.339974,9.354618,7.174454,8.545266,39.12483,-20.19242,-35.0798
19910.,6.348466,9.34592,7.179123,8.551171,39.12998,-20.23089,-35.16248
19920.,6.356853,9.337212,7.183722,8.55698,39.13502,-20.26947,-35.2453
19930.,6.365132,9.328494,7.188251,8.562693,39.13995,-20.30818,-35.32828
19940.,6.373307,9.319765,7.19271,8.56831,39.14476,-20.34702,-35.41142
19950.,6.381375,9.311024,7.197098,8.573831,39.14946,-20.38597,-35.49471
19960.,6.389338,9.30227,7.201415,8.579257,39.15405,-20.42504,-35.57816
19970.,6.397196,9.293503,7.205662,8.584587,39.15853,-20.46424,-35.66176
19980.,6.404948,9.284723,7.209839,8.589821,39.1629,-20.50355,-35.74552
19990.,6.412596,9.275927,7.213944,8.594961,39.16717,-20.54299,-35.82944
20000.,6.42014,9.267116,7.217978,8.600005,39.17132,-20.58254,-35.91351
20010.,6.427579,9.258289,7.221941,8.604955,39.17536,-20.62222,-35.99774
20020.,6.434914,9.249445,7.225833,8.609809,39.1793,-20.66201,-36.08213
20030.,6.442145,9.240584,7.229653,8.614569,39.18313,-20.70192,-36.16668
20040.,6.449273,9.231704,7.233402,8.619234,39.18686,-20.74195,-36.25139
20050.,6.456297,9.222806,7.23708,8.623805,39.19048,-20.78209,-36.33625
20060.,6.463218,9.213889,7.240685,8.628281,39.194,-20.82235,-36.42128
20070.,6.470036,9.204951,7.244219,8.632663,39.19741,-20.86273,-36.50646
20080.,6.476751,9.195993,7.247682,8.636952,39.20072,-20.90322,-36.59181
20090.,6.483364,9.187013,7.251072,8.641146,39.20393,-20.94383,-36.67731
20100.,6.489875,9.178012,7.25439,8.645246,39.20704,-20.98455,-36.76298
20110.,6.496283,9.168988,7.257637,8.649253,39.21004,-21.02539,-36.84881
20120.,6.50259,9.159941,7.260811,8.653166,39.21295,-21.06634,-36.93479
20130.,6.508795,9.15087,7.263913,8.656986,39.21575,-21.1074,-37.02095
20140.,6.514898,9.141775,7.266942,8.660713,39.21846,-21.14858,-37.10726
20150.,6.520901,9.132655,7.269899,8.664346,39.22107,-21.18987,-37.19373
20160.,6.526802,9.123509,7.272784,8.667887,39.22358,-21.23128,-37.28037
20170.,6.532602,9.114338,7.275596,8.671335,39.22599,-21.27279,-37.36717
20180.,6.538303,9.105142,7.278336,8.67469,39.22831,-21.31441,-37.45144
20190.,6.543903,9.095983,7.281002,8.677961,39.23058,-21.35593,-37.44527
20200.,6.549403,9.086859,7.283595,8.681158,39.23281,-21.39734,-37.43916
20210.,6.554805,9.077772,7.286116,8.684281,39.23501,-21.43866,-37.4331
20220.,6.560109,9.068719,7.288564,8.68733,39.23716,-21.47987,-37.42709
20230.,6.565316,9.0597,7.290941,8.690305,39.23926,-21.52099,-37.42114
20240.,6.570427,9.050714,7.293247,8.693208,39.24133,-21.56201,-37.41524
20250.,6.575442,9.041761,7.295482,8.696038,39.24336,-21.60294,-37.4094
20260.,6.580361,9.032841,7.297647,8.698796,39.24535,-21.64378,-37.40361
20270.,6.585187,9.023951,7.299742,8.701483,39.2473,-21.68453,-37.39787
20280.,6.589918,9.015093,7.301768,8.704098,39.24921,-21.72519,-37.39218
20290.,6.594557,9.006264,7.303725,8.706643,39.25108,-21.76576,-37.38655
20300.,6.599103,8.997465,7.305613,8.709118,39.25291,-21.80625,-37.38097
20310.,6.603557,8.988695,7.307433,8.711523,39.2547,-21.84666,-37.37544
20320.,6.60792,8.979954,7.309186,8.713859,39.25645,-21.88698,-37.36996
20330.,6.612193,8.97124,7.310871,8.716126,39.25817,-21.92722,-37.36453
20340.,6.616376,8.962553,7.31249,8.718324,39.25984,-21.96739,-37.35915
20350.,6.62047,8.953892,7.314041,8.720454,39.26148,-22.00748,-37.35382
20360.,6.624475,8.945258,7.315527,8.722516,39.26308,-22.04749,-37.34854
20370.,6.628392,8.936649,7.316948,8.724511,39.26465,-22.08743,-37.34331
20380.,6.632222,8.928064,7.318302,8.72644,39.26618,-22.1273,-37.33813
20390.,6.635965,8.919504,7.319592,8.728301,39.26767,-22.16709,-37.333
20400.,6.639622,8.910967,7.320818,8.730097,39.26912,-22.20682,-37.32792
20410.,6.643194,8.902453,7.321979,8.731827,39.27054,-22.24648,-37.32289
20420.,6.64668,8.893962,7.323077,8.733492,39.27192,-22.28607,-37.3179
20430.,6.650082,8.885493,7.324111,8.735091,39.27326,-22.3256,-37.31297
20440.,6.653401,8.877045,7.325082,8.736626,39.27457,-22.36506,-37.30808
20450.,6.656636,8.868618,7.325991,8.738097,39.27585,-22.40446,-37.30323
20460.,6.659788,8.860212,7.326837,8.739504,39.27709,-22.4438,-37.29844
20470.,6.662858,8.851825,7.327621,8.740848,39.27829,-22.48308,-37.29369
20480.,6.665847,8.843457,7.328344,8.742128,39.27946,-22.52231,-37.28899
20490.,6.668755,8.835109,7.329005,8.743346,39.28059,-22.56147,-37.28433
20500.,6.671582,8.826778,7.329606,8.744501,39.28169,-22.60058,-37.27972
20510.,6.674329,8.818465,7.330146,8.745594,39.28276,-22.63963,-37.27515
20520.,6.676997,8.81017,7.330626,8.746625,39.28379,-22.67863,-37.27063
20530.,6.679586,8.801891,7.331045,8.747595,39.28478,-22.71758,-37.26616
20540.,6.682096,8.793629,7.331406,8.748504,39.28575,-22.75648,-37.26173
20550.,6.684528,8.785383,7.331707,8.749353,39.28667,-22.79532,-37.25735
20560.,6.686883,8.777152,7.331949,8.750141,39.28757,-22.83412,-37.25301
20570.,6.689162,8.768935,7.332132,8.750868,39.28843,-22.87287,-37.24871
20580.,6.691364,8.760734,7.332257,8.751537,39.28926,-22.91158,-37.24446
20590.,6.69349,8.752546,7.332324,8.752145,39.29006,-22.95024,-37.24025
20600.,6.69554,8.744371,7.332334,8.752695,39.29082,-22.98885,-37.23608
20610.,6.697516,8.73621,7.332286,8.753186,39.29155,-23.02742,-37.23196
20620.,6.699417,8.728061,7.332181,8.753618,39.29225,-23.06595,-37.22788
20630.,6.701244,8.719925,7.332019,8.753992,39.29292,-23.10444,-37.22385
20640.,6.702998,8.7118,7.331801,8.754309,39.29355,-23.14289,-37.21985
20650.,6.704678,8.703687,7.331527,8.754567,39.29416,-23.1813,-37.2159
20660.,6.706286,8.695584,7.331197,8.754769,39.29473,-23.21967,-37.21199
20670.,6.707822,8.687492,7.330811,8.754914,39.29527,-23.258,-37.20813
20680.,6.709286,8.67941,7.33037,8.755002,39.29578,-23.2963,-37.2043
20690.,6.710679,8.671341,7.329873,8.755034,39.29624,-23.33445,-37.19018
20700.,6.712002,8.663288,7.329321,8.755013,39.29666,-23.37238,-37.16899
20710.,6.713254,8.655251,7.328713,8.75494,39.29702,-23.4101,-37.14784
20720.,6.714437,8.647228,7.32805,8.754816,39.29734,-23.44759,-37.12674
20730.,6.715552,8.639221,7.327333,8.754639,39.29761,-23.48488,-37.10567
20740.,6.716598,8.631228,7.326562,8.754412,39.29784,-23.52195,-37.08466
20750.,6.717577,8.62325,7.325737,8.754135,39.29801,-23.55882,-37.06368
20760.,6.718488,8.615285,7.32486,8.753807,39.29814,-23.59549,-37.04274
20770.,6.719334,8.607335,7.32393,8.753429,39.29823,-23.63195,-37.02185
20780.,6.720113,8.599398,7.322948,8.753003,39.29827,-23.66822,-37.001
20790.,6.720828,8.591474,7.321914,8.752527,39.29826,-23.70429,-36.98019
20800.,6.721022,8.583125,7.320368,8.751532,38.90517,-23.74051,-36.96119
20810.,6.720247,8.573912,7.317849,8.749557,38.51678,-23.77732,-36.92416
20820.,6.718522,8.563852,7.314376,8.746622,38.13301,-23.81472,-36.88784
20830.,6.715863,8.55296,7.309964,8.742745,37.75377,-23.85268,-36.85222
20840.,6.712286,8.541251,7.30463,8.737942,37.379,-23.89119,-36.81729
20850.,6.707807,8.52874,7.298391,8.73223,37.00861,-23.93024,-36.78304
20860.,6.702443,8.515441,7.291263,8.725625,36.64253,-23.96983,-36.74945
20870.,6.696209,8.50137,7.283261,8.718143,36.28069,-24.00992,-36.71651
20880.,6.689119,8.486539,7.274401,8.709801,35.92301,-24.05053,-36.68421
20890.,6.681189,8.470963,7.264697,8.700612,35.56943,-24.09162,-36.65254
20900.,6.672433,8.454655,7.254164,8.690593,35.21988,-24.13319,-36.62148
20910.,6.662866,8.437628,7.242817,8.679758,34.87429,-24.17523,-36.59102
20920.,6.652501,8.419895,7.230669,8.668121,34.53259,-24.21773,-36.56116
20930.,6.641352,8.401469,7.217735,8.655697,34.19473,-24.26067,-36.53187
20940.,6.629433,8.382362,7.204028,8.642499,33.86064,-24.30406,-36.50316
20950.,6.616757,8.362585,7.189561,8.628541,33.53025,-24.34786,-36.475
20960.,6.603335,8.342151,7.174348,8.613836,33.20351,-24.39209,-36.44739
20970.,6.589182,8.321072,7.1584,8.598397,32.88035,-24.43672,-36.42032
20980.,6.57431,8.299358,7.141731,8.582237,32.56073,-24.48175,-36.39378
20990.,6.55873,8.277021,7.124353,8.565368,32.24458,-24.52717,-36.36776
21000.,6.542455,8.254072,7.106277,8.547803,31.93184,-24.57296,-36.34224
21010.,6.525496,8.230521,7.087516,8.529554,31.62247,-24.61913,-36.31723
21020.,6.507865,8.20638,7.068081,8.510632,31.31641,-24.66566,-36.2927
21030.,6.489574,8.181657,7.047983,8.49105,31.01361,-24.71254,-36.26866
21040.,6.470632,8.156364,7.027235,8.470818,30.71401,-24.75977,-36.24509
21050.,6.451051,8.13051,7.005846,8.449948,30.41757,-24.80733,-36.22198
21060.,6.430842,8.104106,6.983827,8.42845,30.12424,-24.85522,-36.19932
21070.,6.410015,8.077159,6.961189,8.406336,29.83396,-24.90344,-36.17711
21080.,6.388581,8.049681,6.937942,8.383615,29.54669,-24.95197,-36.15534
21090.,6.366549,8.02168,6.914097,8.360299,29.26239,-25.00081,-36.134
21100.,6.343929,7.993164,6.889663,8.336397,28.98101,-25.04994,-36.11309
21110.,6.320731,7.964143,6.86465,8.31192,28.7025,-25.09937,-36.09258
21120.,6.296965,7.934626,6.839068,8.286876,28.42681,-25.14909,-36.07248
21130.,6.27264,7.904621,6.812926,8.261276,28.15392,-25.19909,-36.05278
21140.,6.247764,7.874136,6.786234,8.235129,27.88377,-25.24936,-36.03348
21150.,6.222348,7.843179,6.758999,8.208445,27.61632,-25.29989,-36.01455
21160.,6.1964,7.811759,6.731233,8.181231,27.35154,-25.35069,-35.99601
21170.,6.169929,7.779883,6.702942,8.153498,27.08937,-25.40175,-35.97783
21180.,6.142942,7.747559,6.674136,8.125254,26.82979,-25.45305,-35.96002
21190.,6.11545,7.714797,6.644823,8.096508,26.57275,-25.50456,-35.94224
21200.,6.087459,7.681613,6.615014,8.067268,26.3182,-25.55613,-35.92303
21210.,6.058978,7.648015,6.584717,8.037542,26.0661,-25.60773,-35.90416
21220.,6.030015,7.614011,6.553939,8.007341,25.81641,-25.65938,-35.88563
21230.,6.000579,7.579607,6.52269,7.97667,25.56911,-25.71106,-35.86744
21240.,5.970677,7.54481,6.490976,7.94554,25.32415,-25.76277,-35.84956
21250.,5.940317,7.509628,6.458806,7.913956,25.0815,-25.81452,-35.83201
21260.,5.909506,7.474067,6.426188,7.881928,24.84113,-25.86629,-35.81477
21270.,5.878253,7.438133,6.393128,7.849463,24.603,-25.91809,-35.79784
21280.,5.846564,7.401834,6.359635,7.816568,24.36709,-25.96991,-35.7812
21290.,5.814447,7.365176,6.325715,7.783251,24.13336,-26.02175,-35.76487
21300.,5.781908,7.328164,6.291376,7.749519,23.90178,-26.07361,-35.74882
21310.,5.748955,7.290806,6.256624,7.715378,23.67231,-26.12548,-35.73305
21320.,5.715595,7.253107,6.221467,7.680837,23.44493,-26.17736,-35.71757
21330.,5.681834,7.215073,6.185911,7.645902,23.21962,-26.22925,-35.70236
21340.,5.64768,7.176711,6.149963,7.61058,22.99633,-26.28115,-35.68741
21350.,5.613138,7.138025,6.11363,7.574876,22.77504,-26.33306,-35.67273
21360.,5.578215,7.099022,6.076918,7.538799,22.55573,-26.38497,-35.65831
21370.,5.542917,7.059707,6.039833,7.502354,22.33836,-26.43688,-35.64414
21380.,5.507251,7.020086,6.002381,7.465547,22.12291,-26.48878,-35.63021
21390.,5.471223,6.980163,5.96457,7.428386,21.90935,-26.54069,-35.61653
21400.,5.434838,6.939945,5.926404,7.390875,21.69766,-26.59259,-35.60309
21410.,5.398104,6.899437,5.887889,7.353021,21.4878,-26.64448,-35.58989
21420.,5.361024,6.858643,5.849032,7.31483,21.27976,-26.69636,-35.57691
21430.,5.323606,6.817569,5.809839,7.276307,21.07351,-26.74823,-35.56415
21440.,5.285855,6.77622,5.770314,7.237459,20.86903,-26.80009,-35.55162
21450.,5.247776,6.7346,5.730464,7.198291,20.66628,-26.85194,-35.5393
21460.,5.209375,6.692715,5.690293,7.158808,20.46525,-26.90377,-35.5272
21470.,5.170657,6.650568,5.649808,7.119016,20.26592,-26.95558,-35.5153
21480.,5.131628,6.608166,5.609013,7.07892,20.06825,-27.00737,-35.5036
21490.,5.092292,6.565511,5.567914,7.038525,19.87223,-27.05914,-35.49211
21500.,5.052655,6.522609,5.526516,6.997838,19.67784,-27.11089,-35.48081
21510.,5.012722,6.479464,5.484824,6.956862,19.48505,-27.16262,-35.4697
21520.,4.972498,6.436081,5.442842,6.915602,19.29384,-27.21432,-35.45878
21530.,4.931988,6.392463,5.400576,6.874064,19.1042,-27.266,-35.44804
21540.,4.891196,6.348616,5.358031,6.832253,18.91609,-27.31765,-35.43748
21550.,4.850128,6.304542,5.315211,6.790173,18.72951,-27.36927,-35.4271
21560.,4.808787,6.260246,5.272121,6.747829,18.54442,-27.42086,-35.41689
21570.,4.767179,6.215733,5.228765,6.705225,18.36082,-27.47242,-35.40686
21580.,4.725308,6.171005,5.185149,6.662367,18.17867,-27.52395,-35.39698
21590.,4.683549,6.126432,5.141658,6.619639,18.39144,-27.57503,-35.40465
21600.,4.642274,6.082381,5.098662,6.577425,18.60174,-27.62523,-35.39973
21610.,4.601478,6.038846,5.056156,6.535719,18.8096,-27.67456,-35.39444
21620.,4.561157,5.995825,5.014135,6.494519,19.01504,-27.72302,-35.38878
21630.,4.521306,5.95331,4.972596,6.453818,19.21808,-27.77062,-35.38277
21640.,4.481921,5.911299,4.931533,6.413611,19.41875,-27.81737,-35.37639
21650.,4.442998,5.869786,4.890941,6.373895,19.61708,-27.86329,-35.36967
21660.,4.404532,5.828766,4.850817,6.334665,19.81308,-27.90838,-35.36259
21670.,4.366519,5.788234,4.811157,6.295915,20.00678,-27.95265,-35.35517
21680.,4.328955,5.748187,4.771954,6.257641,20.1982,-27.99611,-35.34741
21690.,4.291836,5.70862,4.733206,6.219838,20.38736,-28.03878,-35.33931
21700.,4.255157,5.669531,4.694914,6.1825,20.5743,-28.08055,-35.35323
21710.,4.218915,5.63092,4.657077,6.145619,20.75903,-28.12137,-35.37558
21720.,4.183104,5.592781,4.619689,6.10919,20.94157,-28.16128,-35.3976
21730.,4.147723,5.55511,4.582748,6.07321,21.12195,-28.20027,-35.41932
21740.,4.112765,5.517903,4.546248,6.037673,21.30019,-28.23836,-35.44072
21750.,4.078229,5.481155,4.510186,6.002575,21.47632,-28.27556,-35.46181
21760.,4.044108,5.444863,4.474557,5.967912,21.65035,-28.31187,-35.4826
21770.,4.010401,5.409021,4.439358,5.93368,21.8223,-28.34732,-35.50309
21780.,3.977103,5.373626,4.404584,5.899876,21.99221,-28.3819,-35.52327
21790.,3.944209,5.338673,4.370231,5.866493,22.16009,-28.41563,-35.54316
21800.,3.911717,5.304158,4.336296,5.83353,22.32596,-28.44851,-35.56275
21810.,3.879623,5.270078,4.302774,5.80098,22.48984,-28.48057,-35.58206
21820.,3.847922,5.236427,4.269661,5.768841,22.65176,-28.5118,-35.60108
21830.,3.816612,5.203202,4.236954,5.737109,22.81174,-28.54222,-35.61981
21840.,3.785687,5.170399,4.204649,5.705779,22.9698,-28.57183,-35.63826
21850.,3.755146,5.138014,4.172741,5.674847,23.12595,-28.60065,-35.65642
21860.,3.724983,5.106043,4.141227,5.64431,23.28022,-28.62868,-35.67432
21870.,3.695196,5.074481,4.110103,5.614164,23.43263,-28.65594,-35.69194
21880.,3.66578,5.043326,4.079365,5.584404,23.58321,-28.68243,-35.70929
21890.,3.636733,5.012572,4.04901,5.555027,23.73196,-28.70816,-35.72637
21900.,3.60805,4.982216,4.019034,5.526029,23.87891,-28.73314,-35.74318
21910.,3.579728,4.952255,3.989432,5.497407,24.02408,-28.75738,-35.75973
21920.,3.551764,4.922684,3.960202,5.469156,24.1675,-28.78089,-35.77602
21930.,3.524154,4.893499,3.93134,5.441273,24.30917,-28.80367,-35.79206
21940.,3.496895,4.864698,3.902841,5.413753,24.44912,-28.82574,-35.80784
21950.,3.469983,4.836275,3.874704,5.386595,24.58737,-28.8471,-35.82336
21960.,3.443415,4.808228,3.846923,5.359793,24.72393,-28.86776,-35.83864
21970.,3.417188,4.780553,3.819495,5.333344,24.85883,-28.88773,-35.85367
21980.,3.391297,4.753245,3.792418,5.307245,24.99209,-28.90701,-35.86846
21990.,3.365741,4.726303,3.765687,5.281492,25.12372,-28.92562,-35.883
22000.,3.340515,4.699721,3.739299,5.256082,25.25374,-28.94357,-35.89731
22010.,3.315616,4.673496,3.713251,5.231011,25.38217,-28.96085,-35.91137
22020.,3.291042,4.647625,3.687538,5.206275,25.50902,-28.97748,-35.92521
22030.,3.266788,4.622105,3.662159,5.181872,25.63433,-28.99347,-35.93881
22040.,3.242852,4.596931,3.637109,5.157797,25.75809,-29.00882,-35.95218
22050.,3.219231,4.572101,3.612386,5.134048,25.88034,-29.02355,-35.96532
22060.,3.195921,4.547611,3.587985,5.110621,26.00109,-29.03765,-35.97824
22070.,3.172919,4.523457,3.563904,5.087512,26.12035,-29.05113,-35.99093
22080.,3.150223,4.499637,3.54014,5.06472,26.23814,-29.06401,-36.00341
22090.,3.127828,4.476147,3.516688,5.042239,26.35448,-29.07628,-36.01567
22100.,3.105733,4.452984,3.493547,5.020068,26.46939,-29.08797,-36.02771
22110.,3.083934,4.430144,3.470713,4.998202,26.58288,-29.09906,-36.03954
22120.,3.062429,4.407624,3.448183,4.976639,26.69498,-29.10958,-36.05116
22130.,3.041213,4.385421,3.425954,4.955376,26.80568,-29.11952,-36.06256
22140.,3.020285,4.363533,3.404023,4.93441,26.91502,-29.1289,-36.07377
22150.,2.999641,4.341955,3.382386,4.913736,27.02301,-29.13771,-36.08476
22160.,2.979279,4.320684,3.361041,4.893353,27.12966,-29.14598,-36.09556
22170.,2.959196,4.299718,3.339985,4.873258,27.23499,-29.15369,-36.10615
22180.,2.939389,4.279054,3.319215,4.853447,27.33902,-29.16087,-36.11655
22190.,2.919855,4.258688,3.298728,4.833917,27.44175,-29.16751,-36.12675
22200.,2.900591,4.238637,3.278532,4.814666,27.54323,-29.17356,-36.13555
22210.,2.881596,4.218944,3.258656,4.795691,27.64349,-29.17884,-36.14109
22220.,2.862867,4.199608,3.239097,4.776991,27.74257,-29.18336,-36.14645
22230.,2.844401,4.180626,3.219852,4.758564,27.84047,-29.18713,-36.15161
22240.,2.826197,4.161993,3.200918,4.740406,27.9372,-29.19016,-36.15658
22250.,2.808253,4.143708,3.182292,4.722516,28.03278,-29.19245,-36.16137
22260.,2.790566,4.125768,3.163973,4.704891,28.12723,-29.19402,-36.16597
22270.,2.773135,4.108168,3.145957,4.687529,28.22056,-29.19488,-36.17039
22280.,2.755958,4.090908,3.128242,4.670429,28.31278,-29.19502,-36.17463
22290.,2.739032,4.073982,3.110826,4.653587,28.40391,-29.19446,-36.17868
22300.,2.722355,4.05739,3.093706,4.637002,28.49395,-29.19321,-36.18256
22310.,2.705925,4.041128,3.076879,4.620672,28.58293,-29.19127,-36.18625
22320.,2.689742,4.025193,3.060344,4.604594,28.67086,-29.18865,-36.18978
22330.,2.673801,4.009583,3.044097,4.588767,28.75775,-29.18536,-36.19312
22340.,2.658103,3.994294,3.028136,4.573187,28.84361,-29.18141,-36.1963
22350.,2.642644,3.979324,3.012459,4.557855,28.92846,-29.1768,-36.1993
22360.,2.627423,3.964671,2.997064,4.542766,29.01231,-29.17154,-36.20213
22370.,2.612438,3.950332,2.981948,4.527919,29.09517,-29.16564,-36.2048
22380.,2.597687,3.936304,2.967109,4.513313,29.17705,-29.1591,-36.20729
22390.,2.583168,3.922584,2.952545,4.498945,29.25798,-29.15194,-36.20962
22400.,2.56888,3.909171,2.938253,4.484814,29.33795,-29.14415,-36.21179
22410.,2.554821,3.896061,2.924231,4.470917,29.41698,-29.13574,-36.21379
22420.,2.540988,3.883251,2.910478,4.457252,29.49508,-29.12673,-36.21563
22430.,2.527381,3.870741,2.89699,4.443818,29.57227,-29.11712,-36.21732
22440.,2.513997,3.858526,2.883766,4.430613,29.64856,-29.10691,-36.21884
22450.,2.500834,3.846605,2.870803,4.417635,29.72396,-29.09611,-36.2202
22460.,2.487892,3.834975,2.8581,4.404882,29.79847,-29.08473,-36.22141
22470.,2.475168,3.823634,2.845654,4.392352,29.87212,-29.07278,-36.22246
22480.,2.462661,3.812579,2.833463,4.380044,29.94491,-29.06025,-36.22336
22490.,2.450368,3.801809,2.821526,4.367955,30.01685,-29.04716,-36.22411
22500.,2.438289,3.79132,2.809839,4.356085,30.08796,-29.03352,-36.22471
22510.,2.426421,3.781111,2.798402,4.344431,30.15824,-29.01932,-36.22515
22520.,2.414764,3.771178,2.787212,4.332991,30.22771,-29.00458,-36.22545
22530.,2.403315,3.761521,2.776267,4.321764,30.29638,-28.98929,-36.2256
22540.,2.392074,3.752137,2.765566,4.310749,30.36426,-28.97348,-36.2256
22550.,2.381037,3.743023,2.755105,4.299943,30.43135,-28.95713,-36.22546
22560.,2.370205,3.734177,2.744885,4.289345,30.49767,-28.94027,-36.22517
22570.,2.359574,3.725598,2.734901,4.278954,30.56323,-28.92289,-36.22475
22580.,2.349145,3.717283,2.725154,4.268767,30.62804,-28.90499,-36.22418
22590.,2.338915,3.709229,2.71564,4.258783,30.6921,-28.88659,-36.22346
22600.,2.328883,3.701436,2.706358,4.249001,30.75544,-28.8677,-36.22261
22610.,2.319047,3.6939,2.697307,4.239419,30.81805,-28.8483,-36.22163
22620.,2.309407,3.686621,2.688483,4.230036,30.87995,-28.82842,-36.2205
22630.,2.29996,3.679595,2.679887,4.220849,30.94114,-28.80806,-36.21924
22640.,2.290705,3.672821,2.671515,4.211858,31.00165,-28.78721,-36.21784
22650.,2.281641,3.666296,2.663367,4.203061,31.06147,-28.76589,-36.21631
22660.,2.272766,3.66002,2.65544,4.194457,31.12061,-28.74411,-36.21465
22670.,2.26408,3.653989,2.647733,4.186044,31.17909,-28.72186,-36.21285
22680.,2.25558,3.648202,2.640244,4.177821,31.23691,-28.69915,-36.21092
22690.,2.247266,3.642658,2.632972,4.169786,31.29408,-28.67599,-36.20887
22700.,2.239135,3.637354,2.625914,4.161937,31.35061,-28.65238,-36.20668
22710.,2.231188,3.632542,2.619166,4.154285,31.40651,-28.62814,-36.09644
22720.,2.223424,3.628266,2.612744,4.14684,31.46178,-28.60323,-35.96645
22730.,2.215842,3.624521,2.606645,4.139603,31.51644,-28.57768,-35.83654
22740.,2.208441,3.621305,2.600869,4.132574,31.5705,-28.55147,-35.70669
22750.,2.201223,3.618612,2.595413,4.125752,31.62395,-28.52462,-35.57692
22760.,2.194186,3.61644,2.590275,4.119137,31.67682,-28.49714,-35.44722
22770.,2.18733,3.614785,2.585455,4.112727,31.72911,-28.46902,-35.31759
22780.,2.180655,3.613643,2.58095,4.106523,31.78083,-28.44028,-35.18803
22790.,2.174161,3.613009,2.576758,4.100523,31.83198,-28.41093,-35.05855
22800.,2.167846,3.612882,2.572878,4.094728,31.88259,-28.38096,-34.92913
22810.,2.161712,3.613257,2.569309,4.089135,31.93265,-28.35038,-34.7998
22820.,2.155757,3.614131,2.566049,4.083746,31.98217,-28.31921,-34.67053
22830.,2.149981,3.615499,2.563096,4.078559,32.03117,-28.28744,-34.54134
22840.,2.144384,3.61736,2.560448,4.073574,32.07965,-28.25508,-34.41222
22850.,2.138966,3.619709,2.558105,4.06879,32.12762,-28.22214,-34.28318
22860.,2.133726,3.622542,2.556064,4.064207,32.17508,-28.18863,-34.15421
22870.,2.128665,3.625858,2.554325,4.059824,32.22205,-28.15454,-34.02531
22880.,2.123781,3.629651,2.552884,4.055641,32.26854,-28.11988,-33.89649
22890.,2.119075,3.63392,2.551742,4.051656,32.31454,-28.08467,-33.76775
22900.,2.114546,3.63866,2.550897,4.047871,32.36007,-28.04889,-33.63908
22910.,2.110194,3.643869,2.550346,4.044283,32.40514,-28.01257,-33.51049
22920.,2.106019,3.649544,2.55009,4.040893,32.44975,-27.9757,-33.38197
22930.,2.102021,3.65568,2.550125,4.0377,32.49392,-27.9383,-33.25353
22940.,2.098199,3.662276,2.550452,4.034703,32.53764,-27.90035,-33.12516
22950.,2.094552,3.669327,2.551068,4.031903,32.58092,-27.86188,-32.99687
22960.,2.091082,3.676832,2.551972,4.029298,32.62378,-27.82289,-32.86866
22970.,2.087788,3.684786,2.553163,4.026888,32.66622,-27.78337,-32.74052
22980.,2.084668,3.693188,2.554639,4.024673,32.70825,-27.74334,-32.61246
22990.,2.081724,3.702033,2.556399,4.022652,32.74986,-27.7028,-32.48448
23000.,2.078955,3.71132,2.558443,4.020825,32.79108,-27.66175,-32.35657
23010.,2.07636,3.721044,2.560767,4.019191,32.83191,-27.6202,-32.22875
23020.,2.07394,3.731204,2.563372,4.017751,32.87235,-27.57816,-32.101
23030.,2.071694,3.741796,2.566256,4.016502,32.91241,-27.53563,-31.97332
23040.,2.069622,3.752818,2.569417,4.015446,32.95209,-27.49261,-31.84573
23050.,2.067724,3.764267,2.572855,4.014581,32.99141,-27.44911,-31.71821
23060.,2.065999,3.776139,2.576568,4.013908,33.03037,-27.40513,-31.59077
23070.,2.064448,3.788433,2.580555,4.013425,33.06897,-27.36068,-31.46341
23080.,2.063071,3.801146,2.584815,4.013133,33.10722,-27.31576,-31.33613
23090.,2.061866,3.814274,2.589346,4.013031,33.14513,-27.27038,-31.20892
23100.,2.060834,3.827816,2.594148,4.013118,33.18271,-27.22454,-31.0818
23110.,2.059975,3.841768,2.599219,4.013395,33.21995,-27.17824,-30.95475
23120.,2.059288,3.856128,2.604558,4.013861,33.25687,-27.13149,-30.82778
23130.,2.058774,3.870894,2.610164,4.014515,33.29347,-27.08429,-30.70089
23140.,2.058431,3.886063,2.616036,4.015357,33.32976,-27.03666,-30.57407
23150.,2.058261,3.901632,2.622172,4.016387,33.36574,-26.98858,-30.44734
23160.,2.058262,3.917598,2.628572,4.017604,33.40141,-26.94007,-30.32069
23170.,2.058435,3.933961,2.635235,4.019009,33.43679,-26.89113,-30.19411
23180.,2.05878,3.950716,2.642159,4.0206,33.47188,-26.84176,-30.06761
23190.,2.059296,3.967861,2.649343,4.022377,33.50668,-26.79197,-29.94119
23200.,2.059983,3.985395,2.656786,4.024341,33.5412,-26.74176,-29.81485
23210.,2.060841,4.003263,2.664467,4.026492,33.57542,-26.69117,-29.67222
23220.,2.061869,4.02139,2.672353,4.028834,33.60931,-26.64022,-29.50603
23230.,2.063067,4.039774,2.680444,4.031367,33.64288,-26.58893,-29.34006
23240.,2.064434,4.058413,2.688739,4.034092,33.67612,-26.5373,-29.17431
23250.,2.06597,4.077307,2.697237,4.037008,33.70904,-26.48533,-29.00877
23260.,2.067674,4.096453,2.705936,4.040113,33.74165,-26.43303,-28.84346
23270.,2.069545,4.11585,2.714836,4.043406,33.77396,-26.3804,-28.67836
23280.,2.071583,4.135496,2.723936,4.046888,33.80597,-26.32744,-28.51347
23290.,2.073787,4.155391,2.733235,4.050557,33.83768,-26.27416,-28.3488
23300.,2.076157,4.175532,2.742732,4.054412,33.8691,-26.22055,-28.18435
23310.,2.078692,4.195918,2.752426,4.058453,33.90024,-26.16663,-28.02012
23320.,2.081391,4.216548,2.762316,4.062678,33.93109,-26.11239,-27.85609
23330.,2.084254,4.237421,2.772402,4.067088,33.96167,-26.05784,-27.69229
23340.,2.087281,4.258534,2.782682,4.07168,33.99198,-26.00299,-27.52869
23350.,2.090471,4.279887,2.793156,4.076455,34.02202,-25.94783,-27.36532
23360.,2.093823,4.301478,2.803823,4.081412,34.0518,-25.89237,-27.20215
23370.,2.097337,4.323306,2.814681,4.08655,34.08133,-25.8366,-27.0392
23380.,2.101012,4.345369,2.82573,4.091868,34.1106,-25.78055,-26.87646
23390.,2.104849,4.367666,2.83697,4.097365,34.13962,-25.7242,-26.71393
23400.,2.108845,4.390197,2.848399,4.103041,34.16839,-25.66756,-26.55162
23410.,2.113001,4.412959,2.860017,4.108896,34.19693,-25.61063,-26.38951
23420.,2.117317,4.435951,2.871823,4.114928,34.22523,-25.55342,-26.22762
23430.,2.121792,4.459172,2.883815,4.121136,34.2533,-25.49593,-26.06594
23440.,2.126425,4.48262,2.895994,4.127521,34.28115,-25.43816,-25.90447
23450.,2.131216,4.506295,2.908359,4.134081,34.30877,-25.38012,-25.7432
23460.,2.136164,4.530196,2.920908,4.140815,34.33617,-25.3218,-25.58215
23470.,2.14127,4.55432,2.933641,4.147724,34.36336,-25.26321,-25.4213
23480.,2.146532,4.578667,2.946557,4.154806,34.39034,-25.20436,-25.26067
23490.,2.15195,4.603235,2.959655,4.162061,34.41711,-25.14524,-25.10024
23500.,2.157523,4.628024,2.972936,4.169488,34.44367,-25.08586,-24.94002
23510.,2.163252,4.653033,2.986397,4.177087,34.47004,-25.02622,-24.78
23520.,2.169136,4.678259,3.000039,4.184856,34.49621,-24.96632,-24.6202
23530.,2.175174,4.703702,3.01386,4.192796,34.52219,-24.90617,-24.4606
23540.,2.181367,4.72936,3.02786,4.200906,34.54798,-24.84577,-24.3012
23550.,2.187712,4.755233,3.042038,4.209184,34.57359,-24.78512,-24.14201
23560.,2.194211,4.78132,3.056393,4.217632,34.59902,-24.72422,-23.98302
23570.,2.200863,4.807619,3.070926,4.226247,34.62427,-24.66308,-23.82424
23580.,2.207667,4.834129,3.085634,4.235029,34.64934,-24.6017,-23.66566
23590.,2.214623,4.86085,3.100518,4.243979,34.67425,-24.54008,-23.50729
23600.,2.22173,4.887779,3.115577,4.253094,34.69898,-24.47822,-23.34912
23610.,2.228989,4.914916,3.13081,4.262376,34.72356,-24.41613,-23.19115
23620.,2.236398,4.942261,3.146217,4.271822,34.74797,-24.35381,-23.03338
23630.,2.243958,4.969811,3.161796,4.281433,34.77223,-24.29125,-22.87581
23640.,2.251668,4.997566,3.177547,4.291208,34.79633,-24.22847,-22.71844
23650.,2.259527,5.025524,3.193471,4.301147,34.82028,-24.16547,-22.56128
23660.,2.267536,5.053686,3.209565,4.311249,34.84408,-24.10224,-22.40431
23670.,2.275694,5.082049,3.225829,4.321513,34.86774,-24.03879,-22.24755
23680.,2.284001,5.110613,3.242264,4.33194,34.89126,-23.97513,-22.09098
23690.,2.292455,5.139377,3.258867,4.342528,34.91464,-23.91125,-21.93461
23700.,2.301058,5.168339,3.275639,4.353277,34.93788,-23.84715,-21.77844
23710.,2.309808,5.197499,3.292579,4.364186,34.96099,-23.78284,-21.62247
23720.,2.318706,5.226693,3.309558,4.375258,34.98399,-23.71878,-21.44482
23730.,2.327748,5.255914,3.326571,4.386492,35.00689,-23.65496,-21.26681
23740.,2.336935,5.285164,3.343618,4.397888,35.02969,-23.59139,-21.08908
23750.,2.346265,5.314442,3.360699,4.409445,35.05238,-23.52806,-20.91164
23760.,2.355737,5.343747,3.377814,4.42116,35.07498,-23.46497,-20.73448
23770.,2.36535,5.37308,3.394962,4.433032,35.09748,-23.40212,-20.5576
23780.,2.375101,5.402439,3.412144,4.445061,35.11988,-23.33951,-20.381
23790.,2.384991,5.431826,3.429359,4.457243,35.14218,-23.27713,-20.20469
23800.,2.395017,5.46124,3.446606,4.469579,35.16439,-23.21499,-20.02865
23810.,2.40518,5.49068,3.463887,4.482067,35.18651,-23.15307,-19.85289
23820.,2.415476,5.520147,3.4812,4.494705,35.20854,-23.09138,-19.67742
23830.,2.425906,5.54964,3.498546,4.507492,35.23048,-23.02991,-19.50222
23840.,2.436468,5.579158,3.515923,4.520427,35.25233,-22.96866,-19.3273
23850.,2.447161,5.608703,3.533333,4.533508,35.27409,-22.90763,-19.15266
23860.,2.457984,5.638274,3.550775,4.546734,35.29577,-22.84682,-18.9783
23870.,2.468935,5.66787,3.568248,4.560104,35.31736,-22.78622,-18.80421
23880.,2.480014,5.697491,3.585752,4.573617,35.33887,-22.72584,-18.6304
23890.,2.49122,5.727137,3.603288,4.58727,35.3603,-22.66566,-18.45687
23900.,2.502551,5.756808,3.620855,4.601064,35.38164,-22.60569,-18.28361
23910.,2.514006,5.786505,3.638454,4.614997,35.40291,-22.54593,-18.11062
23920.,2.525584,5.816225,3.656082,4.629067,35.4241,-22.48636,-17.93791
23930.,2.537285,5.845971,3.673742,4.643273,35.44522,-22.427,-17.76547
23940.,2.549106,5.87574,3.691432,4.657614,35.46625,-22.36784,-17.59331
23950.,2.561048,5.905534,3.709152,4.67209,35.48722,-22.30887,-17.42142
23960.,2.573109,5.935351,3.726903,4.686698,35.50811,-22.2501,-17.2498
23970.,2.585288,5.965193,3.744683,4.701437,35.52893,-22.19151,-17.07845
23980.,2.597584,5.995058,3.762493,4.716307,35.54967,-22.13312,-16.90737
23990.,2.609996,6.024947,3.780333,4.731307,35.57035,-22.07492,-16.73656
24000.,2.622523,6.054859,3.798203,4.746434,35.59096,-22.0169,-16.56603
24010.,2.635164,6.084794,3.816102,4.761689,35.6115,-21.95906,-16.39576
24020.,2.647919,6.114752,3.83403,4.777069,35.63197,-21.9014,-16.22576
24030.,2.660785,6.144733,3.851988,4.792574,35.65238,-21.84393,-16.05602
24040.,2.673763,6.174737,3.869974,4.808203,35.67273,-21.78663,-15.88656
24050.,2.686851,6.204764,3.887989,4.823955,35.69301,-21.72951,-15.71736
24060.,2.700048,6.234813,3.906033,4.839828,35.71323,-21.67256,-15.54843
24070.,2.713354,6.264884,3.924105,4.855822,35.73338,-21.61578,-15.37976
24080.,2.726767,6.294978,3.942206,4.871935,35.75348,-21.55917,-15.21136
24090.,2.740287,6.325094,3.960336,4.888167,35.77352,-21.50273,-15.04322
24100.,2.753913,6.355231,3.978493,4.904516,35.7935,-21.44646,-14.87534
24110.,2.767643,6.385391,3.996678,4.920981,35.81342,-21.39035,-14.70773
24120.,2.781478,6.415572,4.014892,4.937562,35.83328,-21.3344,-14.54038
24130.,2.795415,6.445775,4.033133,4.954258,35.85309,-21.27861,-14.37329
24140.,2.809455,6.475999,4.051402,4.971067,35.87285,-21.22298,-14.20647
24150.,2.823597,6.506244,4.069698,4.987988,35.89255,-21.16751,-14.0399
24160.,2.837839,6.536511,4.088022,5.005021,35.9122,-21.11219,-13.8736
24170.,2.85218,6.566799,4.106373,5.022165,35.93179,-21.05703,-13.70755
24180.,2.866621,6.597108,4.124752,5.039418,35.95134,-21.00201,-13.54176
24190.,2.88116,6.627437,4.143158,5.05678,35.97084,-20.94715,-13.37623
24200.,2.895796,6.657788,4.16159,5.07425,35.99028,-20.89243,-13.21096
24210.,2.910529,6.688159,4.18005,5.091826,36.00968,-20.83787,-13.04594
24220.,2.925357,6.718452,4.198502,5.109503,36.02905,-20.78379,-12.93016
24230.,2.940279,6.748582,4.216919,5.127266,36.04841,-20.7305,-12.85707
24240.,2.955292,6.77855,4.235299,5.145108,36.06775,-20.67799,-12.784
24250.,2.970395,6.808357,4.253641,5.163029,36.08708,-20.62624,-12.71094
24260.,2.985587,6.838002,4.271946,5.181025,36.1064,-20.57526,-12.63791
24270.,3.000864,6.867487,4.290212,5.199096,36.1257,-20.52503,-12.5649
24280.,3.016225,6.896813,4.308438,5.21724,36.14499,-20.47555,-12.4919
24290.,3.031669,6.925979,4.326625,5.235454,36.16426,-20.42679,-12.41893
24300.,3.047194,6.954986,4.344771,5.253738,36.18352,-20.37877,-12.34599
24310.,3.062798,6.983836,4.362877,5.272089,36.20275,-20.33147,-12.27307
24320.,3.078478,7.012529,4.38094,5.290506,36.22197,-20.28487,-12.20017
24330.,3.094234,7.041065,4.398962,5.308987,36.24117,-20.23898,-12.1273
24340.,3.110064,7.069444,4.416941,5.327531,36.26034,-20.19378,-12.05445
24350.,3.125966,7.097668,4.434877,5.346136,36.2795,-20.14927,-11.98164
24360.,3.141938,7.125738,4.452769,5.364801,36.29864,-20.10544,-11.90885
24370.,3.157978,7.153653,4.470617,5.383523,36.31775,-20.06228,-11.83609
24380.,3.174086,7.181414,4.48842,5.402302,36.33684,-20.01978,-11.76335
24390.,3.190259,7.209022,4.506177,5.421135,36.35591,-19.97794,-11.69065
24400.,3.206495,7.236478,4.523889,5.440022,36.37495,-19.93675,-11.61798
24410.,3.222794,7.263781,4.541554,5.45896,36.39397,-19.8962,-11.54535
24420.,3.239153,7.290933,4.559173,5.477949,36.41296,-19.85629,-11.47274
24430.,3.255572,7.317934,4.576744,5.496987,36.43193,-19.817,-11.40017
24440.,3.272047,7.344785,4.594267,5.516072,36.45087,-19.77833,-11.32763
24450.,3.288579,7.371487,4.611742,5.535203,36.46979,-19.74028,-11.25512
24460.,3.305165,7.398039,4.629169,5.554378,36.48867,-19.70283,-11.18266
24470.,3.321804,7.424442,4.646546,5.573596,36.50753,-19.66598,-11.11022
24480.,3.338494,7.450698,4.663873,5.592856,36.52636,-19.62973,-11.03783
24490.,3.355235,7.476806,4.68115,5.612157,36.54516,-19.59406,-10.96547
24500.,3.372023,7.502767,4.698377,5.631496,36.56394,-19.55897,-10.89314
24510.,3.388859,7.528581,4.715552,5.650873,36.58268,-19.52445,-10.82086
24520.,3.405741,7.55425,4.732676,5.670286,36.60139,-19.4905,-10.74862
24530.,3.422667,7.579774,4.749749,5.689735,36.62006,-19.45711,-10.67641
24540.,3.439635,7.605152,4.766768,5.709216,36.63871,-19.42427,-10.60425
24550.,3.456646,7.630387,4.783736,5.728731,36.65733,-19.39198,-10.53212
24560.,3.473696,7.655478,4.80065,5.748276,36.67591,-19.36023,-10.46004
24570.,3.490785,7.680425,4.81751,5.767851,36.69446,-19.32901,-10.388
24580.,3.507912,7.70523,4.834317,5.787455,36.71297,-19.29833,-10.316
24590.,3.525075,7.729893,4.851069,5.807086,36.73145,-19.26817,-10.24405
24600.,3.542273,7.754414,4.867766,5.826743,36.7499,-19.23852,-10.17213
24610.,3.559504,7.778794,4.884409,5.846425,36.76831,-19.20939,-10.10027
24620.,3.576768,7.803033,4.900995,5.86613,36.78668,-19.18076,-10.02844
24630.,3.594062,7.827133,4.917527,5.885859,36.80502,-19.15264,-9.956665
24640.,3.611387,7.851093,4.934001,5.905608,36.82332,-19.125,-9.884933
24650.,3.62874,7.874913,4.95042,5.925378,36.84159,-19.09786,-9.813247
24660.,3.646121,7.898596,4.966781,5.945167,36.85982,-19.0712,-9.741607
24670.,3.663527,7.92214,4.983085,5.964974,36.87801,-19.04502,-9.670015
24680.,3.680959,7.945546,4.999332,5.984798,36.89616,-19.01931,-9.59847
24690.,3.698415,7.968816,5.015521,6.004637,36.91428,-18.99406,-9.526973
24700.,3.715893,7.991949,5.031651,6.024492,36.93235,-18.96928,-9.455525
24710.,3.733393,8.014946,5.047723,6.044359,36.95039,-18.94496,-9.384125
24720.,3.750913,8.03779,5.063738,6.064237,36.96839,-18.92114,-9.336555
24730.,3.768452,8.06032,5.079707,6.084091,36.98638,-18.89823,-9.508279
24740.,3.786008,8.082537,5.09563,6.103892,37.00434,-18.87622,-9.680364
24750.,3.803579,8.104444,5.111505,6.123639,37.02229,-18.85512,-9.852812
24760.,3.821162,8.126042,5.127331,6.143331,37.04022,-18.8349,-10.02563
24770.,3.838757,8.147331,5.143106,6.162967,37.05812,-18.81555,-10.19881
24780.,3.856361,8.168313,5.15883,6.182544,37.07601,-18.79707,-10.37236
24790.,3.873972,8.188991,5.1745,6.202063,37.09386,-18.77945,-10.54628
24800.,3.891588,8.209364,5.190117,6.221521,37.11169,-18.76267,-10.72059
24810.,3.909208,8.229435,5.205677,6.240918,37.1295,-18.74674,-10.89526
24820.,3.926829,8.249205,5.221181,6.260252,37.14727,-18.73163,-11.07032
24830.,3.94445,8.268675,5.236627,6.279522,37.16502,-18.71733,-11.24576
24840.,3.962069,8.287847,5.252013,6.298727,37.18273,-18.70385,-11.42159
24850.,3.979684,8.306722,5.267339,6.317866,37.20041,-18.69117,-11.5978
24860.,3.997294,8.325301,5.282604,6.336938,37.21805,-18.67928,-11.77441
24870.,4.014896,8.343585,5.297805,6.355941,37.23566,-18.66817,-11.9514
24880.,4.032489,8.361577,5.312943,6.374875,37.25323,-18.65784,-12.12879
24890.,4.050072,8.379277,5.328015,6.393738,37.27076,-18.64828,-12.30658
24900.,4.067642,8.396686,5.343021,6.41253,37.28826,-18.63947,-12.48477
24910.,4.085199,8.413806,5.35796,6.431248,37.30571,-18.63141,-12.66337
24920.,4.102739,8.430638,5.372831,6.449893,37.32312,-18.62409,-12.84236
24930.,4.120263,8.447184,5.387632,6.468464,37.34049,-18.6175,-13.02177
24940.,4.137768,8.463444,5.402362,6.486958,37.35781,-18.61164,-13.20158
24950.,4.155252,8.47942,5.417021,6.505375,37.37509,-18.60649,-13.38181
24960.,4.172714,8.495113,5.431608,6.523715,37.39232,-18.60206,-13.56246
24970.,4.190153,8.510525,5.44612,6.541976,37.4095,-18.59832,-13.74352
24980.,4.207567,8.525656,5.460558,6.560157,37.42664,-18.59528,-13.925
24990.,4.224954,8.540508,5.474921,6.578258,37.44372,-18.59292,-14.10691
25000.,4.242313,8.555082,5.489207,6.596277,37.46076,-18.59124,-14.28924
25010.,4.259643,8.569379,5.503415,6.614213,37.47774,-18.59024,-14.47201
25020.,4.276942,8.5834,5.517545,6.632066,37.49467,-18.5899,-14.6552
25030.,4.294209,8.597147,5.531595,6.649834,37.51155,-18.59021,-14.83883
25040.,4.311442,8.610621,5.545565,6.667517,37.52837,-18.59117,-15.0229
25050.,4.328639,8.623823,5.559453,6.685114,37.54513,-18.59278,-15.2074
25060.,4.345801,8.636754,5.57326,6.702624,37.56184,-18.59502,-15.39235
25070.,4.362924,8.649415,5.586983,6.720046,37.5785,-18.5979,-15.57774
25080.,4.380008,8.661808,5.600622,6.73738,37.59509,-18.60139,-15.76359
25090.,4.397052,8.673933,5.614177,6.754624,37.61162,-18.6055,-15.94988
25100.,4.414054,8.685791,5.627646,6.771777,37.6281,-18.61022,-16.13663
25110.,4.431013,8.697385,5.641028,6.78884,37.64451,-18.61554,-16.32383
25120.,4.447927,8.708714,5.654324,6.80581,37.66086,-18.62146,-16.51149
25130.,4.464796,8.71978,5.667531,6.822688,37.67715,-18.62797,-16.69962
25140.,4.481617,8.730585,5.680649,6.839473,37.69337,-18.63506,-16.88821
25150.,4.498391,8.741128,5.693677,6.856163,37.70954,-18.64273,-17.07727
25160.,4.515115,8.751412,5.706615,6.872758,37.72563,-18.65097,-17.2668
25170.,4.531789,8.761437,5.719462,6.889258,37.74166,-18.65978,-17.45681
25180.,4.548411,8.771205,5.732216,6.905661,37.75762,-18.66915,-17.64729
25190.,4.564981,8.780715,5.744878,6.921967,37.77352,-18.67907,-17.83825
25200.,4.581496,8.789971,5.757447,6.938175,37.78935,-18.68955,-18.0297
25210.,4.597956,8.798972,5.769921,6.954285,37.80511,-18.70056,-18.22163
25220.,4.614359,8.807719,5.7823,6.970295,37.8208,-18.71211,-18.41406
25230.,4.630706,8.816138,5.794596,6.986199,37.83637,-18.72422,-18.66176
25240.,4.646993,8.824189,5.806813,7.001987,37.85181,-18.73689,-18.93843
25250.,4.66322,8.831875,5.81895,7.017653,37.86712,-18.75012,-19.21608
25260.,4.679385,8.839198,5.831006,7.033198,37.88228,-18.76391,-19.49471
25270.,4.695486,8.84616,5.84298,7.048621,37.89731,-18.77824,-19.77433
25280.,4.711523,8.852762,5.85487,7.06392,37.9122,-18.79312,-20.05495
25290.,4.727494,8.859006,5.866676,7.079095,37.92696,-18.80853,-20.33657
25300.,4.743398,8.864894,5.878395,7.094145,37.94158,-18.82448,-20.61922
25310.,4.759232,8.870427,5.890028,7.109069,37.95606,-18.84095,-20.90288
25320.,4.774997,8.875608,5.901573,7.123867,37.9704,-18.85795,-21.18758
25330.,4.79069,8.880438,5.913028,7.138537,37.98461,-18.87546,-21.47333
25340.,4.80631,8.88492,5.924392,7.15308,37.99868,-18.89349,-21.76012
25350.,4.821856,8.889053,5.935665,7.167494,38.01261,-18.91203,-22.04798
25360.,4.837327,8.892841,5.946846,7.181778,38.02641,-18.93107,-22.3369
25370.,4.852721,8.896285,5.957932,7.195933,38.04006,-18.9506,-22.6269
25380.,4.868037,8.899386,5.968924,7.209956,38.05358,-18.97064,-22.91799
25390.,4.883275,8.902147,5.97982,7.223848,38.06697,-18.99116,-23.21018
25400.,4.898431,8.904568,5.99062,7.237608,38.08021,-19.01216,-23.50348
25410.,4.913507,8.906652,6.001321,7.251235,38.09332,-19.03365,-23.79789
25420.,4.9285,8.9084,6.011924,7.264729,38.10629,-19.05562,-24.09343
25430.,4.943409,8.909813,6.022426,7.278088,38.11912,-19.07805,-24.39011
25440.,4.958233,8.910894,6.032828,7.291313,38.13181,-19.10096,-24.68793
25450.,4.972971,8.911644,6.043128,7.304402,38.14437,-19.12433,-24.98691
25460.,4.987622,8.912064,6.053326,7.317355,38.15679,-19.14815,-25.28706
25470.,5.002185,8.912155,6.06342,7.330172,38.16907,-19.17244,-25.58839
25480.,5.016658,8.911921,6.073409,7.342851,38.18121,-19.19717,-25.89091
25490.,5.031041,8.911361,6.083293,7.355393,38.19321,-19.22236,-26.19463
25500.,5.045332,8.910478,6.09307,7.367796,38.20508,-19.24798,-26.49955
25510.,5.059531,8.909272,6.102741,7.38006,38.21681,-19.27405,-26.8057
25520.,5.073636,8.907746,6.112303,7.392185,38.2284,-19.30055,-27.11309
25530.,5.087647,8.905901,6.121756,7.40417,38.23985,-19.32749,-27.42172
25540.,5.101562,8.903738,6.1311,7.416015,38.25117,-19.35486,-27.7316
25550.,5.115381,8.901259,6.140333,7.427718,38.26235,-19.38265,-28.04275
25560.,5.129102,8.898465,6.149454,7.43928,38.27339,-19.41086,-28.35518
25570.,5.142725,8.895357,6.158464,7.4507,38.28429,-19.43949,-28.66891
25580.,5.156249,8.891938,6.16736,7.461977,38.29506,-19.46853,-28.98394
25590.,5.169672,8.888208,6.176143,7.473111,38.30568,-19.49799,-29.30028
25600.,5.182994,8.884168,6.184811,7.484102,38.31618,-19.52786,-29.61796
25610.,5.196214,8.879821,6.193364,7.494949,38.32653,-19.55812,-29.93697
25620.,5.20933,8.875168,6.201801,7.505651,38.33674,-19.58879,-30.25734
25630.,5.222343,8.870209,6.210121,7.516208,38.34682,-19.61986,-30.57908
25640.,5.235252,8.864946,6.218323,7.52662,38.35676,-19.65133,-30.9022
25650.,5.248054,8.859381,6.226408,7.536887,38.36657,-19.68318,-31.22672
25660.,5.260751,8.853514,6.234374,7.547007,38.37623,-19.71542,-31.55264
25670.,5.27334,8.847348,6.24222,7.556981,38.38576,-19.74805,-31.87999
25680.,5.285821,8.840883,6.249946,7.566807,38.39515,-19.78107,-32.20877
25690.,5.298193,8.83412,6.257551,7.576486,38.40441,-19.81446,-32.53901
25700.,5.310455,8.827062,6.265034,7.586018,38.41353,-19.84822,-32.87071
25710.,5.322607,8.819708,6.272396,7.595401,38.42251,-19.88237,-33.20389
25720.,5.334648,8.812062,6.279634,7.604635,38.43135,-19.91688,-33.53857
25730.,5.346577,8.80419,6.286762,7.613727,38.44006,-19.95171,-33.81696
25740.,5.358394,8.796328,6.293824,7.622699,38.44863,-19.98668,-33.89625
25750.,5.370099,8.788474,6.300819,7.631573,38.45707,-20.02179,-33.97568
25760.,5.381693,8.780628,6.307747,7.640347,38.46537,-20.05704,-34.05526
25770.,5.393175,8.772789,6.314608,7.649023,38.47354,-20.09243,-34.13499
25780.,5.404546,8.764955,6.321401,7.657599,38.48158,-20.12795,-34.21486
25790.,5.415806,8.757125,6.328127,7.666077,38.48948,-20.16362,-34.29489
25800.,5.426956,8.7493,6.334785,7.674456,38.49726,-20.19942,-34.37506
25810.,5.437995,8.741477,6.341376,7.682736,38.50491,-20.23535,-34.45538
25820.,5.448924,8.733656,6.347898,7.690918,38.51243,-20.27143,-34.53585
25830.,5.459743,8.725836,6.354352,7.699002,38.51982,-20.30763,-34.61648
25840.,5.470452,8.718016,6.360737,7.706987,38.52708,-20.34397,-34.69725
25850.,5.481052,8.710196,6.367054,7.714874,38.53422,-20.38044,-34.77817
25860.,5.491542,8.702373,6.373302,7.722663,38.54124,-20.41705,-34.85924
25870.,5.501923,8.694548,6.37948,7.730354,38.54813,-20.45378,-34.94047
25880.,5.512196,8.68672,6.38559,7.737947,38.5549,-20.49065,-35.02184
25890.,5.522359,8.678887,6.39163,7.745443,38.56155,-20.52765,-35.10337
25900.,5.532415,8.671049,6.397601,7.752841,38.56807,-20.56478,-35.18505
25910.,5.542362,8.663205,6.403502,7.760141,38.57448,-20.60203,-35.26688
25920.,5.552201,8.655354,6.409333,7.767344,38.58076,-20.63942,-35.34887
25930.,5.561932,8.647496,6.415094,7.77445,38.58693,-20.67693,-35.43101
25940.,5.571556,8.639629,6.420785,7.781459,38.59298,-20.71457,-35.5133
25950.,5.581073,8.631753,6.426406,7.78837,38.59891,-20.75234,-35.59575
25960.,5.590482,8.623868,6.431956,7.795185,38.60473,-20.79024,-35.67835
25970.,5.599785,8.615971,6.437436,7.801903,38.61043,-20.82826,-35.7611
25980.,5.608981,8.608064,6.442844,7.808524,38.61602,-20.8664,-35.84401
25990.,5.618071,8.600144,6.448182,7.815049,38.62149,-20.90467,-35.92708
26000.,5.627054,8.592211,6.45345,7.821477,38.62686,-20.94307,-36.0103
26010.,5.635931,8.584264,6.458645,7.827809,38.6321,-20.98159,-36.09368
26020.,5.644703,8.576303,6.46377,7.834045,38.63724,-21.02023,-36.17721
26030.,5.653369,8.568327,6.468823,7.840185,38.64227,-21.05899,-36.2609
26040.,5.66193,8.560335,6.473805,7.846229,38.64718,-21.09788,-36.34475
26050.,5.670385,8.552327,6.478715,7.852177,38.65199,-21.13688,-36.42876
26060.,5.678736,8.544302,6.483554,7.858029,38.65669,-21.17601,-36.51292
26070.,5.686982,8.536259,6.48832,7.863786,38.66128,-21.21526,-36.59724
26080.,5.695124,8.528197,6.493015,7.869447,38.66576,-21.25463,-36.68172
26090.,5.703161,8.520116,6.497638,7.875013,38.67014,-21.29412,-36.76636
26100.,5.711095,8.512015,6.502188,7.880484,38.67441,-21.33373,-36.85116
26110.,5.718924,8.503894,6.506666,7.88586,38.67857,-21.37346,-36.93612
26120.,5.72665,8.495752,6.511072,7.891141,38.68264,-21.4133,-37.02124
26130.,5.734273,8.487589,6.515406,7.896327,38.68659,-21.45327,-37.10652
26140.,5.741792,8.479403,6.519667,7.901418,38.69045,-21.49335,-37.19196
26150.,5.749209,8.471194,6.523855,7.906415,38.6942,-21.53355,-37.27756
26160.,5.756523,8.462961,6.527971,7.911317,38.69785,-21.57386,-37.36332
26170.,5.763734,8.454705,6.532013,7.916125,38.7014,-21.61429,-37.44925
26180.,5.770843,8.446423,6.535983,7.920839,38.70484,-21.65484,-37.53534
26190.,5.77785,8.438117,6.53988,7.925459,38.70819,-21.6955,-37.62159
26200.,5.784755,8.429784,6.543704,7.929985,38.71144,-21.73628,-37.708
26210.,5.791558,8.421426,6.547455,7.934417,38.71459,-21.77717,-37.79458
26220.,5.79826,8.41304,6.551133,7.938756,38.71764,-21.81817,-37.88132
26230.,5.80486,8.404627,6.554737,7.943001,38.72059,-21.85929,-37.96823
26240.,5.81136,8.396236,6.558268,7.947159,38.72349,-21.90035,-37.98132
26250.,5.81776,8.387881,6.561724,7.95124,38.72634,-21.94131,-37.97454
26260.,5.82406,8.379559,6.565108,7.955246,38.72916,-21.98218,-37.96781
26270.,5.830261,8.371272,6.568418,7.959178,38.73193,-22.02294,-37.96113
26280.,5.836364,8.363018,6.571656,7.963035,38.73466,-22.06361,-37.95451
26290.,5.84237,8.354797,6.574822,7.966818,38.73735,-22.10419,-37.94795
26300.,5.84828,8.346607,6.577917,7.970528,38.73999,-22.14467,-37.94143
26310.,5.854093,8.338449,6.58094,7.974165,38.7426,-22.18506,-37.93498
26320.,5.859811,8.330321,6.583893,7.977729,38.74516,-22.22536,-37.92857
26330.,5.865434,8.322223,6.586776,7.981222,38.74769,-22.26558,-37.92222
26340.,5.870964,8.314154,6.589589,7.984643,38.75017,-22.30571,-37.91592
26350.,5.8764,8.306114,6.592333,7.987992,38.75262,-22.34576,-37.90967
26360.,5.881743,8.298102,6.595007,7.991272,38.75502,-22.38573,-37.90348
26370.,5.886995,8.290118,6.597613,7.99448,38.75739,-22.42561,-37.89734
26380.,5.892155,8.28216,6.600151,7.997619,38.75972,-22.46542,-37.89125
26390.,5.897224,8.274229,6.602621,8.000689,38.762,-22.50515,-37.88521
26400.,5.902203,8.266323,6.605024,8.003689,38.76425,-22.5448,-37.87922
26410.,5.907093,8.258443,6.60736,8.006621,38.76647,-22.58438,-37.87328
26420.,5.911893,8.250587,6.609629,8.009485,38.76864,-22.62388,-37.86739
26430.,5.916606,8.242755,6.611833,8.012281,38.77077,-22.66332,-37.86155
26440.,5.92123,8.234946,6.61397,8.015009,38.77287,-22.70268,-37.85577
26450.,5.925768,8.22716,6.616042,8.01767,38.77493,-22.74198,-37.85003
26460.,5.930219,8.219397,6.618049,8.020265,38.77695,-22.78121,-37.84434
26470.,5.934584,8.211655,6.619991,8.022793,38.77894,-22.82037,-37.8387
26480.,5.938864,8.203934,6.621869,8.025255,38.78089,-22.85947,-37.83311
26490.,5.943059,8.196234,6.623684,8.027652,38.7828,-22.89851,-37.82756
26500.,5.947169,8.188554,6.625434,8.029983,38.78468,-22.93749,-37.82207
26510.,5.951196,8.180893,6.627122,8.03225,38.78652,-22.9764,-37.81662
26520.,5.95514,8.173252,6.628746,8.034452,38.78832,-23.01526,-37.81122
26530.,5.959001,8.165629,6.630308,8.03659,38.79009,-23.05405,-37.80586
26540.,5.96278,8.158024,6.631808,8.038664,38.79182,-23.0928,-37.80056
26550.,5.966478,8.150437,6.633246,8.040675,38.79352,-23.13148,-37.7953
26560.,5.970095,8.142867,6.634622,8.042623,38.79518,-23.17011,-37.79008
26570.,5.973631,8.135313,6.635938,8.044508,38.79681,-23.20869,-37.78492
26580.,5.977087,8.127775,6.637192,8.046331,38.7984,-23.24722,-37.77979
26590.,5.980464,8.120253,6.638386,8.048091,38.79996,-23.2857,-37.77472
26600.,5.983762,8.112746,6.63952,8.04979,38.80148,-23.32413,-37.76969
26610.,5.986981,8.105254,6.640594,8.051428,38.80297,-23.36251,-37.7647
26620.,5.990123,8.097776,6.641608,8.053004,38.80443,-23.40084,-37.75976
26630.,5.993187,8.090311,6.642563,8.05452,38.80585,-23.43913,-37.75487
26640.,5.996174,8.08286,6.64346,8.055975,38.80724,-23.47738,-37.75002
26650.,5.999085,8.075422,6.644297,8.057371,38.80859,-23.51558,-37.74521
26660.,6.001919,8.067996,6.645077,8.058706,38.80991,-23.55373,-37.74045
26670.,6.004679,8.060581,6.645798,8.059982,38.8112,-23.59185,-37.73573
26680.,6.007363,8.053178,6.646462,8.061199,38.81246,-23.62992,-37.73105
26690.,6.009972,8.045787,6.647068,8.062357,38.81368,-23.66796,-37.72642
26700.,6.012508,8.038406,6.647617,8.063456,38.81487,-23.70596,-37.72183
26710.,6.01497,8.031035,6.648109,8.064497,38.81602,-23.74392,-37.71728
26720.,6.017358,8.023673,6.648545,8.06548,38.81715,-23.78184,-37.71278
26730.,6.019674,8.016322,6.648924,8.066405,38.81824,-23.81973,-37.70832
26740.,6.021918,8.008981,6.649247,8.067274,38.81929,-23.85752,-37.69774
26750.,6.02409,8.001655,6.649513,8.068088,38.8203,-23.89509,-37.6758
26760.,6.026191,7.994344,6.649723,8.068848,38.82125,-23.93244,-37.6539
26770.,6.028221,7.987048,6.649878,8.069556,38.82215,-23.96957,-37.63205
26780.,6.030181,7.979765,6.649976,8.070211,38.82301,-24.00649,-37.61025
26790.,6.032073,7.972497,6.65002,8.070814,38.82382,-24.0432,-37.58849
26800.,6.033895,7.965242,6.650009,8.071366,38.82457,-24.07971,-37.56677
26810.,6.03565,7.958001,6.649945,8.071866,38.82529,-24.11601,-37.5451
26820.,6.037337,7.950772,6.649827,8.072316,38.82595,-24.15211,-37.52347
26830.,6.038957,7.943557,6.649655,8.072715,38.82657,-24.18802,-37.50188
26840.,6.040511,7.936354,6.649431,8.073064,38.82715,-24.22372,-37.48033
26850.,6.041544,7.928725,6.648699,8.072895,38.43463,-24.2596,-37.46482
26860.,6.041613,7.920236,6.646998,8.071748,38.04678,-24.29607,-37.42693
26870.,6.040734,7.910902,6.644344,8.069645,37.66353,-24.33311,-37.38976
26880.,6.038923,7.900739,6.640755,8.066601,37.2848,-24.37072,-37.35328
26890.,6.036196,7.889762,6.636246,8.062635,36.91051,-24.40888,-37.3175
26900.,6.032571,7.877986,6.630835,8.057762,36.54059,-24.44757,-37.28239
26910.,6.028062,7.865425,6.624537,8.051998,36.17496,-24.48679,-37.24794
26920.,6.022685,7.852093,6.617367,8.04536,35.81354,-24.52652,-37.21414
26930.,6.016454,7.838005,6.60934,8.037863,35.45628,-24.56675,-37.18098
26940.,6.009385,7.823173,6.600472,8.029522,35.10309,-24.60747,-37.14844
26950.,6.001492,7.807612,6.590777,8.020352,34.75392,-24.64866,-37.11652
26960.,5.992789,7.791333,6.580269,8.010368,34.40869,-24.69032,-37.0852
26970.,5.98329,7.774351,6.568962,7.999584,34.06734,-24.73244,-37.05447
26980.,5.973008,7.756677,6.55687,7.988014,33.72981,-24.77499,-37.02432
26990.,5.961957,7.738323,6.544006,7.975671,33.39603,-24.81799,-36.99474
27000.,5.950149,7.719302,6.530384,7.96257,33.06594,-24.8614,-36.96571
27010.,5.937599,7.699626,6.516016,7.948723,32.73949,-24.90523,-36.93724
27020.,5.924317,7.679305,6.500916,7.934143,32.41661,-24.94947,-36.9093
27030.,5.910317,7.658351,6.485094,7.918843,32.09725,-24.99409,-36.88189
27040.,5.89561,7.636776,6.468565,7.902835,31.78135,-25.03911,-36.855
27050.,5.880209,7.614589,6.451338,7.886132,31.46886,-25.0845,-36.82861
27060.,5.864124,7.591802,6.433427,7.868745,31.15972,-25.13026,-36.80273
27070.,5.847368,7.568425,6.414843,7.850687,30.85388,-25.17638,-36.77734
27080.,5.829952,7.544468,6.395597,7.831968,30.55128,-25.22285,-36.75242
27090.,5.811886,7.519942,6.3757,7.8126,30.25188,-25.26966,-36.72798
27100.,5.793181,7.494855,6.355162,7.792595,29.95562,-25.31681,-36.704
27110.,5.773848,7.469218,6.333996,7.771962,29.66247,-25.36428,-36.68048
27120.,5.753898,7.443041,6.312211,7.750713,29.37236,-25.41208,-36.6574
27130.,5.73334,7.416332,6.289817,7.728858,29.08525,-25.46019,-36.63476
27140.,5.712184,7.3891,6.266824,7.706407,28.8011,-25.5086,-36.61256
27150.,5.690441,7.361355,6.243243,7.683371,28.51985,-25.55732,-36.59077
27160.,5.668119,7.333105,6.219083,7.659759,28.24148,-25.60632,-36.5694
27170.,5.645229,7.304359,6.194354,7.635581,27.96592,-25.65561,-36.54843
27180.,5.62178,7.275125,6.169064,7.610846,27.69315,-25.70518,-36.52787
27190.,5.59778,7.245412,6.143224,7.585564,27.42311,-25.75502,-36.50769
27200.,5.57324,7.215227,6.116841,7.559744,27.15577,-25.80512,-36.48791
27210.,5.548167,7.184579,6.089926,7.533396,26.89108,-25.85549,-36.4685
27220.,5.52257,7.153476,6.062487,7.506527,26.62901,-25.90611,-36.44946
27230.,5.496457,7.121924,6.034532,7.479146,26.36951,-25.95697,-36.43078
27240.,5.469838,7.089933,6.00607,7.451263,26.11255,-26.00808,-36.41247
27250.,5.44272,7.057518,5.97711,7.422886,25.85808,-26.05925,-36.39256
27260.,5.415112,7.02469,5.947662,7.394023,25.60605,-26.11046,-36.37282
27270.,5.387021,6.991455,5.917732,7.364682,25.35644,-26.16171,-36.35342
27280.,5.358455,6.95782,5.887331,7.334873,25.10919,-26.213,-36.33435
27290.,5.329423,6.923793,5.856464,7.304602,24.86429,-26.26432,-36.31561
27300.,5.299933,6.889379,5.82514,7.273878,24.6217,-26.31566,-36.29719
27310.,5.26999,6.854586,5.793367,7.242708,24.38137,-26.36703,-36.27908
27320.,5.239604,6.819421,5.761151,7.211101,24.14329,-26.41843,-36.26128
27330.,5.208782,6.78389,5.728501,7.179062,23.90742,-26.46985,-36.24378
27340.,5.17753,6.747998,5.695424,7.146601,23.67372,-26.52128,-36.22657
27350.,5.145856,6.711754,5.661926,7.113724,23.44217,-26.57273,-36.20966
27360.,5.113766,6.675162,5.628015,7.080437,23.21274,-26.6242,-36.19304
27370.,5.081268,6.638229,5.593698,7.046749,22.98538,-26.67567,-36.17669
27380.,5.048369,6.60096,5.55898,7.012665,22.76009,-26.72715,-36.16062
27390.,5.015074,6.563363,5.52387,6.978193,22.53682,-26.77864,-36.14481
27400.,4.981391,6.525441,5.488373,6.943339,22.31555,-26.83013,-36.12928
27410.,4.947325,6.487201,5.452496,6.90811,22.09625,-26.88163,-36.114
27420.,4.912884,6.448649,5.416245,6.872512,21.87889,-26.93312,-36.09897
27430.,4.878073,6.40979,5.379626,6.836551,21.66345,-26.98461,-36.0842
27440.,4.842898,6.370629,5.342646,6.800234,21.4499,-27.0361,-36.06966
27450.,4.807366,6.331172,5.30531,6.763567,21.23821,-27.08758,-36.05537
27460.,4.771482,6.291424,5.267624,6.726555,21.02835,-27.13905,-36.04132
27470.,4.735253,6.251389,5.229595,6.689204,20.82031,-27.19052,-36.02749
27480.,4.698683,6.211073,5.191228,6.651521,20.61406,-27.24197,-36.01389
27490.,4.661778,6.170482,5.152528,6.613511,20.40957,-27.29341,-36.00051
27500.,4.624544,6.129618,5.113501,6.575179,20.20682,-27.34483,-35.98735
27510.,4.586987,6.088489,5.074152,6.536531,20.00578,-27.39623,-35.97441
27520.,4.549112,6.047097,5.034488,6.497572,19.80643,-27.44762,-35.96167
27530.,4.510923,6.005448,4.994512,6.458309,19.60876,-27.49899,-35.94913
27540.,4.472427,5.963547,4.954231,6.418745,19.41273,-27.55034,-35.9368
27550.,4.433628,5.921397,4.913649,6.378887,19.21832,-27.60166,-35.92467
27560.,4.394532,5.879003,4.872771,6.338738,19.02552,-27.65296,-35.91272
27570.,4.355142,5.836369,4.831603,6.298305,18.8343,-27.70423,-35.90097
27580.,4.315465,5.793501,4.790149,6.257592,18.64464,-27.75548,-35.8894
27590.,4.275505,5.750401,4.748414,6.216604,18.45652,-27.8067,-35.87802
27600.,4.235266,5.707074,4.706403,6.175345,18.26992,-27.85789,-35.86681
27610.,4.194753,5.663524,4.66412,6.133821,18.08481,-27.90905,-35.85577
27620.,4.153972,5.619755,4.621569,6.092036,17.90119,-27.96018,-35.84491
27630.,4.112925,5.575771,4.578757,6.049994,17.71902,-28.01127,-35.83422
27640.,4.071988,5.531937,4.536065,6.00808,17.93179,-28.06196,-35.83985
27650.,4.031529,5.488621,4.493862,5.966673,18.1421,-28.11176,-35.83414
27660.,3.991544,5.445817,4.452145,5.925771,18.34999,-28.16069,-35.82807
27670.,3.952029,5.403521,4.410908,5.885368,18.55548,-28.20875,-35.82164
27680.,3.91298,5.361728,4.370147,5.84546,18.75858,-28.25596,-35.81485
27690.,3.874391,5.320434,4.329858,5.806042,18.95934,-28.30233,-35.80771
27700.,3.83626,5.279634,4.290036,5.76711,19.15776,-28.34786,-35.80022
27710.,3.798581,5.239323,4.250677,5.728658,19.35387,-28.39256,-35.79239
27720.,3.76135,5.199497,4.211776,5.690682,19.54769,-28.43645,-35.78421
27730.,3.724564,5.160151,4.173329,5.653177,19.73926,-28.47953,-35.7757
27740.,3.688218,5.121281,4.135332,5.616139,19.92858,-28.52182,-35.76686
27750.,3.652307,5.082884,4.097785,5.579562,20.11569,-28.56324,-35.77261
27760.,3.616829,5.044961,4.060688,5.543438,20.3006,-28.60373,-35.79438
27770.,3.581779,5.007506,4.024036,5.507763,20.48334,-28.6433,-35.81584
27780.,3.547153,4.970516,3.987827,5.47253,20.66394,-28.68196,-35.83699
27790.,3.512947,4.933986,3.952055,5.437738,20.84241,-28.71971,-35.85783
27800.,3.479157,4.897912,3.916716,5.40338,21.01877,-28.75657,-35.87836
27810.,3.44578,4.862289,3.881808,5.369453,21.19305,-28.79255,-35.89859
27820.,3.412812,4.827113,3.847324,5.335954,21.36527,-28.82766,-35.91852
27830.,3.380249,4.792381,3.813262,5.302877,21.53546,-28.86191,-35.93816
27840.,3.348087,4.758088,3.779618,5.270219,21.70362,-28.89531,-35.9575
27850.,3.316323,4.72423,3.746387,5.237975,21.86979,-28.92786,-35.97655
27860.,3.284952,4.690803,3.713566,5.206142,22.03399,-28.95959,-35.99532
27870.,3.253971,4.657802,3.68115,5.174716,22.19623,-28.99049,-36.0138
27880.,3.223377,4.625225,3.649137,5.143693,22.35654,-29.02057,-36.03199
27890.,3.193165,4.593066,3.617522,5.113068,22.51494,-29.04986,-36.04991
27900.,3.163332,4.561321,3.5863,5.082839,22.67144,-29.07835,-36.06755
27910.,3.133875,4.529988,3.55547,5.053,22.82608,-29.10605,-36.08492
27920.,3.10479,4.499061,3.525025,5.023549,22.97886,-29.13298,-36.10201
27930.,3.076073,4.468538,3.494964,4.99448,23.12982,-29.15914,-36.11884
27940.,3.047721,4.438414,3.465282,4.965792,23.27896,-29.18454,-36.1354
27950.,3.019731,4.408685,3.435976,4.937479,23.42632,-29.20919,-36.1517
27960.,2.992098,4.379347,3.407042,4.909538,23.5719,-29.23311,-36.16774
27970.,2.96482,4.350397,3.378476,4.881966,23.71573,-29.25628,-36.18353
27980.,2.937893,4.321831,3.350274,4.854758,23.85783,-29.27874,-36.19905
27990.,2.911313,4.293646,3.322434,4.827912,23.99822,-29.30048,-36.21433
28000.,2.885078,4.265837,3.294951,4.801423,24.13691,-29.32151,-36.22935
28010.,2.859183,4.238401,3.267823,4.775287,24.27392,-29.34184,-36.24413
28020.,2.833626,4.211334,3.241045,4.749502,24.40928,-29.36148,-36.25866
28030.,2.808404,4.184633,3.214614,4.724064,24.54301,-29.38044,-36.27295
28040.,2.783512,4.158294,3.188527,4.698969,24.67511,-29.39872,-36.287
28050.,2.758948,4.132314,3.16278,4.674214,24.80561,-29.41634,-36.30082
28060.,2.734709,4.106688,3.13737,4.649795,24.93452,-29.43329,-36.3144
28070.,2.710791,4.081415,3.112294,4.62571,25.06187,-29.44959,-36.32774
28080.,2.687191,4.056489,3.087548,4.601953,25.18768,-29.46525,-36.34086
28090.,2.663907,4.031908,3.063129,4.578523,25.31195,-29.48027,-36.35375
28100.,2.640934,4.007669,3.039033,4.555416,25.43471,-29.49466,-36.36641
28110.,2.61827,3.983767,3.015259,4.532629,25.55597,-29.50842,-36.37885
28120.,2.595912,3.960201,2.991801,4.510158,25.67575,-29.52158,-36.39107
28130.,2.573857,3.936965,2.968658,4.488,25.79407,-29.53412,-36.40307
28140.,2.552102,3.914057,2.945826,4.466152,25.91095,-29.54606,-36.41486
28150.,2.530643,3.891475,2.923301,4.44461,26.0264,-29.55741,-36.42643
28160.,2.509479,3.869214,2.901082,4.423372,26.14043,-29.56817,-36.43779
28170.,2.488605,3.847271,2.879164,4.402435,26.25308,-29.57835,-36.44894
28180.,2.468019,3.825643,2.857545,4.381795,26.36434,-29.58796,-36.45989
28190.,2.447718,3.804328,2.836221,4.36145,26.47423,-29.597,-36.47062
28200.,2.4277,3.783321,2.815191,4.341395,26.58278,-29.60547,-36.48116
28210.,2.407961,3.762621,2.794449,4.321629,26.69,-29.6134,-36.4915
28220.,2.388499,3.742223,2.773995,4.302148,26.7959,-29.62077,-36.50163
28230.,2.369311,3.722125,2.753825,4.28295,26.9005,-29.62761,-36.51157
28240.,2.350393,3.702324,2.733936,4.264031,27.00381,-29.63391,-36.52132
28250.,2.331745,3.68282,2.714326,4.245389,27.10586,-29.63967,-36.5307
28260.,2.313362,3.663673,2.695034,4.227021,27.2067,-29.64466,-36.53577
28270.,2.295243,3.644881,2.676057,4.208925,27.30635,-29.6489,-36.54065
28280.,2.277386,3.626441,2.657392,4.1911,27.40483,-29.65238,-36.54535
28290.,2.259789,3.60835,2.639036,4.173543,27.50214,-29.65512,-36.54986
28300.,2.242449,3.590605,2.620987,4.156251,27.59831,-29.65713,-36.55418
28310.,2.225365,3.573202,2.603243,4.139223,27.69335,-29.6584,-36.55832
28320.,2.208535,3.55614,2.5858,4.122456,27.78727,-29.65896,-36.56227
28330.,2.191956,3.539415,2.568657,4.105949,27.88008,-29.65881,-36.56605
28340.,2.175626,3.523024,2.55181,4.089698,27.97181,-29.65796,-36.56964
28350.,2.159544,3.506965,2.535258,4.073703,28.06245,-29.6564,-36.57306
28360.,2.143708,3.491234,2.518998,4.05796,28.15204,-29.65417,-36.5763
28370.,2.128116,3.47583,2.503027,4.042468,28.24057,-29.65125,-36.57937
28380.,2.112765,3.460749,2.487343,4.027224,28.32806,-29.64765,-36.58227
28390.,2.097654,3.445988,2.471944,4.012228,28.41453,-29.6434,-36.58499
28400.,2.082781,3.431546,2.456828,3.997475,28.49999,-29.63848,-36.58754
28410.,2.068145,3.417418,2.441991,3.982966,28.58445,-29.63291,-36.58993
28420.,2.053742,3.403604,2.427433,3.968697,28.66792,-29.6267,-36.59214
28430.,2.039572,3.390099,2.41315,3.954667,28.75042,-29.61985,-36.5942
28440.,2.025633,3.376902,2.39914,3.940873,28.83196,-29.61236,-36.59608
28450.,2.011923,3.36401,2.385401,3.927314,28.91254,-29.60426,-36.59781
28460.,1.998439,3.35142,2.371931,3.913988,28.99219,-29.59554,-36.59937
28470.,1.985182,3.33913,2.358728,3.900893,29.07092,-29.58621,-36.60077
28480.,1.972147,3.327138,2.345789,3.888028,29.14873,-29.57627,-36.60201
28490.,1.959335,3.315441,2.333113,3.875389,29.22564,-29.56574,-36.6031
28500.,1.946742,3.304036,2.320697,3.862976,29.30166,-29.55462,-36.60402
28510.,1.934369,3.292922,2.308539,3.850787,29.3768,-29.54291,-36.6048
28520.,1.922212,3.282095,2.296637,3.83882,29.45107,-29.53063,-36.60542
28530.,1.91027,3.271554,2.284989,3.827073,29.52449,-29.51777,-36.60588
28540.,1.898542,3.261297,2.273593,3.815544,29.59705,-29.50435,-36.6062
28550.,1.887026,3.25132,2.262447,3.804232,29.66879,-29.49037,-36.60637
28560.,1.87572,3.241621,2.251549,3.793135,29.7397,-29.47583,-36.60638
28570.,1.864622,3.2322,2.240897,3.782252,29.8098,-29.46075,-36.60625
28580.,1.853732,3.223052,2.230489,3.771579,29.87909,-29.44513,-36.60597
28590.,1.843048,3.214176,2.220323,3.761117,29.9476,-29.42897,-36.60555
28600.,1.832568,3.20557,2.210398,3.750863,30.01532,-29.41228,-36.60499
28610.,1.82229,3.197232,2.20071,3.740816,30.08227,-29.39507,-36.60428
28620.,1.812213,3.189159,2.19126,3.730974,30.14846,-29.37734,-36.60342
28630.,1.802336,3.181349,2.182044,3.721336,30.21389,-29.3591,-36.60243
28640.,1.792658,3.173801,2.17306,3.7119,30.27859,-29.34035,-36.6013
28650.,1.783176,3.166511,2.164308,3.702664,30.34255,-29.32109,-36.60003
28660.,1.773889,3.159479,2.155785,3.693627,30.40579,-29.30135,-36.59863
28670.,1.764796,3.152703,2.14749,3.684787,30.46832,-29.28111,-36.59708
28680.,1.755895,3.146179,2.13942,3.676143,30.53015,-29.26038,-36.5954
28690.,1.747185,3.139906,2.131574,3.667694,30.59128,-29.23918,-36.59359
28700.,1.738665,3.133883,2.123951,3.659438,30.65172,-29.2175,-36.59165
28710.,1.730334,3.128106,2.116548,3.651373,30.71149,-29.19534,-36.58957
28720.,1.722189,3.122575,2.109364,3.643498,30.7706,-29.17273,-36.58736
28730.,1.71423,3.117288,2.102397,3.635812,30.82905,-29.14965,-36.58502
28740.,1.706455,3.112242,2.095646,3.628313,30.88684,-29.12612,-36.58256
28750.,1.698863,3.107435,2.089108,3.621,30.944,-29.10214,-36.57996
28760.,1.691453,3.103048,2.082852,3.613879,31.00053,-29.07758,-36.49975
28770.,1.684225,3.099197,2.076921,3.606962,31.05642,-29.05235,-36.36871
28780.,1.677177,3.095877,2.071313,3.600251,31.11171,-29.02647,-36.23775
28790.,1.670311,3.093085,2.066026,3.593747,31.16638,-28.99993,-36.10686
28800.,1.663625,3.090817,2.061059,3.587449,31.22046,-28.97276,-35.97604
28810.,1.657119,3.08907,2.05641,3.581356,31.27395,-28.94494,-35.8453
28820.,1.650793,3.087839,2.052077,3.575468,31.32686,-28.91649,-35.71464
28830.,1.644646,3.087122,2.048058,3.569784,31.37919,-28.88742,-35.58406
28840.,1.638679,3.086913,2.044353,3.564304,31.43097,-28.85772,-35.45355
28850.,1.632891,3.087211,2.040959,3.559027,31.48219,-28.82741,-35.32312
28860.,1.627281,3.088011,2.037874,3.553952,31.53286,-28.7965,-35.19277
28870.,1.62185,3.089309,2.035098,3.549079,31.583,-28.76498,-35.06249
28880.,1.616597,3.091103,2.032628,3.544407,31.63261,-28.73286,-34.9323
28890.,1.611522,3.093389,2.030463,3.539936,31.6817,-28.70015,-34.80218
28900.,1.606624,3.096163,2.028602,3.535665,31.73028,-28.66686,-34.67214
28910.,1.601903,3.099423,2.027043,3.531594,31.77835,-28.63299,-34.54218
28920.,1.59736,3.103164,2.025784,3.527722,31.82593,-28.59854,-34.4123
28930.,1.592993,3.107384,2.024824,3.524049,31.87302,-28.56353,-34.28249
28940.,1.588802,3.112079,2.024162,3.520574,31.91963,-28.52795,-34.15277
28950.,1.584788,3.117245,2.023795,3.517296,31.96576,-28.49182,-34.02313
28960.,1.58095,3.122881,2.023723,3.514215,32.01143,-28.45513,-33.89357
28970.,1.577287,3.128982,2.023945,3.511331,32.05664,-28.41789,-33.76408
28980.,1.5738,3.135546,2.024458,3.508643,32.1014,-28.38012,-33.63468
28990.,1.570489,3.142569,2.025261,3.506151,32.14572,-28.3418,-33.50536
29000.,1.567352,3.150048,2.026353,3.503853,32.1896,-28.30296,-33.37611
29010.,1.56439,3.157981,2.027733,3.501751,32.23305,-28.26358,-33.24695
29020.,1.561602,3.166363,2.0294,3.499842,32.27608,-28.22369,-33.11787
29030.,1.558989,3.175193,2.031351,3.498128,32.3187,-28.18328,-32.98887
29040.,1.556549,3.184467,2.033585,3.496606,32.3609,-28.14235,-32.85995
29050.,1.554284,3.194183,2.036102,3.495278,32.40271,-28.10092,-32.73112
29060.,1.552192,3.204337,2.0389,3.494142,32.44412,-28.05899,-32.60236
29070.,1.550274,3.214926,2.041978,3.493198,32.48514,-28.01656,-32.47369
29080.,1.548529,3.225949,2.045334,3.492445,32.52578,-27.97363,-32.34509
29090.,1.546957,3.237401,2.048967,3.491884,32.56605,-27.93022,-32.21658
29100.,1.545558,3.24928,2.052877,3.491513,32.60594,-27.88632,-32.08815
29110.,1.544331,3.261584,2.057061,3.491333,32.64547,-27.84195,-31.9598
29120.,1.543277,3.274309,2.061518,3.491343,32.68465,-27.7971,-31.83154
29130.,1.542395,3.287453,2.066248,3.491542,32.72348,-27.75178,-31.70335
29140.,1.541686,3.301014,2.071249,3.49193,32.76196,-27.70599,-31.57525
29150.,1.541148,3.314988,2.07652,3.492508,32.8001,-27.65974,-31.44723
29160.,1.540782,3.329373,2.08206,3.493273,32.83791,-27.61304,-31.3193
29170.,1.540587,3.344167,2.087867,3.494227,32.87539,-27.56588,-31.19144
29180.,1.540564,3.359366,2.093941,3.495368,32.91256,-27.51827,-31.06367
29190.,1.540712,3.374969,2.100281,3.496697,32.9494,-27.47022,-30.93598
29200.,1.541031,3.390972,2.106884,3.498212,32.98594,-27.42173,-30.80837
29210.,1.54152,3.407374,2.113751,3.499915,33.02218,-27.3728,-30.68084
29220.,1.542181,3.424171,2.12088,3.501803,33.05811,-27.32344,-30.5534
29230.,1.543012,3.441362,2.12827,3.503878,33.09375,-27.27365,-30.42604
29240.,1.544014,3.458943,2.13592,3.506138,33.12911,-27.22344,-30.29876
29250.,1.545185,3.476913,2.143829,3.508583,33.16418,-27.1728,-30.17157
29260.,1.546527,3.495249,2.151987,3.511214,33.19896,-27.12177,-30.03773
29270.,1.548038,3.513843,2.16035,3.514034,33.23341,-27.07038,-29.8705
29280.,1.549719,3.532694,2.168918,3.517045,33.26753,-27.01864,-29.70349
29290.,1.551568,3.551802,2.177689,3.520247,33.30133,-26.96656,-29.5367
29300.,1.553584,3.571163,2.186663,3.523639,33.33481,-26.91415,-29.37014
29310.,1.555768,3.590777,2.195838,3.52722,33.36797,-26.86139,-29.2038
29320.,1.558119,3.610643,2.205213,3.530989,33.40083,-26.80831,-29.03769
29330.,1.560635,3.630758,2.214788,3.534945,33.43339,-26.75489,-28.87179
29340.,1.563317,3.651121,2.224561,3.539088,33.46565,-26.70115,-28.70612
29350.,1.566164,3.671732,2.234533,3.543417,33.49761,-26.64709,-28.54066
29360.,1.569176,3.692587,2.244701,3.54793,33.52929,-26.59271,-28.37543
29370.,1.572351,3.713687,2.255065,3.552628,33.56069,-26.53801,-28.21042
29380.,1.57569,3.735029,2.265624,3.557509,33.5918,-26.483,-28.04562
29390.,1.579191,3.756613,2.276377,3.562573,33.62265,-26.42768,-27.88105
29400.,1.582854,3.778436,2.287323,3.567819,33.65322,-26.37205,-27.71669
29410.,1.586679,3.800497,2.298462,3.573245,33.68354,-26.31612,-27.55255
29420.,1.590666,3.822796,2.309793,3.578853,33.71359,-26.25989,-27.38863
29430.,1.594813,3.84533,2.321314,3.58464,33.74339,-26.20336,-27.22493
29440.,1.59912,3.868099,2.333025,3.590606,33.77294,-26.14654,-27.06145
29450.,1.603587,3.891101,2.344926,3.59675,33.80224,-26.08943,-26.89818
29460.,1.608213,3.914334,2.357014,3.603071,33.8313,-26.03203,-26.73513
29470.,1.612998,3.937798,2.36929,3.60957,33.86012,-25.97434,-26.57229
29480.,1.617941,3.961491,2.381753,3.616245,33.88871,-25.91637,-26.40967
29490.,1.623041,3.985412,2.394402,3.623095,33.91707,-25.85812,-26.24726
29500.,1.6283,4.00956,2.407236,3.630121,33.9452,-25.79959,-26.08507
29510.,1.633714,4.033933,2.420255,3.63732,33.97312,-25.74079,-25.92309
29520.,1.639286,4.05853,2.433457,3.644693,34.00082,-25.68172,-25.76132
29530.,1.645013,4.08335,2.446842,3.652239,34.0283,-25.62238,-25.59977
29540.,1.650896,4.108392,2.460409,3.659957,34.05558,-25.56278,-25.43843
29550.,1.656934,4.133655,2.474158,3.667847,34.08265,-25.50291,-25.2773
29560.,1.663126,4.159137,2.488087,3.675908,34.10952,-25.44278,-25.11638
29570.,1.669473,4.184837,2.502196,3.68414,34.13619,-25.38239,-24.95567
29580.,1.675973,4.210754,2.516485,3.692541,34.16267,-25.32175,-24.79517
29590.,1.682627,4.236887,2.530952,3.701111,34.18896,-25.26085,-24.63489
29600.,1.689434,4.263235,2.545597,3.709851,34.21506,-25.19971,-24.47481
29610.,1.696393,4.289797,2.560419,3.718758,34.24098,-25.13831,-24.31494
29620.,1.703505,4.316571,2.575418,3.727833,34.26672,-25.07667,-24.15528
29630.,1.710768,4.343557,2.590593,3.737074,34.29228,-25.01479,-23.99583
29640.,1.718183,4.370752,2.605943,3.746482,34.31767,-24.95267,-23.83658
29650.,1.725749,4.398157,2.621467,3.756056,34.34289,-24.89031,-23.67754
29660.,1.733465,4.425771,2.637166,3.765795,34.36795,-24.82772,-23.51871
29670.,1.741332,4.453591,2.653038,3.775699,34.39284,-24.76489,-23.36008
29680.,1.749348,4.481617,2.669082,3.785767,34.41758,-24.70184,-23.20166
29690.,1.757514,4.509849,2.685298,3.795999,34.44216,-24.63855,-23.04345
29700.,1.765829,4.538284,2.701686,3.806394,34.46658,-24.57504,-22.88543
29710.,1.774293,4.566922,2.718244,3.816951,34.49086,-24.5113,-22.72762
29720.,1.782906,4.595763,2.734973,3.827671,34.51499,-24.44735,-22.57002
29730.,1.791666,4.624804,2.751871,3.838552,34.53898,-24.38317,-22.41262
29740.,1.800574,4.654045,2.768938,3.849594,34.56282,-24.31878,-22.25542
29750.,1.80963,4.683485,2.786173,3.860797,34.58653,-24.25417,-22.09842
29760.,1.818833,4.713123,2.803576,3.87216,34.6101,-24.18935,-21.94162
29770.,1.828182,4.742835,2.82105,3.883685,34.63356,-24.12466,-21.76852
29780.,1.837676,4.772575,2.838557,3.895371,34.65692,-24.06022,-21.5896
29790.,1.847315,4.802343,2.856099,3.907219,34.68017,-23.99602,-21.41097
29800.,1.857096,4.832139,2.873673,3.919227,34.70332,-23.93207,-21.23262
29810.,1.867019,4.861963,2.891282,3.931394,34.72636,-23.86836,-21.05456
29820.,1.877082,4.891814,2.908924,3.943718,34.74931,-23.80488,-20.87679
29830.,1.887284,4.921692,2.926598,3.956197,34.77216,-23.74165,-20.6993
29840.,1.897624,4.951597,2.944306,3.968831,34.79491,-23.67865,-20.5221
29850.,1.9081,4.981529,2.962046,3.981618,34.81756,-23.61588,-20.34519
29860.,1.918712,5.011488,2.979818,3.994557,34.84013,-23.55334,-20.16855
29870.,1.929458,5.041473,2.997623,4.007646,34.8626,-23.49102,-19.9922
29880.,1.940338,5.071484,3.01546,4.020883,34.88497,-23.42893,-19.81614
29890.,1.951349,5.101521,3.033329,4.034269,34.90726,-23.36706,-19.64035
29900.,1.962491,5.131583,3.051229,4.0478,34.92946,-23.30541,-19.46485
29910.,1.973762,5.161672,3.069161,4.061477,34.95158,-23.24398,-19.28963
29920.,1.985162,5.191786,3.087124,4.075298,34.9736,-23.18276,-19.11469
29930.,1.996689,5.221925,3.105119,4.08926,34.99555,-23.12176,-18.94004
29940.,2.008343,5.252089,3.123144,4.103364,35.01741,-23.06096,-18.76566
29950.,2.020122,5.282278,3.1412,4.117608,35.03919,-23.00037,-18.59156
29960.,2.032025,5.312491,3.159287,4.131991,35.06088,-22.93999,-18.41774
29970.,2.044051,5.34273,3.177404,4.146511,35.0825,-22.87981,-18.24419
29980.,2.056199,5.372992,3.195552,4.161167,35.10404,-22.81983,-18.07093
29990.,2.068468,5.403279,3.21373,4.175958,35.12551,-22.76005,-17.89794
30000.,2.080857,5.43359,3.231938,4.190883,35.14689,-22.70047,-17.72523
30010.,2.093365,5.463924,3.250175,4.205941,35.16821,-22.64108,-17.55279
30020.,2.105991,5.494283,3.268443,4.221131,35.18945,-22.58188,-17.38063
30030.,2.118734,5.524665,3.28674,4.23645,35.21061,-22.52288,-17.20874
30040.,2.131592,5.55507,3.305066,4.251899,35.23171,-22.46406,-17.03713
30050.,2.144566,5.585498,3.323421,4.267476,35.25274,-22.40543,-16.86579
30060.,2.157653,5.61595,3.341806,4.28318,35.27369,-22.34698,-16.69472
30070.,2.170854,5.646424,3.360219,4.29901,35.29458,-22.28872,-16.52393
30080.,2.184166,5.676922,3.378662,4.314965,35.31541,-22.23063,-16.3534
30090.,2.19759,5.707442,3.397132,4.331043,35.33616,-22.17273,-16.18315
30100.,2.211123,5.737984,3.415632,4.347244,35.35686,-22.115,-16.01317
30110.,2.224766,5.768549,3.43416,4.363567,35.37749,-22.05744,-15.84345
30120.,2.238517,5.799136,3.452716,4.38001,35.39805,-22.00006,-15.67401
30130.,2.252376,5.829745,3.4713,4.396572,35.41856,-21.94284,-15.50483
30140.,2.266341,5.860376,3.489912,4.413253,35.439,-21.8858,-15.33592
30150.,2.280412,5.891029,3.508552,4.430052,35.45939,-21.82892,-15.16728
30160.,2.294587,5.921703,3.52722,4.446967,35.47971,-21.77221,-14.99891
30170.,2.308867,5.952399,3.545916,4.463997,35.49998,-21.71566,-14.8308
30180.,2.323249,5.983116,3.564638,4.481142,35.52019,-21.65927,-14.66295
30190.,2.337734,6.013855,3.583389,4.4984,35.54035,-21.60304,-14.49537
30200.,2.35232,6.044615,3.602166,4.515771,35.56045,-21.54697,-14.32806
30210.,2.367006,6.075395,3.620971,4.533253,35.5805,-21.49105,-14.161
30220.,2.381792,6.106197,3.639802,4.550845,35.60049,-21.43529,-13.99421
30230.,2.396677,6.137019,3.658661,4.568548,35.62044,-21.37968,-13.82769
30240.,2.41166,6.167862,3.677546,4.586359,35.64033,-21.32422,-13.66142
30250.,2.42674,6.198726,3.696458,4.604278,35.66017,-21.26891,-13.49541
30260.,2.441917,6.22961,3.715397,4.622303,35.67996,-21.21375,-13.32967
30270.,2.457189,6.26046,3.734343,4.640432,35.69971,-21.15892,-13.19114
30280.,2.472555,6.291148,3.753254,4.658649,35.71946,-21.10489,-13.11763
30290.,2.488013,6.321672,3.772127,4.676947,35.73918,-21.05163,-13.04415
30300.,2.503561,6.352035,3.790963,4.695323,35.7589,-20.99915,-12.97069
30310.,2.519197,6.382236,3.80976,4.713775,35.7786,-20.94743,-12.89725
30320.,2.534919,6.412276,3.828519,4.732302,35.79828,-20.89647,-12.82382
30330.,2.550726,6.442156,3.847238,4.750901,35.81795,-20.84625,-12.75042
30340.,2.566615,6.471877,3.865917,4.769572,35.8376,-20.79677,-12.67705
30350.,2.582585,6.501438,3.884556,4.788312,35.85723,-20.74802,-12.6037
30360.,2.598635,6.530842,3.903153,4.80712,35.87684,-20.69999,-12.53037
30370.,2.614761,6.560087,3.921709,4.825994,35.89644,-20.65267,-12.45706
30380.,2.630963,6.589175,3.940222,4.844932,35.91601,-20.60606,-12.38379
30390.,2.64724,6.618107,3.958693,4.863934,35.93557,-20.56015,-12.31054
30400.,2.663588,6.646883,3.97712,4.882996,35.9551,-20.51493,-12.23732
30410.,2.680007,6.675504,3.995503,4.902119,35.97461,-20.47039,-12.16413
30420.,2.696494,6.70397,4.013841,4.921299,35.9941,-20.42652,-12.09096
30430.,2.713049,6.732281,4.032135,4.940536,36.01356,-20.38332,-12.01783
30440.,2.72967,6.760439,4.050383,4.959828,36.03301,-20.34078,-11.94473
30450.,2.746354,6.788444,4.068585,4.979174,36.05242,-20.2989,-11.87166
30460.,2.763101,6.816297,4.086741,4.998571,36.07181,-20.25765,-11.79862
30470.,2.779908,6.843997,4.104849,5.018019,36.09118,-20.21705,-11.72561
30480.,2.796775,6.871546,4.12291,5.037516,36.11052,-20.17707,-11.65264
30490.,2.813699,6.898945,4.140923,5.057061,36.12983,-20.13772,-11.57971
30500.,2.83068,6.926193,4.158887,5.076652,36.14912,-20.09898,-11.5068
30510.,2.847715,6.953292,4.176802,5.096287,36.16837,-20.06086,-11.43394
30520.,2.864803,6.980241,4.194668,5.115966,36.1876,-20.02333,-11.36111
30530.,2.881943,7.007042,4.212484,5.135687,36.2068,-19.9864,-11.28831
30540.,2.899133,7.033695,4.23025,5.155448,36.22597,-19.95006,-11.21556
30550.,2.916372,7.0602,4.247964,5.175248,36.24511,-19.91431,-11.14284
30560.,2.933658,7.086559,4.265628,5.195087,36.26422,-19.87912,-11.07016
30570.,2.95099,7.112771,4.28324,5.214962,36.2833,-19.84451,-10.99753
30580.,2.968366,7.138837,4.300799,5.234871,36.30234,-19.81046,-10.92493
30590.,2.985786,7.164758,4.318307,5.254815,36.32135,-19.77697,-10.85237
30600.,3.003247,7.190535,4.335761,5.274792,36.34033,-19.74403,-10.77985
30610.,3.020749,7.216167,4.353162,5.294799,36.35928,-19.71163,-10.70738
30620.,3.03829,7.241655,4.370509,5.314837,36.37819,-19.67977,-10.63495
30630.,3.055868,7.267,4.387802,5.334904,36.39707,-19.64844,-10.56256
30640.,3.073483,7.292203,4.40504,5.354998,36.41592,-19.61764,-10.49021
30650.,3.091133,7.317263,4.422224,5.375118,36.43473,-19.58735,-10.41791
30660.,3.108817,7.342181,4.439352,5.395264,36.4535,-19.55759,-10.34565
30670.,3.126533,7.366959,4.456424,5.415433,36.47224,-19.52833,-10.27344
30680.,3.14428,7.391596,4.473441,5.435625,36.49094,-19.49957,-10.20127
30690.,3.162058,7.416092,4.490401,5.455839,36.5096,-19.47131,-10.12915
30700.,3.179864,7.440449,4.507304,5.476073,36.52823,-19.44354,-10.05708
30710.,3.197698,7.464667,4.52415,5.496327,36.54682,-19.41626,-9.985054
30720.,3.215559,7.488747,4.540939,5.516599,36.56537,-19.38946,-9.913076
30730.,3.233444,7.512688,4.55767,5.536887,36.58389,-19.36314,-9.841145
30740.,3.251354,7.536492,4.574343,5.557192,36.60236,-19.33729,-9.769263
30750.,3.269287,7.560158,4.590957,5.577512,36.6208,-19.3119,-9.69743
30760.,3.287241,7.583688,4.607512,5.597845,36.63919,-19.28697,-9.625646
30770.,3.305216,7.607081,4.624008,5.618191,36.65755,-19.26249,-9.553913
30780.,3.32321,7.630186,4.640457,5.638521,36.67589,-19.23887,-9.690887
30790.,3.341221,7.652978,4.65686,5.658804,36.69421,-19.21616,-9.863134
30800.,3.359248,7.675458,4.673215,5.679033,36.71251,-19.19435,-10.03574
30810.,3.377288,7.697627,4.689521,5.699207,36.73079,-19.17343,-10.20872
30820.,3.395339,7.719488,4.705776,5.719324,36.74904,-19.15339,-10.38207
30830.,3.4134,7.741041,4.721979,5.739384,36.76728,-19.13421,-10.55578
30840.,3.431468,7.762288,4.73813,5.759385,36.78549,-19.1159,-10.72987
30850.,3.449543,7.78323,4.754226,5.779326,36.80367,-19.09844,-10.90434
30860.,3.46762,7.803869,4.770266,5.799206,36.82183,-19.08182,-11.07918
30870.,3.4857,7.824207,4.78625,5.819023,36.83995,-19.06604,-11.25441
30880.,3.50378,7.844243,4.802176,5.838777,36.85805,-19.05107,-11.43002
30890.,3.521859,7.86398,4.818042,5.858466,36.87611,-19.03692,-11.60601
30900.,3.539934,7.883419,4.833848,5.878089,36.89414,-19.02358,-11.78239
30910.,3.558004,7.902562,4.849592,5.897644,36.91214,-19.01103,-11.95917
30920.,3.576067,7.921409,4.865274,5.917132,36.9301,-18.99927,-12.13633
30930.,3.594121,7.939963,4.880891,5.93655,36.94802,-18.98828,-12.31389
30940.,3.612166,7.958224,4.896443,5.955898,36.9659,-18.97807,-12.49186
30950.,3.630198,7.976193,4.91193,5.975174,36.98375,-18.96861,-12.67022
30960.,3.648216,7.993872,4.927349,5.994378,37.00155,-18.95991,-12.84898
30970.,3.66622,8.011263,4.942699,6.013508,37.01931,-18.95196,-13.02815
30980.,3.684206,8.028366,4.95798,6.032564,37.03703,-18.94474,-13.20773
30990.,3.702174,8.045182,4.973191,6.051544,37.05471,-18.93825,-13.38772
31000.,3.720122,8.061714,4.98833,6.070447,37.07234,-18.93248,-13.56812
31010.,3.738048,8.077962,5.003396,6.089273,37.08992,-18.92742,-13.74894
31020.,3.755952,8.093927,5.018389,6.10802,37.10745,-18.92307,-13.93018
31030.,3.77383,8.109611,5.033307,6.126687,37.12494,-18.91941,-14.11184
31040.,3.791683,8.125015,5.048149,6.145274,37.14237,-18.91645,-14.29393
31050.,3.809508,8.14014,5.062915,6.16378,37.15976,-18.91417,-14.47644
31060.,3.827303,8.154987,5.077603,6.182203,37.17709,-18.91256,-14.65938
31070.,3.845068,8.169558,5.092212,6.200542,37.19437,-18.91162,-14.84276
31080.,3.862802,8.183853,5.106743,6.218798,37.2116,-18.91134,-15.02657
31090.,3.880501,8.197875,5.121192,6.236968,37.22877,-18.91171,-15.21082
31100.,3.898166,8.211623,5.135561,6.255052,37.24589,-18.91273,-15.3955
31110.,3.915795,8.225099,5.149847,6.27305,37.26295,-18.91439,-15.58064
31120.,3.933386,8.238305,5.16405,6.290959,37.27995,-18.91668,-15.76621
31130.,3.950939,8.251241,5.17817,6.30878,37.2969,-18.9196,-15.95224
31140.,3.968451,8.263908,5.192204,6.326512,37.31378,-18.92314,-16.13872
31150.,3.985922,8.276309,5.206153,6.344153,37.3306,-18.92729,-16.32565
31160.,4.00335,8.288443,5.220015,6.361704,37.34737,-18.93205,-16.51305
31170.,4.020733,8.300312,5.233789,6.379163,37.36407,-18.93741,-16.7009
31180.,4.038072,8.311917,5.247476,6.396529,37.38071,-18.94336,-16.88921
31190.,4.055363,8.32326,5.261074,6.413801,37.39728,-18.9499,-17.07799
31200.,4.072607,8.33434,5.274582,6.43098,37.41379,-18.95702,-17.26725
31210.,4.089802,8.34516,5.287999,6.448063,37.43024,-18.96471,-17.45697
31220.,4.106947,8.35572,5.301325,6.465051,37.44662,-18.97298,-17.64717
31230.,4.12404,8.366022,5.314559,6.481943,37.46293,-18.9818,-17.83784
31240.,4.141081,8.376066,5.3277,6.498738,37.47918,-18.99119,-18.029
31250.,4.158067,8.385854,5.340748,6.515435,37.49535,-19.00113,-18.22064
31260.,4.174999,8.395386,5.353701,6.532033,37.51146,-19.01161,-18.41277
31270.,4.191875,8.404664,5.366559,6.548532,37.5275,-19.02264,-18.60539
31280.,4.208694,8.413639,5.37933,6.564927,37.54344,-19.03421,-18.83337
31290.,4.225454,8.422247,5.392021,6.581208,37.55925,-19.04635,-19.11036
31300.,4.242154,8.430488,5.404633,6.597369,37.57492,-19.05906,-19.38833
31310.,4.258792,8.438365,5.417164,6.613407,37.59045,-19.07232,-19.66729
31320.,4.275368,8.44588,5.429613,6.629324,37.60584,-19.08614,-19.94724
31330.,4.291879,8.453033,5.441979,6.645116,37.6211,-19.1005,-20.22818
31340.,4.308324,8.459828,5.454259,6.660785,37.63622,-19.1154,-20.51014
31350.,4.324702,8.466265,5.466454,6.676329,37.6512,-19.13083,-20.79312
31360.,4.341012,8.472347,5.478562,6.691748,37.66604,-19.1468,-21.07713
31370.,4.357252,8.478075,5.490581,6.70704,37.68075,-19.16329,-21.36217
31380.,4.373421,8.483451,5.502512,6.722204,37.69532,-19.18031,-21.64825
31390.,4.389517,8.488476,5.514352,6.737241,37.70976,-19.19784,-21.93539
31400.,4.405539,8.493153,5.5261,6.752149,37.72405,-19.21588,-22.2236
31410.,4.421486,8.497484,5.537756,6.766928,37.73821,-19.23443,-22.51287
31420.,4.437357,8.501468,5.549318,6.781577,37.75223,-19.25347,-22.80323
31430.,4.453151,8.50511,5.560785,6.796095,37.76611,-19.27302,-23.09468
31440.,4.468865,8.508409,5.572157,6.810481,37.77985,-19.29306,-23.38722
31450.,4.4845,8.511368,5.583431,6.824735,37.79346,-19.31359,-23.68088
31460.,4.500053,8.513988,5.594608,6.838857,37.80693,-19.3346,-23.97566
31470.,4.515524,8.516271,5.605686,6.852844,37.82026,-19.35609,-24.27157
31480.,4.530912,8.518219,5.616665,6.866698,37.83345,-19.37806,-24.56862
31490.,4.546214,8.519832,5.627542,6.880417,37.8465,-19.40049,-24.86682
31500.,4.561431,8.521114,5.638318,6.894001,37.85942,-19.4234,-25.16618
31510.,4.576561,8.522064,5.648991,6.907448,37.8722,-19.44676,-25.46671
31520.,4.591603,8.522685,5.65956,6.920759,37.88484,-19.47059,-25.76843
31530.,4.606556,8.522979,5.670025,6.933933,37.89734,-19.49487,-26.07133
31540.,4.621418,8.522946,5.680385,6.946969,37.90971,-19.5196,-26.37544
31550.,4.63619,8.522588,5.690638,6.959866,37.92193,-19.54477,-26.68077
31560.,4.650869,8.521908,5.700783,6.972625,37.93402,-19.57039,-26.98732
31570.,4.665454,8.520905,5.710821,6.985244,37.94597,-19.59645,-27.2951
31580.,4.679946,8.519582,5.72075,6.997723,37.95778,-19.62294,-27.60414
31590.,4.694342,8.51794,5.730569,7.010061,37.96946,-19.64987,-27.91443
31600.,4.708641,8.515981,5.740277,7.022258,37.98099,-19.67722,-28.226
31610.,4.722844,8.513706,5.749874,7.034314,37.99239,-19.705,-28.53885
31620.,4.736948,8.511116,5.759359,7.046228,38.00365,-19.7332,-28.85299
31630.,4.750952,8.508213,5.768731,7.057999,38.01478,-19.76181,-29.16845
31640.,4.764857,8.504998,5.777989,7.069627,38.02576,-19.79084,-29.48522
31650.,4.778661,8.501473,5.787133,7.081111,38.03661,-19.82028,-29.80333
31660.,4.792363,8.497639,5.796161,7.092451,38.04732,-19.85013,-30.12278
31670.,4.805961,8.493497,5.805073,7.103647,38.05789,-19.88038,-30.4436
31680.,4.819457,8.489049,5.813868,7.114698,38.06833,-19.91103,-30.76578
31690.,4.832847,8.484295,5.822546,7.125603,38.07862,-19.94208,-31.08936
31700.,4.846132,8.479238,5.831105,7.136362,38.08878,-19.97352,-31.41433
31710.,4.859311,8.473879,5.839546,7.146975,38.0988,-20.00535,-31.74071
31720.,4.872383,8.468219,5.847867,7.157442,38.10869,-20.03757,-32.06852
31730.,4.885346,8.462258,5.856068,7.167761,38.11844,-20.07018,-32.39778
31740.,4.898201,8.456,5.864147,7.177933,38.12805,-20.10317,-32.72848
31750.,4.910947,8.449444,5.872106,7.187957,38.13752,-20.13654,-33.06066
31760.,4.923582,8.442592,5.879942,7.197832,38.14685,-20.17028,-33.39433
31770.,4.936106,8.435445,5.887655,7.207559,38.15605,-20.2044,-33.72949
31780.,4.948518,8.428005,5.895244,7.217137,38.16511,-20.23888,-34.06617
31790.,4.960818,8.420569,5.902766,7.22659,38.17404,-20.27352,-34.14979
31800.,4.973006,8.41314,5.910221,7.235943,38.18283,-20.30829,-34.22917
31810.,4.985082,8.405719,5.917609,7.245196,38.19148,-20.34321,-34.3087
31820.,4.997047,8.398303,5.92493,7.254351,38.20001,-20.37826,-34.38837
31830.,5.0089,8.390893,5.932183,7.263406,38.20839,-20.41346,-34.4682
31840.,5.020642,8.383487,5.939368,7.272362,38.21665,-20.44879,-34.54817
31850.,5.032274,8.376083,5.946486,7.281219,38.22478,-20.48427,-34.62829
31860.,5.043795,8.368682,5.953535,7.289977,38.23278,-20.51988,-34.70856
31870.,5.055205,8.361283,5.960516,7.298637,38.24064,-20.55562,-34.78898
31880.,5.066505,8.353883,5.967428,7.307197,38.24838,-20.59151,-34.86955
31890.,5.077696,8.346484,5.974272,7.31566,38.256,-20.62752,-34.95026
31900.,5.088776,8.339082,5.981047,7.324023,38.26349,-20.66368,-35.03113
31910.,5.099747,8.331679,5.987752,7.332289,38.27085,-20.69996,-35.11216
31920.,5.110609,8.324272,5.994389,7.340456,38.27809,-20.73638,-35.19333
31930.,5.121361,8.316862,6.000956,7.348525,38.2852,-20.77294,-35.27465
31940.,5.132005,8.309446,6.007453,7.356495,38.2922,-20.80962,-35.35613
31950.,5.14254,8.302025,6.013881,7.364368,38.29907,-20.84644,-35.43775
31960.,5.152966,8.294598,6.020238,7.372144,38.30582,-20.88338,-35.51954
31970.,5.163285,8.287163,6.026526,7.379821,38.31245,-20.92046,-35.60147
31980.,5.173495,8.27972,6.032743,7.387401,38.31896,-20.95767,-35.68356
31990.,5.183597,8.272268,6.03889,7.394883,38.32536,-20.995,-35.7658
32000.,5.193592,8.264807,6.044966,7.402268,38.33163,-21.03246,-35.84819
32010.,5.20348,8.257335,6.050972,7.409556,38.33779,-21.07006,-35.93074
32020.,5.21326,8.249852,6.056907,7.416746,38.34384,-21.10777,-36.01344
32030.,5.222934,8.242357,6.06277,7.42384,38.34976,-21.14562,-36.0963
32040.,5.2325,8.234849,6.068563,7.430837,38.35558,-21.18359,-36.17932
32050.,5.241961,8.227328,6.074284,7.437737,38.36128,-21.22169,-36.26249
32060.,5.251315,8.219793,6.079934,7.44454,38.36687,-21.25991,-36.34582
32070.,5.260563,8.212243,6.085513,7.451247,38.37235,-21.29826,-36.4293
32080.,5.269705,8.204678,6.091019,7.457857,38.37771,-21.33673,-36.51294
32090.,5.278741,8.197096,6.096454,7.464371,38.38297,-21.37532,-36.59674
32100.,5.287672,8.189497,6.101817,7.470789,38.38811,-21.41403,-36.68069
32110.,5.296498,8.181881,6.107108,7.47711,38.39315,-21.45287,-36.76481
32120.,5.305219,8.174246,6.112327,7.483336,38.39808,-21.49183,-36.84908
32130.,5.313835,8.166593,6.117474,7.489466,38.4029,-21.53092,-36.93351
32140.,5.322346,8.158919,6.122549,7.4955,38.40761,-21.57012,-37.0181
32150.,5.330753,8.151226,6.127551,7.501439,38.41222,-21.60944,-37.10285
32160.,5.339056,8.143512,6.13248,7.507282,38.41672,-21.64888,-37.18776
32170.,5.347255,8.135776,6.137337,7.51303,38.42111,-21.68845,-37.27283
32180.,5.35535,8.128018,6.142121,7.518683,38.4254,-21.72813,-37.35806
32190.,5.363342,8.120237,6.146832,7.52424,38.42959,-21.76793,-37.44345
32200.,5.37123,8.112434,6.15147,7.529703,38.43368,-21.80785,-37.52901
32210.,5.379016,8.104606,6.156035,7.535071,38.43766,-21.84788,-37.61472
32220.,5.386698,8.096753,6.160528,7.540344,38.44154,-21.88804,-37.7006
32230.,5.394278,8.088876,6.164946,7.545523,38.44532,-21.92831,-37.78664
32240.,5.401755,8.080972,6.169292,7.550607,38.449,-21.9687,-37.87284
32250.,5.40913,8.073043,6.173564,7.555597,38.45258,-22.0092,-37.95921
32260.,5.416403,8.065086,6.177763,7.560492,38.45606,-22.04982,-38.04574
32270.,5.423575,8.057103,6.181889,7.565294,38.45944,-22.09055,-38.13243
32280.,5.430644,8.049091,6.185941,7.570001,38.46272,-22.1314,-38.21929
32290.,5.437612,8.041086,6.189918,7.57462,38.46593,-22.17224,-38.25484
32300.,5.44448,8.033116,6.193822,7.579158,38.46911,-22.21299,-38.24771
32310.,5.451247,8.02518,6.197651,7.583621,38.47223,-22.25363,-38.24063
32320.,5.457916,8.017277,6.201408,7.588009,38.47532,-22.29418,-38.23361
32330.,5.464485,8.009407,6.205091,7.592322,38.47836,-22.33464,-38.22664
32340.,5.470957,8.001569,6.208702,7.59656,38.48137,-22.37499,-38.21973
32350.,5.477332,7.993763,6.212241,7.600725,38.48433,-22.41526,-38.21288
32360.,5.48361,7.985988,6.215709,7.604816,38.48725,-22.45544,-38.20607
32370.,5.489792,7.978242,6.219105,7.608835,38.49012,-22.49553,-38.19932
32380.,5.49588,7.970527,6.222431,7.612781,38.49296,-22.53553,-38.19263
32390.,5.501872,7.96284,6.225686,7.616654,38.49576,-22.57545,-38.18599
32400.,5.507771,7.955182,6.228872,7.620457,38.49851,-22.61529,-38.1794
32410.,5.513576,7.947551,6.231988,7.624188,38.50123,-22.65504,-38.17286
32420.,5.519289,7.939948,6.235035,7.627848,38.50391,-22.69471,-38.16638
32430.,5.52491,7.932371,6.238014,7.631437,38.50655,-22.73431,-38.15995
32440.,5.53044,7.924819,6.240924,7.634957,38.50914,-22.77383,-38.15357
32450.,5.535879,7.917294,6.243767,7.638407,38.5117,-22.81327,-38.14724
32460.,5.541228,7.909793,6.246542,7.641788,38.51422,-22.85264,-38.14096
32470.,5.546488,7.902316,6.24925,7.6451,38.51671,-22.89193,-38.13473
32480.,5.551658,7.894863,6.251891,7.648344,38.51915,-22.93116,-38.12855
32490.,5.556741,7.887432,6.254466,7.65152,38.52155,-22.97031,-38.12243
32500.,5.561735,7.880025,6.256975,7.654628,38.52392,-23.0094,-38.11635
32510.,5.566643,7.872639,6.259419,7.657669,38.52625,-23.04842,-38.11032
32520.,5.571464,7.865274,6.261797,7.660643,38.52854,-23.08738,-38.10434
32530.,5.576199,7.857931,6.264111,7.663551,38.5308,-23.12627,-38.09841
32540.,5.580849,7.850607,6.26636,7.666392,38.53302,-23.1651,-38.09253
32550.,5.585414,7.843304,6.268546,7.669168,38.5352,-23.20386,-38.0867
32560.,5.589894,7.836019,6.270667,7.671878,38.53735,-23.24257,-38.08091
32570.,5.594291,7.828754,6.272725,7.674524,38.53945,-23.28122,-38.07518
32580.,5.598605,7.821507,6.274721,7.677104,38.54153,-23.31981,-38.06949
32590.,5.602836,7.814277,6.276653,7.679621,38.54356,-23.35835,-38.06385
32600.,5.606985,7.807064,6.278523,7.682073,38.54557,-23.39683,-38.05825
32610.,5.611053,7.799869,6.280331,7.684462,38.54753,-23.43525,-38.0527
32620.,5.615039,7.792689,6.282078,7.686788,38.54946,-23.47363,-38.0472
32630.,5.618945,7.785525,6.283763,7.68905,38.55136,-23.51195,-38.04175
32640.,5.622771,7.778377,6.285387,7.69125,38.55322,-23.55022,-38.03634
32650.,5.626517,7.771243,6.28695,7.693388,38.55504,-23.58845,-38.03098
32660.,5.630185,7.764124,6.288453,7.695464,38.55683,-23.62662,-38.02566
32670.,5.633774,7.757018,6.289896,7.697478,38.55859,-23.66475,-38.02039
32680.,5.637284,7.749926,6.29128,7.699431,38.56031,-23.70283,-38.01516
32690.,5.640718,7.742846,6.292603,7.701323,38.562,-23.74087,-38.00998
32700.,5.644074,7.73578,6.293868,7.703154,38.56366,-23.77887,-38.00484
32710.,5.647354,7.728725,6.295074,7.704925,38.56528,-23.81682,-37.99975
32720.,5.650557,7.721681,6.296221,7.706636,38.56686,-23.85474,-37.9947
32730.,5.653685,7.714649,6.29731,7.708287,38.56842,-23.89261,-37.98969
32740.,5.656738,7.707628,6.298342,7.709879,38.56994,-23.93044,-37.98473
32750.,5.659716,7.700617,6.299315,7.711412,38.57142,-23.96824,-37.97981
32760.,5.66262,7.693616,6.300231,7.712885,38.57288,-24.00599,-37.97494
32770.,5.66545,7.686624,6.30109,7.714301,38.5743,-24.04372,-37.97011
32780.,5.668207,7.679641,6.301893,7.715658,38.57569,-24.0814,-37.96532
32790.,5.670891,7.672668,6.302639,7.716957,38.57704,-24.11903,-37.95864
32800.,5.673502,7.665709,6.303327,7.718201,38.57835,-24.15644,-37.93632
32810.,5.676042,7.658765,6.303958,7.71939,38.5796,-24.19364,-37.91404
32820.,5.678511,7.651834,6.304534,7.720527,38.58081,-24.23061,-37.89181
32830.,5.680909,7.644918,6.305053,7.72161,38.58196,-24.26737,-37.86962
32840.,5.683237,7.638015,6.305516,7.72264,38.58306,-24.30393,-37.84748
32850.,5.685496,7.631126,6.305925,7.723619,38.58412,-24.34027,-37.82538
32860.,5.687686,7.624249,6.306279,7.724545,38.58513,-24.37642,-37.80333
32870.,5.689809,7.617386,6.306579,7.725421,38.5861,-24.41236,-37.78132
32880.,5.691863,7.610534,6.306825,7.726245,38.58701,-24.4481,-37.75935
32890.,5.693851,7.603695,6.307018,7.727018,38.58788,-24.48365,-37.73742
32900.,5.695471,7.596577,6.306858,7.727431,38.32767,-24.51926,-37.72092
32910.,5.696276,7.588747,6.305881,7.727021,37.93852,-24.55529,-37.68711
32920.,5.69613,7.580068,6.303947,7.72565,37.55399,-24.5919,-37.64927
32930.,5.695047,7.570557,6.301074,7.723334,37.17399,-24.62908,-37.61214
32940.,5.693045,7.560228,6.297278,7.720091,36.79845,-24.66681,-37.5757
32950.,5.69014,7.549096,6.292575,7.715938,36.42728,-24.70508,-37.53994
32960.,5.686348,7.537176,6.286981,7.71089,36.06043,-24.74388,-37.50485
32970.,5.681683,7.524482,6.280512,7.704963,35.69781,-24.7832,-37.4704
32980.,5.676161,7.511027,6.273181,7.698173,35.33935,-24.82301,-37.4366
32990.,5.669797,7.496826,6.265006,7.690536,34.98499,-24.86332,-37.40343
33000.,5.662605,7.481891,6.255999,7.682066,34.63465,-24.90411,-37.37087
33010.,5.654598,7.466236,6.246176,7.672777,34.28827,-24.94537,-37.33892
33020.,5.645793,7.449874,6.235551,7.662684,33.94579,-24.98708,-37.30756
33030.,5.6362,7.432817,6.224136,7.651802,33.60713,-25.02924,-37.27678
33040.,5.625835,7.415077,6.211946,7.640143,33.27225,-25.07184,-37.24658
33050.,5.61471,7.396667,6.198994,7.627722,32.94107,-25.11486,-37.21694
33060.,5.602838,7.377597,6.185293,7.614552,32.61353,-25.1583,-37.18785
33070.,5.590232,7.35788,6.170855,7.600645,32.28959,-25.20214,-37.1593
33080.,5.576903,7.337528,6.155693,7.586014,31.96917,-25.24639,-37.13128
33090.,5.562865,7.31655,6.139819,7.570672,31.65223,-25.29102,-37.10378
33100.,5.548128,7.294958,6.123246,7.554631,31.33871,-25.33603,-37.07679
33110.,5.532705,7.272763,6.105984,7.537903,31.02855,-25.38141,-37.05031
33120.,5.516606,7.249975,6.088045,7.5205,30.7217,-25.42715,-37.02432
33130.,5.499844,7.226604,6.069441,7.502432,30.41811,-25.47325,-36.99881
33140.,5.482429,7.20266,6.050183,7.483713,30.11773,-25.51969,-36.97377
33150.,5.464372,7.178154,6.030281,7.464352,29.8205,-25.56647,-36.94921
33160.,5.445684,7.153094,6.009747,7.44436,29.52639,-25.61358,-36.9251
33170.,5.426375,7.127491,5.988591,7.423749,29.23533,-25.66102,-36.90144
33180.,5.406454,7.101353,5.966823,7.402529,28.94729,-25.70876,-36.87822
33190.,5.385934,7.074691,5.944453,7.380709,28.66221,-25.75682,-36.85543
33200.,5.364822,7.047511,5.921491,7.358301,28.38006,-25.80517,-36.83307
33210.,5.343129,7.019825,5.897947,7.335314,28.10078,-25.85382,-36.81113
33220.,5.320864,6.991639,5.873831,7.311758,27.82433,-25.90276,-36.78959
33230.,5.298036,6.962963,5.849151,7.287642,27.55068,-25.95197,-36.76846
33240.,5.274656,6.933805,5.823918,7.262975,27.27977,-26.00146,-36.74772
33250.,5.250731,6.904173,5.798139,7.237768,27.01157,-26.05122,-36.72737
33260.,5.226271,6.874075,5.771825,7.212028,26.74603,-26.10124,-36.7074
33270.,5.201284,6.843519,5.744984,7.185765,26.48312,-26.15152,-36.68781
33280.,5.175779,6.812512,5.717624,7.158988,26.22279,-26.20204,-36.66858
33290.,5.149763,6.781062,5.689754,7.131705,25.96502,-26.25281,-36.64971
33300.,5.123247,6.749185,5.661383,7.103925,25.70974,-26.30369,-36.62977
33310.,5.096236,6.716891,5.63252,7.075656,25.45692,-26.35461,-36.60947
33320.,5.06874,6.684188,5.603174,7.046906,25.20651,-26.40557,-36.58952
33330.,5.040767,6.651082,5.573352,7.017685,24.95849,-26.45656,-36.5699
33340.,5.012325,6.617582,5.543062,6.987999,24.71282,-26.50759,-36.55062
33350.,4.98342,6.583693,5.512312,6.957857,24.46947,-26.55865,-36.53165
33360.,4.954062,6.549422,5.48111,6.927267,24.2284,-26.60974,-36.513
33370.,4.924257,6.514777,5.449464,6.896236,23.98958,-26.66085,-36.49466
33380.,4.894012,6.479762,5.417379,6.864771,23.75297,-26.71199,-36.47663
33390.,4.863335,6.444386,5.384865,6.83288,23.51855,-26.76314,-36.45889
33400.,4.832234,6.408654,5.351928,6.800571,23.28629,-26.81431,-36.44145
33410.,4.800714,6.372573,5.318574,6.76785,23.05614,-26.8655,-36.42429
33420.,4.768783,6.336148,5.284812,6.734724,22.8281,-26.91669,-36.40742
33430.,4.736448,6.299385,5.250646,6.7012,22.60211,-26.9679,-36.39082
33440.,4.703715,6.262291,5.216086,6.667285,22.37816,-27.01911,-36.3745
33450.,4.67059,6.22487,5.181135,6.632985,22.15622,-27.07033,-36.35844
33460.,4.637081,6.18713,5.145803,6.598308,21.93625,-27.12154,-36.34264
33470.,4.603194,6.149075,5.110093,6.563259,21.71824,-27.17277,-36.3271
33480.,4.568934,6.11071,5.074014,6.527844,21.50215,-27.22398,-36.31182
33490.,4.534308,6.072042,5.03757,6.492071,21.28795,-27.2752,-36.29677
33500.,4.499321,6.033075,5.000768,6.455944,21.07563,-27.32641,-36.28197
33510.,4.463981,5.993815,4.963614,6.419471,20.86515,-27.37761,-36.26741
33520.,4.428292,5.954266,4.926114,6.382657,20.65649,-27.42881,-36.25308
33530.,4.39226,5.914434,4.888273,6.345507,20.44963,-27.47999,-36.23898
33540.,4.355892,5.874325,4.850097,6.308027,20.24453,-27.53116,-36.2251
33550.,4.319192,5.833941,4.811592,6.270224,20.04119,-27.58231,-36.21145
33560.,4.282165,5.793289,4.772763,6.232102,19.83956,-27.63345,-36.198
33570.,4.244818,5.752373,4.733615,6.193668,19.63963,-27.68458,-36.18477
33580.,4.207156,5.711198,4.694154,6.154925,19.44138,-27.73568,-36.17175
33590.,4.169183,5.669768,4.654385,6.11588,19.24479,-27.78676,-36.15893
33600.,4.130906,5.628088,4.614312,6.076538,19.04982,-27.83782,-36.1463
33610.,4.092328,5.586162,4.573942,6.036903,18.85647,-27.88886,-36.13388
33620.,4.053455,5.543994,4.533279,5.996982,18.6647,-27.93987,-36.12164
33630.,4.014292,5.501589,4.492328,5.956778,18.4745,-27.99086,-36.10959
33640.,3.974844,5.458951,4.451093,5.916297,18.28584,-28.04182,-36.09773
33650.,3.935115,5.416084,4.40958,5.875543,18.09871,-28.09275,-36.08604
33660.,3.89511,5.372992,4.367793,5.834521,17.91309,-28.14365,-36.07453
33670.,3.854833,5.32968,4.325736,5.793235,17.72895,-28.19452,-36.0632
33680.,3.814289,5.28615,4.283414,5.751691,17.54628,-28.24535,-36.05203
33690.,3.773852,5.242766,4.241209,5.710272,17.75855,-28.29581,-36.05591
33700.,3.733889,5.199897,4.19949,5.669357,17.96839,-28.34539,-36.04976
33710.,3.694397,5.157537,4.158253,5.628943,18.17581,-28.3941,-36.04324
33720.,3.655372,5.115682,4.117492,5.589025,18.38084,-28.44194,-36.03636
33730.,3.616808,5.074327,4.077205,5.549598,18.5835,-28.48893,-36.02913
33740.,3.578702,5.033468,4.037385,5.510657,18.78382,-28.53508,-36.02155
33750.,3.54105,4.9931,3.99803,5.472199,18.98183,-28.58039,-36.01363
33760.,3.503846,4.953218,3.959134,5.434217,19.17753,-28.62488,-36.00536
33770.,3.467089,4.913818,3.920693,5.396709,19.37096,-28.66855,-35.99676
33780.,3.430772,4.874895,3.882703,5.359668,19.56214,-28.71142,-35.98782
33790.,3.394892,4.836445,3.84516,5.323091,19.75109,-28.7535,-35.97855
33800.,3.359444,4.798465,3.808061,5.286973,19.93784,-28.79475,-35.97635
33810.,3.324426,4.760955,3.771409,5.251305,20.12241,-28.83507,-35.99779
33820.,3.289833,4.723911,3.7352,5.216083,20.30481,-28.87446,-36.01891
33830.,3.25566,4.687329,3.69943,5.1813,20.48508,-28.91295,-36.03972
33840.,3.221905,4.651204,3.664094,5.146954,20.66323,-28.95053,-36.06023
33850.,3.188563,4.615533,3.629189,5.11304,20.83928,-28.98723,-36.08043
33860.,3.155631,4.58031,3.594711,5.079555,21.01327,-29.02304,-36.10034
33870.,3.123105,4.545533,3.560655,5.046493,21.1852,-29.05798,-36.11994
33880.,3.09098,4.511196,3.527018,5.013851,21.35511,-29.09206,-36.13926
33890.,3.059255,4.477295,3.493796,4.981625,21.52301,-29.12529,-36.15828
33900.,3.027923,4.443828,3.460984,4.94981,21.68892,-29.15768,-36.17701
33910.,2.996983,4.410788,3.42858,4.918404,21.85286,-29.18923,-36.19546
33920.,2.96643,4.378173,3.396578,4.887402,22.01487,-29.21997,-36.21362
33930.,2.936261,4.345978,3.364976,4.856799,22.17495,-29.24989,-36.23151
33940.,2.906471,4.3142,3.33377,4.826593,22.33312,-29.27901,-36.24911
33950.,2.877059,4.282835,3.302955,4.796779,22.48942,-29.30733,-36.26645
33960.,2.848019,4.251878,3.272527,4.767353,22.64385,-29.33487,-36.28351
33970.,2.819348,4.221325,3.242485,4.738312,22.79644,-29.36164,-36.3003
33980.,2.791044,4.191173,3.212822,4.709652,22.94721,-29.38764,-36.31683
33990.,2.763101,4.161419,3.183537,4.681369,23.09617,-29.41287,-36.33309
34000.,2.735518,4.132057,3.154624,4.653459,23.24336,-29.43736,-36.34909
34010.,2.70829,4.103085,3.126081,4.625919,23.38878,-29.46111,-36.36483
34020.,2.681414,4.074499,3.097904,4.598745,23.53245,-29.48413,-36.38032
34030.,2.654886,4.046294,3.07009,4.571933,23.6744,-29.50642,-36.39556
34040.,2.628704,4.018468,3.042634,4.545479,23.81465,-29.528,-36.41054
34050.,2.602864,3.991017,3.015534,4.519381,23.95321,-29.54887,-36.42527
34060.,2.577363,3.963936,2.988785,4.493635,24.0901,-29.56904,-36.43977
34070.,2.552197,3.937223,2.962385,4.468236,24.22534,-29.58852,-36.45401
34080.,2.527362,3.910873,2.93633,4.443182,24.35895,-29.60731,-36.46802
34090.,2.502857,3.884884,2.910617,4.41847,24.49095,-29.62543,-36.48179
34100.,2.478677,3.859252,2.885242,4.394094,24.62135,-29.64288,-36.49532
34110.,2.45482,3.833972,2.860201,4.370053,24.75018,-29.65968,-36.50862
34120.,2.431282,3.809043,2.835493,4.346343,24.87744,-29.67582,-36.52169
34130.,2.40806,3.78446,2.811112,4.322961,25.00317,-29.69131,-36.53453
34140.,2.385152,3.76022,2.787057,4.299902,25.12737,-29.70617,-36.54715
34150.,2.362553,3.736319,2.763323,4.277165,25.25006,-29.7204,-36.55954
34160.,2.340261,3.712755,2.739908,4.254745,25.37127,-29.734,-36.57171
34170.,2.318273,3.689523,2.716808,4.23264,25.491,-29.74699,-36.58366
34180.,2.296585,3.666622,2.694021,4.210845,25.60927,-29.75937,-36.59539
34190.,2.275196,3.644047,2.671543,4.189359,25.72611,-29.77115,-36.60691
34200.,2.254101,3.621795,2.649371,4.168178,25.84152,-29.78234,-36.61822
34210.,2.233299,3.599862,2.627501,4.147298,25.95552,-29.79294,-36.62931
34220.,2.212786,3.578247,2.605932,4.126717,26.06814,-29.80295,-36.6402
34230.,2.192558,3.556946,2.58466,4.106431,26.17938,-29.8124,-36.65089
34240.,2.172614,3.535955,2.563682,4.086438,26.28926,-29.82127,-36.66137
34250.,2.152951,3.515271,2.542994,4.066735,26.3978,-29.82959,-36.67164
34260.,2.133565,3.494892,2.522595,4.047318,26.50502,-29.83735,-36.68172
34270.,2.114455,3.474815,2.502481,4.028185,26.61092,-29.84456,-36.6916
34280.,2.095616,3.455035,2.482649,4.009332,26.71552,-29.85123,-36.70129
34290.,2.077047,3.435552,2.463097,3.990758,26.81885,-29.85737,-36.71078
34300.,2.058745,3.41636,2.443821,3.972458,26.92091,-29.86298,-36.72008
34310.,2.040707,3.397512,2.424852,3.954431,27.02175,-29.86787,-36.72576
34320.,2.022931,3.379017,2.406197,3.936674,27.12142,-29.87199,-36.73038
34330.,2.005415,3.360873,2.387852,3.919186,27.21991,-29.87537,-36.73482
34340.,1.988158,3.343076,2.369816,3.901964,27.31724,-29.878,-36.73907
34350.,1.971156,3.325624,2.352084,3.885006,27.41344,-29.8799,-36.74314
34360.,1.954408,3.308513,2.334656,3.868311,27.5085,-29.88107,-36.74702
34370.,1.937912,3.291742,2.317528,3.851875,27.60246,-29.88151,-36.75073
34380.,1.921666,3.275306,2.300697,3.835696,27.69531,-29.88125,-36.75425
34390.,1.905669,3.259204,2.284162,3.819773,27.78707,-29.88028,-36.7576
34400.,1.889917,3.243432,2.26792,3.804103,27.87776,-29.87862,-36.76077
34410.,1.874409,3.227987,2.251969,3.788685,27.96739,-29.87627,-36.76376
34420.,1.859143,3.212868,2.236305,3.773516,28.05598,-29.87323,-36.76658
34430.,1.844118,3.19807,2.220928,3.758594,28.14352,-29.86952,-36.76923
34440.,1.829331,3.183592,2.205834,3.743917,28.23005,-29.86515,-36.77171
34450.,1.81478,3.169431,2.191021,3.729483,28.31557,-29.86011,-36.77402
34460.,1.800464,3.155584,2.176486,3.715291,28.4001,-29.85443,-36.77616
34470.,1.786381,3.142049,2.162229,3.701337,28.48364,-29.84809,-36.77814
34480.,1.772529,3.128823,2.148245,3.687621,28.56621,-29.84112,-36.77995
34490.,1.758907,3.115903,2.134534,3.674141,28.64782,-29.83352,-36.7816
34500.,1.745511,3.103288,2.121092,3.660893,28.72849,-29.82529,-36.78309
34510.,1.732342,3.090973,2.107918,3.647877,28.80822,-29.81645,-36.78441
34520.,1.719396,3.078958,2.09501,3.635091,28.88703,-29.80699,-36.78558
34530.,1.706673,3.067239,2.082364,3.622533,28.96493,-29.79693,-36.78659
34540.,1.694171,3.055815,2.06998,3.610201,29.04193,-29.78627,-36.78744
34550.,1.681887,3.044682,2.057855,3.598093,29.11804,-29.77502,-36.78813
34560.,1.66982,3.033838,2.045987,3.586208,29.19328,-29.76319,-36.78868
34570.,1.657969,3.023281,2.034374,3.574543,29.26765,-29.75077,-36.78907
34580.,1.646332,3.013009,2.023014,3.563097,29.34116,-29.73779,-36.7893
34590.,1.634907,3.003019,2.011905,3.551868,29.41383,-29.72423,-36.78939
34600.,1.623693,2.99331,2.001045,3.540855,29.48567,-29.71012,-36.78933
34610.,1.612688,2.983878,1.990432,3.530056,29.55669,-29.69545,-36.78912
34620.,1.601891,2.974721,1.980063,3.519469,29.6269,-29.68024,-36.78876
34630.,1.5913,2.965838,1.969938,3.509092,29.69631,-29.66448,-36.78826
34640.,1.580913,2.957226,1.960054,3.498924,29.76493,-29.64819,-36.78762
34650.,1.570729,2.948883,1.950409,3.488963,29.83277,-29.63136,-36.78683
34660.,1.560746,2.940807,1.941002,3.479208,29.89984,-29.61401,-36.7859
34670.,1.550964,2.932996,1.93183,3.469657,29.96615,-29.59614,-36.78482
34680.,1.54138,2.925447,1.922891,3.460308,30.03171,-29.57776,-36.78361
34690.,1.531993,2.918158,1.914185,3.451161,30.09653,-29.55887,-36.78226
34700.,1.522801,2.911128,1.905709,3.442212,30.16062,-29.53947,-36.78077
34710.,1.513804,2.904355,1.897461,3.433462,30.22399,-29.51958,-36.77915
34720.,1.505,2.897836,1.889439,3.424908,30.28665,-29.4992,-36.77739
34730.,1.496387,2.891569,1.881642,3.416549,30.3486,-29.47833,-36.7755
34740.,1.487964,2.885553,1.874069,3.408383,30.40987,-29.45697,-36.77347
34750.,1.479729,2.879785,1.866717,3.400409,30.47045,-29.43515,-36.77131
34760.,1.471682,2.874264,1.859584,3.392626,30.53036,-29.41285,-36.76902
34770.,1.463821,2.868987,1.85267,3.385032,30.58961,-29.39008,-36.7666
34780.,1.456144,2.863954,1.845972,3.377625,30.64819,-29.36686,-36.76405
34790.,1.448651,2.859161,1.839489,3.370405,30.70614,-29.34317,-36.76137
34800.,1.44134,2.854607,1.833219,3.36337,30.76344,-29.31904,-36.75856
34810.,1.434209,2.850399,1.827201,3.356523,30.82011,-29.29438,-36.70901
34820.,1.427259,2.846726,1.821508,3.349875,30.87615,-29.26905,-36.57742
34830.,1.420489,2.843586,1.816138,3.343433,30.93159,-29.24307,-36.44591
34840.,1.413899,2.840973,1.811087,3.337197,30.98641,-29.21643,-36.31448
34850.,1.407488,2.838884,1.806356,3.331166,31.04064,-29.18915,-36.18313
34860.,1.401256,2.837315,1.801942,3.325339,31.09428,-29.16122,-36.05186
34870.,1.395202,2.836263,1.797844,3.319716,31.14734,-29.13267,-35.92066
34880.,1.389327,2.835724,1.794059,3.314296,31.19983,-29.10348,-35.78955
34890.,1.383631,2.835694,1.790587,3.309078,31.25176,-29.07368,-35.65851
34900.,1.378112,2.83617,1.787425,3.304062,31.30314,-29.04326,-35.52756
34910.,1.372771,2.837149,1.784573,3.299248,31.35397,-29.01223,-35.39669
34920.,1.367607,2.838626,1.782027,3.294635,31.40426,-28.9806,-35.26589
34930.,1.36262,2.840598,1.779788,3.290222,31.45403,-28.94836,-35.13518
34940.,1.35781,2.843063,1.777854,3.286009,31.50328,-28.91554,-35.00455
34950.,1.353176,2.846015,1.776222,3.281995,31.55202,-28.88213,-34.874
34960.,1.348719,2.849453,1.774891,3.27818,31.60025,-28.84814,-34.74353
34970.,1.344438,2.853373,1.77386,3.274563,31.64799,-28.81357,-34.61314
34980.,1.340332,2.857771,1.773128,3.271144,31.69524,-28.77844,-34.48283
34990.,1.336402,2.862644,1.772692,3.267922,31.74201,-28.74273,-34.35261
35000.,1.332647,2.86799,1.772552,3.264896,31.78831,-28.70647,-34.22247
35010.,1.329067,2.873804,1.772706,3.262067,31.83414,-28.66966,-34.09241
35020.,1.325661,2.880084,1.773153,3.259433,31.87952,-28.6323,-33.96243
35030.,1.322431,2.886826,1.77389,3.256995,31.92444,-28.59439,-33.83254
35040.,1.319374,2.894028,1.774918,3.254751,31.96893,-28.55595,-33.70272
35050.,1.316492,2.901686,1.776234,3.252702,32.01297,-28.51697,-33.573
35060.,1.313783,2.909797,1.777837,3.250846,32.05659,-28.47746,-33.44335
35070.,1.311248,2.918359,1.779726,3.249184,32.09979,-28.43743,-33.31379
35080.,1.308886,2.927368,1.781899,3.247715,32.14257,-28.39689,-33.18431
35090.,1.306698,2.936821,1.784355,3.246438,32.18494,-28.35582,-33.05491
35100.,1.304682,2.946716,1.787093,3.245354,32.22691,-28.31426,-32.9256
35110.,1.302839,2.957049,1.790112,3.244461,32.26849,-28.27218,-32.79637
35120.,1.301169,2.967818,1.793409,3.243759,32.30968,-28.22961,-32.66722
35130.,1.299671,2.97902,1.796985,3.243248,32.35049,-28.18654,-32.53816
35140.,1.298346,2.990652,1.800837,3.242927,32.39092,-28.14299,-32.40918
35150.,1.297192,3.002711,1.804965,3.242796,32.43099,-28.09895,-32.28029
35160.,1.29621,3.015194,1.809367,3.242855,32.47069,-28.05443,-32.15148
35170.,1.2954,3.0281,1.814043,3.243103,32.51003,-28.00943,-32.02276
35180.,1.294761,3.041424,1.81899,3.24354,32.54903,-27.96396,-31.89411
35190.,1.294293,3.055165,1.824208,3.244165,32.58768,-27.91803,-31.76556
35200.,1.293997,3.069319,1.829695,3.244978,32.62599,-27.87163,-31.63708
35210.,1.293871,3.083885,1.835451,3.245979,32.66397,-27.82477,-31.50869
35220.,1.293916,3.098859,1.841474,3.247168,32.70163,-27.77746,-31.38039
35230.,1.294132,3.114239,1.847763,3.248543,32.73896,-27.7297,-31.25217
35240.,1.294518,3.130023,1.854317,3.250105,32.77598,-27.68149,-31.12404
35250.,1.295074,3.146207,1.861135,3.251853,32.81269,-27.63284,-30.99598
35260.,1.2958,3.16279,1.868216,3.253787,32.84909,-27.58376,-30.86802
35270.,1.296697,3.179769,1.875558,3.255906,32.8852,-27.53424,-30.74014
35280.,1.297763,3.197141,1.883161,3.258211,32.92101,-27.48429,-30.61234
35290.,1.298998,3.214905,1.891024,3.260701,32.95654,-27.43391,-30.48463
35300.,1.300404,3.233057,1.899145,3.263375,32.99178,-27.38312,-30.357
35310.,1.301978,3.251595,1.907524,3.266234,33.02674,-27.33191,-30.22945
35320.,1.303722,3.270401,1.916111,3.26928,33.06138,-27.28034,-30.06469
35330.,1.305634,3.289465,1.924903,3.272517,33.09568,-27.22842,-29.89714
35340.,1.307713,3.308785,1.933897,3.275944,33.12966,-27.17616,-29.72982
35350.,1.30996,3.328358,1.943093,3.27956,33.16333,-27.12356,-29.56273
35360.,1.312374,3.348185,1.952491,3.283365,33.19668,-27.07063,-29.39586
35370.,1.314954,3.368263,1.962088,3.287357,33.22972,-27.01736,-29.22922
35380.,1.317699,3.38859,1.971885,3.291536,33.26246,-26.96376,-29.0628
35390.,1.320609,3.409166,1.98188,3.295902,33.29491,-26.90983,-28.89661
35400.,1.323683,3.429989,1.992073,3.300452,33.32706,-26.85558,-28.73064
35410.,1.326922,3.451056,2.002462,3.305187,33.35892,-26.80101,-28.56489
35420.,1.330323,3.472368,2.013046,3.310106,33.3905,-26.74612,-28.39936
35430.,1.333887,3.493923,2.023825,3.315207,33.4218,-26.69092,-28.23406
35440.,1.337614,3.515719,2.034798,3.320491,33.45283,-26.63541,-28.06898
35450.,1.341502,3.537754,2.045964,3.325957,33.48359,-26.57959,-27.90412
35460.,1.345551,3.560028,2.057322,3.331603,33.51408,-26.52346,-27.73948
35470.,1.349761,3.582539,2.068872,3.337429,33.54432,-26.46704,-27.57506
35480.,1.354131,3.605285,2.080612,3.343434,33.5743,-26.41032,-27.41086
35490.,1.35866,3.628266,2.092541,3.349617,33.60403,-26.3533,-27.24688
35500.,1.363349,3.65148,2.10466,3.355979,33.63351,-26.29599,-27.08312
35510.,1.368197,3.674926,2.116966,3.362518,33.66276,-26.23839,-26.91958
35520.,1.373203,3.698602,2.129459,3.369233,33.69176,-26.1805,-26.75626
35530.,1.378366,3.722508,2.142139,3.376124,33.72053,-26.12233,-26.59315
35540.,1.383687,3.746641,2.155005,3.38319,33.74907,-26.06388,-26.43026
35550.,1.389164,3.771001,2.168056,3.390431,33.77739,-26.00515,-26.26759
35560.,1.394798,3.795587,2.18129,3.397845,33.80548,-25.94615,-26.10513
35570.,1.400588,3.820397,2.194708,3.405433,33.83336,-25.88688,-25.94289
35580.,1.406533,3.845429,2.208309,3.413193,33.86102,-25.82733,-25.78087
35590.,1.412634,3.870684,2.222092,3.421125,33.88848,-25.76752,-25.61905
35600.,1.418889,3.896159,2.236055,3.429228,33.91573,-25.70745,-25.45746
35610.,1.425298,3.921854,2.250199,3.437502,33.94278,-25.64711,-25.29607
35620.,1.431861,3.947766,2.264523,3.445946,33.96963,-25.58652,-25.1349
35630.,1.438577,3.973896,2.279026,3.45456,33.99628,-25.52567,-24.97395
35640.,1.445446,4.000242,2.293708,3.463342,34.02275,-25.46456,-24.8132
35650.,1.452468,4.026802,2.308567,3.472293,34.04903,-25.40321,-24.65267
35660.,1.459641,4.053577,2.323602,3.481411,34.07512,-25.3416,-24.49234
35670.,1.466967,4.080563,2.338815,3.490697,34.10104,-25.27975,-24.33223
35680.,1.474444,4.107762,2.354202,3.500149,34.12678,-25.21766,-24.17233
35690.,1.482071,4.13517,2.369765,3.509767,34.15235,-25.15533,-24.01263
35700.,1.48985,4.162788,2.385502,3.51955,34.17774,-25.09276,-23.85315
35710.,1.497778,4.190614,2.401413,3.529499,34.20297,-25.02995,-23.69387
35720.,1.505857,4.218647,2.417497,3.539612,34.22804,-24.96691,-23.53481
35730.,1.514084,4.246887,2.433753,3.549889,34.25295,-24.90363,-23.37595
35740.,1.522461,4.275331,2.450181,3.560329,34.2777,-24.84013,-23.21729
35750.,1.530987,4.303979,2.46678,3.570932,34.3023,-24.7764,-23.05885
35760.,1.539661,4.33283,2.483549,3.581697,34.32675,-24.71245,-22.9006
35770.,1.548483,4.361884,2.500489,3.592624,34.35106,-24.64828,-22.74257
35780.,1.557453,4.391138,2.517598,3.603712,34.37522,-24.58388,-22.58474
35790.,1.56657,4.420592,2.534875,3.614961,34.39923,-24.51927,-22.42711
35800.,1.575834,4.450245,2.552321,3.626371,34.42311,-24.45444,-22.26969
35810.,1.585245,4.480096,2.569934,3.63794,34.44686,-24.3894,-22.11247
35820.,1.594802,4.510062,2.58765,3.649669,34.47048,-24.32438,-21.94438
35830.,1.604504,4.540056,2.605399,3.661561,34.494,-24.2596,-21.76498
35840.,1.614351,4.570077,2.623181,3.673613,34.51742,-24.19507,-21.58588
35850.,1.624339,4.600127,2.640997,3.685826,34.54073,-24.13079,-21.40706
35860.,1.634469,4.630203,2.658846,3.698197,34.56394,-24.06675,-21.22853
35870.,1.64474,4.660307,2.676728,3.710725,34.58705,-24.00294,-21.05029
35880.,1.655149,4.690438,2.694643,3.723409,34.61006,-23.93938,-20.87234
35890.,1.665696,4.720596,2.712591,3.736248,34.63298,-23.87605,-20.69468
35900.,1.676379,4.750781,2.73057,3.749239,34.6558,-23.81295,-20.5173
35910.,1.687198,4.780992,2.748582,3.762382,34.67852,-23.75008,-20.34021
35920.,1.698151,4.811229,2.766626,3.775675,34.70116,-23.68744,-20.16341
35930.,1.709236,4.841492,2.784701,3.789117,34.7237,-23.62502,-19.98689
35940.,1.720454,4.871781,2.802809,3.802707,34.74615,-23.56283,-19.81065
35950.,1.731802,4.902095,2.820947,3.816443,34.76852,-23.50085,-19.6347
35960.,1.74328,4.932435,2.839117,3.830323,34.79079,-23.4391,-19.45904
35970.,1.754886,4.9628,2.857318,3.844348,34.81298,-23.37756,-19.28365
35980.,1.766619,4.993191,2.87555,3.858515,34.83509,-23.31623,-19.10855
35990.,1.778479,5.023606,2.893812,3.872823,34.85711,-23.25511,-18.93373
36000.,1.790464,5.054046,2.912105,3.887271,34.87905,-23.1942,-18.75919
36010.,1.802572,5.08451,2.930428,3.901858,34.90091,-23.13349,-18.58494
36020.,1.814804,5.114999,2.948782,3.916582,34.9227,-23.07299,-18.41096
36030.,1.827158,5.145512,2.967166,3.931442,34.9444,-23.0127,-18.23726
36040.,1.839632,5.176049,2.985579,3.946437,34.96602,-22.9526,-18.06384
36050.,1.852227,5.20661,3.004023,3.961566,34.98757,-22.8927,-17.8907
36060.,1.86494,5.237195,3.022495,3.976828,35.00905,-22.83299,-17.71784
36070.,1.877771,5.267803,3.040998,3.992222,35.03045,-22.77348,-17.54525
36080.,1.890719,5.298435,3.059529,4.007745,35.05178,-22.71415,-17.37294
36090.,1.903782,5.32909,3.07809,4.023398,35.07304,-22.65502,-17.20091
36100.,1.916961,5.359768,3.096679,4.039179,35.09422,-22.59607,-17.02915
36110.,1.930253,5.390468,3.115298,4.055087,35.11534,-22.53731,-16.85767
36120.,1.943658,5.421192,3.133945,4.071121,35.13639,-22.47873,-16.68646
36130.,1.957176,5.451938,3.152621,4.08728,35.15738,-22.42033,-16.51552
36140.,1.970804,5.482707,3.171325,4.103562,35.17829,-22.36212,-16.34486
36150.,1.984542,5.513498,3.190057,4.119968,35.19915,-22.30407,-16.17446
36160.,1.99839,5.544311,3.208818,4.136494,35.21994,-22.24621,-16.00434
36170.,2.012346,5.575146,3.227606,4.153141,35.24066,-22.18851,-15.83449
36180.,2.026409,5.606003,3.246422,4.169908,35.26133,-22.13099,-15.66491
36190.,2.040578,5.636882,3.265266,4.186793,35.28193,-22.07363,-15.4956
36200.,2.054853,5.667783,3.284138,4.203795,35.30248,-22.01645,-15.32656
36210.,2.069233,5.698704,3.303037,4.220914,35.32296,-21.95943,-15.15779
36220.,2.083717,5.729648,3.321964,4.238149,35.34339,-21.90257,-14.98928
36230.,2.098304,5.760612,3.340918,4.255498,35.36376,-21.84587,-14.82104
36240.,2.112992,5.791598,3.359899,4.27296,35.38408,-21.78934,-14.65307
36250.,2.127782,5.822605,3.378907,4.290535,35.40434,-21.73296,-14.48536
36260.,2.142673,5.853632,3.397941,4.308221,35.42455,-21.67674,-14.31792
36270.,2.157663,5.88468,3.417003,4.326018,35.4447,-21.62068,-14.15074
36280.,2.172752,5.915749,3.436091,4.343924,35.4648,-21.56477,-13.98383
36290.,2.187939,5.946838,3.455206,4.36194,35.48485,-21.50901,-13.81718
36300.,2.203223,5.977948,3.474347,4.380063,35.50485,-21.45339,-13.65079
36310.,2.218604,6.009078,3.493515,4.398292,35.5248,-21.39793,-13.48466
36320.,2.23408,6.040218,3.512705,4.416628,35.5447,-21.34265,-13.32358
36330.,2.24965,6.071195,3.531859,4.435056,35.56459,-21.28816,-13.24988
36340.,2.265312,6.102009,3.550976,4.453564,35.58447,-21.23445,-13.1762
36350.,2.281065,6.13266,3.570055,4.47215,35.60433,-21.18152,-13.10254
36360.,2.296905,6.16315,3.589096,4.490813,35.62418,-21.12936,-13.02889
36370.,2.312833,6.193478,3.608098,4.509551,35.64401,-21.07795,-12.95528
36380.,2.328845,6.223646,3.627061,4.528361,35.66383,-21.02729,-12.88168
36390.,2.34494,6.253654,3.645983,4.547244,35.68363,-20.97737,-12.8081
36400.,2.361116,6.283503,3.664865,4.566195,35.70341,-20.92818,-12.73455
36410.,2.377371,6.313193,3.683705,4.585215,35.72318,-20.87972,-12.66103
36420.,2.393704,6.342725,3.702503,4.604302,35.74292,-20.83197,-12.58753
36430.,2.410113,6.3721,3.72126,4.623453,35.76265,-20.78494,-12.51406
36440.,2.426596,6.401317,3.739973,4.642667,35.78236,-20.7386,-12.44061
36450.,2.443151,6.430378,3.758642,4.661942,35.80204,-20.69295,-12.36719
36460.,2.459778,6.459284,3.777268,4.681278,35.8217,-20.64799,-12.29381
36470.,2.476473,6.488034,3.795849,4.700671,35.84134,-20.6037,-12.22045
36480.,2.493235,6.51663,3.814384,4.720122,35.86096,-20.56009,-12.14712
36490.,2.510064,6.545072,3.832874,4.739628,35.88055,-20.51713,-12.07382
36500.,2.526956,6.57336,3.851318,4.759187,35.90012,-20.47483,-12.00055
36510.,2.543911,6.601496,3.869716,4.778799,35.91967,-20.43318,-11.92732
36520.,2.560927,6.629479,3.888066,4.798462,35.93919,-20.39217,-11.85412
36530.,2.578003,6.657311,3.906368,4.818174,35.95868,-20.35178,-11.78096
36540.,2.595136,6.684991,3.924623,4.837933,35.97814,-20.31203,-11.70782
36550.,2.612326,6.712521,3.942828,4.857739,35.99758,-20.27289,-11.63473
36560.,2.629571,6.739901,3.960985,4.87759,36.01699,-20.23437,-11.56167
36570.,2.646869,6.767131,3.979092,4.897485,36.03637,-20.19645,-11.48864
36580.,2.664219,6.794213,3.997149,4.917421,36.05573,-20.15912,-11.41566
36590.,2.681619,6.821146,4.015156,4.937399,36.07505,-20.12239,-11.34271
36600.,2.699068,6.847931,4.033112,4.957416,36.09434,-20.08624,-11.2698
36610.,2.716565,6.874569,4.051016,4.97747,36.11361,-20.05067,-11.19693
36620.,2.734108,6.90106,4.068868,4.997562,36.13284,-20.01568,-11.1241
36630.,2.751696,6.927405,4.086669,5.017689,36.15204,-19.98124,-11.05131
36640.,2.769327,6.953604,4.104416,5.03785,36.1712,-19.94737,-10.97856
36650.,2.787,6.979659,4.122111,5.058044,36.19034,-19.91405,-10.90585
36660.,2.804713,7.005568,4.139752,5.078269,36.20944,-19.88127,-10.83318
36670.,2.822466,7.031333,4.15734,5.098524,36.22851,-19.84904,-10.76056
36680.,2.840256,7.056955,4.174873,5.118809,36.24754,-19.81734,-10.68798
36690.,2.858084,7.082434,4.192351,5.139121,36.26654,-19.78617,-10.61544
36700.,2.875946,7.10777,4.209774,5.15946,36.28551,-19.75552,-10.54295
36710.,2.893843,7.132964,4.227142,5.179824,36.30444,-19.72539,-10.4705
36720.,2.911772,7.158017,4.244454,5.200212,36.32333,-19.69576,-10.3981
36730.,2.929733,7.182929,4.26171,5.220624,36.34219,-19.66665,-10.32574
36740.,2.947724,7.2077,4.27891,5.241057,36.36101,-19.63803,-10.25343
36750.,2.965744,7.232331,4.296052,5.26151,36.37979,-19.60991,-10.18117
36760.,2.983792,7.256823,4.313137,5.281983,36.39854,-19.58227,-10.10895
36770.,3.001866,7.281175,4.330165,5.302475,36.41724,-19.55512,-10.03678
36780.,3.019966,7.30539,4.347135,5.322983,36.43591,-19.52844,-9.964662
36790.,3.03809,7.329466,4.364046,5.343508,36.45454,-19.50224,-9.892591
36800.,3.056237,7.353404,4.380899,5.364048,36.47314,-19.47651,-9.820569
36810.,3.074406,7.377206,4.397693,5.384602,36.49169,-19.45123,-9.748597
36820.,3.092596,7.400871,4.414428,5.405168,36.5102,-19.42642,-9.676675
36830.,3.110805,7.42429,4.431112,5.425727,36.52869,-19.40234,-9.754834
36840.,3.129032,7.447395,4.447749,5.446246,36.54716,-19.37918,-9.92711
36850.,3.147275,7.470188,4.464339,5.466712,36.56561,-19.35692,-10.09975
36860.,3.165531,7.49267,4.48088,5.487122,36.58404,-19.33555,-10.27276
36870.,3.183799,7.514842,4.497371,5.507476,36.60245,-19.31507,-10.44613
36880.,3.202077,7.536706,4.51381,5.527773,36.62084,-19.29546,-10.61988
36890.,3.220363,7.558264,4.530196,5.548012,36.6392,-19.27671,-10.794
36900.,3.238655,7.579516,4.546527,5.56819,36.65754,-19.25882,-10.96849
36910.,3.256952,7.600464,4.562804,5.588308,36.67585,-19.24178,-11.14336
36920.,3.27525,7.62111,4.579024,5.608363,36.69413,-19.22556,-11.31862
36930.,3.293549,7.641454,4.595185,5.628355,36.71238,-19.21018,-11.49426
36940.,3.311847,7.661498,4.611288,5.648282,36.73059,-19.19561,-11.67028
36950.,3.330142,7.681244,4.62733,5.668144,36.74878,-19.18185,-11.84669
36960.,3.348432,7.700693,4.643311,5.687939,36.76693,-19.16889,-12.02349
36970.,3.366716,7.719846,4.659229,5.707665,36.78505,-19.15671,-12.20069
36980.,3.384991,7.738704,4.675083,5.727323,36.80312,-19.14532,-12.37828
36990.,3.403257,7.757269,4.690873,5.74691,36.82116,-19.1347,-12.55627
37000.,3.421511,7.775542,4.706596,5.766426,36.83917,-19.12485,-12.73466
37010.,3.439751,7.793524,4.722252,5.78587,36.85713,-19.11575,-12.91345
37020.,3.457977,7.811217,4.737839,5.80524,36.87504,-19.1074,-13.09265
37030.,3.476186,7.828622,4.753358,5.824536,36.89292,-19.09979,-13.27226
37040.,3.494377,7.84574,4.768806,5.843756,36.91075,-19.09291,-13.45228
37050.,3.512549,7.862572,4.784182,5.8629,36.92854,-19.08675,-13.63271
37060.,3.530699,7.879119,4.799486,5.881967,36.94628,-19.08131,-13.81356
37070.,3.548826,7.895384,4.814716,5.900954,36.96397,-19.07658,-13.99483
37080.,3.566929,7.911367,4.829872,5.919863,36.98162,-19.07255,-14.17652
37090.,3.585006,7.927068,4.844952,5.938691,36.99921,-19.06921,-14.35864
37100.,3.603056,7.942491,4.859956,5.957438,37.01676,-19.06655,-14.54118
37110.,3.621077,7.957635,4.874882,5.976102,37.03425,-19.06457,-14.72415
37120.,3.639068,7.972502,4.88973,5.994684,37.05169,-19.06327,-14.90755
37130.,3.657027,7.987092,4.904498,6.013181,37.06908,-19.06262,-15.09139
37140.,3.674953,8.001408,4.919186,6.031593,37.08641,-19.06263,-15.27567
37150.,3.692844,8.015451,4.933793,6.04992,37.10369,-19.06329,-15.46039
37160.,3.7107,8.029221,4.948317,6.068159,37.12091,-19.0646,-15.64555
37170.,3.728518,8.04272,4.962759,6.086311,37.13807,-19.06654,-15.83115
37180.,3.746298,8.055948,4.977117,6.104375,37.15518,-19.0691,-16.01721
37190.,3.764038,8.068908,4.991389,6.122349,37.17222,-19.07229,-16.20372
37200.,3.781736,8.081599,5.005577,6.140234,37.18921,-19.0761,-16.39068
37210.,3.799393,8.094024,5.019678,6.158027,37.20613,-19.08051,-16.5781
37220.,3.817005,8.106183,5.033691,6.175729,37.223,-19.08553,-16.76599
37230.,3.834572,8.118078,5.047617,6.193338,37.2398,-19.09114,-16.95433
37240.,3.852093,8.129709,5.061453,6.210854,37.25654,-19.09734,-17.14314
37250.,3.869566,8.141077,5.0752,6.228276,37.27321,-19.10413,-17.33242
37260.,3.886991,8.152185,5.088856,6.245603,37.28982,-19.11149,-17.52218
37270.,3.904365,8.163032,5.102421,6.262835,37.30636,-19.11943,-17.7124
37280.,3.921689,8.17362,5.115894,6.27997,37.32284,-19.12793,-17.90311
37290.,3.938959,8.183949,5.129275,6.297009,37.33925,-19.13699,-18.0943
37300.,3.956177,8.194022,5.142561,6.313949,37.35559,-19.14661,-18.28597
37310.,3.97334,8.203839,5.155754,6.330792,37.37186,-19.15677,-18.47813
37320.,3.990447,8.213401,5.168851,6.347535,37.38806,-19.16748,-18.67078
37330.,4.007497,8.222688,5.181857,6.364177,37.40418,-19.17873,-18.87876
37340.,4.024488,8.231606,5.194783,6.380707,37.42017,-19.19055,-19.15578
37350.,4.04142,8.240157,5.207631,6.397116,37.43602,-19.20294,-19.43377
37360.,4.058291,8.248343,5.220397,6.413404,37.45173,-19.21588,-19.71275
37370.,4.075099,8.256165,5.233081,6.429569,37.4673,-19.22938,-19.99273
37380.,4.091843,8.263626,5.245682,6.445612,37.48274,-19.24343,-20.2737
37390.,4.108522,8.270727,5.258199,6.46153,37.49804,-19.25802,-20.55569
37400.,4.125134,8.27747,5.270629,6.477324,37.5132,-19.27314,-20.83869
37410.,4.141677,8.283857,5.282973,6.492992,37.52823,-19.2888,-21.12272
37420.,4.158151,8.289889,5.295229,6.508534,37.54312,-19.30499,-21.40779
37430.,4.174554,8.295568,5.307396,6.523949,37.55787,-19.3217,-21.69391
37440.,4.190885,8.300896,5.319473,6.539236,37.57248,-19.33893,-21.98107
37450.,4.207142,8.305875,5.331458,6.554394,37.58695,-19.35668,-22.26931
37460.,4.223325,8.310506,5.34335,6.569423,37.60129,-19.37493,-22.55861
37470.,4.239431,8.314791,5.355149,6.584322,37.61549,-19.39368,-22.84899
37480.,4.255461,8.318732,5.366854,6.59909,37.62955,-19.41294,-23.14047
37490.,4.271411,8.32233,5.378463,6.613727,37.64348,-19.43269,-23.43305
37500.,4.287282,8.325586,5.389975,6.628232,37.65727,-19.45293,-23.72674
37510.,4.303072,8.328504,5.401389,6.642604,37.67091,-19.47365,-24.02154
37520.,4.31878,8.331083,5.412705,6.656843,37.68442,-19.49486,-24.31748
37530.,4.334404,8.333326,5.423921,6.670947,37.6978,-19.51654,-24.61456
37540.,4.349944,8.335234,5.435036,6.684917,37.71103,-19.5387,-24.91279
37550.,4.365399,8.33681,5.44605,6.698751,37.72413,-19.56132,-25.21218
37560.,4.380766,8.338053,5.456961,6.71245,37.73709,-19.58441,-25.51274
37570.,4.396046,8.338967,5.467769,6.726012,37.74991,-19.60796,-25.81449
37580.,4.411237,8.339552,5.478472,6.739436,37.76259,-19.63197,-26.11742
37590.,4.426338,8.33981,5.489069,6.752723,37.77514,-19.65643,-26.42156
37600.,4.441348,8.339743,5.499561,6.765872,37.78754,-19.68133,-26.72692
37610.,4.456266,8.339351,5.509945,6.778882,37.79981,-19.70669,-27.0335
37620.,4.471091,8.338637,5.520222,6.791752,37.81194,-19.73248,-27.34131
37630.,4.485822,8.337602,5.530389,6.804482,37.82393,-19.75871,-27.65038
37640.,4.500457,8.336247,5.540447,6.817072,37.83579,-19.78537,-27.96071
37650.,4.514996,8.334575,5.550394,6.829521,37.8475,-19.81246,-28.2723
37660.,4.529439,8.332585,5.56023,6.841828,37.85908,-19.83998,-28.58519
37670.,4.543783,8.33028,5.569954,6.853993,37.87052,-19.86792,-28.89937
37680.,4.558028,8.327661,5.579565,6.866015,37.88183,-19.89628,-29.21485
37690.,4.572173,8.32473,5.589062,6.877894,37.89299,-19.92506,-29.53166
37700.,4.586217,8.321487,5.598445,6.88963,37.90402,-19.95424,-29.8498
37710.,4.60016,8.317935,5.607712,6.901222,37.91491,-19.98384,-30.16929
37720.,4.614,8.314074,5.616864,6.912669,37.92566,-20.01384,-30.49014
37730.,4.627736,8.309906,5.625898,6.923971,37.93628,-20.04424,-30.81236
37740.,4.641368,8.305433,5.634816,6.935128,37.94675,-20.07505,-31.13597
37750.,4.654894,8.300655,5.643615,6.946138,37.95709,-20.10624,-31.46097
37760.,4.668314,8.295574,5.652295,6.957003,37.96729,-20.13784,-31.78739
37770.,4.681628,8.290191,5.660855,6.967721,37.97736,-20.16982,-32.11524
37780.,4.694833,8.284507,5.669296,6.978291,37.98728,-20.20218,-32.44453
37790.,4.70793,8.278525,5.677615,6.988714,37.99707,-20.23493,-32.77527
37800.,4.720918,8.272244,5.685813,6.99899,38.00672,-20.26806,-33.10749
37810.,4.733795,8.265667,5.693889,7.009116,38.01624,-20.30157,-33.44119
37820.,4.746561,8.258794,5.701842,7.019094,38.02562,-20.33545,-33.7764
37830.,4.759216,8.251627,5.709671,7.028923,38.03486,-20.36971,-34.11312
37840.,4.771759,8.244391,5.717419,7.038622,38.04396,-20.40416,-34.25908
37850.,4.784189,8.237162,5.7251,7.048214,38.05293,-20.43876,-34.33842
37860.,4.796507,8.22994,5.732713,7.057706,38.06176,-20.4735,-34.4179
37870.,4.808714,8.222724,5.74026,7.067099,38.07046,-20.50838,-34.49754
37880.,4.82081,8.215513,5.747738,7.076393,38.07903,-20.54341,-34.57732
37890.,4.832794,8.208305,5.755149,7.085587,38.08747,-20.57857,-34.65724
37900.,4.844667,8.201101,5.762492,7.094683,38.09577,-20.61387,-34.73732
37910.,4.85643,8.193899,5.769767,7.103679,38.10394,-20.64931,-34.81755
37920.,4.868082,8.186698,5.776973,7.112576,38.11199,-20.68489,-34.89792
37930.,4.879623,8.179497,5.784111,7.121375,38.11991,-20.7206,-34.97845
37940.,4.891055,8.172295,5.791179,7.130075,38.12769,-20.75645,-35.05912
37950.,4.902377,8.165092,5.798179,7.138676,38.13536,-20.79244,-35.13995
37960.,4.913588,8.157887,5.80511,7.147178,38.1429,-20.82856,-35.22093
37970.,4.924691,8.150678,5.811971,7.155582,38.15031,-20.86481,-35.30206
37980.,4.935684,8.143465,5.818763,7.163888,38.1576,-20.9012,-35.38334
37990.,4.946568,8.136247,5.825485,7.172096,38.16477,-20.93772,-35.46477
38000.,4.957343,8.129023,5.832137,7.180205,38.17181,-20.97437,-35.54635
38010.,4.96801,8.121793,5.838719,7.188217,38.17874,-21.01116,-35.62809
38020.,4.978568,8.114555,5.845231,7.19613,38.18554,-21.04807,-35.70998
38030.,4.989019,8.107309,5.851672,7.203946,38.19223,-21.08512,-35.79202
38040.,4.999361,8.100054,5.858043,7.211665,38.1988,-21.12229,-35.87422
38050.,5.009595,8.09279,5.864344,7.219285,38.20525,-21.1596,-35.95657
38060.,5.019722,8.085514,5.870573,7.226808,38.21158,-21.19703,-36.03908
38070.,5.029742,8.078228,5.876731,7.234234,38.21779,-21.23459,-36.12174
38080.,5.039654,8.070929,5.882819,7.241563,38.22389,-21.27228,-36.20455
38090.,5.04946,8.063617,5.888835,7.248795,38.22988,-21.31009,-36.28753
38100.,5.059159,8.056292,5.89478,7.255929,38.23575,-21.34803,-36.37065
38110.,5.068751,8.048953,5.900653,7.262967,38.24151,-21.3861,-36.45394
38120.,5.078237,8.041598,5.906455,7.269908,38.24716,-21.42429,-36.53738
38130.,5.087618,8.034228,5.912184,7.276753,38.2527,-21.46261,-36.62097
38140.,5.096892,8.026842,5.917842,7.283501,38.25812,-21.50105,-36.70473
38150.,5.106061,8.019438,5.923428,7.290152,38.26344,-21.53961,-36.78864
38160.,5.115124,8.012017,5.928942,7.296707,38.26864,-21.5783,-36.87271
38170.,5.124082,8.004577,5.934384,7.303167,38.27374,-21.61711,-36.95694
38180.,5.132935,7.997119,5.939753,7.30953,38.27873,-21.65604,-37.04133
38190.,5.141684,7.98964,5.945049,7.315797,38.28361,-21.69509,-37.12588
38200.,5.150328,7.982141,5.950274,7.321968,38.28839,-21.73426,-37.21058
38210.,5.158867,7.974621,5.955425,7.328044,38.29306,-21.77356,-37.29545
38220.,5.167303,7.96708,5.960504,7.334024,38.29762,-21.81297,-37.38048
38230.,5.175634,7.959516,5.965509,7.339909,38.30208,-21.85251,-37.46566
38240.,5.183862,7.951929,5.970442,7.345699,38.30644,-21.89216,-37.55101
38250.,5.191986,7.944319,5.975302,7.351393,38.31069,-21.93193,-37.63652
38260.,5.200007,7.936685,5.980089,7.356992,38.31484,-21.97182,-37.7222
38270.,5.207925,7.929026,5.984802,7.362497,38.31888,-22.01183,-37.80803
38280.,5.21574,7.921342,5.989442,7.367906,38.32283,-22.05196,-37.89403
38290.,5.223452,7.913632,5.994008,7.373221,38.32667,-22.0922,-37.98019
38300.,5.231062,7.905896,5.998502,7.378442,38.33042,-22.13256,-38.06651
38310.,5.23857,7.898132,6.002921,7.383568,38.33406,-22.17304,-38.153
38320.,5.245975,7.890342,6.007267,7.3886,38.33761,-22.21363,-38.23965
38330.,5.253279,7.882523,6.011539,7.393537,38.34106,-22.25433,-38.32647
38340.,5.260481,7.874695,6.015737,7.398383,38.34442,-22.29509,-38.38467
38350.,5.267582,7.866901,6.019861,7.403147,38.34775,-22.33574,-38.37737
38360.,5.274583,7.859142,6.02391,7.407835,38.35103,-22.3763,-38.37012
38370.,5.281484,7.851417,6.027886,7.412447,38.35426,-22.41676,-38.36293
38380.,5.288287,7.843723,6.031789,7.416985,38.35746,-22.45712,-38.35579
38390.,5.294991,7.836062,6.035619,7.421447,38.36061,-22.4974,-38.34871
38400.,5.301597,7.828433,6.039376,7.425836,38.36372,-22.53757,-38.34169
38410.,5.308107,7.820834,6.043062,7.430151,38.36679,-22.57766,-38.33472
38420.,5.31452,7.813265,6.046677,7.434392,38.36982,-22.61766,-38.3278
38430.,5.320838,7.805726,6.05022,7.438561,38.37281,-22.65758,-38.32094
38440.,5.327061,7.798215,6.053693,7.442657,38.37576,-22.69741,-38.31413
38450.,5.33319,7.790733,6.057096,7.446682,38.37866,-22.73715,-38.30737
38460.,5.339225,7.783278,6.060429,7.450634,38.38153,-22.77682,-38.30067
38470.,5.345168,7.775851,6.063693,7.454516,38.38435,-22.8164,-38.29401
38480.,5.351018,7.76845,6.066888,7.458327,38.38714,-22.85591,-38.28741
38490.,5.356776,7.761074,6.070014,7.462068,38.38989,-22.89534,-38.28087
38500.,5.362444,7.753724,6.073072,7.465739,38.39259,-22.93469,-38.27437
38510.,5.368021,7.746399,6.076063,7.46934,38.39526,-22.97397,-38.26792
38520.,5.373508,7.739097,6.078986,7.472872,38.39789,-23.01317,-38.26153
38530.,5.378906,7.73182,6.081843,7.476336,38.40048,-23.05231,-38.25519
38540.,5.384215,7.724565,6.084632,7.479731,38.40304,-23.09138,-38.24889
38550.,5.389437,7.717332,6.087356,7.483058,38.40555,-23.13037,-38.24265
38560.,5.394571,7.710121,6.090014,7.486318,38.40803,-23.1693,-38.23646
38570.,5.399618,7.702932,6.092606,7.489511,38.41047,-23.20817,-38.23031
38580.,5.404578,7.695763,6.095133,7.492637,38.41287,-23.24697,-38.22422
38590.,5.409454,7.688615,6.097596,7.495696,38.41524,-23.28571,-38.21817
38600.,5.414243,7.681486,6.099994,7.49869,38.41757,-23.32439,-38.21217
38610.,5.418949,7.674376,6.102328,7.501618,38.41986,-23.36301,-38.20623
38620.,5.42357,7.667285,6.104599,7.50448,38.42211,-23.40156,-38.20033
38630.,5.428108,7.660212,6.106806,7.507278,38.42433,-23.44007,-38.19447
38640.,5.432562,7.653157,6.10895,7.51001,38.42652,-23.47851,-38.18867
38650.,5.436935,7.646119,6.111032,7.512679,38.42866,-23.5169,-38.18291
38660.,5.441225,7.639097,6.113052,7.515284,38.43077,-23.55524,-38.1772
38670.,5.445434,7.632092,6.115009,7.517825,38.43285,-23.59352,-38.17153
38680.,5.449562,7.625102,6.116905,7.520303,38.43489,-23.63176,-38.16592
38690.,5.45361,7.618127,6.118739,7.522718,38.4369,-23.66994,-38.16034
38700.,5.457578,7.611167,6.120513,7.52507,38.43887,-23.70807,-38.15482
38710.,5.461466,7.604222,6.122226,7.527361,38.4408,-23.74616,-38.14934
38720.,5.465276,7.59729,6.123878,7.529589,38.4427,-23.7842,-38.14391
38730.,5.469008,7.590371,6.125471,7.531755,38.44457,-23.82219,-38.13852
38740.,5.472661,7.583465,6.127004,7.533861,38.4464,-23.86014,-38.13317
38750.,5.476237,7.576572,6.128477,7.535905,38.4482,-23.89805,-38.12787
38760.,5.479736,7.56969,6.129891,7.537889,38.44996,-23.93591,-38.12262
38770.,5.483159,7.56282,6.131247,7.539812,38.4517,-23.97373,-38.11741
38780.,5.486506,7.555961,6.132544,7.541676,38.45339,-24.01151,-38.11224
38790.,5.489777,7.549113,6.133783,7.54348,38.45506,-24.04926,-38.10712
38800.,5.492973,7.542274,6.134963,7.545224,38.45669,-24.08696,-38.10204
38810.,5.496095,7.535446,6.136087,7.546909,38.45828,-24.12463,-38.09701
38820.,5.499143,7.528627,6.137153,7.548535,38.45985,-24.16226,-38.09202
38830.,5.502117,7.521817,6.138161,7.550103,38.46138,-24.19986,-38.08707
38840.,5.505017,7.515015,6.139113,7.551613,38.46288,-24.23742,-38.08216
38850.,5.507845,7.508227,6.140008,7.553066,38.46433,-24.27478,-38.06198
38860.,5.510601,7.501454,6.140845,7.554465,38.46573,-24.31193,-38.03952
38870.,5.513285,7.494694,6.141626,7.555809,38.46708,-24.34886,-38.0171
38880.,5.515899,7.487948,6.14235,7.557101,38.46838,-24.38557,-37.99472
38890.,5.518442,7.481216,6.143019,7.558339,38.46963,-24.42208,-37.9724
38900.,5.520915,7.474496,6.143632,7.559525,38.47083,-24.45838,-37.95011
38910.,5.52332,7.46779,6.14419,7.560659,38.47199,-24.49447,-37.92787
38920.,5.525655,7.461096,6.144694,7.561742,38.47309,-24.53037,-37.90568
38930.,5.527923,7.454415,6.145144,7.562773,38.47416,-24.56606,-37.88353
38940.,5.530124,7.447746,6.14554,7.563753,38.47517,-24.60156,-37.86142
38950.,5.532258,7.441088,6.145883,7.564682,38.47614,-24.63686,-37.83935
38960.,5.533873,7.43401,6.145712,7.565095,38.084,-24.67228,-37.81427
38970.,5.534525,7.426074,6.144573,7.564534,37.69653,-24.70829,-37.77579
38980.,5.534232,7.417295,6.142485,7.563018,37.31363,-24.74488,-37.73801
38990.,5.533009,7.407689,6.139464,7.560565,36.93524,-24.78203,-37.70094
39000.,5.530874,7.397271,6.135526,7.557191,36.56128,-24.81972,-37.66455
39010.,5.527841,7.386056,6.130687,7.552913,36.19166,-24.85796,-37.62883
39020.,5.523927,7.374057,6.124963,7.547746,35.82633,-24.89672,-37.59378
39030.,5.519147,7.36129,6.11837,7.541707,35.4652,-24.93599,-37.55937
39040.,5.513515,7.347768,6.110922,7.534811,35.10821,-24.97575,-37.5256
39050.,5.507047,7.333503,6.102634,7.527072,34.75528,-25.01601,-37.49245
39060.,5.499756,7.318511,6.093521,7.518507,34.40635,-25.05675,-37.45991
39070.,5.491656,7.302803,6.083597,7.509128,34.06136,-25.09794,-37.42798
39080.,5.482762,7.286392,6.072876,7.498951,33.72023,-25.1396,-37.39663
39090.,5.473087,7.26929,6.061371,7.487989,33.38292,-25.1817,-37.36587
39100.,5.462644,7.25151,6.049096,7.476257,33.04934,-25.22423,-37.33567
39110.,5.451446,7.233064,6.036063,7.463766,32.71945,-25.26718,-37.30603
39120.,5.439506,7.213963,6.022286,7.450532,32.39318,-25.31055,-37.27693
39130.,5.426836,7.194219,6.007778,7.436565,32.07048,-25.35433,-37.24837
39140.,5.413448,7.173843,5.992549,7.421879,31.75129,-25.3985,-37.22034
39150.,5.399355,7.152846,5.976614,7.406487,31.43554,-25.44305,-37.19283
39160.,5.384568,7.131239,5.959983,7.3904,31.1232,-25.48799,-37.16583
39170.,5.369099,7.109032,5.942668,7.373631,30.8142,-25.53329,-37.13932
39180.,5.352959,7.086235,5.924681,7.35619,30.50849,-25.57895,-37.11331
39190.,5.33616,7.06286,5.906033,7.338089,30.20602,-25.62496,-37.08777
39200.,5.318711,7.038915,5.886734,7.319341,29.90673,-25.67132,-37.0627
39210.,5.300625,7.014411,5.866796,7.299955,29.61059,-25.71801,-37.0381
39220.,5.28191,6.989357,5.846229,7.279942,29.31754,-25.76503,-37.01396
39230.,5.262579,6.963762,5.825044,7.259313,29.02752,-25.81237,-36.99026
39240.,5.242641,6.937636,5.803251,7.238079,28.74051,-25.86003,-36.96699
39250.,5.222105,6.910989,5.78086,7.21625,28.45644,-25.90799,-36.94416
39260.,5.200982,6.883827,5.75788,7.193835,28.17528,-25.95625,-36.92175
39270.,5.179281,6.856162,5.734322,7.170845,27.89697,-26.0048,-36.89976
39280.,5.157012,6.828,5.710195,7.147289,27.62149,-26.05364,-36.87817
39290.,5.134183,6.799351,5.685508,7.123176,27.34877,-26.10275,-36.85698
39300.,5.110804,6.770222,5.66027,7.098517,27.07879,-26.15214,-36.83618
39310.,5.086885,6.740622,5.634491,7.073319,26.8115,-26.2018,-36.81577
39320.,5.062433,6.710558,5.608178,7.047593,26.54686,-26.25172,-36.79574
39330.,5.037457,6.680039,5.581342,7.021346,26.28484,-26.30189,-36.77607
39340.,5.011966,6.649072,5.55399,6.994588,26.02538,-26.35231,-36.75678
39350.,4.985968,6.61767,5.526131,6.967327,25.76845,-26.40289,-36.73692
39360.,4.959471,6.585846,5.497776,6.939572,25.514,-26.45351,-36.7162
39370.,4.932483,6.553608,5.468931,6.911331,25.26199,-26.50418,-36.69583
39380.,4.905013,6.520963,5.439606,6.882613,25.01239,-26.55489,-36.6758
39390.,4.877069,6.487918,5.409808,6.853425,24.76516,-26.60564,-36.6561
39400.,4.848657,6.45448,5.379545,6.823776,24.52026,-26.65642,-36.63673
39410.,4.819787,6.420656,5.348825,6.793674,24.27767,-26.70723,-36.61768
39420.,4.790465,6.386452,5.317655,6.763125,24.03735,-26.75807,-36.59894
39430.,4.760699,6.351876,5.286043,6.732139,23.79927,-26.80893,-36.58051
39440.,4.730496,6.316933,5.253996,6.700721,23.5634,-26.85982,-36.56238
39450.,4.699863,6.28163,5.221521,6.66888,23.3297,-26.91073,-36.54455
39460.,4.668808,6.245973,5.188625,6.636622,23.09814,-26.96165,-36.52701
39470.,4.637337,6.209969,5.155316,6.603955,22.86869,-27.01259,-36.50976
39480.,4.605457,6.173622,5.1216,6.570885,22.64133,-27.06355,-36.49279
39490.,4.573175,6.136941,5.087484,6.53742,22.41602,-27.11451,-36.47609
39500.,4.540498,6.099929,5.052974,6.503566,22.19273,-27.16548,-36.45966
39510.,4.507431,6.062593,5.018078,6.46933,21.97145,-27.21645,-36.4435
39520.,4.473982,6.024938,4.9828,6.434717,21.75213,-27.26743,-36.4276
39530.,4.440156,5.986971,4.947148,6.399735,21.53475,-27.31841,-36.41195
39540.,4.40596,5.948695,4.911128,6.36439,21.31928,-27.36939,-36.39655
39550.,4.3714,5.910118,4.874746,6.328688,21.10571,-27.42037,-36.3814
39560.,4.336482,5.871243,4.838008,6.292635,20.89399,-27.47134,-36.36649
39570.,4.301211,5.832077,4.80092,6.256236,20.68411,-27.52231,-36.35181
39580.,4.265593,5.792624,4.763487,6.219499,20.47604,-27.57326,-36.33737
39590.,4.229635,5.752889,4.725715,6.182428,20.26976,-27.62421,-36.32315
39600.,4.193342,5.712878,4.68761,6.145029,20.06524,-27.67515,-36.30916
39610.,4.156718,5.672594,4.649177,6.107307,19.86246,-27.72607,-36.29538
39620.,4.119771,5.632043,4.610423,6.069269,19.66139,-27.77698,-36.28182
39630.,4.082504,5.59123,4.571351,6.03092,19.46202,-27.82787,-36.26846
39640.,4.044924,5.550158,4.531967,5.992265,19.26431,-27.87874,-36.25532
39650.,4.007034,5.508833,4.492277,5.953308,19.06824,-27.92959,-36.24237
39660.,3.968842,5.467259,4.452286,5.914056,18.87381,-27.98042,-36.22963
39670.,3.930351,5.42544,4.411998,5.874513,18.68097,-28.03123,-36.21707
39680.,3.891566,5.383381,4.371419,5.834685,18.48971,-28.08201,-36.20471
39690.,3.852492,5.341086,4.330553,5.794576,18.30002,-28.13277,-36.19253
39700.,3.813135,5.298559,4.289405,5.75419,18.11186,-28.1835,-36.18054
39710.,3.773498,5.255804,4.24798,5.713534,17.92522,-28.23421,-36.16872
39720.,3.733587,5.212825,4.206282,5.672611,17.74009,-28.28488,-36.15708
39730.,3.693405,5.169626,4.164317,5.631425,17.55643,-28.33552,-36.14561
39740.,3.653187,5.126434,4.122322,5.590218,17.61915,-28.38593,-36.14324
39750.,3.613303,5.083617,4.080672,5.549371,17.82949,-28.43563,-36.14175
39760.,3.573889,5.04131,4.039504,5.509023,18.0374,-28.48445,-36.13514
39770.,3.534941,4.999507,3.998814,5.469171,18.24293,-28.5324,-36.12817
39780.,3.496456,4.958205,3.958595,5.42981,18.44609,-28.5795,-36.12085
39790.,3.458427,4.917398,3.918845,5.390936,18.6469,-28.62575,-36.11319
39800.,3.420852,4.877082,3.879559,5.352544,18.84539,-28.67117,-36.10517
39810.,3.383727,4.837253,3.840732,5.314629,19.04159,-28.71577,-36.09682
39820.,3.347046,4.797906,3.80236,5.277186,19.23551,-28.75954,-36.08812
39830.,3.310806,4.759036,3.764439,5.240212,19.42717,-28.80251,-36.0791
39840.,3.275003,4.720639,3.726964,5.203701,19.61661,-28.84469,-36.06974
39850.,3.239632,4.68271,3.689932,5.167649,19.80384,-28.88607,-36.06005
39860.,3.20469,4.645251,3.653347,5.132049,19.98889,-28.92652,-36.08126
39870.,3.170173,4.608259,3.617204,5.096894,20.17177,-28.96605,-36.10233
39880.,3.136077,4.571728,3.5815,5.062179,20.35252,-29.00466,-36.12308
39890.,3.102398,4.535655,3.546231,5.0279,20.53114,-29.04237,-36.14353
39900.,3.069132,4.500035,3.511392,4.994053,20.70767,-29.07919,-36.16368
39910.,3.036276,4.464865,3.47698,4.960634,20.88213,-29.11512,-36.18353
39920.,3.003825,4.430139,3.44299,4.92764,21.05454,-29.15019,-36.20308
39930.,2.971777,4.395854,3.40942,4.895065,21.22491,-29.18438,-36.22234
39940.,2.940126,4.362005,3.376263,4.862906,21.39328,-29.21773,-36.24131
39950.,2.908871,4.32859,3.343518,4.831159,21.55965,-29.25023,-36.25999
39960.,2.878006,4.295603,3.31118,4.79982,21.72406,-29.2819,-36.27838
39970.,2.847528,4.26304,3.279245,4.768885,21.88653,-29.31275,-36.29649
39980.,2.817434,4.230898,3.247709,4.73835,22.04707,-29.34278,-36.31432
39990.,2.78772,4.199173,3.216568,4.708211,22.2057,-29.372,-36.33187
40000.,2.758382,4.16786,3.185819,4.678464,22.36245,-29.40043,-36.34915