Times,MAIN_PNL_PX.1,MAIN_PNL_MX.1,MAIN_PNL_PY.1,MAIN_PNL_MY.1,MAIN_PNL_PZ.1,MAIN_PNL_MZ.1,MAIN_PNL_MY.20001
0.,20.,20.,20.,20.,20.,20.,20.
10.,19.99499,19.99394,19.99458,19.99799,20.35355,19.68104,14.14779
20.,19.99001,19.98792,19.98881,19.99622,20.70291,19.36751,14.82057
30.,19.98507,19.98195,19.98268,19.99476,21.04812,19.05929,15.49216
40.,19.98017,19.97604,19.97622,19.99362,21.38923,18.75627,16.15923
50.,19.97531,19.97019,19.96943,19.99279,21.72627,18.45832,16.82185
60.,19.97051,19.9644,19.96231,19.99227,22.05928,18.16533,17.48011
70.,19.96577,19.95868,19.95489,19.99208,22.38831,17.87719,18.13406
80.,19.96109,19.95304,19.94717,19.9922,22.71339,17.59379,18.78378
90.,19.95648,19.94748,19.93915,19.99265,23.03457,17.31503,19.42932
100.,19.95193,19.942,19.93085,19.99342,23.35189,17.0408,20.07076
110.,19.94747,19.9366,19.92228,19.99451,23.66538,16.77101,20.70815
120.,19.94307,19.9313,19.91343,19.99592,23.97508,16.50555,21.34156
130.,19.93876,19.92609,19.90433,19.99766,24.28104,16.24433,21.97104
140.,19.93454,19.92098,19.89497,19.99972,24.58329,15.98726,22.59666
150.,19.93039,19.91596,19.88537,20.00211,24.88187,15.73425,23.21846
160.,19.92634,19.91105,19.87553,20.00481,25.17682,15.4852,23.83651
170.,19.92238,19.90624,19.86545,20.00784,25.46818,15.24004,24.45086
180.,19.91851,19.90154,19.85514,20.01119,25.75598,14.99868,25.06155
190.,19.91474,19.89694,19.84461,20.01486,26.04027,14.76103,25.66865
200.,19.91106,19.89245,19.83387,20.01885,26.32107,14.52702,26.2722
210.,19.90749,19.88808,19.82291,20.02316,26.59842,14.29657,26.87224
220.,19.90401,19.88381,19.81175,20.02779,26.87237,14.0696,27.46883
230.,19.90063,19.87966,19.80039,20.03273,27.14295,13.84604,28.06202
240.,19.89736,19.87562,19.78882,20.03798,27.41019,13.62581,28.65185
250.,19.89418,19.8717,19.77707,20.04355,27.67413,13.40885,29.23836
260.,19.89112,19.8679,19.76513,20.04943,27.93481,13.19508,29.8216
270.,19.88815,19.86421,19.75301,20.05561,28.19226,12.98444,30.40161
280.,19.88529,19.86063,19.7407,20.0621,28.44651,12.77686,30.97843
290.,19.88253,19.85718,19.72822,20.0689,28.6976,12.57228,31.5521
300.,19.87988,19.85384,19.71557,20.07599,28.94557,12.37063,32.12267
310.,19.87734,19.85061,19.70275,20.08339,29.19044,12.17185,32.69016
320.,19.87489,19.84751,19.68976,20.09108,29.43226,11.97588,33.25463
330.,19.87256,19.84452,19.67661,20.09907,29.67105,11.78266,33.81611
340.,19.87033,19.84165,19.6633,20.10735,29.90685,11.59214,34.37463
350.,19.8682,19.83889,19.64983,20.11592,30.1397,11.40426,34.93023
360.,19.86617,19.83625,19.6362,20.12477,30.36962,11.21896,35.48294
370.,19.86425,19.83373,19.62243,20.13391,30.59664,11.03618,36.03281
380.,19.86243,19.83132,19.60851,20.14333,30.82081,10.85589,36.57986
390.,19.86072,19.82902,19.59443,20.15302,31.04214,10.67801,37.12413
400.,19.8591,19.82684,19.58022,20.16299,31.26068,10.50252,37.66565
410.,19.85759,19.82477,19.56586,20.17324,31.47646,10.32934,38.20445
420.,19.85617,19.82281,19.55136,20.18375,31.6895,10.15845,38.74056
430.,19.85485,19.82096,19.53672,20.19453,31.89983,9.98978,39.27402
440.,19.85363,19.81922,19.52195,20.20556,32.10749,9.823296,39.80485
450.,19.8525,19.81758,19.50703,20.21686,32.31251,9.65895,40.33309
460.,19.85147,19.81606,19.49199,20.22842,32.51491,9.496698,40.85876
470.,19.85054,19.81464,19.47681,20.24022,32.71473,9.336496,41.38189
480.,19.84969,19.81332,19.4615,20.25228,32.912,9.178302,41.90251
490.,19.84894,19.8121,19.44606,20.26458,33.10674,9.022075,42.42065
500.,19.84827,19.81099,19.4305,20.27713,33.29899,8.867774,42.93633
510.,19.84769,19.80997,19.41482,20.28991,33.48877,8.715284,43.41655
520.,19.84707,19.80891,19.39937,20.3028,33.67622,8.563475,43.40626
530.,19.84643,19.80782,19.38412,20.31569,33.86136,8.412328,43.39597
540.,19.84575,19.8067,19.36908,20.32857,34.04422,8.261822,43.38567
550.,19.84503,19.80553,19.35424,20.34146,34.22481,8.111941,43.37538
560.,19.84428,19.80432,19.3396,20.35433,34.40316,7.962666,43.36508
570.,19.84348,19.80307,19.32514,20.3672,34.5793,7.813979,43.35478
580.,19.84264,19.80177,19.31088,20.38005,34.75326,7.665864,43.34447
590.,19.84176,19.80043,19.29679,20.39288,34.92504,7.518302,43.33416
600.,19.84083,19.79904,19.28288,20.4057,35.09468,7.371278,43.32384
610.,19.83985,19.79759,19.26914,20.4185,35.2622,7.224774,43.31351
620.,19.83882,19.79609,19.25557,20.43127,35.42762,7.078776,43.30318
630.,19.83774,19.79454,19.24216,20.44402,35.59097,6.933267,43.29283
640.,19.8366,19.79293,19.22891,20.45673,35.75227,6.788231,43.28248
650.,19.8354,19.79126,19.21581,20.46942,35.91153,6.643654,43.27211
660.,19.83414,19.78953,19.20285,20.48207,36.06879,6.499521,43.26173
670.,19.83283,19.78773,19.19004,20.49469,36.22406,6.355817,43.25134
680.,19.83144,19.78587,19.17737,20.50726,36.37737,6.212528,43.24093
690.,19.82999,19.78394,19.16483,20.51979,36.52874,6.06964,43.23051
700.,19.82847,19.78194,19.15242,20.53228,36.67818,5.927139,43.22007
710.,19.82688,19.77987,19.14014,20.54472,36.82572,5.785011,43.20962
720.,19.82522,19.77773,19.12797,20.55711,36.97138,5.643244,43.19915
730.,19.82349,19.77551,19.11592,20.56945,37.11519,5.501824,43.18866
740.,19.82167,19.77321,19.10398,20.58174,37.25715,5.360738,43.17815
750.,19.81978,19.77083,19.09215,20.59396,37.3973,5.219975,43.16762
760.,19.81781,19.76837,19.08042,20.60613,37.53564,5.079521,43.15707
770.,19.81575,19.76583,19.06879,20.61823,37.67221,4.939365,43.1465
780.,19.81361,19.7632,19.05725,20.63027,37.80702,4.799495,43.1359
790.,19.81138,19.76048,19.04581,20.64224,37.94009,4.659899,43.12528
800.,19.80906,19.75768,19.03445,20.65415,38.07144,4.520566,43.11464
810.,19.80665,19.75478,19.02317,20.66598,38.20109,4.381484,43.10397
820.,19.80415,19.75179,19.01196,20.67773,38.32906,4.242643,43.09328
830.,19.80155,19.7487,19.00083,20.68941,38.45536,4.104032,43.08256
840.,19.79885,19.74551,18.98977,20.70101,38.58002,3.965639,43.07181
850.,19.79606,19.74223,18.97878,20.71253,38.70304,3.827456,43.06103
860.,19.79316,19.73884,18.96785,20.72396,38.82447,3.689471,43.05022
870.,19.79016,19.73536,18.95697,20.73531,38.9443,3.551675,43.03938
880.,19.78706,19.73176,18.94615,20.74657,39.06255,3.414057,43.02851
890.,19.78385,19.72806,18.93538,20.75774,39.17925,3.276609,43.01761
900.,19.78053,19.72425,18.92465,20.76882,39.29442,3.13932,43.00668
910.,19.7771,19.72033,18.91397,20.7798,39.40806,3.002181,42.99571
920.,19.77356,19.7163,18.90332,20.79068,39.5202,2.865183,42.98471
930.,19.7699,19.71215,18.89271,20.80147,39.63085,2.728317,42.97367
940.,19.76612,19.70789,18.88213,20.81215,39.74003,2.591574,42.9626
950.,19.76223,19.70351,18.87158,20.82273,39.84775,2.454946,42.95149
960.,19.75822,19.69902,18.86105,20.8332,39.95404,2.318424,42.94035
970.,19.75409,19.6944,18.85055,20.84357,40.0589,2.181999,42.92916
980.,19.74983,19.68965,18.84006,20.85382,40.16236,2.045664,42.91794
990.,19.74545,19.68479,18.82958,20.86397,40.26443,1.909409,42.90668
1000.,19.74094,19.67979,18.81911,20.874,40.36512,1.773229,42.89537
1010.,19.7363,19.67467,18.80866,20.88391,40.46446,1.637113,42.88403
1020.,19.73144,19.66955,18.79834,20.89358,40.56241,1.501272,42.27472
1030.,19.7263,19.66451,18.78823,20.90278,40.65896,1.365822,41.30144
1040.,19.72089,19.65954,18.77834,20.91146,40.75414,1.230751,40.31886
1050.,19.71519,19.65463,18.76865,20.9196,40.84796,1.096045,39.32676
1060.,19.70923,19.64979,18.75916,20.92721,40.94042,0.9616928,38.32493
1070.,19.70298,19.64501,18.74986,20.9343,41.03156,0.8276817,37.31314
1080.,19.69646,19.64028,18.74075,20.94087,41.12138,0.6939996,36.29118
1090.,19.68966,19.63561,18.73182,20.94692,41.20989,0.5606348,35.25879
1100.,19.68259,19.63099,18.72307,20.95245,41.29713,0.4275755,34.21574
1110.,19.67524,19.62641,18.71449,20.95747,41.38308,0.2948105,33.16176
1120.,19.66761,19.62187,18.70608,20.96198,41.46778,0.1623285,32.0966
1130.,19.65971,19.61737,18.69783,20.96598,41.55124,0.03011859,31.01997
1140.,19.65153,19.61291,18.68974,20.96948,41.63347,-0.1018301,29.93159
1150.,19.64307,19.60848,18.6818,20.97247,41.71448,-0.233528,28.83115
1160.,19.63434,19.60407,18.674,20.97497,41.7943,-0.3649857,27.71835
1170.,19.62534,19.59968,18.66635,20.97696,41.87292,-0.4962133,26.59287
1180.,19.61606,19.59532,18.65883,20.97847,41.95037,-0.6272209,25.45435
1190.,19.6065,19.59098,18.65144,20.97948,42.02666,-0.7580182,24.30246
1200.,19.59667,19.58664,18.64418,20.98,42.1018,-0.888615,23.13683
1210.,19.58656,19.58232,18.63705,20.98003,42.1758,-1.019021,21.95707
1220.,19.57618,19.57801,18.63003,20.97958,42.24869,-1.149245,20.76277
1230.,19.56553,19.5737,18.62312,20.97865,42.32046,-1.279296,19.55353
1240.,19.55459,19.56939,18.61632,20.97723,42.39114,-1.409184,18.32891
1250.,19.54339,19.56507,18.60963,20.97534,42.46073,-1.538917,17.08843
1260.,19.53191,19.56076,18.60303,20.97298,42.52925,-1.668504,15.83163
1270.,19.52015,19.55643,18.59653,20.97014,42.59671,-1.797953,14.558
1280.,19.50812,19.55209,18.59012,20.96683,42.66312,-1.927274,13.26701
1290.,19.49581,19.54774,18.5838,20.96306,42.72849,-2.056473,11.9581
1300.,19.48323,19.54337,18.57756,20.95881,42.79284,-2.185559,10.63068
1310.,19.47038,19.53897,18.5714,20.95411,42.85618,-2.314541,9.284153
1320.,19.45725,19.53456,18.56531,20.94894,42.91851,-2.443425,7.917857
1330.,19.44384,19.53012,18.55929,20.94331,42.97986,-2.57222,6.531112
1340.,19.43016,19.52565,18.55334,20.93723,43.04022,-2.700933,5.123196
1350.,19.41621,19.52114,18.54745,20.93069,43.09961,-2.829572,3.693345
1360.,19.40198,19.5166,18.54162,20.92369,43.15805,-2.958143,2.240754
1370.,19.38748,19.51203,18.53584,20.91625,43.21553,-3.086654,0.7645679
1380.,19.37271,19.50741,18.53011,20.90836,43.27208,-3.215112,-0.7361201
1390.,19.35766,19.50275,18.52443,20.90002,43.32771,-3.343524,-2.262272
1400.,19.34233,19.49805,18.51879,20.89123,43.38241,-3.471896,-3.814911
1410.,19.32673,19.4933,18.51319,20.88201,43.43621,-3.600236,-5.395126
1420.,19.31086,19.4885,18.50762,20.87234,43.48912,-3.72855,-7.00408
1430.,19.29471,19.48364,18.50209,20.86223,43.54114,-3.856844,-8.643013
1440.,19.27829,19.47873,18.49658,20.85169,43.59228,-3.985124,-10.31325
1450.,19.2616,19.47376,18.4911,20.84071,43.64255,-4.113398,-12.01622
1460.,19.24463,19.46873,18.48564,20.8293,43.69197,-4.24167,-13.75344
1470.,19.22739,19.46364,18.4802,20.81745,43.74053,-4.369948,-15.52656
1480.,19.20988,19.45848,18.47477,20.80518,43.78826,-4.498236,-17.33734
1490.,19.19209,19.45325,18.46936,20.79248,43.83516,-4.626542,-19.18769
1500.,19.17402,19.44795,18.46395,20.77935,43.88124,-4.754869,-21.07969
1510.,19.15569,19.44259,18.45854,20.7658,43.9265,-4.883225,-23.01556
1520.,19.13716,19.43708,18.45315,20.75186,43.97096,-5.011479,-24.66172
1530.,19.11877,19.43117,18.44783,20.73773,44.01459,-5.139058,-24.89206
1540.,19.10052,19.42485,18.44258,20.72355,44.05741,-5.265978,-25.12308
1550.,19.0824,19.41814,18.43739,20.70934,44.09943,-5.392252,-25.35478
1560.,19.06442,19.41103,18.43226,20.69508,44.14066,-5.517894,-25.58716
1570.,19.04657,19.40352,18.42719,20.68078,44.18111,-5.642919,-25.82022
1580.,19.02885,19.39563,18.42218,20.66643,44.22079,-5.767338,-26.05398
1590.,19.01125,19.38736,18.41722,20.65204,44.25971,-5.891166,-26.28843
1600.,18.99377,19.3787,18.41232,20.6376,44.29788,-6.014416,-26.52358
1610.,18.97641,19.36966,18.40747,20.62311,44.33531,-6.1371,-26.75944
1620.,18.95917,19.36025,18.40268,20.60858,44.37201,-6.25923,-26.99601
1630.,18.94205,19.35046,18.39793,20.594,44.40799,-6.380819,-27.2333
1640.,18.92503,19.34031,18.39323,20.57937,44.44326,-6.501879,-27.47131
1650.,18.90812,19.32979,18.38858,20.5647,44.47783,-6.622421,-27.71005
1660.,18.89133,19.31891,18.38397,20.54997,44.51171,-6.742458,-27.94952
1670.,18.87463,19.30767,18.3794,20.53519,44.5449,-6.862,-28.18974
1680.,18.85804,19.29607,18.37487,20.52036,44.57742,-6.981059,-28.43069
1690.,18.84154,19.28412,18.37039,20.50548,44.60928,-7.099646,-28.6724
1700.,18.82515,19.27182,18.36593,20.49054,44.64048,-7.217771,-28.91487
1710.,18.80885,19.25918,18.36152,20.47556,44.67103,-7.335445,-29.1581
1720.,18.79264,19.24619,18.35714,20.46051,44.70095,-7.452679,-29.40209
1730.,18.77652,19.23286,18.35279,20.44542,44.73023,-7.569482,-29.64687
1740.,18.76048,19.21919,18.34847,20.43027,44.75889,-7.685865,-29.89242
1750.,18.74454,19.20518,18.34418,20.41506,44.78694,-7.801837,-30.13875
1760.,18.72867,19.19084,18.33992,20.39979,44.81438,-7.917408,-30.38588
1770.,18.71289,19.17617,18.33569,20.38447,44.84123,-8.032588,-30.63381
1780.,18.69719,19.16118,18.33148,20.36909,44.86748,-8.147386,-30.88255
1790.,18.68156,19.14586,18.32729,20.35366,44.89315,-8.261811,-31.13209
1800.,18.66601,19.13022,18.32312,20.33816,44.91825,-8.375873,-31.38245
1810.,18.65053,19.11425,18.31898,20.3226,44.94277,-8.489579,-31.63364
1820.,18.63512,19.09798,18.31485,20.30699,44.96674,-8.602939,-31.88566
1830.,18.61978,19.08138,18.31074,20.29131,44.99016,-8.715961,-32.13851
1840.,18.60451,19.06448,18.30665,20.27557,45.01303,-8.828654,-32.39221
1850.,18.5893,19.04726,18.30257,20.25977,45.03536,-8.941025,-32.64676
1860.,18.57415,19.02974,18.2985,20.24391,45.05716,-9.053084,-32.90216
1870.,18.55906,19.01192,18.29445,20.22799,45.07843,-9.164838,-33.15844
1880.,18.54403,18.99379,18.29041,20.212,45.09919,-9.276294,-33.41558
1890.,18.52906,18.97536,18.28637,20.19595,45.11943,-9.387461,-33.6736
1900.,18.51414,18.95663,18.28235,20.17983,45.13917,-9.498345,-33.9325
1910.,18.49928,18.93761,18.27833,20.16365,45.15841,-9.608955,-34.1923
1920.,18.48447,18.9183,18.27431,20.14741,45.17716,-9.719298,-34.453
1930.,18.4697,18.8987,18.2703,20.13109,45.19542,-9.829381,-34.71461
1940.,18.45499,18.87881,18.26629,20.11471,45.2132,-9.93921,-34.97713
1950.,18.44031,18.85863,18.26229,20.09827,45.23051,-10.04879,-35.24057
1960.,18.42569,18.83816,18.25828,20.08176,45.24735,-10.15814,-35.50494
1970.,18.4111,18.81742,18.25428,20.06518,45.26373,-10.26725,-35.77025
1980.,18.39605,18.79607,18.24971,20.04805,44.89218,-10.37616,-35.92134
1990.,18.38001,18.77382,18.24395,20.02991,44.52524,-10.48554,-35.93443
2000.,18.36302,18.75069,18.23702,20.0108,44.16283,-10.59539,-35.94831
2010.,18.34509,18.72669,18.22893,19.99073,43.80486,-10.7057,-35.96296
2020.,18.32623,18.70184,18.21972,19.96972,43.45127,-10.81644,-35.97837
2030.,18.30646,18.67616,18.20939,19.94779,43.10194,-10.92721,-35.96028
2040.,18.28578,18.64966,18.19795,19.92497,42.75679,-11.03785,-35.93167
2050.,18.26421,18.62237,18.18543,19.90126,42.41574,-11.14838,-35.90378
2060.,18.24178,18.59429,18.17184,19.87669,42.07874,-11.25878,-35.87659
2070.,18.21849,18.56544,18.1572,19.85127,41.7457,-11.36906,-35.85009
2080.,18.19437,18.53583,18.14154,19.82502,41.41655,-11.47921,-35.82426
2090.,18.16941,18.50548,18.12486,19.79796,41.09124,-11.58923,-35.7991
2100.,18.14366,18.4744,18.10719,19.77009,40.76969,-11.69912,-35.77458
2110.,18.1171,18.44261,18.08853,19.74144,40.45184,-11.80888,-35.75069
2120.,18.08977,18.41012,18.06892,19.71202,40.13763,-11.91851,-35.72742
2130.,18.06168,18.37694,18.04837,19.68185,39.82699,-12.02801,-35.70477
2140.,18.03283,18.34308,18.02688,19.65093,39.51986,-12.13738,-35.6827
2150.,18.00324,18.30856,18.00448,19.61928,39.21619,-12.2466,-35.66122
2160.,17.97293,18.27338,17.98119,19.58691,38.91592,-12.3557,-35.64032
2170.,17.94191,18.23757,17.95701,19.55385,38.61899,-12.46465,-35.61997
2180.,17.91018,18.20113,17.93196,19.52009,38.32534,-12.57348,-35.60017
2190.,17.87778,18.16408,17.90606,19.48566,38.03492,-12.68216,-35.58091
2200.,17.84469,18.12642,17.87932,19.45057,37.74768,-12.79071,-35.56217
2210.,17.81095,18.08816,17.85176,19.41482,37.46357,-12.89912,-35.54395
2220.,17.77655,18.04932,17.82339,19.37843,37.18252,-13.00739,-35.52624
2230.,17.74152,18.00991,17.79421,19.34142,36.9045,-13.11552,-35.50902
2240.,17.70586,17.96993,17.76426,19.30378,36.62946,-13.22352,-35.49228
2250.,17.66958,17.92941,17.73353,19.26555,36.35734,-13.33138,-35.47602
2260.,17.6327,17.88834,17.70205,19.22672,36.08809,-13.4391,-35.46023
2270.,17.59522,17.84674,17.66982,19.1873,35.82168,-13.54668,-35.44489
2280.,17.55716,17.80461,17.63685,19.14731,35.55806,-13.65413,-35.43
2290.,17.51852,17.76197,17.60317,19.10676,35.29717,-13.76144,-35.41555
2300.,17.47932,17.71883,17.56878,19.06566,35.03899,-13.86861,-35.40152
2310.,17.43957,17.67519,17.53369,19.02401,34.78346,-13.97565,-35.38792
2320.,17.39927,17.63106,17.49791,18.98183,34.53054,-14.08255,-35.37473
2330.,17.35844,17.58646,17.46146,18.93913,34.28019,-14.18931,-35.36194
2340.,17.31708,17.54139,17.42434,18.89592,34.03238,-14.29594,-35.34954
2350.,17.2752,17.49585,17.38657,18.8522,33.78705,-14.40244,-35.33753
2360.,17.23282,17.44986,17.34816,18.80798,33.54418,-14.5088,-35.3259
2370.,17.18994,17.40343,17.30912,18.76328,33.30372,-14.61503,-35.31464
2380.,17.14657,17.35656,17.26946,18.71811,33.06564,-14.72112,-35.30375
2390.,17.10272,17.30927,17.22919,18.67246,32.8299,-14.82709,-35.29321
2400.,17.0584,17.26155,17.18831,18.62635,32.59646,-14.93292,-35.28302
2410.,17.01361,17.21341,17.14685,18.5798,32.36529,-15.03862,-35.27317
2420.,16.96837,17.16487,17.1048,18.53279,32.13635,-15.14419,-35.26365
2430.,16.92268,17.11593,17.06218,18.48535,31.90961,-15.24964,-35.25447
2440.,16.87654,17.0666,17.019,18.43749,31.68504,-15.35495,-35.2456
2450.,16.82998,17.01688,16.97527,18.3892,31.4626,-15.46014,-35.23705
2460.,16.78299,16.96678,16.93099,18.3405,31.24226,-15.5652,-35.2288
2470.,16.73558,16.91631,16.88617,18.2914,31.02399,-15.67013,-35.22086
2480.,16.68776,16.86548,16.84083,18.24189,30.80776,-15.77494,-35.21321
2490.,16.63954,16.81429,16.79497,18.192,30.59353,-15.87963,-35.20584
2500.,16.59092,16.76274,16.7486,18.14172,30.38128,-15.98419,-35.19876
2510.,16.54191,16.71085,16.70173,18.09107,30.17098,-16.08863,-35.19196
2520.,16.49252,16.65862,16.65437,18.04004,29.96259,-16.19295,-35.18543
2530.,16.44275,16.60605,16.60652,17.98865,29.75608,-16.29704,-35.15218
2540.,16.39261,16.55316,16.55819,17.93692,29.55138,-16.40063,-35.06089
2550.,16.34211,16.49994,16.5094,17.88485,29.34847,-16.50374,-34.96994
2560.,16.29125,16.44641,16.46016,17.83246,29.14731,-16.60637,-34.87933
2570.,16.24005,16.39257,16.41046,17.77974,28.94789,-16.70852,-34.78906
2580.,16.1885,16.33842,16.36032,17.72671,28.75018,-16.81021,-34.6991
2590.,16.13661,16.28398,16.30974,17.67337,28.55415,-16.91144,-34.60947
2600.,16.0844,16.22924,16.25874,17.61973,28.35978,-17.0122,-34.52015
2610.,16.03186,16.17422,16.20732,17.56579,28.16705,-17.11252,-34.43114
2620.,15.979,16.11892,16.15548,17.51156,27.97592,-17.21239,-34.34242
2630.,15.92582,16.06334,16.10324,17.45704,27.78639,-17.31182,-34.25401
2640.,15.87235,16.00749,16.0506,17.40225,27.59843,-17.41081,-34.16588
2650.,15.81857,15.95137,15.99757,17.34718,27.41201,-17.50937,-34.07803
2660.,15.76449,15.895,15.94415,17.29184,27.22711,-17.6075,-33.99047
2670.,15.71013,15.83837,15.89035,17.23624,27.04371,-17.70521,-33.90318
2680.,15.65548,15.78148,15.83618,17.18038,26.8618,-17.80251,-33.81616
2690.,15.60056,15.72436,15.78164,17.12427,26.68134,-17.89939,-33.7294
2700.,15.54536,15.66699,15.72675,17.06791,26.50233,-17.99586,-33.64289
2710.,15.48989,15.60939,15.6715,17.01131,26.32473,-18.09193,-33.55665
2720.,15.43416,15.55155,15.6159,16.95447,26.14853,-18.1876,-33.47065
2730.,15.37817,15.49349,15.55997,16.8974,25.97371,-18.28288,-33.38489
2740.,15.32193,15.43521,15.5037,16.8401,25.80026,-18.37777,-33.29937
2750.,15.26544,15.37671,15.44709,16.78257,25.62814,-18.47227,-33.21409
2760.,15.2087,15.318,15.39017,16.72483,25.45735,-18.56639,-33.12904
2770.,15.15173,15.25907,15.33292,16.66687,25.28787,-18.66013,-33.04422
2780.,15.09452,15.19994,15.27537,16.6087,25.11967,-18.7535,-32.95961
2790.,15.03708,15.14061,15.2175,16.55033,24.95275,-18.8465,-32.87523
2800.,14.97942,15.08108,15.15934,16.49176,24.78707,-18.93913,-32.79105
2810.,14.92153,15.02136,15.10088,16.43298,24.62264,-19.03141,-32.70709
2820.,14.86343,14.96145,15.04212,16.37402,24.45942,-19.12333,-32.62333
2830.,14.80512,14.90136,14.98308,16.31487,24.2974,-19.21489,-32.53977
2840.,14.74659,14.84108,14.92376,16.25553,24.13658,-19.30611,-32.45642
2850.,14.68787,14.78063,14.86417,16.19601,23.97692,-19.39698,-32.37325
2860.,14.62894,14.72,14.8043,16.13631,23.81842,-19.48751,-32.29028
2870.,14.56982,14.6592,14.74416,16.07644,23.66106,-19.5777,-32.20749
2880.,14.5105,14.59824,14.68377,16.0164,23.50482,-19.66756,-32.12489
2890.,14.451,14.53711,14.62311,15.95619,23.3497,-19.75709,-32.04246
2900.,14.39131,14.47582,14.5622,15.89582,23.19567,-19.84629,-31.96021
2910.,14.33144,14.41437,14.50105,15.83529,23.04272,-19.93517,-31.87814
2920.,14.2714,14.35277,14.43965,15.77461,22.89084,-20.02373,-31.79623
2930.,14.21118,14.29102,14.37801,15.71377,22.74001,-20.11197,-31.7145
2940.,14.15078,14.22912,14.31614,15.65279,22.59021,-20.1999,-31.63292
2950.,14.09023,14.16708,14.25403,15.59166,22.44145,-20.28752,-31.55151
2960.,14.02951,14.10489,14.1917,15.53039,22.29369,-20.37483,-31.47025
2970.,13.96863,14.04257,14.12915,15.46898,22.14694,-20.46184,-31.38915
2980.,13.90759,13.98012,14.06638,15.40743,22.00117,-20.54855,-31.3082
2990.,13.8464,13.91753,14.00339,15.34576,21.85637,-20.63496,-31.2274
3000.,13.78506,13.85482,13.94019,15.28395,21.71254,-20.72108,-31.14675
3010.,13.72357,13.79197,13.87678,15.22201,21.56965,-20.80691,-31.06623
3020.,13.66194,13.72901,13.81318,15.15996,21.4277,-20.89245,-30.98586
3030.,13.60016,13.66592,13.74937,15.09778,21.28668,-20.97771,-30.90563
3040.,13.53826,13.60272,13.68538,15.03549,21.1465,-21.06268,-30.77329
3050.,13.47622,13.5394,13.62123,14.97309,21.00716,-21.14737,-30.63406
3060.,13.41405,13.47597,13.55691,14.91059,20.86863,-21.23179,-30.49511
3070.,13.35175,13.41243,13.49243,14.848,20.73092,-21.31592,-30.35644
3080.,13.28933,13.34879,13.42778,14.78531,20.594,-21.39979,-30.21804
3090.,13.22679,13.28504,13.36298,14.72253,20.45787,-21.48339,-30.07992
3100.,13.16413,13.22119,13.29803,14.65965,20.32253,-21.56672,-29.94207
3110.,13.10136,13.15724,13.23292,14.59669,20.18795,-21.64979,-29.80449
3120.,13.03847,13.0932,13.16767,14.53364,20.05413,-21.7326,-29.66717
3130.,12.97547,13.02906,13.10227,14.47051,19.92106,-21.81515,-29.53011
3140.,12.91237,12.96482,13.03673,14.40729,19.78874,-21.89744,-29.39331
3150.,12.84915,12.9005,12.97105,14.344,19.65714,-21.97948,-29.25677
3160.,12.78584,12.83609,12.90523,14.28062,19.52627,-22.06127,-29.12048
3170.,12.72242,12.77159,12.83928,14.21718,19.39611,-22.14282,-28.98445
3180.,12.65891,12.70701,12.7732,14.15366,19.26665,-22.22412,-28.84866
3190.,12.59529,12.64235,12.70699,14.09006,19.13789,-22.30517,-28.71312
3200.,12.53159,12.57761,12.64065,14.0264,19.00982,-22.38599,-28.57782
3210.,12.46779,12.51279,12.57418,13.96268,18.88243,-22.46657,-28.44277
3220.,12.4039,12.44789,12.5076,13.89888,18.75571,-22.54691,-28.30795
3230.,12.33993,12.38292,12.4409,13.83503,18.62965,-22.62702,-28.17337
3240.,12.27587,12.31788,12.37408,13.77111,18.50424,-22.7069,-28.03902
3250.,12.21172,12.25277,12.30715,13.70714,18.37948,-22.78655,-27.90491
3260.,12.1475,12.18759,12.24011,13.6431,18.25536,-22.86597,-27.77102
3270.,12.0832,12.12235,12.17296,13.57901,18.13187,-22.94517,-27.63736
3280.,12.01881,12.05704,12.1057,13.51487,18.009,-23.02415,-27.50393
3290.,11.95436,11.99166,12.03833,13.45068,17.88674,-23.10291,-27.37072
3300.,11.88983,11.92623,11.97087,13.38643,17.7651,-23.18146,-27.23773
3310.,11.82523,11.86074,11.9033,13.32214,17.64405,-23.25978,-27.10496
3320.,11.76055,11.79519,11.83564,13.2578,17.5236,-23.3379,-26.97241
3330.,11.69582,11.72958,11.76787,13.19341,17.40374,-23.4158,-26.84008
3340.,11.63101,11.66392,11.70002,13.12898,17.28445,-23.4935,-26.70795
3350.,11.56614,11.59821,11.63207,13.06451,17.16574,-23.57098,-26.57604
3360.,11.50121,11.53245,11.56404,13.,17.04759,-23.64827,-26.44434
3370.,11.43622,11.46664,11.49592,12.93544,16.93,-23.72535,-26.31284
3380.,11.37117,11.40078,11.42771,12.87086,16.81297,-23.80223,-26.18155
3390.,11.30606,11.33487,11.35941,12.80623,16.69648,-23.87891,-26.05046
3400.,11.24089,11.26892,11.29104,12.74157,16.58052,-23.95539,-25.91958
3410.,11.17568,11.20292,11.22258,12.67688,16.46511,-24.03168,-25.7889
3420.,11.1104,11.13689,11.15405,12.61215,16.35022,-24.10777,-25.65841
3430.,11.04508,11.07081,11.08544,12.5474,16.23585,-24.18367,-25.52812
3440.,10.97971,11.00469,11.01675,12.48262,16.12199,-24.25938,-25.39803
3450.,10.91429,10.93854,10.948,12.41781,16.00864,-24.33491,-25.26813
3460.,10.84883,10.87235,10.87917,12.35297,15.8958,-24.41025,-25.13842
3470.,10.78332,10.80612,10.81027,12.28811,15.78345,-24.4854,-25.00891
3480.,10.71777,10.73986,10.7413,12.22322,15.6716,-24.56037,-24.87958
3490.,10.65217,10.67357,10.67227,12.15832,15.56023,-24.63516,-24.75044
3500.,10.58654,10.60725,10.60318,12.09339,15.44934,-24.70977,-24.62148
3510.,10.52086,10.5409,10.53402,12.02844,15.33892,-24.7842,-24.49271
3520.,10.45515,10.47452,10.4648,11.96347,15.22897,-24.85845,-24.36413
3530.,10.3894,10.40811,10.39552,11.89849,15.11949,-24.93253,-24.23572
3540.,10.32362,10.34167,10.32619,11.83349,15.01045,-25.00627,-24.11062
3550.,10.2578,10.27521,10.25686,11.76847,14.90181,-25.07945,-23.98961
3560.,10.19194,10.20872,10.1875,11.70344,14.79357,-25.15209,-23.86876
3570.,10.12604,10.1422,10.11813,11.6384,14.68572,-25.22418,-23.74806
3580.,10.06012,10.07567,10.04875,11.57334,14.57827,-25.29573,-23.62752
3590.,9.994163,10.00911,9.979356,11.50828,14.47121,-25.36675,-23.50713
3600.,9.928177,9.942535,9.909951,11.4432,14.36453,-25.43725,-23.38689
3610.,9.862165,9.87594,9.840538,11.37812,14.25823,-25.50723,-23.2668
3620.,9.796126,9.809328,9.771117,11.31303,14.15231,-25.57669,-23.14686
3630.,9.730062,9.742701,9.70169,11.24794,14.04677,-25.64564,-23.02706
3640.,9.663976,9.676061,9.632258,11.18285,13.94159,-25.71409,-22.90742
3650.,9.597869,9.609407,9.562822,11.11775,13.83678,-25.78204,-22.78791
3660.,9.531741,9.542743,9.493383,11.05266,13.73233,-25.84949,-22.66855
3670.,9.465596,9.476069,9.423943,10.98756,13.62823,-25.91646,-22.54933
3680.,9.399433,9.409387,9.354504,10.92247,13.5245,-25.98294,-22.43025
3690.,9.333254,9.342697,9.285065,10.85738,13.42111,-26.04894,-22.31131
3700.,9.267062,9.276002,9.215629,10.79229,13.31807,-26.11446,-22.19251
3710.,9.200857,9.209302,9.146196,10.72721,13.21538,-26.17952,-22.07385
3720.,9.13464,9.142599,9.076768,10.66214,13.11303,-26.24411,-21.95532
3730.,9.068413,9.075893,9.007346,10.59708,13.01101,-26.30824,-21.83693
3740.,9.002178,9.009187,8.93793,10.53202,12.90933,-26.37191,-21.71867
3750.,8.935935,8.942481,8.868523,10.46698,12.80799,-26.43513,-21.60054
3760.,8.869686,8.875777,8.799124,10.40195,12.70697,-26.4979,-21.48254
3770.,8.803432,8.809075,8.729736,10.33693,12.60627,-26.56023,-21.36468
3780.,8.737174,8.742378,8.660359,10.27193,12.5059,-26.62212,-21.24694
3790.,8.670914,8.675685,8.590993,10.20694,12.40584,-26.68358,-21.12933
3800.,8.604652,8.608998,8.521641,10.14196,12.30611,-26.74461,-21.01186
3810.,8.538391,8.542318,8.452303,10.07701,12.20668,-26.80521,-20.8945
3820.,8.47213,8.475646,8.38298,10.01207,12.10757,-26.86539,-20.77727
3830.,8.405872,8.408983,8.313674,9.947149,12.00876,-26.92514,-20.66017
3840.,8.339617,8.342331,8.244384,9.882251,11.91025,-26.98449,-20.54319
3850.,8.273367,8.27569,8.175112,9.817373,11.81205,-27.04342,-20.42633
3860.,8.207122,8.209061,8.105859,9.752518,11.71415,-27.10195,-20.3096
3870.,8.140884,8.142446,8.036625,9.687686,11.61654,-27.16008,-20.19298
3880.,8.074653,8.075844,7.967412,9.622878,11.51922,-27.2178,-20.07649
3890.,8.008431,8.009258,7.898221,9.558095,11.4222,-27.27513,-19.96011
3900.,7.942219,7.942688,7.829052,9.493337,11.32546,-27.33207,-19.84385
3910.,7.876018,7.876135,7.759906,9.428607,11.22901,-27.38862,-19.72772
3920.,7.809829,7.8096,7.690784,9.363904,11.13284,-27.44479,-19.61169
3930.,7.743652,7.743084,7.621687,9.29923,11.03695,-27.50057,-19.49578
3940.,7.677489,7.676588,7.552615,9.234584,10.94134,-27.55598,-19.37999
3950.,7.611341,7.610112,7.48357,9.16997,10.846,-27.61101,-19.26432
3960.,7.545208,7.543658,7.414551,9.105386,10.75094,-27.66568,-19.14875
3970.,7.479092,7.477226,7.345561,9.040833,10.65614,-27.71997,-19.0333
3980.,7.412993,7.410817,7.2766,8.976314,10.56162,-27.7739,-18.91796
3990.,7.346913,7.344432,7.207667,8.911828,10.46736,-27.82747,-18.80273
4000.,7.280852,7.278072,7.138765,8.847376,10.37336,-27.88068,-18.68762
4010.,7.214811,7.211737,7.069894,8.782959,10.27962,-27.93353,-18.57261
4020.,7.148791,7.145429,7.001054,8.718577,10.18614,-27.98604,-18.45771
4030.,7.082792,7.079148,6.932247,8.654232,10.09292,-28.03819,-18.34292
4040.,7.016817,7.012895,6.863472,8.589924,9.99995,-28.09,-18.22814
4050.,6.95088,6.946669,6.794751,8.525656,9.907258,-28.14105,-18.09704
4060.,6.884983,6.880471,6.726085,8.461431,9.814839,-28.19135,-17.96609
4070.,6.819127,6.814304,6.657475,8.397251,9.722693,-28.2409,-17.83529
4080.,6.753314,6.748168,6.588921,8.333116,9.630817,-28.28972,-17.70464
4090.,6.687963,6.682368,6.520794,8.269349,9.927472,-28.33767,-17.77948
4100.,6.623617,6.617171,6.453508,8.20624,10.22094,-28.3839,-18.12798
4110.,6.560268,6.552574,6.387055,8.143753,10.51126,-28.42843,-18.47752
4120.,6.49791,6.488574,6.321431,8.081884,10.79845,-28.47128,-18.82813
4130.,6.436534,6.425168,6.256629,8.02063,11.08254,-28.51247,-19.17982
4140.,6.376134,6.362352,6.192643,7.959986,11.36355,-28.55201,-19.53259
4150.,6.316701,6.300123,6.129469,7.899949,11.64153,-28.58992,-19.88646
4160.,6.25823,6.238479,6.0671,7.840516,11.91648,-28.62621,-20.24144
4170.,6.200712,6.177415,6.005531,7.781683,12.18845,-28.6609,-20.59755
4180.,6.14414,6.116928,5.944755,7.723445,12.45745,-28.69401,-20.9548
4190.,6.088507,6.057015,5.884768,7.6658,12.72352,-28.72555,-21.31319
4200.,6.033806,5.997674,5.825563,7.608744,12.98668,-28.75555,-21.67276
4210.,5.980031,5.938899,5.767136,7.552273,13.24695,-28.784,-22.0335
4220.,5.927173,5.880689,5.70948,7.496382,13.50438,-28.81094,-22.39543
4230.,5.875225,5.823039,5.65259,7.44107,13.75898,-28.83637,-22.75856
4240.,5.824182,5.765947,5.596461,7.386331,14.01077,-28.86031,-23.12292
4250.,5.774036,5.709409,5.541086,7.332162,14.2598,-28.88278,-23.48851
4260.,5.72478,5.653421,5.486461,7.278559,14.50607,-28.90378,-23.85535
4270.,5.676406,5.597981,5.432579,7.225519,14.74962,-28.92334,-24.22345
4280.,5.62891,5.543085,5.379437,7.173038,14.99048,-28.94147,-24.59283
4290.,5.582282,5.488729,5.327027,7.121113,15.22868,-28.95818,-24.96351
4300.,5.536518,5.434911,5.275345,7.069738,15.46422,-28.97349,-25.33549
4310.,5.49161,5.381627,5.224385,7.018912,15.69716,-28.98741,-25.7088
4320.,5.447551,5.328873,5.174142,6.96863,15.9275,-28.99996,-26.08344
4330.,5.404335,5.276647,5.124611,6.918888,16.15527,-29.01115,-26.45945
4340.,5.361955,5.224944,5.075786,6.869683,16.38051,-29.02099,-26.83682
4350.,5.320405,5.173762,5.027663,6.821011,16.60323,-29.02949,-27.21559
4360.,5.279678,5.123098,4.980235,6.772869,16.82346,-29.03668,-27.59576
4370.,5.239768,5.072947,4.933498,6.725252,17.04123,-29.04256,-27.97735
4380.,5.200669,5.023307,4.887446,6.678158,17.25656,-29.04715,-28.36038
4390.,5.162373,4.974174,4.842075,6.631582,17.46947,-29.05046,-28.74487
4400.,5.124875,4.925546,4.797379,6.585521,17.68,-29.0525,-29.13084
4410.,5.088169,4.877418,4.753353,6.539972,17.88816,-29.05328,-29.5183
4420.,5.052247,4.829787,4.709992,6.49493,18.09397,-29.05283,-29.90728
4430.,5.017105,4.782651,4.667291,6.450393,18.29748,-29.05115,-30.29778
4440.,4.982735,4.736005,4.625246,6.406356,18.49869,-29.04825,-30.68983
4450.,4.949132,4.689847,4.58385,6.362817,18.69763,-29.04414,-31.08346
4460.,4.916289,4.644174,4.5431,6.319771,18.89432,-29.03885,-31.47867
4470.,4.884202,4.598982,4.50299,6.277215,19.0888,-29.03237,-31.87549
4480.,4.852862,4.554268,4.463515,6.235146,19.28107,-29.02473,-32.27394
4490.,4.822266,4.510029,4.424671,6.19356,19.47118,-29.01593,-32.67404
4500.,4.792406,4.466261,4.386453,6.152454,19.65913,-29.00599,-33.07581
4510.,4.763277,4.422962,4.348855,6.111824,19.84495,-28.99492,-33.47928
4520.,4.734873,4.380128,4.311874,6.071667,20.02867,-28.98272,-33.88445
4530.,4.707188,4.337756,4.275505,6.03198,20.2103,-28.96942,-34.29137
4540.,4.680217,4.295843,4.239742,5.992759,20.38988,-28.95502,-34.70004
4550.,4.653765,4.254621,4.205082,5.954009,20.5674,-28.93909,-35.02149
4560.,4.627687,4.214262,4.171895,5.915744,20.74288,-28.92131,-35.27629
4570.,4.601983,4.174761,4.14017,5.87797,20.91634,-28.90171,-35.53156
4580.,4.576652,4.136114,4.109896,5.840684,21.08781,-28.8803,-35.7873
4590.,4.551696,4.098317,4.081063,5.803886,21.25731,-28.85709,-36.04352
4600.,4.527115,4.061363,4.053658,5.767573,21.42487,-28.8321,-36.30022
4610.,4.502907,4.02525,4.027673,5.731746,21.59051,-28.80536,-36.55742
4620.,4.479074,3.989972,4.003096,5.696403,21.75426,-28.77688,-36.8151
4630.,4.455616,3.955524,3.979916,5.661542,21.91613,-28.74667,-37.07327
4640.,4.432532,3.921903,3.958125,5.627162,22.07615,-28.71475,-37.33195
4650.,4.409822,3.889103,3.93771,5.593262,22.23435,-28.68114,-37.59113
4660.,4.387488,3.857121,3.918662,5.55984,22.39074,-28.64585,-37.85082
4670.,4.365527,3.825951,3.900971,5.526896,22.54536,-28.6089,-38.11103
4680.,4.343942,3.795589,3.884627,5.494428,22.69821,-28.57031,-38.37175
4690.,4.322731,3.766032,3.86962,5.462434,22.84933,-28.53009,-38.63299
4700.,4.301894,3.737274,3.85594,5.430914,22.99874,-28.48826,-38.89476
4710.,4.281431,3.709312,3.843578,5.399867,23.14646,-28.44483,-39.15707
4720.,4.261343,3.68214,3.832524,5.36929,23.29251,-28.39982,-39.4199
4730.,4.241629,3.655756,3.822768,5.339183,23.43691,-28.35325,-39.68328
4740.,4.22229,3.630154,3.814301,5.309545,23.57968,-28.30512,-39.9472
4750.,4.203324,3.605331,3.807113,5.280374,23.72085,-28.25546,-40.21168
4760.,4.184732,3.581282,3.801196,5.251669,23.86044,-28.20428,-40.47671
4770.,4.166514,3.558004,3.796541,5.223429,23.99846,-28.15159,-40.7423
4780.,4.14867,3.535492,3.793137,5.195652,24.13494,-28.09741,-41.00845
4790.,4.131199,3.513743,3.790976,5.168338,24.2699,-28.04175,-41.27517
4800.,4.114101,3.492752,3.790049,5.141485,24.40336,-27.98463,-41.54247
4810.,4.097377,3.472516,3.790348,5.115092,24.53534,-27.92606,-41.81035
4820.,4.081026,3.45303,3.791863,5.089158,24.66585,-27.86605,-42.07881
4830.,4.065048,3.434291,3.794586,5.063682,24.79493,-27.80463,-42.34786
4840.,4.049443,3.416294,3.798509,5.038662,24.92258,-27.7418,-42.61751
4850.,4.03421,3.399037,3.803622,5.014098,25.04882,-27.67758,-42.88776
4860.,4.01935,3.382516,3.809917,4.989988,25.17369,-27.61197,-43.15861
4870.,4.004862,3.366725,3.817386,4.966331,25.29719,-27.54501,-43.43008
4880.,3.990746,3.351663,3.826021,4.943126,25.41934,-27.47669,-43.70216
4890.,3.977002,3.337326,3.835813,4.920372,25.54017,-27.40703,-43.97486
4900.,3.96363,3.323709,3.846755,4.898067,25.65969,-27.33604,-44.24819
4910.,3.95063,3.310809,3.858837,4.876212,25.77792,-27.26374,-44.52215
4920.,3.938001,3.298622,3.872053,4.854803,25.89487,-27.19015,-44.79675
4930.,3.925743,3.287146,3.886394,4.833842,26.01057,-27.11526,-45.072
4940.,3.913856,3.276376,3.901853,4.813326,26.12503,-27.03911,-45.34789
4950.,3.90234,3.26631,3.918421,4.793254,26.23828,-26.96169,-45.62444
4960.,3.891195,3.256943,3.936091,4.773626,26.35032,-26.88302,-45.90165
4970.,3.880421,3.248272,3.954855,4.75444,26.46118,-26.80311,-46.17953
4980.,3.870016,3.240294,3.974706,4.735695,26.57087,-26.72198,-46.45808
4990.,3.859982,3.233006,3.995636,4.717391,26.67941,-26.63964,-46.73731
5000.,3.850318,3.226405,4.017638,4.699526,26.78681,-26.5561,-47.01723
5010.,3.841024,3.220486,4.040704,4.682099,26.8931,-26.47137,-47.29783
5020.,3.832099,3.215248,4.064827,4.66511,26.99829,-26.38546,-47.57913
5030.,3.823544,3.210686,4.09,4.648558,27.10239,-26.29839,-47.86114
5040.,3.815358,3.206798,4.116216,4.632441,27.20542,-26.21017,-48.14385
5050.,3.807568,3.203561,4.143339,4.616764,27.30739,-26.12077,-48.34984
5060.,3.800343,3.200845,4.17052,4.601573,27.40826,-26.02993,-48.04837
5070.,3.793681,3.198649,4.19776,4.586905,27.50804,-25.93767,-47.74769
5080.,3.787578,3.19697,4.225062,4.572757,27.60675,-25.84401,-47.44779
5090.,3.782032,3.195804,4.252427,4.559126,27.7044,-25.74896,-47.14867
5100.,3.777038,3.19515,4.279856,4.54601,27.80101,-25.65254,-46.85033
5110.,3.772594,3.195004,4.307352,4.533405,27.89659,-25.55476,-46.55275
5120.,3.768697,3.195363,4.334917,4.521309,27.99116,-25.45565,-46.25594
5130.,3.765343,3.196226,4.362551,4.50972,28.08473,-25.35521,-45.95989
5140.,3.76253,3.197589,4.390256,4.498633,28.17731,-25.25346,-45.6646
5150.,3.760254,3.199451,4.418035,4.488048,28.26892,-25.15041,-45.37007
5160.,3.758512,3.201808,4.445889,4.47796,28.35957,-25.04609,-45.07629
5170.,3.757302,3.204657,4.473818,4.468369,28.44928,-24.94051,-44.78326
5180.,3.75662,3.207998,4.501826,4.45927,28.53807,-24.83367,-44.49097
5190.,3.756463,3.211826,4.529913,4.450661,28.62593,-24.7256,-44.19943
5200.,3.756829,3.21614,4.558082,4.442541,28.71289,-24.61632,-43.90862
5210.,3.757715,3.220938,4.586333,4.434905,28.79896,-24.50582,-43.61855
5220.,3.759118,3.226216,4.614667,4.427753,28.88416,-24.39414,-43.3292
5230.,3.761034,3.231972,4.643088,4.421081,28.96849,-24.28128,-43.04059
5240.,3.763462,3.238205,4.671596,4.414887,29.05197,-24.16726,-42.75269
5250.,3.766399,3.244912,4.700192,4.409169,29.13461,-24.05209,-42.46552
5260.,3.769841,3.25209,4.728878,4.403925,29.21643,-23.93578,-42.17906
5270.,3.773786,3.259737,4.757655,4.399151,29.29743,-23.81836,-41.89332
5280.,3.778233,3.267852,4.786526,4.394846,29.37764,-23.69982,-41.60829
5290.,3.783176,3.276431,4.815491,4.391007,29.45705,-23.5802,-41.32396
5300.,3.788616,3.285473,4.844551,4.387633,29.53568,-23.45949,-41.04033
5310.,3.794548,3.294976,4.873709,4.38472,29.61355,-23.33772,-40.7574
5320.,3.80097,3.304937,4.902965,4.382267,29.69067,-23.21489,-40.47517
5330.,3.80788,3.315354,4.932321,4.380272,29.76704,-23.09103,-40.19362
5340.,3.815275,3.326225,4.961778,4.378733,29.84269,-22.96614,-39.91277
5350.,3.823152,3.337548,4.991338,4.377646,29.91761,-22.84023,-39.6326
5360.,3.831511,3.349322,5.021002,4.377011,29.99183,-22.71332,-39.35311
5370.,3.840347,3.361543,5.050771,4.376825,30.06534,-22.58542,-39.0743
5380.,3.849658,3.37421,5.080646,4.377086,30.13818,-22.45655,-38.79617
5390.,3.859443,3.387321,5.110629,4.377793,30.21033,-22.32671,-38.51871
5400.,3.869698,3.400874,5.140722,4.378942,30.28183,-22.19592,-38.24191
5410.,3.880422,3.414867,5.170925,4.380533,30.35266,-22.06419,-37.96578
5420.,3.891613,3.429299,5.201239,4.382562,30.42286,-21.93154,-37.69031
5430.,3.903267,3.444166,5.231666,4.385029,30.49242,-21.79797,-37.41549
5440.,3.915383,3.459468,5.262208,4.387931,30.56136,-21.6635,-37.14133
5450.,3.927959,3.475202,5.292865,4.391267,30.62968,-21.52813,-36.86783
5460.,3.940992,3.491367,5.323639,4.395034,30.6974,-21.39189,-36.59497
5470.,3.95448,3.50796,5.35453,4.399231,30.76453,-21.25478,-36.32275
5480.,3.968422,3.52498,5.38554,4.403856,30.83108,-21.11682,-36.05117
5490.,3.982814,3.542426,5.416671,4.408908,30.89705,-20.97801,-35.78024
5500.,3.997656,3.560295,5.447923,4.414383,30.96246,-20.83836,-35.50994
5510.,4.012944,3.578585,5.479297,4.420281,31.02731,-20.6979,-35.24026
5520.,4.028677,3.597296,5.510796,4.4266,31.09162,-20.55662,-34.97122
5530.,4.044853,3.616424,5.542419,4.433338,31.15539,-20.41455,-34.7028
5540.,4.061469,3.635969,5.574168,4.440494,31.21864,-20.27169,-34.43501
5550.,4.078525,3.655929,5.606044,4.448065,31.28136,-20.12805,-34.16783
5560.,4.09595,3.676219,5.637665,4.456102,31.34365,-19.98445,-33.35595
5570.,4.113712,3.696802,5.668867,4.464676,31.40554,-19.84126,-32.31663
5580.,4.131808,3.717674,5.699653,4.473803,31.46704,-19.69847,-31.29023
5590.,4.150235,3.738834,5.730028,4.48348,31.52814,-19.55608,-30.27638
5600.,4.16899,3.760277,5.759998,4.493701,31.58886,-19.41408,-29.27473
5610.,4.18807,3.782003,5.789565,4.50446,31.6492,-19.27248,-28.28494
5620.,4.207471,3.804007,5.818735,4.515753,31.70917,-19.13127,-27.30667
5630.,4.227191,3.826288,5.847512,4.527575,31.76877,-18.99044,-26.33962
5640.,4.247226,3.848843,5.8759,4.539921,31.828,-18.85001,-25.38349
5650.,4.267574,3.871669,5.903903,4.552785,31.88687,-18.70995,-24.43799
5660.,4.288232,3.894764,5.931526,4.566163,31.94539,-18.57028,-23.50285
5670.,4.309196,3.918126,5.958772,4.580049,32.00355,-18.43099,-22.5778
5680.,4.330464,3.941752,5.985647,4.594441,32.06137,-18.29207,-21.66259
5690.,4.352033,3.96564,6.012153,4.609331,32.11885,-18.15353,-20.75698
5700.,4.373901,3.989786,6.038295,4.624716,32.17599,-18.01537,-19.86074
5710.,4.396063,4.01419,6.064077,4.640592,32.23279,-17.87757,-18.97363
5720.,4.418518,4.038848,6.089503,4.656952,32.28927,-17.74014,-18.09545
5730.,4.441263,4.063758,6.114577,4.673794,32.34542,-17.60308,-17.22598
5740.,4.464295,4.088918,6.139303,4.691112,32.40126,-17.46638,-16.36502
5750.,4.487612,4.114326,6.163684,4.708902,32.45678,-17.33004,-15.51238
5760.,4.51121,4.139978,6.187725,4.727159,32.51198,-17.19406,-14.66787
5770.,4.535087,4.165874,6.211428,4.74588,32.56688,-17.05843,-13.83131
5780.,4.55924,4.192011,6.234799,4.765059,32.62148,-16.92316,-13.00253
5790.,4.583667,4.218386,6.25784,4.784692,32.67578,-16.78825,-12.18135
5800.,4.608366,4.244998,6.280556,4.804775,32.72978,-16.65368,-11.36763
5810.,4.633333,4.271844,6.302949,4.825305,32.78349,-16.51946,-10.56119
5820.,4.658566,4.298922,6.325024,4.846276,32.83691,-16.38559,-9.761893
5830.,4.684063,4.32623,6.346784,4.867684,32.89005,-16.25206,-8.969584
5840.,4.709821,4.353765,6.368233,4.889526,32.94291,-16.11887,-8.184123
5850.,4.735838,4.381527,6.389374,4.911797,32.99549,-15.98602,-7.405373
5860.,4.762112,4.409512,6.41021,4.934494,33.0478,-15.85351,-6.6332
5870.,4.788639,4.437719,6.430746,4.957611,33.09984,-15.72133,-5.867475
5880.,4.815417,4.466146,6.450983,4.981146,33.15162,-15.58949,-5.108072
5890.,4.842445,4.49479,6.470927,5.005095,33.20313,-15.45797,-4.35487
5900.,4.86972,4.52365,6.49058,5.029453,33.25439,-15.32679,-3.607751
5910.,4.897239,4.552724,6.509945,5.054216,33.30539,-15.19593,-2.866602
5920.,4.925,4.582009,6.529026,5.079382,33.35615,-15.06539,-2.13131
5930.,4.953002,4.611504,6.547826,5.104945,33.40665,-14.93518,-1.401768
5940.,4.981241,4.641207,6.566348,5.130903,33.45691,-14.80529,-0.6778721
5950.,5.009715,4.671116,6.584596,5.157251,33.50693,-14.67572,0.04048023
5960.,5.038423,4.70123,6.602572,5.183987,33.55671,-14.54646,0.7533875
5970.,5.067362,4.731545,6.620279,5.211105,33.60625,-14.41752,1.460946
5980.,5.09653,4.762061,6.637721,5.238604,33.65557,-14.28889,2.163248
5990.,5.125925,4.792776,6.654901,5.266478,33.70466,-14.16057,2.860386
6000.,5.155544,4.823687,6.671822,5.294725,33.75352,-14.03256,3.552448
6010.,5.185387,4.854793,6.688487,5.323341,33.80216,-13.90485,4.239519
6020.,5.215449,4.886093,6.704898,5.352323,33.85058,-13.77745,4.921684
6030.,5.245731,4.917584,6.72106,5.381667,33.89878,-13.65035,5.599023
6040.,5.276228,4.949265,6.736973,5.41137,33.94678,-13.52355,6.271617
6050.,5.30694,4.981134,6.752643,5.441428,33.99456,-13.39705,6.939542
6060.,5.337827,5.01316,6.768088,5.471841,34.04214,-13.27139,7.623497
6070.,5.368779,5.045254,6.783364,5.502616,34.08951,-13.14811,8.361289
6080.,5.399793,5.077412,6.79847,5.533755,34.13667,-13.02719,9.093481
6090.,5.430865,5.109632,6.813403,5.565252,34.18363,-12.9086,9.820169
6100.,5.461992,5.14191,6.828164,5.597101,34.23038,-12.79231,10.54145
6110.,5.493169,5.174243,6.842751,5.629295,34.27693,-12.67829,11.25741
6120.,5.524395,5.206626,6.857164,5.661827,34.32327,-12.56652,11.96815
6130.,5.555666,5.239057,6.8714,5.694693,34.3694,-12.45696,12.67375
6140.,5.586977,5.271533,6.885461,5.727884,34.41533,-12.3496,13.37429
6150.,5.618327,5.304049,6.899343,5.761396,34.46105,-12.2444,14.06986
6160.,5.649711,5.336603,6.913047,5.795222,34.50656,-12.14134,14.76055
6170.,5.681126,5.369192,6.926572,5.829356,34.55187,-12.04039,15.44642
6180.,5.71257,5.401812,6.939917,5.863792,34.59697,-11.94152,16.12756
6190.,5.74404,5.43446,6.953081,5.898524,34.64186,-11.84471,16.80404
6200.,5.775531,5.467134,6.966062,5.933547,34.68655,-11.74994,17.47593
6210.,5.807042,5.499829,6.978861,5.968854,34.73102,-11.65718,18.1433
6220.,5.838568,5.532544,6.991476,6.004441,34.77529,-11.5664,18.80623
6230.,5.870108,5.565274,7.003907,6.0403,34.81936,-11.47758,19.46478
6240.,5.901657,5.598018,7.016152,6.076428,34.86321,-11.39069,20.11902
6250.,5.933214,5.630771,7.028212,6.112817,34.90686,-11.30572,20.76901
6260.,5.964775,5.663532,7.040084,6.149463,34.9503,-11.22263,21.41482
6270.,5.996338,5.696297,7.051769,6.18636,34.99354,-11.14141,22.0565
6280.,6.027899,5.729063,7.063266,6.223503,35.03657,-11.06202,22.69412
6290.,6.059456,5.761828,7.074573,6.260887,35.07938,-10.98446,23.32773
6300.,6.091006,5.794589,7.085691,6.298505,35.122,-10.90869,23.9574
6310.,6.122546,5.827343,7.096618,6.336354,35.1644,-10.83469,24.58318
6320.,6.154075,5.860088,7.107353,6.374428,35.2066,-10.76244,25.20511
6330.,6.185588,5.89282,7.117897,6.412722,35.24859,-10.69191,25.82327
6340.,6.217084,5.925538,7.128249,6.45123,35.29037,-10.6231,26.4377
6350.,6.248559,5.958238,7.138407,6.489948,35.33194,-10.55596,27.04844
6360.,6.280012,5.990918,7.148371,6.528871,35.37331,-10.49049,27.65556
6370.,6.31144,6.023576,7.158141,6.567994,35.41447,-10.42667,28.2591
6380.,6.34284,6.056208,7.167715,6.607312,35.45543,-10.36446,28.85911
6390.,6.37421,6.088813,7.177094,6.64682,35.49617,-10.30386,29.45563
6400.,6.405547,6.121388,7.186277,6.686514,35.53671,-10.24483,30.04871
6410.,6.43685,6.153931,7.195262,6.72639,35.57705,-10.18737,30.6384
6420.,6.468115,6.186439,7.204051,6.766441,35.61717,-10.13144,31.22474
6430.,6.499341,6.218909,7.212641,6.806664,35.65709,-10.07704,31.80777
6440.,6.530525,6.251341,7.221033,6.847055,35.6968,-10.02414,32.38754
6450.,6.561665,6.283731,7.229225,6.887609,35.73631,-9.97272,32.96409
6460.,6.592758,6.316077,7.237218,6.928321,35.77561,-9.922766,33.53745
6470.,6.623803,6.348377,7.245011,6.969187,35.81471,-9.874257,34.10767
6480.,6.654797,6.380628,7.252604,7.010202,35.8536,-9.827175,34.67479
6490.,6.685738,6.412829,7.259996,7.051364,35.89228,-9.781502,35.23885
6500.,6.716625,6.444978,7.267186,7.092666,35.93076,-9.73722,35.79987
6510.,6.747454,6.477071,7.274174,7.134106,35.96903,-9.694311,36.35791
6520.,6.778224,6.509108,7.28096,7.175679,36.0071,-9.652757,36.91299
6530.,6.808933,6.541086,7.287543,7.21738,36.04496,-9.612543,37.46516
6540.,6.839579,6.573004,7.293923,7.259207,36.08261,-9.57365,38.01444
6550.,6.87016,6.604858,7.3001,7.301154,36.12007,-9.536061,38.56087
6560.,6.900674,6.636648,7.306072,7.343219,36.15731,-9.499761,39.10448
6570.,6.931023,6.668263,7.312123,7.385301,36.19444,-9.465693,39.19917
6580.,6.961185,6.699678,7.318307,7.427281,36.23147,-9.434039,39.19692
6590.,6.991158,6.730892,7.324621,7.469135,36.26839,-9.404765,39.19463
6600.,7.020938,6.761901,7.331057,7.51086,36.30521,-9.377841,39.1923
6610.,7.050525,6.792703,7.337612,7.552453,36.34191,-9.353236,39.18994
6620.,7.079915,6.823298,7.344278,7.593912,36.3785,-9.33092,39.18755
6630.,7.109108,6.853682,7.351053,7.635233,36.41497,-9.310864,39.18512
6640.,7.1381,6.883855,7.357929,7.676414,36.45133,-9.293037,39.18264
6650.,7.16689,6.913813,7.364902,7.717452,36.48756,-9.27741,39.18014
6660.,7.195476,6.943555,7.371967,7.758344,36.52367,-9.263956,39.17759
6670.,7.223856,6.97308,7.379119,7.799087,36.55966,-9.252645,39.17499
6680.,7.252028,7.002385,7.386352,7.839679,36.59552,-9.24345,39.17236
6690.,7.27999,7.031469,7.393663,7.880117,36.63124,-9.236344,39.16969
6700.,7.30774,7.06033,7.401046,7.920398,36.66684,-9.231299,39.16697
6710.,7.335276,7.088966,7.408496,7.960521,36.7023,-9.228288,39.16421
6720.,7.362597,7.117375,7.416009,8.000482,36.73762,-9.227286,39.1614
6730.,7.389701,7.145557,7.42358,8.04028,36.7728,-9.228267,39.15854
6740.,7.416587,7.173509,7.431205,8.079911,36.80784,-9.231205,39.15564
6750.,7.443252,7.201229,7.438879,8.119374,36.84274,-9.236074,39.1527
6760.,7.469695,7.228717,7.446597,8.158665,36.87749,-9.24285,39.1497
6770.,7.495914,7.25597,7.454356,8.197784,36.9121,-9.251509,39.14665
6780.,7.521907,7.282988,7.462151,8.236726,36.94656,-9.262026,39.14356
6790.,7.547674,7.309768,7.469977,8.275491,36.98086,-9.274378,39.14041
6800.,7.573213,7.33631,7.477831,8.314077,37.01502,-9.288541,39.13721
6810.,7.598522,7.362611,7.485708,8.35248,37.04902,-9.304492,39.13396
6820.,7.623599,7.388672,7.493604,8.390699,37.08286,-9.322208,39.13066
6830.,7.648444,7.414489,7.501515,8.428732,37.11654,-9.341668,39.1273
6840.,7.673054,7.440062,7.509438,8.466577,37.15007,-9.362849,39.12389
6850.,7.697429,7.46539,7.517367,8.504231,37.18343,-9.385729,39.12042
6860.,7.721567,7.490471,7.5253,8.541693,37.21663,-9.410288,39.1169
6870.,7.745467,7.515304,7.533233,8.578962,37.24966,-9.436503,39.11332
6880.,7.769128,7.539888,7.541161,8.616034,37.28253,-9.464354,39.10968
6890.,7.792547,7.564222,7.549082,8.652908,37.31523,-9.493822,39.10599
6900.,7.815725,7.588305,7.55699,8.689583,37.34777,-9.524885,39.10224
6910.,7.83866,7.612135,7.564884,8.726056,37.38013,-9.557524,39.09842
6920.,7.86135,7.635711,7.572759,8.762326,37.41232,-9.59172,39.09455
6930.,7.883795,7.659033,7.580611,8.798392,37.44434,-9.627453,39.09062
6940.,7.905993,7.682099,7.588437,8.83425,37.47618,-9.664705,39.08663
6950.,7.927943,7.704908,7.596235,8.869901,37.50785,-9.703456,39.08257
6960.,7.949645,7.72746,7.604,8.905341,37.53934,-9.743689,39.07846
6970.,7.971096,7.749753,7.611729,8.94057,37.57065,-9.785386,39.07428
6980.,7.992297,7.771786,7.619418,8.975586,37.60178,-9.828529,39.07003
6990.,8.013246,7.793559,7.627066,9.010388,37.63273,-9.8731,39.06573
7000.,8.033942,7.81507,7.634667,9.044973,37.6635,-9.919082,39.06136
7010.,8.054384,7.836318,7.642221,9.079341,37.69409,-9.966459,39.05692
7020.,8.074572,7.857304,7.649722,9.11349,37.72449,-10.01521,39.05242
7030.,8.094503,7.878026,7.657168,9.147419,37.75471,-10.06533,39.04785
7040.,8.114179,7.898482,7.664557,9.181125,37.78474,-10.11679,39.04322
7050.,8.133596,7.918673,7.671885,9.214609,37.81459,-10.16958,39.03851
7060.,8.152756,7.938598,7.679149,9.247868,37.84425,-10.22369,39.03374
7070.,8.1716,7.958336,7.68643,9.280821,37.87369,-10.27896,38.64796
7080.,8.190038,7.978013,7.693857,9.313259,37.90288,-10.33517,37.6472
7090.,8.20807,7.997627,7.701427,9.345054,37.93181,-10.39231,36.63647
7100.,8.225699,8.017175,7.709134,9.37621,37.96049,-10.45037,35.61554
7110.,8.242924,8.036654,7.716973,9.40673,37.98891,-10.50935,34.58418
7120.,8.259747,8.056062,7.72494,9.436618,38.01708,-10.56922,33.54214
7130.,8.276168,8.075396,7.733029,9.465875,38.04499,-10.62999,32.48915
7140.,8.292188,8.094653,7.741236,9.494506,38.07265,-10.69164,31.42495
7150.,8.307808,8.113832,7.749557,9.522514,38.10006,-10.75417,30.34927
7160.,8.323029,8.132928,7.757986,9.549901,38.12721,-10.81756,29.26181
7170.,8.337852,8.15194,7.766519,9.576671,38.1541,-10.88181,28.16228
7180.,8.352277,8.170865,7.775152,9.602826,38.18074,-10.94691,27.05035
7190.,8.366306,8.189702,7.78388,9.62837,38.20713,-11.01285,25.92572
7200.,8.379939,8.208446,7.7927,9.653306,38.23327,-11.07962,24.78803
7210.,8.393177,8.227097,7.801606,9.677636,38.25915,-11.14722,23.63694
7220.,8.406022,8.245651,7.810594,9.701364,38.28478,-11.21563,22.47207
7230.,8.418473,8.264107,7.819661,9.724492,38.31015,-11.28485,21.29304
7240.,8.430532,8.282462,7.828801,9.747023,38.33527,-11.35487,20.09945
7250.,8.4422,8.300713,7.838012,9.768961,38.36014,-11.42568,18.89087
7260.,8.453477,8.31886,7.847289,9.790309,38.38476,-11.49728,17.66686
7270.,8.464365,8.336898,7.856627,9.811068,38.40913,-11.56966,16.42698
7280.,8.474864,8.354827,7.866024,9.831242,38.43324,-11.64281,15.17072
7290.,8.484975,8.372645,7.875474,9.850834,38.4571,-11.71673,13.89758
7300.,8.494698,8.390348,7.884975,9.869846,38.48071,-11.7914,12.60704
7310.,8.504036,8.407936,7.894522,9.888281,38.50407,-11.86682,11.29853
7320.,8.512988,8.425405,7.904112,9.906143,38.52718,-11.94299,9.971459
7330.,8.521556,8.442754,7.913741,9.923434,38.55004,-12.01989,8.625217
7340.,8.52974,8.459982,7.923405,9.940156,38.57265,-12.09753,7.259148
7350.,8.537542,8.477086,7.933101,9.956312,38.59501,-12.17589,5.872566
7360.,8.544961,8.494064,7.942825,9.971905,38.61712,-12.25497,4.464743
7370.,8.551999,8.510914,7.952574,9.986938,38.63898,-12.33476,3.034913
7380.,8.558657,8.527634,7.962343,10.00141,38.66059,-12.41526,1.582264
7390.,8.564936,8.544223,7.972131,10.01533,38.68195,-12.49645,0.1059369
7400.,8.570836,8.56068,7.981932,10.0287,38.70306,-12.57835,-1.394982
7410.,8.576359,8.577001,7.991745,10.04152,38.72393,-12.66093,-2.92146
7420.,8.581505,8.593185,8.001565,10.05379,38.74454,-12.7442,-4.474527
7430.,8.586274,8.609231,8.01139,10.06552,38.76491,-12.82814,-6.055282
7440.,8.590669,8.625137,8.021216,10.0767,38.78504,-12.91276,-7.664893
7450.,8.594689,8.640901,8.03104,10.08735,38.80491,-12.99804,-9.30461
7460.,8.598336,8.656521,8.040858,10.09745,38.82454,-13.08399,-10.97577
7470.,8.60161,8.671997,8.050669,10.10703,38.84393,-13.17059,-12.67981
7480.,8.604513,8.687326,8.060468,10.11607,38.86306,-13.25785,-14.41826
7490.,8.607044,8.702506,8.070253,10.12458,38.88196,-13.34575,-16.19278
7500.,8.609206,8.717537,8.08002,10.13256,38.90061,-13.4343,-18.00516
7510.,8.610998,8.732417,8.089767,10.14002,38.91901,-13.52348,-19.85732
7520.,8.612422,8.747143,8.099491,10.14696,38.93717,-13.61329,-21.75134
7530.,8.613478,8.761716,8.109189,10.15338,38.95508,-13.70374,-23.68949
7540.,8.614168,8.776133,8.118858,10.15928,38.97275,-13.79481,-25.67423
7550.,8.614491,8.790392,8.128496,10.16466,38.99018,-13.8865,-27.70824
7560.,8.61445,8.804493,8.138099,10.16953,39.00737,-13.9788,-29.79447
7570.,8.614044,8.818434,8.147665,10.1739,39.02431,-14.07171,-31.93613
7580.,8.613669,8.8319,8.157257,10.17793,39.04098,-14.16456,-32.27441
7590.,8.613344,8.844876,8.166877,10.18183,39.05739,-14.25729,-32.51358
7600.,8.613067,8.857367,8.176524,10.18559,39.07353,-14.34993,-32.75356
7610.,8.612838,8.869377,8.186195,10.18924,39.0894,-14.44247,-32.99434
7620.,8.612653,8.880909,8.19589,10.19275,39.10501,-14.53492,-33.23595
7630.,8.612512,8.891967,8.205606,10.19614,39.12037,-14.62728,-33.47837
7640.,8.612413,8.902556,8.215343,10.19939,39.13547,-14.71955,-33.72163
7650.,8.612353,8.912678,8.225098,10.20253,39.15031,-14.81175,-33.96572
7660.,8.612332,8.922338,8.234871,10.20553,39.1649,-14.90386,-34.21064
7670.,8.612347,8.931538,8.24466,10.20841,39.17925,-14.9959,-34.45642
7680.,8.612397,8.940284,8.254463,10.21116,39.19335,-15.08787,-34.70305
7690.,8.612481,8.948578,8.264279,10.21378,39.2072,-15.17978,-34.95053
7700.,8.612596,8.956424,8.274107,10.21628,39.22081,-15.27162,-35.19889
7710.,8.612742,8.963825,8.283944,10.21865,39.23418,-15.36341,-35.44811
7720.,8.612916,8.970785,8.293791,10.22089,39.24731,-15.45513,-35.69822
7730.,8.613117,8.977307,8.303645,10.22301,39.26021,-15.54681,-35.94921
7740.,8.613344,8.983395,8.313505,10.225,39.27287,-15.63843,-36.20109
7750.,8.613595,8.989052,8.32337,10.22686,39.28531,-15.73001,-36.45387
7760.,8.613868,8.994282,8.333238,10.2286,39.29751,-15.82155,-36.70755
7770.,8.614162,8.999087,8.343108,10.23021,39.30948,-15.91304,-36.96215
7780.,8.614477,9.003471,8.352979,10.2317,39.32123,-16.0045,-37.21767
7790.,8.614809,9.007437,8.36285,10.23305,39.33276,-16.09593,-37.47411
7800.,8.615158,9.010989,8.372719,10.23429,39.34407,-16.18733,-37.73149
7810.,8.615522,9.01413,8.382585,10.23539,39.35515,-16.2787,-37.98981
7820.,8.6159,9.016862,8.392447,10.23637,39.36602,-16.37004,-38.24908
7830.,8.616291,9.019189,8.402303,10.23723,39.37667,-16.46136,-38.50931
7840.,8.616693,9.021114,8.412153,10.23795,39.38711,-16.55267,-38.7705
7850.,8.617105,9.02264,8.421995,10.23856,39.39734,-16.64396,-39.03266
7860.,8.617526,9.02377,8.431829,10.23903,39.40736,-16.73523,-39.2958
7870.,8.617954,9.024507,8.441652,10.23938,39.41717,-16.8265,-39.55993
7880.,8.618387,9.024854,8.451464,10.23961,39.42677,-16.91775,-39.82506
7890.,8.618826,9.024814,8.461263,10.23971,39.43617,-17.009,-40.09118
7900.,8.619267,9.024389,8.471049,10.23968,39.44537,-17.10025,-40.35832
7910.,8.619711,9.023583,8.48082,10.23953,39.45436,-17.1915,-40.62648
7920.,8.620156,9.022399,8.490576,10.23925,39.46316,-17.28275,-40.89567
7930.,8.6206,9.020839,8.500315,10.23885,39.47175,-17.37401,-41.1659
7940.,8.621043,9.018906,8.510036,10.23833,39.48015,-17.46528,-41.43717
7950.,8.621483,9.016602,8.519738,10.23767,39.48836,-17.55655,-41.70949
7960.,8.621919,9.013932,8.52942,10.2369,39.49637,-17.64784,-41.98288
7970.,8.622349,9.010896,8.539081,10.236,39.50419,-17.73914,-42.25734
7980.,8.622774,9.007498,8.54872,10.23497,39.51182,-17.83046,-42.53289
7990.,8.623191,9.003741,8.558337,10.23382,39.51927,-17.9218,-42.80952
8000.,8.6236,8.999627,8.567929,10.23254,39.52652,-18.01316,-43.08725
8010.,8.623999,8.995158,8.577497,10.23114,39.53359,-18.10454,-43.3661
8020.,8.624387,8.990338,8.587038,10.22962,39.54048,-18.19596,-43.64606
8030.,8.624478,8.984974,8.596249,10.2277,39.31794,-18.28741,-43.8672
8040.,8.623769,8.978868,8.604484,10.22495,38.93971,-18.37922,-43.86793
8050.,8.622091,8.971852,8.611565,10.22121,38.56606,-18.4717,-43.8692
8060.,8.61946,8.963942,8.617509,10.2165,38.19691,-18.56484,-43.87125
8070.,8.615892,8.955153,8.622334,10.21084,37.83217,-18.65862,-43.87408
8080.,8.611397,8.945502,8.626053,10.20424,37.47176,-18.75274,-43.85191
8090.,8.605985,8.935007,8.628677,10.19672,37.11559,-18.84694,-43.8059
8100.,8.59967,8.923681,8.630224,10.18831,36.76358,-18.94121,-43.76064
8110.,8.592469,8.911539,8.630712,10.17902,36.41567,-19.03554,-43.71613
8120.,8.584396,8.898596,8.630157,10.16885,36.07178,-19.12993,-43.67234
8130.,8.575467,8.884865,8.628577,10.15784,35.73185,-19.22437,-43.62925
8140.,8.565696,8.87036,8.625988,10.14599,35.39581,-19.31886,-43.58687
8150.,8.555097,8.855093,8.622405,10.13332,35.0636,-19.41339,-43.54516
8160.,8.543683,8.839078,8.617845,10.11984,34.73516,-19.50796,-43.50413
8170.,8.53147,8.822328,8.612322,10.10557,34.41043,-19.60256,-43.46376
8180.,8.518469,8.804855,8.605853,10.09052,34.08933,-19.6972,-43.42403
8190.,8.504695,8.786671,8.598452,10.0747,33.77183,-19.79187,-43.38494
8200.,8.490159,8.767789,8.590134,10.05813,33.45785,-19.88655,-43.34647
8210.,8.474876,8.748219,8.580913,10.04082,33.14733,-19.98126,-43.30861
8220.,8.458856,8.727974,8.570803,10.02278,32.84024,-20.07599,-43.27135
8230.,8.442113,8.707065,8.559818,10.00402,32.5365,-20.17073,-43.23468
8240.,8.424658,8.685503,8.547973,9.984563,32.23607,-20.26548,-43.19858
8250.,8.406503,8.663299,8.535279,9.964413,31.9389,-20.36024,-43.16305
8260.,8.387659,8.640463,8.521751,9.943582,31.64492,-20.45501,-43.12808
8270.,8.368138,8.617006,8.5074,9.922083,31.3541,-20.54978,-43.09365
8280.,8.34795,8.592939,8.492241,9.899927,31.06639,-20.64455,-43.05976
8290.,8.327108,8.56827,8.476285,9.877125,30.78172,-20.73932,-43.0264
8300.,8.30562,8.543011,8.459545,9.853687,30.50007,-20.83409,-42.99355
8310.,8.283498,8.51717,8.442032,9.829625,30.22137,-20.92885,-42.96121
8320.,8.260752,8.490758,8.423758,9.804948,29.94559,-21.0236,-42.92937
8330.,8.237392,8.463784,8.404736,9.779668,29.67267,-21.11834,-42.89801
8340.,8.213428,8.436257,8.384976,9.753794,29.40259,-21.21307,-42.86713
8350.,8.18887,8.408185,8.36449,9.727335,29.13528,-21.30779,-42.83673
8360.,8.163727,8.379579,8.343289,9.700302,28.87072,-21.40249,-42.80678
8370.,8.138008,8.350446,8.321383,9.672704,28.60885,-21.49717,-42.77729
8380.,8.111724,8.320794,8.298783,9.644551,28.34964,-21.59184,-42.74825
8390.,8.084882,8.290634,8.275501,9.615851,28.09305,-21.68649,-42.71964
8400.,8.057493,8.259971,8.251545,9.586614,27.83903,-21.78111,-42.69146
8410.,8.029563,8.228816,8.226927,9.556848,27.58756,-21.87571,-42.6637
8420.,8.001103,8.197175,8.201655,9.526563,27.33859,-21.97029,-42.63636
8430.,7.972121,8.165056,8.175741,9.495765,27.09208,-22.06484,-42.60942
8440.,7.942624,8.132467,8.149194,9.464465,26.84799,-22.15937,-42.58288
8450.,7.912622,8.099416,8.122022,9.43267,26.6063,-22.25387,-42.55673
8460.,7.882121,8.06591,8.094236,9.400388,26.36697,-22.34834,-42.53097
8470.,7.85113,8.031956,8.065844,9.367627,26.12996,-22.44279,-42.50558
8480.,7.819657,7.997561,8.036856,9.334396,25.89524,-22.5372,-42.48056
8490.,7.787709,7.962733,8.00728,9.3007,25.66277,-22.63158,-42.45591
8500.,7.755293,7.927477,7.977126,9.266549,25.43252,-22.72593,-42.43161
8510.,7.722418,7.891802,7.946401,9.23195,25.20446,-22.82025,-42.40767
8520.,7.689089,7.855713,7.915114,9.196909,24.97856,-22.91454,-42.38406
8530.,7.655315,7.819218,7.883273,9.161434,24.75479,-23.00879,-42.3608
8540.,7.621102,7.782321,7.850888,9.125532,24.53311,-23.10301,-42.33786
8550.,7.586457,7.745031,7.817965,9.089209,24.3135,-23.19719,-42.31525
8560.,7.551387,7.707353,7.784512,9.052474,24.09592,-23.29134,-42.29296
8570.,7.515898,7.669293,7.750538,9.015331,23.88035,-23.38546,-42.27099
8580.,7.479997,7.630857,7.71605,8.977789,23.66676,-23.47951,-42.24233
8590.,7.44369,7.592052,7.681059,8.939862,23.45507,-23.57315,-42.12761
8600.,7.406985,7.552883,7.645573,8.901563,23.24525,-23.66638,-42.01334
8610.,7.369887,7.513357,7.609599,8.862901,23.03728,-23.75922,-41.89951
8620.,7.332403,7.473479,7.573145,8.823879,22.83113,-23.85166,-41.78611
8630.,7.294539,7.433256,7.536218,8.784506,22.62677,-23.94371,-41.67314
8640.,7.256302,7.392693,7.498825,8.744787,22.42419,-24.03537,-41.56058
8650.,7.217697,7.351796,7.460975,8.704728,22.22336,-24.12665,-41.44844
8660.,7.178731,7.31057,7.422673,8.664334,22.02425,-24.21754,-41.33671
8670.,7.13941,7.269022,7.383926,8.623612,21.82684,-24.30806,-41.22538
8680.,7.09974,7.227156,7.344743,8.582568,21.6311,-24.3982,-41.11444
8690.,7.059726,7.184977,7.305128,8.541206,21.43702,-24.48797,-41.00389
8700.,7.019373,7.142492,7.265089,8.499533,21.24457,-24.57738,-40.89372
8710.,6.978689,7.099704,7.224633,8.457554,21.05373,-24.66642,-40.78393
8720.,6.937677,7.05662,7.183765,8.415274,20.86448,-24.7551,-40.67451
8730.,6.896344,7.013243,7.142493,8.372699,20.67679,-24.84343,-40.56545
8740.,6.854694,6.96958,7.100821,8.329833,20.49065,-24.9314,-40.45675
8750.,6.812734,6.925635,7.058758,8.286682,20.30603,-25.01903,-40.34841
8760.,6.770468,6.881412,7.016307,8.24325,20.12292,-25.10631,-40.24041
8770.,6.7279,6.836916,6.973476,8.199543,19.94129,-25.19325,-40.13276
8780.,6.685037,6.792153,6.930271,8.155565,19.76113,-25.27985,-40.02544
8790.,6.641884,6.747125,6.886696,8.111322,19.58241,-25.36611,-39.91845
8800.,6.598443,6.701839,6.842758,8.066817,19.40511,-25.45205,-39.8118
8810.,6.554722,6.656297,6.798463,8.022056,19.22923,-25.53765,-39.70546
8820.,6.510724,6.610505,6.753815,7.977042,19.05473,-25.62293,-39.59944
8830.,6.466454,6.564467,6.70882,7.931781,18.8816,-25.70788,-39.49374
8840.,6.421916,6.518187,6.663484,7.886277,18.70982,-25.79251,-39.38834
8850.,6.377115,6.471669,6.617812,7.840534,18.53938,-25.87683,-39.28325
8860.,6.332056,6.424917,6.571809,7.794556,18.37026,-25.96084,-39.17845
8870.,6.286742,6.377935,6.52548,7.748347,18.20244,-26.04453,-39.07395
8880.,6.241178,6.330726,6.478829,7.701912,18.0359,-26.12792,-38.96974
8890.,6.195368,6.283296,6.431863,7.655255,17.87062,-26.211,-38.86582
8900.,6.149317,6.235648,6.384586,7.608379,17.7066,-26.29379,-38.76218
8910.,6.103027,6.187784,6.337003,7.561289,17.54382,-26.37627,-38.65881
8920.,6.056504,6.13971,6.289118,7.513988,17.38225,-26.45846,-38.55572
8930.,6.009752,6.091429,6.240936,7.46648,17.22188,-26.54035,-38.4529
8940.,5.962773,6.042944,6.192462,7.418769,17.06271,-26.62196,-38.35035
8950.,5.915572,5.994258,6.1437,7.370859,16.9047,-26.70328,-38.24806
8960.,5.868153,5.945376,6.094655,7.322752,16.74786,-26.78431,-38.14602
8970.,5.820519,5.896301,6.045331,7.274454,16.59216,-26.86506,-38.04424
8980.,5.772675,5.847036,5.995732,7.225966,16.43758,-26.94554,-37.94271
8990.,5.724623,5.797583,5.945863,7.177294,16.28413,-27.02574,-37.84143
9000.,5.676367,5.747948,5.895727,7.128439,16.13177,-27.10566,-37.7404
9010.,5.627911,5.698132,5.84533,7.079406,15.9805,-27.18531,-37.6396
9020.,5.579258,5.64814,5.794675,7.030197,15.8303,-27.2647,-37.53904
9030.,5.530412,5.597973,5.743766,6.980817,15.68117,-27.34382,-37.43871
9040.,5.481375,5.547635,5.692606,6.931267,15.53308,-27.42267,-37.33862
9050.,5.432152,5.49713,5.641201,6.881552,15.38603,-27.50127,-37.23875
9060.,5.382745,5.44646,5.589554,6.831674,15.23999,-27.57961,-37.1391
9070.,5.333157,5.395628,5.537668,6.781637,15.09497,-27.65769,-37.03968
9080.,5.283392,5.344637,5.485547,6.731443,14.95094,-27.73552,-36.94047
9090.,5.233455,5.29349,5.43321,6.681099,14.80785,-27.81309,-36.80061
9100.,5.183349,5.242191,5.380669,6.630613,14.66567,-27.89042,-36.63793
9110.,5.133078,5.190743,5.327925,6.579992,14.52437,-27.9675,-36.47566
9120.,5.082645,5.139147,5.274984,6.529236,14.38395,-28.04433,-36.3138
9130.,5.032052,5.087408,5.221848,6.47835,14.24441,-28.12091,-36.15234
9140.,4.981301,5.035527,5.168519,6.427335,14.10572,-28.19726,-35.99128
9150.,4.930397,4.983506,5.115002,6.376193,13.96788,-28.27337,-35.83062
9160.,4.879341,4.931349,5.061299,6.324928,13.83087,-28.34924,-35.67035
9170.,4.828137,4.879058,5.007414,6.273542,13.69469,-28.42487,-35.51047
9180.,4.776786,4.826635,4.953348,6.222038,13.55933,-28.50028,-35.35098
9190.,4.725291,4.774083,4.899106,6.170416,13.42478,-28.57545,-35.19187
9200.,4.673656,4.721403,4.844689,6.118681,13.29103,-28.6504,-35.03313
9210.,4.621882,4.668599,4.790102,6.066834,13.15806,-28.72512,-34.87477
9220.,4.569971,4.615672,4.735346,6.014878,13.02587,-28.79962,-34.71678
9230.,4.517928,4.562625,4.680424,5.962814,12.89445,-28.8739,-34.55915
9240.,4.465753,4.509461,4.62534,5.910645,12.76379,-28.94795,-34.40189
9250.,4.413449,4.45618,4.570095,5.858373,12.63389,-29.02179,-34.24499
9260.,4.361018,4.402786,4.514692,5.806001,12.50472,-29.09542,-34.08845
9270.,4.308464,4.34928,4.459135,5.753529,12.37629,-29.16883,-33.93226
9280.,4.255787,4.295665,4.403425,5.700961,12.24858,-29.24203,-33.77642
9290.,4.202991,4.241942,4.347565,5.648299,12.12158,-29.31502,-33.62093
9300.,4.150077,4.188114,4.291558,5.595544,11.9953,-29.38781,-33.46579
9310.,4.097048,4.134183,4.235405,5.542698,11.86971,-29.46039,-33.31098
9320.,4.043905,4.080151,4.17911,5.489764,11.74481,-29.53277,-33.15652
9330.,3.990652,4.026019,4.122675,5.436743,11.6206,-29.60494,-33.00239
9340.,3.93729,3.971789,4.066102,5.383637,11.49706,-29.67692,-32.84859
9350.,3.88382,3.917464,4.009393,5.330448,11.37419,-29.74869,-32.69512
9360.,3.830246,3.863046,3.952551,5.277178,11.25198,-29.82027,-32.54198
9370.,3.776568,3.808535,3.895579,5.223829,11.13041,-29.89166,-32.38916
9380.,3.72279,3.753935,3.838477,5.170402,11.0095,-29.96286,-32.23667
9390.,3.668913,3.699246,3.781249,5.116899,10.88921,-30.03386,-32.08449
9400.,3.614938,3.64447,3.723896,5.063322,10.76956,-30.10468,-31.93263
9410.,3.560869,3.58961,3.666421,5.009673,10.65053,-30.17531,-31.78108
9420.,3.506705,3.534667,3.608825,4.955953,10.53211,-30.24575,-31.62985
9430.,3.452451,3.479642,3.551112,4.902164,10.4143,-30.31601,-31.47892
9440.,3.398106,3.424537,3.493282,4.848307,10.2971,-30.38609,-31.32829
9450.,3.343674,3.369355,3.435339,4.794385,10.18048,-30.45598,-31.17798
9460.,3.289155,3.314096,3.377283,4.740398,10.06445,-30.5257,-31.02796
9470.,3.234552,3.258762,3.319117,4.686349,9.949006,-30.59524,-30.87824
9480.,3.179866,3.203355,3.260842,4.632239,9.834132,-30.66461,-30.72881
9490.,3.125098,3.147875,3.202462,4.578069,9.719825,-30.7338,-30.57968
9500.,3.070252,3.092326,3.143976,4.523841,9.606079,-30.80282,-30.43085
9510.,3.015327,3.036708,3.085389,4.469556,9.492887,-30.87166,-30.2823
9520.,2.960326,2.981023,3.0267,4.415215,9.380244,-30.94034,-30.13404
9530.,2.905251,2.925272,2.967912,4.360821,9.268142,-31.00885,-29.98606
9540.,2.850102,2.869456,2.909027,4.306375,9.156577,-31.07719,-29.83836
9550.,2.794882,2.813578,2.850047,4.251878,9.045541,-31.14537,-29.69095
9560.,2.739592,2.757638,2.790972,4.19733,8.935029,-31.21338,-29.54381
9570.,2.684233,2.701638,2.731806,4.142735,8.825036,-31.28123,-29.39695
9580.,2.628807,2.645579,2.672549,4.088093,8.715555,-31.34892,-29.25037
9590.,2.573315,2.589462,2.613211,4.033404,8.606571,-31.41638,-29.10556
9600.,2.517754,2.533286,2.553825,3.978671,8.498039,-31.48329,-28.967
9610.,2.462127,2.477054,2.494393,3.923894,8.389954,-31.54966,-28.82868
9620.,2.406435,2.420766,2.434917,3.869074,8.282313,-31.61551,-28.6906
9630.,2.350681,2.364425,2.375396,3.814213,8.17511,-31.68083,-28.55275
9640.,2.294866,2.308031,2.315835,3.759314,8.068341,-31.74562,-28.41515
9650.,2.238991,2.251588,2.256233,3.704376,7.962002,-31.8099,-28.27778
9660.,2.183059,2.195095,2.196592,3.649403,7.856088,-31.87367,-28.14064
9670.,2.127071,2.138556,2.136914,3.594395,7.750596,-31.93694,-28.00373
9680.,2.071028,2.081971,2.0772,3.539353,7.645519,-31.9997,-27.86705
9690.,2.014933,2.025342,2.017452,3.484281,7.540856,-32.06197,-27.7306
9700.,1.958787,1.96867,1.95767,3.429178,7.436601,-32.12375,-27.59438
9710.,1.902591,1.911957,1.897857,3.374046,7.33275,-32.18503,-27.45838
9720.,1.846348,1.855205,1.838014,3.318887,7.229299,-32.24584,-27.3226
9730.,1.790058,1.798414,1.778142,3.263702,7.126245,-32.30617,-27.18704
9740.,1.733724,1.741587,1.718242,3.208492,7.023584,-32.36603,-27.0517
9750.,1.677346,1.684724,1.658316,3.153259,6.921311,-32.42542,-26.91658
9760.,1.620927,1.627827,1.598364,3.098004,6.819422,-32.48434,-26.78167
9770.,1.564467,1.570897,1.538389,3.042729,6.717915,-32.5428,-26.64697
9780.,1.507969,1.513937,1.478391,2.987434,6.616785,-32.60081,-26.51249
9790.,1.451433,1.456946,1.418372,2.932121,6.516028,-32.65837,-26.37822
9800.,1.39486,1.399927,1.358333,2.876792,6.415641,-32.71548,-26.24416
9810.,1.338254,1.34288,1.298275,2.821447,6.315621,-32.77215,-26.1103
9820.,1.281614,1.285807,1.238199,2.766087,6.215963,-32.82837,-25.97665
9830.,1.224942,1.22871,1.178106,2.710715,6.116665,-32.88417,-25.84321
9840.,1.168239,1.171589,1.117998,2.655331,6.017722,-32.93953,-25.70997
9850.,1.111507,1.114445,1.057876,2.599935,5.919132,-32.99447,-25.57692
9860.,1.054747,1.05728,0.9977402,2.544531,5.820891,-33.04898,-25.44408
9870.,0.9979605,1.000096,0.9375923,2.489117,5.722996,-33.10307,-25.31144
9880.,0.9411483,0.942892,0.8774333,2.433697,5.625443,-33.15675,-25.179
9890.,0.8843119,0.8856708,0.8172643,2.37827,5.528229,-33.21002,-25.04675
9900.,0.8274524,0.828433,0.7570863,2.322838,5.431351,-33.26287,-24.91469
9910.,0.7705711,0.7711799,0.6969004,2.267401,5.334806,-33.31533,-24.78283
9920.,0.7136692,0.7139124,0.6367074,2.211962,5.238591,-33.36738,-24.65117
9930.,0.6567478,0.6566317,0.5765086,2.156521,5.142702,-33.41904,-24.51969
9940.,0.5998081,0.5993389,0.5163047,2.101079,5.047137,-33.4703,-24.3884
9950.,0.5428511,0.5420349,0.4560969,2.045636,4.951893,-33.52117,-24.2573
9960.,0.4858782,0.484721,0.3958861,1.990195,4.856966,-33.57165,-24.12638
9970.,0.4288902,0.427398,0.3356731,1.934756,4.762353,-33.62176,-23.99565
9980.,0.3718885,0.370067,0.275459,1.87932,4.668053,-33.67148,-23.86511
9990.,0.3148739,0.3127291,0.2152446,1.823888,4.574061,-33.72082,-23.73475
10000.,0.2578476,0.2553851,0.1550309,1.76846,4.480375,-33.76979,-23.60457
10010.,0.2008106,0.1980361,0.0948187,1.713039,4.386993,-33.81839,-23.47457
10020.,0.143764,0.140683,0.03460895,1.657624,4.293911,-33.86662,-23.34476
10030.,0.08670875,0.08332682,-0.02559751,1.602217,4.201126,-33.91449,-23.21512
10040.,0.02964589,0.02596844,-0.08579984,1.546818,4.108637,-33.962,-23.08566
10050.,-0.02742361,-0.03139121,-0.1459972,1.491429,4.01644,-34.00915,-22.95637
10060.,-0.08449877,-0.08875121,-0.2061887,1.43605,3.924533,-34.05595,-22.82726
10070.,-0.1415786,-0.1461107,-0.2663736,1.380682,3.832913,-34.10239,-22.69832
10080.,-0.1986622,-0.2034687,-0.3265511,1.325326,3.741578,-34.14848,-22.56956
10090.,-0.2557486,-0.2608245,-0.3867204,1.269982,3.650525,-34.19423,-22.44097
10100.,-0.3128252,-0.3181781,-0.4468653,1.214654,3.559769,-34.23932,-22.29927
10110.,-0.3698872,-0.3755287,-0.5069802,1.159345,3.469315,-34.28365,-22.1537
10120.,-0.4269332,-0.4328748,-0.5670639,1.104055,3.37916,-34.32724,-22.00835
10130.,-0.4839622,-0.4902151,-0.6271153,1.048787,3.289302,-34.37009,-21.86322
10140.,-0.5406464,-0.5472462,-0.6868123,0.9938543,3.588105,-34.41216,-21.81266
10150.,-0.5963934,-0.603742,-0.7457373,0.9395232,3.883978,-34.45256,-22.17047
10160.,-0.6512094,-0.659705,-0.8038947,0.8857455,4.176944,-34.4913,-22.52949
10170.,-0.7051006,-0.7151373,-0.8612894,0.8325187,4.467026,-34.52839,-22.88973
10180.,-0.7580732,-0.7700414,-0.917926,0.7798401,4.754247,-34.56385,-23.25121
10190.,-0.8101334,-0.8244195,-0.9738091,0.7277068,5.038631,-34.5977,-23.61393
10200.,-0.8612873,-0.8782742,-1.028943,0.6761161,5.3202,-34.62994,-23.97792
10210.,-0.9115411,-0.9316078,-1.083334,0.6250653,5.598976,-34.6606,-24.34319
10220.,-0.9609007,-0.9844228,-1.136984,0.5745516,5.874984,-34.68968,-24.70975
10230.,-1.009372,-1.036721,-1.1899,0.5245722,6.148244,-34.71721,-25.07761
10240.,-1.056962,-1.088506,-1.242086,0.4751243,6.418781,-34.7432,-25.4468
10250.,-1.103676,-1.13978,-1.293546,0.426205,6.686617,-34.76766,-25.81732
10260.,-1.14952,-1.190545,-1.344285,0.3778117,6.951775,-34.79061,-26.18919
10270.,-1.1945,-1.240804,-1.394308,0.3299413,7.214276,-34.81205,-26.56243
10280.,-1.238622,-1.290559,-1.443619,0.2825911,7.474145,-34.83201,-26.93705
10290.,-1.281893,-1.339812,-1.492223,0.2357583,7.731402,-34.8505,-27.31307
10300.,-1.324317,-1.388567,-1.540124,0.1894399,7.986071,-34.86753,-27.69051
10310.,-1.3659,-1.436826,-1.587328,0.1436331,8.238173,-34.88312,-28.06938
10320.,-1.40665,-1.484591,-1.633837,0.09833503,8.487731,-34.89728,-28.44969
10330.,-1.446571,-1.531865,-1.679658,0.05354281,8.734768,-34.91001,-28.83147
10340.,-1.485669,-1.578651,-1.724794,0.009253557,8.979305,-34.92135,-29.21473
10350.,-1.52395,-1.62495,-1.769251,-0.03453561,9.221364,-34.93129,-29.59949
10360.,-1.56142,-1.670767,-1.813031,-0.07782759,9.460968,-34.93986,-29.98577
10370.,-1.598084,-1.716103,-1.856141,-0.1206252,9.698137,-34.94705,-30.37358
10380.,-1.633949,-1.76096,-1.898584,-0.1629315,9.932895,-34.9529,-30.76295
10390.,-1.669019,-1.805342,-1.940365,-0.2047492,10.16526,-34.95741,-31.1539
10400.,-1.703301,-1.849251,-1.981489,-0.2460812,10.39526,-34.96059,-31.54643
10410.,-1.7368,-1.89269,-2.021959,-0.2869305,10.62291,-34.96245,-31.94058
10420.,-1.769521,-1.935661,-2.06178,-0.3272999,10.84824,-34.96302,-32.33635
10430.,-1.80147,-1.978167,-2.100956,-0.3671923,11.07126,-34.96229,-32.73378
10440.,-1.832654,-2.020211,-2.139493,-0.4066106,11.29199,-34.96028,-33.13288
10450.,-1.863076,-2.061794,-2.177393,-0.4455576,11.51047,-34.95701,-33.53367
10460.,-1.892743,-2.10292,-2.214662,-0.4840363,11.7267,-34.95249,-33.93618
10470.,-1.92166,-2.143591,-2.251304,-0.5220494,11.94072,-34.94672,-34.34042
10480.,-1.949832,-2.18381,-2.287322,-0.5595999,12.15253,-34.93972,-34.74641
10490.,-1.977265,-2.22358,-2.322722,-0.5966905,12.36217,-34.93151,-35.15419
10500.,-2.003964,-2.262903,-2.357507,-0.6333243,12.56965,-34.92209,-35.56377
10510.,-2.029934,-2.301781,-2.391682,-0.6695038,12.77499,-34.91147,-35.97517
10520.,-2.055181,-2.340217,-2.42525,-0.7052321,12.97822,-34.89966,-36.38842
10530.,-2.07971,-2.378214,-2.458217,-0.7405119,13.17934,-34.88669,-36.80354
10540.,-2.103526,-2.415774,-2.490585,-0.7753461,13.3784,-34.87255,-37.22056
10550.,-2.126634,-2.452901,-2.52236,-0.8097374,13.57539,-34.85726,-37.6395
10560.,-2.14904,-2.489595,-2.553545,-0.8436886,13.77035,-34.84084,-38.06038
10570.,-2.170747,-2.525861,-2.584145,-0.8772026,13.9633,-34.82328,-38.48324
10580.,-2.191763,-2.5617,-2.614163,-0.9102821,14.15424,-34.8046,-38.90809
10590.,-2.212091,-2.597115,-2.643603,-0.9429298,14.34321,-34.78482,-39.33497
10600.,-2.231845,-2.631974,-2.672182,-0.9751434,14.53022,-34.76369,-39.7095
10610.,-2.251252,-2.666003,-2.699314,-1.006909,14.71526,-34.7407,-39.97353
10620.,-2.270312,-2.699206,-2.725009,-1.038219,14.89836,-34.71586,-40.23813
10630.,-2.289023,-2.731587,-2.749276,-1.069072,15.07953,-34.68921,-40.50332
10640.,-2.307386,-2.763151,-2.772126,-1.099471,15.25881,-34.66074,-40.7691
10650.,-2.325401,-2.7939,-2.793569,-1.129415,15.43621,-34.63048,-41.03547
10660.,-2.343066,-2.82384,-2.813614,-1.158906,15.61176,-34.59844,-41.30245
10670.,-2.360382,-2.852974,-2.832271,-1.187944,15.78547,-34.56464,-41.57002
10680.,-2.377348,-2.881306,-2.849549,-1.216531,15.95736,-34.52909,-41.83821
10690.,-2.393964,-2.90884,-2.865457,-1.244667,16.12746,-34.49182,-42.10702
10700.,-2.410229,-2.93558,-2.880005,-1.272353,16.29579,-34.45283,-42.37644
10710.,-2.426144,-2.96153,-2.893203,-1.29959,16.46236,-34.41215,-42.64649
10720.,-2.441708,-2.986693,-2.905059,-1.326379,16.62721,-34.36978,-42.91716
10730.,-2.456922,-3.011074,-2.915583,-1.35272,16.79034,-34.32574,-43.18848
10740.,-2.471784,-3.034676,-2.924783,-1.378615,16.95178,-34.28006,-43.46043
10750.,-2.486294,-3.057503,-2.932669,-1.404064,17.11154,-34.23273,-43.73304
10760.,-2.500453,-3.079558,-2.939249,-1.429069,17.26966,-34.18378,-44.00629
10770.,-2.514261,-3.100846,-2.944533,-1.45363,17.42614,-34.13323,-44.2802
10780.,-2.527716,-3.12137,-2.948528,-1.477748,17.58101,-34.08108,-44.55478
10790.,-2.540819,-3.141133,-2.951244,-1.501423,17.73429,-34.02735,-44.83003
10800.,-2.55357,-3.16014,-2.952689,-1.524658,17.88599,-33.97206,-45.10595
10810.,-2.565969,-3.178394,-2.952872,-1.547452,18.03613,-33.91522,-45.38255
10820.,-2.578016,-3.195898,-2.951801,-1.569807,18.18474,-33.85684,-45.65984
10830.,-2.58971,-3.212656,-2.949485,-1.591723,18.33183,-33.79694,-45.93782
10840.,-2.601051,-3.228671,-2.945931,-1.613201,18.47742,-33.73554,-46.2165
10850.,-2.612039,-3.243948,-2.941149,-1.634243,18.62153,-33.67264,-46.49588
10860.,-2.622675,-3.258489,-2.935146,-1.654848,18.76418,-33.60825,-46.77598
10870.,-2.632958,-3.272298,-2.92793,-1.675018,18.90538,-33.54241,-47.05679
10880.,-2.642888,-3.285377,-2.91951,-1.694753,19.04516,-33.47511,-47.33833
10890.,-2.652466,-3.297732,-2.909893,-1.714056,19.18352,-33.40637,-47.62059
10900.,-2.66169,-3.309364,-2.899088,-1.732925,19.3205,-33.3362,-47.9036
10910.,-2.670561,-3.320278,-2.887101,-1.751362,19.4561,-33.26462,-48.18734
10920.,-2.679079,-3.330476,-2.873942,-1.769369,19.59035,-33.19164,-48.47184
10930.,-2.687244,-3.339962,-2.859617,-1.786945,19.72325,-33.11728,-48.75709
10940.,-2.695056,-3.348739,-2.844134,-1.804092,19.85484,-33.04154,-49.0431
10950.,-2.702514,-3.356811,-2.827502,-1.82081,19.98511,-32.96444,-49.32988
10960.,-2.70962,-3.364179,-2.809726,-1.8371,20.11411,-32.88599,-49.61744
10970.,-2.716372,-3.370848,-2.790816,-1.852963,20.24182,-32.8062,-49.90578
10980.,-2.722771,-3.376821,-2.770778,-1.8684,20.36829,-32.7251,-50.19492
10990.,-2.728816,-3.382101,-2.749619,-1.883411,20.49351,-32.64268,-50.48485
11000.,-2.734509,-3.386691,-2.727348,-1.897997,20.61752,-32.55896,-50.77558
11010.,-2.739848,-3.390593,-2.70397,-1.91216,20.74031,-32.47396,-51.06713
11020.,-2.744834,-3.393812,-2.679494,-1.925899,20.86192,-32.38768,-51.35949
11030.,-2.749466,-3.396349,-2.653926,-1.939216,20.98235,-32.30015,-51.65269
11040.,-2.753745,-3.398208,-2.627274,-1.952111,21.10162,-32.21136,-51.94671
11050.,-2.757671,-3.399392,-2.599544,-1.964585,21.21975,-32.12133,-52.24158
11060.,-2.761244,-3.399904,-2.570743,-1.976639,21.33674,-32.03008,-52.5373
11070.,-2.764463,-3.399746,-2.540879,-1.988273,21.45263,-31.93762,-52.83388
11080.,-2.767329,-3.398922,-2.509958,-1.999488,21.56742,-31.84395,-53.13132
11090.,-2.769842,-3.397434,-2.477987,-2.010285,21.68113,-31.74909,-53.42963
11100.,-2.772001,-3.395285,-2.444973,-2.020665,21.79376,-31.65305,-53.72883
11110.,-2.773631,-3.392608,-2.411787,-2.030586,21.90529,-31.55557,-53.46795
11120.,-2.774713,-3.38942,-2.378537,-2.040006,22.01571,-31.45663,-53.13943
11130.,-2.775249,-3.385725,-2.34522,-2.048922,22.12504,-31.35625,-52.81198
11140.,-2.775243,-3.381525,-2.311834,-2.057335,22.23329,-31.25444,-52.48558
11150.,-2.774697,-3.376821,-2.278379,-2.065249,22.34049,-31.15121,-52.16023
11160.,-2.773614,-3.371617,-2.244852,-2.072665,22.44663,-31.04659,-51.83591
11170.,-2.771998,-3.365915,-2.211252,-2.079587,22.55174,-30.94058,-51.51263
11180.,-2.76985,-3.359717,-2.177579,-2.086017,22.65582,-30.83321,-51.19037
11190.,-2.767174,-3.353026,-2.143829,-2.091956,22.7589,-30.72449,-50.86913
11200.,-2.763972,-3.345844,-2.110002,-2.097408,22.86099,-30.61443,-50.54889
11210.,-2.760247,-3.338173,-2.076097,-2.102375,22.96209,-30.50305,-50.22966
11220.,-2.756001,-3.330015,-2.042111,-2.106859,23.06222,-30.39036,-49.91143
11230.,-2.751238,-3.321373,-2.008044,-2.110862,23.1614,-30.27638,-49.59418
11240.,-2.74596,-3.312249,-1.973894,-2.114387,23.25963,-30.16113,-49.27791
11250.,-2.740169,-3.302645,-1.93966,-2.117435,23.35694,-30.0446,-48.96262
11260.,-2.733868,-3.292563,-1.905341,-2.12001,23.45333,-29.92683,-48.64829
11270.,-2.72706,-3.282006,-1.870934,-2.122112,23.54881,-29.80783,-48.33492
11280.,-2.719747,-3.270975,-1.836439,-2.123745,23.6434,-29.6876,-48.02251
11290.,-2.711931,-3.259473,-1.801855,-2.12491,23.73711,-29.56617,-47.71104
11300.,-2.703615,-3.247502,-1.767179,-2.12561,23.82995,-29.44354,-47.40052
11310.,-2.694802,-3.235063,-1.732412,-2.125846,23.92193,-29.31974,-47.09093
11320.,-2.685494,-3.22216,-1.697551,-2.125621,24.01307,-29.19477,-46.78226
11330.,-2.675693,-3.208793,-1.662595,-2.124937,24.10337,-29.06865,-46.47452
11340.,-2.665402,-3.194966,-1.627543,-2.123796,24.19286,-28.94139,-46.16769
11350.,-2.654622,-3.18068,-1.592393,-2.122199,24.28153,-28.81301,-45.86177
11360.,-2.643357,-3.165936,-1.557145,-2.120149,24.3694,-28.68352,-45.55675
11370.,-2.631609,-3.150738,-1.521797,-2.117647,24.45649,-28.55292,-45.25263
11380.,-2.619379,-3.135086,-1.486348,-2.114696,24.5428,-28.42125,-44.9494
11390.,-2.606671,-3.118984,-1.450797,-2.111298,24.62835,-28.2885,-44.64705
11400.,-2.593486,-3.102432,-1.415142,-2.107454,24.71314,-28.15469,-44.34558
11410.,-2.579826,-3.085432,-1.379383,-2.103166,24.79719,-28.01984,-44.04498
11420.,-2.565694,-3.067987,-1.343517,-2.098436,24.8805,-27.88396,-43.74525
11430.,-2.551092,-3.050099,-1.307544,-2.093266,24.9631,-27.74705,-43.44638
11440.,-2.536022,-3.031768,-1.271463,-2.087658,25.04498,-27.60914,-43.14836
11450.,-2.520486,-3.012998,-1.235273,-2.081613,25.12616,-27.47023,-42.85119
11460.,-2.504487,-2.993789,-1.198972,-2.075134,25.20665,-27.33034,-42.55487
11470.,-2.488025,-2.974144,-1.162559,-2.068221,25.28646,-27.18947,-42.25938
11480.,-2.471104,-2.954064,-1.126033,-2.060878,25.3656,-27.04765,-41.96472
11490.,-2.453726,-2.933552,-1.089393,-2.053104,25.44408,-26.90489,-41.67089
11500.,-2.435892,-2.912608,-1.052638,-2.044903,25.5219,-26.76119,-41.37788
11510.,-2.417604,-2.891234,-1.015766,-2.036276,25.59909,-26.61657,-41.08569
11520.,-2.398864,-2.869433,-0.9787771,-2.027224,25.67564,-26.47103,-40.7943
11530.,-2.379675,-2.847205,-0.9416696,-2.017749,25.75158,-26.3246,-40.50372
11540.,-2.360038,-2.824553,-0.9044424,-2.007853,25.8269,-26.17729,-40.21394
11550.,-2.339956,-2.801479,-0.8670946,-1.997537,25.90162,-26.02909,-39.92495
11560.,-2.319429,-2.777983,-0.8296249,-1.986802,25.97574,-25.88004,-39.63676
11570.,-2.29846,-2.754067,-0.7920324,-1.975652,26.04928,-25.73013,-39.34934
11580.,-2.277051,-2.729734,-0.7543159,-1.964086,26.12224,-25.57938,-39.06271
11590.,-2.255204,-2.704984,-0.7164744,-1.952106,26.19464,-25.42781,-38.77684
11600.,-2.23292,-2.679819,-0.6785069,-1.939715,26.26648,-25.27541,-38.49175
11610.,-2.210245,-2.654294,-0.6406628,-1.926879,26.33782,-25.12274,-37.83101
11620.,-2.187234,-2.628477,-0.6032407,-1.913528,26.40872,-24.97044,-36.72913
11630.,-2.163891,-2.602369,-0.5662363,-1.899624,26.47919,-24.8185,-35.64208
11640.,-2.140217,-2.575973,-0.5296455,-1.885172,26.54923,-24.66692,-34.56941
11650.,-2.116217,-2.549292,-0.4934642,-1.870178,26.61884,-24.51571,-33.51068
11660.,-2.091893,-2.522328,-0.4576881,-1.854647,26.68804,-24.36486,-32.46547
11670.,-2.067248,-2.495083,-0.4223133,-1.838582,26.75683,-24.21437,-31.43337
11680.,-2.042284,-2.46756,-0.3873356,-1.821988,26.8252,-24.06423,-30.41401
11690.,-2.017005,-2.439761,-0.3527511,-1.804871,26.89318,-23.91446,-29.40702
11700.,-1.991412,-2.411689,-0.3185557,-1.787234,26.96076,-23.76504,-28.41206
11710.,-1.96551,-2.383346,-0.2847456,-1.769083,27.02794,-23.61597,-27.42878
11720.,-1.939301,-2.354734,-0.2513168,-1.750421,27.09473,-23.46726,-26.45688
11730.,-1.912787,-2.325856,-0.2182654,-1.731254,27.16115,-23.3189,-25.49604
11740.,-1.885971,-2.296713,-0.1855876,-1.711585,27.22718,-23.17089,-24.54597
11750.,-1.858856,-2.267309,-0.1532795,-1.69142,27.29284,-23.02323,-23.6064
11760.,-1.831445,-2.237645,-0.1213375,-1.670762,27.35812,-22.87591,-22.67705
11770.,-1.803739,-2.207724,-0.08975768,-1.649617,27.42305,-22.72894,-21.75766
11780.,-1.775742,-2.177548,-0.0585364,-1.627987,27.48761,-22.58232,-20.848
11790.,-1.747457,-2.147118,-0.02766996,-1.605878,27.55181,-22.43604,-19.94781
11800.,-1.718885,-2.116438,0.002845278,-1.583293,27.61567,-22.2901,-19.05687
11810.,-1.690029,-2.08551,0.03301294,-1.560237,27.67917,-22.1445,-18.17495
11820.,-1.660893,-2.054335,0.06283662,-1.536714,27.74234,-21.99924,-17.30185
11830.,-1.631477,-2.022915,0.09231986,-1.512729,27.80516,-21.85432,-16.43736
11840.,-1.601785,-1.991254,0.1214662,-1.488284,27.86765,-21.70973,-15.58129
11850.,-1.57182,-1.959352,0.1502791,-1.463385,27.9298,-21.56548,-14.73343
11860.,-1.541583,-1.927213,0.1787621,-1.438034,27.99163,-21.42156,-13.89362
11870.,-1.511077,-1.894837,0.2069186,-1.412237,28.05314,-21.27797,-13.06166
11880.,-1.480305,-1.862227,0.2347519,-1.385997,28.11433,-21.13472,-12.2374
11890.,-1.449268,-1.829386,0.2622656,-1.359318,28.17521,-20.99179,-11.42066
11900.,-1.417969,-1.796314,0.2894628,-1.332204,28.23577,-20.84919,-10.61128
11910.,-1.386411,-1.763015,0.316347,-1.304659,28.29603,-20.70692,-9.809113
11920.,-1.354596,-1.729489,0.3429214,-1.276686,28.35598,-20.56497,-9.014007
11930.,-1.322525,-1.69574,0.3691893,-1.248289,28.41563,-20.42334,-8.225817
11940.,-1.290202,-1.661768,0.3951538,-1.219473,28.47499,-20.28204,-7.444402
11950.,-1.257628,-1.627576,0.4208183,-1.19024,28.53406,-20.14106,-6.669628
11960.,-1.224805,-1.593166,0.4461859,-1.160594,28.59284,-20.00039,-5.901363
11970.,-1.191737,-1.55854,0.4712596,-1.13054,28.65133,-19.86004,-5.139479
11980.,-1.158425,-1.523699,0.4960428,-1.10008,28.70954,-19.72001,-4.383854
11990.,-1.124871,-1.488645,0.5205383,-1.069218,28.76748,-19.5803,-3.634366
12000.,-1.091077,-1.45338,0.5447494,-1.037958,28.82514,-19.44089,-2.890901
12010.,-1.057045,-1.417907,0.5686791,-1.006304,28.88253,-19.3018,-2.153346
12020.,-1.022778,-1.382226,0.5923304,-0.9742577,28.93965,-19.16302,-1.42159
12030.,-0.9882782,-1.346339,0.615706,-0.9418241,28.99651,-19.02455,-0.6955287
12040.,-0.9535467,-1.310249,0.6388092,-0.9090061,29.05311,-18.88639,0.02494219
12050.,-0.918586,-1.273958,0.6616428,-0.8758073,29.10946,-18.74853,0.7399226
12060.,-0.8833981,-1.237466,0.6842097,-0.8422308,29.16554,-18.61098,1.44951
12070.,-0.8479849,-1.200775,0.7065129,-0.8082802,29.22138,-18.47373,2.153799
12080.,-0.8123485,-1.163888,0.728555,-0.7739586,29.27697,-18.33679,2.852882
12090.,-0.7764909,-1.126806,0.7503391,-0.7392694,29.33232,-18.20014,3.546849
12100.,-0.7404139,-1.08953,0.7718679,-0.7042159,29.38743,-18.06379,4.235787
12110.,-0.7041221,-1.052065,0.7931454,-0.668801,29.4423,-17.92778,4.921203
12120.,-0.6677597,-1.014525,0.8142432,-0.6330172,29.49693,-17.79416,5.68175
12130.,-0.6313302,-0.9769147,0.8351605,-0.5968586,29.55133,-17.66291,6.436279
12140.,-0.594837,-0.9392368,0.8558964,-0.5603314,29.60549,-17.534,7.184899
12150.,-0.5582833,-0.901495,0.8764499,-0.5234419,29.65942,-17.40741,7.927716
12160.,-0.5216726,-0.8636924,0.8968203,-0.4861962,29.71311,-17.2831,8.664835
12170.,-0.485008,-0.8258324,0.9170067,-0.4486003,29.76657,-17.16106,9.396355
12180.,-0.448293,-0.7879183,0.9370082,-0.4106604,29.81979,-17.04126,10.12237
12190.,-0.4115306,-0.7499533,0.956824,-0.3723823,29.87278,-16.92366,10.84299
12200.,-0.3747241,-0.7119407,0.9764532,-0.333772,29.92554,-16.80825,11.55829
12210.,-0.3378767,-0.6738836,0.9958951,-0.2948354,29.97806,-16.69501,12.26837
12220.,-0.3009914,-0.6357852,1.015149,-0.2555784,30.03035,-16.5839,12.97331
12230.,-0.2640715,-0.5976486,1.034214,-0.2160066,30.0824,-16.4749,13.67321
12240.,-0.2271198,-0.559477,1.053089,-0.1761258,30.13422,-16.36799,14.36813
12250.,-0.1901396,-0.5212733,1.071773,-0.1359417,30.18581,-16.26314,15.05818
12260.,-0.1531338,-0.4830405,1.090266,-0.09545981,30.23716,-16.16033,15.74341
12270.,-0.1161054,-0.4447818,1.108567,-0.0546858,30.28829,-16.05954,16.42391
12280.,-0.07905727,-0.4065001,1.126676,-0.01362514,30.33918,-15.96074,17.09976
12290.,-0.0419924,-0.3681982,1.14459,0.02771671,30.38984,-15.86391,17.77103
12300.,-0.004913648,-0.3298792,1.162311,0.06933434,30.44026,-15.76902,18.43779
12310.,0.03217613,-0.2915458,1.179837,0.1112224,30.49046,-15.67606,19.1001
12320.,0.06927412,-0.253201,1.197167,0.1533756,30.54042,-15.58499,19.75804
12330.,0.1063775,-0.2148475,1.2143,0.1957886,30.59015,-15.49581,20.41168
12340.,0.1434836,-0.1764882,1.231237,0.2384563,30.63965,-15.40848,21.06107
12350.,0.1805895,-0.1381257,1.247976,0.2813734,30.68892,-15.32298,21.70628
12360.,0.2176927,-0.09976282,1.264517,0.324535,30.73796,-15.2393,22.34737
12370.,0.2547905,-0.06140224,1.280859,0.3679359,30.78677,-15.15741,22.98441
12380.,0.2918802,-0.02304661,1.297001,0.4115711,30.83534,-15.07729,23.61744
12390.,0.3289592,0.01530143,1.312943,0.4554357,30.88369,-14.99891,24.24654
12400.,0.3660249,0.05363929,1.328684,0.4995247,30.93181,-14.92227,24.87175
12410.,0.4030748,0.09196438,1.344224,0.5438333,30.9797,-14.84733,25.49312
12420.,0.4401064,0.1302742,1.359562,0.5883567,31.02736,-14.77408,26.11072
12430.,0.4771172,0.1685661,1.374698,0.6330901,31.0748,-14.70249,26.7246
12440.,0.5141046,0.2068378,1.38963,0.6780288,31.122,-14.63255,27.3348
12450.,0.5510664,0.2450868,1.404359,0.723168,31.16898,-14.56424,27.94138
12460.,0.5880001,0.2833105,1.418884,0.7685033,31.21572,-14.49754,28.54439
12470.,0.6249032,0.3215067,1.433203,0.8140299,31.26224,-14.43242,29.14387
12480.,0.6617736,0.3596729,1.447318,0.8597435,31.30854,-14.36887,29.73987
12490.,0.6986088,0.3978069,1.461227,0.9056394,31.3546,-14.30688,30.33244
12500.,0.7354065,0.4359062,1.47493,0.9517132,31.40044,-14.24641,30.92162
12510.,0.7721646,0.4739688,1.488427,0.9979606,31.44606,-14.18746,31.50745
12520.,0.8088808,0.5119921,1.501716,1.044377,31.49144,-14.13,32.08999
12530.,0.8455528,0.5499742,1.514798,1.090959,31.53661,-14.07402,32.66927
12540.,0.8821786,0.5879127,1.527671,1.137701,31.58154,-14.0195,33.24533
12550.,0.9187559,0.6258054,1.540336,1.184599,31.62626,-13.96643,33.81822
12560.,0.9552827,0.6636503,1.552793,1.23165,31.67074,-13.91477,34.38796
12570.,0.9917568,0.7014453,1.56504,1.278849,31.71501,-13.86452,34.95462
12580.,1.028176,0.7391882,1.577078,1.326191,31.75905,-13.81567,35.51821
12590.,1.064539,0.7768769,1.588905,1.373674,31.80286,-13.76818,36.07878
12600.,1.100843,0.8145095,1.600522,1.421293,31.84645,-13.72206,36.63637
12610.,1.137086,0.8520839,1.611928,1.469044,31.88982,-13.67727,37.19101
12620.,1.173199,0.889522,1.623323,1.516855,31.93303,-13.63449,37.42197
12630.,1.20913,0.9267666,1.634847,1.564607,31.97612,-13.59417,37.42057
12640.,1.244879,0.9638156,1.646494,1.612248,32.01909,-13.5563,37.41915
12650.,1.280441,1.000667,1.65826,1.659775,32.06193,-13.52083,37.4177
12660.,1.315816,1.037318,1.670139,1.707184,32.10464,-13.48774,37.41622
12670.,1.351001,1.073768,1.682127,1.754473,32.14723,-13.457,37.41471
12680.,1.385993,1.110013,1.694218,1.801639,32.18968,-13.42858,37.41318
12690.,1.420791,1.146052,1.706408,1.848678,32.232,-13.40246,37.41161
12700.,1.455393,1.181884,1.718691,1.895589,32.27419,-13.37859,37.41001
12710.,1.489797,1.217505,1.731063,1.942367,32.31623,-13.35696,37.40838
12720.,1.523999,1.252915,1.743519,1.98901,32.35814,-13.33753,37.40672
12730.,1.558,1.288111,1.756054,2.035516,32.3999,-13.32029,37.40502
12740.,1.591796,1.323091,1.768664,2.081882,32.44151,-13.30519,37.40329
12750.,1.625386,1.357854,1.781343,2.128104,32.48298,-13.29222,37.40152
12760.,1.658768,1.392398,1.794088,2.174181,32.52431,-13.28135,37.39972
12770.,1.691939,1.426721,1.806894,2.220109,32.56548,-13.27255,37.39788
12780.,1.724899,1.460821,1.819756,2.265887,32.60649,-13.2658,37.396
12790.,1.757645,1.494697,1.832671,2.311511,32.64736,-13.26108,37.39408
12800.,1.790176,1.528346,1.845633,2.356979,32.68806,-13.25835,37.39212
12810.,1.82249,1.561768,1.858639,2.402289,32.72861,-13.25759,37.39012
12820.,1.854585,1.594961,1.871684,2.447438,32.769,-13.25878,37.38808
12830.,1.886459,1.627923,1.884764,2.492424,32.80922,-13.26189,37.386
12840.,1.918111,1.660652,1.897875,2.537245,32.84929,-13.26691,37.38387
12850.,1.94954,1.693147,1.911013,2.581897,32.88918,-13.2738,37.3817
12860.,1.980743,1.725407,1.924174,2.62638,32.92892,-13.28255,37.37949
12870.,2.011719,1.75743,1.937354,2.67069,32.96848,-13.29313,37.37722
12880.,2.042467,1.789214,1.950549,2.714825,33.00787,-13.30552,37.37492
12890.,2.072985,1.820759,1.963755,2.758784,33.04709,-13.3197,37.37257
12900.,2.103272,1.852063,1.976968,2.802563,33.08614,-13.33564,37.37016
12910.,2.133326,1.883124,1.990185,2.846162,33.12501,-13.35333,37.36772
12920.,2.163145,1.913941,2.003402,2.889577,33.16371,-13.37274,37.36522
12930.,2.19273,1.944513,2.016616,2.932808,33.20223,-13.39385,37.36267
12940.,2.222077,1.974839,2.029822,2.975851,33.24057,-13.41665,37.36007
12950.,2.251186,2.004917,2.043017,3.018705,33.27873,-13.44111,37.35742
12960.,2.280055,2.034746,2.056197,3.061368,33.31671,-13.46721,37.35472
12970.,2.308683,2.064325,2.06936,3.103838,33.35451,-13.49493,37.35197
12980.,2.33707,2.093653,2.082501,3.146114,33.39212,-13.52426,37.34916
12990.,2.365213,2.122728,2.095618,3.188192,33.42955,-13.55517,37.3463
13000.,2.393111,2.15155,2.108706,3.230073,33.4668,-13.58765,37.34339
13010.,2.420764,2.180117,2.121763,3.271753,33.50385,-13.62167,37.34042
13020.,2.44817,2.208429,2.134785,3.313231,33.54072,-13.65722,37.3374
13030.,2.475328,2.236483,2.14777,3.354505,33.5774,-13.69429,37.33432
13040.,2.502237,2.26428,2.160714,3.395574,33.61389,-13.73284,37.33118
13050.,2.528896,2.291818,2.173613,3.436436,33.65018,-13.77288,37.32798
13060.,2.555304,2.319097,2.186465,3.477089,33.68629,-13.81437,37.32473
13070.,2.581459,2.346114,2.199268,3.517532,33.7222,-13.8573,37.32142
13080.,2.607361,2.37287,2.212016,3.557763,33.75791,-13.90166,37.31805
13090.,2.633009,2.399364,2.224709,3.597781,33.79344,-13.94743,37.31462
13100.,2.658402,2.425594,2.237343,3.637584,33.82876,-13.99459,37.31113
13110.,2.683539,2.451559,2.249914,3.67717,33.86389,-14.04313,37.30758
13120.,2.708397,2.47729,2.262453,3.716509,33.89881,-14.09299,37.15952
13130.,2.732851,2.502962,2.27514,3.755389,33.93346,-14.14384,36.14556
13140.,2.756901,2.528574,2.287972,3.793634,33.96785,-14.19568,35.12134
13150.,2.780548,2.554122,2.300944,3.831245,34.00198,-14.24851,34.08661
13160.,2.803792,2.579604,2.31405,3.868226,34.03584,-14.30231,33.04112
13170.,2.826635,2.605017,2.327288,3.904579,34.06944,-14.35707,31.98462
13180.,2.849077,2.630358,2.340651,3.940307,34.10278,-14.41278,30.91683
13190.,2.871118,2.655625,2.354135,3.975414,34.13585,-14.46943,29.83747
13200.,2.892759,2.680816,2.367736,4.0099,34.16866,-14.52702,28.74625
13210.,2.914002,2.705927,2.381449,4.04377,34.2012,-14.58552,27.64286
13220.,2.934846,2.730957,2.395271,4.077026,34.23348,-14.64495,26.527
13230.,2.955292,2.755902,2.409195,4.10967,34.2655,-14.70527,25.39832
13240.,2.975342,2.780761,2.423219,4.141706,34.29726,-14.7665,24.25648
13250.,2.994995,2.805531,2.437338,4.173135,34.32875,-14.82861,23.10113
13260.,3.014253,2.830209,2.451548,4.203961,34.35999,-14.8916,21.93189
13270.,3.033116,2.854793,2.465844,4.234187,34.39096,-14.95547,20.74838
13280.,3.051585,2.879281,2.480223,4.263814,34.42167,-15.02019,19.55017
13290.,3.069661,2.90367,2.49468,4.292846,34.45212,-15.08577,18.33685
13300.,3.087344,2.927959,2.509211,4.321284,34.4823,-15.1522,17.10797
13310.,3.104635,2.952145,2.523813,4.349133,34.51223,-15.21946,15.86306
13320.,3.121535,2.976226,2.538482,4.376393,34.5419,-15.28756,14.60162
13330.,3.138044,3.0002,2.553213,4.403069,34.5713,-15.35648,13.32315
13340.,3.154163,3.024064,2.568003,4.429162,34.60045,-15.42621,12.02711
13350.,3.169894,3.047816,2.582848,4.454674,34.62933,-15.49675,10.71292
13360.,3.185236,3.071455,2.597744,4.479609,34.65796,-15.5681,9.379981
13370.,3.200191,3.094978,2.612688,4.503969,34.68633,-15.64023,8.027675
13380.,3.214758,3.118384,2.627676,4.527756,34.71444,-15.71316,6.655334
13390.,3.22894,3.141669,2.642705,4.550973,34.74229,-15.78686,5.262258
13400.,3.242736,3.164834,2.657769,4.573622,34.76989,-15.86134,3.847708
13410.,3.256148,3.187874,2.672868,4.595706,34.79722,-15.93659,2.410904
13420.,3.269175,3.210789,2.687996,4.617227,34.8243,-16.01259,0.9510174
13430.,3.28182,3.233576,2.70315,4.638188,34.85112,-16.08935,-0.5328271
13440.,3.294082,3.256234,2.718327,4.658591,34.87769,-16.16686,-2.04156
13450.,3.305962,3.278761,2.733524,4.678438,34.904,-16.2451,-3.576168
13460.,3.317461,3.301155,2.748737,4.697732,34.93005,-16.32409,-5.137705
13470.,3.32858,3.323415,2.763963,4.716476,34.95585,-16.4038,-6.727288
13480.,3.33932,3.345538,2.779199,4.73467,34.98139,-16.48423,-8.346113
13490.,3.349681,3.367522,2.794441,4.752319,35.00668,-16.56538,-9.995459
13500.,3.359663,3.389367,2.809687,4.769424,35.03171,-16.64725,-11.67669
13510.,3.369269,3.41107,2.824932,4.785987,35.05649,-16.72981,-13.39128
13520.,3.378497,3.432629,2.840175,4.802011,35.08102,-16.81308,-15.14079
13530.,3.387351,3.454044,2.855412,4.817498,35.10529,-16.89705,-16.92693
13540.,3.395829,3.475313,2.870641,4.832451,35.12931,-16.9817,-18.75151
13550.,3.403932,3.496433,2.885857,4.846871,35.15308,-17.06704,-20.61653
13560.,3.411662,3.517403,2.901058,4.860761,35.17659,-17.15306,-22.52412
13570.,3.419019,3.538222,2.916242,4.874123,35.19986,-17.23975,-24.4766
13580.,3.426005,3.558889,2.931405,4.88696,35.22287,-17.32712,-26.47651
13590.,3.432618,3.579401,2.946545,4.899273,35.24563,-17.41514,-28.52661
13600.,3.438861,3.599757,2.961658,4.911065,35.26814,-17.50383,-30.62992
13610.,3.444734,3.619957,2.976743,4.922338,35.2904,-17.59317,-32.78977
13620.,3.450239,3.639997,2.991796,4.933094,35.31241,-17.68316,-35.00982
13630.,3.455668,3.659643,3.006863,4.943469,35.33415,-17.77329,-35.8456
13640.,3.461144,3.6788,3.021964,4.953655,35.35562,-17.86336,-36.09156
13650.,3.466664,3.697471,3.037096,4.963707,35.37681,-17.95335,-36.33838
13660.,3.472227,3.715659,3.052258,4.973625,35.39773,-18.04329,-36.58606
13670.,3.47783,3.733369,3.067448,4.98341,35.41838,-18.13317,-36.83462
13680.,3.483474,3.750604,3.082665,4.993061,35.43876,-18.22299,-37.08406
13690.,3.489154,3.767366,3.097907,5.002578,35.45888,-18.31276,-37.33439
13700.,3.494871,3.783661,3.113172,5.011962,35.47874,-18.40248,-37.5856
13710.,3.500623,3.79949,3.12846,5.021213,35.49833,-18.49216,-37.83772
13720.,3.506407,3.814858,3.143768,5.03033,35.51767,-18.58179,-38.09075
13730.,3.512222,3.829768,3.159095,5.039314,35.53676,-18.67139,-38.34469
13740.,3.518067,3.844224,3.174439,5.048164,35.55559,-18.76094,-38.59955
13750.,3.523941,3.858227,3.1898,5.056881,35.57417,-18.85047,-38.85534
13760.,3.529841,3.871783,3.205175,5.065465,35.59251,-18.93996,-39.11207
13770.,3.535766,3.884893,3.220563,5.073916,35.61059,-19.02943,-39.36973
13780.,3.541714,3.897562,3.235963,5.082233,35.62844,-19.11887,-39.62835
13790.,3.547685,3.909792,3.251373,5.090417,35.64604,-19.20829,-39.88793
13800.,3.553676,3.921587,3.266792,5.098469,35.6634,-19.2977,-40.14848
13810.,3.559687,3.93295,3.282219,5.106387,35.68052,-19.38708,-40.41
13820.,3.565715,3.943883,3.297652,5.114172,35.69741,-19.47645,-40.6725
13830.,3.57176,3.95439,3.313089,5.121825,35.71406,-19.56582,-40.93598
13840.,3.57782,3.964474,3.328531,5.129344,35.73049,-19.65517,-41.20047
13850.,3.583893,3.974139,3.343974,5.136731,35.74668,-19.74452,-41.46597
13860.,3.589978,3.983386,3.359418,5.143985,35.76264,-19.83386,-41.73247
13870.,3.596074,3.992218,3.374862,5.151107,35.77838,-19.92321,-42.
13880.,3.602179,4.00064,3.390304,5.158095,35.7939,-20.01255,-42.26857
13890.,3.608293,4.008653,3.405743,5.164952,35.80919,-20.1019,-42.53817
13900.,3.614413,4.016261,3.421178,5.171675,35.82426,-20.19126,-42.80882
13910.,3.620539,4.023467,3.436607,5.178267,35.83911,-20.28063,-43.08053
13920.,3.626669,4.030272,3.45203,5.184725,35.85375,-20.37,-43.3533
13930.,3.632802,4.036681,3.467445,5.191052,35.86817,-20.4594,-43.62715
13940.,3.638936,4.042695,3.48285,5.197246,35.88238,-20.5488,-43.90209
13950.,3.645071,4.048318,3.498246,5.203309,35.89637,-20.63823,-44.17812
13960.,3.651205,4.053552,3.51363,5.209239,35.91016,-20.72768,-44.45525
13970.,3.657338,4.0584,3.529002,5.215037,35.92374,-20.81715,-44.7335
13980.,3.663466,4.062865,3.54436,5.220703,35.93711,-20.90664,-45.01287
13990.,3.669591,4.066949,3.559703,5.226237,35.95028,-20.99616,-45.29337
14000.,3.675709,4.070655,3.57503,5.231639,35.96324,-21.08572,-45.57501
14010.,3.681821,4.073985,3.59034,5.23691,35.976,-21.1753,-45.85781
14020.,3.687925,4.076942,3.605632,5.242049,35.98857,-21.26491,-46.14177
14030.,3.69402,4.079529,3.620904,5.247056,36.00093,-21.35456,-46.42691
14040.,3.700105,4.081748,3.636157,5.251932,36.0131,-21.44425,-46.71323
14050.,3.706178,4.083602,3.651388,5.256676,36.02507,-21.53398,-47.00074
14060.,3.712239,4.085093,3.666596,5.261289,36.03684,-21.62375,-47.28946
14070.,3.718286,4.086223,3.681782,5.265771,36.04843,-21.71356,-47.5794
14080.,3.724319,4.086995,3.696943,5.270121,36.05982,-21.80342,-47.87057
14090.,3.729824,4.087281,3.71143,5.273914,35.6834,-21.89319,-47.87421
14100.,3.734377,4.086668,3.724784,5.27673,35.31143,-21.98362,-47.87008
14110.,3.737992,4.085171,3.73702,5.278587,34.94385,-22.07471,-47.86673
14120.,3.740685,4.082804,3.748156,5.279501,34.58059,-22.16643,-47.86414
14130.,3.742467,4.079583,3.758207,5.279488,34.22156,-22.25864,-47.84796
14140.,3.743344,4.075525,3.767179,5.278568,33.86667,-22.35092,-47.7938
14150.,3.743331,4.070644,3.77509,5.276759,33.51584,-22.44326,-47.7404
14160.,3.742443,4.064953,3.781957,5.274076,33.16902,-22.53567,-47.68775
14170.,3.740694,4.058466,3.787795,5.270534,32.82614,-22.62813,-47.63582
14180.,3.738097,4.051197,3.79262,5.266147,32.48713,-22.72064,-47.58461
14190.,3.734668,4.043158,3.796448,5.26093,32.15193,-22.81319,-47.5341
14200.,3.730418,4.034361,3.799294,5.254896,31.82048,-22.90579,-47.48429
14210.,3.725362,4.02482,3.801173,5.248059,31.49273,-22.99842,-47.43515
14220.,3.719513,4.014546,3.802099,5.240432,31.1686,-23.09109,-47.38668
14230.,3.712883,4.003552,3.802088,5.232028,30.84805,-23.18379,-47.33886
14240.,3.705484,3.991848,3.801152,5.22286,30.53101,-23.27652,-47.29169
14250.,3.69733,3.979446,3.799307,5.212941,30.21744,-23.36926,-47.24515
14260.,3.688432,3.966359,3.796566,5.202282,29.90727,-23.46203,-47.19923
14270.,3.678802,3.952596,3.792942,5.190896,29.60046,-23.55482,-47.15391
14280.,3.668451,3.938168,3.788448,5.178795,29.29695,-23.64761,-47.1092
14290.,3.657391,3.923087,3.783098,5.16599,28.99669,-23.74042,-47.06507
14300.,3.645633,3.907363,3.776904,5.152493,28.69964,-23.83324,-47.02152
14310.,3.633188,3.891005,3.769879,5.138315,28.40573,-23.92606,-46.97854
14320.,3.620067,3.874024,3.762035,5.123467,28.11493,-24.01888,-46.93612
14330.,3.606281,3.85643,3.753383,5.10796,27.82718,-24.11171,-46.89424
14340.,3.591839,3.838232,3.743937,5.091803,27.54244,-24.20453,-46.8529
14350.,3.576753,3.81944,3.733708,5.075009,27.26067,-24.29735,-46.81209
14360.,3.561031,3.800063,3.722707,5.057586,26.98182,-24.39016,-46.7718
14370.,3.544685,3.780111,3.710945,5.039546,26.70584,-24.48296,-46.73202
14380.,3.527723,3.759593,3.698434,5.020897,26.43269,-24.57576,-46.69274
14390.,3.510155,3.738516,3.685184,5.001649,26.16233,-24.66854,-46.65395
14400.,3.49199,3.716891,3.671207,4.981813,25.89472,-24.7613,-46.61565
14410.,3.473238,3.694725,3.656513,4.961397,25.62982,-24.85405,-46.57782
14420.,3.453908,3.672026,3.641112,4.94041,25.36759,-24.94679,-46.54047
14430.,3.434008,3.648804,3.625014,4.918861,25.10798,-25.0395,-46.50356
14440.,3.413547,3.625066,3.60823,4.89676,24.85097,-25.1322,-46.46711
14450.,3.392534,3.60082,3.590769,4.874115,24.5965,-25.22487,-46.43111
14460.,3.370977,3.576075,3.572641,4.850934,24.34455,-25.31752,-46.39554
14470.,3.348885,3.550836,3.553856,4.827225,24.09508,-25.41015,-46.3604
14480.,3.326264,3.525113,3.534423,4.802998,23.84805,-25.50275,-46.32568
14490.,3.303125,3.498912,3.514352,4.77826,23.60342,-25.59533,-46.29137
14500.,3.279473,3.472241,3.49365,4.753019,23.36117,-25.68787,-46.25747
14510.,3.255318,3.445107,3.472329,4.727282,23.12126,-25.7804,-46.22397
14520.,3.230666,3.417516,3.450395,4.701059,22.88365,-25.87289,-46.19086
14530.,3.205525,3.389477,3.427859,4.674355,22.64831,-25.96535,-46.15813
14540.,3.179902,3.360995,3.404728,4.647179,22.41521,-26.05778,-46.12579
14550.,3.153805,3.332078,3.38101,4.619538,22.18432,-26.15018,-46.09382
14560.,3.127241,3.302732,3.356716,4.591438,21.95561,-26.24255,-46.06221
14570.,3.100217,3.272963,3.331851,4.562888,21.72904,-26.33488,-46.03097
14580.,3.072739,3.242778,3.306425,4.533893,21.50459,-26.42718,-46.00007
14590.,3.044814,3.212182,3.280444,4.504462,21.28222,-26.51945,-45.96953
14600.,3.016449,3.181183,3.253918,4.4746,21.06191,-26.61168,-45.93933
14610.,2.987651,3.149786,3.226854,4.444313,20.84363,-26.70388,-45.90946
14620.,2.958425,3.117997,3.199259,4.41361,20.62735,-26.79604,-45.87992
14630.,2.928779,3.085822,3.17114,4.382495,20.41304,-26.88817,-45.85071
14640.,2.898718,3.053267,3.142508,4.350982,20.20064,-26.97995,-45.74025
14650.,2.868249,3.020338,3.113371,4.319086,19.9901,-27.07132,-45.61397
14660.,2.837378,2.987041,3.083736,4.286813,19.78141,-27.16229,-45.48818
14670.,2.806111,2.953381,3.053611,4.254171,19.57454,-27.25287,-45.36289
14680.,2.774455,2.919365,3.023001,4.221165,19.36946,-27.34305,-45.23807
14690.,2.742415,2.884997,2.991916,4.187801,19.16615,-27.43284,-45.11372
14700.,2.709998,2.850285,2.960361,4.154084,18.96458,-27.52225,-44.98984
14710.,2.67721,2.815232,2.928344,4.120022,18.76474,-27.61127,-44.86641
14720.,2.644055,2.779845,2.895871,4.085619,18.5666,-27.69991,-44.74344
14730.,2.610541,2.744128,2.862948,4.050881,18.37013,-27.78817,-44.62091
14740.,2.576672,2.708087,2.829583,4.015813,18.17532,-27.87607,-44.49882
14750.,2.542454,2.671727,2.795782,3.980421,17.98214,-27.96359,-44.37716
14760.,2.507893,2.635053,2.761551,3.944711,17.79058,-28.05075,-44.25592
14770.,2.472993,2.598071,2.726896,3.908686,17.6006,-28.13755,-44.13511
14780.,2.437761,2.560784,2.691824,3.872353,17.4122,-28.22398,-44.01471
14790.,2.402201,2.523197,2.656341,3.835717,17.22534,-28.31007,-43.89472
14800.,2.366318,2.485316,2.620452,3.798782,17.04001,-28.3958,-43.77513
14810.,2.330118,2.447145,2.584164,3.761554,16.85619,-28.48118,-43.65594
14820.,2.293605,2.408689,2.547482,3.724037,16.67386,-28.56622,-43.53714
14830.,2.256784,2.369952,2.510412,3.686236,16.493,-28.65091,-43.41872
14840.,2.219661,2.330938,2.472959,3.648155,16.31359,-28.73527,-43.30069
14850.,2.182239,2.291652,2.43513,3.6098,16.13561,-28.81929,-43.18303
14860.,2.144524,2.252099,2.39693,3.571174,15.95905,-28.90298,-43.06574
14870.,2.106519,2.212282,2.358364,3.532283,15.78388,-28.98634,-42.94881
14880.,2.068231,2.172206,2.319437,3.49313,15.61009,-29.06938,-42.83225
14890.,2.029662,2.131874,2.280154,3.453721,15.43766,-29.15209,-42.71604
14900.,1.990818,2.091292,2.240522,3.414058,15.26657,-29.23448,-42.60018
14910.,1.951702,2.050462,2.200544,3.374147,15.09681,-29.31655,-42.48466
14920.,1.91232,2.009389,2.160226,3.333991,14.92836,-29.39831,-42.36949
14930.,1.872674,1.968077,2.119573,3.293595,14.7612,-29.47976,-42.25465
14940.,1.83277,1.926529,2.07859,3.252963,14.59532,-29.5609,-42.14015
14950.,1.792611,1.884749,2.037281,3.212098,14.4307,-29.64174,-42.02597
14960.,1.752201,1.842742,1.995652,3.171004,14.26733,-29.72227,-41.91211
14970.,1.711545,1.80051,1.953706,3.129685,14.10518,-29.80251,-41.79857
14980.,1.670646,1.758057,1.911448,3.088146,13.94425,-29.88245,-41.68535
14990.,1.629508,1.715387,1.868884,3.046389,13.78452,-29.96209,-41.57244
15000.,1.588134,1.672502,1.826017,3.004418,13.62597,-30.04145,-41.45983
15010.,1.546529,1.629408,1.782852,2.962237,13.46859,-30.12051,-41.34753
15020.,1.504697,1.586107,1.739393,2.91985,13.31237,-30.19929,-41.23552
15030.,1.46264,1.542602,1.695644,2.877259,13.15729,-30.27779,-41.12381
15040.,1.420362,1.498896,1.65161,2.834468,13.00333,-30.356,-41.01239
15050.,1.377867,1.454994,1.607295,2.791482,12.85049,-30.43394,-40.90126
15060.,1.335158,1.410897,1.562702,2.748302,12.69875,-30.51161,-40.79041
15070.,1.292239,1.36661,1.517837,2.704932,12.54809,-30.589,-40.67984
15080.,1.249114,1.322135,1.472702,2.661376,12.39851,-30.66612,-40.56954
15090.,1.205784,1.277475,1.427302,2.617637,12.24999,-30.74298,-40.45952
15100.,1.162254,1.232633,1.381641,2.573718,12.10251,-30.81957,-40.34977
15110.,1.118527,1.187613,1.335723,2.529621,11.95607,-30.89589,-40.24028
15120.,1.074605,1.142417,1.28955,2.48535,11.81066,-30.97196,-40.13106
15130.,1.030493,1.097049,1.243128,2.440908,11.66625,-31.04777,-40.02209
15140.,0.986194,1.05151,1.196468,2.396301,11.52281,-31.12333,-39.88695
15150.,0.9417131,1.005806,1.149588,2.351536,11.38029,-31.19862,-39.71202
15160.,0.8970532,0.9599379,1.102491,2.306621,11.23867,-31.27367,-39.53757
15170.,0.852217,0.9139094,1.055181,2.261557,11.09795,-31.34847,-39.3636
15180.,0.8072075,0.8677228,1.00766,2.216348,10.95811,-31.42302,-39.19011
15190.,0.7620273,0.8213806,0.9599325,2.170995,10.81914,-31.49732,-39.01708
15200.,0.7166793,0.7748854,0.9120004,2.125503,10.68104,-31.57138,-38.84452
15210.,0.6711661,0.7282397,0.8638673,2.079872,10.54378,-31.6452,-38.67242
15220.,0.6254904,0.681446,0.8155361,2.034106,10.40737,-31.71878,-38.50077
15230.,0.5796549,0.6345067,0.7670097,1.988206,10.27179,-31.79212,-38.32958
15240.,0.533662,0.5874242,0.7182911,1.942176,10.13703,-31.86524,-38.15884
15250.,0.4875144,0.5402008,0.6693832,1.896018,10.00308,-31.93811,-37.98853
15260.,0.4412145,0.4928389,0.6202887,1.849734,9.869939,-32.01076,-37.81867
15270.,0.3947649,0.4453408,0.5710105,1.803325,9.737588,-32.08318,-37.64925
15280.,0.3481679,0.3977088,0.5215514,1.756796,9.60602,-32.15538,-37.48025
15290.,0.3014261,0.349945,0.471914,1.710147,9.475228,-32.22735,-37.31168
15300.,0.2545417,0.3020517,0.4221011,1.663381,9.345201,-32.2991,-37.14354
15310.,0.2075172,0.254031,0.3721154,1.6165,9.21593,-32.37064,-36.97581
15320.,0.1603548,0.2058851,0.3219593,1.569506,9.087408,-32.44195,-36.80851
15330.,0.1130568,0.1576162,0.2716355,1.522401,8.959624,-32.51305,-36.64161
15340.,0.06562539,0.1092262,0.2211466,1.475188,8.832572,-32.58394,-36.47513
15350.,0.0180629,0.06071719,0.170495,1.427868,8.706241,-32.65462,-36.30905
15360.,-0.02962854,0.01209128,0.1196832,1.380443,8.580625,-32.72508,-36.14337
15370.,-0.07744676,-0.03664958,0.06871371,1.332916,8.455714,-32.79534,-35.97809
15380.,-0.1253897,-0.08550343,0.01758886,1.285288,8.331501,-32.8654,-35.81321
15390.,-0.1734551,-0.1344683,-0.03368897,1.237561,8.207977,-32.93525,-35.64871
15400.,-0.2216411,-0.1835423,-0.08511743,1.189737,8.085135,-33.00489,-35.48461
15410.,-0.2699455,-0.2327236,-0.1366942,1.141819,7.962968,-33.07434,-35.32089
15420.,-0.3183664,-0.2820102,-0.188417,1.093807,7.841466,-33.14359,-35.15755
15430.,-0.3669018,-0.3314004,-0.2402836,1.045703,7.720623,-33.21265,-34.9946
15440.,-0.4155497,-0.3808923,-0.2922919,0.9975102,7.600431,-33.28151,-34.83202
15450.,-0.4643081,-0.4304841,-0.3444395,0.9492293,7.480884,-33.35018,-34.66981
15460.,-0.5131753,-0.4801741,-0.3967243,0.9008624,7.361972,-33.41865,-34.50797
15470.,-0.5621492,-0.5299606,-0.4491443,0.852411,7.243691,-33.48694,-34.34649
15480.,-0.6112281,-0.5798418,-0.5016973,0.8038769,7.126031,-33.55504,-34.18538
15490.,-0.6604102,-0.6298161,-0.5543812,0.7552617,7.008987,-33.62295,-34.02464
15500.,-0.7096936,-0.6798817,-0.6071941,0.7065672,6.892552,-33.69068,-33.86425
15510.,-0.7590765,-0.730037,-0.6601338,0.6577948,6.776718,-33.75823,-33.70421
15520.,-0.8085572,-0.7802805,-0.7131985,0.6089462,6.661479,-33.8256,-33.54453
15530.,-0.858134,-0.8306105,-0.7663861,0.560023,6.546829,-33.89278,-33.38519
15540.,-0.9078052,-0.8810254,-0.8196947,0.5110266,6.43276,-33.95979,-33.22621
15550.,-0.9575691,-0.9315237,-0.8731225,0.4619588,6.319267,-34.02663,-33.06756
15560.,-1.007424,-0.9821038,-0.9266674,0.4128208,6.206343,-34.09329,-32.90926
15570.,-1.057368,-1.032764,-0.9803278,0.3636143,6.093981,-34.15977,-32.7513
15580.,-1.1074,-1.083503,-1.034102,0.3143407,5.982177,-34.22608,-32.59367
15590.,-1.157519,-1.13432,-1.087987,0.2650014,5.870922,-34.29223,-32.43638
15600.,-1.207721,-1.185213,-1.141983,0.2155978,5.760212,-34.3582,-32.27942
15610.,-1.258007,-1.23618,-1.196087,0.1661314,5.650041,-34.42401,-32.12279
15620.,-1.308375,-1.28722,-1.250297,0.1166036,5.540402,-34.48966,-31.96648
15630.,-1.358822,-1.338331,-1.304612,0.06701568,5.43129,-34.55513,-31.8105
15640.,-1.409348,-1.389513,-1.35903,0.017369,5.322698,-34.62045,-31.65484
15650.,-1.459956,-1.440767,-1.413512,-0.03233565,5.214576,-34.68523,-31.50691
15660.,-1.510642,-1.49209,-1.468054,-0.08209738,5.106914,-34.74948,-31.35958
15670.,-1.561406,-1.543481,-1.522655,-0.1319146,4.99971,-34.81319,-31.21253
15680.,-1.612246,-1.594939,-1.577314,-0.1817855,4.892958,-34.87637,-31.06577
15690.,-1.66316,-1.646461,-1.632028,-0.2317087,4.786653,-34.93902,-30.91929
15700.,-1.714146,-1.698047,-1.686797,-0.2816825,4.680792,-35.00115,-30.77308
15710.,-1.765202,-1.749694,-1.741618,-0.3317054,4.575369,-35.06277,-30.62716
15720.,-1.816327,-1.801401,-1.79649,-0.3817757,4.470381,-35.12387,-30.48151
15730.,-1.86752,-1.853166,-1.851412,-0.431892,4.365824,-35.18447,-30.33613
15740.,-1.918777,-1.904988,-1.906383,-0.4820529,4.261692,-35.24457,-30.19103
15750.,-1.970099,-1.956865,-1.9614,-0.5322567,4.157981,-35.30417,-30.04619
15760.,-2.021483,-2.008796,-2.016462,-0.582502,4.054688,-35.36328,-29.90162
15770.,-2.072927,-2.060779,-2.071569,-0.6327874,3.951808,-35.4219,-29.75731
15780.,-2.12443,-2.112813,-2.126718,-0.6831115,3.849338,-35.48004,-29.61327
15790.,-2.175991,-2.164896,-2.181909,-0.7334729,3.747273,-35.5377,-29.46949
15800.,-2.227608,-2.217027,-2.237139,-0.7838701,3.645609,-35.59489,-29.32597
15810.,-2.279279,-2.269205,-2.292408,-0.8343019,3.544343,-35.65161,-29.1827
15820.,-2.331003,-2.321428,-2.347714,-0.8847668,3.44347,-35.70786,-29.03969
15830.,-2.382778,-2.373694,-2.403056,-0.9352636,3.342987,-35.76365,-28.89693
15840.,-2.434604,-2.426003,-2.458433,-0.9857909,3.24289,-35.81898,-28.75442
15850.,-2.486478,-2.478352,-2.513843,-1.036348,3.143175,-35.87386,-28.61217
15860.,-2.538399,-2.530742,-2.569285,-1.086932,3.043839,-35.92829,-28.47016
15870.,-2.590366,-2.583169,-2.624759,-1.137543,2.944878,-35.98228,-28.32839
15880.,-2.642377,-2.635634,-2.680262,-1.18818,2.846288,-36.03583,-28.18687
15890.,-2.694431,-2.688135,-2.735794,-1.238841,2.748066,-36.08894,-28.0456
15900.,-2.746527,-2.74067,-2.791353,-1.289525,2.650208,-36.14162,-27.90456
15910.,-2.798663,-2.793239,-2.846939,-1.340231,2.552711,-36.19386,-27.76376
15920.,-2.850839,-2.845839,-2.902549,-1.390958,2.455572,-36.24569,-27.6232
15930.,-2.903052,-2.898471,-2.958184,-1.441704,2.358786,-36.29709,-27.48288
15940.,-2.955301,-2.951132,-3.013842,-1.492468,2.262351,-36.34807,-27.34279
15950.,-3.007586,-3.003822,-3.069521,-1.54325,2.166264,-36.39864,-27.20293
15960.,-3.059905,-3.05654,-3.125221,-1.594048,2.070521,-36.4488,-27.06331
15970.,-3.112256,-3.109283,-3.180941,-1.644861,1.975119,-36.49855,-26.92391
15980.,-3.164639,-3.162052,-3.236679,-1.695688,1.880055,-36.5479,-26.78474
15990.,-3.217053,-3.214845,-3.292435,-1.746528,1.785325,-36.59685,-26.6458
16000.,-3.269495,-3.26766,-3.348208,-1.79738,1.690927,-36.6454,-26.50708
16010.,-3.321966,-3.320498,-3.403996,-1.848243,1.596858,-36.69356,-26.36859
16020.,-3.374464,-3.373356,-3.459799,-1.899115,1.503114,-36.74133,-26.23032
16030.,-3.426987,-3.426234,-3.515615,-1.949996,1.409693,-36.78871,-26.09227
16040.,-3.479535,-3.479131,-3.571444,-2.000885,1.316591,-36.83571,-25.95444
16050.,-3.532107,-3.532045,-3.627284,-2.051781,1.223806,-36.88233,-25.81682
16060.,-3.584701,-3.584976,-3.683136,-2.102683,1.131334,-36.92858,-25.67943
16070.,-3.637316,-3.637923,-3.738997,-2.15359,1.039174,-36.97445,-25.54224
16080.,-3.689952,-3.690884,-3.794867,-2.2045,0.9473216,-37.01995,-25.40528
16090.,-3.742607,-3.743859,-3.850745,-2.255414,0.8557745,-37.06508,-25.26852
16100.,-3.795281,-3.796847,-3.90663,-2.30633,0.7645301,-37.10985,-25.13197
16110.,-3.847972,-3.849847,-3.962521,-2.357247,0.6735855,-37.15426,-24.99564
16120.,-3.900679,-3.902857,-4.018417,-2.408164,0.5829381,-37.1983,-24.85951
16130.,-3.953401,-3.955877,-4.074318,-2.459081,0.4925852,-37.242,-24.72359
16140.,-4.006137,-4.008907,-4.130223,-2.509996,0.4025243,-37.28534,-24.58788
16150.,-4.058879,-4.061945,-4.18612,-2.560908,0.3127652,-37.32812,-24.44305
16160.,-4.111618,-4.114992,-4.241999,-2.611813,0.2233171,-37.37013,-24.28996
16170.,-4.164353,-4.168045,-4.297859,-2.662709,0.1341775,-37.41139,-24.13714
16180.,-4.217081,-4.221104,-4.353698,-2.713596,0.04534444,-37.4519,-23.98458
16190.,-4.269653,-4.274018,-4.409362,-2.764317,0.1526187,-37.49167,-23.86514
16200.,-4.321525,-4.326559,-4.464458,-2.814611,0.4512621,-37.53013,-24.16785
16210.,-4.372496,-4.378598,-4.518816,-2.864376,0.7471086,-37.56694,-24.53214
16220.,-4.42257,-4.430136,-4.572442,-2.913621,1.040179,-37.6021,-24.89774
16230.,-4.471755,-4.481175,-4.625339,-2.962348,1.330494,-37.63565,-25.26466
16240.,-4.520055,-4.531717,-4.677511,-3.010559,1.618074,-37.66759,-25.63292
16250.,-4.567476,-4.581764,-4.728963,-3.058257,1.90294,-37.69793,-26.00252
16260.,-4.614024,-4.631319,-4.779699,-3.105444,2.185113,-37.72669,-26.37349
16270.,-4.659704,-4.680382,-4.829723,-3.152122,2.464614,-37.75389,-26.74584
16280.,-4.704522,-4.728957,-4.879039,-3.198295,2.741462,-37.77953,-27.11958
16290.,-4.748484,-4.777045,-4.927651,-3.243963,3.01568,-37.80364,-27.49474
16300.,-4.791594,-4.824649,-4.975564,-3.28913,3.287287,-37.82622,-27.87132
16310.,-4.833859,-4.87177,-5.022782,-3.333799,3.556304,-37.8473,-28.24934
16320.,-4.875283,-4.918411,-5.069308,-3.37797,3.822752,-37.86687,-28.62883
16330.,-4.915873,-4.964573,-5.115147,-3.421648,4.08665,-37.88496,-29.00979
16340.,-4.955634,-5.01026,-5.160304,-3.464834,4.34802,-37.90158,-29.39225
16350.,-4.994571,-5.055473,-5.204781,-3.50753,4.606883,-37.91675,-29.77622
16360.,-5.03269,-5.100214,-5.248584,-3.54974,4.863257,-37.93047,-30.16172
16370.,-5.069996,-5.144485,-5.291717,-3.591466,5.117165,-37.94276,-30.54876
16380.,-5.106494,-5.188289,-5.334183,-3.63271,5.368625,-37.95363,-30.93737
16390.,-5.14219,-5.231628,-5.375986,-3.673475,5.617658,-37.96309,-31.32757
16400.,-5.177089,-5.274504,-5.417131,-3.713763,5.864285,-37.97117,-31.71937
16410.,-5.211196,-5.31692,-5.457622,-3.753577,6.108526,-37.97786,-32.11279
16420.,-5.244517,-5.358877,-5.497463,-3.79292,6.3504,-37.98318,-32.50785
16430.,-5.277057,-5.400378,-5.536658,-3.831793,6.589927,-37.98715,-32.90457
16440.,-5.30882,-5.441426,-5.57521,-3.870199,6.827128,-37.98978,-33.30298
16450.,-5.339813,-5.482021,-5.613125,-3.908142,7.062023,-37.99107,-33.70309
16460.,-5.370041,-5.522167,-5.650405,-3.945623,7.294631,-37.99105,-34.10492
16470.,-5.399508,-5.561866,-5.687056,-3.982644,7.524972,-37.98971,-34.5085
16480.,-5.42822,-5.601121,-5.72308,-4.01921,7.753065,-37.98709,-34.91384
16490.,-5.456182,-5.639933,-5.758482,-4.055321,7.978931,-37.98317,-35.32097
16500.,-5.483398,-5.678304,-5.793266,-4.090981,8.202588,-37.97799,-35.72991
16510.,-5.509875,-5.716238,-5.827436,-4.126192,8.424057,-37.97155,-36.14069
16520.,-5.535617,-5.753735,-5.860996,-4.160956,8.643356,-37.96386,-36.55332
16530.,-5.560629,-5.7908,-5.893949,-4.195277,8.860505,-37.95492,-36.96784
16540.,-5.584915,-5.827433,-5.926299,-4.229156,9.075523,-37.94477,-37.38425
16550.,-5.608482,-5.863638,-5.958051,-4.262597,9.28843,-37.9334,-37.8026
16560.,-5.631334,-5.899416,-5.989208,-4.295602,9.499244,-37.92082,-38.22291
16570.,-5.653475,-5.934769,-6.019775,-4.328172,9.707984,-37.90705,-38.64519
16580.,-5.674912,-5.969701,-6.049754,-4.360312,9.914669,-37.8921,-39.06948
16590.,-5.695647,-6.004213,-6.07915,-4.392022,10.11932,-37.87598,-39.4958
16600.,-5.715687,-6.038307,-6.107966,-4.423307,10.32195,-37.8587,-39.92419
16610.,-5.735036,-6.071986,-6.136207,-4.454167,10.52258,-37.84027,-40.35466
16620.,-5.7537,-6.105253,-6.163875,-4.484607,10.72124,-37.8207,-40.78724
16630.,-5.771681,-6.138108,-6.190976,-4.514628,10.91793,-37.8,-41.22197
16640.,-5.788987,-6.170556,-6.217512,-4.544232,11.11268,-37.77818,-41.65887
16650.,-5.805649,-6.202561,-6.243411,-4.573422,11.3055,-37.75519,-42.0832
16660.,-5.821975,-6.233751,-6.267874,-4.602183,11.49638,-37.73033,-42.35256
16670.,-5.837965,-6.26413,-6.29091,-4.630502,11.68535,-37.70361,-42.62256
16680.,-5.853619,-6.293701,-6.312529,-4.65838,11.87243,-37.67505,-42.89321
16690.,-5.868935,-6.322467,-6.33274,-4.685819,12.05764,-37.64467,-43.16451
16700.,-5.883914,-6.350434,-6.351552,-4.712817,12.24099,-37.61248,-43.43647
16710.,-5.898555,-6.377603,-6.368975,-4.739377,12.42251,-37.5785,-43.70909
16720.,-5.912857,-6.403979,-6.385017,-4.765499,12.60222,-37.54274,-43.98238
16730.,-5.92682,-6.429566,-6.399687,-4.791183,12.78013,-37.50522,-44.25634
16740.,-5.940444,-6.454367,-6.412996,-4.816429,12.95627,-37.46595,-44.53098
16750.,-5.953729,-6.478386,-6.424951,-4.84124,13.13066,-37.42496,-44.80631
16760.,-5.966673,-6.501627,-6.435561,-4.865615,13.30331,-37.38225,-45.08232
16770.,-5.979277,-6.524092,-6.444835,-4.889555,13.47425,-37.33783,-45.35904
16780.,-5.99154,-6.545785,-6.452782,-4.913061,13.64348,-37.29174,-45.63645
16790.,-6.003462,-6.566711,-6.45941,-4.936134,13.81104,-37.24397,-45.91458
16800.,-6.015043,-6.586872,-6.464728,-4.958773,13.97695,-37.19454,-46.19342
16810.,-6.026282,-6.606272,-6.468745,-4.98098,14.14121,-37.14348,-46.47298
16820.,-6.037179,-6.624914,-6.471468,-5.002756,14.30385,-37.09079,-46.75327
16830.,-6.047734,-6.642802,-6.472906,-5.024101,14.46488,-37.03648,-47.03429
16840.,-6.057947,-6.65994,-6.473068,-5.045017,14.62434,-36.98058,-47.31605
16850.,-6.067817,-6.676329,-6.471962,-5.065502,14.78222,-36.92309,-47.59856
16860.,-6.077344,-6.691975,-6.469595,-5.085559,14.93856,-36.86403,-47.88182
16870.,-6.086528,-6.70688,-6.465977,-5.105189,15.09337,-36.80342,-48.16583
16880.,-6.095369,-6.721047,-6.461114,-5.12439,15.24666,-36.74126,-48.45062
16890.,-6.103866,-6.73448,-6.455015,-5.143166,15.39846,-36.67757,-48.73618
16900.,-6.11202,-6.747182,-6.447688,-5.161515,15.54878,-36.61237,-49.02251
16910.,-6.11983,-6.759156,-6.439141,-5.17944,15.69764,-36.54567,-49.30963
16920.,-6.127296,-6.770406,-6.429381,-5.19694,15.84506,-36.47748,-49.59755
16930.,-6.134418,-6.780935,-6.418417,-5.214016,15.99105,-36.40781,-49.88627
16940.,-6.141195,-6.790745,-6.406255,-5.230669,16.13563,-36.33668,-50.17579
16950.,-6.147628,-6.79984,-6.392903,-5.246899,16.27882,-36.26411,-50.46613
16960.,-6.153717,-6.808223,-6.37837,-5.262708,16.42064,-36.1901,-50.75729
16970.,-6.159461,-6.815898,-6.362662,-5.278096,16.56109,-36.11466,-51.04928
16980.,-6.16486,-6.822866,-6.345787,-5.293063,16.70021,-36.03782,-51.3421
16990.,-6.169914,-6.829132,-6.327752,-5.307611,16.838,-35.95957,-51.63577
17000.,-6.174623,-6.834698,-6.308565,-5.32174,16.97448,-35.87995,-51.9303
17010.,-6.178987,-6.839567,-6.288233,-5.33545,17.10966,-35.79895,-52.22568
17020.,-6.183006,-6.843742,-6.266763,-5.348743,17.24357,-35.71659,-52.52193
17030.,-6.186679,-6.847227,-6.244161,-5.361618,17.37622,-35.63289,-52.81906
17040.,-6.190007,-6.850023,-6.220437,-5.374078,17.50762,-35.54785,-53.11707
17050.,-6.19299,-6.852135,-6.195595,-5.386121,17.63779,-35.46149,-53.41597
17060.,-6.195626,-6.853564,-6.169644,-5.397749,17.76675,-35.37382,-53.71577
17070.,-6.197917,-6.854314,-6.14259,-5.408963,17.8945,-35.28485,-54.01649
17080.,-6.199862,-6.854387,-6.114441,-5.419762,18.02108,-35.1946,-54.31811
17090.,-6.201461,-6.853787,-6.085202,-5.430149,18.14648,-35.10307,-54.62067
17100.,-6.202714,-6.852516,-6.054881,-5.440123,18.27073,-35.01028,-54.92416
17110.,-6.203621,-6.850576,-6.023485,-5.449684,18.39384,-34.91624,-55.22859
17120.,-6.204182,-6.847971,-5.991019,-5.458834,18.51582,-34.82096,-55.53397
17130.,-6.204397,-6.844704,-5.957492,-5.467573,18.6367,-34.72445,-55.84032
17140.,-6.204265,-6.840776,-5.922909,-5.475902,18.75648,-34.62673,-56.14763
17150.,-6.203787,-6.836191,-5.887276,-5.483821,18.87517,-34.5278,-56.45593
17160.,-6.202834,-6.831046,-5.851233,-5.491301,18.99276,-34.42748,-56.34011
17170.,-6.201339,-6.825393,-5.815121,-5.498298,19.10923,-34.32568,-55.99617
17180.,-6.199304,-6.819236,-5.778938,-5.504797,19.22459,-34.2224,-55.65345
17190.,-6.196732,-6.812577,-5.742683,-5.5108,19.33887,-34.11768,-55.31195
17200.,-6.193626,-6.805417,-5.706355,-5.516311,19.45206,-34.01151,-54.97166
17210.,-6.189988,-6.79776,-5.669952,-5.52133,19.56419,-33.90391,-54.63257
17220.,-6.185821,-6.789608,-5.633473,-5.525861,19.67527,-33.79491,-54.29467
17230.,-6.181129,-6.780962,-5.596916,-5.529906,19.78531,-33.68452,-53.95795
17240.,-6.175912,-6.771825,-5.560281,-5.533467,19.89433,-33.57274,-53.62239
17250.,-6.170174,-6.762199,-5.523566,-5.536546,20.00234,-33.45961,-53.28799
17260.,-6.163918,-6.752087,-5.486768,-5.539145,20.10934,-33.34512,-52.95475
17270.,-6.157146,-6.74149,-5.449889,-5.541267,20.21536,-33.2293,-52.62264
17280.,-6.14986,-6.730411,-5.412924,-5.542913,20.32041,-33.11216,-52.29166
17290.,-6.142063,-6.718851,-5.375875,-5.544086,20.42449,-32.99371,-51.96181
17300.,-6.133757,-6.706813,-5.338738,-5.544787,20.52762,-32.87397,-51.63307
17310.,-6.124946,-6.694299,-5.301514,-5.54502,20.62982,-32.75296,-51.30544
17320.,-6.11563,-6.681312,-5.2642,-5.544785,20.7311,-32.63068,-50.97889
17330.,-6.105813,-6.667852,-5.226796,-5.544085,20.83146,-32.50716,-50.65344
17340.,-6.095496,-6.653922,-5.1893,-5.542922,20.93092,-32.3824,-50.32907
17350.,-6.084683,-6.639524,-5.15171,-5.541298,21.02949,-32.25642,-50.00576
17360.,-6.073376,-6.62466,-5.114027,-5.539215,21.12718,-32.12923,-49.68351
17370.,-6.061576,-6.609332,-5.076247,-5.536674,21.22401,-32.00085,-49.36232
17380.,-6.049287,-6.593542,-5.038372,-5.533678,21.31999,-31.87129,-49.04217
17390.,-6.03651,-6.577292,-5.000398,-5.530229,21.41512,-31.74057,-48.72306
17400.,-6.023247,-6.560583,-4.962325,-5.526328,21.50942,-31.60869,-48.40498
17410.,-6.009501,-6.543418,-4.924151,-5.521977,21.6029,-31.47567,-48.08792
17420.,-5.995274,-6.525799,-4.885877,-5.517178,21.69557,-31.34153,-47.77187
17430.,-5.980569,-6.507727,-4.847499,-5.511934,21.78744,-31.20628,-47.45683
17440.,-5.965386,-6.489204,-4.809018,-5.506245,21.87853,-31.06992,-47.14278
17450.,-5.949729,-6.470233,-4.770432,-5.500113,21.96884,-30.93248,-46.82972
17460.,-5.933599,-6.450814,-4.731739,-5.493541,22.05838,-30.79397,-46.51765
17470.,-5.916999,-6.43095,-4.692939,-5.486529,22.14717,-30.6544,-46.20655
17480.,-5.899931,-6.410642,-4.654031,-5.479081,22.23522,-30.51377,-45.89642
17490.,-5.882396,-6.389893,-4.615014,-5.471197,22.32253,-30.37212,-45.58725
17500.,-5.864397,-6.368703,-4.575886,-5.462878,22.40911,-30.22944,-45.27903
17510.,-5.845935,-6.347075,-4.536646,-5.454128,22.49498,-30.08575,-44.97175
17520.,-5.827013,-6.325011,-4.497293,-5.444947,22.58015,-29.94106,-44.66542
17530.,-5.807633,-6.302511,-4.457827,-5.435337,22.66462,-29.79538,-44.36002
17540.,-5.787796,-6.279578,-4.418245,-5.4253,22.74841,-29.64874,-44.05554
17550.,-5.767505,-6.256214,-4.378548,-5.414837,22.83153,-29.50113,-43.75198
17560.,-5.746761,-6.232419,-4.338733,-5.403949,22.91398,-29.35258,-43.44934
17570.,-5.725566,-6.208196,-4.298801,-5.392639,22.99577,-29.20308,-43.14759
17580.,-5.703922,-6.183547,-4.258749,-5.380908,23.07692,-29.05266,-42.84675
17590.,-5.681831,-6.158472,-4.218577,-5.368757,23.15744,-28.90133,-42.5468
17600.,-5.659295,-6.132974,-4.178283,-5.356188,23.23733,-28.7491,-42.24773
17610.,-5.636316,-6.107053,-4.137868,-5.343203,23.31659,-28.59598,-41.94954
17620.,-5.612895,-6.080713,-4.097328,-5.329802,23.39526,-28.44198,-41.65223
17630.,-5.589034,-6.053953,-4.056665,-5.315988,23.47332,-28.28711,-41.35578
17640.,-5.564735,-6.026776,-4.015876,-5.301762,23.55079,-28.13139,-41.06019
17650.,-5.539999,-5.999183,-3.974961,-5.287124,23.62768,-27.97483,-40.76546
17660.,-5.514849,-5.971201,-3.934036,-5.272062,23.70402,-27.81768,-40.28977
17670.,-5.489364,-5.942924,-3.893534,-5.256502,23.77989,-27.66087,-39.15185
17680.,-5.463545,-5.914356,-3.85345,-5.24039,23.85532,-27.50441,-38.02995
17690.,-5.437396,-5.885498,-3.81378,-5.22373,23.93028,-27.34829,-36.92353
17700.,-5.410919,-5.856352,-3.774521,-5.206527,24.00481,-27.19252,-35.83211
17710.,-5.384118,-5.826922,-3.735669,-5.188785,24.07889,-27.03709,-34.75521
17720.,-5.356995,-5.79721,-3.697219,-5.17051,24.15254,-26.88199,-33.69239
17730.,-5.329552,-5.767218,-3.659168,-5.151705,24.22575,-26.72724,-32.64322
17740.,-5.301793,-5.736948,-3.621512,-5.132376,24.29854,-26.57282,-31.6073
17750.,-5.27372,-5.706402,-3.584246,-5.112526,24.37091,-26.41875,-30.58423
17760.,-5.245336,-5.675584,-3.547368,-5.092159,24.44287,-26.26501,-29.57364
17770.,-5.216643,-5.644494,-3.510873,-5.071282,24.51441,-26.1116,-28.57519
17780.,-5.187645,-5.613136,-3.474758,-5.049896,24.58555,-25.95853,-27.58854
17790.,-5.158343,-5.581512,-3.439018,-5.028008,24.65628,-25.8058,-26.61335
17800.,-5.128741,-5.549623,-3.403651,-5.00562,24.72662,-25.65339,-25.64933
17810.,-5.09884,-5.517472,-3.368652,-4.982739,24.79657,-25.50132,-24.69617
17820.,-5.068644,-5.485062,-3.334018,-4.959366,24.86613,-25.34959,-23.7536
17830.,-5.038154,-5.452394,-3.299745,-4.935508,24.9353,-25.19818,-22.82133
17840.,-5.007374,-5.41947,-3.26583,-4.911167,25.0041,-25.0471,-21.8991
17850.,-4.976306,-5.386293,-3.232269,-4.886348,25.07253,-24.89635,-20.98668
17860.,-4.944952,-5.352865,-3.199059,-4.861055,25.14058,-24.74592,-20.0838
17870.,-4.913315,-5.319187,-3.166196,-4.835292,25.20827,-24.59583,-19.19025
17880.,-4.881397,-5.285262,-3.133676,-4.809063,25.2756,-24.44606,-18.30579
17890.,-4.849201,-5.251093,-3.101497,-4.782372,25.34258,-24.29661,-17.43021
17900.,-4.816728,-5.21668,-3.069655,-4.755223,25.4092,-24.14749,-16.56331
17910.,-4.783982,-5.182026,-3.038146,-4.72762,25.47547,-23.99869,-15.70488
17920.,-4.750965,-5.147134,-3.006967,-4.699566,25.5414,-23.85021,-14.85474
17930.,-4.717678,-5.112004,-2.976115,-4.671066,25.60699,-23.70205,-14.01269
17940.,-4.684125,-5.07664,-2.945587,-4.642123,25.67224,-23.55421,-13.17855
17950.,-4.650307,-5.041042,-2.915378,-4.612741,25.73716,-23.40669,-12.35216
17960.,-4.616228,-5.005213,-2.885487,-4.582923,25.80176,-23.25948,-11.53334
17970.,-4.581888,-4.969155,-2.85591,-4.552674,25.86603,-23.1126,-10.72194
17980.,-4.54729,-4.93287,-2.826643,-4.521997,25.92998,-22.96603,-9.917793
17990.,-4.512437,-4.89636,-2.797684,-4.490896,25.99362,-22.81977,-9.120754
18000.,-4.47733,-4.859626,-2.769029,-4.459374,26.05694,-22.67382,-8.330676
18010.,-4.441973,-4.82267,-2.740676,-4.427435,26.11996,-22.52819,-7.547417
18020.,-4.406366,-4.785495,-2.71262,-4.395083,26.18267,-22.38287,-6.77084
18030.,-4.370512,-4.748101,-2.68486,-4.36232,26.24507,-22.23786,-6.000811
18040.,-4.334414,-4.710492,-2.657391,-4.329151,26.30719,-22.09316,-5.237203
18050.,-4.298073,-4.672668,-2.630212,-4.295579,26.36901,-21.94876,-4.479891
18060.,-4.261491,-4.634632,-2.603319,-4.261607,26.43053,-21.80468,-3.728753
18070.,-4.224671,-4.596385,-2.57671,-4.22724,26.49178,-21.66089,-2.983673
18080.,-4.187614,-4.557929,-2.55038,-4.192479,26.55273,-21.51742,-2.244537
18090.,-4.150322,-4.519266,-2.524328,-4.157329,26.61341,-21.37424,-1.511234
18100.,-4.112799,-4.480397,-2.49855,-4.121793,26.67382,-21.23137,-0.7836569
18110.,-4.075044,-4.441325,-2.473044,-4.085874,26.73395,-21.0888,-0.06170155
18120.,-4.037061,-4.402051,-2.447807,-4.049575,26.79381,-20.94653,0.6547332
18130.,-3.998852,-4.362576,-2.422835,-4.0129,26.8534,-20.80456,1.365746
18140.,-3.960418,-4.322902,-2.398127,-3.975853,26.91274,-20.66289,2.071432
18150.,-3.921761,-4.283032,-2.373679,-3.938435,26.97181,-20.52152,2.771884
18160.,-3.882884,-4.242966,-2.349489,-3.90065,27.03063,-20.38044,3.467193
18170.,-3.8439,-4.202796,-2.3255,-3.862494,27.08919,-20.24128,4.221633
18180.,-3.804845,-4.162552,-2.301695,-3.823959,27.1475,-20.1045,4.988487
18190.,-3.765722,-4.122235,-2.278076,-3.785049,27.20556,-19.97006,5.749201
18200.,-3.726535,-4.08185,-2.254644,-3.745769,27.26336,-19.83795,6.503889
18210.,-3.687287,-4.0414,-2.231398,-3.706127,27.32092,-19.70814,7.252661
18220.,-3.647981,-4.000889,-2.208341,-3.666127,27.37822,-19.5806,7.995624
18230.,-3.608621,-3.960318,-2.185473,-3.625776,27.43527,-19.4553,8.732881
18240.,-3.569209,-3.919693,-2.162794,-3.58508,27.49207,-19.33223,9.464533
18250.,-3.529748,-3.879015,-2.140306,-3.544044,27.54862,-19.21135,10.19068
18260.,-3.490242,-3.838288,-2.118009,-3.502674,27.60493,-19.09265,10.91141
18270.,-3.450695,-3.797515,-2.095904,-3.460977,27.66098,-18.9761,11.62683
18280.,-3.411108,-3.7567,-2.073992,-3.418957,27.71678,-18.86167,12.33702
18290.,-3.371485,-3.715845,-2.052273,-3.37662,27.77233,-18.74935,13.04207
18300.,-3.33183,-3.674953,-2.030748,-3.333971,27.82764,-18.6391,13.74206
18310.,-3.292144,-3.634027,-2.009419,-3.291018,27.8827,-18.53091,14.43708
18320.,-3.252431,-3.593071,-1.988285,-3.247764,27.93751,-18.42475,15.12721
18330.,-3.212694,-3.552086,-1.967348,-3.204215,27.99207,-18.3206,15.81253
18340.,-3.172936,-3.511077,-1.946607,-3.160377,28.04638,-18.21844,16.49312
18350.,-3.13316,-3.470046,-1.926064,-3.116255,28.10045,-18.11824,17.16905
18360.,-3.093368,-3.428996,-1.90572,-3.071854,28.15428,-18.01998,17.84039
18370.,-3.053563,-3.38793,-1.885575,-3.027179,28.20785,-17.92364,18.50722
18380.,-3.013749,-3.34685,-1.86563,-2.982237,28.26118,-17.8292,19.16961
18390.,-2.973927,-3.30576,-1.845885,-2.937031,28.31427,-17.73664,19.82762
18400.,-2.934101,-3.264661,-1.826341,-2.891567,28.36711,-17.64593,20.48131
18410.,-2.894273,-3.223558,-1.806999,-2.84585,28.41971,-17.55705,21.13077
18420.,-2.854446,-3.182452,-1.787859,-2.799885,28.47206,-17.46999,21.77604
18430.,-2.814623,-3.141345,-1.768922,-2.753677,28.52417,-17.38472,22.41719
18440.,-2.774805,-3.100242,-1.750189,-2.707232,28.57604,-17.30122,23.05428
18450.,-2.734997,-3.059144,-1.731659,-2.660552,28.62766,-17.21947,23.68737
18460.,-2.695199,-3.018054,-1.713334,-2.613645,28.67904,-17.13945,24.31651
18470.,-2.655416,-2.976975,-1.695214,-2.566514,28.73018,-17.06114,24.94177
18480.,-2.615648,-2.935908,-1.677301,-2.519164,28.78108,-16.98452,25.5632
18490.,-2.5759,-2.894857,-1.659593,-2.471599,28.83173,-16.90957,26.18084
18500.,-2.536173,-2.853824,-1.642092,-2.423825,28.88215,-16.83628,26.79477
18510.,-2.496469,-2.812812,-1.624798,-2.375847,28.93232,-16.76461,27.40501
18520.,-2.456791,-2.771822,-1.607713,-2.327668,28.98226,-16.69456,28.01164
18530.,-2.417142,-2.730857,-1.590835,-2.279293,29.03196,-16.62611,28.61468
18540.,-2.377523,-2.68992,-1.574167,-2.230726,29.08141,-16.55923,29.2142
18550.,-2.337938,-2.649013,-1.557707,-2.181973,29.13063,-16.49391,29.81024
18560.,-2.298387,-2.608138,-1.541458,-2.133037,29.17961,-16.43012,30.40285
18570.,-2.258874,-2.567297,-1.525418,-2.083923,29.22835,-16.36786,30.99207
18580.,-2.219401,-2.526493,-1.509589,-2.034636,29.27686,-16.30711,31.57795
18590.,-2.17997,-2.485728,-1.493972,-1.985178,29.32513,-16.24783,32.16052
18600.,-2.140582,-2.445004,-1.478565,-1.935555,29.37316,-16.19003,32.73983
18610.,-2.101241,-2.404324,-1.463371,-1.885771,29.42095,-16.13368,33.31593
18620.,-2.061949,-2.363688,-1.448389,-1.835829,29.46851,-16.07876,33.88886
18630.,-2.022706,-2.323101,-1.433619,-1.785735,29.51584,-16.02526,34.45864
18640.,-1.983517,-2.282563,-1.419063,-1.735491,29.56293,-15.97316,35.02533
18650.,-1.944382,-2.242076,-1.40472,-1.685103,29.60979,-15.92245,35.58896
18660.,-1.905303,-2.201643,-1.390591,-1.634574,29.65641,-15.8731,36.14957
18670.,-1.866322,-2.161311,-1.376559,-1.583947,29.70283,-15.8255,36.518
18680.,-1.827518,-2.121168,-1.3624,-1.533342,29.74913,-15.78041,36.51693
18690.,-1.788894,-2.081215,-1.348119,-1.48284,29.79529,-15.73778,36.51585
18700.,-1.750451,-2.041456,-1.333721,-1.432443,29.84132,-15.6976,36.51474
18710.,-1.712192,-2.001893,-1.31921,-1.382155,29.88721,-15.65983,36.51361
18720.,-1.674118,-1.962527,-1.304592,-1.331979,29.93297,-15.62444,36.51245
18730.,-1.636233,-1.923362,-1.289872,-1.281918,29.97858,-15.5914,36.51127
18740.,-1.598538,-1.884397,-1.275055,-1.231974,30.02405,-15.56069,36.51006
18750.,-1.561035,-1.845637,-1.260144,-1.182151,30.06938,-15.53227,36.50883
18760.,-1.523727,-1.807082,-1.245146,-1.132452,30.11455,-15.50612,36.50757
18770.,-1.486616,-1.768736,-1.230064,-1.082879,30.15958,-15.48222,36.50628
18780.,-1.449702,-1.730598,-1.214903,-1.033436,30.20446,-15.46053,36.50496
18790.,-1.41299,-1.692673,-1.199668,-0.9841248,30.24918,-15.44102,36.50361
18800.,-1.37648,-1.654961,-1.184364,-0.9349486,30.29375,-15.42368,36.50222
18810.,-1.340174,-1.617464,-1.168994,-0.8859101,30.33816,-15.40847,36.50081
18820.,-1.304075,-1.580184,-1.153563,-0.8370119,30.38241,-15.39537,36.49936
18830.,-1.268183,-1.543123,-1.138076,-0.7882567,30.4265,-15.38436,36.49788
18840.,-1.232502,-1.506283,-1.122537,-0.739647,30.47043,-15.3754,36.49636
18850.,-1.197032,-1.469665,-1.10695,-0.6911855,30.51419,-15.36847,36.49481
18860.,-1.161777,-1.433271,-1.091318,-0.6428748,30.55779,-15.36356,36.49322
18870.,-1.126736,-1.397103,-1.075648,-0.5947172,30.60122,-15.36063,36.49159
18880.,-1.091912,-1.361163,-1.059941,-0.5467153,30.64448,-15.35966,36.48993
18890.,-1.057308,-1.325451,-1.044204,-0.4988714,30.68757,-15.36063,36.48822
18900.,-1.022923,-1.289969,-1.028438,-0.4511881,30.73049,-15.36351,36.48648
18910.,-0.9887608,-1.25472,-1.012649,-0.4036676,30.77323,-15.36828,36.48469
18920.,-0.954822,-1.219704,-0.9968409,-0.3563122,30.8158,-15.37492,36.48287
18930.,-0.9211083,-1.184924,-0.9810165,-0.3091243,30.85819,-15.38341,36.481
18940.,-0.8876214,-1.15038,-0.9651801,-0.2621061,30.9004,-15.39372,36.47909
18950.,-0.8543628,-1.116074,-0.9493354,-0.2152598,30.94243,-15.40584,36.47714
18960.,-0.8213339,-1.082007,-0.9334862,-0.1685875,30.98429,-15.41973,36.47514
18970.,-0.7885362,-1.048181,-0.917636,-0.1220916,31.02595,-15.43539,36.4731
18980.,-0.7559711,-1.014597,-0.9017885,-0.07577396,31.06744,-15.45279,36.47101
18990.,-0.7236401,-0.9812567,-0.8859473,-0.0296368,31.10874,-15.4719,36.46888
19000.,-0.6915445,-0.9481611,-0.8701159,0.01631788,31.14985,-15.49272,36.4667
19010.,-0.6596856,-0.9153116,-0.8542977,0.06208804,31.19078,-15.51521,36.46447
19020.,-0.6280649,-0.8827093,-0.8384962,0.1076717,31.23151,-15.53936,36.4622
19030.,-0.5966836,-0.8503556,-0.8227148,0.1530669,31.27206,-15.56515,36.45987
19040.,-0.565543,-0.8182517,-0.8069569,0.1982718,31.31242,-15.59257,36.4575
19050.,-0.5346443,-0.7863986,-0.7912256,0.2432844,31.35258,-15.62158,36.45507
19060.,-0.5039888,-0.7547976,-0.7755243,0.2881029,31.39255,-15.65218,36.4526
19070.,-0.4735777,-0.7234498,-0.7598562,0.3327254,31.43233,-15.68434,36.45007
19080.,-0.4434122,-0.6923563,-0.7442245,0.3771502,31.47191,-15.71805,36.44749
19090.,-0.4134933,-0.6615183,-0.7286323,0.4213755,31.51129,-15.75329,36.44486
19100.,-0.3838223,-0.6309366,-0.7130827,0.4653995,31.55048,-15.79004,36.44217
19110.,-0.3544002,-0.6006125,-0.6975787,0.5092206,31.58947,-15.82829,36.43944
19120.,-0.3252282,-0.5705469,-0.6821234,0.5528371,31.62826,-15.86801,36.43664
19130.,-0.2963073,-0.5407408,-0.6667197,0.5962472,31.66685,-15.9092,36.43379
19140.,-0.2676385,-0.5111952,-0.6513706,0.6394495,31.70523,-15.95183,36.43089
19150.,-0.2392229,-0.4819109,-0.6360789,0.6824423,31.74342,-15.99588,36.42793
19160.,-0.2110615,-0.4528891,-0.6208476,0.725224,31.78141,-16.04135,36.42491
19170.,-0.1831551,-0.4241305,-0.6056794,0.7677932,31.81919,-16.08822,36.42184
19180.,-0.1556375,-0.3954481,-0.5903811,0.8099595,31.8567,-16.13616,35.50086
19190.,-0.1285223,-0.3668242,-0.5749359,0.8515144,31.89395,-16.18512,34.47079
19200.,-0.101809,-0.3382613,-0.5593486,0.8924397,31.93093,-16.23509,33.43007
19210.,-0.07549696,-0.3097623,-0.5436238,0.9327382,31.96764,-16.28607,32.37846
19220.,-0.04958561,-0.2813298,-0.5277661,0.9724122,32.00408,-16.33804,31.31569
19230.,-0.02407437,-0.2529665,-0.5117801,1.011464,32.04025,-16.391,30.24149
19240.,0.001037371,-0.2246749,-0.4956701,1.049897,32.07615,-16.44493,29.15555
19250.,0.02575021,-0.1964577,-0.4794408,1.087714,32.11178,-16.49983,28.05759
19260.,0.05006477,-0.1683174,-0.4630964,1.124916,32.14714,-16.55568,26.9473
19270.,0.07398164,-0.1402565,-0.4466414,1.161506,32.18224,-16.61247,25.82434
19280.,0.09750144,-0.1122776,-0.43008,1.197488,32.21707,-16.6702,24.68839
19290.,0.1206248,-0.08438295,-0.4134165,1.232862,32.25163,-16.72886,23.53909
19300.,0.1433523,-0.05657513,-0.396655,1.267633,32.28592,-16.78844,22.37607
19310.,0.1656847,-0.02885648,-0.3797999,1.301801,32.31994,-16.84893,21.19896
19320.,0.1876224,-0.001229366,-0.362855,1.335371,32.3537,-16.91031,20.00734
19330.,0.2091662,0.02630388,-0.3458246,1.368344,32.38719,-16.97259,18.8008
19340.,0.2303167,0.05374095,-0.3287126,1.400722,32.42042,-17.03576,17.57891
19350.,0.2510746,0.08107958,-0.3115231,1.432509,32.45338,-17.0998,16.3412
19360.,0.2714404,0.1083175,-0.2942599,1.463706,32.48607,-17.1647,15.08719
19370.,0.2914148,0.1354526,-0.2769269,1.494316,32.5185,-17.23047,13.81639
19380.,0.3109985,0.1624825,-0.259528,1.524342,32.55066,-17.29709,12.52825
19390.,0.3301922,0.1894053,-0.242067,1.553785,32.58256,-17.36455,11.22223
19400.,0.3489964,0.2162186,-0.2245476,1.582648,32.6142,-17.43285,9.897741
19410.,0.3674118,0.2429205,-0.2069735,1.610934,32.64557,-17.50198,8.554165
19420.,0.3854391,0.2695089,-0.1893484,1.638645,32.67667,-17.57192,7.190856
19430.,0.4030789,0.2959817,-0.171676,1.665783,32.70752,-17.64269,5.807132
19440.,0.420332,0.3223369,-0.1539597,1.692351,32.7381,-17.71426,4.40227
19450.,0.4371989,0.3485725,-0.1362033,1.718351,32.76842,-17.78663,2.975508
19460.,0.4536803,0.3746865,-0.1184101,1.743784,32.79847,-17.85979,1.526041
19470.,0.469777,0.4006771,-0.1005836,1.768655,32.82826,-17.93374,0.05301436
19480.,0.4854895,0.4265422,-0.08272729,1.792964,32.8578,-18.00847,-1.444478
19490.,0.5008186,0.4522801,-0.06484451,1.816714,32.88707,-18.08397,-2.967397
19500.,0.5157649,0.4778888,-0.04693862,1.839908,32.91608,-18.16024,-4.516767
19510.,0.5303291,0.5033666,-0.02901292,1.862547,32.94483,-18.23727,-6.093675
19520.,0.5445119,0.5287116,-0.01107067,1.884634,32.97332,-18.31506,-7.699283
19530.,0.5583139,0.5539219,0.006884888,1.906172,33.00155,-18.39359,-9.334831
19540.,0.5717358,0.578996,0.02485057,1.927162,33.02952,-18.47286,-11.00164
19550.,0.5847784,0.603932,0.04282321,1.947606,33.05723,-18.55287,-12.70115
19560.,0.5974423,0.6287283,0.0607997,1.967507,33.08468,-18.63361,-14.43486
19570.,0.6097281,0.653383,0.07877696,1.986867,33.11188,-18.71508,-16.20443
19580.,0.6216366,0.6778947,0.09675193,2.005689,33.13882,-18.79726,-18.01163
19590.,0.6331684,0.7022615,0.1147216,2.023973,33.1655,-18.88016,-19.85835
19600.,0.6443243,0.726482,0.1326831,2.041723,33.19192,-18.96376,-21.74667
19610.,0.6551048,0.7505546,0.1506333,2.058941,33.21809,-19.04807,-23.67884
19620.,0.6655108,0.7744775,0.1685694,2.075629,33.244,-19.13308,-25.65728
19630.,0.6755429,0.7982494,0.1864886,2.091788,33.26966,-19.21877,-27.68465
19640.,0.6852018,0.8218687,0.2043879,2.107422,33.29506,-19.30516,-29.76387
19650.,0.6944881,0.8453338,0.2222646,2.122532,33.3202,-19.39222,-31.89811
19660.,0.7034026,0.8686433,0.240116,2.137119,33.34509,-19.47997,-34.09089
19670.,0.711946,0.8917958,0.2579392,2.151188,33.36973,-19.56838,-36.34607
19680.,0.7203124,0.9146353,0.2757641,2.164827,33.3941,-19.65713,-37.6941
19690.,0.7287237,0.9369856,0.2936254,2.178227,33.41819,-19.74583,-37.94391
19700.,0.7371781,0.9588499,0.3115215,2.191492,33.44201,-19.83448,-38.19462
19710.,0.7456737,0.9802317,0.3294507,2.20462,33.46554,-19.92309,-38.44622
19720.,0.7542091,1.001134,0.3474114,2.217613,33.4888,-20.01166,-38.69873
19730.,0.7627825,1.021562,0.3654019,2.230469,33.51179,-20.1002,-38.95215
19740.,0.7713923,1.041516,0.3834207,2.243189,33.53451,-20.1887,-39.20649
19750.,0.7800369,1.061002,0.4014663,2.255773,33.55697,-20.27716,-39.46176
19760.,0.7887147,1.080022,0.4195369,2.268221,33.57916,-20.3656,-39.71796
19770.,0.7974242,1.098579,0.4376311,2.280533,33.60108,-20.45402,-39.9751
19780.,0.8061637,1.116678,0.4557474,2.292709,33.62275,-20.54241,-40.23319
19790.,0.8149317,1.13432,0.4738842,2.304749,33.64416,-20.63078,-40.49224
19800.,0.8237268,1.151509,0.49204,2.316653,33.66532,-20.71914,-40.75225
19810.,0.8325473,1.168249,0.5102134,2.328421,33.68622,-20.80747,-41.01323
19820.,0.8413918,1.184542,0.5284029,2.340054,33.70687,-20.8958,-41.27519
19830.,0.8502588,1.200391,0.546607,2.35155,33.72727,-20.98412,-41.53814
19840.,0.8591468,1.2158,0.5648243,2.362911,33.74743,-21.07243,-41.80209
19850.,0.8680543,1.230772,0.5830533,2.374136,33.76734,-21.16074,-42.06704
19860.,0.87698,1.245309,0.6012927,2.385225,33.78701,-21.24904,-42.333
19870.,0.8859224,1.259415,0.6195411,2.396178,33.80643,-21.33735,-42.59999
19880.,0.8948801,1.273092,0.637797,2.406996,33.82562,-21.42566,-42.868
19890.,0.9038517,1.286344,0.6560591,2.417678,33.84457,-21.51398,-43.13705
19900.,0.9128359,1.299173,0.6743261,2.428224,33.86329,-21.6023,-43.40715
19910.,0.9218311,1.311583,0.6925967,2.438635,33.88177,-21.69063,-43.6783
19920.,0.9308362,1.323576,0.7108694,2.44891,33.90003,-21.77898,-43.95052
19930.,0.9398498,1.335155,0.729143,2.45905,33.91805,-21.86734,-44.22381
19940.,0.9488705,1.346322,0.7474162,2.469055,33.93585,-21.95571,-44.49819
19950.,0.957897,1.357081,0.7656877,2.478924,33.95342,-22.04411,-44.77365
19960.,0.9669281,1.367434,0.7839563,2.488658,33.97077,-22.13253,-45.05022
19970.,0.9759624,1.377385,0.8022207,2.498256,33.9879,-22.22097,-45.32791
19980.,0.9849987,1.386935,0.8204796,2.507719,34.00481,-22.30944,-45.60671
19990.,0.9940358,1.396088,0.8387319,2.517048,34.0215,-22.39793,-45.88664
20000.,1.003072,1.404845,0.8569763,2.526241,34.03797,-22.48646,-46.16772
20010.,1.012107,1.413211,0.8752116,2.535299,34.05423,-22.57501,-46.44994
20020.,1.021139,1.421187,0.8934366,2.544222,34.07027,-22.6636,-46.73333
20030.,1.030167,1.428776,0.9116502,2.55301,34.08611,-22.75223,-47.01789
20040.,1.039189,1.43598,0.9298512,2.561663,34.10173,-22.84089,-47.30364
20050.,1.048205,1.442802,0.9480385,2.570182,34.11715,-22.9296,-47.59057
20060.,1.057214,1.449245,0.9662108,2.578565,34.13236,-23.01834,-47.87872
20070.,1.066213,1.455311,0.9843672,2.586814,34.14736,-23.10713,-48.16807
20080.,1.075202,1.461003,1.002506,2.594929,34.16217,-23.19597,-48.45866
20090.,1.084181,1.466322,1.020628,2.602909,34.17677,-23.28485,-48.75048
20100.,1.093147,1.471272,1.038729,2.610754,34.19117,-23.37378,-49.04355
20110.,1.1021,1.475855,1.056811,2.618465,34.20537,-23.46276,-49.33788
20120.,1.111039,1.480073,1.074871,2.626042,34.21937,-23.5518,-49.63349
20130.,1.119962,1.483929,1.092908,2.633484,34.23318,-23.64089,-49.93038
20140.,1.128382,1.487229,1.110341,2.640367,33.8591,-23.72994,-50.00546
20150.,1.135863,1.489641,1.126656,2.646281,33.48939,-23.81966,-49.99877
20160.,1.14242,1.491179,1.141869,2.651248,33.124,-23.91003,-49.99285
20170.,1.148068,1.491857,1.155996,2.655282,32.76283,-24.00103,-49.98768
20180.,1.152819,1.491689,1.169055,2.658399,32.40584,-24.09263,-49.98168
20190.,1.156678,1.490693,1.181048,2.660618,32.0529,-24.1843,-49.92339
20200.,1.159657,1.488882,1.191994,2.661958,31.70397,-24.27603,-49.86587
20210.,1.161771,1.48627,1.201907,2.662433,31.35897,-24.36782,-49.80908
20220.,1.163034,1.48287,1.210804,2.662058,31.01783,-24.45965,-49.75303
20230.,1.16346,1.478694,1.218699,2.660846,30.68051,-24.55152,-49.69769
20240.,1.163062,1.473755,1.225607,2.658811,30.34694,-24.64344,-49.64305
20250.,1.161853,1.468065,1.231544,2.655967,30.01705,-24.73539,-49.58911
20260.,1.159845,1.461636,1.236523,2.652326,29.6908,-24.82738,-49.53584
20270.,1.157052,1.45448,1.240559,2.647902,29.36811,-24.91939,-49.48325
20280.,1.153485,1.446609,1.243666,2.642707,29.04895,-25.01143,-49.4313
20290.,1.149158,1.438034,1.245858,2.636754,28.73325,-25.10349,-49.38001
20300.,1.144081,1.428766,1.247147,2.630055,28.42096,-25.19557,-49.32934
20310.,1.138266,1.418816,1.247548,2.622621,28.11203,-25.28766,-49.2793
20320.,1.131725,1.408194,1.247073,2.614465,27.8064,-25.37977,-49.22987
20330.,1.12447,1.396912,1.245736,2.605597,27.50403,-25.47188,-49.18104
20340.,1.11651,1.384979,1.243547,2.59603,27.20486,-25.564,-49.1328
20350.,1.107858,1.372406,1.240521,2.585775,26.90884,-25.65612,-49.08514
20360.,1.098523,1.359203,1.23667,2.574841,26.61594,-25.74825,-49.03806
20370.,1.088517,1.345379,1.232004,2.56324,26.3261,-25.84037,-48.99153
20380.,1.077849,1.330944,1.226536,2.550983,26.03927,-25.93249,-48.94555
20390.,1.066529,1.315908,1.220278,2.538079,25.75541,-26.0246,-48.90012
20400.,1.054568,1.300279,1.21324,2.52454,25.47448,-26.11671,-48.85522
20410.,1.041975,1.284067,1.205434,2.510374,25.19644,-26.2088,-48.81084
20420.,1.02876,1.267281,1.196871,2.495591,24.92123,-26.30088,-48.76697
20430.,1.014932,1.249929,1.187562,2.480201,24.64882,-26.39295,-48.72361
20440.,1.0005,1.23202,1.177517,2.464214,24.37916,-26.485,-48.68075
20450.,0.9854739,1.213563,1.166747,2.447639,24.11222,-26.57704,-48.63838
20460.,0.9698621,1.194566,1.155262,2.430484,23.84796,-26.66905,-48.59649
20470.,0.9536734,1.175036,1.143072,2.412759,23.58634,-26.76105,-48.55507
20480.,0.9369165,1.154983,1.130188,2.394473,23.32732,-26.85302,-48.51411
20490.,0.9195999,1.134414,1.116618,2.375633,23.07085,-26.94497,-48.47361
20500.,0.9017319,1.113336,1.102372,2.35625,22.81692,-27.0369,-48.43356
20510.,0.8833206,1.091758,1.087461,2.33633,22.56547,-27.1288,-48.39395
20520.,0.8643741,1.069687,1.071893,2.315882,22.31647,-27.22067,-48.35478
20530.,0.8449004,1.047129,1.055677,2.294914,22.06989,-27.31252,-48.31603
20540.,0.8249072,1.024093,1.038823,2.273434,21.8257,-27.40434,-48.2777
20550.,0.8044021,1.000586,1.021339,2.25145,21.58386,-27.49612,-48.23978
20560.,0.7833928,0.9766139,1.003234,2.228969,21.34433,-27.58788,-48.20227
20570.,0.7618865,0.9521843,0.9845168,2.205999,21.10708,-27.6796,-48.16516
20580.,0.7398906,0.9273038,0.9651959,2.182548,20.87209,-27.77129,-48.12844
20590.,0.7174122,0.9019791,0.9452795,2.158621,20.63932,-27.86295,-48.0921
20600.,0.6944583,0.8762167,0.9247758,2.134228,20.40874,-27.95457,-48.05614
20610.,0.671036,0.8500231,0.903693,2.109374,20.18032,-28.04616,-48.02056
20620.,0.6471518,0.8234044,0.8820387,2.084067,19.95402,-28.13772,-47.98534
20630.,0.6228126,0.7963671,0.859821,2.058312,19.72983,-28.22924,-47.95049
20640.,0.5980251,0.7689171,0.8370477,2.032118,19.5077,-28.32072,-47.91599
20650.,0.5727956,0.7410605,0.8137262,2.005491,19.28762,-28.41216,-47.88183
20660.,0.5471306,0.7128033,0.7898642,1.978436,19.06955,-28.50357,-47.84802
20670.,0.5210364,0.6841512,0.7654688,1.950961,18.85347,-28.59494,-47.81455
20680.,0.4945191,0.65511,0.7405475,1.923071,18.63935,-28.68628,-47.78141
20690.,0.4675849,0.6256856,0.7151094,1.894778,18.42713,-28.77735,-47.68913
20700.,0.4402398,0.5958837,0.689163,1.866096,18.21677,-28.86802,-47.55639
20710.,0.4124901,0.5657101,0.6627156,1.837034,18.00824,-28.95828,-47.42417
20720.,0.3843419,0.5351707,0.6357743,1.807599,17.80152,-29.04814,-47.29247
20730.,0.3558012,0.5042709,0.6083461,1.777796,17.59658,-29.1376,-47.16127
20740.,0.326874,0.4730163,0.580438,1.74763,17.3934,-29.22667,-47.03056
20750.,0.2975662,0.4414124,0.5520567,1.717109,17.19196,-29.31535,-46.90036
20760.,0.2678835,0.4094644,0.523209,1.686237,16.99223,-29.40364,-46.77063
20770.,0.2378316,0.3771778,0.4939015,1.65502,16.79419,-29.49155,-46.64139
20780.,0.2074161,0.3445577,0.4641407,1.623464,16.59782,-29.57908,-46.51262
20790.,0.1766425,0.3116091,0.433933,1.591574,16.4031,-29.66623,-46.38431
20800.,0.1455162,0.2783372,0.4032847,1.559355,16.21,-29.75301,-46.25646
20810.,0.1140425,0.2447469,0.3722022,1.526812,16.01851,-29.83942,-46.12907
20820.,0.08222673,0.210843,0.3406915,1.493951,15.8286,-29.92547,-46.00212
20830.,0.05007403,0.1766304,0.3087586,1.460776,15.64026,-30.01116,-45.87561
20840.,0.0175895,0.1421138,0.2764096,1.427293,15.45346,-30.09648,-45.74954
20850.,-0.01522183,0.1072979,0.2436504,1.393507,15.26818,-30.18145,-45.62389
20860.,-0.04835503,0.07218716,0.2104866,1.359422,15.0844,-30.26607,-45.49867
20870.,-0.08180523,0.03678621,0.1769241,1.325043,14.90211,-30.35034,-45.37387
20880.,-0.1155676,0.001099461,0.1429684,1.290375,14.72129,-30.43427,-45.24947
20890.,-0.1496375,-0.0348687,0.1086251,1.255422,14.54191,-30.51785,-45.12549
20900.,-0.1840102,-0.07111395,0.07389969,1.220189,14.36396,-30.60109,-45.0019
20910.,-0.2186811,-0.107632,0.03879748,1.184681,14.18743,-30.684,-44.87871
20920.,-0.2536458,-0.1444188,0.00332382,1.148901,14.01228,-30.76658,-44.75591
20930.,-0.2888997,-0.1814701,-0.03251607,1.112855,13.83851,-30.84882,-44.63349
20940.,-0.3244386,-0.2187819,-0.06871703,1.076545,13.6661,-30.93074,-44.51146
20950.,-0.360258,-0.2563501,-0.105274,1.039978,13.49503,-31.01233,-44.3898
20960.,-0.3963537,-0.2941709,-0.1421819,1.003155,13.32529,-31.09361,-44.26851
20970.,-0.4327216,-0.3322403,-0.1794359,0.9660832,13.15685,-31.17457,-44.14758
20980.,-0.4693574,-0.3705546,-0.217031,0.9287647,12.98971,-31.25521,-44.02702
20990.,-0.5062572,-0.4091098,-0.2549625,0.8912039,12.82384,-31.33554,-43.90681
21000.,-0.5434169,-0.4479025,-0.2932257,0.8534047,12.65923,-31.41556,-43.78696
21010.,-0.5808326,-0.4869288,-0.3318158,0.815371,12.49586,-31.49528,-43.66745
21020.,-0.6185004,-0.5261852,-0.3707284,0.7771065,12.33373,-31.57469,-43.54828
21030.,-0.6564164,-0.5656681,-0.4099587,0.7386149,12.1728,-31.6538,-43.42946
21040.,-0.6945768,-0.605374,-0.4495025,0.6998998,12.01308,-31.73262,-43.31096
21050.,-0.732978,-0.6452995,-0.4893552,0.660965,11.85454,-31.81114,-43.1928
21060.,-0.7716163,-0.6854412,-0.5295125,0.621814,11.69718,-31.88937,-43.07496
21070.,-0.810488,-0.7257957,-0.5699702,0.5824502,11.54097,-31.9673,-42.95745
21080.,-0.8495895,-0.7663597,-0.610724,0.5428771,11.3859,-32.04496,-42.84025
21090.,-0.8889175,-0.8071299,-0.6517698,0.503098,11.23195,-32.12233,-42.72337
21100.,-0.9284683,-0.8481033,-0.6931033,0.4631165,11.07913,-32.19941,-42.6068
21110.,-0.9682386,-0.8892765,-0.7347207,0.4229357,10.9274,-32.27622,-42.49053
21120.,-1.008225,-0.9306465,-0.7766179,0.3825588,10.77677,-32.35276,-42.37457
21130.,-1.048424,-0.9722102,-0.818791,0.3419892,10.62721,-32.42902,-42.25891
21140.,-1.088833,-1.013965,-0.861236,0.3012299,10.47871,-32.50501,-42.14354
21150.,-1.129448,-1.055907,-0.9039492,0.2602841,10.33126,-32.58073,-42.02846
21160.,-1.170266,-1.098034,-0.9469267,0.2191548,10.18484,-32.65618,-41.91367
21170.,-1.211284,-1.140342,-0.9901649,0.177845,10.03946,-32.73137,-41.79917
21180.,-1.252499,-1.18283,-1.03366,0.1363578,9.895081,-32.8063,-41.68495
21190.,-1.293907,-1.225494,-1.077405,0.09469689,9.751697,-32.88097,-41.56043
21200.,-1.335504,-1.26833,-1.121377,0.05287109,9.60923,-32.95538,-41.37882
21210.,-1.377285,-1.311335,-1.165572,0.01088808,9.467671,-33.02954,-41.19774
21220.,-1.419248,-1.354507,-1.209988,-0.03124952,9.327009,-33.10344,-41.01717
21230.,-1.461391,-1.397844,-1.254622,-0.07353911,9.187233,-33.17709,-40.83711
21240.,-1.503711,-1.441342,-1.299469,-0.1159781,9.048332,-33.2505,-40.65756
21250.,-1.546205,-1.485,-1.344528,-0.1585641,8.910297,-33.32365,-40.47852
21260.,-1.58887,-1.528814,-1.389795,-0.2012944,8.773117,-33.39656,-40.29997
21270.,-1.631703,-1.572782,-1.435267,-0.2441668,8.636782,-33.46923,-40.12192
21280.,-1.674702,-1.616902,-1.480941,-0.2871786,8.501282,-33.54166,-39.94436
21290.,-1.717865,-1.661172,-1.526814,-0.3303277,8.366608,-33.61386,-39.76728
21300.,-1.761189,-1.705589,-1.572884,-0.3736116,8.23275,-33.68581,-39.59068
21310.,-1.804672,-1.75015,-1.619147,-0.4170281,8.099698,-33.75754,-39.41456
21320.,-1.84831,-1.794854,-1.665601,-0.4605747,7.967444,-33.82903,-39.2389
21330.,-1.892101,-1.839698,-1.712243,-0.5042494,7.835977,-33.90029,-39.06372
21340.,-1.936044,-1.884681,-1.75907,-0.5480499,7.705289,-33.97133,-38.889
21350.,-1.980136,-1.929799,-1.80608,-0.5919739,7.575371,-34.04214,-38.71474
21360.,-2.024374,-1.97505,-1.85327,-0.6360194,7.446214,-34.11273,-38.54093
21370.,-2.068756,-2.020433,-1.900638,-0.6801842,7.317809,-34.1831,-38.36758
21380.,-2.11328,-2.065946,-1.94818,-0.7244663,7.190148,-34.25326,-38.19467
21390.,-2.157943,-2.111586,-1.995894,-0.7688635,7.063221,-34.32319,-38.0222
21400.,-2.202744,-2.157351,-2.043778,-0.8133738,6.937022,-34.39291,-37.85018
21410.,-2.24768,-2.203239,-2.09183,-0.8579953,6.811541,-34.46242,-37.67859
21420.,-2.292749,-2.249248,-2.140046,-0.9027259,6.686771,-34.53172,-37.50743
21430.,-2.337949,-2.295377,-2.188425,-0.9475638,6.562703,-34.60081,-37.3367
21440.,-2.383278,-2.341623,-2.236964,-0.9925069,6.439329,-34.66969,-37.16639
21450.,-2.428734,-2.387985,-2.28566,-1.037553,6.316641,-34.73837,-36.99651
21460.,-2.474314,-2.43446,-2.334512,-1.082701,6.194633,-34.80684,-36.82704
21470.,-2.520017,-2.481046,-2.383517,-1.127949,6.073295,-34.87512,-36.65799
21480.,-2.565841,-2.527743,-2.432673,-1.173295,5.952622,-34.94319,-36.48935
21490.,-2.611784,-2.574547,-2.481978,-1.218736,5.832604,-35.01107,-36.32111
21500.,-2.657843,-2.621458,-2.531429,-1.264272,5.713235,-35.07875,-36.15328
21510.,-2.704017,-2.668473,-2.581025,-1.3099,5.594508,-35.14624,-35.98585
21520.,-2.750305,-2.715591,-2.630763,-1.35562,5.476416,-35.21353,-35.81882
21530.,-2.796704,-2.76281,-2.68064,-1.401428,5.358951,-35.28063,-35.65218
21540.,-2.843212,-2.810128,-2.730656,-1.447324,5.242106,-35.34755,-35.48593
21550.,-2.889827,-2.857544,-2.780808,-1.493306,5.125875,-35.41428,-35.32008
21560.,-2.936549,-2.905056,-2.831094,-1.539372,5.010251,-35.48082,-35.1546
21570.,-2.983375,-2.952662,-2.881511,-1.58552,4.895228,-35.54718,-34.98951
21580.,-3.030302,-3.000361,-2.932059,-1.63175,4.780798,-35.61336,-34.8248
21590.,-3.077331,-3.048151,-2.982735,-1.678058,4.666955,-35.67935,-34.66046
21600.,-3.124458,-3.09603,-3.033537,-1.724445,4.553692,-35.74517,-34.4965
21610.,-3.171683,-3.143998,-3.084463,-1.770909,4.441004,-35.81081,-34.33291
21620.,-3.219003,-3.192052,-3.135511,-1.817447,4.328884,-35.87628,-34.16968
21630.,-3.266418,-3.240191,-3.18668,-1.864058,4.217326,-35.94157,-34.00682
21640.,-3.313924,-3.288414,-3.237968,-1.910742,4.106324,-36.00668,-33.84432
21650.,-3.361522,-3.336718,-3.289372,-1.957496,3.995872,-36.07163,-33.68218
21660.,-3.409209,-3.385104,-3.340892,-2.004319,3.885963,-36.13641,-33.5204
21670.,-3.456983,-3.433568,-3.392525,-2.05121,3.776593,-36.20101,-33.35897
21680.,-3.504844,-3.48211,-3.44427,-2.098168,3.667754,-36.26546,-33.19789
21690.,-3.552789,-3.530729,-3.496125,-2.14519,3.559442,-36.32973,-33.03716
21700.,-3.600821,-3.579425,-3.54806,-2.192276,3.451616,-36.39357,-32.88242
21710.,-3.648938,-3.628196,-3.600062,-2.239426,3.344256,-36.45686,-32.73021
21720.,-3.697139,-3.677042,-3.65213,-2.286637,3.237358,-36.51961,-32.57831
21730.,-3.745422,-3.725961,-3.704262,-2.333909,3.130918,-36.58183,-32.42672
21740.,-3.793786,-3.77495,-3.756457,-2.381239,3.02493,-36.64352,-32.27543
21750.,-3.842228,-3.824009,-3.808713,-2.428625,2.919391,-36.70468,-32.12445
21760.,-3.890746,-3.873135,-3.861029,-2.476068,2.814296,-36.76533,-31.97377
21770.,-3.93934,-3.922328,-3.913402,-2.523564,2.709641,-36.82546,-31.82339
21780.,-3.988006,-3.971585,-3.965832,-2.571112,2.605421,-36.88508,-31.6733
21790.,-4.036745,-4.020905,-4.018317,-2.618711,2.501631,-36.94419,-31.52352
21800.,-4.085554,-4.070286,-4.070855,-2.666359,2.398269,-37.0028,-31.37402
21810.,-4.13443,-4.119727,-4.123446,-2.714055,2.295329,-37.06092,-31.22481
21820.,-4.183374,-4.169227,-4.176087,-2.761797,2.192807,-37.11855,-31.07589
21830.,-4.232383,-4.218783,-4.228777,-2.809584,2.0907,-37.17569,-30.92726
21840.,-4.281456,-4.268395,-4.281516,-2.857415,1.989003,-37.23235,-30.77891
21850.,-4.33059,-4.318061,-4.334301,-2.905287,1.887712,-37.28853,-30.63085
21860.,-4.379786,-4.36778,-4.387131,-2.953201,1.786824,-37.34423,-30.48306
21870.,-4.42904,-4.417549,-4.440005,-3.001153,1.686334,-37.39947,-30.33555
21880.,-4.478352,-4.467369,-4.492922,-3.049144,1.586239,-37.45424,-30.18832
21890.,-4.52772,-4.517236,-4.54588,-3.097171,1.486534,-37.50855,-30.04136
21900.,-4.577143,-4.567151,-4.598878,-3.145234,1.387217,-37.56241,-29.89467
21910.,-4.626619,-4.617112,-4.651914,-3.193331,1.288284,-37.61581,-29.74825
21920.,-4.676147,-4.667117,-4.704988,-3.241461,1.18973,-37.66876,-29.6021
21930.,-4.725726,-4.717165,-4.758099,-3.289622,1.091552,-37.72127,-29.45622
21940.,-4.775353,-4.767255,-4.811244,-3.337813,0.9937476,-37.77333,-29.3106
21950.,-4.825029,-4.817386,-4.864424,-3.386034,0.8963118,-37.82496,-29.16524
21960.,-4.87475,-4.867556,-4.917636,-3.434283,0.7992417,-37.87616,-29.02014
21970.,-4.924517,-4.917764,-4.97088,-3.482558,0.7025337,-37.92692,-28.8753
21980.,-4.974328,-4.968008,-5.024154,-3.530859,0.6061846,-37.97726,-28.73072
21990.,-5.024181,-5.018289,-5.077457,-3.579184,0.510191,-38.02718,-28.58639
22000.,-5.074075,-5.068604,-5.130789,-3.627533,0.4145495,-38.07668,-28.44232
22010.,-5.12401,-5.118953,-5.184147,-3.675903,0.3192569,-38.12577,-28.2985
22020.,-5.173983,-5.169333,-5.237532,-3.724295,0.2243099,-38.17444,-28.15493
22030.,-5.223994,-5.219745,-5.290942,-3.772706,0.1297054,-38.22271,-28.01161
22040.,-5.274041,-5.270186,-5.344375,-3.821137,0.03544012,-38.27057,-27.86853
22050.,-5.324123,-5.320657,-5.397831,-3.869585,-0.05848896,-38.31803,-27.7257
22060.,-5.37424,-5.371155,-5.451309,-3.91805,-0.152085,-38.3651,-27.58311
22070.,-5.424389,-5.421679,-5.504808,-3.966531,-0.2453509,-38.41177,-27.44077
22080.,-5.47457,-5.47223,-5.558327,-4.015026,-0.3382899,-38.45805,-27.29866
22090.,-5.524781,-5.522804,-5.611864,-4.063535,-0.4309048,-38.50394,-27.1568
22100.,-5.575022,-5.573403,-5.665419,-4.112056,-0.5231986,-38.54945,-27.01517
22110.,-5.625291,-5.624023,-5.718991,-4.16059,-0.6151742,-38.59458,-26.87378
22120.,-5.675588,-5.674665,-5.772579,-4.209134,-0.7068345,-38.63933,-26.73262
22130.,-5.72591,-5.725328,-5.826182,-4.257687,-0.7981823,-38.6837,-26.59169
22140.,-5.776258,-5.77601,-5.879799,-4.30625,-0.8892204,-38.72771,-26.451
22150.,-5.82663,-5.82671,-5.933429,-4.35482,-0.9799516,-38.77134,-26.31054
22160.,-5.877025,-5.877428,-5.987072,-4.403397,-1.070379,-38.81461,-26.1703
22170.,-5.927442,-5.928163,-6.040725,-4.45198,-1.160504,-38.85752,-26.03029
22180.,-5.977881,-5.978913,-6.094389,-4.500569,-1.250331,-38.90007,-25.89051
22190.,-6.028339,-6.029678,-6.148063,-4.549161,-1.339862,-38.94226,-25.75096
22200.,-6.078812,-6.080457,-6.20174,-4.597757,-1.429092,-38.98398,-25.60653
22210.,-6.129287,-6.13125,-6.255405,-4.646352,-1.518008,-39.02494,-25.44938
22220.,-6.179765,-6.182055,-6.309056,-4.694944,-1.60661,-39.06514,-25.29251
22230.,-6.230242,-6.232872,-6.362693,-4.743532,-1.694903,-39.10458,-25.13593
22240.,-6.280718,-6.283699,-6.416314,-4.792114,-1.782887,-39.14328,-24.97962
22250.,-6.33073,-6.334292,-6.469556,-4.840422,-1.482084,-39.18104,-25.19187
22260.,-6.379855,-6.384398,-6.522076,-4.888207,-1.184025,-39.21716,-25.55901
22270.,-6.428098,-6.434017,-6.573878,-4.935488,-0.8886906,-39.25164,-25.9275
22280.,-6.475464,-6.483152,-6.624966,-4.982265,-0.5960603,-39.2845,-26.29736
22290.,-6.52196,-6.531805,-6.675343,-5.028542,-0.3061148,-39.31575,-26.6686
22300.,-6.56759,-6.579978,-6.725014,-5.07432,-0.01883439,-39.34541,-27.04123
22310.,-6.61236,-6.627671,-6.773983,-5.119601,0.2658005,-39.37349,-27.41527
22320.,-6.656275,-6.674888,-6.822253,-5.164388,0.5478094,-39.4,-27.79074
22330.,-6.69934,-6.721629,-6.869828,-5.208683,0.8272121,-39.42496,-28.16766
22340.,-6.741561,-6.767897,-6.916713,-5.252488,1.104028,-39.44839,-28.54603
22350.,-6.782942,-6.813694,-6.962911,-5.295805,1.378277,-39.47029,-28.92588
22360.,-6.823489,-6.859022,-7.008426,-5.338636,1.649978,-39.49068,-29.30722
22370.,-6.863208,-6.903882,-7.053262,-5.380984,1.919151,-39.50957,-29.69007
22380.,-6.902103,-6.948276,-7.097423,-5.422851,2.185816,-39.52697,-30.07445
22390.,-6.94018,-6.992207,-7.140914,-5.464239,2.449991,-39.54291,-30.46038
22400.,-6.977444,-7.035677,-7.183736,-5.50515,2.711696,-39.55738,-30.84787
22410.,-7.0139,-7.078687,-7.225896,-5.545586,2.970952,-39.57041,-31.23694
22420.,-7.049553,-7.121239,-7.267396,-5.585551,3.227776,-39.582,-31.62761
22430.,-7.084409,-7.163336,-7.30824,-5.625046,3.482189,-39.59218,-32.0199
22440.,-7.118471,-7.204979,-7.348433,-5.664073,3.734209,-39.60094,-32.41383
22450.,-7.151747,-7.246171,-7.387978,-5.702635,3.983856,-39.60831,-32.80942
22460.,-7.184239,-7.286914,-7.426879,-5.740735,4.231149,-39.6143,-33.20669
22470.,-7.215955,-7.327209,-7.46514,-5.778373,4.476107,-39.61891,-33.60565
22480.,-7.246898,-7.367059,-7.502764,-5.815554,4.71875,-39.62217,-34.00634
22490.,-7.277074,-7.406465,-7.539756,-5.852279,4.959096,-39.62408,-34.40876
22500.,-7.306487,-7.445431,-7.57612,-5.88855,5.197164,-39.62465,-34.81295
22510.,-7.335143,-7.483957,-7.611858,-5.92437,5.432973,-39.6239,-35.21893
22520.,-7.363046,-7.522047,-7.646976,-5.959741,5.666543,-39.62183,-35.6267
22530.,-7.390202,-7.559702,-7.681477,-5.994666,5.897891,-39.61847,-36.03631
22540.,-7.416616,-7.596924,-7.715363,-6.029147,6.127038,-39.61382,-36.44777
22550.,-7.442291,-7.633716,-7.748641,-6.063186,6.354,-39.60789,-36.86111
22560.,-7.467234,-7.670079,-7.781312,-6.096785,6.578798,-39.60069,-37.27634
22570.,-7.491448,-7.706016,-7.813381,-6.129948,6.801449,-39.59224,-37.6935
22580.,-7.51494,-7.741528,-7.844852,-6.162676,7.021972,-39.58255,-38.1126
22590.,-7.537713,-7.776619,-7.875728,-6.194972,7.240385,-39.57162,-38.53368
22600.,-7.559772,-7.811289,-7.906012,-6.226837,7.456708,-39.55948,-38.95676
22610.,-7.581122,-7.845542,-7.93571,-6.258276,7.670957,-39.54612,-39.38187
22620.,-7.601768,-7.879379,-7.964823,-6.289289,7.883152,-39.53156,-39.80902
22630.,-7.621715,-7.912803,-7.993357,-6.319879,8.093311,-39.51582,-40.23826
22640.,-7.640966,-7.945815,-8.021314,-6.350049,8.301451,-39.49889,-40.6696
22650.,-7.659528,-7.978418,-8.048698,-6.3798,8.50759,-39.4808,-41.10308
22660.,-7.677404,-8.010613,-8.075514,-6.409136,8.711747,-39.46155,-41.53872
22670.,-7.694598,-8.042404,-8.101763,-6.438059,8.91394,-39.44116,-41.97656
22680.,-7.711117,-8.073791,-8.127451,-6.46657,9.114185,-39.41963,-42.41662
22690.,-7.726963,-8.104778,-8.15258,-6.494673,9.312501,-39.39697,-42.85893
22700.,-7.742143,-8.135366,-8.177154,-6.522369,9.508905,-39.3732,-43.30353
22710.,-7.75694,-8.16521,-8.200433,-6.549647,9.703392,-39.34767,-43.60283
22720.,-7.771407,-8.194249,-8.22229,-6.576495,9.895977,-39.32027,-43.87587
22730.,-7.785542,-8.222486,-8.242733,-6.602908,10.08668,-39.29102,-44.14959
22740.,-7.799346,-8.249926,-8.261772,-6.628889,10.27552,-39.25994,-44.42399
22750.,-7.812818,-8.276572,-8.279415,-6.654438,10.46251,-39.22704,-44.69908
22760.,-7.825958,-8.302427,-8.295672,-6.679554,10.64769,-39.19234,-44.97488
22770.,-7.838764,-8.327495,-8.310551,-6.70424,10.83105,-39.15585,-45.25137
22780.,-7.851236,-8.35178,-8.324061,-6.728495,11.01263,-39.11759,-45.52858
22790.,-7.863375,-8.375284,-8.336211,-6.75232,11.19245,-39.07757,-45.8065
22800.,-7.875179,-8.398012,-8.34701,-6.775715,11.37051,-39.03581,-46.08514
22810.,-7.886648,-8.419966,-8.356466,-6.798681,11.54685,-38.99232,-46.36451
22820.,-7.897782,-8.441151,-8.364587,-6.821219,11.72148,-38.94712,-46.64461
22830.,-7.90858,-8.461569,-8.371383,-6.84333,11.89441,-38.90023,-46.92545
22840.,-7.919042,-8.481224,-8.376861,-6.865013,12.06567,-38.85165,-47.20704
22850.,-7.929168,-8.500119,-8.38103,-6.886269,12.23527,-38.8014,-47.48938
22860.,-7.938957,-8.518258,-8.383899,-6.9071,12.40324,-38.7495,-47.77248
22870.,-7.948409,-8.535644,-8.385475,-6.927505,12.56959,-38.69596,-48.05635
22880.,-7.957523,-8.55228,-8.385766,-6.947486,12.73434,-38.64079,-48.34099
22890.,-7.9663,-8.56817,-8.384781,-6.967043,12.8975,-38.58401,-48.62641
22900.,-7.974739,-8.583316,-8.382528,-6.986176,13.0591,-38.52564,-48.91261
22910.,-7.98284,-8.597722,-8.379014,-7.004886,13.21915,-38.46568,-49.19961
22920.,-7.990602,-8.611391,-8.374248,-7.023174,13.37767,-38.40415,-49.48741
22930.,-7.998026,-8.624327,-8.368237,-7.04104,13.53468,-38.34106,-49.77602
22940.,-8.00511,-8.636532,-8.36099,-7.058485,13.69019,-38.27644,-50.06543
22950.,-8.011855,-8.64801,-8.352514,-7.07551,13.84422,-38.21028,-50.35567
22960.,-8.018261,-8.658764,-8.342816,-7.092116,13.99679,-38.14261,-50.64674
22970.,-8.024328,-8.668796,-8.331905,-7.108302,14.14791,-38.07344,-50.93865
22980.,-8.030054,-8.67811,-8.319787,-7.124069,14.29761,-38.00277,-51.2314
22990.,-8.03544,-8.686709,-8.30647,-7.139419,14.44589,-37.93063,-51.525
23000.,-8.040486,-8.694597,-8.291963,-7.154351,14.59278,-37.85703,-51.81946
23010.,-8.045192,-8.701775,-8.276272,-7.168866,14.73828,-37.78198,-52.11478
23020.,-8.049557,-8.708247,-8.259404,-7.182966,14.88243,-37.70549,-52.41099
23030.,-8.053581,-8.714016,-8.241366,-7.19665,15.02523,-37.62758,-52.70807
23040.,-8.057265,-8.719085,-8.222167,-7.209919,15.1667,-37.54826,-53.00605
23050.,-8.060607,-8.723457,-8.201813,-7.222773,15.30685,-37.46753,-53.30492
23060.,-8.063608,-8.727134,-8.180312,-7.235214,15.4457,-37.38542,-53.6047
23070.,-8.066268,-8.73012,-8.15767,-7.247242,15.58327,-37.30194,-53.9054
23080.,-8.068586,-8.732417,-8.133894,-7.258857,15.71958,-37.21709,-54.20702
23090.,-8.070563,-8.734029,-8.108992,-7.270061,15.85463,-37.1309,-54.50958
23100.,-8.072197,-8.734957,-8.082969,-7.280852,15.98844,-37.04337,-54.81307
23110.,-8.07349,-8.735206,-8.055835,-7.291233,16.12103,-36.95451,-55.11752
23120.,-8.074441,-8.734777,-8.027594,-7.301204,16.25241,-36.86434,-55.42293
23130.,-8.075049,-8.733673,-7.998253,-7.310765,16.3826,-36.77287,-55.7293
23140.,-8.075315,-8.731897,-7.967821,-7.319917,16.51161,-36.68011,-56.03666
23150.,-8.075239,-8.729452,-7.936302,-7.328661,16.63946,-36.58607,-56.345
23160.,-8.07482,-8.72634,-7.903704,-7.336996,16.76617,-36.49077,-56.65434
23170.,-8.074059,-8.722565,-7.870033,-7.344924,16.89173,-36.39421,-56.96468
23180.,-8.072954,-8.718128,-7.835297,-7.352444,17.01618,-36.29641,-57.27604
23190.,-8.071507,-8.713032,-7.7995,-7.359558,17.13953,-36.19738,-57.58843
23200.,-8.069716,-8.70728,-7.762651,-7.366267,17.26178,-36.09714,-57.90185
23210.,-8.067502,-8.700934,-7.725151,-7.372551,17.38293,-35.99555,-57.94342
23220.,-8.064748,-8.694082,-7.68758,-7.378366,17.50295,-35.89247,-57.59069
23230.,-8.061457,-8.686727,-7.649936,-7.383686,17.62185,-35.7879,-57.23928
23240.,-8.057631,-8.67887,-7.612219,-7.388514,17.73965,-35.68185,-56.88919
23250.,-8.053273,-8.670515,-7.574425,-7.392852,17.85637,-35.57435,-56.5404
23260.,-8.048386,-8.661662,-7.536555,-7.396703,17.972,-35.46541,-56.19291
23270.,-8.042973,-8.652315,-7.498607,-7.400067,18.08658,-35.35505,-55.8467
23280.,-8.037035,-8.642476,-7.460579,-7.402948,18.20011,-35.24327,-55.50175
23290.,-8.030575,-8.632146,-7.422471,-7.405347,18.3126,-35.1301,-55.15807
23300.,-8.023596,-8.621328,-7.38428,-7.407268,18.42406,-35.01555,-54.81563
23310.,-8.0161,-8.610024,-7.346006,-7.408711,18.53452,-34.89963,-54.47443
23320.,-8.00809,-8.598236,-7.307647,-7.409678,18.64397,-34.78236,-54.13446
23330.,-7.999568,-8.585966,-7.269203,-7.410173,18.75244,-34.66375,-53.7957
23340.,-7.990537,-8.573217,-7.230671,-7.410197,18.85994,-34.54382,-53.45814
23350.,-7.980998,-8.559989,-7.192051,-7.409752,18.96647,-34.42258,-53.12178
23360.,-7.970955,-8.546286,-7.153341,-7.408839,19.07206,-34.30005,-52.78661
23370.,-7.960409,-8.532109,-7.11454,-7.407462,19.17671,-34.17624,-52.45261
23380.,-7.949363,-8.51746,-7.075647,-7.405621,19.28043,-34.05116,-52.11977
23390.,-7.937819,-8.502342,-7.036661,-7.403319,19.38324,-33.92483,-51.78809
23400.,-7.92578,-8.486755,-6.99758,-7.400558,19.48514,-33.79726,-51.45755
23410.,-7.913247,-8.470703,-6.958404,-7.39734,19.58616,-33.66847,-51.12815
23420.,-7.900223,-8.454187,-6.919131,-7.393666,19.6863,-33.53847,-50.79988
23430.,-7.886711,-8.437209,-6.879759,-7.389538,19.78557,-33.40727,-50.47272
23440.,-7.872711,-8.41977,-6.840289,-7.384958,19.88398,-33.27489,-50.14667
23450.,-7.858227,-8.401874,-6.800718,-7.379929,19.98155,-33.14134,-49.82172
23460.,-7.843261,-8.38352,-6.761045,-7.374451,20.07828,-33.00663,-49.49786
23470.,-7.827814,-8.364712,-6.72127,-7.368526,20.17419,-32.87078,-49.17508
23480.,-7.81189,-8.345452,-6.681391,-7.362157,20.26929,-32.7338,-48.85337
23490.,-7.795489,-8.32574,-6.641407,-7.355345,20.36359,-32.5957,-48.53272
23500.,-7.778614,-8.305579,-6.601317,-7.348092,20.45709,-32.4565,-48.21313
23510.,-7.761267,-8.284971,-6.56112,-7.340399,20.54982,-32.31621,-47.89459
23520.,-7.74345,-8.263916,-6.520815,-7.332269,20.64178,-32.17484,-47.57709
23530.,-7.725165,-8.242418,-6.4804,-7.323702,20.73298,-32.03241,-47.26061
23540.,-7.706415,-8.220478,-6.439875,-7.3147,20.82343,-31.88892,-46.94516
23550.,-7.6872,-8.198097,-6.399239,-7.305266,20.91314,-31.7444,-46.63072
23560.,-7.667523,-8.175277,-6.35849,-7.2954,21.00212,-31.59885,-46.31728
23570.,-7.647386,-8.15202,-6.317627,-7.285105,21.09038,-31.45228,-46.00485
23580.,-7.626791,-8.128327,-6.27665,-7.274382,21.17794,-31.30471,-45.6934
23590.,-7.605739,-8.104201,-6.235557,-7.263231,21.26479,-31.15615,-45.38294
23600.,-7.584233,-8.079642,-6.194348,-7.251656,21.35096,-31.00661,-45.07345
23610.,-7.562275,-8.054653,-6.15302,-7.239658,21.43645,-30.85611,-44.76493
23620.,-7.539865,-8.029234,-6.111574,-7.227237,21.52127,-30.70465,-44.45736
23630.,-7.517007,-8.003388,-6.070008,-7.214396,21.60542,-30.55226,-44.15075
23640.,-7.493702,-7.977116,-6.028321,-7.201136,21.68893,-30.39893,-43.84509
23650.,-7.469951,-7.95042,-5.986512,-7.187458,21.7718,-30.24468,-43.54036
23660.,-7.445757,-7.923301,-5.944581,-7.173364,21.85403,-30.08953,-43.23657
23670.,-7.42112,-7.89576,-5.902525,-7.158856,21.93564,-29.93349,-42.9337
23680.,-7.396044,-7.8678,-5.860345,-7.143934,22.01663,-29.77656,-42.63174
23690.,-7.370529,-7.839421,-5.818039,-7.128601,22.09702,-29.61876,-42.3307
23700.,-7.344578,-7.810625,-5.775606,-7.112856,22.17682,-29.4601,-42.03056
23710.,-7.318192,-7.781414,-5.733046,-7.096703,22.25602,-29.3006,-41.73131
23720.,-7.291466,-7.751904,-5.690892,-7.08007,22.33475,-29.14139,-40.59617
23730.,-7.264406,-7.722101,-5.649158,-7.062886,22.413,-28.98251,-39.45297
23740.,-7.237015,-7.692007,-5.607839,-7.045154,22.49079,-28.82396,-38.32596
23750.,-7.209296,-7.661625,-5.56693,-7.026878,22.56812,-28.66575,-37.21461
23760.,-7.181251,-7.630956,-5.526429,-7.008062,22.645,-28.50786,-36.11842
23770.,-7.152883,-7.600003,-5.486332,-6.988712,22.72143,-28.3503,-35.0369
23780.,-7.124196,-7.568769,-5.446634,-6.968831,22.79741,-28.19308,-33.96961
23790.,-7.09519,-7.537256,-5.407332,-6.948424,22.87295,-28.03617,-32.91611
23800.,-7.06587,-7.505466,-5.368421,-6.927494,22.94806,-27.8796,-31.87598
23810.,-7.036237,-7.473401,-5.329899,-6.906048,23.02274,-27.72335,-30.84884
23820.,-7.006294,-7.441063,-5.291761,-6.884088,23.09699,-27.56743,-29.83431
23830.,-6.976045,-7.408455,-5.254004,-6.86162,23.17082,-27.41184,-28.83203
23840.,-6.945491,-7.375579,-5.216624,-6.838646,23.24424,-27.25657,-27.84165
23850.,-6.914634,-7.342437,-5.179618,-6.815172,23.31725,-27.10162,-26.86285
23860.,-6.883479,-7.309031,-5.142982,-6.791202,23.38986,-26.94699,-25.89531
23870.,-6.852026,-7.275364,-5.106711,-6.766739,23.46206,-26.79269,-24.93873
23880.,-6.820279,-7.241437,-5.070804,-6.741789,23.53387,-26.63871,-23.99283
23890.,-6.788239,-7.207253,-5.035256,-6.716354,23.60528,-26.48505,-23.05733
23900.,-6.755911,-7.172814,-5.000063,-6.690438,23.67631,-26.33171,-22.13196
23910.,-6.723294,-7.138121,-4.965223,-6.664047,23.74696,-26.1787,-21.21646
23920.,-6.690393,-7.103178,-4.930732,-6.637184,23.81723,-26.026,-20.3106
23930.,-6.65721,-7.067985,-4.896586,-6.609852,23.88712,-25.87361,-19.41414
23940.,-6.623746,-7.032545,-4.862783,-6.582056,23.95664,-25.72155,-18.52684
23950.,-6.590005,-6.99686,-4.829318,-6.553799,24.0258,-25.5698,-17.64849
23960.,-6.555989,-6.960933,-4.796188,-6.525086,24.0946,-25.41837,-16.77889
23970.,-6.521699,-6.924764,-4.763391,-6.49592,24.16305,-25.26725,-15.91783
23980.,-6.487138,-6.888356,-4.730922,-6.466304,24.23114,-25.11645,-15.06511
23990.,-6.452309,-6.851711,-4.698779,-6.436243,24.29888,-24.96596,-14.22055
24000.,-6.417214,-6.814831,-4.666959,-6.405741,24.36628,-24.81578,-13.38396
24010.,-6.381854,-6.777718,-4.635457,-6.3748,24.43334,-24.66592,-12.55517
24020.,-6.346233,-6.740373,-4.604272,-6.343426,24.50006,-24.51637,-11.73401
24030.,-6.310352,-6.702799,-4.573399,-6.31162,24.56645,-24.36712,-10.92032
24040.,-6.274213,-6.664997,-4.542837,-6.279387,24.63251,-24.21819,-10.11394
24050.,-6.23782,-6.62697,-4.512581,-6.246731,24.69825,-24.06956,-9.314709
24060.,-6.201173,-6.588719,-4.482628,-6.213655,24.76366,-23.92124,-8.522489
24070.,-6.164275,-6.550246,-4.452976,-6.180162,24.82877,-23.77323,-7.737134
24080.,-6.127128,-6.511552,-4.423622,-6.146256,24.89355,-23.62553,-6.958505
24090.,-6.089734,-6.47264,-4.394562,-6.111941,24.95803,-23.47813,-6.186469
24100.,-6.052095,-6.433512,-4.365794,-6.077219,25.0222,-23.33103,-5.420894
24110.,-6.014214,-6.394169,-4.337315,-6.042094,25.08608,-23.18424,-4.661656
24120.,-5.976092,-6.354613,-4.309121,-6.006571,25.14965,-23.03775,-3.908631
24130.,-5.937732,-6.314846,-4.28121,-5.970651,25.21293,-22.89156,-3.161702
24140.,-5.899134,-6.274869,-4.253579,-5.934338,25.27591,-22.74567,-2.420753
24150.,-5.860302,-6.234684,-4.226226,-5.897636,25.33861,-22.60008,-1.685673
24160.,-5.821238,-6.194293,-4.199146,-5.860548,25.40103,-22.45479,-0.9563534
24170.,-5.781943,-6.153698,-4.172339,-5.823077,25.46316,-22.3098,-0.2326892
24180.,-5.742418,-6.1129,-4.145799,-5.785226,25.52502,-22.16511,0.4854218
24190.,-5.702668,-6.071901,-4.119526,-5.746998,25.5866,-22.02071,1.198079
24200.,-5.662692,-6.030702,-4.093516,-5.708398,25.64792,-21.87661,1.905379
24210.,-5.622493,-5.989306,-4.067767,-5.669427,25.70896,-21.7328,2.607416
24220.,-5.58215,-5.947776,-4.042238,-5.630083,25.76974,-21.5904,3.34892
24230.,-5.541734,-5.906167,-4.016896,-5.590359,25.83026,-21.45039,4.12318
24240.,-5.501247,-5.864484,-3.991741,-5.550256,25.89052,-21.31273,4.891159
24250.,-5.460694,-5.82273,-3.966774,-5.509779,25.95051,-21.17739,5.652975
24260.,-5.420076,-5.780908,-3.941997,-5.468934,26.01024,-21.04436,6.408742
24270.,-5.379398,-5.739021,-3.91741,-5.427727,26.06971,-20.91361,7.158571
24280.,-5.338662,-5.697073,-3.893013,-5.386165,26.12892,-20.78512,7.902569
24290.,-5.297872,-5.655066,-3.868808,-5.344252,26.18787,-20.65885,8.640842
24300.,-5.257031,-5.613004,-3.844796,-5.301995,26.24656,-20.53479,9.373489
24310.,-5.216142,-5.57089,-3.820976,-5.2594,26.305,-20.41291,10.10061
24320.,-5.175208,-5.528727,-3.79735,-5.216471,26.36317,-20.29319,10.8223
24330.,-5.134232,-5.486518,-3.773918,-5.173215,26.42108,-20.17561,11.53866
24340.,-5.093218,-5.444266,-3.750682,-5.129637,26.47874,-20.06013,12.24977
24350.,-5.052167,-5.401975,-3.727642,-5.085743,26.53614,-19.94675,12.95572
24360.,-5.011083,-5.359647,-3.704798,-5.041539,26.59328,-19.83543,13.6566
24370.,-4.96997,-5.317285,-3.682152,-4.997029,26.65016,-19.72615,14.3525
24380.,-4.928829,-5.274892,-3.659703,-4.952219,26.70679,-19.61889,15.04349
24390.,-4.887665,-5.232471,-3.637454,-4.907115,26.76316,-19.51363,15.72965
24400.,-4.846479,-5.190025,-3.615403,-4.861721,26.81928,-19.41035,16.41107
24410.,-4.805274,-5.147556,-3.593553,-4.816043,26.87514,-19.30902,17.08781
24420.,-4.764054,-5.105069,-3.571904,-4.770087,26.93075,-19.20962,17.75995
24430.,-4.722821,-5.062565,-3.550456,-4.723857,26.98611,-19.11213,18.42756
24440.,-4.681578,-5.020047,-3.529209,-4.677358,27.04121,-19.01653,19.09072
24450.,-4.640328,-4.977517,-3.508166,-4.630596,27.09606,-18.9228,19.74949
24460.,-4.599072,-4.93498,-3.487326,-4.583576,27.15065,-18.83092,20.40394
24470.,-4.557815,-4.892437,-3.466689,-4.536302,27.205,-18.74086,21.05412
24480.,-4.516558,-4.849891,-3.446257,-4.48878,27.25909,-18.6526,21.70012
24490.,-4.475305,-4.807344,-3.42603,-4.441014,27.31293,-18.56614,22.34198
24500.,-4.434057,-4.7648,-3.406008,-4.393009,27.36652,-18.48143,22.97978
24510.,-4.392817,-4.72226,-3.386193,-4.344771,27.41986,-18.39847,23.61356
24520.,-4.351589,-4.679728,-3.366584,-4.296304,27.47295,-18.31724,24.24338
24530.,-4.310374,-4.637206,-3.347183,-4.247612,27.52579,-18.23771,24.86931
24540.,-4.269174,-4.594696,-3.327989,-4.1987,27.57838,-18.15986,25.4914
24550.,-4.227993,-4.552201,-3.309003,-4.149573,27.63073,-18.08368,26.1097
24560.,-4.186833,-4.509724,-3.290227,-4.100236,27.68283,-18.00915,26.72426
24570.,-4.145695,-4.467266,-3.271659,-4.050693,27.73468,-17.93625,27.33514
24580.,-4.104583,-4.42483,-3.253302,-4.000949,27.78628,-17.86496,27.94238
24590.,-4.063499,-4.382419,-3.235154,-3.951007,27.83763,-17.79526,28.54605
24600.,-4.022445,-4.340034,-3.217217,-3.900873,27.88875,-17.72713,29.14617
24610.,-3.981423,-4.297679,-3.199492,-3.850551,27.93961,-17.66056,29.74281
24620.,-3.940436,-4.255355,-3.181978,-3.800045,27.99023,-17.59552,30.33601
24630.,-3.899486,-4.213065,-3.164676,-3.74936,28.04061,-17.53201,30.92581
24640.,-3.858575,-4.17081,-3.147587,-3.698499,28.09074,-17.46999,31.51226
24650.,-3.817705,-4.128594,-3.13071,-3.647468,28.14063,-17.40947,32.0954
24660.,-3.776878,-4.086418,-3.114047,-3.596269,28.19028,-17.3504,32.67528
24670.,-3.736097,-4.044285,-3.097597,-3.544908,28.23968,-17.29279,33.25193
24680.,-3.695364,-4.002196,-3.081362,-3.493388,28.28884,-17.23662,33.8254
24690.,-3.654681,-3.960154,-3.065341,-3.441714,28.33776,-17.18186,34.39573
24700.,-3.614049,-3.91816,-3.049535,-3.389889,28.38645,-17.1285,34.96295
24710.,-3.573471,-3.876218,-3.033944,-3.337918,28.43489,-17.07652,35.52711
24720.,-3.53296,-3.834341,-3.018535,-3.285816,28.4831,-17.02603,36.03334
24730.,-3.492624,-3.79265,-3.002999,-3.233702,28.53117,-16.97806,36.03243
24740.,-3.452464,-3.751148,-2.987341,-3.181685,28.57911,-16.93258,36.03149
24750.,-3.412482,-3.709836,-2.971566,-3.129769,28.62691,-16.88957,36.03054
24760.,-3.372682,-3.668717,-2.955679,-3.077956,28.67457,-16.84898,36.02957
24770.,-3.333065,-3.627793,-2.939684,-3.02625,28.72208,-16.8108,36.02857
24780.,-3.293633,-3.587065,-2.923587,-2.974653,28.76944,-16.77499,36.02756
24790.,-3.254389,-3.546537,-2.907392,-2.923169,28.81666,-16.74153,36.02651
24800.,-3.215335,-3.50621,-2.891104,-2.8718,28.86373,-16.71039,36.02545
24810.,-3.176472,-3.466086,-2.874728,-2.820551,28.91064,-16.68154,36.02435
24820.,-3.137804,-3.426166,-2.858268,-2.769422,28.9574,-16.65495,36.02324
24830.,-3.099331,-3.386454,-2.841729,-2.718418,29.00401,-16.6306,36.02209
24840.,-3.061056,-3.346951,-2.825115,-2.667541,29.05045,-16.60845,36.02091
24850.,-3.022982,-3.307659,-2.808431,-2.616794,29.09674,-16.58849,36.01971
24860.,-2.985109,-3.268579,-2.791681,-2.56618,29.14287,-16.57068,36.01848
24870.,-2.94744,-3.229714,-2.77487,-2.515701,29.18883,-16.55501,36.01721
24880.,-2.909977,-3.191066,-2.758002,-2.465361,29.23462,-16.54144,36.01592
24890.,-2.872721,-3.152635,-2.741081,-2.415161,29.28025,-16.52995,36.01459
24900.,-2.835675,-3.114425,-2.724111,-2.365104,29.32571,-16.52052,36.01323
24910.,-2.79884,-3.076436,-2.707096,-2.315194,29.371,-16.51312,36.01183
24920.,-2.762218,-3.03867,-2.690042,-2.265432,29.41611,-16.50772,36.0104
24930.,-2.725811,-3.001129,-2.672951,-2.215821,29.46106,-16.50431,36.00894
24940.,-2.68962,-2.963815,-2.655827,-2.166364,29.50582,-16.50286,36.00743
24950.,-2.653647,-2.926729,-2.638675,-2.117062,29.55041,-16.50334,36.00589
24960.,-2.617895,-2.889873,-2.621499,-2.067919,29.59483,-16.50574,36.00432
24970.,-2.582363,-2.853248,-2.604302,-2.018937,29.63906,-16.51003,36.0027
24980.,-2.547055,-2.816857,-2.587088,-1.970117,29.68311,-16.51619,36.00104
24990.,-2.511971,-2.780699,-2.569861,-1.921463,29.72698,-16.52419,35.99935
25000.,-2.477114,-2.744777,-2.552625,-1.872977,29.77067,-16.53402,35.99761
25010.,-2.442484,-2.709093,-2.535384,-1.82466,29.81417,-16.54565,35.99583
25020.,-2.408083,-2.673647,-2.51814,-1.776516,29.85748,-16.55907,35.99401
25030.,-2.373913,-2.638442,-2.500898,-1.728545,29.90061,-16.57424,35.99214
25040.,-2.339975,-2.603478,-2.483661,-1.680751,29.94354,-16.59116,35.99023
25050.,-2.30627,-2.568756,-2.466433,-1.633135,29.98629,-16.6098,35.98828
25060.,-2.272801,-2.534279,-2.449217,-1.5857,30.02885,-16.63014,35.98628
25070.,-2.239567,-2.500047,-2.432016,-1.538447,30.07121,-16.65216,35.98424
25080.,-2.206571,-2.466062,-2.414834,-1.491379,30.11338,-16.67584,35.98215
25090.,-2.173815,-2.432325,-2.397675,-1.444497,30.15536,-16.70117,35.98001
25100.,-2.141298,-2.398837,-2.38054,-1.397804,30.19713,-16.72811,35.97783
25110.,-2.109023,-2.365599,-2.363435,-1.351301,30.23872,-16.75667,35.97559
25120.,-2.07699,-2.332613,-2.346362,-1.30499,30.2801,-16.78681,35.97331
25130.,-2.045201,-2.299879,-2.329323,-1.258873,30.32129,-16.81852,35.97097
25140.,-2.013657,-2.267399,-2.312323,-1.212952,30.36227,-16.85178,35.96859
25150.,-1.98236,-2.235174,-2.295365,-1.167228,30.40306,-16.88657,35.96616
25160.,-1.95131,-2.203204,-2.27845,-1.121704,30.44364,-16.92288,35.96367
25170.,-1.920508,-2.171492,-2.261583,-1.076381,30.48403,-16.96069,35.96113
25180.,-1.889956,-2.140038,-2.244766,-1.031261,30.5242,-16.99998,35.95854
25190.,-1.859655,-2.108842,-2.228003,-0.9863454,30.56418,-17.04073,35.9559
25200.,-1.829606,-2.077907,-2.211296,-0.9416358,30.60395,-17.08294,35.9532
25210.,-1.799809,-2.047233,-2.194647,-0.8971339,30.64351,-17.12657,35.95045
25220.,-1.770266,-2.01682,-2.178061,-0.8528413,30.68287,-17.17163,35.94764
25230.,-1.741074,-1.986533,-2.161395,-0.8088977,30.72197,-17.21786,35.27007
25240.,-1.712285,-1.956302,-2.144581,-0.7655126,30.76081,-17.26513,34.23799
25250.,-1.683896,-1.92613,-2.127622,-0.722755,30.79937,-17.31344,33.19522
25260.,-1.655908,-1.896021,-2.110524,-0.6806223,30.83765,-17.36277,32.14152
25270.,-1.62832,-1.865976,-2.093292,-0.6391122,30.87567,-17.41311,31.0766
25280.,-1.601131,-1.835998,-2.075929,-0.5982221,30.91341,-17.46445,30.00019
25290.,-1.574341,-1.806091,-2.05844,-0.5579496,30.95088,-17.51679,28.91201
25300.,-1.547949,-1.776256,-2.040829,-0.5182923,30.98808,-17.57011,27.81175
25310.,-1.521955,-1.746496,-2.023102,-0.4792477,31.025,-17.6244,26.69909
25320.,-1.496358,-1.716814,-2.005261,-0.4408135,31.06166,-17.67966,25.57371
25330.,-1.471158,-1.687212,-1.987313,-0.4029872,31.09804,-17.73587,24.43527
25340.,-1.446354,-1.657693,-1.969259,-0.3657663,31.13415,-17.79303,23.28342
25350.,-1.421945,-1.628258,-1.951106,-0.3291486,31.17,-17.85112,22.11779
25360.,-1.397931,-1.598911,-1.932857,-0.2931316,31.20557,-17.91014,20.93798
25370.,-1.374311,-1.569654,-1.914516,-0.257713,31.24087,-17.97008,19.7436
25380.,-1.351085,-1.540489,-1.896087,-0.2228903,31.2759,-18.03092,18.53422
25390.,-1.328253,-1.511419,-1.877574,-0.1886612,31.31067,-18.09267,17.3094
25400.,-1.305812,-1.482445,-1.858982,-0.1550233,31.34516,-18.15531,16.06868
25410.,-1.283764,-1.45357,-1.840313,-0.1219744,31.37939,-18.21884,14.81157
25420.,-1.262107,-1.424797,-1.821573,-0.08951207,31.41335,-18.28324,13.53756
25430.,-1.240841,-1.396126,-1.802764,-0.05763398,31.44703,-18.34851,12.24613
25440.,-1.219964,-1.367562,-1.783891,-0.02633784,31.48046,-18.41464,10.93671
25450.,-1.199478,-1.339105,-1.764957,0.004378667,31.51361,-18.48162,9.608701
25460.,-1.17938,-1.310758,-1.745965,0.03451783,31.5465,-18.54945,8.261494
25470.,-1.15967,-1.282523,-1.726921,0.06408193,31.57912,-18.61811,6.894431
25480.,-1.140348,-1.254402,-1.707827,0.09307326,31.61148,-18.68761,5.506822
25490.,-1.121413,-1.226396,-1.688686,0.1214941,31.64356,-18.75793,4.097938
25500.,-1.102864,-1.198509,-1.669503,0.1493466,31.67539,-18.82906,2.667009
25510.,-1.084701,-1.170742,-1.650281,0.1766332,31.70695,-18.901,1.213219
25520.,-1.066924,-1.143097,-1.631023,0.2033559,31.73824,-18.97374,-0.2642938
25530.,-1.04953,-1.115576,-1.611733,0.2295171,31.76927,-19.04728,-1.766447
25540.,-1.032521,-1.08818,-1.592414,0.255119,31.80004,-19.12161,-3.294212
25550.,-1.015895,-1.060912,-1.57307,0.2801638,31.83054,-19.19672,-4.848624
25560.,-0.9996512,-1.033774,-1.553703,0.3046536,31.86078,-19.2726,-6.430786
25570.,-0.9837895,-1.006766,-1.534317,0.3285907,31.89075,-19.34925,-8.041873
25580.,-0.9683091,-0.9798923,-1.514916,0.3519772,31.92047,-19.42667,-9.683139
25590.,-0.9532094,-0.9531532,-1.495501,0.3748153,31.94992,-19.50484,-11.35593
25600.,-0.9384896,-0.9265507,-1.476078,0.3971072,31.97911,-19.58376,-13.06169
25610.,-0.9241491,-0.9000865,-1.456648,0.4188549,32.00804,-19.66343,-14.80195
25620.,-0.9101874,-0.8737624,-1.437215,0.4400607,32.03671,-19.74383,-16.57839
25630.,-0.8966037,-0.8475801,-1.417782,0.4607267,32.06512,-19.82497,-18.39281
25640.,-0.8833974,-0.8215412,-1.398352,0.4808549,32.09327,-19.90683,-20.24712
25650.,-0.8705678,-0.7956473,-1.378927,0.5004475,32.12116,-19.98941,-22.14344
25660.,-0.8581143,-0.7699001,-1.359511,0.5195066,32.14879,-20.07271,-24.08405
25670.,-0.8460362,-0.7443011,-1.340107,0.5380342,32.17616,-20.15673,-26.07141
25680.,-0.8343329,-0.7188519,-1.320718,0.5560324,32.20328,-20.24144,-28.10823
25690.,-0.8230036,-0.6935541,-1.301346,0.5735033,32.23013,-20.32686,-30.19747
25700.,-0.8120478,-0.6684092,-1.281994,0.590449,32.25673,-20.41297,-32.34237
25710.,-0.8014648,-0.6434186,-1.262665,0.6068714,32.28308,-20.49977,-34.54651
25720.,-0.7912539,-0.6185839,-1.243362,0.6227726,32.30916,-20.58726,-36.81382
25730.,-0.7813211,-0.5939809,-1.224071,0.6381973,32.33499,-20.67526,-38.6751
25740.,-0.7713439,-0.5698672,-1.204742,0.6533367,32.36053,-20.76323,-38.92704
25750.,-0.7613241,-0.5462396,-1.185376,0.6683389,32.38579,-20.85116,-39.17988
25760.,-0.7512633,-0.5230946,-1.165975,0.6832037,32.41077,-20.93906,-39.43364
25770.,-0.7411632,-0.5004291,-1.14654,0.6979314,32.43547,-21.02693,-39.68832
25780.,-0.7310255,-0.4782396,-1.127073,0.7125217,32.4599,-21.11477,-39.94393
25790.,-0.7208516,-0.4565228,-1.107576,0.7269748,32.48405,-21.20258,-40.20047
25800.,-0.7106433,-0.4352757,-1.08805,0.7412907,32.50794,-21.29038,-40.45797
25810.,-0.7004021,-0.4144949,-1.068498,0.7554693,32.53156,-21.37815,-40.71641
25820.,-0.6901296,-0.3941772,-1.048919,0.7695107,32.55491,-21.46591,-40.97581
25830.,-0.6798274,-0.3743195,-1.029316,0.7834148,32.578,-21.55366,-41.23619
25840.,-0.6694969,-0.3549187,-1.009691,0.7971818,32.60084,-21.64139,-41.49753
25850.,-0.6591398,-0.3359716,-0.9900451,0.8108116,32.62341,-21.72912,-41.75986
25860.,-0.6487574,-0.3174751,-0.9703795,0.8243043,32.64572,-21.81684,-42.02319
25870.,-0.6383514,-0.2994263,-0.9506959,0.8376598,32.66779,-21.90455,-42.28751
25880.,-0.6279232,-0.281822,-0.9309958,0.8508782,32.6896,-21.99227,-42.55284
25890.,-0.6174742,-0.2646593,-0.9112806,0.8639595,32.71116,-22.07998,-42.81919
25900.,-0.6070059,-0.2479352,-0.8915518,0.8769038,32.73247,-22.1677,-43.08656
25910.,-0.5965197,-0.2316467,-0.8718108,0.889711,32.75354,-22.25543,-43.35497
25920.,-0.5860171,-0.2157909,-0.8520589,0.9023812,32.77436,-22.34316,-43.62442
25930.,-0.5754994,-0.200365,-0.8322978,0.9149144,32.79495,-22.43091,-43.89492
25940.,-0.5649681,-0.1853659,-0.8125286,0.9273106,32.81529,-22.51867,-44.16648
25950.,-0.5544245,-0.1707909,-0.7927527,0.93957,32.8354,-22.60644,-44.43911
25960.,-0.54387,-0.1566372,-0.7729716,0.9516924,32.85527,-22.69423,-44.71282
25970.,-0.5333059,-0.1429018,-0.7531866,0.963678,32.8749,-22.78204,-44.98761
25980.,-0.5227335,-0.1295822,-0.7333989,0.9755268,32.89431,-22.86987,-45.26351
25990.,-0.5121543,-0.1166754,-0.71361,0.9872388,32.91348,-22.95773,-45.54051
26000.,-0.5015694,-0.1041788,-0.693821,0.998814,32.93243,-23.04561,-45.81862
26010.,-0.4909802,-0.09208962,-0.6740334,1.010253,32.95115,-23.13352,-46.09787
26020.,-0.4803879,-0.08040522,-0.6542483,1.021555,32.96964,-23.22146,-46.37825
26030.,-0.4697939,-0.06912292,-0.634467,1.03272,32.98791,-23.30944,-46.65978
26040.,-0.4591993,-0.05824008,-0.6146908,1.043749,33.00596,-23.39744,-46.94246
26050.,-0.4486054,-0.04775409,-0.5949209,1.054641,33.0238,-23.48549,-47.22631
26060.,-0.4380135,-0.03766234,-0.5751585,1.065397,33.04141,-23.57357,-47.51134
26070.,-0.4274247,-0.02796228,-0.5554048,1.076016,33.05881,-23.66169,-47.79756
26080.,-0.4168403,-0.01865134,-0.535661,1.086499,33.07599,-23.74985,-48.08498
26090.,-0.4062613,-0.009726992,-0.5159283,1.096846,33.09297,-23.83806,-48.3736
26100.,-0.3956891,-0.001186742,-0.4962079,1.107056,33.10973,-23.92631,-48.66345
26110.,-0.3851248,0.006971898,-0.4765009,1.11713,33.12628,-24.01461,-48.95454
26120.,-0.3745695,0.01475139,-0.4568085,1.127068,33.14262,-24.10296,-49.24686
26130.,-0.3640243,0.02215418,-0.4371317,1.13687,33.15876,-24.19136,-49.54045
26140.,-0.3534904,0.02918268,-0.4174717,1.146536,33.1747,-24.27981,-49.8353
26150.,-0.3429688,0.0358393,-0.3978296,1.156066,33.19043,-24.36832,-50.13143
26160.,-0.3324608,0.0421264,-0.3782066,1.16546,33.20595,-24.45688,-50.42886
26170.,-0.3219673,0.04804635,-0.3586035,1.174718,33.22128,-24.5455,-50.72759
26180.,-0.3114895,0.05360148,-0.3390217,1.183841,33.23641,-24.63418,-51.02763
26190.,-0.301493,0.05852913,-0.3199802,1.192401,32.8636,-24.72289,-51.17747
26200.,-0.2924279,0.06257495,-0.3020483,1.199993,32.49513,-24.81225,-51.1694
26210.,-0.2842798,0.06575278,-0.2852098,1.206645,32.13091,-24.90226,-51.16208
26220.,-0.2770344,0.06807622,-0.2694485,1.21237,31.77089,-24.9929,-51.15551
26230.,-0.2706776,0.06955857,-0.2547488,1.217183,31.41499,-25.08416,-51.14969
26240.,-0.2652052,0.07021679,-0.2411037,1.221104,31.06312,-25.17559,-51.10091
26250.,-0.2606058,0.0700651,-0.2284999,1.224149,30.71522,-25.26709,-51.0411
26260.,-0.2568656,0.06911655,-0.2169219,1.226335,30.3712,-25.35862,-50.98203
26270.,-0.2539709,0.06738389,-0.2063543,1.227675,30.03103,-25.45021,-50.9237
26280.,-0.2519084,0.06487967,-0.1967823,1.228183,29.69462,-25.54183,-50.86608
26290.,-0.250665,0.06161616,-0.1881911,1.227872,29.36193,-25.6335,-50.80916
26300.,-0.2502279,0.05760542,-0.1805662,1.226756,29.03289,-25.72519,-50.75294
26310.,-0.2505845,0.05285927,-0.1738934,1.224848,28.70746,-25.81691,-50.6974
26320.,-0.2517224,0.04738931,-0.1681588,1.222159,28.38556,-25.90866,-50.64252
26330.,-0.2536294,0.04120692,-0.1633486,1.218704,28.06715,-26.00043,-50.5883
26340.,-0.2562937,0.03432326,-0.1594494,1.214493,27.75218,-26.09221,-50.53473
26350.,-0.2597036,0.02674929,-0.1564478,1.209538,27.44059,-26.18401,-50.48179
26360.,-0.2638475,0.01849576,-0.154331,1.203853,27.13232,-26.27583,-50.42947
26370.,-0.2687143,0.009573223,-0.1530861,1.197447,26.82733,-26.36765,-50.37777
26380.,-0.2742928,-7.956861e-06,-0.1527005,1.190333,26.52558,-26.45947,-50.32667
26390.,-0.2805722,-0.01023761,-0.1531619,1.182521,26.227,-26.5513,-50.27616
26400.,-0.2875418,-0.02110576,-0.1544582,1.174022,25.93155,-26.64313,-50.22624
26410.,-0.2951912,-0.03260259,-0.1565772,1.164848,25.63919,-26.73496,-50.17688
26420.,-0.3035099,-0.04471849,-0.1595075,1.155008,25.34987,-26.82678,-50.12809
26430.,-0.312488,-0.057444,-0.1632373,1.144514,25.06354,-26.9186,-50.07985
26440.,-0.3221155,-0.07076984,-0.1677553,1.133374,24.78016,-27.01041,-50.03216
26450.,-0.3323825,-0.0846869,-0.1730504,1.121599,24.49968,-27.1022,-49.985
26460.,-0.3432797,-0.09918621,-0.1791115,1.109199,24.22207,-27.19399,-49.93836
26470.,-0.3547974,-0.114259,-0.1859279,1.096184,23.94728,-27.28576,-49.89225
26480.,-0.3669265,-0.1298966,-0.1934889,1.082562,23.67526,-27.37751,-49.84664
26490.,-0.3796578,-0.1460905,-0.2017841,1.068344,23.40599,-27.46924,-49.80153
26500.,-0.3929825,-0.1628324,-0.2108032,1.053538,23.13941,-27.56096,-49.75691
26510.,-0.4068916,-0.1801141,-0.2205361,1.038153,22.87549,-27.65265,-49.71278
26520.,-0.4213767,-0.1979275,-0.2309727,1.022198,22.61419,-27.74432,-49.66912
26530.,-0.4364291,-0.2162648,-0.2421034,1.005681,22.35548,-27.83597,-49.62593
26540.,-0.4520406,-0.2351181,-0.2539185,0.9886123,22.09931,-27.92759,-49.58319
26550.,-0.4682029,-0.2544798,-0.2664085,0.9709986,21.84566,-28.01918,-49.54091
26560.,-0.484908,-0.2743423,-0.2795641,0.9528486,21.59448,-28.11075,-49.49908
26570.,-0.5021479,-0.2946984,-0.2933761,0.9341703,21.34573,-28.20228,-49.45768
26580.,-0.5199148,-0.3155407,-0.3078353,0.9149717,21.09939,-28.29379,-49.41671
26590.,-0.5382011,-0.336862,-0.3229331,0.8952606,20.85543,-28.38526,-49.37616
26600.,-0.5569992,-0.3586554,-0.3386605,0.8750447,20.61379,-28.47671,-49.33603
26610.,-0.5763017,-0.380914,-0.355009,0.8543314,20.37447,-28.56812,-49.29631
26620.,-0.5961012,-0.403631,-0.37197,0.8331283,20.13741,-28.65949,-49.25699
26630.,-0.6163907,-0.4267996,-0.3895353,0.8114425,19.9026,-28.75084,-49.21806
26640.,-0.6371629,-0.4504134,-0.4076966,0.7892812,19.67,-28.84214,-49.17953
26650.,-0.6584111,-0.4744658,-0.4264457,0.7666515,19.43958,-28.93341,-49.14138
26660.,-0.6801283,-0.4989505,-0.4457748,0.7435603,19.2113,-29.02465,-49.1036
26670.,-0.7023079,-0.5238613,-0.4656759,0.7200145,18.98514,-29.11585,-49.0662
26680.,-0.7249431,-0.5491921,-0.4861414,0.6960206,18.76108,-29.20701,-49.02915
26690.,-0.7480275,-0.5749367,-0.5071636,0.6715854,18.53908,-29.29813,-48.99247
26700.,-0.7715548,-0.6010892,-0.528735,0.6467153,18.31911,-29.38921,-48.95614
26710.,-0.7955186,-0.6276438,-0.5508483,0.6214165,18.10114,-29.48026,-48.92016
26720.,-0.8199127,-0.6545948,-0.5734963,0.5956954,17.88516,-29.57126,-48.88451
26730.,-0.8447309,-0.6819364,-0.5966716,0.5695584,17.67113,-29.66223,-48.84921
26740.,-0.8699673,-0.7096629,-0.6203659,0.5430143,17.45901,-29.75302,-48.77849
26750.,-0.8956158,-0.7377686,-0.6445702,0.5160772,17.24873,-29.8434,-48.64212
26760.,-0.9216704,-0.7662477,-0.6692771,0.4887586,17.04028,-29.93338,-48.50629
26770.,-0.9481249,-0.7950947,-0.6944798,0.4610643,16.83363,-30.02295,-48.37099
26780.,-0.9749734,-0.8243038,-0.7201713,0.4330002,16.62876,-30.11213,-48.23622
26790.,-1.00221,-0.8538697,-0.7463446,0.4045721,16.42565,-30.2009,-48.10195
26800.,-1.029829,-0.883787,-0.7729931,0.3757857,16.22426,-30.28928,-47.9682
26810.,-1.057825,-0.9140503,-0.8001101,0.3466466,16.02458,-30.37728,-47.83494
26820.,-1.086191,-0.9446545,-0.8276891,0.3171603,15.82659,-30.46489,-47.70219
26830.,-1.114923,-0.9755943,-0.8557237,0.2873322,15.63027,-30.55211,-47.56992
26840.,-1.144015,-1.006865,-0.8842073,0.2571676,15.43558,-30.63896,-47.43813
26850.,-1.173462,-1.038461,-0.9131339,0.2266719,15.24252,-30.72544,-47.30681
26860.,-1.203258,-1.070378,-0.9424973,0.1958502,15.05106,-30.81154,-47.17596
26870.,-1.233398,-1.10261,-0.9722913,0.1647076,14.86117,-30.89727,-47.04558
26880.,-1.263878,-1.135154,-1.00251,0.133249,14.67285,-30.98264,-46.91565
26890.,-1.294691,-1.168005,-1.033147,0.1014795,14.48607,-31.06765,-46.78617
26900.,-1.325833,-1.201157,-1.064198,0.06940384,14.30081,-31.1523,-46.65713
26910.,-1.3573,-1.234606,-1.095655,0.03702689,14.11704,-31.23659,-46.52854
26920.,-1.389085,-1.268348,-1.127514,0.00435332,13.93476,-31.32053,-46.40037
26930.,-1.421186,-1.302379,-1.159769,-0.02861222,13.75395,-31.40413,-46.27263
26940.,-1.453596,-1.336694,-1.192415,-0.06186517,13.57457,-31.48738,-46.14531
26950.,-1.486311,-1.371288,-1.225445,-0.09540102,13.39663,-31.57029,-46.01841
26960.,-1.519327,-1.406158,-1.258856,-0.1292154,13.22009,-31.65285,-45.89192
26970.,-1.55264,-1.441299,-1.29264,-0.1633038,13.04495,-31.73509,-45.76583
26980.,-1.586244,-1.476708,-1.326794,-0.1976621,12.87117,-31.81699,-45.64014
26990.,-1.620136,-1.512379,-1.361312,-0.2322859,12.69876,-31.89856,-45.51485
27000.,-1.654311,-1.548311,-1.39619,-0.2671712,12.52768,-31.97981,-45.38994
27010.,-1.688764,-1.584497,-1.431421,-0.3023137,12.35793,-32.06073,-45.26542
27020.,-1.723493,-1.620935,-1.467002,-0.3377096,12.18948,-32.14133,-45.14128
27030.,-1.758492,-1.657621,-1.502927,-0.3733547,12.02233,-32.22162,-45.01752
27040.,-1.793759,-1.69455,-1.539192,-0.4092452,11.85645,-32.30159,-44.89412
27050.,-1.829287,-1.73172,-1.575791,-0.4453772,11.69183,-32.38125,-44.77109
27060.,-1.865075,-1.769127,-1.612721,-0.4817469,11.52845,-32.4606,-44.64843
27070.,-1.901117,-1.806767,-1.649977,-0.5183505,11.3663,-32.53965,-44.52612
27080.,-1.937411,-1.844636,-1.687554,-0.5551844,11.20537,-32.61839,-44.40416
27090.,-1.973952,-1.882731,-1.725448,-0.5922448,11.04563,-32.69683,-44.28255
27100.,-2.010737,-1.921049,-1.763654,-0.6295283,10.88708,-32.77498,-44.16128
27110.,-2.047761,-1.959586,-1.802168,-0.6670313,10.7297,-32.85283,-44.04035
27120.,-2.085022,-1.998339,-1.840986,-0.7047502,10.57348,-32.93039,-43.91976
27130.,-2.122516,-2.037305,-1.880104,-0.7426818,10.4184,-33.00766,-43.7995
27140.,-2.160239,-2.07648,-1.919517,-0.7808225,10.26444,-33.08464,-43.67956
27150.,-2.198188,-2.115861,-1.959222,-0.8191691,10.11161,-33.16134,-43.55995
27160.,-2.23636,-2.155445,-1.999214,-0.8577182,9.959871,-33.23776,-43.44066
27170.,-2.274751,-2.195229,-2.03949,-0.8964667,9.809224,-33.3139,-43.32169
27180.,-2.313358,-2.23521,-2.080045,-0.9354114,9.659654,-33.38976,-43.20303
27190.,-2.352177,-2.275385,-2.120876,-0.974549,9.511146,-33.46535,-43.08467
27200.,-2.391206,-2.315751,-2.161978,-1.013877,9.363689,-33.54067,-42.96663
27210.,-2.430441,-2.356305,-2.203349,-1.053391,9.217271,-33.61572,-42.84888
27220.,-2.469879,-2.397044,-2.244984,-1.093089,9.071878,-33.69051,-42.73143
27230.,-2.509517,-2.437965,-2.28688,-1.132969,8.9275,-33.76503,-42.61427
27240.,-2.549353,-2.479066,-2.329033,-1.173026,8.784124,-33.83929,-42.49741
27250.,-2.589379,-2.520342,-2.371418,-1.213253,8.641673,-33.91329,-42.31796
27260.,-2.629594,-2.561791,-2.414031,-1.253641,8.500132,-33.98703,-42.13313
27270.,-2.669994,-2.60341,-2.456868,-1.294187,8.359488,-34.06052,-41.94885
27280.,-2.710577,-2.645197,-2.499926,-1.334888,8.219732,-34.13375,-41.76509
27290.,-2.75134,-2.687148,-2.543202,-1.375742,8.080853,-34.20673,-41.58187
27300.,-2.79228,-2.729262,-2.586693,-1.416747,7.942841,-34.27946,-41.39917
27310.,-2.833394,-2.771536,-2.630396,-1.457899,7.805686,-34.35194,-41.217
27320.,-2.874681,-2.813968,-2.674308,-1.499197,7.669378,-34.42418,-41.03533
27330.,-2.916137,-2.856555,-2.718426,-1.540638,7.533906,-34.49618,-40.85418
27340.,-2.957759,-2.899294,-2.762746,-1.582219,7.399262,-34.56794,-40.67354
27350.,-2.999546,-2.942184,-2.807267,-1.623939,7.265436,-34.63946,-40.49339
27360.,-3.041494,-2.985222,-2.851985,-1.665795,7.132418,-34.71074,-40.31374
27370.,-3.083601,-3.028406,-2.896898,-1.707784,7.000199,-34.78179,-40.13459
27380.,-3.125866,-3.071734,-2.942003,-1.749905,6.86877,-34.85261,-39.95592
27390.,-3.168284,-3.115202,-2.987297,-1.792155,6.738122,-34.92321,-39.77774
27400.,-3.210855,-3.15881,-3.032777,-1.834532,6.608246,-34.99357,-39.60003
27410.,-3.253576,-3.202555,-3.078441,-1.877034,6.479133,-35.06371,-39.4228
27420.,-3.296444,-3.246435,-3.124286,-1.919659,6.350774,-35.13363,-39.24605
27430.,-3.339457,-3.290447,-3.17031,-1.962404,6.223161,-35.20332,-39.06975
27440.,-3.382613,-3.33459,-3.21651,-2.005268,6.096285,-35.2728,-38.89392
27450.,-3.42591,-3.378862,-3.262884,-2.048249,5.970139,-35.34206,-38.71855
27460.,-3.469345,-3.42326,-3.309429,-2.091344,5.844713,-35.41111,-38.54364
27470.,-3.512917,-3.467783,-3.356142,-2.134552,5.72,-35.47994,-38.36918
27480.,-3.556623,-3.512428,-3.403022,-2.177871,5.595992,-35.54857,-38.19516
27490.,-3.600461,-3.557194,-3.450065,-2.221298,5.47268,-35.61698,-38.02159
27500.,-3.644429,-3.602079,-3.49727,-2.264832,5.350057,-35.68519,-37.84845
27510.,-3.688525,-3.647081,-3.544635,-2.308471,5.228116,-35.75319,-37.67575
27520.,-3.732748,-3.692198,-3.592156,-2.352213,5.106848,-35.82099,-37.50349
27530.,-3.777094,-3.737428,-3.639832,-2.396057,4.986246,-35.88858,-37.33165
27540.,-3.821563,-3.782769,-3.687661,-2.44,4.866304,-35.95598,-37.16024
27550.,-3.866152,-3.82822,-3.73564,-2.48404,4.747012,-36.02318,-36.98925
27560.,-3.910859,-3.873778,-3.783767,-2.528177,4.628365,-36.09019,-36.81868
27570.,-3.955683,-3.919443,-3.83204,-2.572408,4.510355,-36.157,-36.64853
27580.,-4.000621,-3.965212,-3.880457,-2.616732,4.392975,-36.22361,-36.47878
27590.,-4.045672,-4.011084,-3.929016,-2.661146,4.276218,-36.29004,-36.30945
27600.,-4.090834,-4.057057,-3.977714,-2.70565,4.160078,-36.35628,-36.14052
27610.,-4.136105,-4.103129,-4.026551,-2.750241,4.044547,-36.42233,-35.97199
27620.,-4.181484,-4.149298,-4.075523,-2.794918,3.929619,-36.48819,-35.80386
27630.,-4.226968,-4.195564,-4.124629,-2.83968,3.815288,-36.55387,-35.63613
27640.,-4.272556,-4.241924,-4.173867,-2.884525,3.701546,-36.61937,-35.46879
27650.,-4.318246,-4.288377,-4.223235,-2.92945,3.588388,-36.68469,-35.30184
27660.,-4.364037,-4.334922,-4.27273,-2.974456,3.475807,-36.74982,-35.13528
27670.,-4.409927,-4.381556,-4.322352,-3.01954,3.363796,-36.81478,-34.9691
27680.,-4.455915,-4.428279,-4.372099,-3.064701,3.252351,-36.87957,-34.8033
27690.,-4.501998,-4.475088,-4.421967,-3.109937,3.141464,-36.94418,-34.63788
27700.,-4.548175,-4.521983,-4.471957,-3.155247,3.031129,-37.00861,-34.47284
27710.,-4.594445,-4.568962,-4.522065,-3.20063,2.921342,-37.07288,-34.30816
27720.,-4.640805,-4.616023,-4.57229,-3.246083,2.812095,-37.13697,-34.14386
27730.,-4.687256,-4.663165,-4.622631,-3.291607,2.703383,-37.2009,-33.97992
27740.,-4.733794,-4.710387,-4.673086,-3.337198,2.5952,-37.26465,-33.81635
27750.,-4.780421,-4.757689,-4.723634,-3.382857,2.487518,-37.32806,-33.65693
27760.,-4.827137,-4.80507,-4.774253,-3.428583,2.380305,-37.39093,-33.50198
27770.,-4.87394,-4.852529,-4.824942,-3.474373,2.273556,-37.45325,-33.34736
27780.,-4.920829,-4.900063,-4.875698,-3.520228,2.167268,-37.51503,-33.19306
27790.,-4.967801,-4.947672,-4.926521,-3.566144,2.061436,-37.57628,-33.03909
27800.,-5.014855,-4.995354,-4.977408,-3.61212,1.956054,-37.637,-32.88543
27810.,-5.061989,-5.043106,-5.028359,-3.658155,1.851119,-37.69721,-32.73209
27820.,-5.109202,-5.090928,-5.079371,-3.704247,1.746626,-37.75689,-32.57906
27830.,-5.156491,-5.138818,-5.130444,-3.750395,1.642571,-37.81606,-32.42634
27840.,-5.203856,-5.186774,-5.181575,-3.796597,1.538949,-37.87473,-32.27393
27850.,-5.251294,-5.234795,-5.232764,-3.842852,1.435757,-37.93289,-32.12182
27860.,-5.298803,-5.282879,-5.284008,-3.889158,1.33299,-37.99055,-31.97002
27870.,-5.346383,-5.331025,-5.335306,-3.935513,1.230644,-38.04772,-31.81852
27880.,-5.394031,-5.379231,-5.386658,-3.981917,1.128715,-38.1044,-31.66732
27890.,-5.441747,-5.427496,-5.438061,-4.028368,1.027199,-38.16059,-31.51641
27900.,-5.489528,-5.475818,-5.489514,-4.074864,0.9260919,-38.2163,-31.36581
27910.,-5.537372,-5.524196,-5.541016,-4.121404,0.8253897,-38.27154,-31.21549
27920.,-5.58528,-5.572629,-5.592565,-4.167986,0.7250886,-38.3263,-31.06546
27930.,-5.633248,-5.621114,-5.64416,-4.214611,0.6251848,-38.38059,-30.91573
27940.,-5.681276,-5.669652,-5.695801,-4.261275,0.5256744,-38.43442,-30.76628
27950.,-5.729361,-5.718239,-5.747485,-4.307978,0.4265537,-38.4878,-30.61711
27960.,-5.777504,-5.766876,-5.799211,-4.354718,0.3278191,-38.54071,-30.46823
27970.,-5.825701,-5.81556,-5.850978,-4.401494,0.2294668,-38.59318,-30.31962
27980.,-5.873953,-5.864291,-5.902785,-4.448305,0.1314933,-38.64519,-30.1713
27990.,-5.922257,-5.913067,-5.954631,-4.49515,0.0338949,-38.69676,-30.02325
28000.,-5.970611,-5.961887,-6.006514,-4.542027,-0.06333182,-38.7479,-29.87547
28010.,-6.019016,-6.010749,-6.058434,-4.588936,-0.1601904,-38.79859,-29.72797
28020.,-6.067469,-6.059653,-6.110388,-4.635874,-0.2566842,-38.84886,-29.58074
28030.,-6.115969,-6.108597,-6.162376,-4.682842,-0.3528168,-38.89869,-29.43378
28040.,-6.164515,-6.157579,-6.214397,-4.729837,-0.4485914,-38.9481,-29.28708
28050.,-6.213106,-6.2066,-6.26645,-4.776858,-0.5440113,-38.99709,-29.14065
28060.,-6.26174,-6.255657,-6.318533,-4.823905,-0.63908,-39.04566,-28.99449
28070.,-6.310416,-6.304749,-6.370645,-4.870976,-0.7338005,-39.09382,-28.84858
28080.,-6.359132,-6.353876,-6.422786,-4.91807,-0.8281762,-39.14157,-28.70294
28090.,-6.407889,-6.403036,-6.474954,-4.965187,-0.9222101,-39.18891,-28.55755
28100.,-6.456683,-6.452228,-6.527149,-5.012324,-1.015905,-39.23584,-28.41242
28110.,-6.505515,-6.50145,-6.579368,-5.059481,-1.109265,-39.28238,-28.26755
28120.,-6.554383,-6.550703,-6.631612,-5.106657,-1.202293,-39.32852,-28.12292
28130.,-6.603286,-6.599984,-6.683879,-5.153851,-1.294991,-39.37427,-27.97856
28140.,-6.652223,-6.649293,-6.736168,-5.201062,-1.387362,-39.41962,-27.83444
28150.,-6.701192,-6.698629,-6.788478,-5.248288,-1.479411,-39.46459,-27.69056
28160.,-6.750193,-6.74799,-6.840809,-5.29553,-1.571138,-39.50918,-27.54694
28170.,-6.799225,-6.797376,-6.893158,-5.342785,-1.662548,-39.55338,-27.40356
28180.,-6.848286,-6.846785,-6.945526,-5.390053,-1.753643,-39.59721,-27.26043
28190.,-6.897375,-6.896217,-6.997911,-5.437333,-1.844427,-39.64066,-27.11753
28200.,-6.946491,-6.94567,-7.050313,-5.484624,-1.9349,-39.68375,-26.97488
28210.,-6.995634,-6.995144,-7.10273,-5.531925,-2.025068,-39.72646,-26.83247
28220.,-7.044802,-7.044638,-7.155162,-5.579236,-2.114932,-39.76881,-26.69029
28230.,-7.093994,-7.09415,-7.207607,-5.626554,-2.204494,-39.8108,-26.54835
28240.,-7.143209,-7.14368,-7.260066,-5.67388,-2.293759,-39.85242,-26.40665
28250.,-7.192446,-7.193227,-7.312535,-5.721212,-2.382726,-39.89368,-26.26444
28260.,-7.241689,-7.242792,-7.364996,-5.768547,-2.471377,-39.93417,-26.10502
28270.,-7.290936,-7.292372,-7.417446,-5.815883,-2.559712,-39.97389,-25.94589
28280.,-7.340187,-7.341967,-7.469886,-5.863218,-2.647736,-40.01285,-25.78705
28290.,-7.38944,-7.391574,-7.522313,-5.91055,-2.735448,-40.05107,-25.6285
28300.,-7.438306,-7.440934,-7.574394,-5.957601,-2.434368,-40.08843,-25.71422
28310.,-7.486293,-7.489816,-7.625763,-6.004125,-2.135998,-40.12415,-26.08269
28320.,-7.533408,-7.538221,-7.676423,-6.050155,-1.840318,-40.15823,-26.45253
28330.,-7.579655,-7.586152,-7.726377,-6.095691,-1.54731,-40.19069,-26.82376
28340.,-7.625039,-7.633609,-7.77563,-6.140736,-1.256954,-40.22155,-27.1964
28350.,-7.669566,-7.680595,-7.824186,-6.185291,-0.969231,-40.25081,-27.57045
28360.,-7.71324,-7.727111,-7.872047,-6.22936,-0.6841224,-40.27849,-27.94594
28370.,-7.756068,-7.773159,-7.919219,-6.272943,-0.401609,-40.30461,-28.32288
28380.,-7.798053,-7.81874,-7.965705,-6.316043,-0.1216718,-40.32918,-28.70129
28390.,-7.839202,-7.863857,-8.011508,-6.358662,0.1557083,-40.35221,-29.08118
28400.,-7.879519,-7.908511,-8.056632,-6.400802,0.4305503,-40.37372,-29.46258
28410.,-7.919009,-7.952705,-8.101082,-6.442465,0.7028731,-40.39371,-29.84549
28420.,-7.957678,-7.996439,-8.14486,-6.483653,0.9726958,-40.41221,-30.22994
28430.,-7.995531,-8.039716,-8.187971,-6.524369,1.240037,-40.42922,-30.61595
28440.,-8.032572,-8.082537,-8.230419,-6.564614,1.504916,-40.44476,-31.00352
28450.,-8.068807,-8.124905,-8.272207,-6.60439,1.767352,-40.45884,-31.39269
28460.,-8.104241,-8.166821,-8.313339,-6.643701,2.027363,-40.47147,-31.78347
28470.,-8.138878,-8.208288,-8.353819,-6.682547,2.284969,-40.48267,-32.17587
28480.,-8.172725,-8.249307,-8.39365,-6.720932,2.540187,-40.49245,-32.56992
28490.,-8.205785,-8.289879,-8.432837,-6.758856,2.793038,-40.50081,-32.96564
28500.,-8.238064,-8.330008,-8.471383,-6.796324,3.043539,-40.50778,-33.36305
28510.,-8.269566,-8.369695,-8.509292,-6.833336,3.291709,-40.51336,-33.76217
28520.,-8.300297,-8.408942,-8.546567,-6.869895,3.537567,-40.51758,-34.16301
28530.,-8.330261,-8.447751,-8.583212,-6.906003,3.781132,-40.52043,-34.5656
28540.,-8.359464,-8.486124,-8.619232,-6.941663,4.022422,-40.52193,-34.96997
28550.,-8.38791,-8.524063,-8.654629,-6.976876,4.261455,-40.52209,-35.37612
28560.,-8.415605,-8.56157,-8.689408,-7.011646,4.49825,-40.52093,-35.7841
28570.,-8.442552,-8.598647,-8.723571,-7.045973,4.732826,-40.51845,-36.19391
28580.,-8.468756,-8.635295,-8.757124,-7.079861,4.9652,-40.51467,-36.60558
28590.,-8.494224,-8.671518,-8.790069,-7.113312,5.195392,-40.5096,-37.01914
28600.,-8.518958,-8.707317,-8.82241,-7.146328,5.423419,-40.50325,-37.4346
28610.,-8.542965,-8.742693,-8.854151,-7.178911,5.649299,-40.49563,-37.852
28620.,-8.566249,-8.77765,-8.885295,-7.211064,5.873051,-40.48676,-38.27136
28630.,-8.588814,-8.812189,-8.915846,-7.242788,6.094692,-40.47663,-38.6927
28640.,-8.610665,-8.846312,-8.945808,-7.274086,6.314241,-40.46528,-39.11604
28650.,-8.631807,-8.880021,-8.975184,-7.304961,6.531716,-40.45269,-39.54143
28660.,-8.652244,-8.913319,-9.003978,-7.335414,6.747134,-40.4389,-39.96888
28670.,-8.671981,-8.946207,-9.032193,-7.365448,6.960513,-40.4239,-40.39841
28680.,-8.691023,-8.978687,-9.059833,-7.395066,7.171872,-40.40771,-40.83006
28690.,-8.709375,-9.010761,-9.086902,-7.424268,7.381226,-40.39034,-41.26386
28700.,-8.72704,-9.042432,-9.113403,-7.453059,7.588595,-40.3718,-41.69984
28710.,-8.744023,-9.073701,-9.139339,-7.481439,7.793996,-40.3521,-42.13802
28720.,-8.76033,-9.104571,-9.164714,-7.509411,7.997446,-40.33124,-42.57843
28730.,-8.775963,-9.135043,-9.189532,-7.536978,8.198962,-40.30925,-43.02111
28740.,-8.790929,-9.16512,-9.213795,-7.564142,8.398562,-40.28613,-43.46608
28750.,-8.80523,-9.194803,-9.237509,-7.590904,8.596263,-40.26189,-43.91338
28760.,-8.819073,-9.223846,-9.260144,-7.617258,8.792066,-40.23607,-44.25671
28770.,-8.83259,-9.25209,-9.281359,-7.64319,8.985977,-40.20838,-44.53127
28780.,-8.84578,-9.279537,-9.301163,-7.668694,9.178017,-40.17884,-44.80652
28790.,-8.858644,-9.30619,-9.319565,-7.69377,9.368205,-40.14746,-45.08248
28800.,-8.87118,-9.332054,-9.336573,-7.71842,9.556559,-40.11425,-45.35915
28810.,-8.883388,-9.357132,-9.352198,-7.742643,9.743099,-40.07923,-45.63654
28820.,-8.895267,-9.381427,-9.366447,-7.76644,9.927844,-40.04242,-45.91465
28830.,-8.906817,-9.404943,-9.379329,-7.789812,10.11081,-40.00383,-46.19349
28840.,-8.918037,-9.427683,-9.390853,-7.812759,10.29202,-39.96348,-46.47307
28850.,-8.928927,-9.44965,-9.401027,-7.835282,10.47149,-39.92138,-46.75338
28860.,-8.939486,-9.470848,-9.409859,-7.857381,10.64924,-39.87755,-47.03445
28870.,-8.949715,-9.49128,-9.417359,-7.879057,10.82529,-39.832,-47.31627
28880.,-8.959612,-9.510949,-9.423535,-7.900309,10.99965,-39.78474,-47.59885
28890.,-8.969177,-9.529859,-9.428394,-7.92114,11.17234,-39.7358,-47.88219
28900.,-8.978409,-9.548012,-9.431945,-7.941549,11.34339,-39.68518,-48.16632
28910.,-8.98731,-9.565413,-9.434196,-7.961537,11.5128,-39.6329,-48.45122
28920.,-8.995877,-9.582065,-9.435156,-7.981104,11.68061,-39.57897,-48.7369
28930.,-9.00411,-9.59797,-9.434831,-8.000251,11.84681,-39.52341,-49.02339
28940.,-9.01201,-9.613132,-9.433232,-8.018978,12.01144,-39.46623,-49.31067
28950.,-9.019577,-9.627554,-9.430364,-8.037287,12.17451,-39.40745,-49.59876
28960.,-9.026808,-9.641239,-9.426237,-8.055178,12.33604,-39.34707,-49.88767
28970.,-9.033705,-9.65419,-9.420857,-8.07265,12.49604,-39.28512,-50.1774
28980.,-9.040268,-9.666411,-9.414233,-8.089706,12.65453,-39.22161,-50.46796
28990.,-9.046495,-9.677904,-9.406373,-8.106344,12.81153,-39.15654,-50.75935
29000.,-9.052386,-9.688673,-9.397284,-8.122567,12.96705,-39.08994,-51.0516
29010.,-9.057942,-9.69872,-9.386973,-8.138374,13.12111,-39.02182,-51.34469
29020.,-9.063162,-9.708049,-9.375448,-8.153766,13.27374,-38.95218,-51.63864
29030.,-9.068046,-9.716663,-9.362717,-8.168744,13.42493,-38.88105,-51.93346
29040.,-9.072593,-9.724564,-9.348787,-8.183308,13.57472,-38.80844,-52.22916
29050.,-9.076804,-9.731756,-9.333665,-8.197459,13.72312,-38.73435,-52.52574
29060.,-9.080678,-9.738241,-9.317359,-8.211197,13.87014,-38.65881,-52.82321
29070.,-9.084215,-9.744023,-9.299876,-8.224522,14.01579,-38.58182,-53.12158
29080.,-9.087414,-9.749104,-9.281223,-8.237437,14.16011,-38.5034,-53.42086
29090.,-9.090276,-9.753487,-9.261408,-8.24994,14.30309,-38.42356,-53.72106
29100.,-9.092801,-9.757176,-9.240436,-8.262032,14.44476,-38.34231,-54.02218
29110.,-9.094987,-9.760172,-9.218317,-8.273715,14.58513,-38.25967,-54.32424
29120.,-9.096836,-9.762479,-9.195055,-8.284989,14.72422,-38.17564,-54.62723
29130.,-9.098346,-9.7641,-9.170659,-8.295853,14.86204,-38.09025,-54.93118
29140.,-9.099518,-9.765036,-9.145135,-8.306309,14.99861,-38.0035,-55.23609
29150.,-9.100352,-9.765292,-9.118491,-8.316357,15.13395,-37.9154,-55.54197
29160.,-9.100846,-9.76487,-9.090732,-8.325998,15.26806,-37.82597,-55.84883
29170.,-9.101002,-9.763772,-9.061866,-8.335233,15.40096,-37.73522,-56.15667
29180.,-9.100819,-9.762001,-9.031899,-8.344061,15.53267,-37.64315,-56.46551
29190.,-9.100296,-9.75956,-9.000839,-8.352483,15.66321,-37.5498,-56.77536
29200.,-9.099434,-9.756452,-8.96869,-8.3605,15.79258,-37.45515,-57.08623
29210.,-9.098233,-9.752679,-8.935462,-8.368112,15.9208,-37.35923,-57.39812
29220.,-9.096692,-9.748243,-8.901158,-8.37532,16.04789,-37.26205,-57.71105
29230.,-9.094811,-9.743147,-8.865787,-8.382125,16.17385,-37.16362,-58.02502
29240.,-9.092591,-9.737395,-8.829355,-8.388526,16.29871,-37.06395,-58.34005
29250.,-9.09003,-9.730988,-8.791867,-8.394524,16.42248,-36.96305,-58.65615
29260.,-9.087096,-9.723953,-8.753493,-8.400112,16.54516,-36.86088,-58.86044
29270.,-9.083624,-9.716413,-8.715047,-8.405245,16.6667,-36.7572,-58.50257
29280.,-9.079618,-9.708372,-8.676529,-8.409886,16.78713,-36.65203,-58.14609
29290.,-9.075079,-9.699831,-8.637937,-8.414038,16.90646,-36.54537,-57.79098
29300.,-9.07001,-9.690792,-8.599269,-8.417702,17.02469,-36.43725,-57.43723
29310.,-9.064414,-9.681257,-8.560525,-8.42088,17.14185,-36.32768,-57.08484
29320.,-9.058293,-9.671229,-8.521702,-8.423575,17.25794,-36.21667,-56.73378
29330.,-9.051649,-9.66071,-8.4828,-8.425789,17.37298,-36.10424,-56.38404
29340.,-9.044486,-9.649702,-8.443818,-8.427524,17.48698,-35.9904,-56.03562
29350.,-9.036805,-9.638207,-8.404753,-8.428782,17.59996,-35.87518,-55.6885
29360.,-9.02861,-9.626227,-8.365605,-8.429564,17.71192,-35.75858,-55.34266
29370.,-9.019901,-9.613764,-8.326373,-8.429874,17.82288,-35.64061,-54.99811
29380.,-9.010683,-9.60082,-8.287055,-8.429713,17.93285,-35.5213,-54.65481
29390.,-9.000956,-9.587398,-8.247649,-8.429083,18.04184,-35.40066,-54.31278
29400.,-8.990724,-9.573499,-8.208156,-8.427986,18.14987,-35.2787,-53.97199
29410.,-8.979989,-9.559124,-8.168573,-8.426423,18.25694,-35.15543,-53.63243
29420.,-8.968753,-9.544277,-8.1289,-8.424398,18.36308,-35.03088,-53.29409
29430.,-8.957018,-9.528959,-8.089134,-8.421911,18.46828,-34.90505,-52.95696
29440.,-8.944786,-9.513173,-8.049276,-8.418965,18.57257,-34.77796,-52.62104
29450.,-8.932061,-9.496919,-8.009323,-8.415561,18.67595,-34.64962,-52.2863
29460.,-8.918843,-9.4802,-7.969275,-8.411702,18.77844,-34.52004,-51.95275
29470.,-8.905136,-9.463017,-7.92913,-8.407389,18.88004,-34.38925,-51.62036
29480.,-8.890941,-9.445374,-7.888888,-8.402624,18.98077,-34.25725,-51.28914
29490.,-8.87626,-9.427271,-7.848547,-8.397409,19.08064,-34.12405,-50.95906
29500.,-8.861096,-9.40871,-7.808105,-8.391745,19.17967,-33.98968,-50.63013
29510.,-8.845451,-9.389693,-7.767563,-8.385635,19.27785,-33.85414,-50.30233
29520.,-8.829327,-9.370223,-7.726918,-8.379079,19.37521,-33.71744,-49.97565
29530.,-8.812725,-9.3503,-7.686169,-8.372081,19.47175,-33.57961,-49.65008
29540.,-8.795649,-9.329926,-7.645317,-8.364641,19.56748,-33.44065,-49.32561
29550.,-8.778099,-9.309104,-7.604358,-8.356761,19.66242,-33.30057,-49.00224
29560.,-8.760078,-9.287835,-7.563293,-8.348443,19.75657,-33.1594,-48.67995
29570.,-8.741589,-9.266121,-7.52212,-8.339688,19.84995,-33.01714,-48.35874
29580.,-8.722632,-9.243963,-7.480838,-8.330499,19.94257,-32.8738,-48.03859
29590.,-8.70321,-9.221363,-7.439446,-8.320876,20.03443,-32.7294,-47.71951
29600.,-8.683325,-9.198323,-7.397943,-8.310821,20.12555,-32.58395,-47.40147
29610.,-8.662978,-9.174844,-7.356329,-8.300337,20.21594,-32.43747,-47.08448
29620.,-8.642172,-9.150929,-7.3146,-8.289424,20.3056,-32.28995,-46.76851
29630.,-8.620909,-9.126578,-7.272758,-8.278084,20.39454,-32.14143,-46.45357
29640.,-8.59919,-9.101794,-7.230801,-8.266318,20.48279,-31.99191,-46.13965
29650.,-8.577017,-9.076578,-7.188727,-8.254128,20.57034,-31.8414,-45.82674
29660.,-8.554393,-9.050931,-7.146536,-8.241516,20.6572,-31.68991,-45.51483
29670.,-8.531318,-9.024855,-7.104227,-8.228483,20.74339,-31.53746,-45.20391
29680.,-8.507795,-8.998352,-7.061798,-8.215031,20.82892,-31.38406,-44.89397
29690.,-8.483825,-8.971423,-7.019249,-8.20116,20.91378,-31.22973,-44.58501
29700.,-8.45941,-8.94407,-6.976579,-8.186873,20.998,-31.07446,-44.27702
29710.,-8.434552,-8.916294,-6.933786,-8.17217,21.08159,-30.91828,-43.97
29720.,-8.409253,-8.888097,-6.89087,-8.157054,21.16454,-30.76119,-43.66392
29730.,-8.383514,-8.859481,-6.84783,-8.141525,21.24688,-30.60321,-43.3588
29740.,-8.357337,-8.830446,-6.804665,-8.125585,21.3286,-30.44436,-43.05461
29750.,-8.330724,-8.800994,-6.761373,-8.109236,21.40972,-30.28463,-42.75136
29760.,-8.303676,-8.771126,-6.717954,-8.092478,21.49025,-30.12404,-42.44903
29770.,-8.276265,-8.740932,-6.67481,-8.075259,21.57026,-29.96347,-41.51203
29780.,-8.248521,-8.710443,-6.632087,-8.057507,21.64981,-29.80321,-40.35511
29790.,-8.220446,-8.679664,-6.589779,-8.039207,21.72888,-29.64329,-39.21485
29800.,-8.192042,-8.648595,-6.547884,-8.020362,21.80749,-29.48368,-38.09068
29810.,-8.163313,-8.61724,-6.506398,-8.000978,21.88564,-29.3244,-36.98208
29820.,-8.13426,-8.585601,-6.465317,-7.981058,21.96333,-29.16545,-35.88856
29830.,-8.104887,-8.55368,-6.424637,-7.960607,22.04057,-29.00681,-34.80963
29840.,-8.075196,-8.521479,-6.384354,-7.93963,22.11737,-28.8485,-33.74485
29850.,-8.045191,-8.489001,-6.344464,-7.918131,22.19373,-28.69051,-32.69379
29860.,-8.014872,-8.456248,-6.304965,-7.896113,22.26966,-28.53285,-31.65604
29870.,-7.984244,-8.423221,-6.265851,-7.873582,22.34516,-28.3755,-30.6312
29880.,-7.953308,-8.389924,-6.22712,-7.850541,22.42023,-28.21847,-29.61891
29890.,-7.922067,-8.356358,-6.188767,-7.826995,22.49488,-28.06177,-28.6188
29900.,-7.890524,-8.322525,-6.15079,-7.802947,22.56912,-27.90538,-27.63055
29910.,-7.858681,-8.288429,-6.113185,-7.778402,22.64295,-27.74931,-26.65381
29920.,-7.82654,-8.25407,-6.075947,-7.753365,22.71637,-27.59356,-25.68829
29930.,-7.794105,-8.21945,-6.039074,-7.727838,22.78939,-27.43813,-24.73368
29940.,-7.761377,-8.184573,-6.002562,-7.701826,22.86201,-27.28301,-23.78969
29950.,-7.728359,-8.14944,-5.966407,-7.675333,22.93425,-27.12821,-22.85606
29960.,-7.695053,-8.114053,-5.930607,-7.648362,23.00609,-26.97373,-21.93251
29970.,-7.661462,-8.078415,-5.895158,-7.620919,23.07756,-26.81956,-21.01879
29980.,-7.627588,-8.042526,-5.860055,-7.593006,23.14864,-26.66571,-20.11467
29990.,-7.593433,-8.00639,-5.825297,-7.564628,23.21935,-26.51217,-19.2199
30000.,-7.559,-7.970008,-5.790879,-7.535788,23.28969,-26.35894,-18.33427
30010.,-7.52429,-7.933382,-5.756799,-7.50649,23.35967,-26.20603,-17.45755
30020.,-7.489307,-7.896514,-5.723053,-7.476739,23.42928,-26.05343,-16.58953
30030.,-7.454053,-7.859406,-5.689637,-7.446536,23.49854,-25.90114,-15.73002
30040.,-7.418529,-7.822061,-5.656549,-7.415888,23.56744,-25.74916,-14.87882
30050.,-7.382738,-7.784479,-5.623786,-7.384796,23.636,-25.59749,-14.03574
30060.,-7.346683,-7.746664,-5.591344,-7.353265,23.70421,-25.44613,-13.20061
30070.,-7.310365,-7.708616,-5.559219,-7.321298,23.77208,-25.29508,-12.37325
30080.,-7.273786,-7.670338,-5.52741,-7.288899,23.83961,-25.14433,-11.55349
30090.,-7.236949,-7.631832,-5.495912,-7.256071,23.90681,-24.9939,-10.74116
30100.,-7.199856,-7.593098,-5.464724,-7.222818,23.97368,-24.84377,-9.936123
30110.,-7.162509,-7.554141,-5.433841,-7.189144,24.04023,-24.69394,-9.138211
30120.,-7.12491,-7.51496,-5.40326,-7.155052,24.10645,-24.54442,-8.347282
30130.,-7.087062,-7.475558,-5.372979,-7.120545,24.17236,-24.3952,-7.563192
30140.,-7.048966,-7.435937,-5.342995,-7.085628,24.23795,-24.24629,-6.785805
30150.,-7.010624,-7.396098,-5.313305,-7.050302,24.30323,-24.09768,-6.014987
30160.,-6.972038,-7.356043,-5.283906,-7.014572,24.36821,-23.94937,-5.250609
30170.,-6.933211,-7.315775,-5.254794,-6.978441,24.43289,-23.80136,-4.492545
30180.,-6.894144,-7.275294,-5.225967,-6.941912,24.49726,-23.65366,-3.740673
30190.,-6.85484,-7.234602,-5.197423,-6.904989,24.56134,-23.50625,-2.994876
30200.,-6.8153,-7.193702,-5.169158,-6.867674,24.62513,-23.35914,-2.25504
30210.,-6.775526,-7.152595,-5.141169,-6.829972,24.68863,-23.21233,-1.521054
30220.,-6.735521,-7.111282,-5.113454,-6.791885,24.75184,-23.06581,-0.7928086
30230.,-6.695286,-7.069765,-5.08601,-6.753417,24.81477,-22.91959,-0.07020056
30240.,-6.654823,-7.028047,-5.058834,-6.71457,24.87743,-22.77367,0.6468722
30250.,-6.614135,-6.986127,-5.031924,-6.675349,24.93981,-22.62804,1.358509
30260.,-6.573222,-6.944009,-5.005276,-6.635755,25.00191,-22.4827,2.064804
30270.,-6.532129,-6.901728,-4.978868,-6.595789,25.06375,-22.33828,2.790492
30280.,-6.490962,-6.859367,-4.952648,-6.555443,25.12532,-22.19623,3.569508
30290.,-6.449722,-6.816931,-4.926617,-6.514715,25.18663,-22.05655,4.342151
30300.,-6.408414,-6.774421,-4.900776,-6.473611,25.24767,-21.9192,5.108543
30310.,-6.367041,-6.731842,-4.875125,-6.432137,25.30844,-21.78416,5.868801
30320.,-6.325606,-6.689196,-4.849665,-6.390298,25.36895,-21.65141,6.623036
30330.,-6.284112,-6.646488,-4.824398,-6.3481,25.4292,-21.52091,7.37136
30340.,-6.242562,-6.603719,-4.799323,-6.305549,25.48918,-21.39266,8.113879
30350.,-6.200959,-6.560894,-4.774441,-6.262651,25.5489,-21.26661,8.850698
30360.,-6.159307,-6.518015,-4.749754,-6.219412,25.60836,-21.14276,9.581916
30370.,-6.117609,-6.475085,-4.725262,-6.175837,25.66755,-21.02107,10.30763
30380.,-6.075867,-6.432108,-4.700966,-6.131931,25.72649,-20.90153,11.02794
30390.,-6.034084,-6.389086,-4.676866,-6.087701,25.78516,-20.7841,11.74294
30400.,-5.992264,-6.346023,-4.652963,-6.043152,25.84357,-20.66877,12.45271
30410.,-5.95041,-6.302922,-4.629258,-5.998289,25.90172,-20.55552,13.15735
30420.,-5.908524,-6.259785,-4.605752,-5.953117,25.95961,-20.44431,13.85693
30430.,-5.86661,-6.216616,-4.582444,-5.907643,26.01724,-20.33513,14.55155
30440.,-5.82467,-6.173416,-4.559337,-5.861871,26.07462,-20.22796,15.24129
30450.,-5.782707,-6.130191,-4.53643,-5.815807,26.13173,-20.12278,15.92622
30460.,-5.740724,-6.086941,-4.513724,-5.769455,26.18859,-20.01956,16.60641
30470.,-5.698723,-6.04367,-4.49122,-5.722822,26.24518,-19.91827,17.28196
30480.,-5.656709,-6.000381,-4.468919,-5.675912,26.30153,-19.81891,17.95292
30490.,-5.614682,-5.957076,-4.44682,-5.62873,26.35761,-19.72145,18.61937
30500.,-5.572647,-5.913758,-4.424925,-5.581282,26.41344,-19.62586,19.28139
30510.,-5.530605,-5.870431,-4.403235,-5.533573,26.46902,-19.53213,19.93903
30520.,-5.488559,-5.827096,-4.381749,-5.485606,26.52434,-19.44023,20.59236
30530.,-5.446513,-5.783756,-4.360469,-5.437388,26.5794,-19.35015,21.24145
30540.,-5.404468,-5.740415,-4.339395,-5.388924,26.63421,-19.26186,21.88637
30550.,-5.362427,-5.697074,-4.318528,-5.340217,26.68877,-19.17535,22.52717
30560.,-5.320393,-5.653735,-4.297868,-5.291273,26.74307,-19.09059,23.16391
30570.,-5.278369,-5.610403,-4.277415,-5.242097,26.79713,-19.00757,23.79666
30580.,-5.236356,-5.567079,-4.257171,-5.192694,26.85093,-18.92626,24.42547
30590.,-5.194357,-5.523765,-4.237135,-5.143067,26.90447,-18.84665,25.05039
30600.,-5.152375,-5.480465,-4.217309,-5.093222,26.95777,-18.76871,25.67148
30610.,-5.110412,-5.437181,-4.197692,-5.043164,27.01082,-18.69244,26.28881
30620.,-5.06847,-5.393914,-4.178286,-4.992896,27.06362,-18.6178,26.9024
30630.,-5.026553,-5.350668,-4.159091,-4.942423,27.11616,-18.54478,27.51233
30640.,-4.984661,-5.307445,-4.140106,-4.891751,27.16846,-18.47337,28.11864
30650.,-4.942798,-5.264246,-4.121334,-4.840882,27.22051,-18.40353,28.72138
30660.,-4.900966,-5.221076,-4.102774,-4.789822,27.27231,-18.33527,29.32059
30670.,-4.859167,-5.177935,-4.084426,-4.738576,27.32387,-18.26855,29.91633
30680.,-4.817403,-5.134826,-4.066291,-4.687146,27.37518,-18.20336,30.50864
30690.,-4.775677,-5.091751,-4.04837,-4.635538,27.42624,-18.13968,31.09756
30700.,-4.733991,-5.048713,-4.030662,-4.583756,27.47706,-18.0775,31.68314
30710.,-4.692346,-5.005714,-4.013169,-4.531803,27.52763,-18.0168,32.26543
30720.,-4.650746,-4.962755,-3.995891,-4.479685,27.57795,-17.95756,32.84446
30730.,-4.609191,-4.91984,-3.978828,-4.427405,27.62803,-17.89976,33.42028
30740.,-4.567685,-4.876969,-3.96198,-4.374967,27.67787,-17.84339,33.99293
30750.,-4.526229,-4.834146,-3.945347,-4.322375,27.72747,-17.78843,34.56244
30760.,-4.484826,-4.791372,-3.928931,-4.269634,27.77682,-17.73487,35.12886
30770.,-4.443476,-4.748649,-3.912732,-4.216746,27.82593,-17.68269,35.69223
30780.,-4.402283,-4.706092,-3.896455,-4.163817,27.87488,-17.63287,35.77205
30790.,-4.361265,-4.663722,-3.880056,-4.110964,27.9237,-17.58556,35.7712
30800.,-4.320424,-4.621541,-3.863539,-4.058209,27.97238,-17.54073,35.77033
30810.,-4.279762,-4.57955,-3.84691,-4.005555,28.02091,-17.49834,35.76944
30820.,-4.239282,-4.537753,-3.830173,-3.953004,28.0693,-17.45837,35.76853
30830.,-4.198986,-4.496152,-3.813334,-3.900559,28.11754,-17.42079,35.7676
30840.,-4.158876,-4.454748,-3.796396,-3.848225,28.16563,-17.38557,35.76665
30850.,-4.118955,-4.413543,-3.779365,-3.796003,28.21357,-17.35268,35.76567
30860.,-4.079223,-4.37254,-3.762245,-3.743896,28.26135,-17.3221,35.76467
30870.,-4.039685,-4.331741,-3.745041,-3.691908,28.30898,-17.2938,35.76364
30880.,-4.00034,-4.291147,-3.727757,-3.640042,28.35645,-17.26774,35.76259
30890.,-3.961193,-4.250761,-3.710398,-3.5883,28.40376,-17.24391,35.76151
30900.,-3.922244,-4.210584,-3.692969,-3.536685,28.45091,-17.22228,35.7604
30910.,-3.883495,-4.170618,-3.675473,-3.4852,28.49789,-17.20282,35.75926
30920.,-3.844949,-4.130865,-3.657915,-3.433848,28.54472,-17.1855,35.7581
30930.,-3.806607,-4.091328,-3.640299,-3.382631,28.59137,-17.17031,35.7569
30940.,-3.768471,-4.052007,-3.62263,-3.331552,28.63785,-17.15721,35.75567
30950.,-3.730544,-4.012905,-3.604911,-3.280614,28.68417,-17.14618,35.75441
30960.,-3.692826,-3.974023,-3.587147,-3.229819,28.73031,-17.13719,35.75312
30970.,-3.65532,-3.935363,-3.569342,-3.17917,28.77628,-17.13023,35.7518
30980.,-3.618028,-3.896926,-3.5515,-3.128669,28.82208,-17.12527,35.75044
30990.,-3.58095,-3.858715,-3.533625,-3.07832,28.8677,-17.12228,35.74904
31000.,-3.54409,-3.820731,-3.515721,-3.028123,28.91314,-17.12124,35.74761
31010.,-3.507448,-3.782976,-3.497792,-2.978083,28.9584,-17.12213,35.74614
31020.,-3.471027,-3.74545,-3.479841,-2.9282,29.00348,-17.12492,35.74464
31030.,-3.434827,-3.708156,-3.461873,-2.878478,29.04837,-17.1296,35.74309
31040.,-3.398851,-3.671096,-3.443891,-2.828919,29.09309,-17.13614,35.74151
31050.,-3.363099,-3.634269,-3.425898,-2.779525,29.13762,-17.14452,35.73989
31060.,-3.327574,-3.59768,-3.4079,-2.730298,29.18196,-17.15472,35.73823
31070.,-3.292278,-3.561327,-3.389898,-2.681241,29.22612,-17.16671,35.73652
31080.,-3.25721,-3.525214,-3.371897,-2.632356,29.27008,-17.18048,35.73478
31090.,-3.222374,-3.489341,-3.353901,-2.583645,29.31386,-17.196,35.73299
31100.,-3.18777,-3.453709,-3.335912,-2.535109,29.35744,-17.21326,35.73116
31110.,-3.1534,-3.418321,-3.317935,-2.486752,29.40083,-17.23224,35.72929
31120.,-3.119265,-3.383177,-3.299972,-2.438575,29.44403,-17.25291,35.72737
31130.,-3.085367,-3.348279,-3.282027,-2.390581,29.48704,-17.27526,35.7254
31140.,-3.051707,-3.313627,-3.264104,-2.34277,29.52984,-17.29926,35.72339
31150.,-3.018285,-3.279224,-3.246205,-2.295146,29.57246,-17.3249,35.72134
31160.,-2.985105,-3.24507,-3.228334,-2.24771,29.61487,-17.35216,35.71923
31170.,-2.952165,-3.211166,-3.210494,-2.200463,29.65708,-17.38102,35.71708
31180.,-2.919469,-3.177515,-3.192689,-2.153409,29.6991,-17.41146,35.71488
31190.,-2.887017,-3.144115,-3.17492,-2.106549,29.74091,-17.44347,35.71263
31200.,-2.854811,-3.11097,-3.157192,-2.059884,29.78252,-17.47702,35.71033
31210.,-2.822851,-3.07808,-3.139508,-2.013416,29.82393,-17.51211,35.70798
31220.,-2.791138,-3.045446,-3.12187,-1.967147,29.86514,-17.5487,35.70558
31230.,-2.759674,-3.013069,-3.104281,-1.92108,29.90614,-17.5868,35.70313
31240.,-2.728461,-2.980951,-3.086745,-1.875214,29.94694,-17.62637,35.70063
31250.,-2.697498,-2.949091,-3.069264,-1.829553,29.98753,-17.6674,35.69807
31260.,-2.666786,-2.917492,-3.051841,-1.784098,30.02791,-17.70988,35.69546
31270.,-2.636328,-2.886153,-3.034478,-1.73885,30.06809,-17.75379,35.6928
31280.,-2.606186,-2.85499,-3.017089,-1.693899,30.10803,-17.79897,35.26111
31290.,-2.576445,-2.823881,-2.999549,-1.649454,30.14769,-17.8452,34.22912
31300.,-2.547104,-2.792831,-2.981864,-1.605637,30.18709,-17.89248,33.18646
31310.,-2.518164,-2.761842,-2.964037,-1.562443,30.2262,-17.9408,32.13286
31320.,-2.489623,-2.730916,-2.946075,-1.519871,30.26505,-17.99013,31.06805
31330.,-2.461482,-2.700057,-2.927981,-1.477919,30.30362,-18.04049,29.99176
31340.,-2.433739,-2.669266,-2.909759,-1.436584,30.34191,-18.09185,28.90369
31350.,-2.406394,-2.638546,-2.891414,-1.395863,30.37994,-18.1442,27.80355
31360.,-2.379447,-2.607901,-2.872951,-1.355754,30.41769,-18.19753,26.69102
31370.,-2.352896,-2.577332,-2.854373,-1.316256,30.45517,-18.25184,25.56577
31380.,-2.326743,-2.546842,-2.835686,-1.277365,30.49237,-18.30712,24.42747
31390.,-2.300985,-2.516434,-2.816892,-1.239079,30.52931,-18.36335,23.27576
31400.,-2.275622,-2.486109,-2.797997,-1.201396,30.56597,-18.42053,22.11027
31410.,-2.250654,-2.455871,-2.779005,-1.164314,30.60236,-18.47864,20.93062
31420.,-2.226081,-2.425721,-2.759918,-1.127829,30.63848,-18.53769,19.73639
31430.,-2.201901,-2.395662,-2.740743,-1.091941,30.67433,-18.59765,18.52718
31440.,-2.178115,-2.365697,-2.721482,-1.056646,30.70991,-18.65853,17.30253
31450.,-2.15472,-2.335827,-2.70214,-1.021942,30.74521,-18.7203,16.06198
31460.,-2.131718,-2.306055,-2.68272,-0.9878273,30.78025,-18.78298,14.80506
31470.,-2.109108,-2.276384,-2.663227,-0.9542991,30.81502,-18.84654,13.53125
31480.,-2.086888,-2.246815,-2.643663,-0.9213552,30.84952,-18.91097,12.24001
31490.,-2.065058,-2.21735,-2.624034,-0.8889933,30.88375,-18.97628,10.93079
31500.,-2.043618,-2.187992,-2.604342,-0.8572113,30.91772,-19.04245,9.602996
31510.,-2.022567,-2.158742,-2.584592,-0.8260068,30.95141,-19.10948,8.256009
31520.,-2.001904,-2.129604,-2.564787,-0.7953776,30.98484,-19.17735,6.889175
31530.,-1.98163,-2.100578,-2.54493,-0.7653214,31.018,-19.24606,5.501803
31540.,-1.961742,-2.071667,-2.525025,-0.7358361,31.05089,-19.3156,4.093165
31550.,-1.942241,-2.042874,-2.505077,-0.7069194,31.08352,-19.38597,2.662492
31560.,-1.923126,-2.014199,-2.485087,-0.678569,31.11588,-19.45716,1.208968
31570.,-1.904397,-1.985645,-2.46506,-0.6507829,31.14797,-19.52916,-0.2682685
31580.,-1.886052,-1.957214,-2.445,-0.6235589,31.1798,-19.60196,-1.770133
31590.,-1.868092,-1.928908,-2.424908,-0.5968946,31.21137,-19.67556,-3.297599
31600.,-1.850515,-1.900729,-2.40479,-0.5707881,31.24266,-19.74995,-4.851699
31610.,-1.833321,-1.872678,-2.384648,-0.545237,31.2737,-19.82512,-6.433536
31620.,-1.816509,-1.844758,-2.364485,-0.5202393,31.30447,-19.90107,-8.044283
31630.,-1.800079,-1.816969,-2.344305,-0.4957928,31.33498,-19.97779,-9.685196
31640.,-1.784031,-1.789315,-2.324111,-0.4718953,31.36522,-20.05528,-11.35762
31650.,-1.768362,-1.761796,-2.303905,-0.4485448,31.39521,-20.13352,-13.06299
31660.,-1.753073,-1.734415,-2.283692,-0.4257391,31.42493,-20.21252,-14.80285
31670.,-1.738164,-1.707173,-2.263474,-0.4034762,31.45439,-20.29226,-16.57887
31680.,-1.723633,-1.680072,-2.243254,-0.3817539,31.48358,-20.37275,-18.39283
31690.,-1.70948,-1.653113,-2.223035,-0.3605701,31.51252,-20.45397,-20.24668
31700.,-1.695704,-1.626298,-2.202821,-0.3399228,31.5412,-20.53592,-22.14251
31710.,-1.682305,-1.59963,-2.182614,-0.31981,31.56961,-20.61859,-24.0826
31720.,-1.669281,-1.573108,-2.162417,-0.3002294,31.59777,-20.70198,-26.06942
31730.,-1.656633,-1.546736,-2.142233,-0.2811792,31.62567,-20.78609,-28.10567
31740.,-1.64436,-1.520514,-2.122064,-0.2626573,31.65331,-20.8709,-30.1943
31750.,-1.632461,-1.494444,-2.101915,-0.2446616,31.68069,-20.95642,-32.33856
31760.,-1.620935,-1.468528,-2.081786,-0.2271902,31.70781,-21.04263,-34.54201
31770.,-1.609782,-1.442767,-2.061682,-0.2102409,31.73468,-21.12954,-36.8086
31780.,-1.599001,-1.417163,-2.041605,-0.193812,31.76128,-21.21713,-39.14269
31790.,-1.588182,-1.392042,-2.021489,-0.1777148,31.78761,-21.3047,-39.43164
31800.,-1.577321,-1.367408,-2.001335,-0.1617587,31.81365,-21.39224,-39.68557
31810.,-1.566419,-1.343257,-1.981144,-0.1459406,31.83941,-21.47976,-39.94042
31820.,-1.555478,-1.319586,-1.960918,-0.1302603,31.86489,-21.56725,-40.1962
31830.,-1.544499,-1.296392,-1.940659,-0.1147179,31.8901,-21.65471,-40.45292
31840.,-1.533485,-1.273671,-1.920369,-0.09931348,31.91503,-21.74216,-40.71059
31850.,-1.522435,-1.25142,-1.900048,-0.0840469,31.93969,-21.82959,-40.96921
31860.,-1.511353,-1.229636,-1.879699,-0.0689182,31.96408,-21.91701,-41.2288
31870.,-1.50024,-1.208316,-1.859324,-0.05392739,31.98821,-22.00441,-41.48935
31880.,-1.489097,-1.187457,-1.838923,-0.03907444,32.01207,-22.09181,-41.75088
31890.,-1.477926,-1.167055,-1.818498,-0.02435936,32.03567,-22.1792,-42.0134
31900.,-1.466728,-1.147108,-1.798051,-0.009782127,32.05901,-22.26658,-42.27691
31910.,-1.455505,-1.127613,-1.777583,0.004657271,32.08209,-22.35397,-42.54142
31920.,-1.444258,-1.108566,-1.757097,0.01895885,32.10491,-22.44135,-42.80695
31930.,-1.432989,-1.089964,-1.736592,0.03312262,32.12749,-22.52874,-43.07349
31940.,-1.421699,-1.071805,-1.716072,0.0471486,32.14981,-22.61613,-43.34106
31950.,-1.41039,-1.054086,-1.695536,0.06103681,32.17188,-22.70353,-43.60966
31960.,-1.399064,-1.036803,-1.674987,0.07478728,32.19371,-22.79094,-43.87931
31970.,-1.38772,-1.019954,-1.654427,0.08840002,32.21529,-22.87837,-44.15001
31980.,-1.376362,-1.003536,-1.633855,0.1018751,32.23662,-22.96581,-44.42178
31990.,-1.36499,-0.9875455,-1.613275,0.1152124,32.25772,-23.05326,-44.69462
32000.,-1.353606,-0.9719804,-1.592687,0.1284121,32.27858,-23.14074,-44.96854
32010.,-1.34221,-0.9568377,-1.572093,0.1414742,32.2992,-23.22824,-45.24354
32020.,-1.330806,-0.9421146,-1.551493,0.1543988,32.31958,-23.31575,-45.51965
32030.,-1.319393,-0.9278083,-1.53089,0.1671857,32.33973,-23.4033,-45.79687
32040.,-1.307973,-0.9139161,-1.510285,0.1798352,32.35965,-23.49087,-46.07521
32050.,-1.296547,-0.9004353,-1.489678,0.1923471,32.37934,-23.57848,-46.35467
32060.,-1.285117,-0.8873633,-1.469072,0.2047216,32.3988,-23.66611,-46.63528
32070.,-1.273684,-0.8746972,-1.448467,0.2169587,32.41804,-23.75378,-46.91703
32080.,-1.26225,-0.8624346,-1.427866,0.2290584,32.43705,-23.84148,-47.19995
32090.,-1.250814,-0.8505727,-1.407268,0.2410208,32.45584,-23.92922,-47.48403
32100.,-1.23938,-0.839109,-1.386675,0.2528459,32.4744,-24.017,-47.7693
32110.,-1.227947,-0.828041,-1.366089,0.2645337,32.49275,-24.10482,-48.05575
32120.,-1.216517,-0.817366,-1.345511,0.2760844,32.51089,-24.19269,-48.34341
32130.,-1.205092,-0.8070815,-1.324942,0.2874979,32.5288,-24.2806,-48.63228
32140.,-1.193672,-0.797185,-1.304383,0.2987743,32.5465,-24.36855,-48.92238
32150.,-1.18226,-0.7876741,-1.283835,0.3099137,32.56399,-24.45656,-49.21372
32160.,-1.170854,-0.7785462,-1.2633,0.3209161,32.58127,-24.54461,-49.5063
32170.,-1.159458,-0.7697989,-1.242778,0.3317815,32.59834,-24.63272,-49.80014
32180.,-1.148072,-0.7614298,-1.222271,0.3425101,32.6152,-24.72088,-50.09525
32190.,-1.136698,-0.7534366,-1.201781,0.3531018,32.63186,-24.8091,-50.39165
32200.,-1.125335,-0.7458167,-1.181307,0.3635567,32.64831,-24.89737,-50.68934
32210.,-1.113986,-0.7385679,-1.160851,0.3738749,32.66456,-24.9857,-50.98834
32220.,-1.102652,-0.7316878,-1.140414,0.3840565,32.68061,-25.0741,-51.28866
32230.,-1.091333,-0.725174,-1.119998,0.3941015,32.69645,-25.16255,-51.59031
32240.,-1.080343,-0.7192316,-1.099936,0.4037164,32.44573,-25.25107,-51.81585
32250.,-1.070151,-0.7140404,-1.080841,0.4124947,32.07653,-25.34,-51.80702
32260.,-1.060878,-0.7097183,-1.06284,0.4203308,31.71159,-25.42959,-51.79873
32270.,-1.052507,-0.7062519,-1.045916,0.4272396,31.35084,-25.5198,-51.79119
32280.,-1.045026,-0.7036279,-1.030054,0.4332357,30.99422,-25.61064,-51.78439
32290.,-1.038427,-0.7018306,-1.015244,0.4383358,30.64164,-25.7018,-51.74775
32300.,-1.032702,-0.7008447,-1.001476,0.4425586,30.29301,-25.793,-51.68649
32310.,-1.027837,-0.7006572,-0.9887351,0.4459201,29.94828,-25.88426,-51.62597
32320.,-1.023819,-0.7012555,-0.9770053,0.4484343,29.60739,-25.97557,-51.56619
32330.,-1.020634,-0.702627,-0.9662719,0.4501148,29.27027,-26.06691,-51.50713
32340.,-1.018269,-0.7047595,-0.9565203,0.4509749,28.93686,-26.1583,-51.44877
32350.,-1.016712,-0.707641,-0.947736,0.4510279,28.6071,-26.24972,-51.39111
32360.,-1.01595,-0.7112596,-0.939905,0.4502865,28.28095,-26.34116,-51.33413
32370.,-1.015971,-0.7156038,-0.9330133,0.4487634,27.95834,-26.43263,-51.27783
32380.,-1.016762,-0.7206624,-0.9270472,0.446471,27.63922,-26.52413,-51.22219
32390.,-1.018312,-0.7264241,-0.9219934,0.4434214,27.32353,-26.61564,-51.16719
32400.,-1.020608,-0.732878,-0.9178387,0.4396266,27.01123,-26.70717,-51.11284
32410.,-1.023641,-0.7400134,-0.9145701,0.4350983,26.70225,-26.79872,-51.05911
32420.,-1.027398,-0.7478197,-0.9121749,0.429848,26.39656,-26.89027,-51.006
32430.,-1.031868,-0.7562868,-0.9106405,0.423887,26.09409,-26.98183,-50.95349
32440.,-1.037041,-0.7654043,-0.9099546,0.4172262,25.79481,-27.07339,-50.90158
32450.,-1.042905,-0.7751624,-0.9101052,0.4098767,25.49866,-27.16495,-50.85026
32460.,-1.049451,-0.7855512,-0.9110804,0.4018492,25.2056,-27.25651,-50.79951
32470.,-1.056668,-0.7965612,-0.9128684,0.393154,24.91558,-27.34807,-50.74933
32480.,-1.064547,-0.808183,-0.9154577,0.3838014,24.62855,-27.43963,-50.69971
32490.,-1.073076,-0.8204072,-0.9188371,0.3738017,24.34448,-27.53117,-50.65063
32500.,-1.082247,-0.8332249,-0.9229954,0.3631647,24.06331,-27.6227,-50.60209
32510.,-1.09205,-0.846627,-0.9279216,0.3519002,23.78501,-27.71423,-50.55409
32520.,-1.102475,-0.8606048,-0.933605,0.3400178,23.50953,-27.80573,-50.5066
32530.,-1.113514,-0.8751496,-0.940035,0.3275268,23.23684,-27.89723,-50.45963
32540.,-1.125157,-0.890253,-0.9472013,0.3144366,22.96688,-27.9887,-50.41315
32550.,-1.137395,-0.9059067,-0.9550934,0.3007562,22.69963,-28.08016,-50.36718
32560.,-1.150219,-0.9221025,-0.9637015,0.2864946,22.43504,-28.17159,-50.32169
32570.,-1.163622,-0.9388323,-0.9730154,0.2716605,22.17307,-28.263,-50.27668
32580.,-1.177594,-0.9560883,-0.9830256,0.2562625,21.91369,-28.35439,-50.23214
32590.,-1.192127,-0.9738626,-0.9937223,0.2403092,21.65686,-28.44576,-50.18807
32600.,-1.207213,-0.9921477,-1.005096,0.2238089,21.40255,-28.53709,-50.14445
32610.,-1.222844,-1.010936,-1.017138,0.2067697,21.15071,-28.6284,-50.10128
32620.,-1.239012,-1.03022,-1.029838,0.1891997,20.90132,-28.71969,-50.05855
32630.,-1.255709,-1.049993,-1.043188,0.1711068,20.65433,-28.81094,-50.01625
32640.,-1.272927,-1.070248,-1.057179,0.1524989,20.40972,-28.90216,-49.97438
32650.,-1.29066,-1.090976,-1.071802,0.1333835,20.16744,-28.99335,-49.93293
32660.,-1.308899,-1.112173,-1.087048,0.1137681,19.92748,-29.0845,-49.89189
32670.,-1.327637,-1.13383,-1.102909,0.0936602,19.6898,-29.17563,-49.85126
32680.,-1.346868,-1.155941,-1.119377,0.07306704,19.45435,-29.26672,-49.81103
32690.,-1.366584,-1.1785,-1.136443,0.05199577,19.22113,-29.35777,-49.77119
32700.,-1.386778,-1.201501,-1.1541,0.03045342,18.99008,-29.44879,-49.73174
32710.,-1.407443,-1.224935,-1.172339,0.0084469,18.76119,-29.53978,-49.69267
32720.,-1.428573,-1.248799,-1.191153,-0.01401697,18.53443,-29.63072,-49.65397
32730.,-1.45016,-1.273085,-1.210534,-0.03693152,18.30975,-29.72163,-49.61564
32740.,-1.4722,-1.297787,-1.230474,-0.06029014,18.08715,-29.8125,-49.57768
32750.,-1.494684,-1.3229,-1.250965,-0.08408636,17.86658,-29.90334,-49.54006
32760.,-1.517607,-1.348417,-1.272002,-0.1083138,17.64802,-29.99413,-49.5028
32770.,-1.540963,-1.374333,-1.293575,-0.1329662,17.43145,-30.08489,-49.46589
32780.,-1.564746,-1.400643,-1.315678,-0.1580375,17.21683,-30.1756,-49.42931
32790.,-1.588949,-1.427339,-1.338304,-0.1835205,17.00414,-30.26624,-49.38183
32800.,-1.613567,-1.454418,-1.361443,-0.2094012,16.7933,-30.35646,-49.24337
32810.,-1.638593,-1.481873,-1.385087,-0.2356664,16.58429,-30.44628,-49.10545
32820.,-1.664022,-1.509698,-1.409229,-0.26231,16.37709,-30.53569,-48.96808
32830.,-1.689847,-1.537888,-1.433864,-0.2893261,16.17167,-30.6247,-48.83125
32840.,-1.716063,-1.566438,-1.458982,-0.3167091,15.968,-30.71331,-48.69493
32850.,-1.742663,-1.595341,-1.484579,-0.3444532,15.76608,-30.80153,-48.55914
32860.,-1.769643,-1.624593,-1.510647,-0.3725528,15.56586,-30.88936,-48.42386
32870.,-1.796997,-1.654189,-1.53718,-0.4010024,15.36734,-30.97681,-48.28909
32880.,-1.824718,-1.684123,-1.564172,-0.4297966,15.17048,-31.06387,-48.15481
32890.,-1.852802,-1.71439,-1.591615,-0.4589301,14.97527,-31.15055,-48.02102
32900.,-1.881243,-1.744986,-1.619504,-0.4883976,14.78169,-31.23685,-47.88772
32910.,-1.910036,-1.775905,-1.647833,-0.5181939,14.58971,-31.32279,-47.7549
32920.,-1.939176,-1.807142,-1.676595,-0.5483139,14.39932,-31.40835,-47.62255
32930.,-1.968657,-1.838694,-1.705785,-0.5787527,14.21049,-31.49355,-47.49066
32940.,-1.998475,-1.870554,-1.735397,-0.6095053,14.02321,-31.57838,-47.35924
32950.,-2.028625,-1.902719,-1.765424,-0.6405668,13.83745,-31.66286,-47.22826
32960.,-2.059101,-1.935184,-1.795861,-0.6719324,13.65319,-31.74698,-47.09774
32970.,-2.0899,-1.967944,-1.826703,-0.7035975,13.47043,-31.83075,-46.96766
32980.,-2.121015,-2.000996,-1.857944,-0.7355574,13.28913,-31.91417,-46.83801
32990.,-2.152443,-2.034334,-1.889578,-0.7678075,13.10928,-31.99724,-46.7088
33000.,-2.184179,-2.067955,-1.9216,-0.8003433,12.93086,-32.07997,-46.58001
33010.,-2.216218,-2.101853,-1.954005,-0.8331605,12.75385,-32.16236,-46.45164
33020.,-2.248555,-2.136026,-1.986787,-0.8662545,12.57824,-32.24442,-46.32368
33030.,-2.281188,-2.170469,-2.019942,-0.8996212,12.40401,-32.32614,-46.19613
33040.,-2.31411,-2.205178,-2.053463,-0.9332563,12.23114,-32.40753,-46.06899
33050.,-2.347318,-2.240148,-2.087347,-0.9671556,12.05962,-32.48859,-45.94224
33060.,-2.380808,-2.275377,-2.121588,-1.001315,11.88942,-32.56933,-45.81589
33070.,-2.414575,-2.31086,-2.156181,-1.03573,11.72053,-32.64975,-45.68993
33080.,-2.448616,-2.346593,-2.191121,-1.070398,11.55294,-32.72984,-45.56435
33090.,-2.482926,-2.382573,-2.226404,-1.105314,11.38663,-32.80963,-45.43915
33100.,-2.517501,-2.418796,-2.262025,-1.140474,11.22158,-32.8891,-45.31432
33110.,-2.552337,-2.455258,-2.297979,-1.175874,11.05779,-32.96826,-45.18987
33120.,-2.587431,-2.491955,-2.334262,-1.211512,10.89522,-33.04711,-45.06578
33130.,-2.622779,-2.528885,-2.370869,-1.247382,10.73387,-33.12566,-44.94205
33140.,-2.658377,-2.566044,-2.407795,-1.283481,10.57373,-33.20391,-44.81868
33150.,-2.694221,-2.603428,-2.445038,-1.319807,10.41478,-33.28187,-44.69566
33160.,-2.730307,-2.641034,-2.482591,-1.356354,10.257,-33.35952,-44.57298
33170.,-2.766633,-2.678858,-2.520451,-1.393121,10.10038,-33.43688,-44.45066
33180.,-2.803194,-2.716897,-2.558613,-1.430103,9.944914,-33.51396,-44.32867
33190.,-2.839987,-2.755149,-2.597075,-1.467296,9.790577,-33.59074,-44.20701
33200.,-2.877008,-2.793609,-2.63583,-1.504699,9.63736,-33.66724,-44.08569
33210.,-2.914255,-2.832275,-2.674876,-1.542306,9.48525,-33.74346,-43.9647
33220.,-2.951723,-2.871144,-2.714208,-1.580116,9.334233,-33.81939,-43.84403
33230.,-2.98941,-2.910212,-2.753823,-1.618124,9.184297,-33.89506,-43.72368
33240.,-3.027312,-2.949476,-2.793716,-1.656329,9.035429,-33.97044,-43.60365
33250.,-3.065426,-2.988934,-2.833884,-1.694726,8.887616,-34.04556,-43.48393
33260.,-3.103749,-3.028583,-2.874323,-1.733312,8.740846,-34.1204,-43.36452
33270.,-3.142277,-3.068419,-2.91503,-1.772085,8.595106,-34.19498,-43.24542
33280.,-3.181008,-3.10844,-2.956,-1.811042,8.450385,-34.26929,-43.12662
33290.,-3.219939,-3.148643,-2.99723,-1.850179,8.306671,-34.34334,-43.00811
33300.,-3.259064,-3.189024,-3.038701,-1.88949,8.163905,-34.41713,-42.84332
33310.,-3.29838,-3.229581,-3.080402,-1.928966,8.022051,-34.49066,-42.65638
33320.,-3.337884,-3.27031,-3.122331,-1.968603,7.8811,-34.56393,-42.46999
33330.,-3.377574,-3.31121,-3.164483,-2.008398,7.741041,-34.63695,-42.28415
33340.,-3.417445,-3.352277,-3.206856,-2.048348,7.601863,-34.70971,-42.09886
33350.,-3.457497,-3.393509,-3.249447,-2.088452,7.463557,-34.78222,-41.9141
33360.,-3.497725,-3.434903,-3.292252,-2.128705,7.326111,-34.85449,-41.72987
33370.,-3.538128,-3.476458,-3.33527,-2.169107,7.189517,-34.92651,-41.54617
33380.,-3.578702,-3.51817,-3.378496,-2.209654,7.053764,-34.99829,-41.363
33390.,-3.619446,-3.560038,-3.421927,-2.250345,6.918843,-35.06982,-41.18035
33400.,-3.660356,-3.602058,-3.465562,-2.291176,6.784743,-35.14112,-40.9982
33410.,-3.701431,-3.644229,-3.509397,-2.332146,6.651456,-35.21218,-40.81657
33420.,-3.742667,-3.686548,-3.553429,-2.373252,6.518973,-35.28301,-40.63544
33430.,-3.784063,-3.729013,-3.597656,-2.414492,6.387283,-35.3536,-40.45482
33440.,-3.825615,-3.771622,-3.642075,-2.455864,6.256379,-35.42397,-40.27469
33450.,-3.867322,-3.814372,-3.686683,-2.497365,6.12625,-35.4941,-40.09505
33460.,-3.909181,-3.857262,-3.731477,-2.538994,5.996889,-35.56402,-39.91589
33470.,-3.95119,-3.900289,-3.776456,-2.580748,5.868286,-35.6337,-39.73722
33480.,-3.993346,-3.943452,-3.821616,-2.622625,5.740433,-35.70317,-39.55903
33490.,-4.035648,-3.986747,-3.866954,-2.664624,5.613322,-35.77241,-39.38131
33500.,-4.078093,-4.030174,-3.912469,-2.706741,5.486943,-35.84144,-39.20406
33510.,-4.120679,-4.073729,-3.958158,-2.748976,5.36129,-35.91025,-39.02728
33520.,-4.163404,-4.117411,-4.004018,-2.791325,5.236353,-35.97885,-38.85096
33530.,-4.206266,-4.161219,-4.050047,-2.833788,5.112125,-36.04723,-38.6751
33540.,-4.249262,-4.205149,-4.096243,-2.876362,4.988598,-36.11541,-38.49969
33550.,-4.29239,-4.249201,-4.142603,-2.919045,4.865763,-36.18338,-38.32474
33560.,-4.335649,-4.293372,-4.189125,-2.961835,4.743614,-36.25114,-38.15023
33570.,-4.379037,-4.33766,-4.235806,-3.004731,4.622142,-36.3187,-37.97616
33580.,-4.422551,-4.382064,-4.282645,-3.047731,4.501341,-36.38605,-37.80254
33590.,-4.466189,-4.426581,-4.329639,-3.090832,4.381202,-36.45321,-37.62935
33600.,-4.50995,-4.47121,-4.376786,-3.134034,4.261718,-36.52016,-37.45659
33610.,-4.553832,-4.51595,-4.424084,-3.177334,4.142883,-36.58692,-37.28426
33620.,-4.597832,-4.560798,-4.47153,-3.220731,4.024688,-36.65348,-37.11236
33630.,-4.641949,-4.605752,-4.519123,-3.264223,3.907128,-36.71985,-36.94088
33640.,-4.686182,-4.650812,-4.56686,-3.307808,3.790194,-36.78603,-36.76982
33650.,-4.730528,-4.695974,-4.61474,-3.351484,3.673881,-36.85202,-36.59917
33660.,-4.774985,-4.741238,-4.66276,-3.395251,3.558181,-36.91782,-36.42893
33670.,-4.819552,-4.786603,-4.710919,-3.439105,3.443087,-36.98343,-36.25911
33680.,-4.864226,-4.832065,-4.759214,-3.483047,3.328594,-37.04886,-36.08969
33690.,-4.909007,-4.877625,-4.807643,-3.527074,3.214694,-37.1141,-35.92067
33700.,-4.953893,-4.923279,-4.856204,-3.571184,3.101381,-37.17916,-35.75205
33710.,-4.998882,-4.969027,-4.904897,-3.615376,2.988649,-37.24405,-35.58383
33720.,-5.043971,-5.014867,-4.953717,-3.659649,2.876491,-37.30875,-35.416
33730.,-5.089161,-5.060798,-5.002665,-3.704001,2.764902,-37.37328,-35.24856
33740.,-5.134448,-5.106818,-5.051738,-3.748431,2.653875,-37.43763,-35.08151
33750.,-5.179832,-5.152925,-5.100934,-3.792937,2.543404,-37.5018,-34.91485
33760.,-5.22531,-5.199119,-5.150251,-3.837518,2.433484,-37.56581,-34.74856
33770.,-5.270882,-5.245397,-5.199688,-3.882172,2.324107,-37.62964,-34.58266
33780.,-5.316545,-5.291758,-5.249243,-3.926897,2.215269,-37.6933,-34.41713
33790.,-5.362299,-5.338202,-5.298914,-3.971694,2.106964,-37.7568,-34.25197
33800.,-5.408143,-5.384726,-5.34869,-4.01656,1.999175,-37.82004,-34.08906
33810.,-5.454078,-5.431332,-5.39854,-4.061494,1.891858,-37.88273,-33.9326
33820.,-5.500102,-5.478018,-5.448462,-4.106496,1.785009,-37.94487,-33.77646
33830.,-5.546214,-5.524782,-5.498454,-4.151563,1.678624,-38.00648,-33.62066
33840.,-5.592412,-5.571623,-5.548515,-4.196695,1.572697,-38.06755,-33.46519
33850.,-5.638694,-5.618539,-5.598643,-4.241889,1.467224,-38.12809,-33.31004
33860.,-5.685058,-5.665528,-5.648836,-4.287145,1.362201,-38.18811,-33.15522
33870.,-5.731504,-5.712588,-5.699094,-4.33246,1.257623,-38.24761,-33.00072
33880.,-5.778028,-5.759719,-5.749414,-4.377832,1.153487,-38.3066,-32.84653
33890.,-5.824629,-5.806918,-5.799795,-4.423261,1.049787,-38.36507,-32.69267
33900.,-5.871306,-5.854184,-5.850236,-4.468745,0.9465189,-38.42305,-32.53911
33910.,-5.918057,-5.901515,-5.900734,-4.514282,0.8436793,-38.48052,-32.38587
33920.,-5.96488,-5.948911,-5.95129,-4.559871,0.7412638,-38.53749,-32.23294
33930.,-6.011775,-5.996368,-6.001901,-4.605511,0.6392682,-38.59397,-32.08031
33940.,-6.058738,-6.043887,-6.052565,-4.651199,0.5376884,-38.64997,-31.92799
33950.,-6.105769,-6.091465,-6.103282,-4.696936,0.4365205,-38.70548,-31.77597
33960.,-6.152866,-6.139101,-6.15405,-4.742718,0.3357606,-38.76052,-31.62425
33970.,-6.200028,-6.186794,-6.204868,-4.788545,0.2354046,-38.81508,-31.47283
33980.,-6.247253,-6.234542,-6.255734,-4.834416,0.1354487,-38.86917,-31.3217
33990.,-6.29454,-6.282344,-6.306648,-4.880329,0.0358892,-38.92279,-31.17087
34000.,-6.341887,-6.330199,-6.357607,-4.926282,-0.06327779,-38.97595,-31.02033
34010.,-6.389292,-6.378104,-6.408611,-4.972276,-0.1620559,-39.02866,-30.87008
34020.,-6.436755,-6.426059,-6.459658,-5.018307,-0.2604489,-39.08091,-30.72012
34030.,-6.484274,-6.474063,-6.510747,-5.064376,-0.3584604,-39.13271,-30.57044
34040.,-6.531848,-6.522114,-6.561877,-5.11048,-0.456094,-39.18407,-30.42105
34050.,-6.579475,-6.570211,-6.613046,-5.156619,-0.5533532,-39.23498,-30.27193
34060.,-6.627153,-6.618353,-6.664254,-5.202791,-0.6502416,-39.28546,-30.1231
34070.,-6.674882,-6.666538,-6.715499,-5.248995,-0.7467625,-39.3355,-29.97454
34080.,-6.72266,-6.714765,-6.76678,-5.29523,-0.8429195,-39.38512,-29.82626
34090.,-6.770487,-6.763034,-6.818097,-5.341495,-0.9387159,-39.4343,-29.67826
34100.,-6.818359,-6.811342,-6.869447,-5.387788,-1.034155,-39.48306,-29.53052
34110.,-6.866278,-6.859688,-6.920829,-5.434109,-1.12924,-39.53141,-29.38306
34120.,-6.91424,-6.908072,-6.972243,-5.480456,-1.223975,-39.57933,-29.23586
34130.,-6.962245,-6.956493,-7.023688,-5.526828,-1.318362,-39.62685,-29.08893
34140.,-7.010292,-7.004948,-7.075162,-5.573224,-1.412405,-39.67395,-28.94227
34150.,-7.058379,-7.053438,-7.126664,-5.619644,-1.506106,-39.72065,-28.79587
34160.,-7.106506,-7.10196,-7.178194,-5.666085,-1.59947,-39.76695,-28.64973
34170.,-7.154671,-7.150514,-7.22975,-5.712547,-1.692499,-39.81285,-28.50385
34180.,-7.202872,-7.199099,-7.281331,-5.759029,-1.785196,-39.85836,-28.35823
34190.,-7.25111,-7.247714,-7.332936,-5.80553,-1.877564,-39.90347,-28.21286
34200.,-7.299382,-7.296357,-7.384565,-5.852048,-1.969606,-39.9482,-28.06775
34210.,-7.347687,-7.345028,-7.436215,-5.898584,-2.061325,-39.99254,-27.9229
34220.,-7.396026,-7.393725,-7.487887,-5.945135,-2.152725,-40.03649,-27.77829
34230.,-7.444395,-7.442448,-7.53958,-5.991701,-2.243807,-40.08007,-27.63393
34240.,-7.492795,-7.491195,-7.591291,-6.038281,-2.334574,-40.12327,-27.48983
34250.,-7.541224,-7.539966,-7.643022,-6.084873,-2.425031,-40.1661,-27.34597
34260.,-7.589681,-7.588759,-7.694769,-6.131478,-2.515178,-40.20856,-27.20235
34270.,-7.638166,-7.637574,-7.746534,-6.178094,-2.605019,-40.25065,-27.05898
34280.,-7.686676,-7.686409,-7.798314,-6.22472,-2.694557,-40.29238,-26.91585
34290.,-7.735212,-7.735264,-7.850109,-6.271355,-2.783795,-40.33375,-26.77296
34300.,-7.783772,-7.784138,-7.901917,-6.317998,-2.872734,-40.37476,-26.63031
34310.,-7.832343,-7.833031,-7.953723,-6.364648,-2.961359,-40.41508,-26.4733
34320.,-7.88092,-7.881942,-8.005521,-6.411299,-3.049667,-40.45464,-26.31292
34330.,-7.929503,-7.930869,-8.05731,-6.457952,-3.13766,-40.49343,-26.15283
34340.,-7.97809,-7.979811,-8.109088,-6.504604,-3.225341,-40.53148,-25.99304
34350.,-8.026364,-8.028489,-8.160552,-6.550966,-2.924231,-40.56875,-25.95103
34360.,-8.073765,-8.076694,-8.211308,-6.596793,-2.625813,-40.60437,-26.32002
34370.,-8.120297,-8.124428,-8.261359,-6.64213,-2.330066,-40.63836,-26.69039
34380.,-8.165966,-8.171692,-8.310711,-6.68698,-2.036973,-40.67073,-27.06216
34390.,-8.210777,-8.218489,-8.359366,-6.731344,-1.746515,-40.70149,-27.43535
34400.,-8.254735,-8.264819,-8.407328,-6.775223,-1.458673,-40.73066,-27.80997
34410.,-8.297845,-8.310684,-8.454602,-6.818621,-1.173429,-40.75825,-28.18603
34420.,-8.340112,-8.356086,-8.501189,-6.861539,-0.8907622,-40.78427,-28.56356
34430.,-8.381541,-8.401027,-8.547096,-6.903979,-0.6106557,-40.80874,-28.94256
34440.,-8.422137,-8.445509,-8.592324,-6.945943,-0.3330902,-40.83168,-29.32306
34450.,-8.461906,-8.489532,-8.636878,-6.987433,-0.05804696,-40.85309,-29.70508
34460.,-8.500852,-8.533099,-8.680761,-7.028451,0.2144926,-40.87298,-30.08862
34470.,-8.53898,-8.576212,-8.723978,-7.069,0.4845473,-40.89138,-30.47371
34480.,-8.576296,-8.618873,-8.766532,-7.10908,0.7521357,-40.90829,-30.86037
34490.,-8.612804,-8.661082,-8.808426,-7.148694,1.017276,-40.92373,-31.24862
34500.,-8.648509,-8.702843,-8.849665,-7.187845,1.279988,-40.9377,-31.63846
34510.,-8.683417,-8.744156,-8.890252,-7.226535,1.54029,-40.95023,-32.02993
34520.,-8.717532,-8.785025,-8.930191,-7.264765,1.798199,-40.96132,-32.42304
34530.,-8.750859,-8.82545,-8.969485,-7.302537,2.053735,-40.97099,-32.81781
34540.,-8.783404,-8.865433,-9.008139,-7.339855,2.306917,-40.97925,-33.21426
34550.,-8.81517,-8.904977,-9.046155,-7.376719,2.557762,-40.98611,-33.61241
34560.,-8.846163,-8.944083,-9.083538,-7.413133,2.806289,-40.99158,-34.01228
34570.,-8.876389,-8.982754,-9.120291,-7.449097,3.052517,-40.99568,-34.4139
34580.,-8.90585,-9.02099,-9.156419,-7.484616,3.296463,-40.99841,-34.81727
34590.,-8.934553,-9.058795,-9.191923,-7.51969,3.538146,-40.99979,-35.22244
34600.,-8.962502,-9.096169,-9.226809,-7.554322,3.777585,-40.99984,-35.6294
34610.,-8.989703,-9.133116,-9.26108,-7.588513,4.014798,-40.99855,-36.0382
34620.,-9.016159,-9.169636,-9.294739,-7.622268,4.249802,-40.99595,-36.44886
34630.,-9.041876,-9.205732,-9.32779,-7.655586,4.482615,-40.99205,-36.86138
34640.,-9.066857,-9.241406,-9.360238,-7.688471,4.713257,-40.98685,-37.27581
34650.,-9.091109,-9.27666,-9.392084,-7.720925,4.941745,-40.98037,-37.69216
34660.,-9.114636,-9.311496,-9.423333,-7.752951,5.168096,-40.97263,-38.11046
34670.,-9.137442,-9.345915,-9.453989,-7.784549,5.392329,-40.96362,-38.53073
34680.,-9.159532,-9.37992,-9.484055,-7.815723,5.614461,-40.95336,-38.95301
34690.,-9.18091,-9.413513,-9.513535,-7.846475,5.834511,-40.94186,-39.3773
34700.,-9.201582,-9.446696,-9.542431,-7.876806,6.052496,-40.92914,-39.80365
34710.,-9.221552,-9.47947,-9.570749,-7.90672,6.268433,-40.91521,-40.23208
34720.,-9.240824,-9.511838,-9.59849,-7.936218,6.482341,-40.90006,-40.66262
34730.,-9.259403,-9.543802,-9.62566,-7.965303,6.694236,-40.88373,-41.09528
34740.,-9.277293,-9.575364,-9.65226,-7.993977,6.904136,-40.86621,-41.53012
34750.,-9.294499,-9.606525,-9.678296,-8.022241,7.112059,-40.84751,-41.96714
34760.,-9.311026,-9.637288,-9.703769,-8.050099,7.318022,-40.82766,-42.40639
34770.,-9.326878,-9.667655,-9.728684,-8.077553,7.522042,-40.80665,-42.84789
34780.,-9.342059,-9.697627,-9.753045,-8.104604,7.724135,-40.7845,-43.29167
34790.,-9.356574,-9.727207,-9.776853,-8.131254,7.92432,-40.76121,-43.73777
34800.,-9.370426,-9.756397,-9.800114,-8.157507,8.122614,-40.73681,-44.18622
34810.,-9.383742,-9.785049,-9.822511,-8.183359,8.319022,-40.71101,-44.57297
34820.,-9.396735,-9.812904,-9.843489,-8.208795,8.513546,-40.68333,-44.84823
34830.,-9.409405,-9.839965,-9.863057,-8.233806,8.706205,-40.6538,-45.12419
34840.,-9.42175,-9.866235,-9.881224,-8.258394,8.897017,-40.62242,-45.40087
34850.,-9.433771,-9.891719,-9.897999,-8.282559,9.086001,-40.58922,-45.67827
34860.,-9.445467,-9.916418,-9.913389,-8.3063,9.273177,-40.5542,-45.9564
34870.,-9.456837,-9.940337,-9.927405,-8.329618,9.458562,-40.51738,-46.23526
34880.,-9.467881,-9.963479,-9.940055,-8.352515,9.642176,-40.47878,-46.51486
34890.,-9.478597,-9.985848,-9.951347,-8.37499,9.824037,-40.43842,-46.7952
34900.,-9.488987,-10.00745,-9.961289,-8.397044,10.00416,-40.3963,-47.0763
34910.,-9.499049,-10.02828,-9.969891,-8.418677,10.18257,-40.35244,-47.35816
34920.,-9.508782,-10.04834,-9.97716,-8.43989,10.35928,-40.30686,-47.64078
34930.,-9.518187,-10.06765,-9.983105,-8.460683,10.53431,-40.25957,-47.92417
34940.,-9.527263,-10.0862,-9.987734,-8.481057,10.70768,-40.21059,-48.20833
34950.,-9.536009,-10.104,-9.991055,-8.501012,10.87941,-40.15992,-48.49329
34960.,-9.544425,-10.12104,-9.993076,-8.520549,11.0495,-40.10759,-48.77903
34970.,-9.552511,-10.13734,-9.993806,-8.539669,11.21799,-40.05361,-49.06557
34980.,-9.560266,-10.15289,-9.993252,-8.558371,11.38489,-39.99799,-49.35292
34990.,-9.567691,-10.1677,-9.991422,-8.576657,11.55021,-39.94075,-49.64108
35000.,-9.574783,-10.18178,-9.988324,-8.594527,11.71397,-39.8819,-49.93006
35010.,-9.581544,-10.19511,-9.983967,-8.611981,11.87619,-39.82145,-50.21986
35020.,-9.587973,-10.20772,-9.978357,-8.629021,12.03689,-39.75942,-50.5105
35030.,-9.59407,-10.2196,-9.971502,-8.645646,12.19609,-39.69583,-50.80198
35040.,-9.599834,-10.23075,-9.963411,-8.661857,12.35379,-39.63067,-51.09431
35050.,-9.605265,-10.24118,-9.95409,-8.677654,12.51002,-39.56398,-51.3875
35060.,-9.610363,-10.25089,-9.943548,-8.693039,12.6648,-39.49576,-51.68155
35070.,-9.615127,-10.25988,-9.931791,-8.708011,12.81813,-39.42602,-51.97647
35080.,-9.619558,-10.26816,-9.918827,-8.722572,12.97004,-39.35478,-52.27227
35090.,-9.623654,-10.27573,-9.904664,-8.736721,13.12055,-39.28205,-52.56896
35100.,-9.627416,-10.28259,-9.889309,-8.75046,13.26966,-39.20784,-52.86654
35110.,-9.630844,-10.28874,-9.872768,-8.763788,13.4174,-39.13218,-53.16503
35120.,-9.633937,-10.29419,-9.85505,-8.776707,13.56378,-39.05506,-53.46444
35130.,-9.636695,-10.29895,-9.836162,-8.789217,13.70881,-38.9765,-53.76476
35140.,-9.639118,-10.303,-9.81611,-8.801318,13.85252,-38.89652,-54.06601
35150.,-9.641206,-10.30637,-9.794901,-8.813011,13.99492,-38.81513,-54.3682
35160.,-9.642957,-10.30904,-9.772544,-8.824297,14.13601,-38.73233,-54.67134
35170.,-9.644374,-10.31102,-9.749043,-8.835175,14.27583,-38.64815,-54.97543
35180.,-9.645454,-10.31232,-9.724408,-8.845647,14.41438,-38.5626,-55.28049
35190.,-9.646198,-10.31294,-9.698643,-8.855713,14.55168,-38.47568,-55.58652
35200.,-9.646605,-10.31288,-9.671757,-8.865373,14.68774,-38.38741,-55.89354
35210.,-9.646676,-10.31214,-9.643756,-8.874629,14.82258,-38.2978,-56.20155
35220.,-9.646411,-10.31072,-9.614646,-8.88348,14.95622,-38.20687,-56.51056
35230.,-9.645808,-10.30864,-9.584435,-8.891926,15.08866,-38.11462,-56.82058
35240.,-9.644868,-10.30588,-9.553128,-8.89997,15.21992,-38.02106,-57.13162
35250.,-9.643591,-10.30246,-9.520733,-8.90761,15.35002,-37.92622,-57.4437
35260.,-9.641977,-10.29837,-9.487256,-8.914847,15.47897,-37.8301,-57.75681
35270.,-9.640024,-10.29363,-9.452704,-8.921683,15.60679,-37.7327,-58.07098
35280.,-9.637735,-10.28822,-9.417082,-8.928116,15.73348,-37.63406,-58.38621
35290.,-9.635107,-10.28216,-9.380398,-8.934149,15.85907,-37.53416,-58.70251
35300.,-9.632141,-10.27544,-9.342658,-8.939781,15.98357,-37.43304,-59.01989
35310.,-9.628837,-10.26808,-9.303867,-8.945012,16.10699,-37.33069,-59.33837
35320.,-9.625011,-10.2602,-9.264933,-8.949802,16.22928,-37.22685,-59.02819
35330.,-9.620652,-10.25181,-9.225926,-8.954104,16.35045,-37.1215,-58.66879
35340.,-9.615761,-10.24293,-9.186846,-8.957918,16.47052,-37.01467,-58.3108
35350.,-9.610342,-10.23355,-9.147691,-8.961246,16.58949,-36.90636,-57.9542
35360.,-9.604396,-10.22368,-9.108459,-8.96409,16.70739,-36.7966,-57.59899
35370.,-9.597927,-10.21332,-9.069151,-8.966452,16.82422,-36.68539,-57.24514
35380.,-9.590937,-10.20246,-9.029763,-8.968335,16.94,-36.57276,-56.89266
35390.,-9.583428,-10.19112,-8.990295,-8.969739,17.05474,-36.45871,-56.54151
35400.,-9.575402,-10.17929,-8.950746,-8.970668,17.16845,-36.34327,-56.1917
35410.,-9.566863,-10.16697,-8.911114,-8.971124,17.28115,-36.22645,-55.8432
35420.,-9.557812,-10.15417,-8.871399,-8.971107,17.39285,-36.10825,-55.49602
35430.,-9.548252,-10.1409,-8.831598,-8.970621,17.50355,-35.98871,-55.15013
35440.,-9.538184,-10.12714,-8.79171,-8.969667,17.61327,-35.86782,-54.80552
35450.,-9.527612,-10.11291,-8.751736,-8.968247,17.72203,-35.74561,-54.46218
35460.,-9.516538,-10.09821,-8.711672,-8.966364,17.82984,-35.62209,-54.12011
35470.,-9.504964,-10.08303,-8.671518,-8.964018,17.9367,-35.49727,-53.77928
35480.,-9.492892,-10.06738,-8.631273,-8.961213,18.04263,-35.37117,-53.43969
35490.,-9.480324,-10.05126,-8.590935,-8.957949,18.14764,-35.2438,-53.10133
35500.,-9.467263,-10.03468,-8.550504,-8.954228,18.25174,-35.11518,-52.76419
35510.,-9.45371,-10.01763,-8.509978,-8.950054,18.35495,-34.98532,-52.42825
35520.,-9.439669,-10.00012,-8.469356,-8.945426,18.45727,-34.85422,-52.09351
35530.,-9.425141,-9.982153,-8.428637,-8.940347,18.55872,-34.72192,-51.75995
35540.,-9.410127,-9.963724,-8.387819,-8.934819,18.65931,-34.58842,-51.42757
35550.,-9.394632,-9.944836,-8.346902,-8.928844,18.75905,-34.45373,-51.09636
35560.,-9.378655,-9.925494,-8.305885,-8.922423,18.85794,-34.31786,-50.76629
35570.,-9.3622,-9.905698,-8.264766,-8.915558,18.95601,-34.18084,-50.43738
35580.,-9.345269,-9.88545,-8.223544,-8.908251,19.05325,-34.04267,-50.10959
35590.,-9.327863,-9.864752,-8.182218,-8.900503,19.14969,-33.90337,-49.78294
35600.,-9.309985,-9.843605,-8.140787,-8.892316,19.24534,-33.76294,-49.4574
35610.,-9.291636,-9.822012,-8.09925,-8.883692,19.34019,-33.62141,-49.13296
35620.,-9.272819,-9.799974,-8.057606,-8.874632,19.43427,-33.47879,-48.80963
35630.,-9.253535,-9.777493,-8.015854,-8.865138,19.52758,-33.33508,-48.48738
35640.,-9.233787,-9.754571,-7.973993,-8.855212,19.62014,-33.19031,-48.16621
35650.,-9.213576,-9.731208,-7.932021,-8.844854,19.71195,-33.04448,-47.84612
35660.,-9.192904,-9.707407,-7.889937,-8.834068,19.80302,-32.89761,-47.52708
35670.,-9.171774,-9.68317,-7.847741,-8.822853,19.89337,-32.7497,-47.2091
35680.,-9.150186,-9.658497,-7.805432,-8.811212,19.983,-32.60078,-46.89216
35690.,-9.128143,-9.633391,-7.763008,-8.799147,20.07193,-32.45085,-46.57626
35700.,-9.105647,-9.607854,-7.720468,-8.786658,20.16016,-32.29993,-46.26139
35710.,-9.082699,-9.581886,-7.677812,-8.773748,20.2477,-32.14802,-45.94754
35720.,-9.059301,-9.555489,-7.635038,-8.760417,20.33456,-31.99515,-45.63469
35730.,-9.035456,-9.528666,-7.592146,-8.746667,20.42076,-31.84131,-45.32285
35740.,-9.011164,-9.501416,-7.549134,-8.7325,20.5063,-31.68654,-45.01201
35750.,-8.986427,-9.473743,-7.506001,-8.717916,20.59119,-31.53083,-44.70215
35760.,-8.961248,-9.445647,-7.462746,-8.702918,20.67543,-31.37419,-44.39328
35770.,-8.935628,-9.41713,-7.419369,-8.687507,20.75905,-31.21665,-44.08537
35780.,-8.909568,-9.388194,-7.375869,-8.671684,20.84204,-31.05821,-43.77843
35790.,-8.883071,-9.358839,-7.332243,-8.655451,20.92442,-30.89888,-43.47245
35800.,-8.856138,-9.329067,-7.288492,-8.638808,21.0062,-30.73868,-43.16741
35810.,-8.82877,-9.29888,-7.244615,-8.621757,21.08737,-30.57761,-42.86332
35820.,-8.801017,-9.268338,-7.20088,-8.604264,21.16801,-30.41627,-42.13179
35830.,-8.772929,-9.237501,-7.157566,-8.586256,21.24818,-30.25524,-40.96553
35840.,-8.744511,-9.206373,-7.114671,-8.567699,21.32787,-30.09454,-39.81625
35850.,-8.715764,-9.174956,-7.072189,-8.548597,21.4071,-29.93416,-38.68336
35860.,-8.686691,-9.143253,-7.030118,-8.528955,21.48586,-29.7741,-37.56633
35870.,-8.657295,-9.111265,-6.988452,-8.508778,21.56417,-29.61436,-36.46464
35880.,-8.627579,-9.078994,-6.94719,-8.488069,21.64202,-29.45493,-35.37781
35890.,-8.597544,-9.046444,-6.906326,-8.466833,21.71943,-29.29583,-34.30537
35900.,-8.567195,-9.013616,-6.865857,-8.445074,21.7964,-29.13705,-33.24688
35910.,-8.536532,-8.980513,-6.825779,-8.422796,21.87293,-28.97859,-32.20192
35920.,-8.50556,-8.947136,-6.786089,-8.400005,21.94903,-28.82045,-31.17009
35930.,-8.474279,-8.913489,-6.746782,-8.376703,22.0247,-28.66262,-30.15101
35940.,-8.442694,-8.879572,-6.707856,-8.352895,22.09996,-28.50511,-29.14431
35950.,-8.410806,-8.845388,-6.669307,-8.328585,22.17479,-28.34792,-28.14964
35960.,-8.378618,-8.81094,-6.631131,-8.303778,22.24921,-28.19105,-27.16668
35970.,-8.346132,-8.776229,-6.593324,-8.278477,22.32323,-28.03449,-26.19509
35980.,-8.313351,-8.741258,-6.555884,-8.252686,22.39684,-27.87825,-25.23457
35990.,-8.280276,-8.706028,-6.518806,-8.226409,22.47006,-27.72232,-24.28484
36000.,-8.246912,-8.670542,-6.482087,-8.19965,22.54288,-27.56671,-23.34561
36010.,-8.213259,-8.634802,-6.445724,-8.172414,22.61531,-27.41141,-22.41661
36020.,-8.179321,-8.59881,-6.409713,-8.144703,22.68735,-27.25642,-21.49758
36030.,-8.1451,-8.562567,-6.374051,-8.116523,22.75902,-27.10175,-20.58827
36040.,-8.110597,-8.526076,-6.338735,-8.087876,22.83031,-26.94739,-19.68844
36050.,-8.075816,-8.489339,-6.303761,-8.058767,22.90123,-26.79334,-18.79787
36060.,-8.040758,-8.452358,-6.269125,-8.029199,22.97178,-26.6396,-17.91634
36070.,-8.005426,-8.415135,-6.234826,-7.999176,23.04196,-26.48618,-17.04362
36080.,-7.969822,-8.377671,-6.200858,-7.968702,23.11179,-26.33306,-16.17951
36090.,-7.933949,-8.339969,-6.16722,-7.93778,23.18126,-26.18025,-15.32383
36100.,-7.897808,-8.30203,-6.133908,-7.906414,23.25039,-26.02775,-14.47637
36110.,-7.861402,-8.263857,-6.100919,-7.874608,23.31916,-25.87556,-13.63695
36120.,-7.824733,-8.225451,-6.068249,-7.842366,23.38759,-25.72368,-12.80539
36130.,-7.787802,-8.186814,-6.035896,-7.80969,23.45569,-25.5721,-11.98153
36140.,-7.750614,-8.147949,-6.003857,-7.776585,23.52344,-25.42083,-11.16519
36150.,-7.713168,-8.108856,-5.972127,-7.743054,23.59087,-25.26986,-10.35622
36160.,-7.675468,-8.069538,-5.940705,-7.709101,23.65797,-25.1192,-9.554465
36170.,-7.637516,-8.029997,-5.909587,-7.674728,23.72475,-24.96885,-8.75977
36180.,-7.599314,-7.990234,-5.878771,-7.63994,23.79121,-24.81879,-7.971993
36190.,-7.560863,-7.950251,-5.848253,-7.604739,23.85735,-24.66904,-7.190994
36200.,-7.522166,-7.91005,-5.81803,-7.56913,23.92318,-24.51959,-6.416636
36210.,-7.483225,-7.869632,-5.7881,-7.533116,23.9887,-24.37044,-5.648787
36220.,-7.444042,-7.829,-5.758459,-7.496699,24.05392,-24.22159,-4.887322
36230.,-7.404618,-7.788156,-5.729105,-7.459884,24.11884,-24.07305,-4.132114
36240.,-7.364957,-7.7471,-5.700034,-7.422673,24.18346,-23.9248,-3.383046
36250.,-7.325059,-7.705835,-5.671245,-7.385069,24.24778,-23.77684,-2.640001
36260.,-7.284928,-7.664362,-5.642733,-7.347077,24.31181,-23.62919,-1.902865
36270.,-7.244564,-7.622683,-5.614497,-7.308699,24.37556,-23.48183,-1.17153
36280.,-7.203969,-7.580799,-5.586534,-7.269939,24.43902,-23.33477,-0.445888
36290.,-7.163146,-7.538713,-5.55884,-7.230799,24.50221,-23.188,0.2741631
36300.,-7.122097,-7.496426,-5.531414,-7.191282,24.56511,-23.04153,0.9887241
36310.,-7.080823,-7.45394,-5.504252,-7.151393,24.62774,-22.89535,1.697892
36320.,-7.039334,-7.411261,-5.477348,-7.111133,24.69011,-22.74957,2.406151
36330.,-6.997769,-7.368503,-5.450632,-7.070494,24.7522,-22.60618,3.188435
36340.,-6.956131,-7.325667,-5.424107,-7.029471,24.81403,-22.46516,3.964284
36350.,-6.914423,-7.282757,-5.397772,-6.98807,24.87559,-22.32648,4.73382
36360.,-6.872649,-7.239777,-5.371628,-6.946297,24.93688,-22.19011,5.497161
36370.,-6.830813,-7.196729,-5.345676,-6.904157,24.99791,-22.05604,6.254424
36380.,-6.788916,-7.153617,-5.319917,-6.861657,25.05867,-21.92423,7.005719
36390.,-6.746962,-7.110444,-5.294352,-6.818801,25.11917,-21.79467,7.751155
36400.,-6.704955,-7.067213,-5.268981,-6.775596,25.1794,-21.66732,8.490838
36410.,-6.662897,-7.023928,-5.243804,-6.732048,25.23937,-21.54217,9.224869
36420.,-6.620792,-6.980591,-5.218824,-6.688162,25.29907,-21.4192,9.953349
36430.,-6.578643,-6.937205,-5.194039,-6.643944,25.35852,-21.29837,10.67637
36440.,-6.536452,-6.893774,-5.169452,-6.599399,25.4177,-21.17967,11.39404
36450.,-6.494222,-6.8503,-5.145063,-6.554533,25.47662,-21.06307,12.10643
36460.,-6.451957,-6.806787,-5.120872,-6.509351,25.53527,-20.94856,12.81365
36470.,-6.40966,-6.763237,-5.096881,-6.463858,25.59367,-20.8361,13.51577
36480.,-6.367333,-6.719654,-5.073089,-6.418061,25.65181,-20.72567,14.21288
36490.,-6.324979,-6.67604,-5.049498,-6.371964,25.70968,-20.61726,14.90506
36500.,-6.282601,-6.632397,-5.026107,-6.325572,25.7673,-20.51085,15.5924
36510.,-6.240203,-6.58873,-5.002919,-6.278892,25.82466,-20.4064,16.27497
36520.,-6.197785,-6.545041,-4.979933,-6.231927,25.88175,-20.3039,16.95285
36530.,-6.155353,-6.501333,-4.957151,-6.184683,25.9386,-20.20332,17.62611
36540.,-6.112907,-6.457607,-4.934572,-6.137166,25.99518,-20.10466,18.29482
36550.,-6.070452,-6.413868,-4.912197,-6.08938,26.05151,-20.00787,18.95906
36560.,-6.027989,-6.370118,-4.890027,-6.041331,26.10758,-19.91295,19.61889
36570.,-5.985522,-6.326359,-4.868063,-5.993022,26.16339,-19.81987,20.27439
36580.,-5.943052,-6.282595,-4.846304,-5.94446,26.21895,-19.72862,20.92561
36590.,-5.900584,-6.238827,-4.824753,-5.895649,26.27425,-19.63916,21.57261
36600.,-5.858118,-6.195059,-4.803409,-5.846594,26.3293,-19.55149,22.21548
36610.,-5.815658,-6.151293,-4.782272,-5.7973,26.38409,-19.46558,22.85425
36620.,-5.773206,-6.107531,-4.761344,-5.747772,26.43864,-19.38142,23.489
36630.,-5.730765,-6.063777,-4.740624,-5.698013,26.49292,-19.29897,24.11978
36640.,-5.688337,-6.020032,-4.720114,-5.64803,26.54696,-19.21823,24.74665
36650.,-5.645925,-5.976299,-4.699814,-5.597826,26.60074,-19.13918,25.36966
36660.,-5.603531,-5.932581,-4.679724,-5.547406,26.65428,-19.06178,25.98887
36670.,-5.561157,-5.88888,-4.659845,-5.496775,26.70756,-18.98604,26.60434
36680.,-5.518806,-5.845198,-4.640177,-5.445938,26.76059,-18.91192,27.2161
36690.,-5.476481,-5.801539,-4.620721,-5.394897,26.81337,-18.83942,27.82422
36700.,-5.434183,-5.757903,-4.601478,-5.343659,26.8659,-18.7685,28.42875
36710.,-5.391914,-5.714293,-4.582447,-5.292228,26.91818,-18.69916,29.02973
36720.,-5.349678,-5.670713,-4.563629,-5.240607,26.97022,-18.63137,29.6272
36730.,-5.307476,-5.627163,-4.545025,-5.188802,27.022,-18.56512,30.22123
36740.,-5.265311,-5.583647,-4.526635,-5.136816,27.07354,-18.50039,30.81185
36750.,-5.223185,-5.540166,-4.508459,-5.084653,27.12484,-18.43717,31.3991
36760.,-5.181099,-5.496723,-4.490498,-5.032319,27.17588,-18.37543,31.98304
36770.,-5.139057,-5.453319,-4.472753,-4.979816,27.22668,-18.31516,32.5637
36780.,-5.09706,-5.409958,-4.455223,-4.927149,27.27724,-18.25634,33.14113
36790.,-5.05511,-5.36664,-4.437909,-4.874323,27.32755,-18.19896,33.71536
36800.,-5.013209,-5.323369,-4.420811,-4.821341,27.37761,-18.14299,34.28645
36810.,-4.97136,-5.280147,-4.40393,-4.768207,27.42744,-18.08843,34.85441
36820.,-4.929564,-5.236974,-4.387266,-4.714925,27.47702,-18.03525,35.41931
36830.,-4.887895,-5.193935,-4.370608,-4.66157,27.52642,-17.98417,35.63534
36840.,-4.8464,-5.151081,-4.353828,-4.608263,27.57568,-17.9356,35.63454
36850.,-4.805081,-5.108415,-4.336929,-4.555052,27.6248,-17.88953,35.63371
36860.,-4.763941,-5.06594,-4.319917,-4.501939,27.67378,-17.8459,35.63287
36870.,-4.722981,-5.023656,-4.302797,-4.448927,27.72261,-17.80471,35.632
36880.,-4.682205,-4.981567,-4.285573,-4.396021,27.77129,-17.76592,35.63112
36890.,-4.641614,-4.939675,-4.268251,-4.343222,27.81982,-17.7295,35.63021
36900.,-4.601209,-4.897981,-4.250834,-4.290534,27.8682,-17.69542,35.62928
36910.,-4.560995,-4.856488,-4.233328,-4.23796,27.91643,-17.66366,35.62833
36920.,-4.520972,-4.815197,-4.215737,-4.185503,27.9645,-17.63419,35.62735
36930.,-4.481142,-4.774111,-4.198066,-4.133165,28.01241,-17.60698,35.62635
36940.,-4.441508,-4.733232,-4.180319,-4.08095,28.06016,-17.582,35.62532
36950.,-4.402072,-4.692561,-4.1625,-4.028861,28.10775,-17.55923,35.62427
36960.,-4.362835,-4.6521,-4.144615,-3.976899,28.15518,-17.53864,35.62318
36970.,-4.3238,-4.611852,-4.126666,-3.925069,28.20244,-17.52021,35.62207
36980.,-4.284969,-4.571817,-4.108659,-3.873372,28.24953,-17.50392,35.62093
36990.,-4.246343,-4.531999,-4.090598,-3.821811,28.29646,-17.48972,35.61976
37000.,-4.207924,-4.492398,-4.072487,-3.77039,28.34322,-17.47761,35.61856
37010.,-4.169714,-4.453017,-4.05433,-3.71911,28.3898,-17.46756,35.61732
37020.,-4.131715,-4.413857,-4.036131,-3.667975,28.43621,-17.45953,35.61606
37030.,-4.093928,-4.37492,-4.017894,-3.616986,28.48244,-17.45352,35.61475
37040.,-4.056356,-4.336207,-3.999623,-3.566146,28.5285,-17.44949,35.61342
37050.,-4.019001,-4.29772,-3.981323,-3.515459,28.57438,-17.44742,35.61205
37060.,-3.981862,-4.259461,-3.962996,-3.464925,28.62008,-17.44729,35.61064
37070.,-3.944944,-4.221432,-3.944648,-3.414548,28.6656,-17.44908,35.6092
37080.,-3.908246,-4.183633,-3.926281,-3.36433,28.71094,-17.45276,35.60772
37090.,-3.871771,-4.146067,-3.907899,-3.314273,28.75609,-17.45831,35.6062
37100.,-3.83552,-4.108734,-3.889507,-3.26438,28.80106,-17.46571,35.60464
37110.,-3.799496,-4.071637,-3.871107,-3.214653,28.84584,-17.47494,35.60305
37120.,-3.763698,-4.034777,-3.852704,-3.165094,28.89043,-17.48597,35.60141
37130.,-3.728129,-3.998155,-3.8343,-3.115705,28.93483,-17.49879,35.59973
37140.,-3.692791,-3.961773,-3.8159,-3.066489,28.97905,-17.51338,35.59801
37150.,-3.657684,-3.925632,-3.797508,-3.017447,29.02307,-17.52971,35.59625
37160.,-3.622811,-3.889733,-3.779125,-2.968582,29.0669,-17.54777,35.59444
37170.,-3.588171,-3.854078,-3.760757,-2.919896,29.11054,-17.56753,35.59259
37180.,-3.553768,-3.818668,-3.742406,-2.871391,29.15398,-17.58898,35.5907
37190.,-3.519602,-3.783504,-3.724075,-2.823068,29.19722,-17.61209,35.58876
37200.,-3.485675,-3.748587,-3.705768,-2.774931,29.24027,-17.63685,35.58678
37210.,-3.451988,-3.713919,-3.687488,-2.72698,29.28312,-17.66324,35.58474
37220.,-3.418541,-3.679502,-3.669239,-2.679218,29.32577,-17.69124,35.58267
37230.,-3.385337,-3.645335,-3.651023,-2.631646,29.36822,-17.72083,35.58054
37240.,-3.352377,-3.61142,-3.632843,-2.584267,29.41047,-17.752,35.57837
37250.,-3.319661,-3.577759,-3.614703,-2.537082,29.45252,-17.78472,35.57614
37260.,-3.287191,-3.544353,-3.596606,-2.490094,29.49436,-17.81898,35.57387
37270.,-3.254969,-3.511202,-3.578555,-2.443303,29.536,-17.85476,35.57155
37280.,-3.222994,-3.478307,-3.560552,-2.396711,29.57744,-17.89205,35.56917
37290.,-3.191269,-3.44567,-3.5426,-2.350322,29.61867,-17.93082,35.56675
37300.,-3.159794,-3.413292,-3.524703,-2.304135,29.6597,-17.97106,35.56427
37310.,-3.128571,-3.381173,-3.506864,-2.258152,29.70052,-18.01276,35.56174
37320.,-3.0976,-3.349315,-3.489084,-2.212376,29.74113,-18.0559,35.55916
37330.,-3.066909,-3.317682,-3.471329,-2.166845,29.78152,-18.1004,35.37413
37340.,-3.03662,-3.286103,-3.453422,-2.12177,29.82163,-18.14597,34.3434
37350.,-3.00673,-3.254581,-3.435369,-2.077321,29.86147,-18.19258,33.30203
37360.,-2.977241,-3.22312,-3.417173,-2.033496,29.90104,-18.24024,32.24975
37370.,-2.948151,-3.19172,-3.39884,-1.990293,29.94033,-18.28893,31.18629
37380.,-2.919461,-3.160387,-3.380374,-1.94771,29.97935,-18.33865,30.11139
37390.,-2.891169,-3.129121,-3.36178,-1.905743,30.01809,-18.38937,29.02475
37400.,-2.863275,-3.097925,-3.343061,-1.864392,30.05656,-18.44109,27.92607
37410.,-2.835779,-3.066803,-3.324222,-1.823652,30.09476,-18.49381,26.81504
37420.,-2.80868,-3.035756,-3.305268,-1.783522,30.13268,-18.5475,25.69134
37430.,-2.781977,-3.004788,-3.286202,-1.744,30.17033,-18.60217,24.55462
37440.,-2.75567,-2.9739,-3.267029,-1.705084,30.20771,-18.6578,23.40454
37450.,-2.729758,-2.943095,-3.247754,-1.66677,30.24482,-18.71439,22.24073
37460.,-2.704242,-2.912375,-3.228379,-1.629057,30.28166,-18.77192,21.0628
37470.,-2.67912,-2.881744,-3.20891,-1.591942,30.31822,-18.83038,19.87035
37480.,-2.654391,-2.851202,-3.189351,-1.555424,30.35451,-18.88977,18.66296
37490.,-2.630056,-2.820753,-3.169705,-1.519499,30.39053,-18.95008,17.44019
37500.,-2.606113,-2.790399,-3.149976,-1.484165,30.42628,-19.0113,16.20158
37510.,-2.582563,-2.760142,-3.130168,-1.449421,30.46176,-19.07342,14.94665
37520.,-2.559404,-2.729984,-3.110285,-1.415263,30.49697,-19.13643,13.6749
37530.,-2.536636,-2.699928,-3.090332,-1.381691,30.53192,-19.20033,12.38579
37540.,-2.514258,-2.669976,-3.070311,-1.3487,30.56659,-19.2651,11.07877
37550.,-2.492271,-2.640129,-3.050226,-1.31629,30.60099,-19.33074,9.753242
37560.,-2.470672,-2.610391,-3.030082,-1.284458,30.63513,-19.39724,8.408602
37570.,-2.449462,-2.580762,-3.009881,-1.253201,30.66899,-19.4646,7.044196
37580.,-2.42864,-2.551246,-2.989628,-1.222518,30.70259,-19.5328,5.659337
37590.,-2.408206,-2.521844,-2.969325,-1.192406,30.73592,-19.60184,4.253303
37600.,-2.388158,-2.492558,-2.948978,-1.162863,30.76899,-19.67171,2.825328
37610.,-2.368497,-2.463391,-2.928588,-1.133887,30.80178,-19.7424,1.374605
37620.,-2.349221,-2.434343,-2.90816,-1.105476,30.83431,-19.81391,-0.09972473
37630.,-2.33033,-2.405418,-2.887696,-1.077627,30.86658,-19.88623,-1.598569
37640.,-2.311824,-2.376617,-2.867201,-1.050339,30.89858,-19.95935,-3.122894
37650.,-2.293702,-2.347942,-2.846678,-1.023609,30.93031,-20.03327,-4.673725
37660.,-2.275963,-2.319395,-2.82613,-0.9974348,30.96178,-20.10797,-6.252155
37670.,-2.258606,-2.290977,-2.805559,-0.9718146,30.99299,-20.18346,-7.85935
37680.,-2.241631,-2.262691,-2.78497,-0.9467462,31.02393,-20.25973,-9.496555
37690.,-2.225038,-2.234538,-2.764366,-0.9222275,31.05461,-20.33676,-11.1651
37700.,-2.208826,-2.20652,-2.74375,-0.8982564,31.08503,-20.41456,-12.86642
37710.,-2.192993,-2.178639,-2.723125,-0.8748307,31.11518,-20.49312,-14.60203
37720.,-2.177541,-2.150897,-2.702493,-0.8519484,31.14507,-20.57243,-16.3736
37730.,-2.162467,-2.123294,-2.681859,-0.8296074,31.1747,-20.65249,-18.18289
37740.,-2.147771,-2.095834,-2.661225,-0.8078056,31.20407,-20.73328,-20.03182
37750.,-2.133453,-2.068517,-2.640593,-0.786541,31.23317,-20.81481,-21.92248
37760.,-2.119511,-2.041345,-2.619968,-0.7658115,31.26202,-20.89707,-23.8571
37770.,-2.105947,-2.01432,-2.599352,-0.745615,31.29061,-20.98005,-25.83815
37780.,-2.092758,-1.987444,-2.578748,-0.7259497,31.31893,-21.06375,-27.86829
37790.,-2.079943,-1.960717,-2.558158,-0.7068133,31.347,-21.14817,-29.95044
37800.,-2.067504,-1.934142,-2.537586,-0.6882039,31.37481,-21.23329,-32.08782
37810.,-2.055438,-1.90772,-2.517034,-0.6701196,31.40236,-21.31911,-34.28394
37820.,-2.043745,-1.881453,-2.496505,-0.6525582,31.42966,-21.40563,-36.5427
37830.,-2.032425,-1.855341,-2.476002,-0.6355179,31.45669,-21.49284,-38.86842
37840.,-2.021168,-1.829633,-2.455476,-0.6188559,31.48345,-21.58021,-39.66868
37850.,-2.009869,-1.804411,-2.43491,-0.6023814,31.50992,-21.66755,-39.92308
37860.,-1.998528,-1.779674,-2.414308,-0.5860452,31.53612,-21.75486,-40.17841
37870.,-1.987148,-1.755417,-2.393669,-0.5698472,31.56203,-21.84215,-40.43467
37880.,-1.975731,-1.731638,-2.372997,-0.5537874,31.58766,-21.92942,-40.69188
37890.,-1.964277,-1.708333,-2.352292,-0.5378659,31.61303,-22.01668,-40.95004
37900.,-1.952788,-1.685498,-2.331556,-0.5220826,31.63811,-22.10392,-41.20916
37910.,-1.941267,-1.663132,-2.310791,-0.5064375,31.66293,-22.19115,-41.46924
37920.,-1.929714,-1.64123,-2.289999,-0.4909307,31.68749,-22.27837,-41.7303
37930.,-1.918131,-1.619789,-2.26918,-0.475562,31.71177,-22.36558,-41.99234
37940.,-1.90652,-1.598807,-2.248337,-0.4603317,31.73579,-22.45279,-42.25536
37950.,-1.894883,-1.57828,-2.227471,-0.4452395,31.75956,-22.53999,-42.51939
37960.,-1.883219,-1.558206,-2.206583,-0.4302855,31.78306,-22.6272,-42.78442
37970.,-1.871532,-1.53858,-2.185676,-0.4154697,31.80631,-22.71441,-43.05047
37980.,-1.859823,-1.519401,-2.16475,-0.4007921,31.8293,-22.80163,-43.31754
37990.,-1.848093,-1.500666,-2.143807,-0.3862527,31.85204,-22.88885,-43.58565
38000.,-1.836343,-1.482371,-2.122848,-0.3718514,31.87453,-22.97608,-43.85479
38010.,-1.824575,-1.464513,-2.101875,-0.3575882,31.89678,-23.06333,-44.12498
38020.,-1.812791,-1.44709,-2.08089,-0.3434631,31.91877,-23.15059,-44.39624
38030.,-1.800992,-1.430099,-2.059894,-0.3294762,31.94053,-23.23786,-44.66855
38040.,-1.789178,-1.413536,-2.038887,-0.3156272,31.96204,-23.32516,-44.94195
38050.,-1.777353,-1.3974,-2.017872,-0.3019164,31.98331,-23.41247,-45.21643
38060.,-1.765516,-1.381687,-1.99685,-0.2883435,32.00434,-23.49981,-45.49201
38070.,-1.753669,-1.366395,-1.975823,-0.2749086,32.02513,-23.58718,-45.76869
38080.,-1.741814,-1.35152,-1.954791,-0.2616117,32.0457,-23.67457,-46.04649
38090.,-1.729952,-1.33706,-1.933756,-0.2484527,32.06603,-23.76199,-46.32541
38100.,-1.718085,-1.323013,-1.912719,-0.2354315,32.08612,-23.84944,-46.60547
38110.,-1.706212,-1.309376,-1.891682,-0.2225483,32.10599,-23.93693,-46.88667
38120.,-1.694337,-1.296145,-1.870646,-0.2098028,32.12564,-24.02445,-47.16903
38130.,-1.68246,-1.283319,-1.849611,-0.1971952,32.14505,-24.11201,-47.45255
38140.,-1.670582,-1.270895,-1.828581,-0.1847252,32.16425,-24.1996,-47.73725
38150.,-1.658704,-1.258869,-1.807555,-0.172393,32.18322,-24.28724,-48.02313
38160.,-1.646828,-1.247241,-1.786534,-0.1601985,32.20197,-24.37492,-48.31022
38170.,-1.634956,-1.236006,-1.765521,-0.1481415,32.22051,-24.46265,-48.59851
38180.,-1.623087,-1.225163,-1.744516,-0.1362221,32.23883,-24.55042,-48.88802
38190.,-1.611224,-1.21471,-1.723521,-0.1244403,32.25693,-24.63824,-49.17876
38200.,-1.599368,-1.204642,-1.702537,-0.1127959,32.27482,-24.72611,-49.47074
38210.,-1.587519,-1.194959,-1.681564,-0.1012889,32.2925,-24.81403,-49.76398
38220.,-1.575679,-1.185658,-1.660604,-0.08991934,32.30996,-24.902,-50.05849
38230.,-1.563849,-1.176735,-1.639659,-0.07868707,32.32722,-24.99003,-50.35427
38240.,-1.55203,-1.16819,-1.618729,-0.06759206,32.34428,-25.07812,-50.65135
38250.,-1.540224,-1.160019,-1.597815,-0.05663425,32.36112,-25.16627,-50.94972
38260.,-1.528431,-1.15222,-1.576919,-0.0458136,32.37777,-25.25447,-51.24941
38270.,-1.516652,-1.144791,-1.556042,-0.03513004,32.39421,-25.34274,-51.55043
38280.,-1.504889,-1.13773,-1.535184,-0.0245835,32.41045,-25.43107,-51.8528
38290.,-1.493153,-1.13104,-1.514358,-0.01418349,32.4178,-25.51947,-52.15398
38300.,-1.481941,-1.12483,-1.494203,-0.004340452,32.04604,-25.60779,-52.14475
38310.,-1.471655,-1.119497,-1.475148,0.0045523,31.67857,-25.69676,-52.13559
38320.,-1.462279,-1.115027,-1.457179,0.01250981,31.31533,-25.78638,-52.1272
38330.,-1.4538,-1.111406,-1.440278,0.01954675,30.95625,-25.87663,-52.11954
38340.,-1.446208,-1.108621,-1.424435,0.0256789,30.60125,-25.96734,-52.09549
38350.,-1.439496,-1.106654,-1.409641,0.03092493,30.25023,-26.0581,-52.03312
38360.,-1.433652,-1.105493,-1.39588,0.0353021,29.90315,-26.14893,-51.97151
38370.,-1.428661,-1.105124,-1.383138,0.03882441,29.55993,-26.23981,-51.91064
38380.,-1.424511,-1.105536,-1.3714,0.0415056,29.22051,-26.33073,-51.8505
38390.,-1.421188,-1.106715,-1.36065,0.04335916,28.88484,-26.4217,-51.79108
38400.,-1.418679,-1.10865,-1.350874,0.0443983,28.55285,-26.51271,-51.73236
38410.,-1.416971,-1.111329,-1.342058,0.04463599,28.22449,-26.60375,-51.67433
38420.,-1.416053,-1.114741,-1.334188,0.04408496,27.89971,-26.69483,-51.61698
38430.,-1.415911,-1.118872,-1.32725,0.04275768,27.57844,-26.78593,-51.56029
38440.,-1.416535,-1.123714,-1.321231,0.04066642,27.26063,-26.87706,-51.50427
38450.,-1.417912,-1.129254,-1.316117,0.03782318,26.94623,-26.96821,-51.44889
38460.,-1.420031,-1.135482,-1.311896,0.03423978,26.63519,-27.05938,-51.39414
38470.,-1.42288,-1.142386,-1.308554,0.02992779,26.32746,-27.15056,-51.34002
38480.,-1.426448,-1.149958,-1.30608,0.02489857,26.02298,-27.24176,-51.28651
38490.,-1.430726,-1.158186,-1.30446,0.0191633,25.72171,-27.33296,-51.2336
38500.,-1.4357,-1.16706,-1.303683,0.01273293,25.4236,-27.42417,-51.18129
38510.,-1.441362,-1.176571,-1.303736,0.005618207,25.1286,-27.51538,-51.12956
38520.,-1.447701,-1.186709,-1.304608,-0.002170294,24.83666,-27.6066,-51.0784
38530.,-1.454707,-1.197464,-1.306287,-0.0106222,24.54775,-27.69781,-51.02781
38540.,-1.462369,-1.208828,-1.308761,-0.01972733,24.26181,-27.78902,-50.97777
38550.,-1.470679,-1.22079,-1.312021,-0.02947568,23.9788,-27.88022,-50.92827
38560.,-1.479626,-1.233343,-1.316054,-0.0398574,23.69868,-27.97142,-50.87931
38570.,-1.4892,-1.246476,-1.32085,-0.05086286,23.42141,-28.0626,-50.83088
38580.,-1.499394,-1.260182,-1.326398,-0.06248256,23.14694,-28.15377,-50.78296
38590.,-1.510197,-1.274452,-1.332688,-0.0747072,22.87523,-28.24493,-50.73556
38600.,-1.5216,-1.289277,-1.339709,-0.0875276,22.60625,-28.33608,-50.68865
38610.,-1.533595,-1.304649,-1.347451,-0.1009348,22.33995,-28.42721,-50.64224
38620.,-1.546173,-1.320561,-1.355904,-0.1149199,22.07629,-28.51832,-50.59632
38630.,-1.559325,-1.337004,-1.365059,-0.1294743,21.81525,-28.6094,-50.55087
38640.,-1.573044,-1.35397,-1.374906,-0.1445893,21.55677,-28.70047,-50.50589
38650.,-1.58732,-1.371451,-1.385435,-0.1602567,21.30083,-28.79152,-50.46137
38660.,-1.602147,-1.389441,-1.396637,-0.1764682,21.04739,-28.88254,-50.4173
38670.,-1.617515,-1.407932,-1.408503,-0.1932156,20.7964,-28.97353,-50.37368
38680.,-1.633416,-1.426916,-1.421023,-0.210491,20.54785,-29.0645,-50.3305
38690.,-1.649845,-1.446386,-1.434189,-0.2282866,20.30169,-29.15544,-50.28776
38700.,-1.666791,-1.466336,-1.447992,-0.2465946,20.05789,-29.24635,-50.24543
38710.,-1.684249,-1.486757,-1.462423,-0.2654075,19.81642,-29.33724,-50.20353
38720.,-1.702211,-1.507644,-1.477474,-0.2847178,19.57724,-29.42809,-50.16204
38730.,-1.72067,-1.52899,-1.493137,-0.3045183,19.34032,-29.51891,-50.12095
38740.,-1.739618,-1.550788,-1.509402,-0.3248016,19.10564,-29.6097,-50.08025
38750.,-1.759049,-1.573031,-1.526263,-0.3455607,18.87316,-29.70046,-50.03995
38760.,-1.778955,-1.595713,-1.543711,-0.3667887,18.64285,-29.79118,-50.00004
38770.,-1.79933,-1.618829,-1.561738,-0.3884786,18.41467,-29.88187,-49.9605
38780.,-1.820168,-1.642371,-1.580336,-0.4106239,18.18861,-29.97252,-49.92134
38790.,-1.841462,-1.666333,-1.599498,-0.4332177,17.96464,-30.06314,-49.88255
38800.,-1.863204,-1.69071,-1.619217,-0.4562536,17.74272,-30.15373,-49.84411
38810.,-1.88539,-1.715496,-1.639484,-0.4797252,17.52282,-30.24427,-49.80603
38820.,-1.908013,-1.740685,-1.660293,-0.5036262,17.30493,-30.33479,-49.7683
38830.,-1.931066,-1.766271,-1.681636,-0.5279503,17.089,-30.42526,-49.73091
38840.,-1.954544,-1.792249,-1.703507,-0.5526914,16.87503,-30.5157,-49.69386
38850.,-1.97844,-1.818613,-1.725895,-0.5778365,16.66293,-30.60577,-49.56774
38860.,-2.002749,-1.845357,-1.748793,-0.6033713,16.45267,-30.69544,-49.42858
38870.,-2.027464,-1.872475,-1.772193,-0.6292888,16.24423,-30.7847,-49.28997
38880.,-2.05258,-1.899962,-1.796089,-0.6555831,16.03759,-30.87357,-49.1519
38890.,-2.078091,-1.927812,-1.820474,-0.6822483,15.83273,-30.96204,-49.01436
38900.,-2.10399,-1.95602,-1.845342,-0.7092787,15.62961,-31.05011,-48.87736
38910.,-2.130272,-1.984581,-1.870685,-0.7366687,15.42822,-31.1378,-48.74087
38920.,-2.156932,-2.013489,-1.896496,-0.7644127,15.22853,-31.2251,-48.60489
38930.,-2.183963,-2.042739,-1.92277,-0.7925053,15.03053,-31.31202,-48.46943
38940.,-2.211361,-2.072326,-1.9495,-0.8209411,14.83419,-31.39857,-48.33446
38950.,-2.23912,-2.102245,-1.97668,-0.8497148,14.63949,-31.48473,-48.19998
38960.,-2.267234,-2.132492,-2.004304,-0.8788213,14.4464,-31.57053,-48.06599
38970.,-2.295699,-2.16306,-2.032365,-0.9082553,14.25491,-31.65595,-47.93248
38980.,-2.324509,-2.193946,-2.060857,-0.9380118,14.06501,-31.74101,-47.79945
38990.,-2.353659,-2.225144,-2.089775,-0.9680859,13.87665,-31.82571,-47.66688
39000.,-2.383144,-2.256651,-2.119113,-0.9984726,13.68984,-31.91005,-47.53477
39010.,-2.412959,-2.288461,-2.148864,-1.029167,13.50454,-31.99404,-47.40312
39020.,-2.4431,-2.320569,-2.179024,-1.060165,13.32074,-32.07767,-47.27191
39030.,-2.473562,-2.352973,-2.209586,-1.091461,13.13842,-32.16096,-47.14115
39040.,-2.504339,-2.385666,-2.240546,-1.123051,12.95757,-32.2439,-47.01083
39050.,-2.535428,-2.418646,-2.271897,-1.15493,12.77815,-32.3265,-46.88094
39060.,-2.566823,-2.451906,-2.303634,-1.187094,12.60017,-32.40876,-46.75147
39070.,-2.598521,-2.485445,-2.335753,-1.219538,12.42358,-32.49068,-46.62243
39080.,-2.630516,-2.519256,-2.368247,-1.252259,12.24839,-32.57227,-46.4938
39090.,-2.662805,-2.553337,-2.401112,-1.285251,12.07457,-32.65353,-46.36559
39100.,-2.695382,-2.587682,-2.434342,-1.318511,11.90211,-32.73446,-46.23778
39110.,-2.728245,-2.622289,-2.467933,-1.352035,11.73099,-32.81507,-46.11037
39120.,-2.761388,-2.657154,-2.50188,-1.385818,11.56119,-32.89535,-45.98335
39130.,-2.794808,-2.692272,-2.536178,-1.419856,11.39269,-32.97532,-45.85673
39140.,-2.8285,-2.727639,-2.570821,-1.454145,11.22549,-33.05498,-45.73049
39150.,-2.86246,-2.763253,-2.605806,-1.488683,11.05956,-33.13432,-45.60463
39160.,-2.896685,-2.799109,-2.641128,-1.523464,10.89488,-33.21335,-45.47915
39170.,-2.931171,-2.835204,-2.676781,-1.558484,10.73146,-33.29208,-45.35404
39180.,-2.965913,-2.871534,-2.712762,-1.593741,10.56926,-33.3705,-45.22929
39190.,-3.000909,-2.908095,-2.749067,-1.629231,10.40827,-33.44862,-45.10491
39200.,-3.036153,-2.944885,-2.785689,-1.664949,10.24849,-33.52645,-44.98089
39210.,-3.071643,-2.9819,-2.822627,-1.700893,10.08989,-33.60397,-44.85722
39220.,-3.107375,-3.019136,-2.859874,-1.737059,9.932459,-33.68121,-44.73391
39230.,-3.143346,-3.05659,-2.897427,-1.773443,9.776187,-33.75815,-44.61093
39240.,-3.179551,-3.094259,-2.935281,-1.810042,9.621057,-33.83481,-44.4883
39250.,-3.215988,-3.13214,-2.973434,-1.846852,9.467056,-33.91118,-44.36601
39260.,-3.252653,-3.170229,-3.011879,-1.883871,9.314172,-33.98727,-44.24405
39270.,-3.289542,-3.208524,-3.050614,-1.921094,9.16239,-34.06308,-44.12242
39280.,-3.326653,-3.24702,-3.089635,-1.95852,9.011697,-34.13862,-44.00112
39290.,-3.363981,-3.285716,-3.128937,-1.996144,8.862082,-34.21388,-43.88014
39300.,-3.401524,-3.324609,-3.168517,-2.033964,8.713531,-34.28886,-43.75947
39310.,-3.439279,-3.363694,-3.208371,-2.071976,8.566032,-34.36358,-43.63912
39320.,-3.477243,-3.40297,-3.248496,-2.110177,8.419572,-34.43803,-43.51909
39330.,-3.515411,-3.442434,-3.288887,-2.148565,8.274139,-34.51222,-43.39936
39340.,-3.553782,-3.482082,-3.32954,-2.187136,8.129722,-34.58614,-43.27993
39350.,-3.592351,-3.521911,-3.370444,-2.225885,7.986278,-34.6598,-43.13083
39360.,-3.631113,-3.561918,-3.41158,-2.264803,7.843755,-34.73321,-42.94269
39370.,-3.670066,-3.602101,-3.452947,-2.303885,7.702143,-34.80635,-42.75512
39380.,-3.709206,-3.642456,-3.49454,-2.343127,7.56143,-34.87924,-42.5681
39390.,-3.748532,-3.682981,-3.536356,-2.382528,7.421607,-34.95188,-42.38164
39400.,-3.788039,-3.723674,-3.578393,-2.422084,7.282663,-35.02427,-42.19572
39410.,-3.827727,-3.764531,-3.620648,-2.461792,7.144588,-35.09641,-42.01034
39420.,-3.867591,-3.805551,-3.663116,-2.501652,7.007372,-35.1683,-41.8255
39430.,-3.907629,-3.846731,-3.705797,-2.541659,6.871005,-35.23995,-41.6412
39440.,-3.947839,-3.888069,-3.748685,-2.581813,6.735477,-35.31136,-41.45741
39450.,-3.988218,-3.929563,-3.79178,-2.622109,6.600778,-35.38253,-41.27415
39460.,-4.028764,-3.971209,-3.835077,-2.662547,6.466899,-35.45346,-41.09141
39470.,-4.069474,-4.013005,-3.878574,-2.703123,6.333831,-35.52416,-40.90918
39480.,-4.110345,-4.054951,-3.922268,-2.743835,6.201564,-35.59463,-40.72745
39490.,-4.151376,-4.097042,-3.966157,-2.784682,6.070089,-35.66487,-40.54623
39500.,-4.192564,-4.139277,-4.010237,-2.825661,5.939397,-35.73487,-40.36551
39510.,-4.233906,-4.181654,-4.054506,-2.866769,5.809479,-35.80466,-40.18528
39520.,-4.2754,-4.22417,-4.098962,-2.908005,5.680327,-35.87421,-40.00554
39530.,-4.317044,-4.266824,-4.143602,-2.949367,5.551932,-35.94355,-39.82629
39540.,-4.358836,-4.309613,-4.188423,-2.990852,5.424285,-36.01267,-39.64752
39550.,-4.400773,-4.352536,-4.233423,-3.032458,5.297377,-36.08157,-39.46923
39560.,-4.442853,-4.395589,-4.278599,-3.074184,5.171201,-36.15025,-39.29141
39570.,-4.485075,-4.438772,-4.323949,-3.116027,5.045749,-36.21872,-39.11406
39580.,-4.527435,-4.482082,-4.36947,-3.157986,4.921011,-36.28697,-38.93717
39590.,-4.569932,-4.525517,-4.41516,-3.200057,4.796981,-36.35502,-38.76075
39600.,-4.612564,-4.569076,-4.461017,-3.242241,4.67365,-36.42286,-38.58478
39610.,-4.655328,-4.612755,-4.507038,-3.284533,4.551011,-36.49049,-38.40927
39620.,-4.698223,-4.656555,-4.553221,-3.326934,4.429055,-36.55792,-38.23421
39630.,-4.741247,-4.700472,-4.599564,-3.36944,4.307776,-36.62514,-38.05959
39640.,-4.784397,-4.744505,-4.646064,-3.412051,4.187165,-36.69216,-37.88541
39650.,-4.827672,-4.788651,-4.692719,-3.454763,4.067216,-36.75899,-37.71168
39660.,-4.87107,-4.83291,-4.739528,-3.497576,3.94792,-36.82562,-37.53838
39670.,-4.914588,-4.87728,-4.786487,-3.540488,3.829272,-36.89205,-37.36551
39680.,-4.958226,-4.921758,-4.833595,-3.583497,3.711263,-36.95828,-37.19307
39690.,-5.00198,-4.966342,-4.88085,-3.626601,3.593888,-37.02433,-37.02105
39700.,-5.04585,-5.011033,-4.928249,-3.669799,3.477138,-37.09019,-36.84946
39710.,-5.089833,-5.055826,-4.975791,-3.713089,3.361007,-37.15585,-36.67828
39720.,-5.133928,-5.100722,-5.023473,-3.756469,3.245488,-37.22133,-36.50752
39730.,-5.178133,-5.145718,-5.071294,-3.799937,3.130575,-37.28663,-36.33717
39740.,-5.222446,-5.190813,-5.119251,-3.843493,3.016261,-37.35174,-36.16723
39750.,-5.266866,-5.236005,-5.167343,-3.887135,2.902539,-37.41667,-35.99769
39760.,-5.311391,-5.281292,-5.215567,-3.93086,2.789404,-37.48141,-35.82856
39770.,-5.356018,-5.326673,-5.263923,-3.974668,2.676849,-37.54598,-35.65982
39780.,-5.400747,-5.372147,-5.312407,-4.018557,2.564867,-37.61038,-35.49148
39790.,-5.445576,-5.417712,-5.361018,-4.062526,2.453452,-37.67459,-35.32354
39800.,-5.490504,-5.463366,-5.409755,-4.106573,2.342599,-37.73863,-35.15598
39810.,-5.535528,-5.509108,-5.458615,-4.150696,2.232302,-37.8025,-34.98881
39820.,-5.580647,-5.554936,-5.507596,-4.194894,2.122553,-37.8662,-34.82203
39830.,-5.62586,-5.60085,-5.556698,-4.239167,2.013349,-37.92973,-34.65562
39840.,-5.671164,-5.646847,-5.605917,-4.283511,1.904681,-37.99309,-34.4896
39850.,-5.71656,-5.692927,-5.655253,-4.327927,1.796547,-38.05628,-34.32395
39860.,-5.762048,-5.73909,-5.704665,-4.372413,1.688889,-38.11893,-34.16661
39870.,-5.807628,-5.785335,-5.754151,-4.416968,1.581704,-38.18103,-34.00965
39880.,-5.853298,-5.83166,-5.803709,-4.461591,1.474987,-38.24259,-33.85303
39890.,-5.899055,-5.878064,-5.853337,-4.50628,1.368734,-38.30361,-33.69674
39900.,-5.944899,-5.924544,-5.903035,-4.551033,1.262939,-38.3641,-33.54079
39910.,-5.990826,-5.971099,-5.9528,-4.595849,1.157598,-38.42407,-33.38516
39920.,-6.036836,-6.017727,-6.002631,-4.640727,1.052706,-38.48352,-33.22985
39930.,-6.082927,-6.064428,-6.052526,-4.685664,0.9482605,-38.54246,-33.07487
39940.,-6.129097,-6.111199,-6.102485,-4.730659,0.8442556,-38.60088,-32.92021
39950.,-6.175344,-6.158038,-6.152504,-4.775711,0.7406872,-38.6588,-32.76587
39960.,-6.221667,-6.204945,-6.202584,-4.820818,0.6375513,-38.71621,-32.61185
39970.,-6.268064,-6.251917,-6.252722,-4.865978,0.5348435,-38.77313,-32.45814
39980.,-6.314534,-6.298953,-6.302917,-4.911191,0.4325598,-38.82955,-32.30474
39990.,-6.361075,-6.346052,-6.353168,-4.956455,0.330696,-38.88549,-32.15165
40000.,-6.407685,-6.393212,-6.403473,-5.001768,0.2292482,-38.94094,-31.99886