Times,MAIN_PNL_PX.1,MAIN_PNL_MX.1,MAIN_PNL_PY.1,MAIN_PNL_MY.1,MAIN_PNL_PZ.1,MAIN_PNL_MZ.1,MAIN_PNL_MY.20001
0.,20.,20.,20.,20.,20.,20.,20.
10.,19.96552,19.9831,19.97049,19.98727,20.36121,19.42213,-25.0302
20.,19.93087,19.96581,19.94075,19.97408,20.71754,18.85535,-25.03966
30.,19.89607,19.94815,19.9108,19.9605,21.06902,18.29937,-25.0494
40.,19.86115,19.93015,19.88065,19.94656,21.41574,17.75393,-25.05939
50.,19.82612,19.91182,19.85034,19.93228,21.75775,17.21878,-25.06962
60.,19.79099,19.89319,19.81987,19.91768,22.0951,16.69368,-25.08008
70.,19.75579,19.87427,19.78926,19.90278,22.42785,16.17838,-25.09075
80.,19.72052,19.85508,19.75854,19.8876,22.75606,15.67266,-25.10162
90.,19.68521,19.83564,19.72771,19.87215,23.07979,15.17629,-25.11268
100.,19.64987,19.81597,19.69679,19.85644,23.39909,14.68905,-25.12391
110.,19.61451,19.79608,19.6658,19.84051,23.71402,14.21074,-25.13531
120.,19.57914,19.77598,19.63474,19.82435,24.02462,13.74114,-25.14687
130.,19.54378,19.7557,19.60363,19.808,24.33096,13.28006,-25.15857
140.,19.50843,19.73525,19.57249,19.79145,24.63309,12.82731,-25.1704
150.,19.47311,19.71463,19.54133,19.77472,24.93106,12.3827,-25.18236
160.,19.43783,19.69387,19.51014,19.75783,25.22491,11.94606,-25.19443
170.,19.4026,19.67297,19.47896,19.74078,25.51471,11.51719,-25.20661
180.,19.36743,19.65194,19.44778,19.7236,25.8005,11.09594,-25.21889
190.,19.33233,19.63081,19.41663,19.70628,26.08233,10.68213,-25.23127
200.,19.2973,19.60957,19.38549,19.68885,26.36025,10.27561,-25.24372
210.,19.26235,19.58824,19.35439,19.6713,26.63431,9.87622,-25.25626
220.,19.22749,19.56683,19.32334,19.65366,26.90456,9.483801,-25.26886
230.,19.19273,19.54535,19.29233,19.63593,27.17105,9.098208,-25.28153
240.,19.15808,19.52381,19.26138,19.61811,27.43381,8.719296,-25.29425
250.,19.12354,19.50221,19.2305,19.60023,27.6929,8.346924,-25.30702
260.,19.08911,19.48056,19.19969,19.58228,27.94837,7.980956,-25.31984
270.,19.0548,19.45888,19.16895,19.56427,28.20026,7.621258,-25.3327
280.,19.02063,19.43716,19.13831,19.54621,28.44861,7.2677,-25.3456
290.,18.98659,19.41543,19.10775,19.52811,28.69348,6.920156,-25.35852
300.,18.95268,19.39367,19.07728,19.50997,28.93489,6.578502,-25.37147
310.,18.91892,19.3719,19.04692,19.49181,29.17291,6.242618,-25.38444
320.,18.8853,19.35013,19.01666,19.47362,29.40756,5.912388,-25.39742
330.,18.85184,19.32836,18.98651,19.45541,29.63889,5.587697,-25.41042
340.,18.81853,19.3066,18.95648,19.4372,29.86695,5.268434,-25.42343
350.,18.78537,19.28485,18.92656,19.41897,30.09178,4.95449,-25.43644
360.,18.75238,19.26312,18.89676,19.40075,30.31341,4.645761,-25.44945
370.,18.71955,19.24141,18.86709,19.38252,30.53189,4.342143,-25.46245
380.,18.68689,19.21973,18.83755,19.36431,30.74726,4.043534,-25.47545
390.,18.65439,19.19808,18.80814,19.34611,30.95956,3.749838,-25.48845
400.,18.62207,19.17647,18.77886,19.32792,31.16882,3.460958,-25.50143
410.,18.58992,19.15489,18.74972,19.30976,31.37509,3.176802,-25.51439
420.,18.55795,19.13336,18.72072,19.29161,31.57841,2.897276,-25.52734
430.,18.52615,19.11188,18.69187,19.2735,31.7788,2.622294,-25.54027
440.,18.49454,19.09045,18.66315,19.25542,31.97632,2.351766,-25.55318
450.,18.4631,19.06907,18.63459,19.23737,32.17099,2.08561,-25.56606
460.,18.43185,19.04774,18.60617,19.21936,32.36286,1.82374,-25.57891
470.,18.40078,19.02648,18.5779,19.20139,32.55196,1.566078,-25.59174
480.,18.3699,19.00528,18.54978,19.18346,32.73833,1.312542,-25.60454
490.,18.3392,18.98415,18.52181,19.16557,32.92199,1.063057,-25.6173
500.,18.30868,18.96308,18.494,19.14774,33.103,0.817545,-25.63003
510.,18.27836,18.94208,18.46635,19.12995,33.28138,0.5759337,-25.64281
520.,18.24822,18.92115,18.43885,19.11222,33.45716,0.3381504,-25.65679
530.,18.21827,18.9003,18.4115,19.09454,33.63038,0.1041242,-25.67074
540.,18.18851,18.87952,18.38431,19.07691,33.80108,-0.1262138,-25.68465
550.,18.15893,18.85881,18.35728,19.05934,33.96928,-0.3529313,-25.69852
560.,18.12955,18.83819,18.33041,19.04183,34.13502,-0.5760944,-25.71235
570.,18.10035,18.81764,18.3037,19.02439,34.29834,-0.7957678,-25.72613
580.,18.07135,18.79718,18.27715,19.007,34.45926,-1.012015,-25.73987
590.,18.04253,18.77679,18.25076,18.98968,34.61781,-1.224897,-25.75357
600.,18.0139,18.7565,18.22453,18.97242,34.77403,-1.434476,-25.76722
610.,17.98547,18.73628,18.19846,18.95523,34.92795,-1.64081,-25.78082
620.,17.95721,18.71616,18.17255,18.9381,35.0796,-1.843957,-25.79438
630.,17.92915,18.69612,18.1468,18.92104,35.22901,-2.043974,-25.80789
640.,17.90128,18.67616,18.12121,18.90405,35.3762,-2.240917,-25.82135
650.,17.87359,18.6563,18.09578,18.88713,35.52122,-2.434841,-25.83477
660.,17.84609,18.63653,18.07051,18.87028,35.66408,-2.625798,-25.84813
670.,17.81878,18.61684,18.0454,18.8535,35.80482,-2.81384,-25.86144
680.,17.79165,18.59725,18.02045,18.8368,35.94346,-2.99902,-25.8747
690.,17.7647,18.57775,17.99566,18.82016,36.08003,-3.181387,-25.88792
700.,17.73794,18.55834,17.97103,18.8036,36.21457,-3.36099,-25.90108
710.,17.71137,18.53902,17.94655,18.78711,36.3471,-3.537876,-25.91419
720.,17.68497,18.5198,17.92224,18.7707,36.47764,-3.712095,-25.92724
730.,17.65876,18.50066,17.89808,18.75436,36.60622,-3.88369,-25.94025
740.,17.63273,18.48163,17.87407,18.73809,36.73287,-4.052708,-25.9532
750.,17.60688,18.46268,17.85023,18.72189,36.85762,-4.219193,-25.9661
760.,17.5812,18.44383,17.82654,18.70578,36.98049,-4.383188,-25.97895
770.,17.55571,18.42507,17.803,18.68973,37.1015,-4.544736,-25.99175
780.,17.53039,18.4064,17.77962,18.67376,37.22069,-4.703879,-26.00449
790.,17.50524,18.38783,17.75639,18.65787,37.33807,-4.860658,-26.01718
800.,17.48028,18.36936,17.73331,18.64205,37.45367,-5.015112,-26.02982
810.,17.45548,18.35097,17.71039,18.6263,37.56752,-5.167281,-26.0424
820.,17.43086,18.33268,17.68761,18.61063,37.67964,-5.317204,-26.05494
830.,17.40641,18.31448,17.66499,18.59504,37.79005,-5.464918,-26.06742
840.,17.38213,18.29638,17.64251,18.57951,37.89878,-5.610461,-26.07985
850.,17.35801,18.27837,17.62019,18.56407,38.00585,-5.753869,-26.09222
860.,17.33407,18.26045,17.59801,18.5487,38.11129,-5.895177,-26.10454
870.,17.31029,18.24262,17.57597,18.5334,38.2151,-6.034421,-26.11682
880.,17.28668,18.22489,17.55408,18.51817,38.31733,-6.171635,-26.12904
890.,17.26323,18.20725,17.53234,18.50302,38.41798,-6.306853,-26.1412
900.,17.23994,18.1897,17.51073,18.48794,38.51709,-6.440107,-26.15332
910.,17.21682,18.17224,17.48927,18.47294,38.61467,-6.571431,-26.16539
920.,17.19385,18.15487,17.46795,18.458,38.71075,-6.700856,-26.1774
930.,17.17104,18.13759,17.44677,18.44314,38.80533,-6.828413,-26.18936
940.,17.1484,18.1204,17.42573,18.42835,38.89846,-6.954133,-26.20128
950.,17.1259,18.10331,17.40483,18.41363,38.99014,-7.078047,-26.21314
960.,17.10357,18.0863,17.38406,18.39899,39.0804,-7.200183,-26.22495
970.,17.08138,18.06938,17.36343,18.38441,39.16925,-7.32057,-26.23671
980.,17.05935,18.05254,17.34294,18.36991,39.25672,-7.439238,-26.24843
990.,17.03747,18.0358,17.32257,18.35547,39.34283,-7.556214,-26.26009
1000.,17.01574,18.01914,17.30234,18.3411,39.42758,-7.671525,-26.27171
1010.,16.99416,18.00257,17.28224,18.32681,39.51102,-7.785199,-26.28327
1020.,16.97272,17.98608,17.26227,18.31258,39.59314,-7.897262,-26.29348
1030.,16.95143,17.96969,17.24244,18.29842,39.67398,-8.00774,-26.30286
1040.,16.93029,17.95337,17.22272,18.28432,39.75354,-8.116658,-26.31219
1050.,16.90928,17.93714,17.20314,18.2703,39.83186,-8.224042,-26.32147
1060.,16.88842,17.921,17.18368,18.25634,39.90894,-8.329916,-26.3307
1070.,16.8677,17.90494,17.16434,18.24245,39.9848,-8.434304,-26.33989
1080.,16.84712,17.88896,17.14513,18.22862,40.05946,-8.53723,-26.34903
1090.,16.82668,17.87307,17.12604,18.21486,40.13294,-8.638718,-26.35812
1100.,16.80637,17.85726,17.10708,18.20116,40.20525,-8.73879,-26.36717
1110.,16.7862,17.84153,17.08823,18.18753,40.27641,-8.837468,-26.37617
1120.,16.76616,17.82588,17.0695,18.17396,40.34644,-8.934776,-26.38513
1130.,16.74625,17.81031,17.05089,18.16046,40.41535,-9.030734,-26.39404
1140.,16.72648,17.79482,17.0324,18.14701,40.48316,-9.125364,-26.4029
1150.,16.70683,17.7794,17.01402,18.13363,40.54989,-9.218688,-26.41173
1160.,16.68732,17.76407,16.99575,18.12031,40.61554,-9.310724,-26.42051
1170.,16.66793,17.74881,16.9776,18.10705,40.68014,-9.401495,-26.42924
1180.,16.64867,17.73364,16.95957,18.09385,40.7437,-9.491019,-26.43793
1190.,16.62953,17.71853,16.94164,18.08072,40.80623,-9.579317,-26.44659
1200.,16.61051,17.70351,16.92382,18.06764,40.86776,-9.666406,-26.45519
1210.,16.59162,17.68855,16.90612,18.05462,40.92828,-9.752308,-26.46376
1220.,16.57285,17.67368,16.88852,18.04165,40.98783,-9.837039,-26.47229
1230.,16.5542,17.65887,16.87102,18.02875,41.04641,-9.920619,-26.48077
1240.,16.53567,17.64414,16.85363,18.0159,41.10403,-10.00306,-26.48922
1250.,16.51725,17.62948,16.83635,18.00311,41.16071,-10.08439,-26.49762
1260.,16.49895,17.61489,16.81917,17.99037,41.21647,-10.16462,-26.50598
1270.,16.48077,17.60038,16.8021,17.97769,41.27131,-10.24377,-26.51431
1280.,16.4627,17.58593,16.78512,17.96506,41.32526,-10.32186,-26.5226
1290.,16.44474,17.57156,16.76825,17.95249,41.37832,-10.39889,-26.53084
1300.,16.42689,17.55725,16.75147,17.93997,41.4305,-10.47489,-26.53905
1310.,16.40915,17.54301,16.73479,17.92751,41.48182,-10.54988,-26.54723
1320.,16.39153,17.52884,16.71822,17.91509,41.53229,-10.62387,-26.55536
1330.,16.37401,17.51474,16.70173,17.90273,41.58192,-10.69687,-26.56346
1340.,16.35659,17.5007,16.68534,17.89042,41.63073,-10.7689,-26.57152
1350.,16.33928,17.48673,16.66905,17.87816,41.67873,-10.83997,-26.57955
1360.,16.32208,17.47283,16.65285,17.86595,41.72592,-10.9101,-26.58754
1370.,16.30498,17.45899,16.63674,17.85379,41.77233,-10.97931,-26.59549
1380.,16.28798,17.44521,16.62073,17.84168,41.81796,-11.04761,-26.60341
1390.,16.27109,17.4315,16.6048,17.82962,41.86282,-11.115,-26.6113
1400.,16.25429,17.41785,16.58896,17.81761,41.90692,-11.18151,-26.61915
1410.,16.23759,17.40426,16.57321,17.80564,41.95028,-11.24715,-26.62696
1420.,16.22099,17.39073,16.55755,17.79372,41.99291,-11.31194,-26.63475
1430.,16.20449,17.37727,16.54198,17.78185,42.03481,-11.37588,-26.6425
1440.,16.18808,17.36386,16.52649,17.77002,42.076,-11.43898,-26.65022
1450.,16.17177,17.35052,16.51108,17.75824,42.11649,-11.50127,-26.6579
1460.,16.15555,17.33723,16.49576,17.7465,42.15629,-11.56275,-26.66556
1470.,16.13942,17.32401,16.48053,17.73481,42.1954,-11.62343,-26.67318
1480.,16.12338,17.31084,16.46537,17.72317,42.23385,-11.68334,-26.68077
1490.,16.10744,17.29773,16.4503,17.71156,42.27163,-11.74247,-26.68833
1500.,16.09158,17.28467,16.4353,17.7,42.30876,-11.80084,-26.69586
1510.,16.07582,17.27167,16.42039,17.68848,42.34524,-11.85846,-26.70336
1520.,16.06014,17.25873,16.40555,17.677,42.38109,-11.91535,-26.71088
1530.,16.04455,17.24584,16.39079,17.66557,42.41632,-11.97151,-26.71862
1540.,16.02904,17.233,16.37611,17.65417,42.45093,-12.02696,-26.72633
1550.,16.01362,17.22022,16.3615,17.64282,42.48493,-12.0817,-26.73401
1560.,15.99828,17.20749,16.34696,17.63151,42.51834,-12.13575,-26.74166
1570.,15.98302,17.19481,16.33251,17.62023,42.55115,-12.18912,-26.74929
1580.,15.96785,17.18219,16.31812,17.609,42.58339,-12.24181,-26.75689
1590.,15.95276,17.16961,16.3038,17.5978,42.61505,-12.29384,-26.76445
1600.,15.93775,17.15708,16.28956,17.58664,42.64615,-12.34522,-26.772
1610.,15.92281,17.14461,16.27539,17.57552,42.67669,-12.39595,-26.77951
1620.,15.90796,17.13218,16.26129,17.56444,42.70669,-12.44606,-26.787
1630.,15.89318,17.1198,16.24725,17.55339,42.73615,-12.49553,-26.79446
1640.,15.87848,17.10747,16.23329,17.54238,42.76507,-12.54439,-26.8019
1650.,15.86386,17.09519,16.21939,17.53141,42.79347,-12.59265,-26.80931
1660.,15.84931,17.08295,16.20556,17.52047,42.82136,-12.64031,-26.8167
1670.,15.83483,17.07076,16.19179,17.50957,42.84874,-12.68738,-26.82406
1680.,15.82043,17.05862,16.17809,17.4987,42.87562,-12.73387,-26.83139
1690.,15.8061,17.04652,16.16446,17.48786,42.902,-12.77979,-26.83871
1700.,15.79184,17.03447,16.15088,17.47706,42.9279,-12.82515,-26.84599
1710.,15.77765,17.02246,16.13738,17.4663,42.95332,-12.86996,-26.85326
1720.,15.76354,17.0105,16.12393,17.45556,42.97827,-12.91422,-26.8605
1730.,15.74949,16.99858,16.11054,17.44486,43.00275,-12.95794,-26.86772
1740.,15.73551,16.9867,16.09722,17.43419,43.02678,-13.00113,-26.87491
1750.,15.7216,16.97487,16.08396,17.42356,43.05035,-13.0438,-26.88208
1760.,15.70775,16.96308,16.07075,17.41295,43.07349,-13.08596,-26.88923
1770.,15.69397,16.95133,16.05761,17.40238,43.09618,-13.1276,-26.89636
1780.,15.68026,16.93963,16.04452,17.39184,43.11844,-13.16875,-26.90346
1790.,15.66661,16.92796,16.0315,17.38133,43.14028,-13.20941,-26.91054
1800.,15.65303,16.91634,16.01852,17.37085,43.1617,-13.24958,-26.91761
1810.,15.6395,16.90475,16.00561,17.36039,43.18271,-13.28928,-26.92465
1820.,15.62605,16.89321,15.99275,17.34997,43.20331,-13.3285,-26.93167
1830.,15.61265,16.8817,15.97995,17.33958,43.22351,-13.36726,-26.93866
1840.,15.59931,16.87024,15.9672,17.32921,43.24332,-13.40556,-26.94564
1850.,15.58604,16.85881,15.9545,17.31888,43.26274,-13.44342,-26.9526
1860.,15.57282,16.84742,15.94186,17.30857,43.28178,-13.48082,-26.95954
1870.,15.55967,16.83607,15.92927,17.29829,43.30044,-13.51779,-26.96646
1880.,15.54657,16.82476,15.91674,17.28804,43.31873,-13.55433,-26.97335
1890.,15.53353,16.81348,15.90425,17.27781,43.33665,-13.59045,-26.98023
1900.,15.52055,16.80224,15.89182,17.26762,43.35422,-13.62614,-26.98709
1910.,15.50762,16.79103,15.87943,17.25745,43.37143,-13.66143,-26.99394
1920.,15.49476,16.77987,15.8671,17.2473,43.38829,-13.6963,-27.00076
1930.,15.48194,16.76874,15.85482,17.23718,43.4048,-13.73078,-27.00756
1940.,15.46918,16.75764,15.84258,17.22709,43.42098,-13.76486,-27.01435
1950.,15.45648,16.74658,15.8304,17.21702,43.43683,-13.79855,-27.02112
1960.,15.44383,16.73555,15.81826,17.20698,43.45234,-13.83186,-27.02786
1970.,15.43123,16.72456,15.80616,17.19696,43.46753,-13.86479,-27.0346
1980.,15.41868,16.7136,15.79412,17.18697,43.48241,-13.89735,-27.04131
1990.,15.40619,16.70267,15.78212,17.177,43.49697,-13.92954,-27.04801
2000.,15.39375,16.69178,15.77017,17.16705,43.51122,-13.96137,-27.05469
2010.,15.38136,16.68092,15.75826,17.15713,43.52516,-13.99284,-27.06135
2020.,15.36902,16.67009,15.7464,17.14723,43.53881,-14.02396,-27.068
2030.,15.35672,16.6593,15.73458,17.13736,43.55216,-14.05473,-27.07477
2040.,15.34448,16.64853,15.72281,17.12751,43.56521,-14.08516,-27.08157
2050.,15.33229,16.63781,15.71108,17.11768,43.57799,-14.11525,-27.08836
2060.,15.32014,16.62711,15.69939,17.10787,43.59048,-14.14502,-27.09513
2070.,15.30804,16.61644,15.68775,17.09809,43.60269,-14.17445,-27.10188
2080.,15.29599,16.60581,15.67614,17.08833,43.61464,-14.20357,-27.10862
2090.,15.28399,16.59521,15.66458,17.07859,43.62631,-14.23236,-27.11535
2100.,15.27203,16.58464,15.65306,17.06887,43.63772,-14.26084,-27.12205
2110.,15.26012,16.5741,15.64159,17.05917,43.64886,-14.28901,-27.12875
2120.,15.24825,16.56359,15.63015,17.0495,43.65975,-14.31688,-27.13543
2130.,15.23643,16.55311,15.61875,17.03984,43.67039,-14.34445,-27.14209
2140.,15.22465,16.54266,15.60739,17.03021,43.68077,-14.37172,-27.14874
2150.,15.21292,16.53224,15.59607,17.02059,43.69092,-14.3987,-27.15537
2160.,15.20122,16.52185,15.58479,17.011,43.70082,-14.42539,-27.16199
2170.,15.18957,16.51149,15.57355,17.00142,43.71048,-14.4518,-27.16859
2180.,15.17797,16.50115,15.56235,16.99187,43.71991,-14.47793,-27.17519
2190.,15.1664,16.49085,15.55118,16.98234,43.7291,-14.50379,-27.18176
2200.,15.15488,16.48057,15.54005,16.97282,43.73807,-14.52937,-27.18833
2210.,15.1434,16.47032,15.52896,16.96333,43.74682,-14.55468,-27.19488
2220.,15.13196,16.4601,15.5179,16.95385,43.75534,-14.57974,-27.20141
2230.,15.12056,16.44991,15.50688,16.94439,43.76365,-14.60453,-27.20793
2240.,15.1092,16.43974,15.4959,16.93495,43.77174,-14.62906,-27.21444
2250.,15.09788,16.4296,15.48495,16.92553,43.77963,-14.65334,-27.22094
2260.,15.08659,16.41949,15.47404,16.91613,43.7873,-14.67737,-27.22742
2270.,15.07535,16.4094,15.46316,16.90675,43.79477,-14.70116,-27.23389
2280.,15.06414,16.39934,15.45231,16.89738,43.80205,-14.7247,-27.24035
2290.,15.05298,16.38931,15.4415,16.88803,43.80912,-14.748,-27.24679
2300.,15.04185,16.3793,15.43073,16.8787,43.816,-14.77107,-27.25323
2310.,15.03075,16.36932,15.41998,16.86939,43.82268,-14.79391,-27.25965
2320.,15.0197,16.35936,15.40927,16.8601,43.82918,-14.81651,-27.26605
2330.,15.00868,16.34943,15.39859,16.85082,43.83549,-14.83889,-27.27245
2340.,14.99769,16.33952,15.38795,16.84156,43.84162,-14.86105,-27.27883
2350.,14.98674,16.32963,15.37734,16.83231,43.84757,-14.88299,-27.2852
2360.,14.97583,16.31978,15.36675,16.82309,43.85334,-14.90471,-27.29156
2370.,14.96495,16.30994,15.3562,16.81388,43.85893,-14.92622,-27.29791
2380.,14.95411,16.30013,15.34568,16.80468,43.86436,-14.94751,-27.30424
2390.,14.9433,16.29034,15.3352,16.79551,43.86961,-14.9686,-27.31057
2400.,14.93252,16.28058,15.32474,16.78634,43.8747,-14.98949,-27.31688
2410.,14.92178,16.27084,15.31431,16.7772,43.87962,-15.01017,-27.32318
2420.,14.91107,16.26112,15.30391,16.76807,43.88438,-15.03065,-27.32947
2430.,14.9004,16.25142,15.29355,16.75896,43.88898,-15.05094,-27.33575
2440.,14.88976,16.24175,15.28321,16.74986,43.89343,-15.07103,-27.34202
2450.,14.87915,16.2321,15.2729,16.74077,43.89772,-15.09093,-27.34827
2460.,14.86857,16.22247,15.26262,16.73171,43.90186,-15.11065,-27.35452
2470.,14.85802,16.21287,15.25237,16.72266,43.90584,-15.13018,-27.36075
2480.,14.84751,16.20329,15.24214,16.71362,43.90969,-15.14952,-27.36698
2490.,14.83702,16.19373,15.23195,16.7046,43.91338,-15.16868,-27.37319
2500.,14.82657,16.18419,15.22178,16.69559,43.91694,-15.18767,-27.37939
2510.,14.81615,16.17467,15.21164,16.6866,43.92035,-15.20648,-27.38558
2520.,14.80575,16.16517,15.20153,16.67762,43.92362,-15.22512,-27.39176
2530.,14.79539,16.15569,15.19144,16.66866,43.92676,-15.24358,-27.39809
2540.,14.78506,16.14624,15.18138,16.65971,43.92977,-15.26188,-27.40476
2550.,14.77476,16.13681,15.17135,16.65077,43.93264,-15.28001,-27.41142
2560.,14.76448,16.1274,15.16135,16.64185,43.93538,-15.29798,-27.41806
2570.,14.75424,16.118,15.15137,16.63295,43.93799,-15.31578,-27.4247
2580.,14.74402,16.10864,15.14142,16.62406,43.94048,-15.33343,-27.43132
2590.,14.73383,16.09929,15.13149,16.61518,43.94285,-15.35092,-27.43794
2600.,14.72367,16.08996,15.1216,16.60631,43.94509,-15.36825,-27.44454
2610.,14.71354,16.08065,15.11172,16.59746,43.94721,-15.38543,-27.45114
2620.,14.70344,16.07136,15.10188,16.58862,43.94921,-15.40246,-27.45773
2630.,14.69336,16.0621,15.09206,16.5798,43.9511,-15.41934,-27.46431
2640.,14.68331,16.05285,15.08226,16.57099,43.95287,-15.43607,-27.47087
2650.,14.67329,16.04362,15.07249,16.56219,43.95453,-15.45266,-27.47743
2660.,14.66329,16.03441,15.06274,16.55341,43.95608,-15.4691,-27.48398
2670.,14.65332,16.02523,15.05302,16.54464,43.95752,-15.48541,-27.49052
2680.,14.64338,16.01606,15.04332,16.53588,43.95885,-15.50157,-27.49705
2690.,14.63346,16.00691,15.03365,16.52713,43.96007,-15.5176,-27.50358
2700.,14.62357,15.99778,15.024,16.5184,43.96119,-15.53349,-27.51009
2710.,14.6137,15.98867,15.01437,16.50968,43.96221,-15.54925,-27.51659
2720.,14.60386,15.97957,15.00477,16.50097,43.96313,-15.56488,-27.52309
2730.,14.59405,15.9705,14.99519,16.49228,43.96395,-15.58037,-27.52957
2740.,14.58425,15.96144,14.98563,16.4836,43.96467,-15.59574,-27.53605
2750.,14.57449,15.95241,14.9761,16.47493,43.96529,-15.61098,-27.54252
2760.,14.56475,15.94339,14.96659,16.46627,43.96582,-15.6261,-27.54898
2770.,14.55503,15.93439,14.9571,16.45763,43.96626,-15.6411,-27.55543
2780.,14.54534,15.9254,14.94763,16.449,43.9666,-15.65597,-27.56187
2790.,14.53567,15.91644,14.93819,16.44038,43.96686,-15.67072,-27.5683
2800.,14.52602,15.90749,14.92877,16.43177,43.96703,-15.68535,-27.57473
2810.,14.5164,15.89856,14.91937,16.42317,43.9671,-15.69987,-27.58115
2820.,14.5068,15.88965,14.90999,16.41459,43.9671,-15.71427,-27.58755
2830.,14.49723,15.88076,14.90064,16.40602,43.96701,-15.72856,-27.59395
2840.,14.48767,15.87188,14.8913,16.39746,43.96683,-15.74274,-27.60035
2850.,14.47814,15.86302,14.88199,16.38891,43.96657,-15.75681,-27.60673
2860.,14.46864,15.85418,14.87269,16.38037,43.96624,-15.77076,-27.6131
2870.,14.45915,15.84535,14.86342,16.37184,43.96582,-15.78461,-27.61947
2880.,14.44969,15.83654,14.85417,16.36333,43.96533,-15.79835,-27.62583
2890.,14.44025,15.82775,14.84494,16.35483,43.96476,-15.81199,-27.63218
2900.,14.43083,15.81898,14.83573,16.34634,43.96411,-15.82553,-27.63852
2910.,14.42143,15.81022,14.82654,16.33786,43.96339,-15.83896,-27.64486
2920.,14.41206,15.80148,14.81737,16.32939,43.96259,-15.85229,-27.65118
2930.,14.4027,15.79275,14.80822,16.32094,43.96173,-15.86552,-27.6575
2940.,14.39337,15.78404,14.79909,16.31249,43.96079,-15.87866,-27.66381
2950.,14.38406,15.77535,14.78998,16.30406,43.95979,-15.89169,-27.67011
2960.,14.37477,15.76667,14.78089,16.29563,43.95871,-15.90463,-27.67641
2970.,14.3655,15.75801,14.77182,16.28722,43.95757,-15.91748,-27.68269
2980.,14.35625,15.74936,14.76276,16.27882,43.95637,-15.93023,-27.68897
2990.,14.34702,15.74073,14.75373,16.27043,43.95509,-15.9429,-27.69524
3000.,14.33781,15.73212,14.74472,16.26205,43.95376,-15.95547,-27.70151
3010.,14.32862,15.72352,14.73572,16.25369,43.95236,-15.96795,-27.70776
3020.,14.31945,15.71493,14.72674,16.24533,43.9509,-15.98034,-27.71401
3030.,14.3103,15.70636,14.71778,16.23698,43.94938,-15.99265,-27.72025
3040.,14.30118,15.69781,14.70884,16.22865,43.94779,-16.00487,-27.72444
3050.,14.29207,15.68927,14.69992,16.22032,43.94615,-16.017,-27.72835
3060.,14.28298,15.68074,14.69102,16.21201,43.94445,-16.02906,-27.73225
3070.,14.27391,15.67223,14.68213,16.20371,43.94269,-16.04102,-27.73614
3080.,14.26485,15.66373,14.67326,16.19542,43.94088,-16.05291,-27.74002
3090.,14.25582,15.65524,14.66441,16.18714,43.93901,-16.06472,-27.74389
3100.,14.24681,15.64677,14.65557,16.17887,43.93708,-16.07644,-27.74776
3110.,14.23781,15.63831,14.64676,16.17061,43.9351,-16.08809,-27.75161
3120.,14.22884,15.62987,14.63796,16.16237,43.93307,-16.09966,-27.75546
3130.,14.21988,15.62143,14.62917,16.15413,43.93098,-16.11115,-27.75931
3140.,14.21094,15.61302,14.62041,16.14591,43.92885,-16.12257,-27.76314
3150.,14.20202,15.60461,14.61166,16.13769,43.92666,-16.13392,-27.76697
3160.,14.19311,15.59622,14.60292,16.12949,43.92442,-16.14519,-27.77078
3170.,14.18423,15.58784,14.59421,16.12129,43.92214,-16.15638,-27.77459
3180.,14.17536,15.57947,14.58551,16.11311,43.9198,-16.16751,-27.7784
3190.,14.16651,15.57111,14.57682,16.10494,43.91742,-16.17856,-27.78219
3200.,14.15768,15.56277,14.56816,16.09678,43.915,-16.18955,-27.78598
3210.,14.14887,15.55444,14.55951,16.08863,43.91253,-16.20046,-27.78976
3220.,14.14007,15.54613,14.55087,16.08049,43.91001,-16.21131,-27.79353
3230.,14.13129,15.53782,14.54225,16.07236,43.90745,-16.22209,-27.79729
3240.,14.12253,15.52953,14.53365,16.06424,43.90484,-16.2328,-27.80105
3250.,14.11378,15.52125,14.52506,16.05613,43.9022,-16.24345,-27.8048
3260.,14.10505,15.51299,14.51649,16.04803,43.89951,-16.25403,-27.80854
3270.,14.09634,15.50473,14.50793,16.03994,43.89678,-16.26455,-27.81228
3280.,14.08764,15.49649,14.49939,16.03186,43.89401,-16.27501,-27.816
3290.,14.07897,15.48826,14.49086,16.02379,43.8912,-16.2854,-27.81972
3300.,14.0703,15.48004,14.48235,16.01573,43.88835,-16.29573,-27.82343
3310.,14.06166,15.47184,14.47386,16.00768,43.88546,-16.306,-27.82714
3320.,14.05303,15.46364,14.46538,15.99964,43.88254,-16.31621,-27.83083
3330.,14.04442,15.45546,14.45691,15.99162,43.87958,-16.32637,-27.83452
3340.,14.03582,15.44729,14.44846,15.9836,43.87658,-16.33646,-27.83821
3350.,14.02724,15.43914,14.44002,15.97559,43.87355,-16.34649,-27.84188
3360.,14.01867,15.43099,14.4316,15.96759,43.87048,-16.35647,-27.84555
3370.,14.01012,15.42286,14.4232,15.9596,43.86738,-16.36639,-27.84921
3380.,14.00159,15.41474,14.4148,15.95162,43.86424,-16.37626,-27.85286
3390.,13.99307,15.40663,14.40643,15.94365,43.86107,-16.38607,-27.85651
3400.,13.98457,15.39853,14.39806,15.93569,43.85787,-16.39582,-27.86015
3410.,13.97608,15.39044,14.38972,15.92774,43.85463,-16.40553,-27.86378
3420.,13.96761,15.38237,14.38138,15.9198,43.85136,-16.41517,-27.86741
3430.,13.95915,15.3743,14.37306,15.91187,43.84807,-16.42477,-27.87102
3440.,13.95071,15.36625,14.36475,15.90395,43.84474,-16.43432,-27.87464
3450.,13.94228,15.35821,14.35646,15.89604,43.84138,-16.44381,-27.87824
3460.,13.93387,15.35018,14.34818,15.88814,43.838,-16.45325,-27.88184
3470.,13.92547,15.34216,14.33992,15.88025,43.83458,-16.46265,-27.88543
3480.,13.91709,15.33416,14.33167,15.87237,43.83114,-16.47199,-27.88901
3490.,13.90873,15.32616,14.32343,15.8645,43.82766,-16.48128,-27.89258
3500.,13.90037,15.31818,14.31521,15.85663,43.82417,-16.49053,-27.89615
3510.,13.89204,15.3102,14.307,15.84878,43.82064,-16.49973,-27.89971
3520.,13.88371,15.30224,14.2988,15.84094,43.81709,-16.50888,-27.90327
3530.,13.8754,15.29429,14.29062,15.8331,43.81351,-16.51799,-27.90682
3540.,13.86711,15.28635,14.28245,15.82528,43.80991,-16.52705,-27.912
3550.,13.85883,15.27842,14.2743,15.81746,43.80628,-16.53606,-27.91926
3560.,13.85056,15.27051,14.26615,15.80965,43.80263,-16.54503,-27.92651
3570.,13.84231,15.2626,14.25802,15.80185,43.79895,-16.55396,-27.93376
3580.,13.83407,15.25471,14.24991,15.79406,43.79525,-16.56284,-27.941
3590.,13.82585,15.24683,14.2418,15.78628,43.79153,-16.57168,-27.94824
3600.,13.81764,15.23896,14.23371,15.77851,43.78778,-16.58048,-27.95547
3610.,13.80944,15.2311,14.22563,15.77074,43.78402,-16.58923,-27.96269
3620.,13.80126,15.22325,14.21757,15.76299,43.78023,-16.59794,-27.96991
3630.,13.79309,15.21541,14.20952,15.75524,43.77642,-16.60662,-27.97712
3640.,13.78493,15.20758,14.20148,15.7475,43.77259,-16.61525,-27.98432
3650.,13.77679,15.19977,14.19345,15.73977,43.76873,-16.62384,-27.99152
3660.,13.76866,15.19197,14.18544,15.73204,43.76486,-16.63239,-27.99872
3670.,13.76055,15.18417,14.17744,15.72433,43.76097,-16.6409,-28.00591
3680.,13.75244,15.17639,14.16945,15.71663,43.75706,-16.64937,-28.01309
3690.,13.74436,15.16862,14.16147,15.70893,43.75313,-16.6578,-28.02027
3700.,13.73628,15.16086,14.15351,15.70124,43.74918,-16.6662,-28.02744
3710.,13.72822,15.15311,14.14555,15.69356,43.74521,-16.67456,-28.0346
3720.,13.72017,15.14537,14.13761,15.68589,43.74123,-16.68288,-28.04176
3730.,13.71213,15.13765,14.12969,15.67822,43.73723,-16.69116,-28.04892
3740.,13.70411,15.12993,14.12177,15.67057,43.73321,-16.69941,-28.05607
3750.,13.6961,15.12222,14.11387,15.66292,43.72917,-16.70762,-28.06321
3760.,13.6881,15.11453,14.10598,15.65528,43.72512,-16.7158,-28.07035
3770.,13.68012,15.10684,14.0981,15.64765,43.72105,-16.72394,-28.07748
3780.,13.67214,15.09917,14.09023,15.64003,43.71697,-16.73205,-28.08461
3790.,13.66419,15.09151,14.08237,15.63242,43.71287,-16.74012,-28.09173
3800.,13.65624,15.08385,14.07453,15.62481,43.70875,-16.74816,-28.09884
3810.,13.6483,15.07621,14.0667,15.61722,43.70462,-16.75617,-28.10595
3820.,13.64038,15.06858,14.05888,15.60963,43.70048,-16.76414,-28.11305
3830.,13.63247,15.06096,14.05107,15.60205,43.69632,-16.77208,-28.12015
3840.,13.62457,15.05335,14.04327,15.59448,43.69215,-16.77999,-28.12724
3850.,13.61669,15.04575,14.03549,15.58691,43.68796,-16.78787,-28.13433
3860.,13.60882,15.03816,14.02772,15.57936,43.68376,-16.79571,-28.14141
3870.,13.60096,15.03058,14.01995,15.57181,43.67955,-16.80352,-28.14849
3880.,13.59311,15.02301,14.0122,15.56427,43.67532,-16.81131,-28.15556
3890.,13.58527,15.01545,14.00446,15.55674,43.67109,-16.81906,-28.16262
3900.,13.57745,15.0079,13.99674,15.54922,43.66684,-16.82678,-28.16968
3910.,13.56964,15.00036,13.98902,15.5417,43.66257,-16.83447,-28.17673
3920.,13.56184,14.99283,13.98132,15.5342,43.6583,-16.84213,-28.18378
3930.,13.55405,14.98531,13.97362,15.5267,43.65402,-16.84976,-28.19082
3940.,13.54627,14.9778,13.96594,15.51921,43.64972,-16.85737,-28.19786
3950.,13.53851,14.9703,13.95827,15.51173,43.64541,-16.86494,-28.20489
3960.,13.53075,14.96281,13.95061,15.50425,43.6411,-16.87249,-28.21192
3970.,13.52301,14.95534,13.94296,15.49679,43.63677,-16.88001,-28.21894
3980.,13.51528,14.94787,13.93532,15.48933,43.63243,-16.8875,-28.22595
3990.,13.50756,14.94041,13.92769,15.48188,43.62808,-16.89496,-28.23296
4000.,13.49986,14.93296,13.92008,15.47444,43.62372,-16.90239,-28.23997
4010.,13.49216,14.92552,13.91247,15.46701,43.61936,-16.9098,-28.24696
4020.,13.48448,14.91809,13.90488,15.45958,43.61498,-16.91719,-28.25396
4030.,13.47681,14.91067,13.89729,15.45217,43.6106,-16.92454,-28.26094
4040.,13.46914,14.90326,13.88972,15.44476,43.6062,-16.93187,-28.26791
4050.,13.4615,14.89586,13.88216,15.43736,43.6018,-16.93918,-28.2726
4060.,13.45386,14.88847,13.8746,15.42997,43.59739,-16.94646,-28.27728
4070.,13.44623,14.88109,13.86706,15.42258,43.59298,-16.95371,-28.28196
4080.,13.43861,14.87372,13.85953,15.41521,43.58855,-16.96094,-28.28663
4090.,13.43101,14.86636,13.85201,15.40784,43.58412,-16.96814,-28.29129
4100.,13.42342,14.85901,13.8445,15.40049,43.57969,-16.97532,-28.29595
4110.,13.41583,14.85167,13.83699,15.39314,43.57525,-16.98248,-28.3006
4120.,13.40826,14.84433,13.8295,15.3858,43.5708,-16.98961,-28.30525
4130.,13.4007,14.83701,13.82202,15.37846,43.56635,-16.99671,-28.30989
4140.,13.39315,14.8297,13.81455,15.37114,43.56189,-17.0038,-28.31452
4150.,13.38561,14.82239,13.80708,15.36383,43.55742,-17.01086,-28.31915
4160.,13.37809,14.8151,13.79963,15.35652,43.55295,-17.0179,-28.32377
4170.,13.37057,14.80781,13.79219,15.34922,43.54848,-17.02491,-28.32839
4180.,13.36306,14.80053,13.78476,15.34193,43.544,-17.03191,-28.333
4190.,13.35557,14.79327,13.77733,15.33465,43.53951,-17.03888,-28.3376
4200.,13.34808,14.78601,13.76992,15.32738,43.53502,-17.04582,-28.3422
4210.,13.34061,14.77876,13.76252,15.32011,43.53053,-17.05275,-28.34679
4220.,13.33315,14.77152,13.75512,15.31285,43.52603,-17.05965,-28.35138
4230.,13.3257,14.76429,13.74774,15.30561,43.52153,-17.06654,-28.35596
4240.,13.31825,14.75707,13.74036,15.29837,43.51702,-17.0734,-28.36053
4250.,13.31082,14.74986,13.733,15.29114,43.51251,-17.08024,-28.3651
4260.,13.3034,14.74266,13.72564,15.28391,43.508,-17.08706,-28.36966
4270.,13.29599,14.73546,13.7183,15.2767,43.50348,-17.09386,-28.37421
4280.,13.28859,14.72828,13.71096,15.26949,43.49896,-17.10064,-28.37876
4290.,13.2812,14.72111,13.70364,15.26229,43.49443,-17.10739,-28.38331
4300.,13.27382,14.71394,13.69632,15.2551,43.48991,-17.11413,-28.38784
4310.,13.26646,14.70678,13.68901,15.24792,43.48538,-17.12085,-28.39238
4320.,13.2591,14.69964,13.68171,15.24075,43.48084,-17.12755,-28.3969
4330.,13.25175,14.6925,13.67443,15.23359,43.4763,-17.13423,-28.40142
4340.,13.24441,14.68537,13.66715,15.22643,43.47177,-17.14089,-28.40594
4350.,13.23709,14.67825,13.65988,15.21928,43.46722,-17.14753,-28.41044
4360.,13.22977,14.67114,13.65262,15.21214,43.46268,-17.15415,-28.41495
4370.,13.22246,14.66403,13.64537,15.20501,43.45813,-17.16075,-28.41944
4380.,13.21517,14.65694,13.63813,15.19789,43.45358,-17.16734,-28.42393
4390.,13.20788,14.64986,13.63089,15.19077,43.44903,-17.1739,-28.42842
4400.,13.2006,14.64278,13.62367,15.18366,43.44448,-17.18045,-28.4329
4410.,13.19334,14.63572,13.61646,15.17657,43.43993,-17.18698,-28.43737
4420.,13.18608,14.62866,13.60925,15.16947,43.43537,-17.19349,-28.44184
4430.,13.17883,14.62161,13.60206,15.16239,43.43081,-17.19999,-28.4463
4440.,13.1716,14.61457,13.59487,15.15532,43.42625,-17.20646,-28.45075
4450.,13.16437,14.60754,13.5877,15.14825,43.42169,-17.21292,-28.4552
4460.,13.15716,14.60052,13.58053,15.14119,43.41713,-17.21936,-28.45964
4470.,13.14995,14.5935,13.57337,15.13414,43.41257,-17.22579,-28.46408
4480.,13.14275,14.5865,13.56622,15.1271,43.408,-17.23219,-28.46851
4490.,13.13557,14.5795,13.55908,15.12007,43.40344,-17.23858,-28.47294
4500.,13.12839,14.57252,13.55195,15.11304,43.39887,-17.24496,-28.47736
4510.,13.12122,14.56554,13.54483,15.10603,43.3943,-17.25131,-28.48177
4520.,13.11406,14.55857,13.53772,15.09902,43.38974,-17.25765,-28.48618
4530.,13.10692,14.55161,13.53062,15.09202,43.38517,-17.26398,-28.49058
4540.,13.09978,14.54466,13.52352,15.08502,43.3806,-17.27028,-28.49498
4550.,13.09265,14.53772,13.51644,15.07804,43.37603,-17.27658,-28.49979
4560.,13.08553,14.53078,13.50936,15.07106,43.37146,-17.28285,-28.50492
4570.,13.07842,14.52386,13.5023,15.06409,43.36689,-17.28911,-28.51003
4580.,13.07132,14.51694,13.49524,15.05713,43.36232,-17.29536,-28.51515
4590.,13.06424,14.51004,13.4882,15.05018,43.35775,-17.30159,-28.52025
4600.,13.05716,14.50314,13.48117,15.04324,43.35317,-17.3078,-28.52535
4610.,13.05008,14.49625,13.47414,15.0363,43.3486,-17.314,-28.53045
4620.,13.04302,14.48937,13.46713,15.02937,43.34403,-17.32018,-28.53554
4630.,13.03597,14.4825,13.46013,15.02245,43.33945,-17.32635,-28.54062
4640.,13.02893,14.47564,13.45313,15.01554,43.33488,-17.3325,-28.5457
4650.,13.0219,14.46879,13.44615,15.00863,43.33031,-17.33864,-28.55078
4660.,13.01488,14.46195,13.43918,15.00173,43.32573,-17.34476,-28.55584
4670.,13.00786,14.45512,13.43221,14.99484,43.32116,-17.35087,-28.56091
4680.,13.00086,14.44829,13.42526,14.98796,43.31659,-17.35697,-28.56596
4690.,12.99386,14.44148,13.41831,14.98109,43.31201,-17.36305,-28.57101
4700.,12.98688,14.43467,13.41138,14.97422,43.30744,-17.36912,-28.57606
4710.,12.9799,14.42788,13.40446,14.96736,43.30287,-17.37517,-28.5811
4720.,12.97293,14.42109,13.39754,14.96051,43.2983,-17.38121,-28.58613
4730.,12.96598,14.41431,13.39064,14.95367,43.29373,-17.38723,-28.59116
4740.,12.95903,14.40754,13.38374,14.94684,43.28916,-17.39324,-28.59618
4750.,12.95209,14.40078,13.37686,14.94001,43.28459,-17.39924,-28.6012
4760.,12.94516,14.39403,13.36998,14.93319,43.28002,-17.40522,-28.60621
4770.,12.93824,14.38728,13.36312,14.92638,43.27545,-17.41119,-28.61122
4780.,12.93133,14.38055,13.35626,14.91958,43.27089,-17.41715,-28.61622
4790.,12.92443,14.37382,13.34941,14.91278,43.26632,-17.42309,-28.62122
4800.,12.91753,14.3671,13.34258,14.90599,43.26176,-17.42902,-28.62621
4810.,12.91065,14.3604,13.33575,14.89921,43.25719,-17.43494,-28.63119
4820.,12.90377,14.3537,13.32893,14.89244,43.25263,-17.44085,-28.63617
4830.,12.89691,14.34701,13.32212,14.88568,43.24807,-17.44674,-28.64115
4840.,12.89005,14.34032,13.31532,14.87892,43.24351,-17.45262,-28.64611
4850.,12.8832,14.33365,13.30853,14.87217,43.23896,-17.45848,-28.65108
4860.,12.87636,14.32699,13.30175,14.86543,43.2344,-17.46433,-28.65603
4870.,12.86954,14.32033,13.29498,14.8587,43.22984,-17.47018,-28.66099
4880.,12.86271,14.31368,13.28822,14.85197,43.22529,-17.476,-28.66593
4890.,12.8559,14.30705,13.28147,14.84526,43.22074,-17.48182,-28.67087
4900.,12.8491,14.30042,13.27473,14.83855,43.21619,-17.48762,-28.67581
4910.,12.84231,14.29379,13.26799,14.83184,43.21164,-17.49342,-28.68074
4920.,12.83552,14.28718,13.26127,14.82515,43.2071,-17.4992,-28.68566
4930.,12.82875,14.28058,13.25455,14.81846,43.20255,-17.50496,-28.69058
4940.,12.82198,14.27398,13.24785,14.81179,43.19801,-17.51072,-28.69549
4950.,12.81522,14.2674,13.24115,14.80512,43.19347,-17.51646,-28.7004
4960.,12.80847,14.26082,13.23447,14.79845,43.18894,-17.52219,-28.7053
4970.,12.80173,14.25425,13.22779,14.7918,43.1844,-17.52791,-28.7102
4980.,12.795,14.24769,13.22112,14.78515,43.17987,-17.53362,-28.71509
4990.,12.78828,14.24113,13.21446,14.77851,43.17534,-17.53932,-28.71998
5000.,12.78156,14.23459,13.20781,14.77188,43.17081,-17.54501,-28.72486
5010.,12.77486,14.22805,13.20117,14.76525,43.16628,-17.55068,-28.72973
5020.,12.76816,14.22153,13.19453,14.75864,43.16176,-17.55634,-28.7346
5030.,12.76147,14.21501,13.18791,14.75203,43.15723,-17.562,-28.73947
5040.,12.75479,14.2085,13.1813,14.74543,43.15272,-17.56764,-28.74433
5050.,12.74812,14.202,13.17469,14.73883,43.1482,-17.57327,-28.74922
5060.,12.74146,14.1955,13.16809,14.73225,43.14368,-17.57888,-28.75437
5070.,12.73481,14.18902,13.16151,14.72567,43.13917,-17.58449,-28.75951
5080.,12.72816,14.18254,13.15493,14.7191,43.13466,-17.59009,-28.76464
5090.,12.72153,14.17607,13.14835,14.71253,43.13016,-17.59568,-28.76977
5100.,12.7149,14.1696,13.14179,14.70598,43.12565,-17.60125,-28.77489
5110.,12.70828,14.16315,13.13524,14.69943,43.12115,-17.60682,-28.78001
5120.,12.70167,14.1567,13.12869,14.69289,43.11665,-17.61237,-28.78513
5130.,12.69507,14.15026,13.12215,14.68636,43.11216,-17.61791,-28.79023
5140.,12.68848,14.14383,13.11562,14.67983,43.10766,-17.62345,-28.79534
5150.,12.68189,14.13741,13.1091,14.67331,43.10317,-17.62897,-28.80043
5160.,12.67532,14.13099,13.10259,14.6668,43.09868,-17.63448,-28.80553
5170.,12.66875,14.12458,13.09608,14.6603,43.0942,-17.63998,-28.81061
5180.,12.66219,14.11818,13.08959,14.65381,43.08972,-17.64547,-28.8157
5190.,12.65564,14.11179,13.0831,14.64732,43.08524,-17.65096,-28.82077
5200.,12.6491,14.1054,13.07662,14.64084,43.08076,-17.65643,-28.82584
5210.,12.64256,14.09902,13.07015,14.63437,43.07629,-17.66189,-28.83091
5220.,12.63604,14.09265,13.06368,14.6279,43.07182,-17.66734,-28.83597
5230.,12.62952,14.08629,13.05723,14.62144,43.06735,-17.67278,-28.84103
5240.,12.62301,14.07994,13.05078,14.61499,43.06288,-17.67821,-28.84608
5250.,12.61651,14.07359,13.04434,14.60855,43.05842,-17.68364,-28.85112
5260.,12.61002,14.06725,13.03791,14.60212,43.05396,-17.68905,-28.85616
5270.,12.60354,14.06092,13.03149,14.59569,43.04951,-17.69445,-28.86119
5280.,12.59706,14.05459,13.02507,14.58927,43.04506,-17.69984,-28.86622
5290.,12.59059,14.04828,13.01867,14.58286,43.04061,-17.70523,-28.87125
5300.,12.58414,14.04197,13.01227,14.57645,43.03616,-17.7106,-28.87627
5310.,12.57769,14.03567,13.00588,14.57005,43.03172,-17.71597,-28.88128
5320.,12.57124,14.02937,12.9995,14.56366,43.02728,-17.72132,-28.88629
5330.,12.56481,14.02308,12.99312,14.55728,43.02285,-17.72667,-28.89129
5340.,12.55838,14.01681,12.98676,14.5509,43.01842,-17.732,-28.89629
5350.,12.55196,14.01053,12.9804,14.54454,43.01399,-17.73733,-28.90128
5360.,12.54556,14.00427,12.97405,14.53817,43.00956,-17.74265,-28.90627
5370.,12.53915,13.99801,12.96771,14.53182,43.00514,-17.74796,-28.91125
5380.,12.53276,13.99177,12.96137,14.52548,43.00072,-17.75326,-28.91623
5390.,12.52637,13.98552,12.95505,14.51914,42.99631,-17.75855,-28.9212
5400.,12.52,13.97929,12.94873,14.51281,42.9919,-17.76383,-28.92617
5410.,12.51363,13.97306,12.94242,14.50648,42.98749,-17.7691,-28.93113
5420.,12.50727,13.96685,12.93612,14.50017,42.98308,-17.77436,-28.93609
5430.,12.50091,13.96063,12.92982,14.49386,42.97868,-17.77962,-28.94104
5440.,12.49457,13.95443,12.92353,14.48755,42.97429,-17.78486,-28.94599
5450.,12.48823,13.94823,12.91726,14.48126,42.96989,-17.7901,-28.95093
5460.,12.4819,13.94204,12.91099,14.47497,42.9655,-17.79533,-28.95586
5470.,12.47558,13.93586,12.90472,14.46869,42.96112,-17.80055,-28.9608
5480.,12.46927,13.92969,12.89847,14.46242,42.95673,-17.80576,-28.96572
5490.,12.46296,13.92352,12.89222,14.45616,42.95235,-17.81096,-28.97064
5500.,12.45667,13.91736,12.88598,14.4499,42.94798,-17.81616,-28.97556
5510.,12.45038,13.91121,12.87975,14.44365,42.94361,-17.82134,-28.98047
5520.,12.4441,13.90507,12.87353,14.4374,42.93924,-17.82652,-28.98538
5530.,12.43782,13.89893,12.86731,14.43117,42.93488,-17.83169,-28.99028
5540.,12.43156,13.8928,12.8611,14.42494,42.93052,-17.83685,-28.99517
5550.,12.4253,13.88668,12.8549,14.41872,42.92616,-17.842,-29.00006
5560.,12.41905,13.88056,12.84871,14.4125,42.92181,-17.84714,-29.00384
5570.,12.41281,13.87445,12.84252,14.4063,42.91746,-17.85228,-29.00712
5580.,12.40658,13.86835,12.83634,14.4001,42.91311,-17.8574,-29.0104
5590.,12.40035,13.86226,12.83017,14.39391,42.90877,-17.86252,-29.01367
5600.,12.39413,13.85617,12.82401,14.38772,42.90443,-17.86763,-29.01693
5610.,12.38792,13.85009,12.81785,14.38155,42.9001,-17.87273,-29.0202
5620.,12.38172,13.84402,12.81171,14.37538,42.89576,-17.87783,-29.02345
5630.,12.37552,13.83795,12.80557,14.36922,42.89144,-17.88291,-29.0267
5640.,12.36934,13.83189,12.79943,14.36306,42.88711,-17.88799,-29.02995
5650.,12.36316,13.82584,12.79331,14.35692,42.88279,-17.89306,-29.03319
5660.,12.35698,13.8198,12.78719,14.35078,42.87847,-17.89812,-29.03642
5670.,12.35082,13.81376,12.78108,14.34465,42.87416,-17.90318,-29.03965
5680.,12.34466,13.80773,12.77497,14.33852,42.86985,-17.90823,-29.04287
5690.,12.33851,13.80171,12.76888,14.33241,42.86554,-17.91326,-29.04609
5700.,12.33237,13.79569,12.76279,14.3263,42.86124,-17.9183,-29.0493
5710.,12.32624,13.78968,12.75671,14.3202,42.85694,-17.92332,-29.05251
5720.,12.32011,13.78368,12.75063,14.3141,42.85264,-17.92833,-29.05571
5730.,12.314,13.77768,12.74457,14.30801,42.84835,-17.93334,-29.05891
5740.,12.30788,13.77169,12.73851,14.30193,42.84406,-17.93834,-29.0621
5750.,12.30178,13.76571,12.73245,14.29586,42.83977,-17.94333,-29.06529
5760.,12.29569,13.75974,12.72641,14.2898,42.83549,-17.94832,-29.06847
5770.,12.2896,13.75377,12.72037,14.28374,42.83121,-17.9533,-29.07164
5780.,12.28352,13.74781,12.71434,14.27769,42.82694,-17.95826,-29.07481
5790.,12.27744,13.74185,12.70832,14.27165,42.82267,-17.96323,-29.07798
5800.,12.27138,13.73591,12.7023,14.26561,42.8184,-17.96818,-29.08114
5810.,12.26532,13.72997,12.69629,14.25958,42.81414,-17.97313,-29.08429
5820.,12.25927,13.72403,12.69029,14.25356,42.80988,-17.97807,-29.08744
5830.,12.25323,13.71811,12.6843,14.24755,42.80563,-17.983,-29.09058
5840.,12.24719,13.71219,12.67831,14.24154,42.80138,-17.98793,-29.09372
5850.,12.24116,13.70628,12.67233,14.23554,42.79713,-17.99284,-29.09686
5860.,12.23514,13.70037,12.66636,14.22955,42.79289,-17.99775,-29.09999
5870.,12.22913,13.69447,12.66039,14.22357,42.78865,-18.00266,-29.10311
5880.,12.22312,13.68858,12.65443,14.21759,42.78441,-18.00755,-29.10623
5890.,12.21713,13.6827,12.64848,14.21162,42.78018,-18.01244,-29.10934
5900.,12.21114,13.67682,12.64254,14.20565,42.77595,-18.01732,-29.11245
5910.,12.20515,13.67095,12.6366,14.1997,42.77173,-18.0222,-29.11555
5920.,12.19918,13.66508,12.63067,14.19375,42.76751,-18.02707,-29.11865
5930.,12.19321,13.65922,12.62475,14.18781,42.76329,-18.03193,-29.12174
5940.,12.18725,13.65337,12.61883,14.18187,42.75908,-18.03678,-29.12483
5950.,12.18129,13.64753,12.61292,14.17595,42.75487,-18.04162,-29.12791
5960.,12.17534,13.64169,12.60702,14.17003,42.75067,-18.04646,-29.13098
5970.,12.1694,13.63586,12.60113,14.16411,42.74647,-18.0513,-29.13406
5980.,12.16347,13.63004,12.59524,14.15821,42.74227,-18.05612,-29.13712
5990.,12.15755,13.62422,12.58936,14.15231,42.73808,-18.06094,-29.14018
6000.,12.15163,13.61841,12.58349,14.14642,42.7339,-18.06575,-29.14324
6010.,12.14572,13.61261,12.57762,14.14053,42.72971,-18.07056,-29.14629
6020.,12.13981,13.60681,12.57176,14.13465,42.72553,-18.07535,-29.14934
6030.,12.13392,13.60102,12.56591,14.12878,42.72136,-18.08014,-29.15238
6040.,12.12803,13.59524,12.56006,14.12292,42.71718,-18.08493,-29.15541
6050.,12.12215,13.58946,12.55422,14.11706,42.71302,-18.0897,-29.15845
6060.,12.11627,13.58369,12.54839,14.11121,42.70885,-18.09447,-29.16179
6070.,12.11041,13.57793,12.54257,14.10537,42.70469,-18.09924,-29.16602
6080.,12.10455,13.57217,12.53675,14.09954,42.70054,-18.104,-29.17025
6090.,12.09869,13.56643,12.53094,14.09371,42.69639,-18.10875,-29.17447
6100.,12.09285,13.56069,12.52514,14.08788,42.69224,-18.11349,-29.17869
6110.,12.08701,13.55496,12.51935,14.08207,42.6881,-18.11823,-29.18291
6120.,12.08118,13.54923,12.51356,14.07626,42.68397,-18.12296,-29.18712
6130.,12.07535,13.54352,12.50778,14.07046,42.67984,-18.12768,-29.19132
6140.,12.06953,13.53781,12.50201,14.06466,42.67571,-18.1324,-29.19553
6150.,12.06372,13.53211,12.49624,14.05887,42.67158,-18.13711,-29.19972
6160.,12.05792,13.52641,12.49048,14.05309,42.66747,-18.14181,-29.20391
6170.,12.05213,13.52072,12.48473,14.04732,42.66335,-18.14651,-29.2081
6180.,12.04634,13.51505,12.47899,14.04155,42.65924,-18.1512,-29.21228
6190.,12.04055,13.50937,12.47325,14.03579,42.65514,-18.15588,-29.21646
6200.,12.03478,13.50371,12.46752,14.03003,42.65104,-18.16056,-29.22063
6210.,12.02901,13.49805,12.4618,14.02428,42.64694,-18.16523,-29.2248
6220.,12.02325,13.4924,12.45609,14.01854,42.64285,-18.1699,-29.22896
6230.,12.0175,13.48676,12.45038,14.01281,42.63876,-18.17455,-29.23312
6240.,12.01175,13.48112,12.44468,14.00708,42.63468,-18.17921,-29.23727
6250.,12.00601,13.4755,12.43899,14.00136,42.6306,-18.18385,-29.24142
6260.,12.00028,13.46988,12.4333,13.99564,42.62653,-18.18849,-29.24557
6270.,11.99455,13.46426,12.42762,13.98994,42.62246,-18.19312,-29.24971
6280.,11.98883,13.45866,12.42195,13.98423,42.61839,-18.19775,-29.25384
6290.,11.98312,13.45306,12.41629,13.97854,42.61433,-18.20237,-29.25797
6300.,11.97742,13.44747,12.41063,13.97285,42.61028,-18.20698,-29.2621
6310.,11.97172,13.44188,12.40498,13.96717,42.60622,-18.21159,-29.26622
6320.,11.96603,13.43631,12.39934,13.9615,42.60218,-18.21619,-29.27033
6330.,11.96034,13.43074,12.3937,13.95583,42.59814,-18.22079,-29.27445
6340.,11.95467,13.42517,12.38807,13.95017,42.5941,-18.22538,-29.27855
6350.,11.949,13.41962,12.38245,13.94451,42.59007,-18.22996,-29.28266
6360.,11.94333,13.41407,12.37684,13.93886,42.58604,-18.23454,-29.28675
6370.,11.93768,13.40853,12.37123,13.93322,42.58201,-18.23911,-29.29085
6380.,11.93203,13.403,12.36563,13.92759,42.57799,-18.24367,-29.29493
6390.,11.92639,13.39747,12.36003,13.92196,42.57398,-18.24823,-29.29902
6400.,11.92075,13.39195,12.35445,13.91634,42.56997,-18.25278,-29.3031
6410.,11.91512,13.38644,12.34887,13.91072,42.56596,-18.25732,-29.30717
6420.,11.9095,13.38093,12.3433,13.90511,42.56196,-18.26186,-29.31124
6430.,11.90389,13.37544,12.33773,13.89951,42.55796,-18.2664,-29.3153
6440.,11.89828,13.36995,12.33217,13.89392,42.55397,-18.27092,-29.31936
6450.,11.89268,13.36446,12.32662,13.88833,42.54998,-18.27544,-29.32342
6460.,11.88708,13.35899,12.32108,13.88274,42.546,-18.27996,-29.32747
6470.,11.88149,13.35352,12.31554,13.87717,42.54202,-18.28447,-29.33152
6480.,11.87591,13.34805,12.31001,13.8716,42.53805,-18.28897,-29.33556
6490.,11.87034,13.3426,12.30448,13.86604,42.53408,-18.29347,-29.3396
6500.,11.86477,13.33715,12.29897,13.86048,42.53011,-18.29796,-29.34363
6510.,11.85921,13.33171,12.29346,13.85493,42.52615,-18.30244,-29.34766
6520.,11.85366,13.32627,12.28795,13.84939,42.5222,-18.30692,-29.35168
6530.,11.84811,13.32085,12.28246,13.84385,42.51825,-18.31139,-29.3557
6540.,11.84257,13.31542,12.27697,13.83832,42.5143,-18.31586,-29.35971
6550.,11.83704,13.31001,12.27149,13.8328,42.51036,-18.32032,-29.36372
6560.,11.83151,13.3046,12.26601,13.82728,42.50642,-18.32478,-29.36773
6570.,11.82599,13.2992,12.26054,13.82177,42.50249,-18.32923,-29.37287
6580.,11.82048,13.29381,12.25508,13.81627,42.49856,-18.33367,-29.37826
6590.,11.81497,13.28842,12.24962,13.81077,42.49463,-18.33811,-29.38364
6600.,11.80947,13.28304,12.24417,13.80528,42.49071,-18.34254,-29.38902
6610.,11.80398,13.27766,12.23873,13.79979,42.48679,-18.34696,-29.39439
6620.,11.79849,13.27229,12.23329,13.79431,42.48288,-18.35138,-29.39976
6630.,11.79301,13.26693,12.22786,13.78884,42.47897,-18.3558,-29.40513
6640.,11.78754,13.26157,12.22243,13.78337,42.47507,-18.3602,-29.41049
6650.,11.78207,13.25621,12.21701,13.77791,42.47117,-18.36461,-29.41585
6660.,11.77661,13.25087,12.2116,13.77246,42.46728,-18.369,-29.4212
6670.,11.77116,13.24553,12.20619,13.76701,42.46338,-18.37339,-29.42655
6680.,11.76572,13.24019,12.20079,13.76157,42.4595,-18.37778,-29.43189
6690.,11.76028,13.23486,12.1954,13.75613,42.45562,-18.38216,-29.43723
6700.,11.75484,13.22954,12.19001,13.7507,42.45174,-18.38653,-29.44257
6710.,11.74942,13.22422,12.18463,13.74528,42.44786,-18.3909,-29.4479
6720.,11.744,13.21891,12.17925,13.73986,42.44399,-18.39526,-29.45323
6730.,11.73858,13.2136,12.17389,13.73445,42.44013,-18.39962,-29.45855
6740.,11.73317,13.20831,12.16852,13.72904,42.43627,-18.40397,-29.46387
6750.,11.72777,13.20301,12.16317,13.72365,42.43241,-18.40832,-29.46919
6760.,11.72238,13.19772,12.15782,13.71825,42.42856,-18.41265,-29.4745
6770.,11.71699,13.19244,12.15247,13.71286,42.42471,-18.41699,-29.47981
6780.,11.71161,13.18717,12.14713,13.70748,42.42087,-18.42132,-29.48511
6790.,11.70624,13.1819,12.1418,13.70211,42.41703,-18.42564,-29.49041
6800.,11.70087,13.17663,12.13647,13.69674,42.41319,-18.42996,-29.4957
6810.,11.69551,13.17137,12.13115,13.69138,42.40936,-18.43427,-29.50099
6820.,11.69015,13.16612,12.12584,13.68602,42.40553,-18.43858,-29.50628
6830.,11.6848,13.16087,12.12053,13.68067,42.40171,-18.44288,-29.51156
6840.,11.67946,13.15563,12.11523,13.67533,42.39789,-18.44717,-29.51684
6850.,11.67413,13.1504,12.10994,13.66999,42.39408,-18.45146,-29.52211
6860.,11.6688,13.14517,12.10465,13.66465,42.39027,-18.45575,-29.52738
6870.,11.66347,13.13995,12.09936,13.65933,42.38646,-18.46003,-29.53265
6880.,11.65816,13.13473,12.09409,13.65401,42.38266,-18.4643,-29.53791
6890.,11.65285,13.12952,12.08881,13.64869,42.37886,-18.46857,-29.54317
6900.,11.64754,13.12431,12.08355,13.64339,42.37507,-18.47283,-29.54842
6910.,11.64225,13.11911,12.07829,13.63808,42.37128,-18.47709,-29.55367
6920.,11.63695,13.11392,12.07304,13.63279,42.36749,-18.48134,-29.55892
6930.,11.63167,13.10873,12.06779,13.6275,42.36371,-18.48559,-29.56416
6940.,11.62639,13.10354,12.06255,13.62221,42.35994,-18.48983,-29.5694
6950.,11.62112,13.09837,12.05731,13.61693,42.35617,-18.49406,-29.57463
6960.,11.61585,13.0932,12.05209,13.61166,42.3524,-18.49829,-29.57986
6970.,11.61059,13.08803,12.04686,13.6064,42.34863,-18.50252,-29.58509
6980.,11.60534,13.08287,12.04165,13.60113,42.34487,-18.50674,-29.59031
6990.,11.60009,13.07772,12.03644,13.59588,42.34112,-18.51095,-29.59553
7000.,11.59485,13.07257,12.03123,13.59063,42.33737,-18.51516,-29.60074
7010.,11.58962,13.06743,12.02603,13.58539,42.33362,-18.51937,-29.60595
7020.,11.58439,13.06229,12.02084,13.58015,42.32988,-18.52356,-29.61116
7030.,11.57917,13.05716,12.01565,13.57492,42.32614,-18.52776,-29.61636
7040.,11.57395,13.05204,12.01047,13.5697,42.32241,-18.53195,-29.62155
7050.,11.56874,13.04692,12.0053,13.56448,42.31867,-18.53613,-29.62675
7060.,11.56354,13.0418,12.00013,13.55927,42.31495,-18.54031,-29.63194
7070.,11.55834,13.03669,11.99496,13.55406,42.31123,-18.54448,-29.63628
7080.,11.55315,13.03159,11.98981,13.54886,42.30751,-18.54865,-29.63928
7090.,11.54796,13.0265,11.98466,13.54366,42.3038,-18.55281,-29.64228
7100.,11.54279,13.02141,11.97951,13.53848,42.3001,-18.55697,-29.64527
7110.,11.53761,13.01633,11.97437,13.53329,42.2964,-18.56112,-29.64826
7120.,11.53245,13.01125,11.96924,13.52812,42.2927,-18.56526,-29.65124
7130.,11.52729,13.00618,11.96411,13.52295,42.28902,-18.5694,-29.65422
7140.,11.52213,13.00112,11.95899,13.51779,42.28533,-18.57354,-29.65719
7150.,11.51699,12.99606,11.95388,13.51263,42.28166,-18.57767,-29.66016
7160.,11.51184,12.99101,11.94877,13.50748,42.27798,-18.5818,-29.66312
7170.,11.50671,12.98596,11.94367,13.50234,42.27432,-18.58592,-29.66608
7180.,11.50158,12.98092,11.93857,13.4972,42.27066,-18.59003,-29.66904
7190.,11.49646,12.97589,11.93348,13.49207,42.267,-18.59414,-29.67199
7200.,11.49134,12.97087,11.9284,13.48694,42.26335,-18.59825,-29.67494
7210.,11.48623,12.96585,11.92332,13.48182,42.25971,-18.60235,-29.67788
7220.,11.48112,12.96083,11.91825,13.47671,42.25607,-18.60644,-29.68082
7230.,11.47602,12.95582,11.91319,13.4716,42.25243,-18.61053,-29.68375
7240.,11.47093,12.95082,11.90813,13.4665,42.24881,-18.61462,-29.68668
7250.,11.46584,12.94583,11.90307,13.46141,42.24518,-18.6187,-29.6896
7260.,11.46076,12.94084,11.89803,13.45632,42.24156,-18.62277,-29.69252
7270.,11.45569,12.93585,11.89298,13.45124,42.23795,-18.62684,-29.69544
7280.,11.45062,12.93088,11.88795,13.44617,42.23434,-18.63091,-29.69835
7290.,11.44556,12.92591,11.88292,13.4411,42.23074,-18.63497,-29.70125
7300.,11.4405,12.92094,11.8779,13.43603,42.22714,-18.63902,-29.70415
7310.,11.43545,12.91598,11.87288,13.43098,42.22355,-18.64307,-29.70705
7320.,11.43041,12.91103,11.86787,13.42593,42.21997,-18.64711,-29.70995
7330.,11.42537,12.90609,11.86286,13.42088,42.21638,-18.65115,-29.71283
7340.,11.42034,12.90115,11.85786,13.41585,42.21281,-18.65519,-29.71572
7350.,11.41531,12.89621,11.85287,13.41081,42.20924,-18.65922,-29.7186
7360.,11.41029,12.89128,11.84788,13.40579,42.20567,-18.66324,-29.72147
7370.,11.40528,12.88636,11.8429,13.40077,42.20211,-18.66726,-29.72435
7380.,11.40027,12.88145,11.83793,13.39576,42.19855,-18.67127,-29.72721
7390.,11.39527,12.87654,11.83296,13.39075,42.195,-18.67528,-29.73007
7400.,11.39028,12.87163,11.828,13.38575,42.19146,-18.67929,-29.73293
7410.,11.38529,12.86674,11.82304,13.38075,42.18792,-18.68329,-29.73579
7420.,11.3803,12.86185,11.81809,13.37576,42.18438,-18.68728,-29.73863
7430.,11.37533,12.85696,11.81314,13.37078,42.18085,-18.69127,-29.74148
7440.,11.37036,12.85208,11.8082,13.36581,42.17733,-18.69525,-29.74432
7450.,11.36539,12.84721,11.80327,13.36084,42.17381,-18.69923,-29.74716
7460.,11.36043,12.84234,11.79834,13.35587,42.17029,-18.70321,-29.74999
7470.,11.35548,12.83748,11.79342,13.35091,42.16678,-18.70717,-29.75282
7480.,11.35053,12.83262,11.78851,13.34596,42.16327,-18.71114,-29.75564
7490.,11.34559,12.82778,11.7836,13.34102,42.15977,-18.7151,-29.75846
7500.,11.34065,12.82293,11.77869,13.33608,42.15628,-18.71905,-29.76127
7510.,11.33572,12.81809,11.77379,13.33114,42.15279,-18.723,-29.76408
7520.,11.3308,12.81326,11.7689,13.32621,42.1493,-18.72694,-29.76689
7530.,11.32588,12.80844,11.76402,13.32129,42.14582,-18.73088,-29.76969
7540.,11.32097,12.80362,11.75914,13.31638,42.14234,-18.73482,-29.77249
7550.,11.31607,12.79881,11.75426,13.31147,42.13887,-18.73875,-29.77528
7560.,11.31117,12.794,11.74939,13.30656,42.13541,-18.74267,-29.77807
7570.,11.30627,12.7892,11.74453,13.30167,42.13195,-18.74659,-29.78085
7580.,11.30138,12.7844,11.73968,13.29678,42.12849,-18.75051,-29.78393
7590.,11.2965,12.77961,11.73482,13.29189,42.12503,-18.75442,-29.78701
7600.,11.29163,12.77482,11.72998,13.28701,42.12158,-18.75832,-29.79009
7610.,11.28676,12.77004,11.72514,13.28214,42.11814,-18.76222,-29.79317
7620.,11.28189,12.76527,11.7203,13.27727,42.11469,-18.76612,-29.79625
7630.,11.27703,12.76049,11.71547,13.27241,42.11125,-18.77001,-29.79931
7640.,11.27218,12.75573,11.71065,13.26755,42.10782,-18.77389,-29.80238
7650.,11.26734,12.75096,11.70583,13.2627,42.10439,-18.77777,-29.80544
7660.,11.26249,12.74621,11.70102,13.25786,42.10096,-18.78165,-29.8085
7670.,11.25766,12.74145,11.69621,13.25302,42.09753,-18.78552,-29.81155
7680.,11.25283,12.7367,11.69141,13.24819,42.09411,-18.78939,-29.8146
7690.,11.24801,12.73196,11.68661,13.24336,42.0907,-18.79325,-29.81764
7700.,11.24319,12.72722,11.68182,13.23854,42.08728,-18.79711,-29.82068
7710.,11.23838,12.72249,11.67703,13.23372,42.08387,-18.80096,-29.82372
7720.,11.23357,12.71776,11.67225,13.22892,42.08046,-18.8048,-29.82675
7730.,11.22877,12.71304,11.66747,13.22411,42.07706,-18.80865,-29.82978
7740.,11.22398,12.70832,11.6627,13.21932,42.07366,-18.81248,-29.8328
7750.,11.21919,12.7036,11.65794,13.21452,42.07027,-18.81632,-29.83582
7760.,11.21441,12.69889,11.65318,13.20974,42.06687,-18.82015,-29.83884
7770.,11.20963,12.69419,11.64842,13.20496,42.06349,-18.82397,-29.84185
7780.,11.20486,12.68949,11.64368,13.20018,42.0601,-18.82779,-29.84486
7790.,11.20009,12.68479,11.63893,13.19541,42.05672,-18.8316,-29.84786
7800.,11.19533,12.6801,11.63419,13.19065,42.05334,-18.83541,-29.85086
7810.,11.19058,12.67541,11.62946,13.18589,42.04997,-18.83922,-29.85386
7820.,11.18583,12.67073,11.62473,13.18114,42.0466,-18.84302,-29.85685
7830.,11.18109,12.66606,11.62001,13.1764,42.04323,-18.84681,-29.85983
7840.,11.17635,12.66139,11.61529,13.17166,42.03987,-18.85061,-29.86282
7850.,11.17162,12.65672,11.61058,13.16692,42.03651,-18.85439,-29.8658
7860.,11.16689,12.65206,11.60587,13.16219,42.03315,-18.85817,-29.86877
7870.,11.16217,12.6474,11.60117,13.15747,42.0298,-18.86195,-29.87174
7880.,11.15746,12.64275,11.59648,13.15275,42.02645,-18.86572,-29.87471
7890.,11.15275,12.6381,11.59178,13.14804,42.02311,-18.86949,-29.87767
7900.,11.14804,12.63346,11.5871,13.14333,42.01977,-18.87326,-29.88063
7910.,11.14335,12.62882,11.58242,13.13863,42.01643,-18.87702,-29.88359
7920.,11.13865,12.62419,11.57774,13.13394,42.0131,-18.88077,-29.88654
7930.,11.13397,12.61956,11.57307,13.12925,42.00977,-18.88452,-29.88949
7940.,11.12929,12.61494,11.56841,13.12456,42.00644,-18.88826,-29.89243
7950.,11.12461,12.61032,11.56375,13.11989,42.00312,-18.89201,-29.89537
7960.,11.11994,12.6057,11.55909,13.11521,41.9998,-18.89574,-29.8983
7970.,11.11528,12.60109,11.55444,13.11055,41.99648,-18.89947,-29.90124
7980.,11.11062,12.59649,11.5498,13.10588,41.99317,-18.9032,-29.90416
7990.,11.10596,12.59189,11.54516,13.10123,41.98986,-18.90692,-29.90709
8000.,11.10132,12.58729,11.54053,13.09658,41.98656,-18.91064,-29.91001
8010.,11.09667,12.5827,11.5359,13.09193,41.98325,-18.91436,-29.91292
8020.,11.09204,12.57812,11.53128,13.08729,41.97996,-18.91807,-29.91584
8030.,11.0874,12.57354,11.52666,13.08266,41.97666,-18.92177,-29.91874
8040.,11.08278,12.56896,11.52205,13.07803,41.97337,-18.92547,-29.92165
8050.,11.07816,12.56439,11.51744,13.07341,41.97009,-18.92917,-29.92455
8060.,11.07354,12.55983,11.51283,13.06879,41.9668,-18.93286,-29.92744
8070.,11.06893,12.55526,11.50824,13.06418,41.96352,-18.93655,-29.93034
8080.,11.06433,12.55071,11.50365,13.05957,41.96025,-18.94023,-29.93333
8090.,11.05973,12.54616,11.49906,13.05497,41.95697,-18.94391,-29.93641
8100.,11.05514,12.54161,11.49448,13.05037,41.95371,-18.94758,-29.93948
8110.,11.05055,12.53707,11.4899,13.04578,41.95045,-18.95125,-29.94255
8120.,11.04596,12.53254,11.48533,13.0412,41.94719,-18.95492,-29.94562
8130.,11.04139,12.52801,11.48076,13.03662,41.94393,-18.95858,-29.94869
8140.,11.03682,12.52349,11.4762,13.03204,41.94068,-18.96224,-29.95175
8150.,11.03225,12.51898,11.47165,13.02748,41.93744,-18.96589,-29.95481
8160.,11.02769,12.51447,11.4671,13.02291,41.9342,-18.96954,-29.95786
8170.,11.02313,12.50996,11.46255,13.01835,41.93096,-18.97318,-29.96091
8180.,11.01858,12.50546,11.45801,13.0138,41.92773,-18.97682,-29.96396
8190.,11.01404,12.50097,11.45348,13.00925,41.9245,-18.98045,-29.967
8200.,11.0095,12.49648,11.44895,13.00471,41.92128,-18.98408,-29.97004
8210.,11.00496,12.492,11.44442,13.00017,41.91806,-18.98771,-29.97307
8220.,11.00043,12.48753,11.4399,12.99564,41.91484,-18.99133,-29.9761
8230.,10.99591,12.48306,11.43539,12.99112,41.91163,-18.99495,-29.97913
8240.,10.99139,12.47859,11.43088,12.9866,41.90842,-18.99856,-29.98215
8250.,10.98688,12.47414,11.42638,12.98208,41.90522,-19.00217,-29.98517
8260.,10.98237,12.46968,11.42188,12.97757,41.90202,-19.00577,-29.98819
8270.,10.97787,12.46524,11.41739,12.97307,41.89883,-19.00937,-29.9912
8280.,10.97337,12.46079,11.4129,12.96857,41.89564,-19.01297,-29.99421
8290.,10.96888,12.45636,11.40842,12.96407,41.89245,-19.01656,-29.99721
8300.,10.9644,12.45193,11.40394,12.95958,41.88927,-19.02015,-30.00021
8310.,10.95991,12.4475,11.39947,12.9551,41.88609,-19.02373,-30.00321
8320.,10.95544,12.44309,11.395,12.95062,41.88292,-19.02731,-30.0062
8330.,10.95097,12.43867,11.39054,12.94615,41.87975,-19.03088,-30.00919
8340.,10.9465,12.43426,11.38608,12.94168,41.87659,-19.03445,-30.01218
8350.,10.94204,12.42986,11.38163,12.93722,41.87343,-19.03802,-30.01516
8360.,10.93759,12.42547,11.37719,12.93276,41.87027,-19.04158,-30.01814
8370.,10.93314,12.42107,11.37274,12.92831,41.86712,-19.04514,-30.02112
8380.,10.9287,12.41669,11.36831,12.92386,41.86397,-19.04869,-30.02409
8390.,10.92426,12.41231,11.36388,12.91942,41.86083,-19.05224,-30.02705
8400.,10.91983,12.40794,11.35945,12.91499,41.85769,-19.05578,-30.03002
8410.,10.9154,12.40357,11.35503,12.91055,41.85455,-19.05932,-30.03298
8420.,10.91097,12.3992,11.35062,12.90613,41.85142,-19.06286,-30.03593
8430.,10.90656,12.39485,11.34621,12.90171,41.84829,-19.06639,-30.03889
8440.,10.90214,12.39049,11.3418,12.89729,41.84517,-19.06992,-30.04183
8450.,10.89774,12.38615,11.3374,12.89288,41.84205,-19.07344,-30.04478
8460.,10.89334,12.3818,11.33301,12.88848,41.83893,-19.07696,-30.04772
8470.,10.88894,12.37747,11.32862,12.88408,41.83582,-19.08047,-30.05066
8480.,10.88455,12.37314,11.32423,12.87969,41.83271,-19.08398,-30.05359
8490.,10.88016,12.36881,11.31985,12.8753,41.82961,-19.08749,-30.05652
8500.,10.87578,12.36449,11.31548,12.87091,41.82651,-19.09099,-30.05945
8510.,10.87141,12.36018,11.31111,12.86653,41.82341,-19.09449,-30.06237
8520.,10.86703,12.35587,11.30674,12.86216,41.82032,-19.09798,-30.06529
8530.,10.86267,12.35157,11.30238,12.85779,41.81724,-19.10147,-30.06821
8540.,10.85831,12.34727,11.29803,12.85343,41.81415,-19.10496,-30.07112
8550.,10.85395,12.34298,11.29368,12.84907,41.81107,-19.10844,-30.07403
8560.,10.8496,12.33869,11.28934,12.84472,41.808,-19.11191,-30.07693
8570.,10.84526,12.33441,11.285,12.84037,41.80493,-19.11539,-30.07983
8580.,10.84092,12.33013,11.28067,12.83603,41.80186,-19.11886,-30.08277
8590.,10.83659,12.32586,11.27634,12.83169,41.7988,-19.12232,-30.08619
8600.,10.83226,12.3216,11.27202,12.82736,41.79574,-19.12578,-30.0896
8610.,10.82793,12.31734,11.2677,12.82303,41.79268,-19.12923,-30.09301
8620.,10.82361,12.31309,11.26339,12.81871,41.78963,-19.13269,-30.09641
8630.,10.8193,12.30884,11.25908,12.81439,41.78658,-19.13613,-30.09981
8640.,10.81499,12.3046,11.25478,12.81008,41.78353,-19.13958,-30.10321
8650.,10.81069,12.30037,11.25049,12.80578,41.78049,-19.14302,-30.10661
8660.,10.80639,12.29614,11.2462,12.80147,41.77745,-19.14645,-30.11
8670.,10.8021,12.29192,11.24192,12.79718,41.77442,-19.14988,-30.11338
8680.,10.79781,12.28771,11.23764,12.79289,41.77139,-19.15331,-30.11677
8690.,10.79353,12.2835,11.23337,12.7886,41.76836,-19.15673,-30.12015
8700.,10.78925,12.27929,11.22911,12.78432,41.76534,-19.16015,-30.12352
8710.,10.78498,12.27509,11.22485,12.78004,41.76232,-19.16356,-30.1269
8720.,10.78071,12.2709,11.22059,12.77577,41.75931,-19.16697,-30.13027
8730.,10.77645,12.26672,11.21634,12.7715,41.75629,-19.17038,-30.13363
8740.,10.77219,12.26254,11.2121,12.76724,41.75329,-19.17378,-30.137
8750.,10.76794,12.25836,11.20786,12.76298,41.75028,-19.17718,-30.14036
8760.,10.76369,12.25419,11.20363,12.75873,41.74728,-19.18057,-30.14371
8770.,10.75945,12.25003,11.1994,12.75449,41.74429,-19.18396,-30.14706
8780.,10.75521,12.24587,11.19518,12.75024,41.74129,-19.18735,-30.15041
8790.,10.75098,12.24172,11.19097,12.74601,41.7383,-19.19073,-30.15376
8800.,10.74675,12.23758,11.18676,12.74178,41.73532,-19.1941,-30.1571
8810.,10.74253,12.23344,11.18255,12.73755,41.73234,-19.19748,-30.16044
8820.,10.73832,12.2293,11.17835,12.73333,41.72936,-19.20085,-30.16377
8830.,10.7341,12.22518,11.17416,12.72911,41.72638,-19.20421,-30.1671
8840.,10.7299,12.22105,11.16997,12.7249,41.72341,-19.20757,-30.17043
8850.,10.7257,12.21694,11.16579,12.72069,41.72044,-19.21093,-30.17376
8860.,10.7215,12.21283,11.16161,12.71649,41.71748,-19.21428,-30.17708
8870.,10.71731,12.20872,11.15744,12.71229,41.71452,-19.21763,-30.18039
8880.,10.71312,12.20462,11.15328,12.7081,41.71156,-19.22097,-30.18371
8890.,10.70894,12.20053,11.14912,12.70391,41.70861,-19.22431,-30.18702
8900.,10.70477,12.19644,11.14496,12.69973,41.70566,-19.22765,-30.19033
8910.,10.70059,12.19236,11.14081,12.69556,41.70272,-19.23098,-30.19363
8920.,10.69643,12.18828,11.13667,12.69138,41.69978,-19.23431,-30.19693
8930.,10.69227,12.18421,11.13253,12.68722,41.69684,-19.23763,-30.20023
8940.,10.68811,12.18015,11.1284,12.68306,41.6939,-19.24095,-30.20352
8950.,10.68396,12.17609,11.12427,12.6789,41.69097,-19.24427,-30.20681
8960.,10.67982,12.17203,11.12015,12.67475,41.68804,-19.24758,-30.2101
8970.,10.67567,12.16798,11.11603,12.6706,41.68512,-19.25089,-30.21338
8980.,10.67154,12.16394,11.11192,12.66646,41.6822,-19.25419,-30.21666
8990.,10.66741,12.1599,11.10781,12.66232,41.67929,-19.25749,-30.21994
9000.,10.66328,12.15587,11.10371,12.65819,41.67637,-19.26079,-30.22321
9010.,10.65916,12.15185,11.09961,12.65406,41.67346,-19.26408,-30.22648
9020.,10.65504,12.14783,11.09552,12.64994,41.67056,-19.26736,-30.22974
9030.,10.65093,12.14381,11.09144,12.64582,41.66766,-19.27065,-30.23301
9040.,10.64683,12.1398,11.08736,12.64171,41.66476,-19.27393,-30.23626
9050.,10.64273,12.1358,11.08328,12.6376,41.66186,-19.2772,-30.23952
9060.,10.63863,12.1318,11.07922,12.6335,41.65897,-19.28047,-30.24277
9070.,10.63454,12.12781,11.07515,12.6294,41.65609,-19.28374,-30.24602
9080.,10.63045,12.12382,11.07109,12.62531,41.6532,-19.287,-30.24927
9090.,10.62637,12.11984,11.06704,12.62122,41.65032,-19.29026,-30.25098
9100.,10.6223,12.11586,11.06299,12.61713,41.64744,-19.29352,-30.25183
9110.,10.61823,12.11188,11.05895,12.61306,41.64457,-19.29677,-30.25267
9120.,10.61416,12.10791,11.05491,12.60899,41.6417,-19.30002,-30.25351
9130.,10.6101,12.10395,11.05088,12.60492,41.63883,-19.30326,-30.25434
9140.,10.60604,12.09998,11.04685,12.60086,41.63596,-19.3065,-30.25518
9150.,10.60199,12.09602,11.04282,12.5968,41.6331,-19.30974,-30.256
9160.,10.59794,12.09207,11.0388,12.59275,41.63024,-19.31297,-30.25683
9170.,10.5939,12.08812,11.03479,12.5887,41.62738,-19.31619,-30.25765
9180.,10.58987,12.08417,11.03078,12.58466,41.62452,-19.31942,-30.25846
9190.,10.58583,12.08023,11.02677,12.58063,41.62167,-19.32264,-30.25927
9200.,10.58181,12.07629,11.02277,12.5766,41.61882,-19.32585,-30.26008
9210.,10.57778,12.07236,11.01878,12.57257,41.61597,-19.32906,-30.26089
9220.,10.57377,12.06843,11.01479,12.56856,41.61313,-19.33227,-30.26169
9230.,10.56975,12.0645,11.0108,12.56454,41.61029,-19.33548,-30.26248
9240.,10.56575,12.06058,11.00682,12.56053,41.60745,-19.33868,-30.26328
9250.,10.56174,12.05666,11.00285,12.55653,41.60462,-19.34187,-30.26407
9260.,10.55775,12.05275,10.99887,12.55253,41.60178,-19.34506,-30.26485
9270.,10.55375,12.04884,10.99491,12.54854,41.59895,-19.34825,-30.26564
9280.,10.54976,12.04494,10.99095,12.54455,41.59613,-19.35144,-30.26641
9290.,10.54578,12.04104,10.98699,12.54057,41.5933,-19.35462,-30.26719
9300.,10.5418,12.03714,10.98304,12.53659,41.59048,-19.3578,-30.26796
9310.,10.53783,12.03325,10.97909,12.53261,41.58766,-19.36097,-30.26873
9320.,10.53386,12.02936,10.97515,12.52865,41.58485,-19.36414,-30.26949
9330.,10.52989,12.02547,10.97121,12.52468,41.58204,-19.3673,-30.27025
9340.,10.52593,12.02159,10.96727,12.52073,41.57923,-19.37046,-30.27101
9350.,10.52198,12.01771,10.96335,12.51677,41.57642,-19.37362,-30.27176
9360.,10.51803,12.01384,10.95942,12.51283,41.57362,-19.37678,-30.27251
9370.,10.51408,12.00997,10.9555,12.50888,41.57081,-19.37993,-30.27326
9380.,10.51014,12.00611,10.95159,12.50495,41.56802,-19.38307,-30.274
9390.,10.50621,12.00225,10.94768,12.50101,41.56522,-19.38621,-30.27474
9400.,10.50227,11.99839,10.94377,12.49709,41.56243,-19.38935,-30.27547
9410.,10.49835,11.99454,10.93987,12.49316,41.55964,-19.39249,-30.2762
9420.,10.49443,11.99069,10.93598,12.48925,41.55685,-19.39562,-30.27693
9430.,10.49051,11.98685,10.93209,12.48533,41.55407,-19.39875,-30.27765
9440.,10.4866,11.98301,10.9282,12.48143,41.55129,-19.40187,-30.27837
9450.,10.48269,11.97917,10.92432,12.47752,41.54851,-19.40499,-30.27909
9460.,10.47878,11.97534,10.92044,12.47363,41.54574,-19.4081,-30.2798
9470.,10.47489,11.97151,10.91657,12.46973,41.54296,-19.41122,-30.28051
9480.,10.47099,11.96769,10.9127,12.46585,41.54019,-19.41433,-30.28122
9490.,10.4671,11.96387,10.90883,12.46196,41.53743,-19.41743,-30.28192
9500.,10.46322,11.96005,10.90497,12.45809,41.53466,-19.42053,-30.28262
9510.,10.45934,11.95624,10.90112,12.45421,41.5319,-19.42363,-30.28332
9520.,10.45546,11.95243,10.89727,12.45034,41.52915,-19.42672,-30.28401
9530.,10.45159,11.94863,10.89343,12.44648,41.52639,-19.42981,-30.2847
9540.,10.44772,11.94483,10.88958,12.44262,41.52364,-19.4329,-30.28538
9550.,10.44386,11.94103,10.88575,12.43877,41.52089,-19.43598,-30.28607
9560.,10.44001,11.93724,10.88192,12.43492,41.51814,-19.43906,-30.28674
9570.,10.43615,11.93345,10.87809,12.43108,41.5154,-19.44214,-30.28742
9580.,10.43231,11.92967,10.87427,12.42724,41.51266,-19.44521,-30.28809
9590.,10.42846,11.92589,10.87045,12.4234,41.50992,-19.44827,-30.28953
9600.,10.42462,11.92212,10.86664,12.41957,41.50719,-19.45134,-30.29403
9610.,10.42079,11.91835,10.86283,12.41575,41.50446,-19.4544,-30.29852
9620.,10.41696,11.91458,10.85902,12.41193,41.50173,-19.45746,-30.30302
9630.,10.41313,11.91082,10.85522,12.40811,41.499,-19.46051,-30.30751
9640.,10.40931,11.90706,10.85143,12.40429,41.49628,-19.46356,-30.31199
9650.,10.4055,11.90331,10.84764,12.40048,41.49356,-19.4666,-30.31648
9660.,10.40169,11.89956,10.84385,12.39668,41.49084,-19.46965,-30.32096
9670.,10.39788,11.89582,10.84007,12.39288,41.48813,-19.47269,-30.32544
9680.,10.39408,11.89208,10.83629,12.38908,41.48542,-19.47572,-30.32992
9690.,10.39028,11.88835,10.83252,12.38529,41.48271,-19.47875,-30.33439
9700.,10.38649,11.88462,10.82875,12.3815,41.48,-19.48178,-30.33887
9710.,10.3827,11.88089,10.82498,12.37771,41.4773,-19.4848,-30.34333
9720.,10.37891,11.87717,10.82122,12.37393,41.4746,-19.48783,-30.3478
9730.,10.37513,11.87346,10.81747,12.37015,41.4719,-19.49084,-30.35226
9740.,10.37136,11.86975,10.81372,12.36638,41.46921,-19.49386,-30.35673
9750.,10.36759,11.86604,10.80997,12.36261,41.46652,-19.49687,-30.36118
9760.,10.36382,11.86234,10.80623,12.35884,41.46383,-19.49987,-30.36564
9770.,10.36006,11.85864,10.80249,12.35508,41.46114,-19.50287,-30.37009
9780.,10.3563,11.85495,10.79876,12.35132,41.45846,-19.50587,-30.37454
9790.,10.35255,11.85126,10.79503,12.34757,41.45578,-19.50887,-30.37899
9800.,10.3488,11.84757,10.7913,12.34382,41.4531,-19.51186,-30.38344
9810.,10.34505,11.84389,10.78758,12.34008,41.45043,-19.51485,-30.38788
9820.,10.34131,11.84021,10.78387,12.33634,41.44776,-19.51784,-30.39232
9830.,10.33758,11.83654,10.78015,12.3326,41.44509,-19.52082,-30.39676
9840.,10.33384,11.83288,10.77645,12.32886,41.44243,-19.5238,-30.40119
9850.,10.33012,11.82921,10.77274,12.32514,41.43976,-19.52677,-30.40562
9860.,10.3264,11.82555,10.76905,12.32141,41.4371,-19.52974,-30.41005
9870.,10.32268,11.8219,10.76535,12.31769,41.43445,-19.53271,-30.41448
9880.,10.31896,11.81825,10.76166,12.31397,41.43179,-19.53567,-30.4189
9890.,10.31525,11.81461,10.75798,12.31026,41.42914,-19.53863,-30.42333
9900.,10.31155,11.81096,10.75429,12.30655,41.42649,-19.54159,-30.42774
9910.,10.30785,11.80733,10.75062,12.30284,41.42385,-19.54454,-30.43216
9920.,10.30415,11.8037,10.74694,12.29914,41.42121,-19.54749,-30.43657
9930.,10.30046,11.80007,10.74328,12.29544,41.41857,-19.55044,-30.44099
9940.,10.29677,11.79644,10.73961,12.29175,41.41593,-19.55338,-30.44539
9950.,10.29309,11.79282,10.73595,12.28806,41.4133,-19.55632,-30.4498
9960.,10.28941,11.78921,10.7323,12.28437,41.41066,-19.55926,-30.4542
9970.,10.28573,11.7856,10.72865,12.28069,41.40804,-19.56219,-30.4586
9980.,10.28206,11.78199,10.725,12.27701,41.40541,-19.56512,-30.463
9990.,10.2784,11.77839,10.72136,12.27334,41.40279,-19.56805,-30.4674
10000.,10.27474,11.77479,10.71772,12.26967,41.40017,-19.57097,-30.47179
10010.,10.27108,11.7712,10.71408,12.26601,41.39755,-19.57389,-30.47618
10020.,10.26743,11.76761,10.71045,12.26234,41.39494,-19.5768,-30.48057
10030.,10.26378,11.76402,10.70683,12.25869,41.39233,-19.57972,-30.48495
10040.,10.26013,11.76044,10.70321,12.25503,41.38972,-19.58263,-30.48933
10050.,10.25649,11.75687,10.69959,12.25138,41.38711,-19.58553,-30.49371
10060.,10.25286,11.75329,10.69598,12.24774,41.38451,-19.58843,-30.49809
10070.,10.24922,11.74972,10.69237,12.24409,41.38191,-19.59133,-30.50246
10080.,10.2456,11.74616,10.68876,12.24045,41.37931,-19.59423,-30.50683
10090.,10.24197,11.7426,10.68516,12.23682,41.37672,-19.59712,-30.5112
10100.,10.23835,11.73904,10.68156,12.23319,41.37413,-19.60001,-30.51377
10110.,10.23474,11.73549,10.67797,12.22956,41.37154,-19.60289,-30.51578
10120.,10.23113,11.73195,10.67438,12.22594,41.36896,-19.60577,-30.51779
10130.,10.22752,11.7284,10.6708,12.22233,41.36638,-19.60865,-30.5198
10140.,10.22392,11.72486,10.66721,12.21871,41.36381,-19.61153,-30.5218
10150.,10.22032,11.72133,10.66363,12.2151,41.36124,-19.6144,-30.5238
10160.,10.21673,11.7178,10.66006,12.2115,41.35867,-19.61727,-30.5258
10170.,10.21314,11.71427,10.65649,12.2079,41.35611,-19.62013,-30.52779
10180.,10.20955,11.71075,10.65292,12.20431,41.35355,-19.62299,-30.52978
10190.,10.20597,11.70723,10.64936,12.20071,41.351,-19.62585,-30.53177
10200.,10.20239,11.70371,10.64579,12.19713,41.34844,-19.6287,-30.53375
10210.,10.19882,11.7002,10.64224,12.19355,41.3459,-19.63156,-30.53573
10220.,10.19525,11.69669,10.63868,12.18997,41.34335,-19.6344,-30.53771
10230.,10.19169,11.69319,10.63513,12.18639,41.34081,-19.63725,-30.53969
10240.,10.18813,11.68969,10.63159,12.18282,41.33828,-19.64009,-30.54166
10250.,10.18457,11.6862,10.62805,12.17926,41.33575,-19.64293,-30.54363
10260.,10.18102,11.6827,10.62451,12.1757,41.33322,-19.64576,-30.54559
10270.,10.17747,11.67922,10.62097,12.17214,41.33069,-19.64859,-30.54756
10280.,10.17393,11.67573,10.61744,12.16859,41.32817,-19.65142,-30.54952
10290.,10.17039,11.67226,10.61391,12.16504,41.32566,-19.65425,-30.55147
10300.,10.16685,11.66878,10.61039,12.1615,41.32314,-19.65707,-30.55343
10310.,10.16332,11.66531,10.60687,12.15796,41.32063,-19.65989,-30.55538
10320.,10.15979,11.66184,10.60335,12.15443,41.31813,-19.6627,-30.55732
10330.,10.15627,11.65838,10.59984,12.15089,41.31563,-19.66551,-30.55927
10340.,10.15275,11.65492,10.59633,12.14737,41.31313,-19.66832,-30.56121
10350.,10.14924,11.65147,10.59282,12.14385,41.31063,-19.67113,-30.56315
10360.,10.14572,11.64802,10.58932,12.14033,41.30814,-19.67393,-30.56508
10370.,10.14222,11.64457,10.58582,12.13681,41.30565,-19.67672,-30.56702
10380.,10.13872,11.64113,10.58233,12.13331,41.30317,-19.67952,-30.56895
10390.,10.13522,11.63769,10.57883,12.1298,41.30069,-19.68231,-30.57087
10400.,10.13172,11.63425,10.57535,12.1263,41.29821,-19.6851,-30.5728
10410.,10.12823,11.63082,10.57186,12.1228,41.29574,-19.68788,-30.57472
10420.,10.12475,11.62739,10.56838,12.11931,41.29327,-19.69067,-30.57663
10430.,10.12127,11.62397,10.56491,12.11582,41.2908,-19.69344,-30.57855
10440.,10.11779,11.62055,10.56143,12.11234,41.28834,-19.69622,-30.58046
10450.,10.11431,11.61714,10.55796,12.10886,41.28588,-19.69899,-30.58237
10460.,10.11084,11.61373,10.5545,12.10538,41.28343,-19.70176,-30.58427
10470.,10.10738,11.61032,10.55103,12.10191,41.28097,-19.70453,-30.58618
10480.,10.10392,11.60692,10.54758,12.09844,41.27853,-19.70729,-30.58808
10490.,10.10046,11.60352,10.54412,12.09498,41.27608,-19.71005,-30.58997
10500.,10.09701,11.60012,10.54067,12.09152,41.27364,-19.7128,-30.59187
10510.,10.09356,11.59673,10.53722,12.08807,41.2712,-19.71555,-30.59376
10520.,10.09011,11.59334,10.53378,12.08462,41.26877,-19.7183,-30.59564
10530.,10.08667,11.58996,10.53034,12.08117,41.26634,-19.72105,-30.59753
10540.,10.08323,11.58658,10.5269,12.07773,41.26391,-19.72379,-30.59941
10550.,10.0798,11.5832,10.52347,12.07429,41.26148,-19.72653,-30.60129
10560.,10.07637,11.57983,10.52004,12.07086,41.25906,-19.72927,-30.60317
10570.,10.07295,11.57646,10.51661,12.06743,41.25664,-19.732,-30.60504
10580.,10.06953,11.5731,10.51319,12.064,41.25423,-19.73473,-30.60691
10590.,10.06611,11.56974,10.50977,12.06058,41.25182,-19.73746,-30.60878
10600.,10.0627,11.56638,10.50636,12.05716,41.24941,-19.74018,-30.61089
10610.,10.05929,11.56303,10.50295,12.05375,41.24701,-19.7429,-30.61351
10620.,10.05588,11.55968,10.49955,12.05034,41.2446,-19.74561,-30.61612
10630.,10.05248,11.55634,10.49615,12.04694,41.24221,-19.74833,-30.61874
10640.,10.04909,11.553,10.49275,12.04353,41.23981,-19.75104,-30.62135
10650.,10.04569,11.54967,10.48936,12.04014,41.23742,-19.75375,-30.62396
10660.,10.0423,11.54634,10.48598,12.03674,41.23502,-19.75645,-30.62656
10670.,10.03892,11.54302,10.4826,12.03335,41.23264,-19.75915,-30.62916
10680.,10.03554,11.5397,10.47922,12.02997,41.23025,-19.76185,-30.63176
10690.,10.03216,11.53638,10.47585,12.02659,41.22787,-19.76454,-30.63436
10700.,10.02879,11.53307,10.47248,12.02321,41.22549,-19.76723,-30.63695
10710.,10.02542,11.52976,10.46912,12.01984,41.22311,-19.76992,-30.63955
10720.,10.02205,11.52646,10.46577,12.01647,41.22074,-19.7726,-30.64213
10730.,10.01869,11.52316,10.46242,12.0131,41.21837,-19.77529,-30.64472
10740.,10.01534,11.51987,10.45907,12.00974,41.216,-19.77796,-30.6473
10750.,10.01198,11.51658,10.45573,12.00638,41.21363,-19.78064,-30.64988
10760.,10.00864,11.51329,10.45239,12.00303,41.21127,-19.78331,-30.65246
10770.,10.00529,11.51001,10.44906,11.99968,41.20891,-19.78598,-30.65504
10780.,10.00195,11.50673,10.44573,11.99633,41.20655,-19.78864,-30.65761
10790.,9.998613,11.50346,10.4424,11.99299,41.2042,-19.79131,-30.66018
10800.,9.99528,11.50019,10.43909,11.98965,41.20185,-19.79397,-30.66274
10810.,9.991951,11.49693,10.43577,11.98632,41.1995,-19.79662,-30.66531
10820.,9.988626,11.49367,10.43246,11.98299,41.19715,-19.79927,-30.66787
10830.,9.985305,11.49042,10.42916,11.97966,41.19481,-19.80192,-30.67043
10840.,9.981988,11.48716,10.42586,11.97634,41.19247,-19.80457,-30.67298
10850.,9.978675,11.48392,10.42256,11.97302,41.19013,-19.80721,-30.67554
10860.,9.975366,11.48068,10.41927,11.9697,41.18779,-19.80985,-30.67809
10870.,9.97206,11.47744,10.41599,11.96639,41.18546,-19.81249,-30.68063
10880.,9.968759,11.4742,10.4127,11.96309,41.18313,-19.81512,-30.68318
10890.,9.965462,11.47098,10.40943,11.95978,41.18081,-19.81775,-30.68572
10900.,9.962168,11.46775,10.40615,11.95648,41.17848,-19.82038,-30.68826
10910.,9.958879,11.46453,10.40289,11.95319,41.17616,-19.823,-30.6908
10920.,9.955593,11.46131,10.39962,11.9499,41.17384,-19.82563,-30.69333
10930.,9.952312,11.4581,10.39636,11.94661,41.17153,-19.82824,-30.69586
10940.,9.949034,11.45489,10.39311,11.94333,41.16921,-19.83086,-30.69839
10950.,9.94576,11.45169,10.38986,11.94005,41.1669,-19.83347,-30.70092
10960.,9.94249,11.44849,10.38661,11.93677,41.1646,-19.83608,-30.70344
10970.,9.939224,11.44529,10.38337,11.9335,41.16229,-19.83868,-30.70596
10980.,9.935962,11.4421,10.38014,11.93023,41.15999,-19.84128,-30.70848
10990.,9.932704,11.43891,10.37691,11.92697,41.15769,-19.84388,-30.71099
11000.,9.92945,11.43573,10.37368,11.92371,41.15539,-19.84648,-30.71351
11010.,9.9262,11.43255,10.37045,11.92045,41.1531,-19.84907,-30.71602
11020.,9.922953,11.42938,10.36724,11.9172,41.15081,-19.85166,-30.71852
11030.,9.919711,11.42621,10.36402,11.91395,41.14852,-19.85425,-30.72103
11040.,9.916472,11.42304,10.36081,11.91071,41.14624,-19.85683,-30.72353
11050.,9.913237,11.41988,10.35761,11.90747,41.14395,-19.85941,-30.72603
11060.,9.910006,11.41672,10.35441,11.90423,41.14167,-19.86199,-30.72852
11070.,9.906779,11.41357,10.35121,11.901,41.1394,-19.86456,-30.73102
11080.,9.903556,11.41042,10.34802,11.89777,41.13712,-19.86713,-30.73351
11090.,9.900337,11.40727,10.34483,11.89454,41.13485,-19.8697,-30.736
11100.,9.897122,11.40413,10.34165,11.89132,41.13258,-19.87226,-30.73848
11110.,9.89391,11.40099,10.33847,11.8881,41.13032,-19.87483,-30.74123
11120.,9.890703,11.39786,10.33529,11.88489,41.12805,-19.87738,-30.74402
11130.,9.887499,11.39473,10.33212,11.88168,41.12579,-19.87994,-30.7468
11140.,9.884299,11.3916,10.32895,11.87847,41.12353,-19.88249,-30.74958
11150.,9.881103,11.38848,10.32579,11.87527,41.12128,-19.88504,-30.75236
11160.,9.877911,11.38536,10.32263,11.87207,41.11903,-19.88759,-30.75513
11170.,9.874722,11.38224,10.31947,11.86887,41.11678,-19.89013,-30.7579
11180.,9.871538,11.37913,10.31632,11.86568,41.11453,-19.89267,-30.76067
11190.,9.868357,11.37602,10.31317,11.8625,41.11228,-19.8952,-30.76344
11200.,9.86518,11.37291,10.31003,11.85931,41.11004,-19.89774,-30.7662
11210.,9.862007,11.36981,10.30688,11.85613,41.1078,-19.90027,-30.76896
11220.,9.858838,11.36671,10.30375,11.85295,41.10556,-19.9028,-30.77172
11230.,9.855672,11.36361,10.30061,11.84978,41.10333,-19.90532,-30.77448
11240.,9.852511,11.36052,10.29748,11.84661,41.10109,-19.90784,-30.77723
11250.,9.849353,11.35743,10.29436,11.84345,41.09886,-19.91036,-30.77998
11260.,9.846199,11.35435,10.29124,11.84029,41.09663,-19.91288,-30.78273
11270.,9.843048,11.35126,10.28812,11.83713,41.09441,-19.91539,-30.78548
11280.,9.839902,11.34819,10.285,11.83397,41.09219,-19.9179,-30.78822
11290.,9.836759,11.34511,10.28189,11.83082,41.08997,-19.9204,-30.79096
11300.,9.83362,11.34204,10.27878,11.82768,41.08775,-19.92291,-30.7937
11310.,9.830485,11.33897,10.27568,11.82453,41.08554,-19.92541,-30.79643
11320.,9.827353,11.33591,10.27258,11.82139,41.08332,-19.9279,-30.79917
11330.,9.824225,11.33285,10.26949,11.81826,41.08111,-19.9304,-30.8019
11340.,9.821101,11.32979,10.26639,11.81513,41.07891,-19.93289,-30.80463
11350.,9.817981,11.32674,10.2633,11.812,41.0767,-19.93538,-30.80735
11360.,9.814864,11.32369,10.26022,11.80887,41.0745,-19.93786,-30.81007
11370.,9.811752,11.32064,10.25714,11.80575,41.0723,-19.94034,-30.81279
11380.,9.808642,11.31759,10.25406,11.80264,41.0701,-19.94282,-30.81551
11390.,9.805537,11.31455,10.25099,11.79952,41.06791,-19.9453,-30.81823
11400.,9.802435,11.31152,10.24792,11.79641,41.06572,-19.94777,-30.82094
11410.,9.799337,11.30849,10.24485,11.7933,41.06353,-19.95024,-30.82365
11420.,9.796243,11.30546,10.24179,11.7902,41.06134,-19.95271,-30.82636
11430.,9.793152,11.30243,10.23873,11.7871,41.05915,-19.95518,-30.82906
11440.,9.790065,11.29941,10.23567,11.78401,41.05697,-19.95764,-30.83177
11450.,9.786982,11.29639,10.23262,11.78092,41.05479,-19.9601,-30.83447
11460.,9.783903,11.29337,10.22957,11.77783,41.05262,-19.96255,-30.83716
11470.,9.780827,11.29036,10.22653,11.77474,41.05044,-19.965,-30.83986
11480.,9.777755,11.28735,10.22349,11.77166,41.04827,-19.96745,-30.84255
11490.,9.774686,11.28434,10.22045,11.76858,41.0461,-19.9699,-30.84524
11500.,9.771621,11.28134,10.21742,11.76551,41.04393,-19.97234,-30.84793
11510.,9.76856,11.27834,10.21439,11.76244,41.04177,-19.97478,-30.85062
11520.,9.765502,11.27535,10.21136,11.75937,41.03961,-19.97722,-30.8533
11530.,9.762448,11.27236,10.20834,11.75631,41.03745,-19.97966,-30.85598
11540.,9.759398,11.26937,10.20532,11.75325,41.03529,-19.98209,-30.85866
11550.,9.756351,11.26638,10.20231,11.75019,41.03314,-19.98452,-30.86133
11560.,9.753308,11.2634,10.19929,11.74714,41.03098,-19.98694,-30.86401
11570.,9.750269,11.26042,10.19629,11.74409,41.02884,-19.98937,-30.86668
11580.,9.747233,11.25745,10.19328,11.74105,41.02669,-19.99179,-30.86934
11590.,9.744201,11.25448,10.19028,11.73801,41.02454,-19.99421,-30.87201
11600.,9.741172,11.25151,10.18728,11.73497,41.0224,-19.99662,-30.87467
11610.,9.738147,11.24854,10.18429,11.73193,41.02026,-19.99903,-30.87659
11620.,9.735126,11.24558,10.1813,11.7289,41.01812,-20.00144,-30.87761
11630.,9.732108,11.24262,10.17831,11.72588,41.01599,-20.00385,-30.87863
11640.,9.729094,11.23967,10.17533,11.72285,41.01385,-20.00625,-30.87965
11650.,9.726083,11.23672,10.17235,11.71983,41.01172,-20.00865,-30.88067
11660.,9.723076,11.23377,10.16937,11.71682,41.00959,-20.01105,-30.88168
11670.,9.720073,11.23082,10.1664,11.71381,41.00747,-20.01344,-30.88269
11680.,9.717073,11.22788,10.16343,11.7108,41.00534,-20.01583,-30.8837
11690.,9.714077,11.22494,10.16046,11.70779,41.00322,-20.01822,-30.8847
11700.,9.711084,11.222,10.1575,11.70479,41.00109,-20.02061,-30.8857
11710.,9.708094,11.21907,10.15454,11.7018,40.99897,-20.02299,-30.8867
11720.,9.705109,11.21614,10.15158,11.69881,40.99686,-20.02537,-30.8877
11730.,9.702126,11.21321,10.14863,11.69582,40.99474,-20.02775,-30.88869
11740.,9.699148,11.21029,10.14568,11.69283,40.99263,-20.03013,-30.88968
11750.,9.696172,11.20737,10.14273,11.68985,40.99052,-20.0325,-30.89067
11760.,9.693201,11.20445,10.13979,11.68687,40.98841,-20.03487,-30.89166
11770.,9.690233,11.20154,10.13684,11.6839,40.9863,-20.03723,-30.89264
11780.,9.687268,11.19862,10.13391,11.68093,40.98419,-20.0396,-30.89362
11790.,9.684307,11.19572,10.13097,11.67796,40.98209,-20.04196,-30.8946
11800.,9.681349,11.19281,10.12804,11.675,40.97999,-20.04431,-30.89557
11810.,9.678395,11.18991,10.12512,11.67204,40.97789,-20.04667,-30.89654
11820.,9.675444,11.18701,10.12219,11.66909,40.97579,-20.04902,-30.89751
11830.,9.672497,11.18411,10.11927,11.66614,40.9737,-20.05137,-30.89848
11840.,9.669553,11.18122,10.11635,11.66319,40.9716,-20.05372,-30.89945
11850.,9.666613,11.17833,10.11344,11.66024,40.96951,-20.05606,-30.90041
11860.,9.663676,11.17545,10.11053,11.6573,40.96742,-20.0584,-30.90137
11870.,9.660742,11.17256,10.10762,11.65437,40.96533,-20.06074,-30.90232
11880.,9.657812,11.16968,10.10472,11.65143,40.96325,-20.06308,-30.90328
11890.,9.654886,11.16681,10.10182,11.6485,40.96117,-20.06541,-30.90423
11900.,9.651963,11.16393,10.09892,11.64558,40.95909,-20.06774,-30.90518
11910.,9.649043,11.16106,10.09602,11.64266,40.95701,-20.07007,-30.90612
11920.,9.646127,11.15819,10.09313,11.63974,40.95493,-20.0724,-30.90707
11930.,9.643214,11.15533,10.09025,11.63682,40.95286,-20.07472,-30.90801
11940.,9.640304,11.15247,10.08736,11.63391,40.95078,-20.07704,-30.90895
11950.,9.637398,11.14961,10.08448,11.631,40.94871,-20.07935,-30.90988
11960.,9.634496,11.14675,10.0816,11.6281,40.94664,-20.08167,-30.91082
11970.,9.631597,11.1439,10.07873,11.6252,40.94458,-20.08398,-30.91175
11980.,9.628701,11.14105,10.07585,11.6223,40.94251,-20.08629,-30.91268
11990.,9.625808,11.1382,10.07299,11.61941,40.94045,-20.08859,-30.9136
12000.,9.622919,11.13536,10.07012,11.61652,40.93839,-20.0909,-30.91453
12010.,9.620033,11.13252,10.06726,11.61363,40.93633,-20.0932,-30.91545
12020.,9.617151,11.12968,10.0644,11.61075,40.93428,-20.09549,-30.91637
12030.,9.614272,11.12685,10.06154,11.60787,40.93222,-20.09779,-30.91728
12040.,9.611396,11.12402,10.05869,11.60499,40.93017,-20.10008,-30.91819
12050.,9.608524,11.12119,10.05584,11.60212,40.92812,-20.10237,-30.91911
12060.,9.605655,11.11837,10.053,11.59925,40.92607,-20.10466,-30.92001
12070.,9.60279,11.11555,10.05015,11.59639,40.92403,-20.10694,-30.92092
12080.,9.599927,11.11273,10.04731,11.59353,40.92198,-20.10923,-30.92182
12090.,9.597068,11.10991,10.04448,11.59067,40.91994,-20.11151,-30.92272
12100.,9.594213,11.1071,10.04164,11.58781,40.9179,-20.11378,-30.92362
12110.,9.59136,11.10429,10.03881,11.58496,40.91586,-20.11606,-30.92454
12120.,9.588511,11.10148,10.03599,11.58211,40.91383,-20.11833,-30.92667
12130.,9.585666,11.09868,10.03316,11.57927,40.9118,-20.1206,-30.9288
12140.,9.582823,11.09588,10.03034,11.57643,40.90976,-20.12286,-30.93093
12150.,9.579984,11.09309,10.02753,11.57359,40.90774,-20.12512,-30.93306
12160.,9.577149,11.0903,10.02472,11.57075,40.90571,-20.12739,-30.93518
12170.,9.574316,11.08751,10.02191,11.56792,40.90369,-20.12964,-30.93731
12180.,9.571487,11.08473,10.0191,11.56509,40.90167,-20.1319,-30.93943
12190.,9.568661,11.08195,10.0163,11.56227,40.89965,-20.13415,-30.94154
12200.,9.565839,11.07918,10.0135,11.55945,40.89763,-20.1364,-30.94366
12210.,9.56302,11.07641,10.01071,11.55663,40.89562,-20.13865,-30.94577
12220.,9.560204,11.07364,10.00792,11.55381,40.89361,-20.14089,-30.94788
12230.,9.557391,11.07088,10.00513,11.551,40.8916,-20.14314,-30.94999
12240.,9.554582,11.06812,10.00235,11.54819,40.8896,-20.14538,-30.9521
12250.,9.551776,11.06536,9.999565,11.54539,40.88759,-20.14761,-30.9542
12260.,9.548973,11.06261,9.996788,11.54258,40.88559,-20.14985,-30.9563
12270.,9.546173,11.05986,9.994015,11.53978,40.88359,-20.15208,-30.9584
12280.,9.543377,11.05712,9.991245,11.53699,40.8816,-20.15431,-30.9605
12290.,9.540584,11.05438,9.988479,11.53419,40.8796,-20.15653,-30.9626
12300.,9.537795,11.05164,9.985716,11.5314,40.87761,-20.15876,-30.96469
12310.,9.535008,11.04891,9.982957,11.52862,40.87562,-20.16098,-30.96678
12320.,9.532225,11.04618,9.980201,11.52583,40.87363,-20.1632,-30.96887
12330.,9.529445,11.04346,9.977448,11.52305,40.87165,-20.16541,-30.97096
12340.,9.526669,11.04073,9.974699,11.52028,40.86967,-20.16763,-30.97304
12350.,9.523895,11.03802,9.971954,11.5175,40.86769,-20.16984,-30.97512
12360.,9.521125,11.0353,9.969212,11.51473,40.86571,-20.17205,-30.9772
12370.,9.518359,11.03259,9.966474,11.51196,40.86373,-20.17425,-30.97928
12380.,9.515595,11.02989,9.963739,11.5092,40.86176,-20.17646,-30.98135
12390.,9.512835,11.02718,9.961007,11.50644,40.85979,-20.17866,-30.98343
12400.,9.510078,11.02448,9.958279,11.50368,40.85782,-20.18085,-30.9855
12410.,9.507324,11.02179,9.955554,11.50093,40.85586,-20.18305,-30.98757
12420.,9.504573,11.0191,9.952833,11.49817,40.8539,-20.18524,-30.98963
12430.,9.501826,11.01641,9.950115,11.49543,40.85193,-20.18743,-30.9917
12440.,9.499082,11.01372,9.947401,11.49268,40.84998,-20.18962,-30.99376
12450.,9.496341,11.01104,9.94469,11.48994,40.84802,-20.1918,-30.99582
12460.,9.493603,11.00836,9.941982,11.4872,40.84607,-20.19399,-30.99788
12470.,9.490869,11.00569,9.939278,11.48446,40.84411,-20.19617,-30.99993
12480.,9.488138,11.00302,9.936577,11.48173,40.84217,-20.19834,-31.00198
12490.,9.48541,11.00035,9.93388,11.479,40.84022,-20.20052,-31.00403
12500.,9.482685,10.99769,9.931186,11.47628,40.83827,-20.20269,-31.00608
12510.,9.479963,10.99503,9.928496,11.47355,40.83633,-20.20486,-31.00813
12520.,9.477245,10.99238,9.925808,11.47083,40.83439,-20.20703,-31.01017
12530.,9.47453,10.98972,9.923125,11.46812,40.83246,-20.20919,-31.01222
12540.,9.471818,10.98707,9.920444,11.4654,40.83052,-20.21135,-31.01426
12550.,9.469109,10.98443,9.917767,11.46269,40.82859,-20.21351,-31.01629
12560.,9.466404,10.98179,9.915094,11.45998,40.82666,-20.21567,-31.01833
12570.,9.463702,10.97915,9.912423,11.45728,40.82473,-20.21782,-31.02036
12580.,9.461003,10.97652,9.909756,11.45458,40.8228,-20.21997,-31.02239
12590.,9.458307,10.97389,9.907093,11.45188,40.82088,-20.22212,-31.02442
12600.,9.455614,10.97126,9.904433,11.44919,40.81896,-20.22427,-31.02645
12610.,9.452924,10.96863,9.901776,11.44649,40.81704,-20.22641,-31.02847
12620.,9.450238,10.96601,9.899122,11.44381,40.81512,-20.22855,-31.03132
12630.,9.447555,10.96339,9.896471,11.44112,40.81321,-20.23069,-31.03476
12640.,9.444875,10.96078,9.893823,11.43844,40.8113,-20.23283,-31.0382
12650.,9.442198,10.95817,9.891177,11.43576,40.80939,-20.23496,-31.04163
12660.,9.439525,10.95556,9.888534,11.43308,40.80748,-20.23709,-31.04507
12670.,9.436854,10.95295,9.885895,11.43041,40.80557,-20.23922,-31.0485
12680.,9.434187,10.95034,9.883258,11.42774,40.80367,-20.24135,-31.05193
12690.,9.431523,10.94774,9.880623,11.42507,40.80177,-20.24347,-31.05536
12700.,9.428861,10.94514,9.877992,11.4224,40.79987,-20.24559,-31.05878
12710.,9.426204,10.94254,9.875363,11.41974,40.79797,-20.24771,-31.06221
12720.,9.423549,10.93995,9.872737,11.41708,40.79607,-20.24982,-31.06563
12730.,9.420897,10.93735,9.870114,11.41442,40.79418,-20.25194,-31.06905
12740.,9.418248,10.93476,9.867494,11.41177,40.79229,-20.25405,-31.07247
12750.,9.415603,10.93217,9.864876,11.40912,40.7904,-20.25616,-31.07588
12760.,9.412961,10.92959,9.862262,11.40647,40.78851,-20.25826,-31.0793
12770.,9.410321,10.92701,9.85965,11.40382,40.78662,-20.26037,-31.08271
12780.,9.407685,10.92443,9.85704,11.40118,40.78474,-20.26247,-31.08612
12790.,9.405052,10.92185,9.854434,11.39854,40.78286,-20.26457,-31.08953
12800.,9.402422,10.91928,9.85183,11.3959,40.78098,-20.26666,-31.09294
12810.,9.399795,10.9167,9.849229,11.39326,40.7791,-20.26876,-31.09635
12820.,9.397171,10.91413,9.846631,11.39063,40.77722,-20.27085,-31.09975
12830.,9.39455,10.91157,9.844036,11.388,40.77535,-20.27294,-31.10315
12840.,9.391932,10.909,9.841443,11.38538,40.77348,-20.27502,-31.10655
12850.,9.389317,10.90644,9.838853,11.38275,40.77161,-20.27711,-31.10995
12860.,9.386706,10.90388,9.836266,11.38013,40.76974,-20.27919,-31.11335
12870.,9.384097,10.90132,9.833681,11.37752,40.76787,-20.28127,-31.11674
12880.,9.381491,10.89877,9.8311,11.3749,40.76601,-20.28335,-31.12013
12890.,9.378889,10.89622,9.828521,11.37229,40.76415,-20.28542,-31.12352
12900.,9.376289,10.89367,9.825945,11.36968,40.76229,-20.28749,-31.12691
12910.,9.373692,10.89112,9.823371,11.36707,40.76043,-20.28956,-31.1303
12920.,9.371099,10.88858,9.8208,11.36447,40.75857,-20.29163,-31.13369
12930.,9.368508,10.88603,9.818232,11.36187,40.75672,-20.29369,-31.13707
12940.,9.365921,10.8835,9.815667,11.35927,40.75486,-20.29576,-31.14045
12950.,9.363336,10.88096,9.813104,11.35667,40.75301,-20.29782,-31.14383
12960.,9.360754,10.87843,9.810544,11.35408,40.75117,-20.29987,-31.14721
12970.,9.358176,10.87589,9.807987,11.35149,40.74932,-20.30193,-31.15059
12980.,9.3556,10.87336,9.805433,11.3489,40.74748,-20.30398,-31.15396
12990.,9.353027,10.87084,9.802881,11.34631,40.74563,-20.30603,-31.15733
13000.,9.350457,10.86831,9.800332,11.34373,40.74379,-20.30808,-31.1607
13010.,9.347891,10.86579,9.797786,11.34115,40.74196,-20.31013,-31.16407
13020.,9.345327,10.86327,9.795242,11.33858,40.74012,-20.31217,-31.16744
13030.,9.342766,10.86076,9.792701,11.336,40.73828,-20.31421,-31.1708
13040.,9.340208,10.85824,9.790163,11.33343,40.73645,-20.31625,-31.17417
13050.,9.337653,10.85573,9.787627,11.33086,40.73462,-20.31829,-31.17753
13060.,9.335101,10.85322,9.785095,11.3283,40.73279,-20.32032,-31.18089
13070.,9.332551,10.85072,9.782564,11.32573,40.73097,-20.32235,-31.18425
13080.,9.330005,10.84821,9.780037,11.32317,40.72914,-20.32438,-31.1876
13090.,9.327462,10.84571,9.777512,11.32062,40.72732,-20.32641,-31.19096
13100.,9.324921,10.84321,9.77499,11.31806,40.7255,-20.32843,-31.19431
13110.,9.322384,10.84072,9.772471,11.31551,40.72368,-20.33045,-31.19766
13120.,9.319849,10.83822,9.769954,11.31296,40.72186,-20.33248,-31.20069
13130.,9.317317,10.83573,9.76744,11.31041,40.72005,-20.33449,-31.20182
13140.,9.314788,10.83325,9.764929,11.30787,40.71824,-20.33651,-31.20294
13150.,9.312262,10.83076,9.762421,11.30533,40.71643,-20.33852,-31.20406
13160.,9.309739,10.82828,9.759916,11.30279,40.71463,-20.34053,-31.20517
13170.,9.307219,10.8258,9.757413,11.30026,40.71283,-20.34254,-31.20629
13180.,9.304702,10.82333,9.754914,11.29773,40.71103,-20.34455,-31.2074
13190.,9.302187,10.82086,9.752417,11.2952,40.70924,-20.34655,-31.20851
13200.,9.299676,10.81839,9.749923,11.29268,40.70745,-20.34855,-31.20962
13210.,9.297167,10.81592,9.747432,11.29015,40.70566,-20.35055,-31.21073
13220.,9.294662,10.81346,9.744944,11.28764,40.70388,-20.35255,-31.21183
13230.,9.292159,10.811,9.742459,11.28512,40.7021,-20.35455,-31.21293
13240.,9.289659,10.80854,9.739977,11.28261,40.70032,-20.35654,-31.21403
13250.,9.287162,10.80609,9.737497,11.2801,40.69855,-20.35853,-31.21513
13260.,9.284668,10.80364,9.735021,11.27759,40.69678,-20.36052,-31.21623
13270.,9.282177,10.80119,9.732547,11.27509,40.69501,-20.3625,-31.21732
13280.,9.279688,10.79875,9.730076,11.27259,40.69324,-20.36448,-31.21841
13290.,9.277203,10.7963,9.727608,11.2701,40.69148,-20.36647,-31.2195
13300.,9.27472,10.79387,9.725143,11.2676,40.68972,-20.36844,-31.22058
13310.,9.272241,10.79143,9.722681,11.26511,40.68797,-20.37042,-31.22167
13320.,9.269764,10.789,9.720221,11.26262,40.68621,-20.37239,-31.22275
13330.,9.26729,10.78657,9.717765,11.26014,40.68446,-20.37437,-31.22383
13340.,9.264819,10.78414,9.715311,11.25766,40.68272,-20.37634,-31.22491
13350.,9.262351,10.78172,9.71286,11.25518,40.68097,-20.3783,-31.22598
13360.,9.259886,10.7793,9.710412,11.25271,40.67923,-20.38027,-31.22706
13370.,9.257424,10.77688,9.707967,11.25024,40.6775,-20.38223,-31.22813
13380.,9.254964,10.77447,9.705525,11.24777,40.67576,-20.38419,-31.2292
13390.,9.252508,10.77206,9.703086,11.2453,40.67403,-20.38615,-31.23026
13400.,9.250054,10.76965,9.700649,11.24284,40.6723,-20.3881,-31.23133
13410.,9.247604,10.76725,9.698216,11.24038,40.67058,-20.39006,-31.23239
13420.,9.245156,10.76484,9.695785,11.23792,40.66885,-20.39201,-31.23345
13430.,9.242711,10.76244,9.693357,11.23547,40.66713,-20.39396,-31.23451
13440.,9.240269,10.76005,9.690932,11.23302,40.66542,-20.3959,-31.23557
13450.,9.23783,10.75766,9.68851,11.23057,40.6637,-20.39785,-31.23662
13460.,9.235394,10.75527,9.686091,11.22813,40.66199,-20.39979,-31.23767
13470.,9.23296,10.75288,9.683674,11.22569,40.66028,-20.40173,-31.23872
13480.,9.23053,10.7505,9.681261,11.22325,40.65858,-20.40366,-31.23977
13490.,9.228102,10.74811,9.67885,11.22081,40.65688,-20.4056,-31.24081
13500.,9.225677,10.74574,9.676442,11.21838,40.65518,-20.40753,-31.24186
13510.,9.223256,10.74336,9.674037,11.21595,40.65348,-20.40946,-31.2429
13520.,9.220837,10.74099,9.671635,11.21353,40.65178,-20.41139,-31.24394
13530.,9.21842,10.73862,9.669236,11.21111,40.65009,-20.41331,-31.24497
13540.,9.216007,10.73626,9.666839,11.20869,40.64841,-20.41524,-31.24601
13550.,9.213597,10.73389,9.664446,11.20627,40.64672,-20.41716,-31.24704
13560.,9.211189,10.73153,9.662055,11.20386,40.64504,-20.41908,-31.24807
13570.,9.208785,10.72918,9.659667,11.20145,40.64336,-20.42099,-31.2491
13580.,9.206383,10.72682,9.657282,11.19904,40.64168,-20.42291,-31.25012
13590.,9.203984,10.72447,9.6549,11.19663,40.64,-20.42482,-31.25115
13600.,9.201588,10.72212,9.652521,11.19423,40.63833,-20.42673,-31.25217
13610.,9.199195,10.71978,9.650144,11.19183,40.63666,-20.42863,-31.25319
13620.,9.196805,10.71743,9.64777,11.18944,40.635,-20.43054,-31.2542
13630.,9.194418,10.71509,9.645399,11.18705,40.63333,-20.43244,-31.25544
13640.,9.192033,10.71276,9.643031,11.18466,40.63167,-20.43434,-31.25677
13650.,9.189652,10.71042,9.640664,11.18227,40.63001,-20.43624,-31.2581
13660.,9.187273,10.70809,9.6383,11.17989,40.62835,-20.43813,-31.25942
13670.,9.184897,10.70575,9.635939,11.17751,40.62669,-20.44003,-31.26075
13680.,9.182524,10.70342,9.63358,11.17513,40.62503,-20.44192,-31.26207
13690.,9.180153,10.70109,9.631223,11.17275,40.62337,-20.44381,-31.26339
13700.,9.177786,10.69877,9.628868,11.17038,40.62172,-20.44569,-31.2647
13710.,9.175421,10.69644,9.626516,11.16801,40.62007,-20.44758,-31.26602
13720.,9.173059,10.69412,9.624167,11.16565,40.61841,-20.44946,-31.26733
13730.,9.1707,10.6918,9.621819,11.16328,40.61676,-20.45134,-31.26864
13740.,9.168344,10.68948,9.619474,11.16092,40.61512,-20.45322,-31.26995
13750.,9.16599,10.68716,9.617132,11.15857,40.61347,-20.45509,-31.27126
13760.,9.163639,10.68484,9.614792,11.15621,40.61182,-20.45696,-31.27256
13770.,9.161291,10.68253,9.612454,11.15386,40.61018,-20.45884,-31.27386
13780.,9.158946,10.68021,9.610119,11.15151,40.60854,-20.4607,-31.27517
13790.,9.156604,10.6779,9.607786,11.14916,40.6069,-20.46257,-31.27646
13800.,9.154264,10.6756,9.605455,11.14682,40.60526,-20.46443,-31.27776
13810.,9.151927,10.67329,9.603126,11.14448,40.60362,-20.4663,-31.27906
13820.,9.149593,10.67098,9.6008,11.14214,40.60198,-20.46816,-31.28035
13830.,9.147261,10.66868,9.598477,11.13981,40.60035,-20.47001,-31.28164
13840.,9.144932,10.66638,9.596156,11.13748,40.59872,-20.47187,-31.28293
13850.,9.142606,10.66408,9.593837,11.13515,40.59708,-20.47372,-31.28422
13860.,9.140283,10.66178,9.59152,11.13282,40.59545,-20.47557,-31.2855
13870.,9.137962,10.65949,9.589206,11.1305,40.59382,-20.47742,-31.28678
13880.,9.135644,10.65719,9.586894,11.12818,40.5922,-20.47927,-31.28806
13890.,9.133329,10.6549,9.584584,11.12586,40.59057,-20.48111,-31.28934
13900.,9.131017,10.65261,9.582277,11.12354,40.58895,-20.48296,-31.29062
13910.,9.128707,10.65032,9.579972,11.12123,40.58732,-20.4848,-31.2919
13920.,9.1264,10.64804,9.57767,11.11892,40.5857,-20.48664,-31.29317
13930.,9.124095,10.64575,9.575369,11.11661,40.58408,-20.48847,-31.29444
13940.,9.121793,10.64347,9.573071,11.11431,40.58247,-20.49031,-31.29571
13950.,9.119494,10.64119,9.570776,11.11201,40.58085,-20.49214,-31.29698
13960.,9.117197,10.63891,9.568483,11.10971,40.57923,-20.49397,-31.29824
13970.,9.114904,10.63663,9.566192,11.10741,40.57762,-20.49579,-31.29951
13980.,9.112612,10.63436,9.563903,11.10512,40.57601,-20.49762,-31.30077
13990.,9.110324,10.63209,9.561617,11.10283,40.5744,-20.49944,-31.30203
14000.,9.108038,10.62982,9.559333,11.10054,40.57279,-20.50126,-31.30329
14010.,9.105754,10.62755,9.557051,11.09825,40.57118,-20.50308,-31.30454
14020.,9.103474,10.62528,9.554772,11.09597,40.56957,-20.5049,-31.3058
14030.,9.101195,10.62302,9.552495,11.09369,40.56797,-20.50672,-31.30705
14040.,9.09892,10.62075,9.55022,11.09141,40.56637,-20.50853,-31.3083
14050.,9.096647,10.61849,9.547947,11.08914,40.56477,-20.51034,-31.30955
14060.,9.094377,10.61623,9.545677,11.08686,40.56317,-20.51215,-31.3108
14070.,9.092109,10.61397,9.543409,11.08459,40.56157,-20.51396,-31.31204
14080.,9.089844,10.61172,9.541144,11.08233,40.55997,-20.51576,-31.31328
14090.,9.087581,10.60946,9.53888,11.08006,40.55838,-20.51756,-31.31453
14100.,9.085321,10.60721,9.536619,11.0778,40.55678,-20.51936,-31.31576
14110.,9.083064,10.60496,9.534361,11.07554,40.55519,-20.52116,-31.317
14120.,9.080809,10.60272,9.532104,11.07329,40.5536,-20.52296,-31.31824
14130.,9.078557,10.60047,9.52985,11.07103,40.55201,-20.52475,-31.31953
14140.,9.076307,10.59823,9.527599,11.06878,40.55042,-20.52655,-31.32096
14150.,9.07406,10.59599,9.525349,11.06653,40.54884,-20.52834,-31.32239
14160.,9.071815,10.59375,9.523102,11.06429,40.54726,-20.53012,-31.32381
14170.,9.069573,10.59152,9.520858,11.06204,40.54568,-20.53191,-31.32524
14180.,9.067334,10.58929,9.518616,11.0598,40.5441,-20.5337,-31.32666
14190.,9.065097,10.58706,9.516376,11.05756,40.54253,-20.53548,-31.32808
14200.,9.062862,10.58483,9.514139,11.05533,40.54095,-20.53726,-31.3295
14210.,9.060631,10.58261,9.511904,11.05309,40.53938,-20.53904,-31.33092
14220.,9.058401,10.58039,9.509672,11.05086,40.53781,-20.54081,-31.33234
14230.,9.056175,10.57818,9.507442,11.04864,40.53625,-20.54259,-31.33375
14240.,9.05395,10.57597,9.505215,11.04641,40.53468,-20.54436,-31.33516
14250.,9.051729,10.57376,9.50299,11.04419,40.53312,-20.54613,-31.33658
14260.,9.04951,10.57155,9.500767,11.04197,40.53156,-20.5479,-31.33798
14270.,9.047293,10.56935,9.498547,11.03975,40.53001,-20.54966,-31.33939
14280.,9.045079,10.56714,9.496329,11.03753,40.52845,-20.55143,-31.3408
14290.,9.042868,10.56495,9.494113,11.03532,40.5269,-20.55319,-31.3422
14300.,9.040659,10.56275,9.4919,11.03311,40.52535,-20.55495,-31.3436
14310.,9.038452,10.56056,9.48969,11.0309,40.5238,-20.55671,-31.345
14320.,9.036248,10.55837,9.487482,11.0287,40.52225,-20.55846,-31.3464
14330.,9.034047,10.55618,9.485276,11.02649,40.52071,-20.56022,-31.3478
14340.,9.031848,10.554,9.483073,11.02429,40.51917,-20.56197,-31.34919
14350.,9.029652,10.55182,9.480872,11.0221,40.51763,-20.56372,-31.35059
14360.,9.027458,10.54964,9.478673,11.0199,40.51609,-20.56547,-31.35198
14370.,9.025267,10.54747,9.476477,11.01771,40.51456,-20.56721,-31.35337
14380.,9.023078,10.5453,9.474283,11.01552,40.51302,-20.56896,-31.35475
14390.,9.020892,10.54313,9.472092,11.01333,40.51149,-20.5707,-31.35614
14400.,9.018709,10.54096,9.469903,11.01115,40.50996,-20.57244,-31.35752
14410.,9.016527,10.5388,9.467717,11.00896,40.50844,-20.57418,-31.35891
14420.,9.014349,10.53664,9.465533,11.00678,40.50691,-20.57591,-31.36029
14430.,9.012173,10.53448,9.463351,11.00461,40.50539,-20.57765,-31.36167
14440.,9.009999,10.53233,9.461172,11.00243,40.50387,-20.57938,-31.36304
14450.,9.007828,10.53017,9.458995,11.00026,40.50235,-20.58111,-31.36442
14460.,9.005659,10.52802,9.456821,10.99809,40.50084,-20.58284,-31.36579
14470.,9.003493,10.52588,9.454649,10.99592,40.49932,-20.58456,-31.36716
14480.,9.00133,10.52373,9.452479,10.99376,40.49781,-20.58629,-31.36853
14490.,8.999169,10.52159,9.450312,10.9916,40.4963,-20.58801,-31.3699
14500.,8.99701,10.51946,9.448147,10.98944,40.4948,-20.58973,-31.37127
14510.,8.994854,10.51732,9.445985,10.98728,40.49329,-20.59145,-31.37263
14520.,8.992701,10.51519,9.443825,10.98513,40.49179,-20.59316,-31.374
14530.,8.99055,10.51306,9.441667,10.98297,40.49029,-20.59488,-31.37536
14540.,8.988401,10.51093,9.439512,10.98082,40.48879,-20.59659,-31.37672
14550.,8.986255,10.50881,9.437359,10.97868,40.48729,-20.5983,-31.37808
14560.,8.984112,10.50669,9.435209,10.97653,40.48579,-20.60001,-31.37943
14570.,8.981971,10.50457,9.433061,10.97439,40.4843,-20.60171,-31.38079
14580.,8.979832,10.50246,9.430915,10.97225,40.48281,-20.60342,-31.38214
14590.,8.977696,10.50034,9.428772,10.97011,40.48132,-20.60512,-31.38349
14600.,8.975562,10.49823,9.426631,10.96798,40.47983,-20.60682,-31.38484
14610.,8.973431,10.49613,9.424493,10.96585,40.47835,-20.60852,-31.38619
14620.,8.971303,10.49402,9.422357,10.96372,40.47687,-20.61021,-31.38753
14630.,8.969177,10.49192,9.420223,10.96159,40.47539,-20.61191,-31.38887
14640.,8.967053,10.48982,9.418093,10.95947,40.47391,-20.6136,-31.39066
14650.,8.964932,10.48773,9.415965,10.95734,40.47243,-20.61529,-31.39253
14660.,8.962813,10.48563,9.413841,10.95522,40.47095,-20.61698,-31.3944
14670.,8.960697,10.48355,9.411719,10.95311,40.46948,-20.61866,-31.39626
14680.,8.958583,10.48146,9.409601,10.95099,40.46801,-20.62035,-31.39813
14690.,8.956472,10.47938,9.407485,10.94888,40.46654,-20.62203,-31.39999
14700.,8.954363,10.4773,9.405373,10.94677,40.46507,-20.62371,-31.40186
14710.,8.952257,10.47523,9.403263,10.94466,40.4636,-20.62539,-31.40372
14720.,8.950153,10.47316,9.401157,10.94255,40.46214,-20.62706,-31.40557
14730.,8.948052,10.47109,9.399054,10.94045,40.46068,-20.62874,-31.40743
14740.,8.945953,10.46903,9.396953,10.93835,40.45922,-20.63041,-31.40929
14750.,8.943856,10.46696,9.394856,10.93625,40.45776,-20.63208,-31.41114
14760.,8.941762,10.46491,9.392762,10.93416,40.4563,-20.63375,-31.41299
14770.,8.939671,10.46285,9.39067,10.93206,40.45484,-20.63541,-31.41484
14780.,8.937582,10.4608,9.388582,10.92997,40.45339,-20.63708,-31.41669
14790.,8.935495,10.45875,9.386497,10.92788,40.45194,-20.63874,-31.41854
14800.,8.933411,10.45671,9.384414,10.9258,40.45049,-20.6404,-31.42039
14810.,8.93133,10.45467,9.382335,10.92371,40.44904,-20.64206,-31.42223
14820.,8.929251,10.45263,9.380258,10.92163,40.44759,-20.64371,-31.42407
14830.,8.927174,10.4506,9.378184,10.91955,40.44615,-20.64537,-31.42591
14840.,8.9251,10.44856,9.376114,10.91748,40.4447,-20.64702,-31.42775
14850.,8.923028,10.44654,9.374046,10.9154,40.44326,-20.64867,-31.42959
14860.,8.920959,10.44451,9.371981,10.91333,40.44182,-20.65032,-31.43142
14870.,8.918892,10.44249,9.369919,10.91126,40.44039,-20.65196,-31.43326
14880.,8.916828,10.44047,9.36786,10.90919,40.43895,-20.65361,-31.43509
14890.,8.914766,10.43846,9.365804,10.90713,40.43752,-20.65525,-31.43692
14900.,8.912707,10.43644,9.363751,10.90506,40.43608,-20.65689,-31.43875
14910.,8.91065,10.43444,9.361701,10.903,40.43465,-20.65853,-31.44058
14920.,8.908595,10.43243,9.359654,10.90095,40.43322,-20.66017,-31.4424
14930.,8.906543,10.43043,9.357609,10.89889,40.4318,-20.6618,-31.44423
14940.,8.904494,10.42843,9.355568,10.89684,40.43037,-20.66343,-31.44605
14950.,8.902447,10.42643,9.353529,10.89479,40.42895,-20.66506,-31.44787
14960.,8.900402,10.42444,9.351493,10.89274,40.42753,-20.66669,-31.44969
14970.,8.89836,10.42245,9.34946,10.89069,40.42611,-20.66832,-31.45151
14980.,8.89632,10.42046,9.34743,10.88865,40.42469,-20.66994,-31.45332
14990.,8.894283,10.41848,9.345403,10.88661,40.42327,-20.67157,-31.45514
15000.,8.892249,10.4165,9.343379,10.88457,40.42186,-20.67319,-31.45695
15010.,8.890216,10.41452,9.341357,10.88254,40.42044,-20.67481,-31.45876
15020.,8.888186,10.41255,9.339338,10.8805,40.41903,-20.67642,-31.46057
15030.,8.886159,10.41058,9.337323,10.87847,40.41762,-20.67804,-31.46238
15040.,8.884134,10.40861,9.33531,10.87644,40.41622,-20.67965,-31.46418
15050.,8.882112,10.40664,9.333299,10.87441,40.41481,-20.68126,-31.46599
15060.,8.880092,10.40468,9.331292,10.87239,40.41341,-20.68287,-31.46779
15070.,8.878074,10.40272,9.329287,10.87037,40.412,-20.68448,-31.46959
15080.,8.876059,10.40077,9.327286,10.86835,40.4106,-20.68608,-31.47139
15090.,8.874046,10.39881,9.325287,10.86633,40.40921,-20.68768,-31.47319
15100.,8.872036,10.39686,9.32329,10.86432,40.40781,-20.68928,-31.47498
15110.,8.870028,10.39492,9.321297,10.86231,40.40641,-20.69088,-31.47678
15120.,8.868023,10.39297,9.319307,10.8603,40.40502,-20.69248,-31.47857
15130.,8.86602,10.39103,9.317319,10.85829,40.40363,-20.69408,-31.48036
15140.,8.864019,10.38909,9.315334,10.85628,40.40224,-20.69567,-31.48119
15150.,8.862021,10.38716,9.313351,10.85428,40.40085,-20.69726,-31.48054
15160.,8.860026,10.38522,9.31137,10.85228,40.39946,-20.69885,-31.4799
15170.,8.858032,10.38329,9.309393,10.85029,40.39807,-20.70044,-31.47926
15180.,8.856042,10.38136,9.307417,10.84829,40.39669,-20.70202,-31.47861
15190.,8.854053,10.37943,9.305444,10.8463,40.3953,-20.7036,-31.47796
15200.,8.852067,10.3775,9.303473,10.84431,40.39392,-20.70519,-31.47731
15210.,8.850084,10.37557,9.301504,10.84233,40.39254,-20.70676,-31.47666
15220.,8.848103,10.37365,9.299538,10.84034,40.39115,-20.70834,-31.476
15230.,8.846124,10.37172,9.297575,10.83836,40.38977,-20.70992,-31.47535
15240.,8.844147,10.3698,9.295613,10.83639,40.38839,-20.71149,-31.47469
15250.,8.842173,10.36788,9.293654,10.83441,40.38701,-20.71306,-31.47403
15260.,8.840202,10.36596,9.291697,10.83244,40.38563,-20.71463,-31.47336
15270.,8.838233,10.36404,9.289743,10.83047,40.38426,-20.7162,-31.4727
15280.,8.836266,10.36213,9.287791,10.82851,40.38288,-20.71777,-31.47203
15290.,8.834301,10.36021,9.285841,10.82654,40.38151,-20.71933,-31.47136
15300.,8.832339,10.3583,9.283894,10.82458,40.38013,-20.72089,-31.47069
15310.,8.830379,10.35639,9.281949,10.82263,40.37876,-20.72245,-31.47002
15320.,8.828422,10.35448,9.280006,10.82067,40.37739,-20.72401,-31.46935
15330.,8.826467,10.35258,9.278066,10.81872,40.37602,-20.72557,-31.46867
15340.,8.824514,10.35067,9.276128,10.81677,40.37465,-20.72712,-31.46799
15350.,8.822563,10.34877,9.274192,10.81482,40.37328,-20.72868,-31.46731
15360.,8.820615,10.34687,9.272258,10.81288,40.37191,-20.73023,-31.46663
15370.,8.81867,10.34497,9.270327,10.81093,40.37054,-20.73178,-31.46595
15380.,8.816726,10.34307,9.268398,10.809,40.36918,-20.73332,-31.46526
15390.,8.814785,10.34117,9.266472,10.80706,40.36781,-20.73487,-31.46458
15400.,8.812846,10.33927,9.264547,10.80513,40.36645,-20.73641,-31.46389
15410.,8.81091,10.33738,9.262625,10.80319,40.36509,-20.73795,-31.4632
15420.,8.808975,10.33549,9.260706,10.80127,40.36373,-20.73949,-31.4625
15430.,8.807044,10.3336,9.258788,10.79934,40.36237,-20.74103,-31.46181
15440.,8.805114,10.33171,9.256873,10.79742,40.36101,-20.74257,-31.46111
15450.,8.803187,10.32982,9.25496,10.7955,40.35965,-20.7441,-31.46041
15460.,8.801262,10.32794,9.253049,10.79358,40.3583,-20.74564,-31.45971
15470.,8.799339,10.32605,9.251141,10.79166,40.35694,-20.74717,-31.45901
15480.,8.797418,10.32417,9.249234,10.78975,40.35559,-20.74869,-31.45831
15490.,8.7955,10.32229,9.24733,10.78784,40.35423,-20.75022,-31.4576
15500.,8.793584,10.32041,9.245429,10.78593,40.35288,-20.75175,-31.45689
15510.,8.79167,10.31854,9.243529,10.78403,40.35153,-20.75327,-31.45619
15520.,8.789759,10.31666,9.241632,10.78212,40.35018,-20.75479,-31.45547
15530.,8.78785,10.31479,9.239737,10.78022,40.34883,-20.75631,-31.45476
15540.,8.785943,10.31292,9.237844,10.77832,40.34748,-20.75783,-31.45405
15550.,8.784038,10.31105,9.235953,10.77643,40.34614,-20.75935,-31.45333
15560.,8.782136,10.30918,9.234065,10.77454,40.34479,-20.76086,-31.45261
15570.,8.780236,10.30731,9.232179,10.77265,40.34345,-20.76237,-31.45189
15580.,8.778338,10.30545,9.230295,10.77076,40.34211,-20.76388,-31.45117
15590.,8.776442,10.30358,9.228413,10.76887,40.34076,-20.76539,-31.45045
15600.,8.774548,10.30172,9.226533,10.76699,40.33942,-20.7669,-31.44972
15610.,8.772657,10.29986,9.224656,10.76511,40.33808,-20.76841,-31.449
15620.,8.770768,10.29801,9.222781,10.76323,40.33675,-20.76991,-31.44827
15630.,8.768881,10.29615,9.220908,10.76136,40.33541,-20.77141,-31.44754
15640.,8.766997,10.29429,9.219037,10.75948,40.33407,-20.77291,-31.4468
15650.,8.765114,10.29244,9.217168,10.75761,40.33274,-20.77441,-31.4498
15660.,8.763234,10.29059,9.215302,10.75575,40.33141,-20.77591,-31.45296
15670.,8.761356,10.28874,9.213437,10.75388,40.33007,-20.7774,-31.45611
15680.,8.75948,10.2869,9.211575,10.75201,40.32874,-20.7789,-31.45926
15690.,8.757607,10.28506,9.209715,10.75015,40.32741,-20.78039,-31.46242
15700.,8.755735,10.28321,9.207857,10.74829,40.32608,-20.78188,-31.46557
15710.,8.753866,10.28138,9.206002,10.74643,40.32476,-20.78337,-31.46872
15720.,8.751999,10.27954,9.204148,10.74457,40.32343,-20.78485,-31.47186
15730.,8.750134,10.2777,9.202297,10.74271,40.3221,-20.78634,-31.47501
15740.,8.748271,10.27587,9.200447,10.74085,40.32078,-20.78782,-31.47816
15750.,8.746411,10.27404,9.1986,10.739,40.31946,-20.7893,-31.4813
15760.,8.744552,10.27221,9.196755,10.73715,40.31813,-20.79078,-31.48444
15770.,8.742696,10.27039,9.194912,10.7353,40.31681,-20.79226,-31.48759
15780.,8.740842,10.26857,9.193071,10.73345,40.31549,-20.79373,-31.49073
15790.,8.73899,10.26674,9.191232,10.7316,40.31418,-20.79521,-31.49387
15800.,8.73714,10.26493,9.189396,10.72976,40.31286,-20.79668,-31.49701
15810.,8.735292,10.26311,9.187561,10.72791,40.31154,-20.79815,-31.50015
15820.,8.733447,10.26129,9.185729,10.72607,40.31023,-20.79962,-31.50328
15830.,8.731604,10.25948,9.183899,10.72423,40.30892,-20.80109,-31.50642
15840.,8.729762,10.25767,9.18207,10.72239,40.3076,-20.80255,-31.50955
15850.,8.727923,10.25586,9.180244,10.72056,40.30629,-20.80402,-31.51269
15860.,8.726086,10.25406,9.17842,10.71872,40.30498,-20.80548,-31.51582
15870.,8.724251,10.25225,9.176598,10.71689,40.30367,-20.80694,-31.51895
15880.,8.722418,10.25045,9.174778,10.71506,40.30237,-20.8084,-31.52208
15890.,8.720588,10.24865,9.172961,10.71323,40.30106,-20.80986,-31.52521
15900.,8.718759,10.24685,9.171145,10.7114,40.29976,-20.81131,-31.52834
15910.,8.716933,10.24506,9.169331,10.70957,40.29845,-20.81277,-31.53147
15920.,8.715108,10.24327,9.16752,10.70775,40.29715,-20.81422,-31.5346
15930.,8.713286,10.24147,9.16571,10.70592,40.29585,-20.81567,-31.53772
15940.,8.711466,10.23969,9.163903,10.7041,40.29455,-20.81712,-31.54084
15950.,8.709648,10.2379,9.162097,10.70228,40.29325,-20.81857,-31.54397
15960.,8.707832,10.23611,9.160294,10.70047,40.29195,-20.82001,-31.54709
15970.,8.706018,10.23433,9.158493,10.69865,40.29065,-20.82146,-31.55021
15980.,8.704206,10.23255,9.156693,10.69684,40.28936,-20.8229,-31.55333
15990.,8.702396,10.23077,9.154896,10.69502,40.28806,-20.82434,-31.55645
16000.,8.700588,10.229,9.153101,10.69321,40.28677,-20.82578,-31.55957
16010.,8.698783,10.22722,9.151308,10.6914,40.28548,-20.82722,-31.56268
16020.,8.696979,10.22545,9.149517,10.68959,40.28419,-20.82865,-31.5658
16030.,8.695177,10.22368,9.147728,10.68779,40.2829,-20.83009,-31.56891
16040.,8.693378,10.22191,9.14594,10.68598,40.28161,-20.83152,-31.57203
16050.,8.691581,10.22014,9.144155,10.68418,40.28032,-20.83295,-31.57514
16060.,8.689785,10.21838,9.142372,10.68238,40.27904,-20.83438,-31.57825
16070.,8.687992,10.21662,9.140591,10.68058,40.27775,-20.83581,-31.58136
16080.,8.6862,10.21486,9.138812,10.67878,40.27647,-20.83724,-31.58447
16090.,8.684411,10.2131,9.137035,10.67699,40.27519,-20.83866,-31.58758
16100.,8.682624,10.21135,9.13526,10.67519,40.27391,-20.84008,-31.59068
16110.,8.680839,10.20959,9.133487,10.6734,40.27263,-20.8415,-31.59379
16120.,8.679056,10.20784,9.131716,10.67161,40.27135,-20.84292,-31.59689
16130.,8.677274,10.20609,9.129947,10.66982,40.27007,-20.84434,-31.6
16140.,8.675495,10.20434,9.12818,10.66804,40.2688,-20.84576,-31.6031
16150.,8.673718,10.2026,9.126415,10.66625,40.26752,-20.84717,-31.60495
16160.,8.671943,10.20085,9.124651,10.66447,40.26625,-20.84859,-31.60567
16170.,8.67017,10.19911,9.122889,10.66269,40.26498,-20.85,-31.60638
16180.,8.668399,10.19737,9.121127,10.66091,40.26372,-20.85141,-31.6071
16190.,8.66663,10.19563,9.119368,10.65913,40.26245,-20.85282,-31.60781
16200.,8.664863,10.1939,9.11761,10.65736,40.26119,-20.85423,-31.60852
16210.,8.663098,10.19216,9.115853,10.65558,40.25993,-20.85563,-31.60923
16220.,8.661334,10.19043,9.114097,10.65381,40.25867,-20.85703,-31.60993
16230.,8.659573,10.1887,9.112343,10.65204,40.25742,-20.85844,-31.61064
16240.,8.657814,10.18697,9.110591,10.65028,40.25616,-20.85984,-31.61134
16250.,8.656057,10.18525,9.10884,10.64851,40.25491,-20.86124,-31.61205
16260.,8.654302,10.18352,9.10709,10.64675,40.25366,-20.86263,-31.61275
16270.,8.652549,10.1818,9.105342,10.64499,40.25242,-20.86403,-31.61345
16280.,8.650798,10.18008,9.103595,10.64324,40.25117,-20.86542,-31.61414
16290.,8.649049,10.17836,9.10185,10.64148,40.24993,-20.86682,-31.61484
16300.,8.647302,10.17664,9.100107,10.63973,40.24869,-20.86821,-31.61554
16310.,8.645557,10.17493,9.098364,10.63798,40.24745,-20.8696,-31.61623
16320.,8.643814,10.17321,9.096624,10.63623,40.24622,-20.87098,-31.61692
16330.,8.642073,10.1715,9.094884,10.63448,40.24499,-20.87237,-31.61761
16340.,8.640334,10.16979,9.093146,10.63274,40.24375,-20.87376,-31.6183
16350.,8.638597,10.16808,9.09141,10.63099,40.24253,-20.87514,-31.61899
16360.,8.636862,10.16638,9.089675,10.62925,40.2413,-20.87652,-31.61968
16370.,8.635129,10.16467,9.087942,10.62752,40.24007,-20.8779,-31.62036
16380.,8.633398,10.16297,9.08621,10.62578,40.23885,-20.87928,-31.62104
16390.,8.631669,10.16127,9.08448,10.62405,40.23763,-20.88066,-31.62172
16400.,8.629941,10.15957,9.082751,10.62231,40.23641,-20.88203,-31.6224
16410.,8.628216,10.15788,9.081024,10.62058,40.2352,-20.8834,-31.62308
16420.,8.626493,10.15618,9.079298,10.61886,40.23398,-20.88478,-31.62376
16430.,8.624772,10.15449,9.077574,10.61713,40.23277,-20.88615,-31.62444
16440.,8.623053,10.1528,9.075851,10.61541,40.23156,-20.88752,-31.62511
16450.,8.621335,10.15111,9.07413,10.61369,40.23035,-20.88888,-31.62578
16460.,8.61962,10.14942,9.07241,10.61197,40.22915,-20.89025,-31.62645
16470.,8.617907,10.14774,9.070692,10.61025,40.22794,-20.89161,-31.62712
16480.,8.616196,10.14605,9.068976,10.60854,40.22674,-20.89298,-31.62779
16490.,8.614486,10.14437,9.067261,10.60682,40.22554,-20.89434,-31.62846
16500.,8.612779,10.14269,9.065547,10.60511,40.22434,-20.8957,-31.62912
16510.,8.611073,10.14101,9.063835,10.6034,40.22315,-20.89705,-31.62979
16520.,8.60937,10.13934,9.062125,10.6017,40.22195,-20.89841,-31.63045
16530.,8.607669,10.13766,9.060416,10.59999,40.22076,-20.89977,-31.63111
16540.,8.605969,10.13599,9.058709,10.59829,40.21957,-20.90112,-31.63177
16550.,8.604271,10.13432,9.057003,10.59659,40.21838,-20.90247,-31.63243
16560.,8.602576,10.13265,9.055299,10.59489,40.2172,-20.90382,-31.63308
16570.,8.600882,10.13099,9.053596,10.5932,40.21601,-20.90517,-31.63374
16580.,8.599191,10.12932,9.051895,10.5915,40.21483,-20.90652,-31.63439
16590.,8.597501,10.12766,9.050196,10.58981,40.21365,-20.90786,-31.63505
16600.,8.595813,10.126,9.048498,10.58812,40.21247,-20.90921,-31.6357
16610.,8.594127,10.12434,9.046801,10.58643,40.2113,-20.91055,-31.63635
16620.,8.592443,10.12268,9.045107,10.58475,40.21012,-20.91189,-31.63699
16630.,8.590761,10.12103,9.043413,10.58306,40.20895,-20.91323,-31.63764
16640.,8.589081,10.11937,9.041722,10.58138,40.20778,-20.91457,-31.63828
16650.,8.587403,10.11772,9.040032,10.5797,40.20661,-20.9159,-31.63899
16660.,8.585727,10.11607,9.038345,10.57802,40.20544,-20.91724,-31.6404
16670.,8.584053,10.11443,9.036661,10.57635,40.20427,-20.91857,-31.64181
16680.,8.582381,10.11278,9.034979,10.57467,40.20311,-20.9199,-31.64322
16690.,8.580711,10.11114,9.0333,10.573,40.20194,-20.92123,-31.64462
16700.,8.579042,10.1095,9.031625,10.57133,40.20078,-20.92256,-31.64603
16710.,8.577376,10.10786,9.029951,10.56966,40.19962,-20.92389,-31.64743
16720.,8.575712,10.10623,9.028281,10.56799,40.19846,-20.92521,-31.64883
16730.,8.574049,10.1046,9.026614,10.56633,40.1973,-20.92653,-31.65023
16740.,8.572388,10.10297,9.024949,10.56467,40.19614,-20.92786,-31.65163
16750.,8.57073,10.10134,9.023287,10.56301,40.19499,-20.92918,-31.65303
16760.,8.569073,10.09972,9.021627,10.56135,40.19383,-20.9305,-31.65443
16770.,8.567418,10.09809,9.019971,10.55969,40.19268,-20.93181,-31.65582
16780.,8.565766,10.09647,9.018317,10.55804,40.19153,-20.93313,-31.65721
16790.,8.564115,10.09485,9.016666,10.55638,40.19037,-20.93444,-31.65861
16800.,8.562466,10.09324,9.015017,10.55473,40.18922,-20.93576,-31.66
16810.,8.560819,10.09163,9.013371,10.55308,40.18808,-20.93707,-31.66139
16820.,8.559174,10.09002,9.011728,10.55143,40.18693,-20.93838,-31.66278
16830.,8.557531,10.08841,9.010088,10.54979,40.18578,-20.93969,-31.66416
16840.,8.55589,10.0868,9.00845,10.54815,40.18464,-20.94099,-31.66555
16850.,8.55425,10.0852,9.006815,10.5465,40.1835,-20.9423,-31.66693
16860.,8.552613,10.08359,9.005182,10.54486,40.18235,-20.9436,-31.66832
16870.,8.550978,10.082,9.003552,10.54323,40.18121,-20.9449,-31.6697
16880.,8.549344,10.0804,9.001925,10.54159,40.18007,-20.9462,-31.67108
16890.,8.547713,10.0788,9.0003,10.53995,40.17894,-20.9475,-31.67246
16900.,8.546083,10.07721,8.998678,10.53832,40.1778,-20.9488,-31.67383
16910.,8.544456,10.07562,8.997059,10.53669,40.17666,-20.9501,-31.67521
16920.,8.54283,10.07403,8.995442,10.53506,40.17553,-20.95139,-31.67659
16930.,8.541206,10.07245,8.993828,10.53344,40.1744,-20.95268,-31.67796
16940.,8.539585,10.07087,8.992216,10.53181,40.17327,-20.95397,-31.67933
16950.,8.537965,10.06928,8.990607,10.53019,40.17214,-20.95526,-31.6807
16960.,8.536347,10.06771,8.989001,10.52857,40.17101,-20.95655,-31.68207
16970.,8.534731,10.06613,8.987397,10.52695,40.16988,-20.95784,-31.68344
16980.,8.533117,10.06456,8.985795,10.52533,40.16875,-20.95912,-31.68481
16990.,8.531505,10.06298,8.984196,10.52372,40.16763,-20.96041,-31.68618
17000.,8.529894,10.06141,8.9826,10.5221,40.16651,-20.96169,-31.68754
17010.,8.528286,10.05985,8.981006,10.52049,40.16538,-20.96297,-31.6889
17020.,8.52668,10.05828,8.979415,10.51888,40.16426,-20.96425,-31.69027
17030.,8.525075,10.05672,8.977826,10.51727,40.16314,-20.96552,-31.69163
17040.,8.523473,10.05516,8.97624,10.51567,40.16203,-20.9668,-31.69299
17050.,8.521872,10.0536,8.974656,10.51407,40.16091,-20.96807,-31.69435
17060.,8.520274,10.05204,8.973075,10.51246,40.15979,-20.96935,-31.6957
17070.,8.518677,10.05049,8.971496,10.51086,40.15868,-20.97062,-31.69706
17080.,8.517082,10.04894,8.96992,10.50926,40.15757,-20.97189,-31.69841
17090.,8.515489,10.04739,8.968346,10.50767,40.15646,-20.97315,-31.69976
17100.,8.513898,10.04584,8.966775,10.50607,40.15535,-20.97442,-31.70112
17110.,8.512309,10.0443,8.965206,10.50448,40.15424,-20.97569,-31.70247
17120.,8.510722,10.04275,8.96364,10.50289,40.15313,-20.97695,-31.70382
17130.,8.509137,10.04121,8.962076,10.5013,40.15202,-20.97821,-31.70516
17140.,8.507553,10.03968,8.960514,10.49972,40.15092,-20.97947,-31.70651
17150.,8.505972,10.03814,8.958955,10.49813,40.14982,-20.98073,-31.70785
17160.,8.504393,10.0366,8.957398,10.49655,40.14871,-20.98199,-31.7094
17170.,8.502815,10.03507,8.955843,10.49497,40.14761,-20.98324,-31.71105
17180.,8.501239,10.03354,8.95429,10.49339,40.14651,-20.9845,-31.7127
17190.,8.499666,10.03201,8.952738,10.49181,40.14541,-20.98575,-31.71435
17200.,8.498094,10.03048,8.951189,10.49023,40.14432,-20.987,-31.71599
17210.,8.496524,10.02896,8.949641,10.48866,40.14322,-20.98825,-31.71764
17220.,8.494956,10.02743,8.948096,10.48709,40.14212,-20.9895,-31.71928
17230.,8.49339,10.02591,8.946552,10.48552,40.14103,-20.99074,-31.72093
17240.,8.491825,10.02439,8.94501,10.48395,40.13994,-20.99199,-31.72257
17250.,8.490263,10.02287,8.94347,10.48238,40.13885,-20.99323,-31.72421
17260.,8.488702,10.02135,8.941932,10.48082,40.13776,-20.99447,-31.72585
17270.,8.487144,10.01983,8.940396,10.47925,40.13667,-20.99571,-31.72749
17280.,8.485587,10.01832,8.938862,10.47769,40.13558,-20.99695,-31.72912
17290.,8.484032,10.0168,8.937329,10.47613,40.13449,-20.99819,-31.73076
17300.,8.482479,10.01529,8.935799,10.47457,40.1334,-20.99943,-31.73239
17310.,8.480928,10.01378,8.93427,10.47302,40.13232,-21.00066,-31.73403
17320.,8.479379,10.01227,8.932743,10.47146,40.13124,-21.00189,-31.73566
17330.,8.477831,10.01077,8.931218,10.46991,40.13015,-21.00312,-31.73729
17340.,8.476286,10.00926,8.929695,10.46836,40.12907,-21.00435,-31.73892
17350.,8.474742,10.00776,8.928174,10.46681,40.12799,-21.00558,-31.74055
17360.,8.4732,10.00626,8.926654,10.46526,40.12691,-21.00681,-31.74218
17370.,8.47166,10.00476,8.925137,10.46372,40.12584,-21.00803,-31.7438
17380.,8.470122,10.00326,8.923621,10.46217,40.12476,-21.00926,-31.74543
17390.,8.468586,10.00176,8.922107,10.46063,40.12368,-21.01048,-31.74705
17400.,8.467051,10.00026,8.920595,10.45909,40.12261,-21.0117,-31.74867
17410.,8.465519,9.99877,8.919085,10.45755,40.12154,-21.01292,-31.75029
17420.,8.463988,9.997277,8.917576,10.45602,40.12046,-21.01414,-31.75191
17430.,8.462459,9.995787,8.91607,10.45448,40.11939,-21.01536,-31.75353
17440.,8.460932,9.994297,8.914565,10.45295,40.11832,-21.01657,-31.75515
17450.,8.459407,9.99281,8.913062,10.45142,40.11725,-21.01778,-31.75677
17460.,8.457883,9.991324,8.911561,10.44989,40.11619,-21.019,-31.75838
17470.,8.456362,9.989839,8.910062,10.44836,40.11512,-21.02021,-31.76
17480.,8.454842,9.988357,8.908564,10.44684,40.11406,-21.02142,-31.76161
17490.,8.453324,9.986875,8.907069,10.44531,40.11299,-21.02263,-31.76322
17500.,8.451807,9.985396,8.905575,10.44379,40.11193,-21.02383,-31.76483
17510.,8.450293,9.983918,8.904083,10.44227,40.11087,-21.02504,-31.76644
17520.,8.44878,9.982441,8.902592,10.44075,40.10981,-21.02624,-31.76805
17530.,8.44727,9.980966,8.901104,10.43923,40.10875,-21.02744,-31.76965
17540.,8.445761,9.979493,8.899617,10.43772,40.10769,-21.02864,-31.77126
17550.,8.444253,9.978021,8.898132,10.4362,40.10663,-21.02984,-31.77286
17560.,8.442748,9.976551,8.896649,10.43469,40.10558,-21.03104,-31.77447
17570.,8.441244,9.975083,8.895168,10.43318,40.10452,-21.03224,-31.77607
17580.,8.439743,9.973616,8.893689,10.43167,40.10347,-21.03343,-31.77767
17590.,8.438243,9.972151,8.892211,10.43016,40.10242,-21.03462,-31.77927
17600.,8.436744,9.970687,8.890735,10.42866,40.10137,-21.03582,-31.78087
17610.,8.435248,9.969225,8.889261,10.42716,40.10032,-21.03701,-31.78246
17620.,8.433753,9.967765,8.887788,10.42565,40.09927,-21.0382,-31.78406
17630.,8.43226,9.966306,8.886318,10.42415,40.09822,-21.03938,-31.78565
17640.,8.430769,9.964848,8.884849,10.42266,40.09717,-21.04057,-31.78725
17650.,8.42928,9.963392,8.883382,10.42116,40.09613,-21.04176,-31.78884
17660.,8.427792,9.961938,8.881916,10.41967,40.09508,-21.04294,-31.79008
17670.,8.426306,9.960485,8.880453,10.41817,40.09404,-21.04412,-31.79002
17680.,8.424822,9.959034,8.87899,10.41668,40.093,-21.0453,-31.78995
17690.,8.42334,9.957584,8.87753,10.41519,40.09195,-21.04648,-31.78989
17700.,8.421859,9.956135,8.87607,10.41371,40.09091,-21.04766,-31.78982
17710.,8.42038,9.954688,8.874613,10.41222,40.08987,-21.04884,-31.78975
17720.,8.418903,9.953241,8.873157,10.41074,40.08883,-21.05001,-31.78968
17730.,8.417428,9.951797,8.871702,10.40926,40.08779,-21.05118,-31.78961
17740.,8.415954,9.950353,8.870249,10.40778,40.08675,-21.05236,-31.78954
17750.,8.414482,9.948911,8.868797,10.4063,40.08571,-21.05353,-31.78946
17760.,8.413012,9.947471,8.867347,10.40483,40.08468,-21.0547,-31.78939
17770.,8.411544,9.946031,8.865899,10.40335,40.08364,-21.05587,-31.78931
17780.,8.410077,9.944594,8.864452,10.40188,40.0826,-21.05703,-31.78923
17790.,8.408612,9.943157,8.863006,10.40041,40.08157,-21.0582,-31.78915
17800.,8.407149,9.941722,8.861563,10.39895,40.08053,-21.05936,-31.78907
17810.,8.405687,9.940288,8.86012,10.39748,40.0795,-21.06053,-31.78899
17820.,8.404227,9.938855,8.858679,10.39602,40.07846,-21.06169,-31.7889
17830.,8.402769,9.937424,8.85724,10.39456,40.07743,-21.06285,-31.78882
17840.,8.401313,9.935995,8.855802,10.3931,40.0764,-21.06401,-31.78873
17850.,8.399858,9.934566,8.854366,10.39164,40.07537,-21.06516,-31.78864
17860.,8.398405,9.933139,8.852931,10.39019,40.07434,-21.06632,-31.78855
17870.,8.396954,9.931713,8.851498,10.38873,40.07331,-21.06747,-31.78846
17880.,8.395504,9.930289,8.850066,10.38728,40.07228,-21.06863,-31.78837
17890.,8.394056,9.928866,8.848636,10.38583,40.07125,-21.06978,-31.78828
17900.,8.39261,9.927444,8.847207,10.38438,40.07023,-21.07093,-31.78818
17910.,8.391165,9.926024,8.845779,10.38294,40.0692,-21.07208,-31.78809
17920.,8.389722,9.924605,8.844354,10.38149,40.06817,-21.07323,-31.78799
17930.,8.388281,9.923188,8.842929,10.38005,40.06715,-21.07437,-31.78789
17940.,8.386841,9.921771,8.841507,10.37861,40.06612,-21.07552,-31.78779
17950.,8.385403,9.920357,8.840085,10.37717,40.0651,-21.07666,-31.78769
17960.,8.383967,9.918943,8.838666,10.37574,40.06408,-21.07781,-31.78758
17970.,8.382532,9.917531,8.837247,10.3743,40.06305,-21.07895,-31.78748
17980.,8.381099,9.91612,8.83583,10.37287,40.06203,-21.08009,-31.78738
17990.,8.379667,9.914711,8.834415,10.37144,40.06101,-21.08123,-31.78727
18000.,8.378238,9.913303,8.833001,10.37001,40.05999,-21.08237,-31.78716
18010.,8.37681,9.911896,8.831589,10.36858,40.05897,-21.0835,-31.78705
18020.,8.375383,9.91049,8.830178,10.36715,40.05796,-21.08464,-31.78694
18030.,8.373958,9.909086,8.828769,10.36573,40.05694,-21.08577,-31.78683
18040.,8.372535,9.907684,8.827361,10.36431,40.05592,-21.0869,-31.78672
18050.,8.371114,9.906282,8.825955,10.36289,40.05491,-21.08803,-31.7866
18060.,8.369694,9.904882,8.82455,10.36147,40.05389,-21.08916,-31.78649
18070.,8.368275,9.903484,8.823146,10.36005,40.05288,-21.09029,-31.78637
18080.,8.366859,9.902087,8.821744,10.35864,40.05187,-21.09142,-31.78625
18090.,8.365444,9.900691,8.820344,10.35723,40.05085,-21.09255,-31.78613
18100.,8.36403,9.899296,8.818945,10.35582,40.04984,-21.09367,-31.78601
18110.,8.362618,9.897903,8.817547,10.35441,40.04883,-21.09479,-31.78589
18120.,8.361208,9.896511,8.816151,10.353,40.04782,-21.09592,-31.78577
18130.,8.359799,9.89512,8.814756,10.35159,40.04681,-21.09704,-31.78564
18140.,8.358392,9.893731,8.813363,10.35019,40.0458,-21.09816,-31.78552
18150.,8.356987,9.892343,8.811972,10.34879,40.0448,-21.09927,-31.78539
18160.,8.355583,9.890957,8.810581,10.34739,40.04379,-21.10039,-31.78526
18170.,8.354181,9.889572,8.809193,10.34599,40.04278,-21.10151,-31.78611
18180.,8.35278,9.88819,8.807806,10.34459,40.04178,-21.10262,-31.78723
18190.,8.351381,9.88681,8.806422,10.34319,40.04078,-21.10374,-31.78835
18200.,8.349984,9.885432,8.805039,10.3418,40.03977,-21.10485,-31.78947
18210.,8.348588,9.884057,8.803658,10.34041,40.03877,-21.10596,-31.79059
18220.,8.347193,9.882683,8.802279,10.33902,40.03777,-21.10707,-31.79171
18230.,8.345801,9.881312,8.800901,10.33763,40.03677,-21.10818,-31.79283
18240.,8.34441,9.879943,8.799526,10.33624,40.03578,-21.10928,-31.79394
18250.,8.34302,9.878576,8.798153,10.33485,40.03478,-21.11039,-31.79506
18260.,8.341632,9.877211,8.796781,10.33347,40.03379,-21.11149,-31.79618
18270.,8.340246,9.875849,8.795411,10.33208,40.03279,-21.1126,-31.79729
18280.,8.338861,9.874488,8.794043,10.3307,40.0318,-21.1137,-31.7984
18290.,8.337478,9.87313,8.792677,10.32932,40.03081,-21.1148,-31.79951
18300.,8.336096,9.871774,8.791313,10.32794,40.02982,-21.1159,-31.80062
18310.,8.334716,9.87042,8.78995,10.32656,40.02883,-21.117,-31.80173
18320.,8.333338,9.869068,8.78859,10.32519,40.02784,-21.11809,-31.80284
18330.,8.331961,9.867718,8.787231,10.32381,40.02685,-21.11919,-31.80395
18340.,8.330586,9.866371,8.785874,10.32244,40.02587,-21.12028,-31.80505
18350.,8.329213,9.865025,8.784519,10.32107,40.02489,-21.12138,-31.80616
18360.,8.32784,9.863682,8.783165,10.3197,40.0239,-21.12247,-31.80726
18370.,8.32647,9.86234,8.781814,10.31833,40.02292,-21.12356,-31.80837
18380.,8.325101,9.861001,8.780464,10.31696,40.02194,-21.12465,-31.80947
18390.,8.323734,9.859664,8.779116,10.31559,40.02096,-21.12574,-31.81057
18400.,8.322368,9.858329,8.77777,10.31423,40.01998,-21.12682,-31.81167
18410.,8.321004,9.856996,8.776426,10.31287,40.019,-21.12791,-31.81277
18420.,8.319642,9.855665,8.775083,10.31151,40.01803,-21.12899,-31.81387
18430.,8.318281,9.854336,8.773743,10.31015,40.01705,-21.13008,-31.81496
18440.,8.316921,9.853009,8.772404,10.30879,40.01608,-21.13116,-31.81606
18450.,8.315564,9.851684,8.771067,10.30743,40.01511,-21.13224,-31.81715
18460.,8.314207,9.850361,8.769731,10.30608,40.01413,-21.13332,-31.81825
18470.,8.312853,9.849041,8.768398,10.30472,40.01316,-21.13439,-31.81934
18480.,8.3115,9.847722,8.767066,10.30337,40.01219,-21.13547,-31.82043
18490.,8.310148,9.846405,8.765736,10.30202,40.01123,-21.13655,-31.82152
18500.,8.308798,9.845091,8.764408,10.30067,40.01026,-21.13762,-31.82261
18510.,8.30745,9.843778,8.763081,10.29933,40.00929,-21.13869,-31.8237
18520.,8.306103,9.842467,8.761757,10.29798,40.00833,-21.13977,-31.82479
18530.,8.304758,9.841159,8.760434,10.29664,40.00737,-21.14084,-31.82587
18540.,8.303415,9.839852,8.759113,10.29529,40.0064,-21.1419,-31.82696
18550.,8.302073,9.838547,8.757793,10.29395,40.00544,-21.14297,-31.82804
18560.,8.300732,9.837244,8.756476,10.29261,40.00448,-21.14404,-31.82912
18570.,8.299393,9.835944,8.75516,10.29127,40.00352,-21.1451,-31.83021
18580.,8.298056,9.834645,8.753846,10.28994,40.00257,-21.14617,-31.83129
18590.,8.29672,9.833348,8.752533,10.2886,40.00161,-21.14723,-31.83237
18600.,8.295386,9.832053,8.751223,10.28727,40.00065,-21.14829,-31.83345
18610.,8.294054,9.83076,8.749914,10.28594,39.9997,-21.14935,-31.83452
18620.,8.292723,9.829469,8.748607,10.28461,39.99875,-21.15041,-31.8356
18630.,8.291393,9.82818,8.747302,10.28328,39.9978,-21.15147,-31.83668
18640.,8.290065,9.826893,8.745998,10.28195,39.99684,-21.15253,-31.83775
18650.,8.288739,9.825608,8.744696,10.28062,39.99589,-21.15358,-31.83882
18660.,8.287414,9.824325,8.743396,10.2793,39.99495,-21.15464,-31.8399
18670.,8.286091,9.823043,8.742097,10.27797,39.994,-21.15569,-31.84145
18680.,8.284769,9.821763,8.7408,10.27665,39.99305,-21.15674,-31.84396
18690.,8.283449,9.820483,8.739504,10.27533,39.99211,-21.15779,-31.84646
18700.,8.282131,9.819204,8.738209,10.27401,39.99116,-21.15884,-31.84896
18710.,8.280814,9.817927,8.736915,10.2727,39.99022,-21.15989,-31.85146
18720.,8.279499,9.81665,8.735622,10.27138,39.98928,-21.16094,-31.85397
18730.,8.278185,9.815374,8.734331,10.27006,39.98833,-21.16198,-31.85647
18740.,8.276872,9.8141,8.73304,10.26875,39.98739,-21.16302,-31.85896
18750.,8.275561,9.812826,8.731751,10.26743,39.98645,-21.16407,-31.86146
18760.,8.274252,9.811553,8.730464,10.26612,39.98551,-21.16511,-31.86396
18770.,8.272944,9.810281,8.729177,10.26481,39.98457,-21.16615,-31.86646
18780.,8.271638,9.80901,8.727891,10.2635,39.98364,-21.16719,-31.86895
18790.,8.270333,9.80774,8.726607,10.26219,39.9827,-21.16823,-31.87145
18800.,8.26903,9.806472,8.725324,10.26089,39.98176,-21.16926,-31.87394
18810.,8.267728,9.805204,8.724042,10.25958,39.98083,-21.1703,-31.87644
18820.,8.266428,9.803937,8.722762,10.25828,39.97989,-21.17133,-31.87893
18830.,8.26513,9.802671,8.721482,10.25697,39.97896,-21.17237,-31.88142
18840.,8.263832,9.801406,8.720204,10.25567,39.97803,-21.1734,-31.88391
18850.,8.262537,9.800142,8.718926,10.25437,39.9771,-21.17443,-31.8864
18860.,8.261242,9.798879,8.717651,10.25307,39.97616,-21.17546,-31.88889
18870.,8.25995,9.797617,8.716376,10.25177,39.97523,-21.17649,-31.89138
18880.,8.258658,9.796356,8.715102,10.25047,39.97431,-21.17752,-31.89387
18890.,8.257368,9.795096,8.71383,10.24918,39.97338,-21.17854,-31.89636
18900.,8.25608,9.793837,8.712559,10.24788,39.97245,-21.17957,-31.89885
18910.,8.254793,9.79258,8.711288,10.24659,39.97152,-21.18059,-31.90133
18920.,8.253508,9.791323,8.71002,10.2453,39.9706,-21.18162,-31.90382
18930.,8.252224,9.790067,8.708752,10.244,39.96967,-21.18264,-31.9063
18940.,8.250941,9.788812,8.707485,10.24271,39.96875,-21.18366,-31.90879
18950.,8.24966,9.787558,8.70622,10.24143,39.96783,-21.18468,-31.91127
18960.,8.248381,9.786305,8.704956,10.24014,39.9669,-21.18569,-31.91375
18970.,8.247102,9.785053,8.703693,10.23885,39.96598,-21.18671,-31.91623
18980.,8.245826,9.783802,8.702431,10.23757,39.96506,-21.18773,-31.91871
18990.,8.24455,9.782552,8.70117,10.23628,39.96414,-21.18874,-31.92119
19000.,8.243276,9.781303,8.699911,10.235,39.96322,-21.18976,-31.92367
19010.,8.242004,9.780055,8.698653,10.23372,39.96231,-21.19077,-31.92615
19020.,8.240733,9.778808,8.697396,10.23244,39.96139,-21.19178,-31.92863
19030.,8.239463,9.777563,8.69614,10.23116,39.96047,-21.19279,-31.9311
19040.,8.238195,9.776318,8.694885,10.22988,39.95956,-21.1938,-31.93358
19050.,8.236928,9.775074,8.693631,10.2286,39.95864,-21.19481,-31.93605
19060.,8.235663,9.773831,8.692379,10.22733,39.95773,-21.19581,-31.93853
19070.,8.234399,9.772589,8.691127,10.22605,39.95682,-21.19682,-31.941
19080.,8.233137,9.771348,8.689877,10.22478,39.9559,-21.19783,-31.94348
19090.,8.231875,9.770109,8.688628,10.2235,39.95499,-21.19883,-31.94595
19100.,8.230616,9.76887,8.687381,10.22223,39.95408,-21.19983,-31.94842
19110.,8.229357,9.767632,8.686134,10.22096,39.95317,-21.20083,-31.95089
19120.,8.2281,9.766395,8.684888,10.2197,39.95226,-21.20183,-31.95336
19130.,8.226845,9.765159,8.683644,10.21843,39.95136,-21.20283,-31.95583
19140.,8.225591,9.763925,8.682401,10.21716,39.95045,-21.20383,-31.9583
19150.,8.224338,9.762691,8.681159,10.2159,39.94954,-21.20483,-31.96077
19160.,8.223086,9.761458,8.679918,10.21463,39.94864,-21.20582,-31.96323
19170.,8.221836,9.760227,8.678678,10.21337,39.94773,-21.20682,-31.9657
19180.,8.220588,9.758996,8.67744,10.21211,39.94683,-21.20781,-31.96614
19190.,8.21934,9.757768,8.676203,10.21085,39.94593,-21.2088,-31.96636
19200.,8.218094,9.756541,8.674967,10.20959,39.94503,-21.2098,-31.96658
19210.,8.21685,9.755316,8.673733,10.20833,39.94414,-21.21079,-31.96679
19220.,8.215607,9.754092,8.6725,10.20708,39.94324,-21.21178,-31.96701
19230.,8.214365,9.75287,8.671269,10.20582,39.94235,-21.21276,-31.96723
19240.,8.213124,9.751649,8.670039,10.20457,39.94146,-21.21375,-31.96744
19250.,8.211885,9.75043,8.66881,10.20332,39.94058,-21.21474,-31.96765
19260.,8.210648,9.749212,8.667582,10.20207,39.93969,-21.21572,-31.96786
19270.,8.209411,9.747997,8.666356,10.20083,39.93881,-21.21671,-31.96808
19280.,8.208177,9.746782,8.665131,10.19958,39.93793,-21.21769,-31.96828
19290.,8.206943,9.74557,8.663908,10.19834,39.93705,-21.21867,-31.96849
19300.,8.205711,9.744359,8.662686,10.1971,39.93618,-21.21965,-31.9687
19310.,8.20448,9.743149,8.661465,10.19586,39.9353,-21.22063,-31.96891
19320.,8.203251,9.741941,8.660246,10.19462,39.93443,-21.22161,-31.96911
19330.,8.202023,9.740735,8.659028,10.19338,39.93356,-21.22259,-31.96932
19340.,8.200797,9.73953,8.657812,10.19214,39.93269,-21.22356,-31.96952
19350.,8.199572,9.738327,8.656597,10.19091,39.93182,-21.22454,-31.96972
19360.,8.198348,9.737125,8.655383,10.18968,39.93096,-21.22551,-31.96992
19370.,8.197126,9.735925,8.654171,10.18845,39.9301,-21.22649,-31.97012
19380.,8.195905,9.734727,8.65296,10.18722,39.92924,-21.22746,-31.97032
19390.,8.194686,9.73353,8.65175,10.18599,39.92838,-21.22843,-31.97052
19400.,8.193468,9.732335,8.650542,10.18476,39.92752,-21.2294,-31.97071
19410.,8.192251,9.731141,8.649335,10.18354,39.92667,-21.23037,-31.97091
19420.,8.191036,9.729949,8.64813,10.18232,39.92582,-21.23133,-31.9711
19430.,8.189822,9.728759,8.646926,10.1811,39.92497,-21.2323,-31.97129
19440.,8.18861,9.72757,8.645724,10.17988,39.92412,-21.23326,-31.97148
19450.,8.187399,9.726382,8.644522,10.17866,39.92327,-21.23423,-31.97167
19460.,8.186189,9.725196,8.643323,10.17744,39.92243,-21.23519,-31.97186
19470.,8.184981,9.724012,8.642124,10.17623,39.92158,-21.23615,-31.97205
19480.,8.183774,9.722829,8.640927,10.17501,39.92074,-21.23711,-31.97224
19490.,8.182569,9.721648,8.639732,10.1738,39.9199,-21.23807,-31.97243
19500.,8.181365,9.720469,8.638537,10.17259,39.91907,-21.23903,-31.97261
19510.,8.180163,9.719291,8.637345,10.17138,39.91823,-21.23999,-31.97279
19520.,8.178962,9.718114,8.636153,10.17018,39.9174,-21.24094,-31.97298
19530.,8.177762,9.71694,8.634963,10.16897,39.91657,-21.2419,-31.97316
19540.,8.176564,9.715766,8.633775,10.16777,39.91574,-21.24285,-31.97334
19550.,8.175367,9.714595,8.632588,10.16657,39.91491,-21.2438,-31.97352
19560.,8.174172,9.713424,8.631402,10.16537,39.91408,-21.24475,-31.97369
19570.,8.172978,9.712256,8.630218,10.16417,39.91326,-21.2457,-31.97387
19580.,8.171785,9.711089,8.629035,10.16297,39.91243,-21.24665,-31.97405
19590.,8.170594,9.709923,8.627853,10.16177,39.91161,-21.2476,-31.97422
19600.,8.169405,9.70876,8.626673,10.16058,39.91079,-21.24855,-31.9744
19610.,8.168217,9.707597,8.625494,10.15939,39.90998,-21.24949,-31.97457
19620.,8.16703,9.706436,8.624317,10.1582,39.90916,-21.25044,-31.97474
19630.,8.165844,9.705277,8.623141,10.15701,39.90834,-21.25138,-31.97491
19640.,8.164661,9.704119,8.621967,10.15582,39.90753,-21.25232,-31.97508
19650.,8.163478,9.702963,8.620794,10.15463,39.90672,-21.25326,-31.97525
19660.,8.162297,9.701809,8.619622,10.15345,39.90591,-21.2542,-31.97541
19670.,8.161117,9.700656,8.618452,10.15227,39.9051,-21.25514,-31.97558
19680.,8.159939,9.699504,8.617283,10.15109,39.9043,-21.25608,-31.97589
19690.,8.158763,9.698352,8.616115,10.14991,39.90349,-21.25702,-31.97638
19700.,8.157587,9.697201,8.614948,10.14873,39.90269,-21.25795,-31.97686
19710.,8.156413,9.69605,8.613782,10.14755,39.90188,-21.25888,-31.97734
19720.,8.155241,9.6949,8.612617,10.14638,39.90108,-21.25982,-31.97782
19730.,8.15407,9.69375,8.611452,10.1452,39.90027,-21.26075,-31.9783
19740.,8.1529,9.6926,8.610289,10.14403,39.89947,-21.26168,-31.97877
19750.,8.151732,9.691451,8.609127,10.14286,39.89867,-21.26261,-31.97925
19760.,8.150565,9.690302,8.607966,10.14169,39.89786,-21.26354,-31.97972
19770.,8.149399,9.689154,8.606806,10.14052,39.89706,-21.26446,-31.9802
19780.,8.148235,9.688007,8.605646,10.13935,39.89626,-21.26539,-31.98067
19790.,8.147072,9.686859,8.604488,10.13819,39.89546,-21.26632,-31.98114
19800.,8.145911,9.685712,8.603331,10.13703,39.89466,-21.26724,-31.98162
19810.,8.144751,9.684566,8.602174,10.13586,39.89386,-21.26816,-31.98209
19820.,8.143592,9.68342,8.601019,10.1347,39.89306,-21.26908,-31.98255
19830.,8.142435,9.682275,8.599864,10.13354,39.89226,-21.27001,-31.98302
19840.,8.141279,9.68113,8.598711,10.13239,39.89146,-21.27092,-31.98349
19850.,8.140124,9.679985,8.597558,10.13123,39.89066,-21.27184,-31.98396
19860.,8.138971,9.678841,8.596407,10.13007,39.88986,-21.27276,-31.98442
19870.,8.137819,9.677698,8.595256,10.12892,39.88906,-21.27368,-31.98489
19880.,8.136669,9.676555,8.594106,10.12777,39.88827,-21.27459,-31.98535
19890.,8.135519,9.675412,8.592957,10.12662,39.88747,-21.27551,-31.98581
19900.,8.134371,9.67427,8.59181,10.12547,39.88668,-21.27642,-31.98627
19910.,8.133225,9.673129,8.590663,10.12432,39.88588,-21.27733,-31.98673
19920.,8.132079,9.671988,8.589517,10.12317,39.88509,-21.27824,-31.98719
19930.,8.130935,9.670847,8.588372,10.12203,39.88429,-21.27915,-31.98765
19940.,8.129793,9.669707,8.587228,10.12088,39.8835,-21.28006,-31.98811
19950.,8.128651,9.668568,8.586085,10.11974,39.8827,-21.28097,-31.98856
19960.,8.127511,9.667429,8.584943,10.1186,39.88191,-21.28188,-31.98902
19970.,8.126373,9.666291,8.583802,10.11746,39.88112,-21.28278,-31.98948
19980.,8.125235,9.665153,8.582662,10.11632,39.88033,-21.28369,-31.98993
19990.,8.124099,9.664015,8.581523,10.11519,39.87954,-21.28459,-31.99038
20000.,8.122964,9.662879,8.580385,10.11405,39.87875,-21.2855,-31.99083
20010.,8.12183,9.661742,8.579248,10.11292,39.87796,-21.2864,-31.99128
20020.,8.120698,9.660607,8.578111,10.11178,39.87717,-21.2873,-31.99173
20030.,8.119567,9.659472,8.576976,10.11065,39.87638,-21.2882,-31.99218
20040.,8.118437,9.658337,8.575841,10.10952,39.87559,-21.2891,-31.99263
20050.,8.117308,9.657203,8.574708,10.10839,39.8748,-21.29,-31.99308
20060.,8.116181,9.65607,8.573576,10.10726,39.87401,-21.29089,-31.99352
20070.,8.115055,9.654937,8.572444,10.10614,39.87323,-21.29179,-31.99397
20080.,8.11393,9.653805,8.571313,10.10501,39.87244,-21.29268,-31.99441
20090.,8.112807,9.652673,8.570184,10.10389,39.87165,-21.29358,-31.99486
20100.,8.111684,9.651542,8.569055,10.10276,39.87087,-21.29447,-31.9953
20110.,8.110563,9.650411,8.567927,10.10164,39.87009,-21.29536,-31.99574
20120.,8.109443,9.649281,8.5668,10.10052,39.8693,-21.29625,-31.99618
20130.,8.108325,9.648152,8.565675,10.0994,39.86852,-21.29714,-31.99662
20140.,8.107207,9.647023,8.56455,10.09829,39.86773,-21.29803,-31.99706
20150.,8.106091,9.645895,8.563426,10.09717,39.86695,-21.29892,-31.9975
20160.,8.104976,9.644767,8.562303,10.09606,39.86617,-21.29981,-31.99794
20170.,8.103862,9.64364,8.561181,10.09494,39.86539,-21.30069,-31.99837
20180.,8.10275,9.642514,8.560059,10.09383,39.86461,-21.30158,-31.99881
20190.,8.101639,9.641389,8.558939,10.09272,39.86383,-21.30246,-31.99945
20200.,8.100528,9.640266,8.55782,10.09161,39.86305,-21.30335,-32.00008
20210.,8.09942,9.639145,8.556702,10.0905,39.86227,-21.30423,-32.00072
20220.,8.098312,9.638025,8.555586,10.08939,39.8615,-21.30511,-32.00135
20230.,8.097206,9.636907,8.55447,10.08829,39.86072,-21.30599,-32.00198
20240.,8.0961,9.635791,8.553355,10.08718,39.85995,-21.30687,-32.00261
20250.,8.094996,9.634677,8.552242,10.08608,39.85918,-21.30775,-32.00324
20260.,8.093893,9.633564,8.551129,10.08498,39.85841,-21.30863,-32.00387
20270.,8.092792,9.632452,8.550018,10.08387,39.85764,-21.3095,-32.0045
20280.,8.091691,9.631343,8.548907,10.08277,39.85687,-21.31038,-32.00512
20290.,8.090592,9.630235,8.547798,10.08168,39.85611,-21.31125,-32.00575
20300.,8.089494,9.629129,8.54669,10.08058,39.85534,-21.31213,-32.00637
20310.,8.088398,9.628024,8.545583,10.07948,39.85458,-21.313,-32.007
20320.,8.087302,9.626921,8.544477,10.07839,39.85382,-21.31387,-32.00762
20330.,8.086208,9.62582,8.543372,10.07729,39.85306,-21.31474,-32.00825
20340.,8.085115,9.62472,8.542268,10.0762,39.8523,-21.31561,-32.00887
20350.,8.084023,9.623622,8.541166,10.07511,39.85154,-21.31648,-32.00949
20360.,8.082932,9.622525,8.540064,10.07402,39.85078,-21.31735,-32.01011
20370.,8.081843,9.621431,8.538964,10.07293,39.85003,-21.31822,-32.01073
20380.,8.080755,9.620337,8.537865,10.07184,39.84927,-21.31908,-32.01135
20390.,8.079668,9.619246,8.536766,10.07075,39.84852,-21.31995,-32.01196
20400.,8.078582,9.618156,8.535669,10.06967,39.84777,-21.32081,-32.01258
20410.,8.077497,9.617067,8.534573,10.06859,39.84701,-21.32168,-32.0132
20420.,8.076414,9.61598,8.533478,10.0675,39.84626,-21.32254,-32.01381
20430.,8.075332,9.614895,8.532384,10.06642,39.84552,-21.3234,-32.01443
20440.,8.074251,9.613812,8.531292,10.06534,39.84477,-21.32426,-32.01504
20450.,8.073171,9.61273,8.5302,10.06426,39.84402,-21.32512,-32.01565
20460.,8.072093,9.611649,8.52911,10.06318,39.84328,-21.32598,-32.01626
20470.,8.071015,9.61057,8.52802,10.06211,39.84253,-21.32683,-32.01688
20480.,8.069939,9.609493,8.526932,10.06103,39.84179,-21.32769,-32.01749
20490.,8.068865,9.608417,8.525845,10.05996,39.84105,-21.32855,-32.01809
20500.,8.067791,9.607343,8.524759,10.05888,39.84031,-21.3294,-32.0187
20510.,8.066719,9.60627,8.523674,10.05781,39.83957,-21.33025,-32.01931
20520.,8.065647,9.605199,8.52259,10.05674,39.83883,-21.33111,-32.01992
20530.,8.064577,9.60413,8.521508,10.05567,39.8381,-21.33196,-32.02052
20540.,8.063509,9.603062,8.520426,10.0546,39.83736,-21.33281,-32.02113
20550.,8.062441,9.601995,8.519346,10.05354,39.83663,-21.33366,-32.02173
20560.,8.061375,9.60093,8.518267,10.05247,39.83589,-21.33451,-32.02234
20570.,8.06031,9.599867,8.517188,10.05141,39.83516,-21.33536,-32.02294
20580.,8.059246,9.598805,8.516111,10.05034,39.83443,-21.3362,-32.02354
20590.,8.058183,9.597745,8.515036,10.04928,39.8337,-21.33705,-32.02414
20600.,8.057122,9.596686,8.513961,10.04822,39.83297,-21.33789,-32.02474
20610.,8.056061,9.595628,8.512887,10.04716,39.83225,-21.33874,-32.02534
20620.,8.055002,9.594573,8.511815,10.0461,39.83152,-21.33958,-32.02594
20630.,8.053945,9.593518,8.510743,10.04504,39.8308,-21.34042,-32.02653
20640.,8.052888,9.592466,8.509673,10.04399,39.83007,-21.34126,-32.02713
20650.,8.051833,9.591414,8.508604,10.04293,39.82935,-21.3421,-32.02773
20660.,8.050778,9.590365,8.507536,10.04188,39.82863,-21.34294,-32.02832
20670.,8.049725,9.589316,8.506469,10.04083,39.82791,-21.34378,-32.02891
20680.,8.048674,9.588269,8.505403,10.03978,39.82719,-21.34462,-32.02951
20690.,8.047623,9.587225,8.504339,10.03873,39.82647,-21.34545,-32.03042
20700.,8.046574,9.586182,8.503276,10.03768,39.82575,-21.34629,-32.03154
20710.,8.045525,9.585142,8.502216,10.03663,39.82503,-21.34712,-32.03267
20720.,8.044479,9.584103,8.501157,10.03558,39.82432,-21.34795,-32.03379
20730.,8.043433,9.583067,8.5001,10.03454,39.8236,-21.34879,-32.03491
20740.,8.042388,9.582033,8.499044,10.03349,39.82289,-21.34962,-32.03603
20750.,8.041345,9.581002,8.497991,10.03245,39.82218,-21.35045,-32.03716
20760.,8.040303,9.579972,8.496939,10.03141,39.82146,-21.35128,-32.03828
20770.,8.039262,9.578945,8.495889,10.03037,39.82075,-21.35211,-32.0394
20780.,8.038223,9.577919,8.494841,10.02933,39.82004,-21.35293,-32.04052
20790.,8.037184,9.576896,8.493794,10.02829,39.81933,-21.35376,-32.04164
20800.,8.036147,9.575875,8.49275,10.02725,39.81862,-21.35459,-32.04275
20810.,8.035111,9.574856,8.491707,10.02622,39.81792,-21.35541,-32.04387
20820.,8.034076,9.573839,8.490666,10.02518,39.81721,-21.35623,-32.04499
20830.,8.033043,9.572825,8.489626,10.02415,39.8165,-21.35706,-32.0461
20840.,8.032011,9.571812,8.488588,10.02311,39.8158,-21.35788,-32.04722
20850.,8.030979,9.570801,8.487552,10.02208,39.81509,-21.3587,-32.04833
20860.,8.02995,9.569793,8.486518,10.02105,39.81439,-21.35952,-32.04944
20870.,8.028921,9.568786,8.485485,10.02002,39.81369,-21.36034,-32.05055
20880.,8.027894,9.567782,8.484455,10.01899,39.81299,-21.36115,-32.05167
20890.,8.026868,9.56678,8.483425,10.01797,39.81229,-21.36197,-32.05278
20900.,8.025843,9.565779,8.482398,10.01694,39.81159,-21.36278,-32.05389
20910.,8.024819,9.564781,8.481372,10.01592,39.81089,-21.3636,-32.055
20920.,8.023797,9.563785,8.480348,10.01489,39.81019,-21.36441,-32.0561
20930.,8.022775,9.562791,8.479326,10.01387,39.80949,-21.36522,-32.05721
20940.,8.021755,9.561798,8.478305,10.01285,39.8088,-21.36604,-32.05832
20950.,8.020737,9.560808,8.477286,10.01183,39.8081,-21.36685,-32.05942
20960.,8.019719,9.55982,8.476269,10.01081,39.80741,-21.36766,-32.06053
20970.,8.018703,9.558834,8.475253,10.00979,39.80671,-21.36846,-32.06163
20980.,8.017688,9.557849,8.474239,10.00877,39.80602,-21.36927,-32.06274
20990.,8.016674,9.556867,8.473227,10.00776,39.80533,-21.37008,-32.06384
21000.,8.015662,9.555887,8.472217,10.00674,39.80464,-21.37088,-32.06494
21010.,8.01465,9.554908,8.471208,10.00573,39.80395,-21.37169,-32.06604
21020.,8.01364,9.553932,8.4702,10.00472,39.80326,-21.37249,-32.06714
21030.,8.012631,9.552957,8.469195,10.00371,39.80257,-21.37329,-32.06824
21040.,8.011624,9.551984,8.468191,10.0027,39.80189,-21.3741,-32.06934
21050.,8.010618,9.551014,8.467188,10.00169,39.8012,-21.3749,-32.07044
21060.,8.009612,9.550045,8.466188,10.00068,39.80052,-21.3757,-32.07154
21070.,8.008609,9.549078,8.465189,9.999677,39.79983,-21.37649,-32.07263
21080.,8.007606,9.548113,8.464191,9.998672,39.79915,-21.37729,-32.07373
21090.,8.006605,9.54715,8.463195,9.997668,39.79846,-21.37809,-32.07482
21100.,8.005604,9.546189,8.462201,9.996665,39.79778,-21.37888,-32.07592
21110.,8.004606,9.545229,8.461209,9.995664,39.7971,-21.37968,-32.07701
21120.,8.003608,9.544272,8.460218,9.994664,39.79642,-21.38047,-32.0781
21130.,8.002612,9.543316,8.459228,9.993664,39.79574,-21.38126,-32.07895
21140.,8.001616,9.542363,8.458241,9.992667,39.79507,-21.38205,-32.08028
21150.,8.000623,9.541411,8.457255,9.99167,39.79439,-21.38284,-32.08113
21160.,7.99963,9.540461,8.45627,9.990674,39.79371,-21.38363,-32.08246
21170.,7.998639,9.539513,8.455287,9.98968,39.79303,-21.38442,-32.0833
21180.,7.997648,9.538566,8.454306,9.988687,39.79236,-21.38521,-32.08464
21190.,7.99666,9.537622,8.453326,9.987695,39.79169,-21.38599,-32.08514
21200.,7.995672,9.536677,8.452348,9.986704,39.79101,-21.38678,-32.08398
21210.,7.994685,9.535734,8.45137,9.985715,39.79034,-21.38756,-32.08262
21220.,7.9937,9.53479,8.450394,9.984728,39.78967,-21.38835,-32.08126
21230.,7.992716,9.533847,8.449419,9.983743,39.78899,-21.38913,-32.07989
21240.,7.991733,9.532905,8.448446,9.982759,39.78832,-21.38991,-32.07853
21250.,7.990752,9.531963,8.447473,9.981776,39.78765,-21.39069,-32.07716
21260.,7.989772,9.531021,8.446502,9.980796,39.78697,-21.39147,-32.07579
21270.,7.988793,9.53008,8.445531,9.979817,39.7863,-21.39225,-32.07442
21280.,7.987815,9.52914,8.444563,9.978839,39.78563,-21.39303,-32.07305
21290.,7.986838,9.5282,8.443595,9.977863,39.78496,-21.3938,-32.07168
21300.,7.985862,9.52726,8.442628,9.976889,39.78429,-21.39458,-32.07031
21310.,7.984888,9.526321,8.441663,9.975916,39.78361,-21.39535,-32.06893
21320.,7.983915,9.525382,8.440698,9.974945,39.78294,-21.39613,-32.06756
21330.,7.982943,9.524444,8.439735,9.973976,39.78227,-21.3969,-32.06618
21340.,7.981973,9.523507,8.438773,9.973008,39.7816,-21.39767,-32.06481
21350.,7.981003,9.52257,8.437813,9.972041,39.78093,-21.39844,-32.06343
21360.,7.980035,9.521633,8.436853,9.971076,39.78026,-21.39921,-32.06205
21370.,7.979068,9.520697,8.435895,9.970113,39.77959,-21.39998,-32.06067
21380.,7.978102,9.519762,8.434937,9.969151,39.77892,-21.40075,-32.05929
21390.,7.977137,9.518827,8.433981,9.96819,39.77825,-21.40152,-32.05791
21400.,7.976173,9.517892,8.433026,9.967232,39.77758,-21.40228,-32.05653
21410.,7.975211,9.516958,8.432072,9.966274,39.77691,-21.40305,-32.05514
21420.,7.974249,9.516025,8.43112,9.965318,39.77624,-21.40381,-32.05376
21430.,7.973289,9.515092,8.430168,9.964364,39.77557,-21.40457,-32.05237
21440.,7.97233,9.51416,8.429218,9.963411,39.7749,-21.40534,-32.05099
21450.,7.971373,9.513228,8.428268,9.96246,39.77423,-21.4061,-32.0496
21460.,7.970416,9.512297,8.42732,9.96151,39.77357,-21.40686,-32.04821
21470.,7.96946,9.511366,8.426373,9.960562,39.7729,-21.40762,-32.04682
21480.,7.968506,9.510436,8.425427,9.959615,39.77223,-21.40838,-32.04543
21490.,7.967553,9.509506,8.424483,9.958669,39.77156,-21.40914,-32.04404
21500.,7.966601,9.508577,8.423539,9.957725,39.7709,-21.40989,-32.04264
21510.,7.96565,9.507649,8.422596,9.956782,39.77023,-21.41065,-32.04125
21520.,7.9647,9.506721,8.421655,9.955841,39.76956,-21.4114,-32.03985
21530.,7.963751,9.505794,8.420715,9.954901,39.7689,-21.41216,-32.03846
21540.,7.962804,9.504867,8.419775,9.953963,39.76823,-21.41291,-32.03706
21550.,7.961857,9.503941,8.418837,9.953026,39.76756,-21.41366,-32.03566
21560.,7.960912,9.503015,8.4179,9.952091,39.7669,-21.41441,-32.03426
21570.,7.959968,9.50209,8.416964,9.951156,39.76623,-21.41516,-32.03286
21580.,7.959025,9.501166,8.416029,9.950224,39.76557,-21.41591,-32.03146
21590.,7.958083,9.500242,8.415096,9.949292,39.76491,-21.41666,-32.03006
21600.,7.957142,9.499319,8.414163,9.948362,39.76424,-21.41741,-32.02866
21610.,7.956202,9.498396,8.413232,9.947434,39.76358,-21.41816,-32.02726
21620.,7.955264,9.497474,8.412301,9.946507,39.76291,-21.4189,-32.02585
21630.,7.954326,9.496553,8.411372,9.945581,39.76225,-21.41965,-32.02445
21640.,7.95339,9.495632,8.410443,9.944656,39.76159,-21.42039,-32.02304
21650.,7.952455,9.494711,8.409516,9.943733,39.76093,-21.42114,-32.02163
21660.,7.95152,9.493792,8.40859,9.942812,39.76027,-21.42188,-32.02022
21670.,7.950587,9.492873,8.407665,9.941891,39.7596,-21.42262,-32.01882
21680.,7.949655,9.491954,8.406741,9.940972,39.75894,-21.42336,-32.01741
21690.,7.948724,9.491036,8.405818,9.940054,39.75828,-21.4241,-32.016
21700.,7.947794,9.49012,8.404896,9.939138,39.75762,-21.42484,-32.0174
21710.,7.946866,9.489204,8.403975,9.938222,39.75696,-21.42558,-32.0199
21720.,7.945938,9.488289,8.403056,9.937307,39.7563,-21.42632,-32.02241
21730.,7.945011,9.487376,8.402137,9.936392,39.75564,-21.42705,-32.02491
21740.,7.944086,9.486464,8.401219,9.935478,39.75498,-21.42779,-32.02741
21750.,7.943161,9.485553,8.400302,9.934564,39.75433,-21.42852,-32.02992
21760.,7.942238,9.484643,8.399387,9.933651,39.75367,-21.42926,-32.03242
21770.,7.941316,9.483734,8.398472,9.932738,39.75301,-21.42999,-32.03492
21780.,7.940394,9.482826,8.397559,9.931826,39.75235,-21.43072,-32.03743
21790.,7.939474,9.481919,8.396646,9.930915,39.7517,-21.43146,-32.03993
21800.,7.938555,9.481014,8.395735,9.930004,39.75104,-21.43219,-32.04243
21810.,7.937637,9.480109,8.394824,9.929094,39.75038,-21.43292,-32.04493
21820.,7.93672,9.479206,8.393915,9.928185,39.74973,-21.43365,-32.04743
21830.,7.935804,9.478304,8.393006,9.927276,39.74907,-21.43437,-32.04993
21840.,7.934889,9.477403,8.392099,9.926367,39.74842,-21.4351,-32.05243
21850.,7.933975,9.476503,8.391192,9.92546,39.74776,-21.43583,-32.05493
21860.,7.933062,9.475604,8.390287,9.924552,39.74711,-21.43655,-32.05743
21870.,7.93215,9.474706,8.389383,9.923646,39.74645,-21.43728,-32.05993
21880.,7.931239,9.473809,8.388479,9.92274,39.7458,-21.438,-32.06243
21890.,7.93033,9.472914,8.387577,9.921834,39.74515,-21.43873,-32.06493
21900.,7.929421,9.472019,8.386676,9.92093,39.74449,-21.43945,-32.06743
21910.,7.928513,9.471126,8.385775,9.920025,39.74384,-21.44017,-32.06993
21920.,7.927607,9.470233,8.384876,9.919122,39.74319,-21.44089,-32.07242
21930.,7.926701,9.469342,8.383977,9.918219,39.74254,-21.44161,-32.07492
21940.,7.925796,9.468452,8.38308,9.917317,39.74189,-21.44233,-32.07742
21950.,7.924893,9.467563,8.382184,9.916415,39.74124,-21.44305,-32.07991
21960.,7.92399,9.466674,8.381288,9.915514,39.74059,-21.44377,-32.08241
21970.,7.923088,9.465787,8.380394,9.914613,39.73994,-21.44448,-32.0849
21980.,7.922188,9.464901,8.3795,9.913713,39.73929,-21.4452,-32.0874
21990.,7.921288,9.464016,8.378608,9.912814,39.73864,-21.44591,-32.0899
22000.,7.92039,9.463132,8.377717,9.911916,39.73799,-21.44663,-32.09239
22010.,7.919492,9.462249,8.376826,9.911018,39.73734,-21.44734,-32.09488
22020.,7.918595,9.461368,8.375936,9.91012,39.73669,-21.44806,-32.09738
22030.,7.9177,9.460487,8.375048,9.909224,39.73605,-21.44877,-32.09987
22040.,7.916805,9.459607,8.37416,9.908327,39.7354,-21.44948,-32.10237
22050.,7.915912,9.458728,8.373274,9.907432,39.73475,-21.45019,-32.10486
22060.,7.915019,9.457851,8.372388,9.906537,39.73411,-21.4509,-32.10735
22070.,7.914127,9.456974,8.371503,9.905643,39.73346,-21.45161,-32.10984
22080.,7.913237,9.456098,8.37062,9.904749,39.73282,-21.45232,-32.11233
22090.,7.912347,9.455224,8.369737,9.903856,39.73217,-21.45302,-32.11483
22100.,7.911458,9.45435,8.368855,9.902964,39.73153,-21.45373,-32.11732
22110.,7.910571,9.453477,8.367974,9.902072,39.73089,-21.45444,-32.11981
22120.,7.909684,9.452606,8.367094,9.901181,39.73024,-21.45514,-32.1223
22130.,7.908798,9.451735,8.366216,9.900291,39.7296,-21.45585,-32.12479
22140.,7.907913,9.450866,8.365338,9.899401,39.72896,-21.45655,-32.12728
22150.,7.90703,9.449997,8.364461,9.898512,39.72832,-21.45725,-32.12977
22160.,7.906147,9.44913,8.363584,9.897624,39.72767,-21.45795,-32.13226
22170.,7.905265,9.448263,8.362709,9.896736,39.72703,-21.45866,-32.13474
22180.,7.904384,9.447397,8.361835,9.895849,39.72639,-21.45936,-32.13723
22190.,7.903504,9.446533,8.360962,9.894962,39.72575,-21.46006,-32.13972
22200.,7.902625,9.445669,8.360089,9.894076,39.72511,-21.46076,-32.14153
22210.,7.901747,9.444807,8.359217,9.893192,39.72448,-21.46145,-32.1415
22220.,7.90087,9.443945,8.358346,9.892308,39.72384,-21.46215,-32.14157
22230.,7.899994,9.443084,8.357474,9.891425,39.7232,-21.46284,-32.14166
22240.,7.899119,9.442223,8.356603,9.890544,39.72257,-21.46354,-32.14174
22250.,7.898245,9.441364,8.355733,9.889663,39.72194,-21.46423,-32.14182
22260.,7.897372,9.440506,8.354862,9.888784,39.72131,-21.46493,-32.14191
22270.,7.8965,9.439648,8.353993,9.887906,39.72068,-21.46562,-32.14199
22280.,7.895628,9.438791,8.353123,9.887029,39.72005,-21.46631,-32.14207
22290.,7.894758,9.437935,8.352254,9.886153,39.71942,-21.467,-32.14215
22300.,7.893889,9.43708,8.351386,9.885278,39.7188,-21.46769,-32.14223
22310.,7.89302,9.436226,8.350517,9.884404,39.71818,-21.46838,-32.14231
22320.,7.892153,9.435373,8.34965,9.883531,39.71755,-21.46907,-32.14239
22330.,7.891287,9.434521,8.348782,9.88266,39.71693,-21.46976,-32.14247
22340.,7.890421,9.433669,8.347915,9.881789,39.71632,-21.47045,-32.14255
22350.,7.889557,9.432818,8.347049,9.88092,39.7157,-21.47114,-32.14263
22360.,7.888693,9.431969,8.346183,9.880052,39.71508,-21.47182,-32.1427
22370.,7.88783,9.43112,8.345317,9.879185,39.71447,-21.47251,-32.14278
22380.,7.886969,9.430272,8.344452,9.878319,39.71386,-21.47319,-32.14285
22390.,7.886108,9.429424,8.343587,9.877454,39.71325,-21.47388,-32.14292
22400.,7.885248,9.428578,8.342723,9.87659,39.71264,-21.47456,-32.143
22410.,7.884389,9.427733,8.341859,9.875727,39.71203,-21.47524,-32.14307
22420.,7.883532,9.426888,8.340996,9.874865,39.71142,-21.47592,-32.14314
22430.,7.882675,9.426044,8.340133,9.874005,39.71082,-21.4766,-32.14321
22440.,7.881819,9.425202,8.339271,9.873145,39.71021,-21.47728,-32.14328
22450.,7.880964,9.42436,8.338409,9.872287,39.70961,-21.47796,-32.14335
22460.,7.88011,9.423519,8.337548,9.87143,39.70901,-21.47864,-32.14342
22470.,7.879257,9.422678,8.336687,9.870573,39.70841,-21.47932,-32.14349
22480.,7.878405,9.421839,8.335827,9.869718,39.70781,-21.48,-32.14355
22490.,7.877554,9.421001,8.334967,9.868864,39.70721,-21.48067,-32.14362
22500.,7.876703,9.420163,8.334107,9.868011,39.70662,-21.48135,-32.14368
22510.,7.875854,9.419326,8.333249,9.867159,39.70602,-21.48202,-32.14375
22520.,7.875006,9.41849,8.33239,9.866308,39.70543,-21.4827,-32.14381
22530.,7.874159,9.417655,8.331532,9.865459,39.70484,-21.48337,-32.14387
22540.,7.873312,9.416821,8.330675,9.86461,39.70424,-21.48404,-32.14394
22550.,7.872467,9.415988,8.329819,9.863762,39.70365,-21.48472,-32.144
22560.,7.871622,9.415156,8.328962,9.862916,39.70307,-21.48539,-32.14406
22570.,7.870779,9.414324,8.328107,9.86207,39.70248,-21.48606,-32.14412
22580.,7.869936,9.413494,8.327252,9.861226,39.70189,-21.48673,-32.14418
22590.,7.869095,9.412664,8.326397,9.860383,39.70131,-21.4874,-32.14424
22600.,7.868254,9.411835,8.325543,9.85954,39.70073,-21.48806,-32.14429
22610.,7.867414,9.411007,8.32469,9.858699,39.70014,-21.48873,-32.14435
22620.,7.866575,9.41018,8.323837,9.857859,39.69956,-21.4894,-32.14441
22630.,7.865738,9.409354,8.322985,9.85702,39.69898,-21.49006,-32.14446
22640.,7.864901,9.408529,8.322133,9.856182,39.69841,-21.49073,-32.14452
22650.,7.864065,9.407705,8.321282,9.855345,39.69783,-21.49139,-32.14457
22660.,7.86323,9.406881,8.320431,9.854509,39.69725,-21.49206,-32.14462
22670.,7.862396,9.406058,8.319581,9.853674,39.69668,-21.49272,-32.14468
22680.,7.861563,9.405237,8.318732,9.85284,39.6961,-21.49338,-32.14473
22690.,7.860731,9.404416,8.317883,9.852007,39.69553,-21.49404,-32.14478
22700.,7.8599,9.403596,8.317034,9.851176,39.69496,-21.49471,-32.14483
22710.,7.859069,9.402777,8.316188,9.850345,39.69439,-21.49537,-32.14546
22720.,7.85824,9.40196,8.315343,9.849515,39.69382,-21.49602,-32.14626
22730.,7.857412,9.401144,8.3145,9.848686,39.69325,-21.49668,-32.14708
22740.,7.856585,9.40033,8.313659,9.847858,39.69268,-21.49734,-32.1479
22750.,7.855758,9.399517,8.31282,9.847031,39.69211,-21.498,-32.14872
22760.,7.854933,9.398706,8.311982,9.846205,39.69155,-21.49865,-32.14953
22770.,7.854108,9.397896,8.311146,9.845379,39.69098,-21.49931,-32.15035
22780.,7.853285,9.397087,8.310312,9.844555,39.69041,-21.49996,-32.15117
22790.,7.852462,9.39628,8.30948,9.843731,39.68985,-21.50062,-32.15199
22800.,7.85164,9.395474,8.30865,9.842909,39.68928,-21.50127,-32.1528
22810.,7.85082,9.39467,8.307821,9.842087,39.68872,-21.50192,-32.15362
22820.,7.85,9.393867,8.306994,9.841266,39.68815,-21.50257,-32.15443
22830.,7.849181,9.393065,8.306169,9.840447,39.68759,-21.50323,-32.15525
22840.,7.848363,9.392265,8.305345,9.839628,39.68703,-21.50388,-32.15606
22850.,7.847547,9.391467,8.304523,9.83881,39.68646,-21.50453,-32.15687
22860.,7.846731,9.390669,8.303703,9.837993,39.6859,-21.50517,-32.15768
22870.,7.845916,9.389873,8.302885,9.837176,39.68534,-21.50582,-32.1585
22880.,7.845102,9.389079,8.302068,9.836361,39.68478,-21.50647,-32.15931
22890.,7.844289,9.388286,8.301254,9.835547,39.68422,-21.50712,-32.16012
22900.,7.843477,9.387494,8.30044,9.834733,39.68366,-21.50776,-32.16093
22910.,7.842666,9.386703,8.299629,9.833921,39.6831,-21.50841,-32.16174
22920.,7.841856,9.385914,8.298819,9.833109,39.68255,-21.50905,-32.16254
22930.,7.841046,9.385127,8.298011,9.832299,39.68199,-21.50969,-32.16335
22940.,7.840238,9.38434,8.297204,9.831489,39.68143,-21.51034,-32.16416
22950.,7.839431,9.383555,8.296399,9.83068,39.68088,-21.51098,-32.16497
22960.,7.838625,9.382772,8.295596,9.829872,39.68032,-21.51162,-32.16577
22970.,7.83782,9.381989,8.294794,9.829065,39.67977,-21.51226,-32.16658
22980.,7.837015,9.381209,8.293994,9.828259,39.67921,-21.5129,-32.16738
22990.,7.836212,9.380429,8.293196,9.827454,39.67866,-21.51354,-32.16819
23000.,7.83541,9.379651,8.292399,9.82665,39.67811,-21.51417,-32.16899
23010.,7.834608,9.378874,8.291604,9.825847,39.67755,-21.51481,-32.16979
23020.,7.833808,9.378098,8.290811,9.825045,39.677,-21.51545,-32.17059
23030.,7.833008,9.377324,8.290019,9.824243,39.67645,-21.51608,-32.1714
23040.,7.83221,9.376551,8.289228,9.823443,39.6759,-21.51672,-32.1722
23050.,7.831412,9.375779,8.28844,9.822643,39.67535,-21.51735,-32.173
23060.,7.830616,9.375009,8.287652,9.821845,39.6748,-21.51798,-32.1738
23070.,7.82982,9.37424,8.286867,9.821047,39.67426,-21.51862,-32.17459
23080.,7.829026,9.373472,8.286083,9.82025,39.67371,-21.51925,-32.17539
23090.,7.828232,9.372706,8.2853,9.819455,39.67316,-21.51988,-32.17619
23100.,7.82744,9.371941,8.284519,9.81866,39.67262,-21.52051,-32.17699
23110.,7.826648,9.371177,8.28374,9.817866,39.67207,-21.52114,-32.17778
23120.,7.825857,9.370415,8.282962,9.817073,39.67153,-21.52177,-32.17858
23130.,7.825068,9.369654,8.282186,9.816281,39.67098,-21.52239,-32.17937
23140.,7.824279,9.368894,8.281411,9.81549,39.67044,-21.52302,-32.18017
23150.,7.823491,9.368135,8.280638,9.8147,39.66989,-21.52365,-32.18096
23160.,7.822704,9.367378,8.279867,9.813911,39.66935,-21.52427,-32.18175
23170.,7.821919,9.366622,8.279096,9.813123,39.66881,-21.5249,-32.18255
23180.,7.821134,9.365867,8.278328,9.812336,39.66827,-21.52552,-32.18334
23190.,7.82035,9.365114,8.277561,9.811549,39.66773,-21.52614,-32.18413
23200.,7.819567,9.364361,8.276795,9.810764,39.66719,-21.52677,-32.18492
23210.,7.818785,9.36361,8.276031,9.80998,39.66665,-21.52739,-32.18582
23220.,7.818004,9.36286,8.275267,9.809196,39.66611,-21.52801,-32.18714
23230.,7.817224,9.36211,8.274505,9.808413,39.66558,-21.52863,-32.18802
23240.,7.816445,9.361361,8.273743,9.807632,39.66504,-21.52925,-32.18934
23250.,7.815667,9.360612,8.272983,9.806851,39.6645,-21.52987,-32.19022
23260.,7.81489,9.359865,8.272224,9.806071,39.66397,-21.53049,-32.19153
23270.,7.814114,9.359118,8.271465,9.805292,39.66343,-21.5311,-32.19241
23280.,7.813339,9.358372,8.270708,9.804514,39.6629,-21.53172,-32.19372
23290.,7.812565,9.357626,8.269951,9.803736,39.66236,-21.53233,-32.1946
23300.,7.811792,9.356881,8.269195,9.80296,39.66183,-21.53295,-32.19591
23310.,7.811019,9.356137,8.268441,9.802184,39.66129,-21.53356,-32.19679
23320.,7.810248,9.355394,8.267687,9.80141,39.66076,-21.53418,-32.1981
23330.,7.809478,9.354651,8.266934,9.800636,39.66023,-21.53479,-32.19897
23340.,7.808708,9.353909,8.266183,9.799863,39.6597,-21.5354,-32.20028
23350.,7.80794,9.353168,8.265432,9.799091,39.65917,-21.53601,-32.20116
23360.,7.807172,9.352427,8.264682,9.798319,39.65863,-21.53662,-32.20246
23370.,7.806406,9.351687,8.263933,9.797549,39.6581,-21.53723,-32.20334
23380.,7.80564,9.350948,8.263185,9.796779,39.65757,-21.53784,-32.20464
23390.,7.804876,9.35021,8.262438,9.796011,39.65704,-21.53845,-32.20551
23400.,7.804112,9.349472,8.261692,9.795243,39.65652,-21.53906,-32.20682
23410.,7.803349,9.348735,8.260947,9.794476,39.65599,-21.53966,-32.20769
23420.,7.802587,9.347998,8.260203,9.79371,39.65546,-21.54027,-32.20899
23430.,7.801826,9.347263,8.25946,9.792945,39.65493,-21.54087,-32.20986
23440.,7.801066,9.346528,8.258717,9.792181,39.65441,-21.54148,-32.21117
23450.,7.800307,9.345794,8.257976,9.791417,39.65388,-21.54208,-32.21203
23460.,7.799549,9.34506,8.257235,9.790655,39.65335,-21.54268,-32.21333
23470.,7.798792,9.344328,8.256496,9.789893,39.65283,-21.54328,-32.2142
23480.,7.798036,9.343596,8.255757,9.789132,39.6523,-21.54389,-32.2155
23490.,7.79728,9.342864,8.25502,9.788372,39.65178,-21.54449,-32.21637
23500.,7.796526,9.342134,8.254283,9.787613,39.65125,-21.54509,-32.21767
23510.,7.795773,9.341404,8.253547,9.786854,39.65073,-21.54568,-32.21853
23520.,7.79502,9.340675,8.252812,9.786097,39.65021,-21.54628,-32.21983
23530.,7.794268,9.339946,8.252078,9.78534,39.64969,-21.54688,-32.2207
23540.,7.793518,9.339218,8.251345,9.784584,39.64916,-21.54748,-32.22199
23550.,7.792768,9.338491,8.250613,9.783829,39.64864,-21.54807,-32.22286
23560.,7.792019,9.337765,8.249882,9.783075,39.64812,-21.54867,-32.22415
23570.,7.791271,9.337039,8.249151,9.782322,39.6476,-21.54926,-32.22501
23580.,7.790524,9.336314,8.248422,9.78157,39.64708,-21.54986,-32.2263
23590.,7.789777,9.33559,8.247694,9.780818,39.64656,-21.55045,-32.22717
23600.,7.789032,9.334867,8.246966,9.780067,39.64604,-21.55104,-32.22846
23610.,7.788288,9.334144,8.246239,9.779317,39.64553,-21.55163,-32.22932
23620.,7.787544,9.333422,8.245513,9.778568,39.64501,-21.55223,-32.23061
23630.,7.786802,9.332701,8.244789,9.77782,39.64449,-21.55281,-32.23147
23640.,7.78606,9.33198,8.244065,9.777073,39.64397,-21.5534,-32.23276
23650.,7.785319,9.33126,8.243341,9.776326,39.64346,-21.55399,-32.23362
23660.,7.784579,9.330541,8.242619,9.775581,39.64294,-21.55458,-32.2349
23670.,7.78384,9.329823,8.241898,9.774836,39.64243,-21.55517,-32.23576
23680.,7.783102,9.329105,8.241178,9.774092,39.64191,-21.55576,-32.23705
23690.,7.782365,9.328388,8.240458,9.773348,39.6414,-21.55634,-32.23791
23700.,7.781628,9.327672,8.239739,9.772606,39.64089,-21.55693,-32.23919
23710.,7.780893,9.326956,8.239022,9.771864,39.64037,-21.55751,-32.24005
23720.,7.780158,9.326241,8.238305,9.771124,39.63986,-21.55809,-32.23966
23730.,7.779425,9.325526,8.237588,9.770385,39.63934,-21.55868,-32.23909
23740.,7.778692,9.324812,8.236872,9.769646,39.63883,-21.55926,-32.2385
23750.,7.77796,9.324099,8.236157,9.768909,39.63832,-21.55984,-32.2379
23760.,7.777229,9.323386,8.235443,9.768173,39.6378,-21.56042,-32.23731
23770.,7.776499,9.322673,8.234729,9.767438,39.63729,-21.561,-32.23671
23780.,7.775769,9.321961,8.234016,9.766704,39.63678,-21.56158,-32.23611
23790.,7.775041,9.321249,8.233304,9.765972,39.63627,-21.56216,-32.23552
23800.,7.774313,9.320538,8.232592,9.76524,39.63575,-21.56274,-32.23492
23810.,7.773587,9.319828,8.231881,9.76451,39.63524,-21.56331,-32.23432
23820.,7.772861,9.319117,8.231171,9.76378,39.63473,-21.56389,-32.23372
23830.,7.772136,9.318408,8.230461,9.763052,39.63421,-21.56447,-32.23312
23840.,7.771412,9.317699,8.229752,9.762325,39.6337,-21.56504,-32.23251
23850.,7.770688,9.31699,8.229043,9.761599,39.63319,-21.56562,-32.23191
23860.,7.769966,9.316282,8.228336,9.760874,39.63268,-21.56619,-32.23131
23870.,7.769244,9.315574,8.227629,9.76015,39.63216,-21.56676,-32.2307
23880.,7.768523,9.314867,8.226922,9.759427,39.63165,-21.56734,-32.2301
23890.,7.767803,9.314161,8.226216,9.758705,39.63114,-21.56791,-32.22949
23900.,7.767084,9.313455,8.225511,9.757985,39.63063,-21.56848,-32.22889
23910.,7.766366,9.312749,8.224807,9.757265,39.63012,-21.56905,-32.22828
23920.,7.765648,9.312044,8.224103,9.756546,39.6296,-21.56962,-32.22767
23930.,7.764932,9.31134,8.2234,9.755829,39.62909,-21.57019,-32.22706
23940.,7.764216,9.310636,8.222697,9.755112,39.62858,-21.57076,-32.22646
23950.,7.763501,9.309932,8.221995,9.754397,39.62807,-21.57133,-32.22585
23960.,7.762786,9.309229,8.221294,9.753682,39.62756,-21.57189,-32.22523
23970.,7.762073,9.308527,8.220594,9.752969,39.62705,-21.57246,-32.22462
23980.,7.761361,9.307825,8.219894,9.752256,39.62654,-21.57303,-32.22401
23990.,7.760649,9.307123,8.219194,9.751545,39.62603,-21.57359,-32.2234
24000.,7.759938,9.306422,8.218496,9.750834,39.62551,-21.57416,-32.22278
24010.,7.759228,9.305722,8.217798,9.750125,39.625,-21.57472,-32.22217
24020.,7.758518,9.305022,8.2171,9.749416,39.62449,-21.57528,-32.22156
24030.,7.75781,9.304323,8.216404,9.748709,39.62398,-21.57585,-32.22094
24040.,7.757102,9.303624,8.215708,9.748003,39.62347,-21.57641,-32.22032
24050.,7.756395,9.302925,8.215012,9.747297,39.62296,-21.57697,-32.21971
24060.,7.755689,9.302228,8.214318,9.746593,39.62246,-21.57753,-32.21909
24070.,7.754984,9.30153,8.213624,9.745889,39.62195,-21.57809,-32.21847
24080.,7.754279,9.300834,8.21293,9.745187,39.62144,-21.57865,-32.21785
24090.,7.753575,9.300137,8.212237,9.744485,39.62093,-21.57921,-32.21723
24100.,7.752872,9.299442,8.211545,9.743785,39.62042,-21.57977,-32.21661
24110.,7.75217,9.298746,8.210854,9.743085,39.61991,-21.58033,-32.21599
24120.,7.751469,9.298052,8.210163,9.742386,39.6194,-21.58088,-32.21537
24130.,7.750768,9.297358,8.209473,9.741689,39.6189,-21.58144,-32.21475
24140.,7.750068,9.296664,8.208783,9.740992,39.61839,-21.582,-32.21412
24150.,7.749369,9.295971,8.208094,9.740296,39.61788,-21.58255,-32.2135
24160.,7.748671,9.295278,8.207406,9.739601,39.61737,-21.58311,-32.21288
24170.,7.747973,9.294586,8.206718,9.738908,39.61687,-21.58366,-32.21225
24180.,7.747276,9.293895,8.206031,9.738215,39.61636,-21.58422,-32.21163
24190.,7.74658,9.293204,8.205345,9.737523,39.61585,-21.58477,-32.211
24200.,7.745885,9.292513,8.204659,9.736831,39.61535,-21.58532,-32.21037
24210.,7.745191,9.291823,8.203974,9.736141,39.61484,-21.58587,-32.20974
24220.,7.744497,9.291134,8.20329,9.735452,39.61433,-21.58642,-32.20972
24230.,7.743804,9.290447,8.202606,9.734763,39.61383,-21.58698,-32.21027
24240.,7.743112,9.289761,8.201924,9.734076,39.61332,-21.58753,-32.2109
24250.,7.742421,9.289076,8.201243,9.733388,39.61282,-21.58807,-32.21152
24260.,7.74173,9.288393,8.200563,9.732702,39.61232,-21.58862,-32.21215
24270.,7.74104,9.287711,8.199884,9.732016,39.61181,-21.58917,-32.21278
24280.,7.740351,9.28703,8.199206,9.731331,39.61131,-21.58972,-32.21341
24290.,7.739663,9.286351,8.198529,9.730646,39.61081,-21.59027,-32.21404
24300.,7.738975,9.285673,8.197853,9.729963,39.61031,-21.59081,-32.21467
24310.,7.738288,9.284997,8.197178,9.729279,39.60981,-21.59136,-32.2153
24320.,7.737602,9.284322,8.196504,9.728597,39.60931,-21.5919,-32.21592
24330.,7.736917,9.283648,8.195832,9.727915,39.60881,-21.59245,-32.21655
24340.,7.736232,9.282975,8.19516,9.727234,39.60831,-21.59299,-32.21717
24350.,7.735549,9.282304,8.194489,9.726554,39.60781,-21.59354,-32.2178
24360.,7.734866,9.281634,8.193819,9.725874,39.60732,-21.59408,-32.21843
24370.,7.734184,9.280966,8.193151,9.725195,39.60682,-21.59462,-32.21905
24380.,7.733502,9.280299,8.192483,9.724517,39.60632,-21.59516,-32.21967
24390.,7.732822,9.279633,8.191816,9.72384,39.60583,-21.5957,-32.2203
24400.,7.732142,9.278969,8.191151,9.723163,39.60533,-21.59625,-32.22092
24410.,7.731463,9.278305,8.190486,9.722487,39.60484,-21.59679,-32.22154
24420.,7.730784,9.277643,8.189822,9.721811,39.60434,-21.59732,-32.22216
24430.,7.730107,9.276983,8.18916,9.721136,39.60385,-21.59786,-32.22279
24440.,7.72943,9.276323,8.188498,9.720462,39.60336,-21.5984,-32.22341
24450.,7.728754,9.275665,8.187837,9.719789,39.60287,-21.59894,-32.22403
24460.,7.728079,9.275009,8.187178,9.719116,39.60237,-21.59948,-32.22465
24470.,7.727404,9.274353,8.186519,9.718445,39.60188,-21.60001,-32.22527
24480.,7.726731,9.273699,8.185862,9.717773,39.60139,-21.60055,-32.22589
24490.,7.726058,9.273046,8.185205,9.717103,39.6009,-21.60108,-32.22651
24500.,7.725386,9.272394,8.184549,9.716433,39.60041,-21.60162,-32.22712
24510.,7.724715,9.271744,8.183895,9.715764,39.59993,-21.60215,-32.22774
24520.,7.724044,9.271094,8.183241,9.715096,39.59944,-21.60268,-32.22836
24530.,7.723374,9.270446,8.182588,9.714428,39.59895,-21.60322,-32.22898
24540.,7.722705,9.2698,8.181937,9.713761,39.59846,-21.60375,-32.22959
24550.,7.722037,9.269154,8.181286,9.713095,39.59798,-21.60428,-32.23021
24560.,7.72137,9.26851,8.180636,9.71243,39.59749,-21.60481,-32.23082
24570.,7.720703,9.267867,8.179987,9.711765,39.59701,-21.60534,-32.23144
24580.,7.720037,9.267225,8.17934,9.711101,39.59652,-21.60587,-32.23205
24590.,7.719372,9.266584,8.178693,9.710437,39.59604,-21.6064,-32.23266
24600.,7.718708,9.265945,8.178047,9.709775,39.59556,-21.60692,-32.23328
24610.,7.718044,9.265307,8.177402,9.709113,39.59507,-21.60745,-32.23389
24620.,7.717381,9.26467,8.176758,9.708452,39.59459,-21.60798,-32.2345
24630.,7.716719,9.264034,8.176115,9.707791,39.59411,-21.60851,-32.23511
24640.,7.716058,9.263399,8.175474,9.707132,39.59363,-21.60903,-32.23573
24650.,7.715398,9.262766,8.174833,9.706473,39.59315,-21.60956,-32.23634
24660.,7.714738,9.262134,8.174193,9.705814,39.59267,-21.61008,-32.23695
24670.,7.714079,9.261502,8.173554,9.705157,39.59219,-21.6106,-32.23756
24680.,7.713421,9.260873,8.172915,9.7045,39.59171,-21.61113,-32.23817
24690.,7.712764,9.260244,8.172278,9.703844,39.59123,-21.61165,-32.23877
24700.,7.712108,9.259616,8.171642,9.703189,39.59076,-21.61217,-32.23938
24710.,7.711452,9.25899,8.171007,9.702534,39.59028,-21.61269,-32.23999
24720.,7.710797,9.258364,8.170373,9.70188,39.5898,-21.61321,-32.24072
24730.,7.710143,9.257739,8.169739,9.701227,39.58933,-21.61373,-32.24295
24740.,7.709489,9.257114,8.169105,9.700574,39.58885,-21.61425,-32.245
24750.,7.708837,9.25649,8.168472,9.699922,39.58838,-21.61477,-32.24705
24760.,7.708185,9.255865,8.167839,9.69927,39.58791,-21.61529,-32.24909
24770.,7.707534,9.255241,8.167207,9.698618,39.58743,-21.61581,-32.25114
24780.,7.706883,9.254617,8.166575,9.697967,39.58696,-21.61633,-32.25318
24790.,7.706234,9.253993,8.165944,9.697317,39.58649,-21.61685,-32.25523
24800.,7.705585,9.253369,8.165313,9.696666,39.58601,-21.61736,-32.25727
24810.,7.704937,9.252746,8.164682,9.696017,39.58554,-21.61788,-32.25932
24820.,7.704289,9.252122,8.164052,9.695367,39.58507,-21.61839,-32.26136
24830.,7.703643,9.251499,8.163422,9.694719,39.5846,-21.61891,-32.26341
24840.,7.702997,9.250877,8.162793,9.69407,39.58413,-21.61942,-32.26545
24850.,7.702352,9.250254,8.162164,9.693422,39.58366,-21.61994,-32.2675
24860.,7.701707,9.249632,8.161536,9.692775,39.58318,-21.62045,-32.26954
24870.,7.701064,9.24901,8.160908,9.692128,39.58271,-21.62096,-32.27158
24880.,7.700421,9.248388,8.16028,9.691481,39.58224,-21.62147,-32.27363
24890.,7.699779,9.247766,8.159653,9.690835,39.58177,-21.62198,-32.27567
24900.,7.699137,9.247145,8.159026,9.690189,39.5813,-21.62249,-32.27771
24910.,7.698497,9.246524,8.1584,9.689544,39.58084,-21.623,-32.27976
24920.,7.697857,9.245903,8.157774,9.688899,39.58037,-21.62351,-32.2818
24930.,7.697217,9.245282,8.157149,9.688255,39.5799,-21.62402,-32.28384
24940.,7.696579,9.244662,8.156524,9.687611,39.57943,-21.62453,-32.28588
24950.,7.695941,9.244042,8.155899,9.686968,39.57896,-21.62504,-32.28792
24960.,7.695304,9.243422,8.155275,9.686325,39.57849,-21.62555,-32.28996
24970.,7.694667,9.242803,8.154651,9.685682,39.57803,-21.62605,-32.292
24980.,7.694031,9.242183,8.154028,9.68504,39.57756,-21.62656,-32.29404
24990.,7.693396,9.241564,8.153405,9.684398,39.57709,-21.62706,-32.29608
25000.,7.692762,9.240945,8.152782,9.683757,39.57663,-21.62757,-32.29812
25010.,7.692128,9.240327,8.15216,9.683116,39.57616,-21.62807,-32.30016
25020.,7.691495,9.239708,8.151539,9.682476,39.57569,-21.62858,-32.3022
25030.,7.690863,9.23909,8.150918,9.681836,39.57523,-21.62908,-32.30424
25040.,7.690231,9.238473,8.150297,9.681196,39.57476,-21.62958,-32.30628
25050.,7.6896,9.237855,8.149676,9.680557,39.5743,-21.63009,-32.30832
25060.,7.68897,9.237238,8.149057,9.679919,39.57383,-21.63059,-32.31036
25070.,7.688341,9.236621,8.148437,9.679281,39.57337,-21.63109,-32.3124
25080.,7.687712,9.236004,8.147818,9.678643,39.57291,-21.63159,-32.31444
25090.,7.687083,9.235388,8.147199,9.678006,39.57244,-21.63209,-32.31647
25100.,7.686456,9.234772,8.146581,9.677369,39.57198,-21.63259,-32.31851
25110.,7.685829,9.234156,8.145963,9.676732,39.57152,-21.63309,-32.32055
25120.,7.685203,9.23354,8.145346,9.676097,39.57105,-21.63359,-32.32258
25130.,7.684577,9.232925,8.144729,9.675461,39.57059,-21.63408,-32.32462
25140.,7.683952,9.23231,8.144113,9.674826,39.57013,-21.63458,-32.32666
25150.,7.683328,9.231695,8.143496,9.674191,39.56967,-21.63508,-32.32869
25160.,7.682704,9.231081,8.142881,9.673557,39.56921,-21.63557,-32.33073
25170.,7.682081,9.230466,8.142265,9.672923,39.56875,-21.63607,-32.33277
25180.,7.681459,9.229853,8.141651,9.67229,39.56828,-21.63657,-32.3348
25190.,7.680837,9.229239,8.141036,9.671657,39.56782,-21.63706,-32.33684
25200.,7.680216,9.228626,8.140422,9.671025,39.56736,-21.63755,-32.33887
25210.,7.679596,9.228013,8.139809,9.670393,39.5669,-21.63805,-32.34091
25220.,7.678976,9.2274,8.139196,9.669761,39.56644,-21.63854,-32.34294
25230.,7.678357,9.226788,8.138583,9.66913,39.56599,-21.63903,-32.34334
25240.,7.677739,9.226177,8.137971,9.6685,39.56553,-21.63953,-32.34319
25250.,7.677121,9.225566,8.13736,9.667871,39.56507,-21.64002,-32.34298
25260.,7.676504,9.224957,8.136749,9.667243,39.56462,-21.64051,-32.34276
25270.,7.675887,9.224348,8.136139,9.666615,39.56417,-21.641,-32.34253
25280.,7.675272,9.223741,8.13553,9.665988,39.56371,-21.64149,-32.34231
25290.,7.674656,9.223134,8.134921,9.665363,39.56327,-21.64198,-32.34209
25300.,7.674042,9.222528,8.134313,9.664738,39.56282,-21.64246,-32.34186
25310.,7.673428,9.221923,8.133705,9.664114,39.56237,-21.64295,-32.34164
25320.,7.672815,9.221318,8.133099,9.663491,39.56193,-21.64344,-32.34141
25330.,7.672202,9.220715,8.132492,9.662869,39.56149,-21.64393,-32.34118
25340.,7.67159,9.220113,8.131887,9.662247,39.56104,-21.64441,-32.34096
25350.,7.670979,9.219511,8.131282,9.661627,39.56061,-21.6449,-32.34073
25360.,7.670369,9.21891,8.130678,9.661007,39.56017,-21.64539,-32.3405
25370.,7.669759,9.21831,8.130074,9.660389,39.55973,-21.64587,-32.34027
25380.,7.669149,9.217711,8.129471,9.659771,39.5593,-21.64635,-32.34004
25390.,7.668541,9.217113,8.128869,9.659154,39.55886,-21.64684,-32.33981
25400.,7.667933,9.216516,8.128267,9.658538,39.55843,-21.64732,-32.33958
25410.,7.667326,9.21592,8.127666,9.657923,39.558,-21.6478,-32.33935
25420.,7.666719,9.215324,8.127066,9.657309,39.55757,-21.64829,-32.33911
25430.,7.666114,9.21473,8.126466,9.656695,39.55715,-21.64877,-32.33888
25440.,7.665509,9.214136,8.125868,9.656083,39.55672,-21.64925,-32.33865
25450.,7.664904,9.213543,8.125269,9.655471,39.5563,-21.64973,-32.33841
25460.,7.6643,9.212951,8.124672,9.65486,39.55587,-21.65021,-32.33818
25470.,7.663697,9.21236,8.124075,9.654251,39.55545,-21.65069,-32.33794
25480.,7.663095,9.21177,8.123479,9.653642,39.55503,-21.65117,-32.33771
25490.,7.662494,9.21118,8.122883,9.653034,39.55461,-21.65165,-32.33747
25500.,7.661893,9.210592,8.122288,9.652427,39.5542,-21.65212,-32.33723
25510.,7.661292,9.210004,8.121694,9.65182,39.55378,-21.6526,-32.337
25520.,7.660693,9.209417,8.121101,9.651215,39.55337,-21.65308,-32.33676
25530.,7.660094,9.208831,8.120508,9.650611,39.55295,-21.65355,-32.33652
25540.,7.659496,9.208246,8.119916,9.650007,39.55254,-21.65403,-32.33628
25550.,7.658899,9.207662,8.119324,9.649404,39.55213,-21.65451,-32.33604
25560.,7.658302,9.207079,8.118734,9.648803,39.55172,-21.65498,-32.3358
25570.,7.657706,9.206496,8.118144,9.648202,39.55131,-21.65545,-32.33556
25580.,7.657111,9.205915,8.117554,9.647602,39.55091,-21.65593,-32.33531
25590.,7.656516,9.205334,8.116966,9.647003,39.5505,-21.6564,-32.33507
25600.,7.655922,9.204754,8.116378,9.646404,39.5501,-21.65687,-32.33483
25610.,7.655329,9.204175,8.115791,9.645807,39.5497,-21.65734,-32.33458
25620.,7.654737,9.203597,8.115204,9.645211,39.5493,-21.65781,-32.33434
25630.,7.654145,9.20302,8.114619,9.644615,39.5489,-21.65828,-32.33409
25640.,7.653554,9.202444,8.114033,9.64402,39.5485,-21.65875,-32.33385
25650.,7.652964,9.201868,8.113449,9.643427,39.5481,-21.65922,-32.3336
25660.,7.652375,9.201294,8.112866,9.642834,39.5477,-21.65969,-32.33335
25670.,7.651786,9.20072,8.112283,9.642242,39.54731,-21.66016,-32.33311
25680.,7.651198,9.200147,8.1117,9.64165,39.54691,-21.66063,-32.33286
25690.,7.650611,9.199575,8.111119,9.64106,39.54652,-21.66109,-32.33261
25700.,7.650024,9.199004,8.110538,9.640471,39.54613,-21.66156,-32.33236
25710.,7.649438,9.198434,8.109958,9.639882,39.54574,-21.66203,-32.33211
25720.,7.648853,9.197864,8.109379,9.639295,39.54535,-21.66249,-32.33186
25730.,7.648269,9.197296,8.1088,9.638708,39.54496,-21.66296,-32.33167
25740.,7.647685,9.196727,8.108222,9.638122,39.54458,-21.66342,-32.33171
25750.,7.647103,9.196157,8.107644,9.637537,39.54419,-21.66388,-32.33177
25760.,7.64652,9.195588,8.107066,9.636953,39.5438,-21.66435,-32.33184
25770.,7.645939,9.195018,8.106488,9.636369,39.54341,-21.66481,-32.33191
25780.,7.645358,9.194448,8.105911,9.635787,39.54302,-21.66527,-32.33197
25790.,7.644778,9.193877,8.105334,9.635205,39.54263,-21.66573,-32.33204
25800.,7.644199,9.193307,8.104757,9.634624,39.54225,-21.66619,-32.3321
25810.,7.64362,9.192736,8.104181,9.634044,39.54186,-21.66665,-32.33217
25820.,7.643042,9.192165,8.103605,9.633464,39.54147,-21.66711,-32.33223
25830.,7.642465,9.191594,8.103029,9.632885,39.54108,-21.66757,-32.33229
25840.,7.641889,9.191022,8.102453,9.632307,39.54069,-21.66803,-32.33236
25850.,7.641313,9.19045,8.101878,9.63173,39.5403,-21.66849,-32.33242
25860.,7.640738,9.189878,8.101303,9.631154,39.53992,-21.66894,-32.33248
25870.,7.640163,9.189306,8.100728,9.630578,39.53953,-21.6694,-32.33254
25880.,7.63959,9.188734,8.100154,9.630003,39.53914,-21.66985,-32.3326
25890.,7.639016,9.188161,8.09958,9.629429,39.53875,-21.67031,-32.33266
25900.,7.638444,9.187589,8.099006,9.628855,39.53836,-21.67077,-32.33272
25910.,7.637872,9.187016,8.098432,9.628283,39.53798,-21.67122,-32.33278
25920.,7.637301,9.186442,8.097859,9.627711,39.53759,-21.67167,-32.33284
25930.,7.636731,9.185869,8.097286,9.627139,39.5372,-21.67213,-32.3329
25940.,7.636161,9.185296,8.096713,9.626569,39.53681,-21.67258,-32.33296
25950.,7.635592,9.184722,8.096141,9.625999,39.53642,-21.67303,-32.33301
25960.,7.635023,9.184148,8.095569,9.62543,39.53604,-21.67348,-32.33307
25970.,7.634455,9.183574,8.094997,9.624861,39.53565,-21.67394,-32.33313
25980.,7.633888,9.183,8.094426,9.624294,39.53526,-21.67439,-32.33318
25990.,7.633321,9.182426,8.093854,9.623727,39.53487,-21.67484,-32.33324
26000.,7.632756,9.181852,8.093283,9.62316,39.53448,-21.67529,-32.33329
26010.,7.63219,9.181277,8.092713,9.622595,39.5341,-21.67574,-32.33335
26020.,7.631625,9.180703,8.092142,9.62203,39.53371,-21.67618,-32.3334
26030.,7.631061,9.180128,8.091572,9.621466,39.53332,-21.67663,-32.33345
26040.,7.630498,9.179553,8.091002,9.620902,39.53293,-21.67708,-32.3335
26050.,7.629935,9.178978,8.090433,9.620339,39.53255,-21.67753,-32.33356
26060.,7.629373,9.178403,8.089863,9.619777,39.53216,-21.67798,-32.33361
26070.,7.628811,9.177828,8.089294,9.619215,39.53177,-21.67842,-32.33366
26080.,7.62825,9.177253,8.088726,9.618654,39.53138,-21.67887,-32.33371
26090.,7.62769,9.176677,8.088157,9.618094,39.531,-21.67931,-32.33376
26100.,7.62713,9.176102,8.087589,9.617535,39.53061,-21.67976,-32.33381
26110.,7.626571,9.175526,8.087021,9.616976,39.53022,-21.6802,-32.33386
26120.,7.626012,9.17495,8.086454,9.616417,39.52983,-21.68065,-32.33391
26130.,7.625454,9.174375,8.085887,9.61586,39.52945,-21.68109,-32.33396
26140.,7.624896,9.173799,8.08532,9.615303,39.52906,-21.68153,-32.33401
26150.,7.62434,9.173223,8.084753,9.614746,39.52867,-21.68198,-32.33405
26160.,7.623783,9.172647,8.084187,9.614191,39.52829,-21.68242,-32.3341
26170.,7.623228,9.172071,8.08362,9.613636,39.5279,-21.68286,-32.33415
26180.,7.622672,9.171495,8.083055,9.613081,39.52751,-21.6833,-32.33419
26190.,7.622118,9.170919,8.082489,9.612527,39.52713,-21.68374,-32.33424
26200.,7.621564,9.170343,8.081924,9.611974,39.52674,-21.68418,-32.33429
26210.,7.62101,9.169766,8.081359,9.611422,39.52635,-21.68462,-32.33433
26220.,7.620457,9.16919,8.080794,9.61087,39.52597,-21.68506,-32.33438
26230.,7.619905,9.168614,8.08023,9.610318,39.52558,-21.6855,-32.33442
26240.,7.619353,9.168038,8.079666,9.609767,39.5252,-21.68594,-32.3346
26250.,7.618802,9.167464,8.079103,9.609217,39.52481,-21.68638,-32.33484
26260.,7.618252,9.16689,8.078539,9.608668,39.52443,-21.68682,-32.33509
26270.,7.617701,9.166318,8.077977,9.608118,39.52405,-21.68726,-32.33533
26280.,7.617152,9.165746,8.077415,9.60757,39.52366,-21.68769,-32.33557
26290.,7.616603,9.165176,8.076853,9.607022,39.52328,-21.68813,-32.33581
26300.,7.616055,9.164607,8.076291,9.606475,39.5229,-21.68857,-32.33606
26310.,7.615507,9.164039,8.075731,9.605928,39.52252,-21.689,-32.3363
26320.,7.61496,9.163472,8.07517,9.605382,39.52215,-21.68944,-32.33654
26330.,7.614413,9.162905,8.07461,9.604836,39.52177,-21.68987,-32.33678
26340.,7.613867,9.16234,8.07405,9.604291,39.52139,-21.69031,-32.33702
26350.,7.613321,9.161776,8.073491,9.603747,39.52101,-21.69074,-32.33726
26360.,7.612776,9.161213,8.072933,9.603203,39.52064,-21.69117,-32.3375
26370.,7.612232,9.160651,8.072374,9.60266,39.52027,-21.69161,-32.33774
26380.,7.611688,9.16009,8.071817,9.602117,39.51989,-21.69204,-32.33798
26390.,7.611145,9.15953,8.071259,9.601575,39.51952,-21.69247,-32.33822
26400.,7.610602,9.158971,8.070703,9.601033,39.51915,-21.6929,-32.33846
26410.,7.61006,9.158412,8.070146,9.600492,39.51878,-21.69333,-32.3387
26420.,7.609518,9.157855,8.06959,9.599952,39.51841,-21.69377,-32.33894
26430.,7.608978,9.157299,8.069035,9.599412,39.51804,-21.6942,-32.33917
26440.,7.608437,9.156744,8.06848,9.598873,39.51767,-21.69463,-32.33941
26450.,7.607897,9.15619,8.067925,9.598334,39.5173,-21.69506,-32.33965
26460.,7.607358,9.155637,8.067371,9.597796,39.51693,-21.69548,-32.33988
26470.,7.60682,9.155084,8.066818,9.597259,39.51657,-21.69591,-32.34012
26480.,7.606281,9.154533,8.066265,9.596722,39.5162,-21.69634,-32.34035
26490.,7.605744,9.153983,8.065712,9.596186,39.51584,-21.69677,-32.34059
26500.,7.605207,9.153434,8.06516,9.59565,39.51547,-21.6972,-32.34082
26510.,7.604671,9.152885,8.064609,9.595115,39.51511,-21.69762,-32.34106
26520.,7.604135,9.152338,8.064057,9.594581,39.51475,-21.69805,-32.34129
26530.,7.6036,9.151791,8.063507,9.594047,39.51439,-21.69847,-32.34152
26540.,7.603065,9.151246,8.062957,9.593514,39.51403,-21.6989,-32.34176
26550.,7.602531,9.150701,8.062407,9.592981,39.51367,-21.69933,-32.34199
26560.,7.601998,9.150157,8.061858,9.592449,39.51331,-21.69975,-32.34222
26570.,7.601465,9.149615,8.061309,9.591917,39.51295,-21.70017,-32.34245
26580.,7.600933,9.149073,8.060761,9.591386,39.51259,-21.7006,-32.34268
26590.,7.600401,9.148532,8.060213,9.590856,39.51223,-21.70102,-32.34291
26600.,7.59987,9.147992,8.059666,9.590326,39.51188,-21.70144,-32.34314
26610.,7.59934,9.147453,8.059119,9.589797,39.51152,-21.70186,-32.34337
26620.,7.59881,9.146915,8.058573,9.589269,39.51117,-21.70229,-32.3436
26630.,7.598281,9.146378,8.058027,9.588741,39.51081,-21.70271,-32.34383
26640.,7.597752,9.145842,8.057482,9.588214,39.51046,-21.70313,-32.34406
26650.,7.597224,9.145306,8.056937,9.587687,39.5101,-21.70355,-32.34429
26660.,7.596697,9.144772,8.056393,9.587161,39.50975,-21.70397,-32.34452
26670.,7.59617,9.144238,8.05585,9.586635,39.5094,-21.70439,-32.34474
26680.,7.595643,9.143706,8.055306,9.58611,39.50905,-21.70481,-32.34497
26690.,7.595118,9.143174,8.054764,9.585586,39.5087,-21.70522,-32.3452
26700.,7.594593,9.142643,8.054222,9.585062,39.50835,-21.70564,-32.34542
26710.,7.594068,9.142113,8.05368,9.584539,39.508,-21.70606,-32.34565
26720.,7.593544,9.141584,8.053139,9.584017,39.50765,-21.70648,-32.34587
26730.,7.593021,9.141056,8.052598,9.583495,39.50731,-21.70689,-32.3461
26740.,7.592498,9.140529,8.052058,9.582973,39.50696,-21.70731,-32.34649
26750.,7.591976,9.140004,8.05152,9.582453,39.50661,-21.70772,-32.34721
26760.,7.591454,9.13948,8.050982,9.581932,39.50627,-21.70814,-32.34796
26770.,7.590933,9.138958,8.050446,9.581413,39.50592,-21.70855,-32.34872
26780.,7.590413,9.138437,8.049911,9.580893,39.50558,-21.70897,-32.34948
26790.,7.589893,9.137918,8.049377,9.580375,39.50523,-21.70938,-32.35024
26800.,7.589374,9.137401,8.048844,9.579856,39.50489,-21.70979,-32.351
26810.,7.588856,9.136885,8.048312,9.579339,39.50455,-21.71021,-32.35176
26820.,7.588338,9.13637,8.047782,9.578821,39.5042,-21.71062,-32.35252
26830.,7.58782,9.135857,8.047252,9.578305,39.50386,-21.71103,-32.35327
26840.,7.587304,9.135346,8.046724,9.577788,39.50352,-21.71144,-32.35403
26850.,7.586788,9.134836,8.046197,9.577273,39.50318,-21.71185,-32.35479
26860.,7.586272,9.134328,8.045671,9.576758,39.50283,-21.71226,-32.35554
26870.,7.585757,9.133821,8.045147,9.576243,39.50249,-21.71267,-32.3563
26880.,7.585243,9.133316,8.044623,9.575729,39.50215,-21.71308,-32.35706
26890.,7.584729,9.132812,8.044101,9.575216,39.50181,-21.71349,-32.35781
26900.,7.584216,9.13231,8.043579,9.574703,39.50147,-21.7139,-32.35857
26910.,7.583704,9.131809,8.043059,9.57419,39.50113,-21.71431,-32.35932
26920.,7.583192,9.13131,8.04254,9.573678,39.5008,-21.71471,-32.36007
26930.,7.582681,9.130812,8.042022,9.573167,39.50046,-21.71512,-32.36083
26940.,7.582171,9.130316,8.041505,9.572656,39.50012,-21.71553,-32.36158
26950.,7.581661,9.129821,8.040989,9.572146,39.49978,-21.71593,-32.36233
26960.,7.581151,9.129327,8.040475,9.571636,39.49945,-21.71634,-32.36309
26970.,7.580643,9.128835,8.039961,9.571127,39.49911,-21.71674,-32.36384
26980.,7.580135,9.128344,8.039449,9.570619,39.49878,-21.71714,-32.36459
26990.,7.579628,9.127855,8.038937,9.570111,39.49844,-21.71755,-32.36534
27000.,7.579121,9.127367,8.038427,9.569603,39.49811,-21.71795,-32.36609
27010.,7.578615,9.126881,8.037918,9.569096,39.49777,-21.71835,-32.36685
27020.,7.578109,9.126396,8.03741,9.56859,39.49744,-21.71876,-32.3676
27030.,7.577605,9.125912,8.036903,9.568084,39.49711,-21.71916,-32.36835
27040.,7.577101,9.12543,8.036397,9.567579,39.49677,-21.71956,-32.3691
27050.,7.576597,9.124949,8.035892,9.567074,39.49644,-21.71996,-32.36984
27060.,7.576094,9.12447,8.035388,9.56657,39.49611,-21.72036,-32.37059
27070.,7.575592,9.123991,8.034886,9.566067,39.49578,-21.72076,-32.37134
27080.,7.57509,9.123515,8.034384,9.565564,39.49545,-21.72116,-32.37209
27090.,7.57459,9.123039,8.033884,9.565062,39.49512,-21.72155,-32.37284
27100.,7.574089,9.122565,8.033384,9.56456,39.49479,-21.72195,-32.37358
27110.,7.57359,9.122092,8.032886,9.564059,39.49446,-21.72235,-32.37433
27120.,7.573091,9.121621,8.032388,9.563558,39.49413,-21.72275,-32.37508
27130.,7.572592,9.121151,8.031892,9.563058,39.4938,-21.72314,-32.37582
27140.,7.572095,9.120682,8.031397,9.562559,39.49347,-21.72354,-32.37657
27150.,7.571598,9.120215,8.030902,9.56206,39.49315,-21.72393,-32.37731
27160.,7.571102,9.119748,8.030409,9.561562,39.49282,-21.72433,-32.37806
27170.,7.570606,9.119284,8.029917,9.561065,39.49249,-21.72472,-32.3788
27180.,7.570111,9.11882,8.029426,9.560568,39.49217,-21.72511,-32.37955
27190.,7.569617,9.118358,8.028936,9.560071,39.49184,-21.72551,-32.38029
27200.,7.569123,9.117897,8.028446,9.559575,39.49152,-21.7259,-32.38103
27210.,7.56863,9.117437,8.027958,9.55908,39.49119,-21.72629,-32.38178
27220.,7.568137,9.116979,8.027471,9.558586,39.49087,-21.72668,-32.38252
27230.,7.567646,9.116521,8.026985,9.558092,39.49054,-21.72707,-32.38326
27240.,7.567155,9.116066,8.0265,9.557598,39.49022,-21.72746,-32.384
27250.,7.566664,9.11561,8.026016,9.557106,39.4899,-21.72785,-32.38266
27260.,7.566174,9.115154,8.025532,9.556614,39.48958,-21.72824,-32.38095
27270.,7.565685,9.114697,8.025049,9.556124,39.48925,-21.72863,-32.37923
27280.,7.565197,9.114241,8.024567,9.555635,39.48893,-21.72902,-32.37751
27290.,7.564709,9.113785,8.024085,9.555146,39.48861,-21.72941,-32.37579
27300.,7.564222,9.113328,8.023604,9.554659,39.48828,-21.7298,-32.37408
27310.,7.563735,9.112872,8.023123,9.554173,39.48796,-21.73018,-32.37236
27320.,7.56325,9.112415,8.022643,9.553688,39.48764,-21.73057,-32.37064
27330.,7.562764,9.111959,8.022164,9.553204,39.48731,-21.73096,-32.36892
27340.,7.56228,9.111502,8.021685,9.55272,39.48699,-21.73134,-32.3672
27350.,7.561796,9.111045,8.021207,9.552238,39.48666,-21.73173,-32.36547
27360.,7.561313,9.110588,8.020729,9.551757,39.48634,-21.73211,-32.36375
27370.,7.56083,9.110131,8.020252,9.551277,39.48601,-21.7325,-32.36203
27380.,7.560348,9.109674,8.019776,9.550798,39.48568,-21.73288,-32.3603
27390.,7.559866,9.109217,8.0193,9.55032,39.48536,-21.73326,-32.35858
27400.,7.559386,9.10876,8.018825,9.549843,39.48503,-21.73364,-32.35686
27410.,7.558905,9.108303,8.018351,9.549367,39.48471,-21.73403,-32.35513
27420.,7.558426,9.107845,8.017877,9.548891,39.48438,-21.73441,-32.3534
27430.,7.557947,9.107388,8.017403,9.548417,39.48405,-21.73479,-32.35168
27440.,7.557468,9.106931,8.016931,9.547944,39.48373,-21.73517,-32.34995
27450.,7.556991,9.106473,8.016459,9.547471,39.4834,-21.73555,-32.34822
27460.,7.556513,9.106016,8.015987,9.547,39.48307,-21.73593,-32.34649
27470.,7.556037,9.105559,8.015516,9.54653,39.48274,-21.73631,-32.34476
27480.,7.555561,9.105101,8.015046,9.54606,39.48242,-21.73668,-32.34303
27490.,7.555086,9.104644,8.014576,9.545591,39.48209,-21.73706,-32.3413
27500.,7.554611,9.104186,8.014107,9.545124,39.48176,-21.73744,-32.33957
27510.,7.554137,9.103729,8.013638,9.544657,39.48143,-21.73782,-32.33784
27520.,7.553663,9.103271,8.01317,9.544191,39.4811,-21.73819,-32.33611
27530.,7.55319,9.102814,8.012702,9.543726,39.48078,-21.73857,-32.33437
27540.,7.552718,9.102357,8.012235,9.543262,39.48045,-21.73894,-32.33264
27550.,7.552246,9.101899,8.011769,9.542799,39.48012,-21.73932,-32.33091
27560.,7.551774,9.101442,8.011303,9.542337,39.47979,-21.73969,-32.32917
27570.,7.551304,9.100984,8.010838,9.541875,39.47946,-21.74007,-32.32743
27580.,7.550834,9.100527,8.010373,9.541415,39.47913,-21.74044,-32.3257
27590.,7.550364,9.10007,8.009909,9.540955,39.4788,-21.74082,-32.32396
27600.,7.549895,9.099612,8.009445,9.540496,39.47847,-21.74119,-32.32223
27610.,7.549427,9.099155,8.008982,9.540038,39.47815,-21.74156,-32.32049
27620.,7.548959,9.098698,8.008519,9.539581,39.47782,-21.74193,-32.31875
27630.,7.548492,9.098241,8.008057,9.539125,39.47749,-21.7423,-32.31701
27640.,7.548025,9.097784,8.007596,9.538669,39.47716,-21.74267,-32.31527
27650.,7.547559,9.097326,8.007135,9.538215,39.47683,-21.74304,-32.31353
27660.,7.547093,9.096869,8.006675,9.537761,39.4765,-21.74341,-32.31179
27670.,7.546628,9.096412,8.006215,9.537308,39.47617,-21.74378,-32.31005
27680.,7.546164,9.095955,8.005756,9.536856,39.47584,-21.74415,-32.30831
27690.,7.5457,9.095498,8.005297,9.536404,39.47551,-21.74452,-32.30657
27700.,7.545236,9.095042,8.004839,9.535954,39.47518,-21.74489,-32.30483
27710.,7.544774,9.094585,8.004381,9.535504,39.47485,-21.74526,-32.30308
27720.,7.544311,9.094128,8.003924,9.535055,39.47452,-21.74563,-32.30134
27730.,7.54385,9.093671,8.003467,9.534607,39.47419,-21.74599,-32.29959
27740.,7.543388,9.093215,8.003011,9.53416,39.47386,-21.74636,-32.29785
27750.,7.542928,9.092759,8.002556,9.533713,39.47353,-21.74672,-32.29791
27760.,7.542468,9.092303,8.0021,9.533267,39.4732,-21.74709,-32.30017
27770.,7.542008,9.091848,8.001646,9.53282,39.47287,-21.74746,-32.30235
27780.,7.541549,9.091394,8.001192,9.532374,39.47254,-21.74782,-32.30454
27790.,7.54109,9.09094,8.000738,9.531927,39.47221,-21.74818,-32.30672
27800.,7.540632,9.090487,8.000285,9.531481,39.47188,-21.74855,-32.30891
27810.,7.540175,9.090034,7.999833,9.531035,39.47155,-21.74891,-32.31109
27820.,7.539718,9.089582,7.999381,9.530589,39.47122,-21.74928,-32.31328
27830.,7.539262,9.08913,7.998929,9.530142,39.47089,-21.74964,-32.31546
27840.,7.538806,9.08868,7.998478,9.529696,39.47056,-21.75,-32.31765
27850.,7.53835,9.088229,7.998027,9.52925,39.47023,-21.75036,-32.31984
27860.,7.537895,9.08778,7.997577,9.528804,39.4699,-21.75072,-32.32202
27870.,7.537441,9.087331,7.997128,9.528358,39.46957,-21.75108,-32.32421
27880.,7.536987,9.086882,7.996678,9.527912,39.46924,-21.75145,-32.32639
27890.,7.536534,9.086434,7.99623,9.527466,39.46891,-21.75181,-32.32858
27900.,7.536081,9.085987,7.995782,9.52702,39.46858,-21.75217,-32.33076
27910.,7.535629,9.08554,7.995334,9.526574,39.46825,-21.75253,-32.33295
27920.,7.535177,9.085094,7.994887,9.526128,39.46792,-21.75288,-32.33514
27930.,7.534725,9.084648,7.99444,9.525683,39.46759,-21.75324,-32.33732
27940.,7.534275,9.084203,7.993994,9.525237,39.46726,-21.7536,-32.33951
27950.,7.533824,9.083758,7.993548,9.524791,39.46693,-21.75396,-32.34169
27960.,7.533374,9.083314,7.993103,9.524346,39.4666,-21.75432,-32.34388
27970.,7.532925,9.082871,7.992658,9.5239,39.46627,-21.75467,-32.34607
27980.,7.532476,9.082428,7.992213,9.523455,39.46594,-21.75503,-32.34825
27990.,7.532028,9.081986,7.991769,9.52301,39.46562,-21.75539,-32.35044
28000.,7.53158,9.081544,7.991326,9.522565,39.46529,-21.75574,-32.35262
28010.,7.531133,9.081102,7.990883,9.52212,39.46496,-21.7561,-32.35481
28020.,7.530686,9.080662,7.99044,9.521675,39.46463,-21.75645,-32.35699
28030.,7.530239,9.080222,7.989998,9.52123,39.4643,-21.75681,-32.35918
28040.,7.529793,9.079782,7.989557,9.520785,39.46397,-21.75716,-32.36137
28050.,7.529348,9.079343,7.989116,9.52034,39.46364,-21.75752,-32.36355
28060.,7.528903,9.078904,7.988675,9.519895,39.46331,-21.75787,-32.36574
28070.,7.528458,9.078466,7.988235,9.519451,39.46298,-21.75822,-32.36792
28080.,7.528014,9.078028,7.987795,9.519006,39.46265,-21.75858,-32.37011
28090.,7.527571,9.077591,7.987355,9.518562,39.46232,-21.75893,-32.37229
28100.,7.527128,9.077155,7.986916,9.518118,39.46199,-21.75928,-32.37448
28110.,7.526685,9.076719,7.986478,9.517674,39.46166,-21.75963,-32.37667
28120.,7.526243,9.076283,7.98604,9.51723,39.46133,-21.75999,-32.37885
28130.,7.525801,9.075848,7.985602,9.516786,39.46101,-21.76034,-32.38104
28140.,7.52536,9.075414,7.985165,9.516342,39.46068,-21.76069,-32.38322
28150.,7.524919,9.07498,7.984729,9.515898,39.46035,-21.76104,-32.38541
28160.,7.524479,9.074546,7.984292,9.515455,39.46002,-21.76139,-32.38759
28170.,7.524039,9.074113,7.983857,9.515011,39.45969,-21.76174,-32.38978
28180.,7.523599,9.073681,7.983421,9.514568,39.45936,-21.76209,-32.39197
28190.,7.52316,9.073249,7.982986,9.514125,39.45903,-21.76244,-32.39415
28200.,7.522722,9.072818,7.982552,9.513682,39.45871,-21.76279,-32.39634
28210.,7.522284,9.072387,7.982118,9.513239,39.45838,-21.76313,-32.39852
28220.,7.521846,9.071956,7.981684,9.512796,39.45805,-21.76348,-32.40071
28230.,7.521409,9.071526,7.981251,9.512353,39.45772,-21.76383,-32.40289
28240.,7.520972,9.071097,7.980818,9.511911,39.45739,-21.76418,-32.40508
28250.,7.520536,9.070668,7.980386,9.511468,39.45706,-21.76452,-32.40717
28260.,7.5201,9.070239,7.979953,9.511026,39.45674,-21.76487,-32.40691
28270.,7.519665,9.069811,7.97952,9.510585,39.45641,-21.76522,-32.40669
28280.,7.51923,9.069383,7.979088,9.510144,39.45609,-21.76556,-32.40647
28290.,7.518795,9.068955,7.978655,9.509704,39.45576,-21.76591,-32.40624
28300.,7.518361,9.068528,7.978222,9.509264,39.45544,-21.76625,-32.40602
28310.,7.517928,9.068101,7.977788,9.508825,39.45512,-21.7666,-32.40579
28320.,7.517495,9.067674,7.977355,9.508386,39.4548,-21.76694,-32.40557
28330.,7.517062,9.067248,7.976922,9.507949,39.45448,-21.76728,-32.40535
28340.,7.51663,9.066823,7.976488,9.507511,39.45416,-21.76763,-32.40512
28350.,7.516198,9.066397,7.976054,9.507075,39.45385,-21.76797,-32.40489
28360.,7.515767,9.065972,7.975621,9.506639,39.45353,-21.76831,-32.40467
28370.,7.515336,9.065547,7.975187,9.506203,39.45322,-21.76865,-32.40444
28380.,7.514905,9.065123,7.974753,9.505768,39.45291,-21.769,-32.40421
28390.,7.514475,9.064699,7.974319,9.505334,39.4526,-21.76934,-32.40399
28400.,7.514046,9.064275,7.973885,9.5049,39.45228,-21.76968,-32.40376
28410.,7.513617,9.063852,7.973451,9.504467,39.45198,-21.77002,-32.40353
28420.,7.513188,9.063429,7.973017,9.504035,39.45167,-21.77036,-32.4033
28430.,7.51276,9.063007,7.972582,9.503603,39.45136,-21.7707,-32.40307
28440.,7.512332,9.062585,7.972148,9.503172,39.45105,-21.77104,-32.40284
28450.,7.511905,9.062163,7.971714,9.502741,39.45075,-21.77138,-32.40261
28460.,7.511478,9.061742,7.97128,9.502311,39.45044,-21.77172,-32.40238
28470.,7.511052,9.061321,7.970845,9.501881,39.45014,-21.77206,-32.40215
28480.,7.510626,9.0609,7.970411,9.501452,39.44984,-21.7724,-32.40192
28490.,7.5102,9.06048,7.969977,9.501024,39.44954,-21.77273,-32.40169
28500.,7.509776,9.06006,7.969542,9.500596,39.44924,-21.77307,-32.40146
28510.,7.509351,9.059641,7.969108,9.500169,39.44894,-21.77341,-32.40123
28520.,7.508927,9.059222,7.968673,9.499742,39.44864,-21.77375,-32.40099
28530.,7.508503,9.058803,7.968239,9.499316,39.44835,-21.77408,-32.40076
28540.,7.50808,9.058385,7.967805,9.498891,39.44805,-21.77442,-32.40053
28550.,7.507657,9.057967,7.96737,9.498466,39.44775,-21.77476,-32.40029
28560.,7.507235,9.057549,7.966936,9.498042,39.44746,-21.77509,-32.40006
28570.,7.506813,9.057132,7.966501,9.497618,39.44717,-21.77543,-32.39982
28580.,7.506392,9.056715,7.966067,9.497195,39.44688,-21.77576,-32.39959
28590.,7.505971,9.056299,7.965633,9.496772,39.44658,-21.7761,-32.39935
28600.,7.505551,9.055883,7.965199,9.49635,39.44629,-21.77643,-32.39912
28610.,7.505131,9.055468,7.964765,9.495929,39.446,-21.77676,-32.39888
28620.,7.504711,9.055052,7.96433,9.495508,39.44572,-21.7771,-32.39864
28630.,7.504292,9.054638,7.963896,9.495088,39.44543,-21.77743,-32.39841
28640.,7.503874,9.054223,7.963462,9.494668,39.44514,-21.77776,-32.39817
28650.,7.503456,9.053809,7.963028,9.494249,39.44486,-21.7781,-32.39793
28660.,7.503038,9.053396,7.962594,9.49383,39.44457,-21.77843,-32.39769
28670.,7.502621,9.052983,7.962161,9.493413,39.44429,-21.77876,-32.39745
28680.,7.502204,9.05257,7.961727,9.492995,39.444,-21.77909,-32.39721
28690.,7.501788,9.052157,7.961293,9.492578,39.44372,-21.77942,-32.39697
28700.,7.501372,9.051745,7.96086,9.492162,39.44344,-21.77975,-32.39673
28710.,7.500957,9.051334,7.960426,9.491746,39.44316,-21.78008,-32.39649
28720.,7.500542,9.050923,7.959993,9.491331,39.44288,-21.78041,-32.39625
28730.,7.500128,9.050512,7.959559,9.490917,39.4426,-21.78074,-32.39601
28740.,7.499714,9.050102,7.959126,9.490503,39.44232,-21.78107,-32.39577
28750.,7.4993,9.049692,7.958693,9.490089,39.44205,-21.7814,-32.39553
28760.,7.498887,9.049282,7.958261,9.489676,39.44177,-21.78173,-32.3957
28770.,7.498475,9.048874,7.95783,9.489264,39.44149,-21.78206,-32.39619
28780.,7.498063,9.048467,7.957401,9.488852,39.44122,-21.78238,-32.39672
28790.,7.497651,9.048061,7.956972,9.48844,39.44094,-21.78271,-32.39725
28800.,7.49724,9.047655,7.956545,9.488029,39.44066,-21.78304,-32.39778
28810.,7.496829,9.047251,7.95612,9.487618,39.44039,-21.78336,-32.39831
28820.,7.496419,9.046847,7.955696,9.487208,39.44011,-21.78369,-32.39884
28830.,7.496009,9.046445,7.955273,9.486798,39.43984,-21.78402,-32.39937
28840.,7.4956,9.046043,7.954851,9.486388,39.43956,-21.78434,-32.3999
28850.,7.495191,9.045643,7.954431,9.485979,39.43929,-21.78467,-32.40043
28860.,7.494783,9.045243,7.954011,9.48557,39.43901,-21.78499,-32.40096
28870.,7.494375,9.044845,7.953594,9.485162,39.43874,-21.78531,-32.40149
28880.,7.493968,9.044447,7.953177,9.484754,39.43847,-21.78564,-32.40202
28890.,7.493561,9.04405,7.952762,9.484347,39.43819,-21.78596,-32.40255
28900.,7.493154,9.043654,7.952348,9.48394,39.43792,-21.78628,-32.40308
28910.,7.492748,9.043259,7.951935,9.483533,39.43765,-21.78661,-32.4036
28920.,7.492343,9.042865,7.951523,9.483127,39.43737,-21.78693,-32.40413
28930.,7.491938,9.042472,7.951113,9.482722,39.4371,-21.78725,-32.40466
28940.,7.491534,9.04208,7.950704,9.482317,39.43683,-21.78757,-32.40519
28950.,7.49113,9.041688,7.950296,9.481912,39.43656,-21.78789,-32.40571
28960.,7.490726,9.041298,7.949889,9.481508,39.43629,-21.78821,-32.40624
28970.,7.490323,9.040908,7.949484,9.481104,39.43601,-21.78854,-32.40676
28980.,7.489921,9.04052,7.949079,9.4807,39.43574,-21.78886,-32.40729
28990.,7.489519,9.040132,7.948676,9.480297,39.43547,-21.78917,-32.40782
29000.,7.489117,9.039745,7.948275,9.479895,39.4352,-21.78949,-32.40834
29010.,7.488716,9.039359,7.947874,9.479493,39.43493,-21.78981,-32.40887
29020.,7.488316,9.038974,7.947474,9.479091,39.43466,-21.79013,-32.40939
29030.,7.487916,9.03859,7.947076,9.47869,39.43439,-21.79045,-32.40991
29040.,7.487516,9.038207,7.946679,9.47829,39.43412,-21.79077,-32.41044
29050.,7.487117,9.037824,7.946283,9.477889,39.43386,-21.79108,-32.41096
29060.,7.486719,9.037443,7.945888,9.47749,39.43359,-21.7914,-32.41148
29070.,7.486321,9.037062,7.945494,9.47709,39.43332,-21.79172,-32.41201
29080.,7.485923,9.036683,7.945101,9.476692,39.43305,-21.79203,-32.41253
29090.,7.485526,9.036304,7.94471,9.476293,39.43278,-21.79235,-32.41305
29100.,7.48513,9.035926,7.944319,9.475896,39.43252,-21.79266,-32.41357
29110.,7.484734,9.035548,7.94393,9.475498,39.43225,-21.79298,-32.41409
29120.,7.484338,9.035172,7.943542,9.475101,39.43198,-21.79329,-32.41462
29130.,7.483944,9.034797,7.943155,9.474705,39.43172,-21.79361,-32.41514
29140.,7.483549,9.034422,7.942769,9.474309,39.43145,-21.79392,-32.41566
29150.,7.483155,9.034048,7.942384,9.473913,39.43118,-21.79423,-32.41618
29160.,7.482762,9.033675,7.942001,9.473518,39.43092,-21.79454,-32.4167
29170.,7.482369,9.033303,7.941618,9.473124,39.43065,-21.79486,-32.41722
29180.,7.481976,9.032932,7.941236,9.47273,39.43039,-21.79517,-32.41774
29190.,7.481585,9.032562,7.940856,9.472336,39.43013,-21.79548,-32.41825
29200.,7.481193,9.032192,7.940476,9.471943,39.42986,-21.79579,-32.41877
29210.,7.480802,9.031823,7.940098,9.47155,39.4296,-21.7961,-32.41929
29220.,7.480412,9.031455,7.939721,9.471158,39.42933,-21.79641,-32.41981
29230.,7.480022,9.031088,7.939345,9.470767,39.42907,-21.79672,-32.42033
29240.,7.479633,9.030722,7.938969,9.470375,39.42881,-21.79703,-32.42084
29250.,7.479244,9.030357,7.938595,9.469985,39.42855,-21.79734,-32.42136
29260.,7.478856,9.029992,7.938222,9.469594,39.42828,-21.79765,-32.42192
29270.,7.478468,9.029627,7.93785,9.469205,39.42802,-21.79796,-32.42272
29280.,7.478081,9.029263,7.937477,9.468815,39.42776,-21.79826,-32.42354
29290.,7.477694,9.028899,7.937106,9.468426,39.4275,-21.79857,-32.42437
29300.,7.477308,9.028535,7.936735,9.468038,39.42724,-21.79888,-32.4252
29310.,7.476922,9.028172,7.936364,9.46765,39.42698,-21.79918,-32.42602
29320.,7.476537,9.027809,7.935994,9.467262,39.42672,-21.79949,-32.42685
29330.,7.476152,9.027446,7.935625,9.466875,39.42645,-21.79979,-32.42767
29340.,7.475768,9.027083,7.935256,9.466488,39.42619,-21.8001,-32.4285
29350.,7.475385,9.026721,7.934887,9.466102,39.42593,-21.8004,-32.42932
29360.,7.475001,9.026359,7.934519,9.465716,39.42567,-21.80071,-32.43015
29370.,7.474619,9.025997,7.934152,9.46533,39.42541,-21.80101,-32.43097
29380.,7.474237,9.025635,7.933785,9.464945,39.42515,-21.80132,-32.4318
29390.,7.473855,9.025274,7.933418,9.464561,39.42489,-21.80162,-32.43262
29400.,7.473474,9.024913,7.933053,9.464176,39.42463,-21.80192,-32.43344
29410.,7.473093,9.024552,7.932687,9.463793,39.42438,-21.80222,-32.43427
29420.,7.472713,9.024192,7.932322,9.463409,39.42412,-21.80252,-32.43509
29430.,7.472334,9.023831,7.931958,9.463026,39.42386,-21.80283,-32.43591
29440.,7.471954,9.023471,7.931594,9.462643,39.4236,-21.80313,-32.43673
29450.,7.471576,9.023111,7.93123,9.462261,39.42334,-21.80343,-32.43756
29460.,7.471198,9.022752,7.930868,9.461879,39.42308,-21.80373,-32.43838
29470.,7.47082,9.022393,7.930505,9.461498,39.42282,-21.80403,-32.4392
29480.,7.470443,9.022034,7.930143,9.461117,39.42257,-21.80433,-32.44002
29490.,7.470066,9.021675,7.929782,9.460737,39.42231,-21.80463,-32.44084
29500.,7.46969,9.021317,7.929421,9.460356,39.42205,-21.80492,-32.44166
29510.,7.469314,9.020959,7.92906,9.459977,39.42179,-21.80522,-32.44248
29520.,7.468939,9.020601,7.9287,9.459597,39.42154,-21.80552,-32.4433
29530.,7.468564,9.020243,7.928341,9.459219,39.42128,-21.80582,-32.44412
29540.,7.46819,9.019886,7.927982,9.45884,39.42102,-21.80612,-32.44494
29550.,7.467816,9.019529,7.927623,9.458462,39.42076,-21.80641,-32.44576
29560.,7.467442,9.019173,7.927265,9.458084,39.42051,-21.80671,-32.44658
29570.,7.46707,9.018816,7.926908,9.457707,39.42025,-21.807,-32.4474
29580.,7.466697,9.01846,7.926551,9.45733,39.42,-21.8073,-32.44822
29590.,7.466325,9.018104,7.926194,9.456954,39.41974,-21.8076,-32.44903
29600.,7.465954,9.017749,7.925838,9.456578,39.41949,-21.80789,-32.44985
29610.,7.465583,9.017393,7.925483,9.456202,39.41923,-21.80818,-32.45067
29620.,7.465212,9.017038,7.925127,9.455827,39.41897,-21.80848,-32.45149
29630.,7.464842,9.016684,7.924773,9.455452,39.41872,-21.80877,-32.4523
29640.,7.464473,9.016329,7.924419,9.455078,39.41846,-21.80907,-32.45312
29650.,7.464104,9.015975,7.924065,9.454704,39.41821,-21.80936,-32.45394
29660.,7.463735,9.015621,7.923712,9.45433,39.41796,-21.80965,-32.45475
29670.,7.463367,9.015268,7.923359,9.453957,39.4177,-21.80994,-32.45557
29680.,7.462999,9.014914,7.923006,9.453584,39.41745,-21.81024,-32.45639
29690.,7.462632,9.014561,7.922655,9.453212,39.41719,-21.81053,-32.4572
29700.,7.462265,9.014209,7.922303,9.45284,39.41694,-21.81082,-32.45802
29710.,7.461899,9.013856,7.921952,9.452468,39.41669,-21.81111,-32.45883
29720.,7.461533,9.013504,7.921602,9.452097,39.41643,-21.8114,-32.45964
29730.,7.461167,9.013152,7.921252,9.451726,39.41618,-21.81169,-32.46046
29740.,7.460802,9.012801,7.920902,9.451355,39.41593,-21.81198,-32.46127
29750.,7.460438,9.012449,7.920553,9.450985,39.41568,-21.81227,-32.46209
29760.,7.460074,9.012098,7.920204,9.450616,39.41542,-21.81256,-32.4629
29770.,7.45971,9.011748,7.919856,9.450247,39.41517,-21.81285,-32.46263
29780.,7.459347,9.011397,7.919508,9.449878,39.41492,-21.81313,-32.46184
29790.,7.458984,9.011046,7.91916,9.449511,39.41467,-21.81342,-32.461
29800.,7.458622,9.010696,7.918813,9.449144,39.41441,-21.81371,-32.46014
29810.,7.45826,9.010345,7.918465,9.448777,39.41416,-21.814,-32.45929
29820.,7.457899,9.009994,7.918118,9.448412,39.41391,-21.81428,-32.45843
29830.,7.457538,9.009644,7.917771,9.448047,39.41365,-21.81457,-32.45757
29840.,7.457177,9.009294,7.917424,9.447683,39.4134,-21.81486,-32.45672
29850.,7.456817,9.008944,7.917078,9.447319,39.41314,-21.81514,-32.45586
29860.,7.456458,9.008593,7.916732,9.446956,39.41289,-21.81543,-32.455
29870.,7.456099,9.008243,7.916386,9.446594,39.41264,-21.81571,-32.45414
29880.,7.45574,9.007893,7.91604,9.446232,39.41238,-21.816,-32.45328
29890.,7.455381,9.007543,7.915695,9.445872,39.41212,-21.81628,-32.45242
29900.,7.455023,9.007194,7.91535,9.445511,39.41187,-21.81656,-32.45156
29910.,7.454666,9.006844,7.915005,9.445152,39.41161,-21.81685,-32.4507
29920.,7.454309,9.006494,7.91466,9.444793,39.41136,-21.81713,-32.44984
29930.,7.453952,9.006145,7.914315,9.444435,39.4111,-21.81741,-32.44898
29940.,7.453596,9.005795,7.913971,9.444077,39.41085,-21.8177,-32.44812
29950.,7.45324,9.005446,7.913627,9.44372,39.41059,-21.81798,-32.44726
29960.,7.452885,9.005097,7.913283,9.443364,39.41033,-21.81826,-32.4464
29970.,7.452529,9.004747,7.91294,9.443008,39.41008,-21.81854,-32.44553
29980.,7.452175,9.004398,7.912596,9.442653,39.40982,-21.81883,-32.44467
29990.,7.451821,9.004049,7.912253,9.442298,39.40956,-21.81911,-32.44381
30000.,7.451467,9.003701,7.91191,9.441945,39.40931,-21.81939,-32.44294
30010.,7.451113,9.003352,7.911568,9.441591,39.40905,-21.81967,-32.44208
30020.,7.45076,9.003003,7.911225,9.441239,39.40879,-21.81995,-32.44121
30030.,7.450408,9.002655,7.910883,9.440887,39.40853,-21.82023,-32.44035
30040.,7.450055,9.002306,7.910541,9.440535,39.40828,-21.82051,-32.43948
30050.,7.449704,9.001958,7.9102,9.440184,39.40802,-21.82079,-32.43861
30060.,7.449352,9.001609,7.909858,9.439834,39.40776,-21.82107,-32.43775
30070.,7.449001,9.001261,7.909517,9.439484,39.4075,-21.82134,-32.43688
30080.,7.44865,9.000913,7.909176,9.439135,39.40724,-21.82162,-32.43601
30090.,7.4483,9.000565,7.908835,9.438787,39.40698,-21.8219,-32.43515
30100.,7.44795,9.000218,7.908495,9.438439,39.40673,-21.82218,-32.43428
30110.,7.447601,8.99987,7.908154,9.438091,39.40647,-21.82246,-32.43341
30120.,7.447251,8.999522,7.907814,9.437745,39.40621,-21.82273,-32.43254
30130.,7.446903,8.999175,7.907475,9.437398,39.40595,-21.82301,-32.43167
30140.,7.446554,8.998828,7.907135,9.437053,39.40569,-21.82329,-32.4308
30150.,7.446206,8.99848,7.906796,9.436707,39.40543,-21.82356,-32.42993
30160.,7.445859,8.998133,7.906457,9.436363,39.40517,-21.82384,-32.42906
30170.,7.445511,8.997786,7.906118,9.436019,39.40491,-21.82412,-32.42819
30180.,7.445164,8.997439,7.905779,9.435675,39.40466,-21.82439,-32.42732
30190.,7.444818,8.997093,7.905441,9.435332,39.4044,-21.82467,-32.42645
30200.,7.444472,8.996746,7.905102,9.43499,39.40414,-21.82494,-32.42557
30210.,7.444126,8.996399,7.904764,9.434648,39.40388,-21.82522,-32.4247
30220.,7.44378,8.996053,7.904427,9.434307,39.40362,-21.82549,-32.42383
30230.,7.443435,8.995707,7.904089,9.433966,39.40336,-21.82576,-32.42296
30240.,7.443091,8.995361,7.903752,9.433626,39.4031,-21.82604,-32.42208
30250.,7.442746,8.995015,7.903415,9.433286,39.40284,-21.82631,-32.42121
30260.,7.442402,8.994669,7.903078,9.432947,39.40258,-21.82659,-32.42034
30270.,7.442059,8.994323,7.902742,9.432608,39.40232,-21.82686,-32.41979
30280.,7.441715,8.993979,7.902406,9.43227,39.40206,-21.82713,-32.42007
30290.,7.441372,8.993636,7.902071,9.431931,39.4018,-21.8274,-32.42045
30300.,7.44103,8.993293,7.901736,9.431594,39.40154,-21.82768,-32.42084
30310.,7.440688,8.992952,7.901403,9.431256,39.40128,-21.82795,-32.42123
30320.,7.440346,8.992611,7.901069,9.430919,39.40103,-21.82822,-32.42161
30330.,7.440004,8.992272,7.900737,9.430582,39.40077,-21.82849,-32.422
30340.,7.439663,8.991933,7.900405,9.430245,39.40051,-21.82876,-32.42239
30350.,7.439322,8.991596,7.900074,9.429909,39.40025,-21.82903,-32.42278
30360.,7.438982,8.991259,7.899743,9.429572,39.4,-21.8293,-32.42316
30370.,7.438642,8.990923,7.899413,9.429236,39.39974,-21.82957,-32.42355
30380.,7.438302,8.990589,7.899084,9.428901,39.39948,-21.82984,-32.42394
30390.,7.437963,8.990255,7.898755,9.428566,39.39923,-21.83011,-32.42432
30400.,7.437624,8.989922,7.898427,9.428231,39.39897,-21.83038,-32.42471
30410.,7.437286,8.98959,7.898099,9.427896,39.39872,-21.83065,-32.42509
30420.,7.436947,8.989259,7.897772,9.427561,39.39846,-21.83092,-32.42548
30430.,7.43661,8.988929,7.897446,9.427227,39.39821,-21.83119,-32.42586
30440.,7.436272,8.9886,7.89712,9.426893,39.39795,-21.83146,-32.42625
30450.,7.435935,8.988272,7.896795,9.42656,39.3977,-21.83172,-32.42664
30460.,7.435599,8.987945,7.896471,9.426227,39.39744,-21.83199,-32.42702
30470.,7.435262,8.987619,7.896147,9.425894,39.39719,-21.83226,-32.4274
30480.,7.434926,8.987293,7.895824,9.425561,39.39694,-21.83253,-32.42779
30490.,7.434591,8.986969,7.895502,9.425229,39.39668,-21.83279,-32.42817
30500.,7.434256,8.986645,7.89518,9.424897,39.39643,-21.83306,-32.42856
30510.,7.433921,8.986322,7.894858,9.424565,39.39618,-21.83332,-32.42894
30520.,7.433587,8.986,7.894537,9.424234,39.39593,-21.83359,-32.42932
30530.,7.433253,8.985679,7.894217,9.423903,39.39568,-21.83386,-32.42971
30540.,7.432919,8.985359,7.893898,9.423572,39.39543,-21.83412,-32.43009
30550.,7.432586,8.98504,7.893579,9.423242,39.39517,-21.83439,-32.43047
30560.,7.432253,8.984722,7.893261,9.422912,39.39492,-21.83465,-32.43086
30570.,7.43192,8.984404,7.892943,9.422582,39.39467,-21.83491,-32.43124
30580.,7.431588,8.984088,7.892626,9.422252,39.39442,-21.83518,-32.43162
30590.,7.431257,8.983772,7.892309,9.421923,39.39417,-21.83544,-32.432
30600.,7.430925,8.983457,7.891993,9.421594,39.39392,-21.83571,-32.43239
30610.,7.430594,8.983143,7.891678,9.421266,39.39368,-21.83597,-32.43277
30620.,7.430264,8.98283,7.891363,9.420938,39.39343,-21.83623,-32.43315
30630.,7.429934,8.982517,7.891049,9.42061,39.39318,-21.83649,-32.43353
30640.,7.429604,8.982206,7.890736,9.420283,39.39293,-21.83676,-32.43391
30650.,7.429275,8.981895,7.890423,9.419955,39.39268,-21.83702,-32.43429
30660.,7.428946,8.981585,7.89011,9.419629,39.39243,-21.83728,-32.43467
30670.,7.428617,8.981276,7.889798,9.419302,39.39219,-21.83754,-32.43505
30680.,7.428289,8.980967,7.889487,9.418976,39.39194,-21.8378,-32.43543
30690.,7.427961,8.98066,7.889176,9.41865,39.39169,-21.83806,-32.43581
30700.,7.427634,8.980353,7.888866,9.418325,39.39145,-21.83832,-32.43619
30710.,7.427307,8.980047,7.888557,9.417999,39.3912,-21.83858,-32.43657
30720.,7.42698,8.979742,7.888248,9.417675,39.39096,-21.83884,-32.43695
30730.,7.426654,8.979438,7.88794,9.41735,39.39071,-21.8391,-32.43733
30740.,7.426328,8.979135,7.887632,9.417026,39.39047,-21.83936,-32.43771
30750.,7.426003,8.978832,7.887325,9.416702,39.39022,-21.83962,-32.43809
30760.,7.425678,8.97853,7.887018,9.416379,39.38998,-21.83988,-32.43846
30770.,7.425353,8.978229,7.886712,9.416056,39.38973,-21.84013,-32.43884
30780.,7.425029,8.977928,7.886406,9.415733,39.38949,-21.84039,-32.44055
30790.,7.424705,8.977626,7.8861,9.41541,39.38925,-21.84065,-32.44237
30800.,7.424381,8.977325,7.885794,9.415087,39.389,-21.84091,-32.44419
30810.,7.424058,8.977023,7.885489,9.414765,39.38876,-21.84116,-32.44601
30820.,7.423736,8.976721,7.885183,9.414442,39.38852,-21.84142,-32.44783
30830.,7.423413,8.976419,7.884877,9.41412,39.38827,-21.84168,-32.44966
30840.,7.423091,8.976117,7.884571,9.413797,39.38803,-21.84193,-32.45148
30850.,7.42277,8.975815,7.884266,9.413475,39.38779,-21.84219,-32.4533
30860.,7.422448,8.975512,7.88396,9.413153,39.38754,-21.84244,-32.45512
30870.,7.422128,8.97521,7.883655,9.41283,39.3873,-21.8427,-32.45694
30880.,7.421807,8.974907,7.883349,9.412508,39.38706,-21.84296,-32.45876
30890.,7.421487,8.974604,7.883044,9.412186,39.38681,-21.84321,-32.46059
30900.,7.421167,8.974301,7.882738,9.411864,39.38657,-21.84346,-32.46241
30910.,7.420848,8.973998,7.882433,9.411542,39.38633,-21.84372,-32.46423
30920.,7.420529,8.973695,7.882128,9.41122,39.38609,-21.84397,-32.46605
30930.,7.42021,8.973391,7.881822,9.410898,39.38584,-21.84423,-32.46787
30940.,7.419892,8.973088,7.881517,9.410576,39.3856,-21.84448,-32.46969
30950.,7.419574,8.972784,7.881212,9.410255,39.38536,-21.84473,-32.47152
30960.,7.419257,8.97248,7.880907,9.409933,39.38512,-21.84498,-32.47334
30970.,7.418939,8.972176,7.880602,9.409612,39.38487,-21.84524,-32.47516
30980.,7.418622,8.971872,7.880297,9.40929,39.38463,-21.84549,-32.47698
30990.,7.418306,8.971568,7.879992,9.408969,39.38439,-21.84574,-32.4788
31000.,7.41799,8.971263,7.879687,9.408647,39.38415,-21.84599,-32.48062
31010.,7.417674,8.970959,7.879382,9.408326,39.3839,-21.84624,-32.48244
31020.,7.417358,8.970655,7.879078,9.408005,39.38366,-21.84649,-32.48427
31030.,7.417043,8.97035,7.878773,9.407684,39.38342,-21.84675,-32.48609
31040.,7.416728,8.970045,7.878468,9.407363,39.38318,-21.847,-32.48791
31050.,7.416413,8.96974,7.878164,9.407042,39.38293,-21.84725,-32.48973
31060.,7.416099,8.969435,7.877859,9.406721,39.38269,-21.8475,-32.49155
31070.,7.415785,8.96913,7.877555,9.4064,39.38245,-21.84775,-32.49337
31080.,7.415471,8.968825,7.87725,9.406079,39.38221,-21.848,-32.49519
31090.,7.415158,8.96852,7.876946,9.405758,39.38197,-21.84825,-32.49702
31100.,7.414845,8.968214,7.876641,9.405438,39.38172,-21.84849,-32.49884
31110.,7.414532,8.967909,7.876337,9.405117,39.38148,-21.84874,-32.50066
31120.,7.41422,8.967603,7.876033,9.404797,39.38124,-21.84899,-32.50248
31130.,7.413908,8.967298,7.875729,9.404476,39.381,-21.84924,-32.5043
31140.,7.413596,8.966992,7.875425,9.404156,39.38076,-21.84949,-32.50612
31150.,7.413285,8.966686,7.875121,9.403836,39.38052,-21.84974,-32.50794
31160.,7.412973,8.96638,7.874817,9.403515,39.38027,-21.84998,-32.50977
31170.,7.412663,8.966074,7.874513,9.403195,39.38003,-21.85023,-32.51159
31180.,7.412352,8.965768,7.874209,9.402875,39.37979,-21.85048,-32.51341
31190.,7.412042,8.965462,7.873905,9.402555,39.37955,-21.85073,-32.51523
31200.,7.411732,8.965156,7.873602,9.402235,39.37931,-21.85097,-32.51705
31210.,7.411422,8.96485,7.873298,9.401916,39.37907,-21.85122,-32.51887
31220.,7.411112,8.964543,7.872994,9.401596,39.37883,-21.85147,-32.52069
31230.,7.410803,8.964237,7.872691,9.401276,39.37859,-21.85171,-32.52252
31240.,7.410494,8.96393,7.872387,9.400957,39.37834,-21.85196,-32.52434
31250.,7.410186,8.963624,7.872084,9.400637,39.3781,-21.8522,-32.52616
31260.,7.409878,8.963317,7.871781,9.400318,39.37786,-21.85245,-32.52798
31270.,7.409569,8.96301,7.871477,9.399998,39.37762,-21.85269,-32.5298
31280.,7.409262,8.962704,7.871174,9.399679,39.37738,-21.85294,-32.53054
31290.,7.408954,8.962398,7.870871,9.39936,39.37714,-21.85318,-32.53023
31300.,7.408647,8.962092,7.870569,9.399042,39.3769,-21.85343,-32.5298
31310.,7.40834,8.961787,7.870266,9.398724,39.37667,-21.85367,-32.52936
31320.,7.408034,8.961483,7.869964,9.398407,39.37643,-21.85391,-32.52892
31330.,7.407727,8.961179,7.869663,9.39809,39.3762,-21.85416,-32.52848
31340.,7.407421,8.960876,7.869361,9.397774,39.37597,-21.8544,-32.52804
31350.,7.407116,8.960573,7.86906,9.397458,39.37574,-21.85464,-32.5276
31360.,7.40681,8.96027,7.868759,9.397143,39.37551,-21.85489,-32.52716
31370.,7.406505,8.959969,7.868458,9.396828,39.37528,-21.85513,-32.52672
31380.,7.4062,8.959667,7.868158,9.396514,39.37505,-21.85537,-32.52628
31390.,7.405896,8.959366,7.867858,9.396201,39.37483,-21.85561,-32.52583
31400.,7.405591,8.959066,7.867558,9.395888,39.3746,-21.85586,-32.52539
31410.,7.405288,8.958766,7.867259,9.395575,39.37438,-21.8561,-32.52495
31420.,7.404984,8.958467,7.866959,9.395263,39.37416,-21.85634,-32.5245
31430.,7.404681,8.958168,7.866661,9.394952,39.37394,-21.85658,-32.52406
31440.,7.404378,8.95787,7.866362,9.394641,39.37372,-21.85682,-32.52361
31450.,7.404075,8.957572,7.866064,9.39433,39.3735,-21.85706,-32.52317
31460.,7.403773,8.957275,7.865766,9.394021,39.37329,-21.8573,-32.52272
31470.,7.403471,8.956979,7.865468,9.393711,39.37307,-21.85754,-32.52228
31480.,7.403169,8.956682,7.865171,9.393402,39.37286,-21.85778,-32.52183
31490.,7.402868,8.956387,7.864874,9.393094,39.37265,-21.85802,-32.52139
31500.,7.402567,8.956092,7.864577,9.392786,39.37244,-21.85826,-32.52094
31510.,7.402267,8.955797,7.864281,9.392479,39.37223,-21.8585,-32.52049
31520.,7.401966,8.955503,7.863985,9.392173,39.37202,-21.85874,-32.52004
31530.,7.401666,8.95521,7.863689,9.391866,39.37181,-21.85898,-32.5196
31540.,7.401367,8.954917,7.863394,9.391561,39.3716,-21.85922,-32.51915
31550.,7.401068,8.954624,7.863099,9.391256,39.3714,-21.85946,-32.5187
31560.,7.400769,8.954333,7.862804,9.390951,39.37119,-21.85969,-32.51825
31570.,7.40047,8.954041,7.86251,9.390647,39.37099,-21.85993,-32.5178
31580.,7.400172,8.95375,7.862216,9.390344,39.37079,-21.86017,-32.51735
31590.,7.399874,8.95346,7.861922,9.390041,39.37059,-21.8604,-32.5169
31600.,7.399577,8.95317,7.861629,9.389739,39.37039,-21.86064,-32.51645
31610.,7.39928,8.952881,7.861336,9.389437,39.37019,-21.86088,-32.516
31620.,7.398983,8.952592,7.861044,9.389136,39.36999,-21.86111,-32.51555
31630.,7.398687,8.952304,7.860752,9.388835,39.3698,-21.86135,-32.5151
31640.,7.398391,8.952017,7.86046,9.388535,39.3696,-21.86158,-32.51464
31650.,7.398095,8.951729,7.860168,9.388235,39.36941,-21.86182,-32.51419
31660.,7.3978,8.951443,7.859877,9.387936,39.36921,-21.86205,-32.51374
31670.,7.397505,8.951157,7.859586,9.387638,39.36902,-21.86229,-32.51329
31680.,7.397211,8.950871,7.859296,9.38734,39.36883,-21.86252,-32.51283
31690.,7.396917,8.950586,7.859006,9.387042,39.36864,-21.86276,-32.51238
31700.,7.396623,8.950302,7.858716,9.386745,39.36845,-21.86299,-32.51192
31710.,7.39633,8.950018,7.858427,9.386449,39.36826,-21.86322,-32.51147
31720.,7.396037,8.949734,7.858138,9.386153,39.36807,-21.86346,-32.51101
31730.,7.395744,8.949452,7.857849,9.385858,39.36789,-21.86369,-32.51056
31740.,7.395452,8.949169,7.857561,9.385563,39.3677,-21.86392,-32.5101
31750.,7.39516,8.948887,7.857274,9.385269,39.36752,-21.86415,-32.50965
31760.,7.394869,8.948606,7.856986,9.384975,39.36733,-21.86438,-32.50919
31770.,7.394578,8.948325,7.856699,9.384682,39.36715,-21.86462,-32.50873
31780.,7.394288,8.948045,7.856413,9.384389,39.36697,-21.86485,-32.50828
31790.,7.393997,8.947764,7.856126,9.384097,39.36679,-21.86508,-32.5081
31800.,7.393708,8.947483,7.855839,9.383806,39.36661,-21.86531,-32.50796
31810.,7.393418,8.947201,7.855552,9.383515,39.36642,-21.86554,-32.50782
31820.,7.393129,8.946918,7.855265,9.383224,39.36624,-21.86577,-32.50768
31830.,7.392841,8.946635,7.854979,9.382934,39.36606,-21.866,-32.50755
31840.,7.392552,8.946351,7.854692,9.382644,39.36587,-21.86623,-32.50741
31850.,7.392264,8.946067,7.854405,9.382355,39.36569,-21.86645,-32.50727
31860.,7.391977,8.945782,7.854118,9.382066,39.36551,-21.86668,-32.50713
31870.,7.39169,8.945497,7.85383,9.381777,39.36532,-21.86691,-32.50699
31880.,7.391403,8.94521,7.853543,9.381489,39.36514,-21.86714,-32.50685
31890.,7.391116,8.944924,7.853256,9.381202,39.36495,-21.86737,-32.50671
31900.,7.39083,8.944637,7.852969,9.380915,39.36477,-21.86759,-32.50657
31910.,7.390545,8.944349,7.852682,9.380628,39.36458,-21.86782,-32.50643
31920.,7.390259,8.944061,7.852394,9.380342,39.3644,-21.86805,-32.50629
31930.,7.389974,8.943772,7.852107,9.380056,39.36421,-21.86827,-32.50615
31940.,7.389689,8.943483,7.851819,9.37977,39.36403,-21.8685,-32.50601
31950.,7.389405,8.943193,7.851532,9.379485,39.36384,-21.86873,-32.50587
31960.,7.389121,8.942902,7.851244,9.379201,39.36366,-21.86895,-32.50573
31970.,7.388837,8.942612,7.850957,9.378917,39.36347,-21.86918,-32.50558
31980.,7.388554,8.94232,7.850669,9.378633,39.36328,-21.8694,-32.50544
31990.,7.388271,8.942028,7.850381,9.378349,39.3631,-21.86963,-32.5053
32000.,7.387988,8.941736,7.850094,9.378066,39.36291,-21.86985,-32.50516
32010.,7.387705,8.941443,7.849806,9.377783,39.36272,-21.87008,-32.50501
32020.,7.387423,8.94115,7.849518,9.377501,39.36254,-21.8703,-32.50487
32030.,7.387141,8.940856,7.84923,9.377219,39.36235,-21.87053,-32.50473
32040.,7.38686,8.940562,7.848942,9.376938,39.36216,-21.87075,-32.50458
32050.,7.386579,8.940267,7.848654,9.376656,39.36197,-21.87097,-32.50444
32060.,7.386298,8.939972,7.848366,9.376375,39.36179,-21.8712,-32.50429
32070.,7.386017,8.939677,7.848078,9.376095,39.3616,-21.87142,-32.50415
32080.,7.385737,8.93938,7.84779,9.375815,39.36141,-21.87164,-32.504
32090.,7.385457,8.939084,7.847502,9.375535,39.36122,-21.87186,-32.50386
32100.,7.385177,8.938787,7.847214,9.375256,39.36103,-21.87209,-32.50371
32110.,7.384897,8.93849,7.846926,9.374977,39.36084,-21.87231,-32.50357
32120.,7.384618,8.938192,7.846637,9.374698,39.36065,-21.87253,-32.50342
32130.,7.384339,8.937894,7.846349,9.374419,39.36047,-21.87275,-32.50328
32140.,7.384061,8.937595,7.846061,9.374141,39.36028,-21.87297,-32.50313
32150.,7.383782,8.937296,7.845773,9.373863,39.36009,-21.87319,-32.50298
32160.,7.383504,8.936996,7.845484,9.373586,39.3599,-21.87342,-32.50284
32170.,7.383226,8.936696,7.845196,9.373309,39.35971,-21.87364,-32.50269
32180.,7.382949,8.936396,7.844907,9.373032,39.35952,-21.87386,-32.50254
32190.,7.382671,8.936095,7.844619,9.372756,39.35933,-21.87408,-32.5024
32200.,7.382394,8.935794,7.84433,9.37248,39.35914,-21.8743,-32.50225
32210.,7.382117,8.935493,7.844042,9.372204,39.35895,-21.87452,-32.5021
32220.,7.381841,8.935191,7.843753,9.371928,39.35876,-21.87474,-32.50195
32230.,7.381565,8.934889,7.843465,9.371653,39.35857,-21.87496,-32.5018
32240.,7.381289,8.934586,7.843176,9.371378,39.35837,-21.87518,-32.50166
32250.,7.381013,8.934283,7.842887,9.371103,39.35818,-21.8754,-32.50151
32260.,7.380737,8.93398,7.842599,9.370829,39.35799,-21.87562,-32.50136
32270.,7.380462,8.933676,7.84231,9.370555,39.3578,-21.87583,-32.50121
32280.,7.380187,8.933372,7.842021,9.370281,39.35761,-21.87605,-32.50106
32290.,7.379912,8.933068,7.841732,9.370008,39.35742,-21.87627,-32.50101
32300.,7.379637,8.932765,7.841444,9.369735,39.35723,-21.87649,-32.50105
32310.,7.379363,8.932462,7.841155,9.369462,39.35704,-21.87671,-32.5011
32320.,7.379089,8.932161,7.840867,9.369189,39.35685,-21.87693,-32.50115
32330.,7.378815,8.93186,7.840579,9.368916,39.35666,-21.87714,-32.5012
32340.,7.378541,8.93156,7.840291,9.368644,39.35647,-21.87736,-32.50125
32350.,7.378268,8.93126,7.840003,9.368372,39.35629,-21.87758,-32.5013
32360.,7.377995,8.930961,7.839715,9.368101,39.3561,-21.8778,-32.50135
32370.,7.377722,8.930663,7.839427,9.367829,39.35591,-21.87801,-32.5014
32380.,7.377449,8.930366,7.839139,9.367558,39.35573,-21.87823,-32.50146
32390.,7.377177,8.930069,7.838852,9.367287,39.35554,-21.87845,-32.50151
32400.,7.376905,8.929774,7.838564,9.367016,39.35536,-21.87866,-32.50156
32410.,7.376633,8.929478,7.838277,9.366746,39.35518,-21.87888,-32.50161
32420.,7.376361,8.929184,7.83799,9.366476,39.35499,-21.8791,-32.50166
32430.,7.37609,8.92889,7.837703,9.366206,39.35481,-21.87931,-32.5017
32440.,7.375819,8.928597,7.837416,9.365936,39.35463,-21.87953,-32.50175
32450.,7.375548,8.928305,7.83713,9.365667,39.35445,-21.87975,-32.5018
32460.,7.375278,8.928013,7.836843,9.365398,39.35427,-21.87996,-32.50185
32470.,7.375007,8.927722,7.836557,9.365129,39.35409,-21.88018,-32.5019
32480.,7.374737,8.927431,7.83627,9.364861,39.35391,-21.88039,-32.50195
32490.,7.374467,8.927142,7.835984,9.364592,39.35373,-21.88061,-32.502
32500.,7.374198,8.926853,7.835699,9.364324,39.35355,-21.88082,-32.50205
32510.,7.373929,8.926564,7.835413,9.364057,39.35337,-21.88103,-32.50209
32520.,7.37366,8.926277,7.835127,9.363789,39.3532,-21.88125,-32.50214
32530.,7.373391,8.925989,7.834842,9.363522,39.35302,-21.88146,-32.50219
32540.,7.373123,8.925703,7.834557,9.363255,39.35285,-21.88168,-32.50224
32550.,7.372854,8.925417,7.834272,9.362989,39.35267,-21.88189,-32.50228
32560.,7.372586,8.925132,7.833987,9.362722,39.3525,-21.8821,-32.50233
32570.,7.372319,8.924848,7.833702,9.362456,39.35232,-21.88232,-32.50238
32580.,7.372051,8.924564,7.833417,9.362191,39.35215,-21.88253,-32.50243
32590.,7.371784,8.924281,7.833133,9.361925,39.35197,-21.88274,-32.50247
32600.,7.371517,8.923998,7.832849,9.36166,39.3518,-21.88295,-32.50252
32610.,7.371251,8.923717,7.832565,9.361395,39.35163,-21.88317,-32.50256
32620.,7.370985,8.923435,7.832281,9.361131,39.35146,-21.88338,-32.50261
32630.,7.370719,8.923155,7.831997,9.360866,39.35129,-21.88359,-32.50266
32640.,7.370453,8.922875,7.831714,9.360602,39.35112,-21.8838,-32.5027
32650.,7.370188,8.922595,7.831431,9.360339,39.35095,-21.88401,-32.50275
32660.,7.369922,8.922317,7.831148,9.360075,39.35078,-21.88422,-32.50279
32670.,7.369658,8.922039,7.830865,9.359812,39.35061,-21.88444,-32.50284
32680.,7.369393,8.921761,7.830582,9.359549,39.35044,-21.88465,-32.50288
32690.,7.369129,8.921484,7.8303,9.359287,39.35027,-21.88486,-32.50293
32700.,7.368865,8.921208,7.830017,9.359024,39.3501,-21.88507,-32.50297
32710.,7.368601,8.920932,7.829735,9.358762,39.34994,-21.88528,-32.50301
32720.,7.368338,8.920657,7.829453,9.358501,39.34977,-21.88549,-32.50306
32730.,7.368074,8.920383,7.829172,9.358239,39.3496,-21.8857,-32.5031
32740.,7.367811,8.920109,7.82889,9.357978,39.34944,-21.88591,-32.50315
32750.,7.367549,8.919836,7.828609,9.357717,39.34927,-21.88611,-32.50319
32760.,7.367287,8.919563,7.828328,9.357457,39.34911,-21.88632,-32.50323
32770.,7.367025,8.919291,7.828047,9.357196,39.34894,-21.88653,-32.50327
32780.,7.366763,8.919019,7.827767,9.356937,39.34878,-21.88674,-32.50332
32790.,7.366501,8.918749,7.827486,9.356677,39.34862,-21.88695,-32.50341
32800.,7.36624,8.918479,7.827207,9.356418,39.34845,-21.88716,-32.50394
32810.,7.365979,8.918211,7.826928,9.356158,39.34829,-21.88736,-32.50451
32820.,7.365719,8.917944,7.82665,9.355899,39.34813,-21.88757,-32.50509
32830.,7.365459,8.917678,7.826374,9.355641,39.34797,-21.88778,-32.50567
32840.,7.365199,8.917414,7.826098,9.355382,39.3478,-21.88799,-32.50625
32850.,7.364939,8.917151,7.825823,9.355124,39.34764,-21.88819,-32.50683
32860.,7.36468,8.916889,7.825548,9.354865,39.34748,-21.8884,-32.50741
32870.,7.364421,8.916629,7.825275,9.354608,39.34732,-21.88861,-32.50798
32880.,7.364162,8.916369,7.825003,9.35435,39.34716,-21.88881,-32.50856
32890.,7.363904,8.916111,7.824731,9.354092,39.347,-21.88902,-32.50914
32900.,7.363646,8.915855,7.82446,9.353835,39.34684,-21.88922,-32.50972
32910.,7.363388,8.915599,7.82419,9.353578,39.34668,-21.88943,-32.5103
32920.,7.36313,8.915345,7.823921,9.353321,39.34651,-21.88963,-32.51087
32930.,7.362873,8.915092,7.823653,9.353065,39.34636,-21.88984,-32.51145
32940.,7.362616,8.91484,7.823386,9.352808,39.3462,-21.89004,-32.51203
32950.,7.36236,8.914589,7.823119,9.352552,39.34604,-21.89025,-32.51261
32960.,7.362104,8.914339,7.822853,9.352296,39.34588,-21.89045,-32.51318
32970.,7.361848,8.914091,7.822588,9.352041,39.34572,-21.89065,-32.51376
32980.,7.361592,8.913844,7.822324,9.351785,39.34556,-21.89086,-32.51434
32990.,7.361337,8.913598,7.822061,9.35153,39.3454,-21.89106,-32.51491
33000.,7.361082,8.913353,7.821799,9.351276,39.34524,-21.89126,-32.51549
33010.,7.360828,8.913109,7.821537,9.351021,39.34509,-21.89146,-32.51607
33020.,7.360574,8.912866,7.821276,9.350767,39.34493,-21.89167,-32.51664
33030.,7.36032,8.912625,7.821016,9.350513,39.34477,-21.89187,-32.51722
33040.,7.360066,8.912385,7.820757,9.350259,39.34461,-21.89207,-32.5178
33050.,7.359813,8.912145,7.820499,9.350005,39.34446,-21.89227,-32.51837
33060.,7.359561,8.911907,7.820241,9.349752,39.3443,-21.89247,-32.51895
33070.,7.359308,8.91167,7.819984,9.349499,39.34414,-21.89267,-32.51952
33080.,7.359056,8.911435,7.819728,9.349246,39.34399,-21.89287,-32.5201
33090.,7.358804,8.9112,7.819473,9.348994,39.34383,-21.89307,-32.52067
33100.,7.358553,8.910966,7.819218,9.348742,39.34368,-21.89327,-32.52125
33110.,7.358302,8.910734,7.818965,9.34849,39.34352,-21.89347,-32.52182
33120.,7.358051,8.910502,7.818712,9.348238,39.34337,-21.89367,-32.5224
33130.,7.357801,8.910272,7.81846,9.347987,39.34321,-21.89387,-32.52297
33140.,7.357551,8.910042,7.818208,9.347736,39.34306,-21.89407,-32.52354
33150.,7.357301,8.909814,7.817958,9.347485,39.34291,-21.89427,-32.52412
33160.,7.357052,8.909587,7.817708,9.347235,39.34275,-21.89447,-32.52469
33170.,7.356803,8.909361,7.817459,9.346985,39.3426,-21.89467,-32.52526
33180.,7.356554,8.909135,7.817211,9.346735,39.34245,-21.89486,-32.52584
33190.,7.356306,8.908911,7.816963,9.346485,39.34229,-21.89506,-32.52641
33200.,7.356058,8.908688,7.816716,9.346236,39.34214,-21.89526,-32.52698
33210.,7.355811,8.908466,7.81647,9.345987,39.34199,-21.89545,-32.52755
33220.,7.355564,8.908245,7.816225,9.345738,39.34184,-21.89565,-32.52813
33230.,7.355317,8.908025,7.815981,9.34549,39.34169,-21.89585,-32.5287
33240.,7.355071,8.907806,7.815737,9.345242,39.34153,-21.89604,-32.52927
33250.,7.354825,8.907588,7.815494,9.344994,39.34138,-21.89624,-32.52984
33260.,7.354579,8.907371,7.815252,9.344747,39.34123,-21.89643,-32.53041
33270.,7.354334,8.907155,7.81501,9.3445,39.34108,-21.89663,-32.53099
33280.,7.354089,8.90694,7.814769,9.344253,39.34093,-21.89682,-32.53156
33290.,7.353845,8.906726,7.814529,9.344007,39.34078,-21.89702,-32.53213
33300.,7.353601,8.906512,7.814289,9.343761,39.34063,-21.89721,-32.53123
33310.,7.353357,8.906298,7.81405,9.343516,39.34048,-21.8974,-32.52926
33320.,7.353114,8.906083,7.813811,9.343271,39.34033,-21.8976,-32.52737
33330.,7.352871,8.905868,7.813573,9.343027,39.34018,-21.89779,-32.52548
33340.,7.352628,8.905652,7.813335,9.342785,39.34003,-21.89798,-32.52358
33350.,7.352386,8.905436,7.813097,9.342542,39.33988,-21.89818,-32.52169
33360.,7.352144,8.90522,7.812859,9.342301,39.33972,-21.89837,-32.5198
33370.,7.351902,8.905003,7.812622,9.34206,39.33957,-21.89856,-32.51791
33380.,7.351661,8.904786,7.812385,9.341821,39.33942,-21.89875,-32.51601
33390.,7.35142,8.904569,7.812149,9.341581,39.33926,-21.89894,-32.51412
33400.,7.35118,8.904351,7.811912,9.341343,39.33911,-21.89913,-32.51222
33410.,7.35094,8.904133,7.811677,9.341105,39.33895,-21.89932,-32.51033
33420.,7.3507,8.903914,7.811441,9.340868,39.3388,-21.89951,-32.50843
33430.,7.350461,8.903696,7.811206,9.340632,39.33864,-21.8997,-32.50654
33440.,7.350222,8.903477,7.810971,9.340396,39.33849,-21.89989,-32.50464
33450.,7.349983,8.903257,7.810736,9.340162,39.33833,-21.90008,-32.50274
33460.,7.349744,8.903037,7.810502,9.339927,39.33817,-21.90027,-32.50085
33470.,7.349506,8.902817,7.810268,9.339694,39.33802,-21.90046,-32.49895
33480.,7.349269,8.902597,7.810035,9.339461,39.33786,-21.90065,-32.49705
33490.,7.349031,8.902376,7.809801,9.339229,39.3377,-21.90084,-32.49515
33500.,7.348794,8.902155,7.809568,9.338998,39.33754,-21.90103,-32.49325
33510.,7.348557,8.901934,7.809336,9.338767,39.33738,-21.90122,-32.49135
33520.,7.348321,8.901712,7.809103,9.338537,39.33722,-21.9014,-32.48945
33530.,7.348085,8.90149,7.808871,9.338307,39.33707,-21.90159,-32.48755
33540.,7.347849,8.901268,7.808639,9.338078,39.33691,-21.90178,-32.48565
33550.,7.347613,8.901046,7.808408,9.33785,39.33675,-21.90197,-32.48375
33560.,7.347378,8.900823,7.808177,9.337623,39.33658,-21.90215,-32.48185
33570.,7.347143,8.9006,7.807946,9.337396,39.33642,-21.90234,-32.47995
33580.,7.346909,8.900377,7.807715,9.337169,39.33626,-21.90252,-32.47805
33590.,7.346675,8.900153,7.807485,9.336944,39.3361,-21.90271,-32.47614
33600.,7.346441,8.89993,7.807255,9.336719,39.33594,-21.9029,-32.47424
33610.,7.346207,8.899705,7.807025,9.336494,39.33578,-21.90308,-32.47234
33620.,7.345974,8.899481,7.806796,9.33627,39.33562,-21.90327,-32.47043
33630.,7.345741,8.899257,7.806567,9.336047,39.33545,-21.90345,-32.46853
33640.,7.345508,8.899032,7.806338,9.335824,39.33529,-21.90364,-32.46662
33650.,7.345275,8.898807,7.806109,9.335602,39.33513,-21.90382,-32.46472
33660.,7.345043,8.898581,7.805881,9.335381,39.33496,-21.90401,-32.46281
33670.,7.344811,8.898356,7.805653,9.33516,39.3348,-21.90419,-32.46091
33680.,7.34458,8.89813,7.805425,9.33494,39.33464,-21.90437,-32.459
33690.,7.344349,8.897904,7.805198,9.33472,39.33447,-21.90456,-32.4571
33700.,7.344118,8.897678,7.80497,9.334501,39.33431,-21.90474,-32.45519
33710.,7.343887,8.897452,7.804744,9.334282,39.33414,-21.90492,-32.45328
33720.,7.343657,8.897225,7.804517,9.334064,39.33398,-21.90511,-32.45137
33730.,7.343426,8.896998,7.80429,9.333846,39.33381,-21.90529,-32.44947
33740.,7.343197,8.896771,7.804064,9.333629,39.33365,-21.90547,-32.44756
33750.,7.342967,8.896544,7.803838,9.333413,39.33348,-21.90565,-32.44565
33760.,7.342738,8.896316,7.803613,9.333197,39.33332,-21.90583,-32.44374
33770.,7.342509,8.896089,7.803387,9.332982,39.33315,-21.90602,-32.44183
33780.,7.34228,8.895861,7.803162,9.332767,39.33298,-21.9062,-32.43992
33790.,7.342051,8.895633,7.802937,9.332552,39.33282,-21.90638,-32.43801
33800.,7.341823,8.895404,7.802713,9.332338,39.33265,-21.90656,-32.43712
33810.,7.341595,8.895177,7.802489,9.332125,39.33248,-21.90674,-32.43906
33820.,7.341368,8.894949,7.802264,9.331911,39.33232,-21.90692,-32.44109
33830.,7.34114,8.894722,7.802041,9.331696,39.33215,-21.9071,-32.44312
33840.,7.340913,8.894495,7.801817,9.331482,39.33198,-21.90728,-32.44514
33850.,7.340686,8.894269,7.801593,9.331267,39.33181,-21.90746,-32.44717
33860.,7.34046,8.894043,7.80137,9.331052,39.33164,-21.90764,-32.4492
33870.,7.340233,8.893817,7.801147,9.330837,39.33148,-21.90782,-32.45123
33880.,7.340007,8.893592,7.800925,9.330621,39.33131,-21.908,-32.45326
33890.,7.339781,8.893367,7.800702,9.330405,39.33114,-21.90818,-32.45529
33900.,7.339556,8.893142,7.80048,9.330189,39.33097,-21.90836,-32.45732
33910.,7.33933,8.892917,7.800258,9.329973,39.3308,-21.90854,-32.45935
33920.,7.339105,8.892693,7.800036,9.329757,39.33063,-21.90872,-32.46138
33930.,7.33888,8.89247,7.799814,9.32954,39.33046,-21.9089,-32.46341
33940.,7.338656,8.892246,7.799593,9.329323,39.33029,-21.90907,-32.46544
33950.,7.338431,8.892023,7.799372,9.329106,39.33012,-21.90925,-32.46747
33960.,7.338207,8.8918,7.799151,9.328889,39.32995,-21.90943,-32.4695
33970.,7.337983,8.891577,7.79893,9.328672,39.32978,-21.90961,-32.47153
33980.,7.337759,8.891355,7.79871,9.328454,39.32961,-21.90979,-32.47356
33990.,7.337536,8.891133,7.79849,9.328236,39.32944,-21.90996,-32.47559
34000.,7.337313,8.890911,7.798269,9.328018,39.32927,-21.91014,-32.47762
34010.,7.33709,8.89069,7.79805,9.3278,39.3291,-21.91032,-32.47965
34020.,7.336867,8.890469,7.79783,9.327581,39.32893,-21.91049,-32.48168
34030.,7.336645,8.890248,7.79761,9.327363,39.32876,-21.91067,-32.48371
34040.,7.336422,8.890028,7.797391,9.327144,39.32859,-21.91085,-32.48575
34050.,7.3362,8.889808,7.797172,9.326925,39.32842,-21.91102,-32.48778
34060.,7.335978,8.889588,7.796953,9.326706,39.32825,-21.9112,-32.48981
34070.,7.335757,8.889368,7.796735,9.326487,39.32808,-21.91138,-32.49184
34080.,7.335535,8.889149,7.796516,9.326267,39.3279,-21.91155,-32.49388
34090.,7.335314,8.88893,7.796298,9.326048,39.32773,-21.91173,-32.49591
34100.,7.335093,8.888711,7.79608,9.325828,39.32756,-21.9119,-32.49794
34110.,7.334873,8.888492,7.795862,9.325608,39.32739,-21.91208,-32.49998
34120.,7.334652,8.888274,7.795644,9.325388,39.32722,-21.91225,-32.50201
34130.,7.334432,8.888056,7.795427,9.325167,39.32704,-21.91243,-32.50404
34140.,7.334212,8.887838,7.79521,9.324947,39.32687,-21.9126,-32.50608
34150.,7.333992,8.887621,7.794993,9.324726,39.3267,-21.91278,-32.50811
34160.,7.333772,8.887403,7.794776,9.324505,39.32653,-21.91295,-32.51014
34170.,7.333553,8.887187,7.794559,9.324284,39.32635,-21.91313,-32.51218
34180.,7.333333,8.88697,7.794343,9.324063,39.32618,-21.9133,-32.51421
34190.,7.333114,8.886753,7.794126,9.323842,39.32601,-21.91347,-32.51625
34200.,7.332895,8.886537,7.79391,9.323621,39.32583,-21.91365,-32.51828
34210.,7.332677,8.886321,7.793694,9.323399,39.32566,-21.91382,-32.52032
34220.,7.332458,8.886106,7.793478,9.323178,39.32549,-21.914,-32.52235
34230.,7.33224,8.88589,7.793263,9.322956,39.32531,-21.91417,-32.52438
34240.,7.332022,8.885675,7.793047,9.322734,39.32514,-21.91434,-32.52642
34250.,7.331804,8.88546,7.792832,9.322512,39.32497,-21.91452,-32.52846
34260.,7.331586,8.885246,7.792617,9.32229,39.32479,-21.91469,-32.53049
34270.,7.331369,8.885031,7.792402,9.322067,39.32462,-21.91486,-32.53253
34280.,7.331152,8.884817,7.792187,9.321845,39.32445,-21.91503,-32.53456
34290.,7.330934,8.884603,7.791973,9.321622,39.32427,-21.91521,-32.5366
34300.,7.330718,8.884389,7.791759,9.3214,39.3241,-21.91538,-32.53863
34310.,7.330501,8.884176,7.791544,9.321177,39.32392,-21.91555,-32.5387
34320.,7.330284,8.883962,7.791329,9.320955,39.32375,-21.91572,-32.53838
34330.,7.330068,8.883749,7.791113,9.320733,39.32358,-21.9159,-32.53801
34340.,7.329852,8.883535,7.790898,9.320511,39.32341,-21.91607,-32.53763
34350.,7.329636,8.883322,7.790681,9.32029,39.32324,-21.91624,-32.53726
34360.,7.32942,8.883109,7.790465,9.320069,39.32307,-21.91641,-32.53688
34370.,7.329205,8.882896,7.790248,9.319848,39.32291,-21.91658,-32.5365
34380.,7.328989,8.882683,7.790031,9.319628,39.32274,-21.91675,-32.53613
34390.,7.328774,8.882471,7.789813,9.319408,39.32257,-21.91692,-32.53575
34400.,7.328559,8.882258,7.789595,9.319189,39.32241,-21.91709,-32.53537
34410.,7.328345,8.882046,7.789377,9.31897,39.32225,-21.91726,-32.53499
34420.,7.32813,8.881833,7.789158,9.318751,39.32209,-21.91744,-32.53462
34430.,7.327916,8.881621,7.788939,9.318532,39.32192,-21.91761,-32.53424
34440.,7.327702,8.881409,7.788719,9.318314,39.32176,-21.91778,-32.53386
34450.,7.327488,8.881197,7.7885,9.318096,39.3216,-21.91795,-32.53348
34460.,7.327274,8.880985,7.78828,9.317879,39.32145,-21.91812,-32.5331
34470.,7.32706,8.880773,7.788059,9.317662,39.32129,-21.91829,-32.53272
34480.,7.326847,8.880562,7.787839,9.317445,39.32113,-21.91845,-32.53234
34490.,7.326634,8.88035,7.787618,9.317228,39.32098,-21.91862,-32.53196
34500.,7.326421,8.880139,7.787397,9.317012,39.32082,-21.91879,-32.53158
34510.,7.326208,8.879928,7.787175,9.316797,39.32067,-21.91896,-32.5312
34520.,7.325996,8.879717,7.786954,9.316581,39.32051,-21.91913,-32.53082
34530.,7.325784,8.879506,7.786732,9.316366,39.32036,-21.9193,-32.53044
34540.,7.325571,8.879295,7.786509,9.316151,39.32021,-21.91947,-32.53006
34550.,7.32536,8.879084,7.786287,9.315937,39.32006,-21.91964,-32.52968
34560.,7.325148,8.878874,7.786064,9.315723,39.31991,-21.91981,-32.5293
34570.,7.324936,8.878664,7.785841,9.315509,39.31976,-21.91997,-32.52892
34580.,7.324725,8.878453,7.785618,9.315296,39.31961,-21.92014,-32.52854
34590.,7.324514,8.878243,7.785394,9.315083,39.31947,-21.92031,-32.52816
34600.,7.324303,8.878033,7.785171,9.31487,39.31932,-21.92048,-32.52777
34610.,7.324093,8.877824,7.784947,9.314658,39.31918,-21.92064,-32.52739
34620.,7.323882,8.877614,7.784723,9.314445,39.31903,-21.92081,-32.52701
34630.,7.323672,8.877404,7.784498,9.314234,39.31889,-21.92098,-32.52663
34640.,7.323462,8.877195,7.784274,9.314022,39.31874,-21.92115,-32.52624
34650.,7.323253,8.876986,7.784049,9.313811,39.3186,-21.92131,-32.52586
34660.,7.323043,8.876777,7.783824,9.313601,39.31846,-21.92148,-32.52548
34670.,7.322834,8.876568,7.783599,9.31339,39.31832,-21.92165,-32.52509
34680.,7.322625,8.876359,7.783373,9.31318,39.31818,-21.92181,-32.52471
34690.,7.322416,8.876151,7.783148,9.31297,39.31804,-21.92198,-32.52433
34700.,7.322207,8.875942,7.782922,9.312761,39.3179,-21.92214,-32.52394
34710.,7.321999,8.875734,7.782696,9.312552,39.31776,-21.92231,-32.52356
34720.,7.32179,8.875526,7.78247,9.312343,39.31762,-21.92248,-32.52317
34730.,7.321582,8.875318,7.782244,9.312135,39.31749,-21.92264,-32.52279
34740.,7.321375,8.87511,7.782017,9.311927,39.31735,-21.92281,-32.5224
34750.,7.321167,8.874903,7.781791,9.311719,39.31722,-21.92297,-32.52202
34760.,7.32096,8.874695,7.781564,9.311511,39.31708,-21.92314,-32.52163
34770.,7.320753,8.874488,7.781337,9.311304,39.31695,-21.9233,-32.52124
34780.,7.320546,8.874281,7.78111,9.311098,39.31681,-21.92347,-32.52086
34790.,7.320339,8.874074,7.780883,9.310891,39.31668,-21.92363,-32.52047
34800.,7.320133,8.873867,7.780656,9.310685,39.31655,-21.92379,-32.52009
34810.,7.319926,8.873661,7.780429,9.310479,39.31642,-21.92396,-32.51995
34820.,7.31972,8.873455,7.780203,9.310273,39.31629,-21.92412,-32.52028
34830.,7.319515,8.87325,7.779978,9.310068,39.31615,-21.92429,-32.52066
34840.,7.319309,8.873046,7.779755,9.309863,39.31602,-21.92445,-32.52105
34850.,7.319104,8.872843,7.779532,9.309658,39.31589,-21.92461,-32.52144
34860.,7.318899,8.87264,7.77931,9.309453,39.31576,-21.92478,-32.52183
34870.,7.318694,8.872438,7.77909,9.309248,39.31563,-21.92494,-32.52221
34880.,7.318489,8.872237,7.778871,9.309043,39.3155,-21.9251,-32.5226
34890.,7.318285,8.872036,7.778652,9.308839,39.31537,-21.92526,-32.52299
34900.,7.318081,8.871836,7.778435,9.308635,39.31524,-21.92543,-32.52338
34910.,7.317877,8.871637,7.778219,9.308431,39.3151,-21.92559,-32.52376
34920.,7.317673,8.871439,7.778004,9.308227,39.31497,-21.92575,-32.52415
34930.,7.31747,8.871241,7.77779,9.308024,39.31484,-21.92591,-32.52454
34940.,7.317266,8.871044,7.777577,9.30782,39.31471,-21.92607,-32.52493
34950.,7.317064,8.870848,7.777365,9.307617,39.31458,-21.92623,-32.52531
34960.,7.316861,8.870652,7.777154,9.307414,39.31445,-21.9264,-32.5257
34970.,7.316658,8.870457,7.776944,9.307211,39.31432,-21.92656,-32.52609
34980.,7.316456,8.870263,7.776735,9.307009,39.31419,-21.92672,-32.52647
34990.,7.316254,8.870069,7.776526,9.306806,39.31406,-21.92688,-32.52686
35000.,7.316053,8.869876,7.776319,9.306604,39.31393,-21.92704,-32.52725
35010.,7.315851,8.869684,7.776113,9.306402,39.3138,-21.9272,-32.52763
35020.,7.31565,8.869493,7.775908,9.306201,39.31367,-21.92736,-32.52802
35030.,7.315449,8.869302,7.775704,9.305999,39.31354,-21.92752,-32.5284
35040.,7.315249,8.869112,7.775501,9.305798,39.31341,-21.92768,-32.52879
35050.,7.315048,8.868922,7.775299,9.305597,39.31328,-21.92784,-32.52918
35060.,7.314848,8.868733,7.775097,9.305396,39.31316,-21.928,-32.52956
35070.,7.314648,8.868545,7.774897,9.305195,39.31303,-21.92816,-32.52995
35080.,7.314449,8.868357,7.774698,9.304995,39.3129,-21.92831,-32.53033
35090.,7.314249,8.868171,7.774499,9.304795,39.31277,-21.92847,-32.53072
35100.,7.31405,8.867984,7.774302,9.304595,39.31264,-21.92863,-32.5311
35110.,7.313852,8.867799,7.774105,9.304395,39.31251,-21.92879,-32.53149
35120.,7.313653,8.867614,7.773909,9.304195,39.31238,-21.92895,-32.53187
35130.,7.313455,8.86743,7.773715,9.303996,39.31226,-21.9291,-32.53225
35140.,7.313257,8.867246,7.773521,9.303797,39.31213,-21.92926,-32.53264
35150.,7.313059,8.867063,7.773328,9.303598,39.312,-21.92942,-32.53302
35160.,7.312862,8.86688,7.773136,9.3034,39.31187,-21.92957,-32.53341
35170.,7.312665,8.866699,7.772945,9.303202,39.31175,-21.92973,-32.53379
35180.,7.312468,8.866518,7.772754,9.303004,39.31162,-21.92989,-32.53417
35190.,7.312271,8.866337,7.772565,9.302806,39.31149,-21.93004,-32.53456
35200.,7.312075,8.866157,7.772376,9.302608,39.31136,-21.9302,-32.53494
35210.,7.311879,8.865978,7.772189,9.302411,39.31124,-21.93036,-32.53532
35220.,7.311683,8.865799,7.772002,9.302214,39.31111,-21.93051,-32.53571
35230.,7.311488,8.865621,7.771816,9.302017,39.31098,-21.93067,-32.53609
35240.,7.311293,8.865444,7.771631,9.30182,39.31086,-21.93082,-32.53647
35250.,7.311098,8.865267,7.771446,9.301624,39.31073,-21.93098,-32.53685
35260.,7.310903,8.865091,7.771263,9.301428,39.31061,-21.93113,-32.53724
35270.,7.310709,8.864915,7.77108,9.301232,39.31048,-21.93128,-32.53762
35280.,7.310515,8.86474,7.770899,9.301037,39.31035,-21.93144,-32.538
35290.,7.310321,8.864566,7.770718,9.300841,39.31023,-21.93159,-32.53838
35300.,7.310128,8.864392,7.770538,9.300646,39.3101,-21.93175,-32.53876
35310.,7.309935,8.864219,7.770358,9.300452,39.30998,-21.9319,-32.53914
35320.,7.309742,8.864046,7.770179,9.300257,39.30985,-21.93205,-32.53978
35330.,7.309549,8.863873,7.770001,9.300063,39.30973,-21.93221,-32.54047
35340.,7.309357,8.8637,7.769822,9.299868,39.3096,-21.93236,-32.54116
35350.,7.309165,8.863527,7.769644,9.299675,39.30948,-21.93251,-32.54185
35360.,7.308974,8.863354,7.769467,9.299481,39.30935,-21.93266,-32.54254
35370.,7.308782,8.863181,7.769289,9.299287,39.30923,-21.93281,-32.54323
35380.,7.308591,8.863008,7.769112,9.299094,39.3091,-21.93297,-32.54393
35390.,7.3084,8.862835,7.768935,9.298901,39.30898,-21.93312,-32.54462
35400.,7.30821,8.862663,7.768759,9.298708,39.30885,-21.93327,-32.54531
35410.,7.30802,8.86249,7.768582,9.298515,39.30873,-21.93342,-32.546
35420.,7.30783,8.862317,7.768406,9.298322,39.3086,-21.93357,-32.54669
35430.,7.30764,8.862144,7.768231,9.29813,39.30848,-21.93372,-32.54738
35440.,7.307451,8.861972,7.768055,9.297938,39.30835,-21.93387,-32.54807
35450.,7.307261,8.861799,7.76788,9.297746,39.30823,-21.93402,-32.54876
35460.,7.307073,8.861627,7.767705,9.297554,39.3081,-21.93417,-32.54945
35470.,7.306884,8.861454,7.767531,9.297363,39.30798,-21.93432,-32.55015
35480.,7.306696,8.861282,7.767356,9.297171,39.30785,-21.93447,-32.55084
35490.,7.306508,8.86111,7.767182,9.29698,39.30773,-21.93462,-32.55153
35500.,7.30632,8.860937,7.767009,9.296789,39.30761,-21.93477,-32.55222
35510.,7.306132,8.860765,7.766835,9.296598,39.30748,-21.93492,-32.55291
35520.,7.305945,8.860593,7.766662,9.296407,39.30736,-21.93506,-32.5536
35530.,7.305758,8.860421,7.766489,9.296217,39.30723,-21.93521,-32.55429
35540.,7.305572,8.860249,7.766317,9.296027,39.30711,-21.93536,-32.55497
35550.,7.305385,8.860076,7.766144,9.295837,39.30698,-21.93551,-32.55566
35560.,7.305199,8.859905,7.765972,9.295647,39.30686,-21.93566,-32.55635
35570.,7.305013,8.859733,7.765801,9.295457,39.30673,-21.9358,-32.55704
35580.,7.304827,8.859561,7.765629,9.295268,39.30661,-21.93595,-32.55773
35590.,7.304642,8.859389,7.765458,9.295079,39.30649,-21.9361,-32.55842
35600.,7.304457,8.859217,7.765287,9.294889,39.30636,-21.93624,-32.55911
35610.,7.304272,8.859046,7.765116,9.294701,39.30624,-21.93639,-32.5598
35620.,7.304088,8.858874,7.764946,9.294512,39.30611,-21.93654,-32.56049
35630.,7.303903,8.858703,7.764776,9.294323,39.30599,-21.93668,-32.56118
35640.,7.303719,8.858531,7.764606,9.294135,39.30587,-21.93683,-32.56186
35650.,7.303535,8.85836,7.764436,9.293947,39.30574,-21.93697,-32.56255
35660.,7.303352,8.858188,7.764267,9.293759,39.30562,-21.93712,-32.56324
35670.,7.303168,8.858017,7.764097,9.293571,39.30549,-21.93726,-32.56393
35680.,7.302985,8.857846,7.763929,9.293383,39.30537,-21.93741,-32.56462
35690.,7.302802,8.857675,7.76376,9.293196,39.30525,-21.93755,-32.5653
35700.,7.30262,8.857504,7.763592,9.293009,39.30512,-21.9377,-32.56599
35710.,7.302438,8.857333,7.763424,9.292822,39.305,-21.93784,-32.56668
35720.,7.302256,8.857162,7.763256,9.292635,39.30488,-21.93799,-32.56737
35730.,7.302074,8.856991,7.763088,9.292448,39.30475,-21.93813,-32.56805
35740.,7.301892,8.856821,7.762921,9.292262,39.30463,-21.93828,-32.56874
35750.,7.301711,8.85665,7.762754,9.292076,39.30451,-21.93842,-32.56943
35760.,7.30153,8.856479,7.762587,9.29189,39.30438,-21.93856,-32.57011
35770.,7.301349,8.856309,7.76242,9.291704,39.30426,-21.93871,-32.5708
35780.,7.301168,8.856138,7.762254,9.291518,39.30414,-21.93885,-32.57149
35790.,7.300988,8.855968,7.762088,9.291332,39.30401,-21.93899,-32.57217
35800.,7.300808,8.855798,7.761922,9.291147,39.30389,-21.93913,-32.57286
35810.,7.300628,8.855628,7.761756,9.290962,39.30377,-21.93928,-32.57355
35820.,7.300448,8.855458,7.761591,9.290777,39.30364,-21.93942,-32.57351
35830.,7.300269,8.855287,7.761425,9.290592,39.30352,-21.93956,-32.57263
35840.,7.30009,8.855117,7.76126,9.290408,39.3034,-21.9397,-32.57166
35850.,7.299911,8.854946,7.761095,9.290225,39.30327,-21.93985,-32.57067
35860.,7.299732,8.854776,7.760929,9.290042,39.30315,-21.93999,-32.56969
35870.,7.299554,8.854605,7.760764,9.289859,39.30302,-21.94013,-32.5687
35880.,7.299375,8.854434,7.760599,9.289677,39.3029,-21.94027,-32.56772
35890.,7.299197,8.854263,7.760434,9.289496,39.30277,-21.94041,-32.56673
35900.,7.29902,8.854091,7.760268,9.289315,39.30264,-21.94055,-32.56575
35910.,7.298842,8.85392,7.760103,9.289134,39.30252,-21.94069,-32.56476
35920.,7.298665,8.853748,7.759938,9.288954,39.30239,-21.94083,-32.56378
35930.,7.298488,8.853577,7.759773,9.288774,39.30226,-21.94097,-32.56279
35940.,7.298311,8.853405,7.759608,9.288595,39.30213,-21.94111,-32.5618
35950.,7.298134,8.853233,7.759443,9.288416,39.30201,-21.94125,-32.56081
35960.,7.297957,8.853061,7.759278,9.288238,39.30188,-21.94139,-32.55983
35970.,7.297781,8.852889,7.759113,9.28806,39.30175,-21.94153,-32.55884
35980.,7.297605,8.852717,7.758948,9.287883,39.30162,-21.94167,-32.55785
35990.,7.297429,8.852545,7.758783,9.287706,39.30149,-21.94181,-32.55686
36000.,7.297254,8.852372,7.758618,9.287529,39.30136,-21.94195,-32.55587
36010.,7.297078,8.8522,7.758453,9.287353,39.30123,-21.94209,-32.55489
36020.,7.296903,8.852027,7.758288,9.287177,39.3011,-21.94223,-32.5539
36030.,7.296728,8.851854,7.758123,9.287002,39.30097,-21.94237,-32.55291
36040.,7.296553,8.851681,7.757958,9.286827,39.30084,-21.94251,-32.55192
36050.,7.296378,8.851508,7.757793,9.286652,39.30071,-21.94264,-32.55093
36060.,7.296204,8.851335,7.757629,9.286478,39.30057,-21.94278,-32.54994
36070.,7.296029,8.851162,7.757464,9.286304,39.30044,-21.94292,-32.54895
36080.,7.295855,8.850989,7.757299,9.286131,39.30031,-21.94306,-32.54795
36090.,7.295681,8.850815,7.757135,9.285958,39.30018,-21.9432,-32.54696
36100.,7.295508,8.850642,7.75697,9.285786,39.30004,-21.94333,-32.54597
36110.,7.295334,8.850468,7.756805,9.285613,39.29991,-21.94347,-32.54498
36120.,7.295161,8.850295,7.756641,9.285442,39.29978,-21.94361,-32.54399
36130.,7.294987,8.850121,7.756476,9.28527,39.29964,-21.94375,-32.543
36140.,7.294814,8.849947,7.756312,9.285099,39.29951,-21.94388,-32.542
36150.,7.294642,8.849773,7.756147,9.284929,39.29938,-21.94402,-32.54101
36160.,7.294469,8.849599,7.755983,9.284758,39.29924,-21.94416,-32.54002
36170.,7.294297,8.849425,7.755818,9.284588,39.29911,-21.94429,-32.53902
36180.,7.294124,8.849251,7.755654,9.284419,39.29897,-21.94443,-32.53803
36190.,7.293952,8.849077,7.75549,9.28425,39.29884,-21.94457,-32.53704
36200.,7.29378,8.848902,7.755325,9.284081,39.2987,-21.9447,-32.53604
36210.,7.293608,8.848728,7.755161,9.283912,39.29857,-21.94484,-32.53505
36220.,7.293437,8.848553,7.754997,9.283744,39.29843,-21.94498,-32.53406
36230.,7.293265,8.848379,7.754833,9.283576,39.29829,-21.94511,-32.53306
36240.,7.293094,8.848204,7.754668,9.283409,39.29816,-21.94525,-32.53207
36250.,7.292923,8.848029,7.754504,9.283242,39.29802,-21.94538,-32.53107
36260.,7.292752,8.847855,7.75434,9.283075,39.29788,-21.94552,-32.53008
36270.,7.292581,8.84768,7.754176,9.282908,39.29775,-21.94566,-32.52908
36280.,7.292411,8.847505,7.754012,9.282742,39.29761,-21.94579,-32.52808
36290.,7.29224,8.84733,7.753848,9.282576,39.29747,-21.94593,-32.52709
36300.,7.29207,8.847154,7.753684,9.282411,39.29733,-21.94606,-32.52609
36310.,7.2919,8.846979,7.75352,9.282246,39.2972,-21.9462,-32.5251
36320.,7.29173,8.846804,7.753356,9.282081,39.29706,-21.94633,-32.52416
36330.,7.29156,8.84663,7.753193,9.281916,39.29692,-21.94647,-32.52429
36340.,7.29139,8.846456,7.75303,9.281751,39.29678,-21.9466,-32.52455
36350.,7.291221,8.846283,7.752867,9.281587,39.29665,-21.94674,-32.52481
36360.,7.291051,8.846111,7.752705,9.281422,39.29651,-21.94687,-32.52508
36370.,7.290882,8.84594,7.752543,9.281258,39.29637,-21.947,-32.52535
36380.,7.290713,8.84577,7.752382,9.281094,39.29623,-21.94714,-32.52562
36390.,7.290544,8.8456,7.752221,9.280929,39.2961,-21.94727,-32.52588
36400.,7.290376,8.845431,7.752061,9.280765,39.29596,-21.94741,-32.52615
36410.,7.290207,8.845263,7.751901,9.280601,39.29582,-21.94754,-32.52642
36420.,7.290039,8.845096,7.751741,9.280437,39.29569,-21.94767,-32.52669
36430.,7.28987,8.844929,7.751582,9.280273,39.29555,-21.94781,-32.52695
36440.,7.289702,8.844764,7.751424,9.280109,39.29542,-21.94794,-32.52722
36450.,7.289535,8.844599,7.751265,9.279946,39.29528,-21.94807,-32.52749
36460.,7.289367,8.844434,7.751108,9.279782,39.29515,-21.94821,-32.52776
36470.,7.289199,8.844271,7.75095,9.279619,39.29501,-21.94834,-32.52802
36480.,7.289032,8.844108,7.750793,9.279455,39.29487,-21.94847,-32.52829
36490.,7.288865,8.843946,7.750637,9.279292,39.29474,-21.94861,-32.52856
36500.,7.288698,8.843784,7.750481,9.279129,39.2946,-21.94874,-32.52883
36510.,7.288531,8.843624,7.750325,9.278966,39.29447,-21.94887,-32.52909
36520.,7.288365,8.843464,7.75017,9.278803,39.29434,-21.949,-32.52936
36530.,7.288198,8.843305,7.750015,9.27864,39.2942,-21.94914,-32.52963
36540.,7.288032,8.843146,7.749861,9.278477,39.29407,-21.94927,-32.52989
36550.,7.287866,8.842988,7.749707,9.278314,39.29393,-21.9494,-32.53016
36560.,7.2877,8.842831,7.749553,9.278152,39.2938,-21.94953,-32.53043
36570.,7.287534,8.842675,7.7494,9.277989,39.29366,-21.94966,-32.53069
36580.,7.287369,8.842519,7.749247,9.277827,39.29353,-21.9498,-32.53096
36590.,7.287203,8.842364,7.749095,9.277665,39.2934,-21.94993,-32.53123
36600.,7.287038,8.84221,7.748943,9.277503,39.29326,-21.95006,-32.53149
36610.,7.286873,8.842056,7.748792,9.277341,39.29313,-21.95019,-32.53176
36620.,7.286709,8.841903,7.748641,9.277179,39.293,-21.95032,-32.53202
36630.,7.286544,8.841751,7.74849,9.277017,39.29287,-21.95045,-32.53229
36640.,7.28638,8.841599,7.74834,9.276856,39.29273,-21.95058,-32.53256
36650.,7.286216,8.841448,7.74819,9.276694,39.2926,-21.95071,-32.53282
36660.,7.286052,8.841297,7.74804,9.276533,39.29247,-21.95084,-32.53309
36670.,7.285888,8.841148,7.747891,9.276372,39.29234,-21.95097,-32.53335
36680.,7.285724,8.840999,7.747743,9.276211,39.29221,-21.9511,-32.53362
36690.,7.285561,8.84085,7.747594,9.27605,39.29207,-21.95123,-32.53389
36700.,7.285398,8.840703,7.747446,9.275889,39.29194,-21.95136,-32.53415
36710.,7.285235,8.840555,7.747299,9.275729,39.29181,-21.95149,-32.53442
36720.,7.285072,8.840409,7.747152,9.275568,39.29168,-21.95162,-32.53468
36730.,7.284909,8.840263,7.747005,9.275408,39.29155,-21.95175,-32.53495
36740.,7.284747,8.840118,7.746859,9.275248,39.29142,-21.95188,-32.53521
36750.,7.284585,8.839973,7.746713,9.275088,39.29129,-21.95201,-32.53548
36760.,7.284423,8.839829,7.746567,9.274928,39.29116,-21.95214,-32.53574
36770.,7.284261,8.839686,7.746422,9.274768,39.29103,-21.95226,-32.53601
36780.,7.284099,8.839543,7.746278,9.274608,39.2909,-21.95239,-32.53627
36790.,7.283938,8.839401,7.746133,9.274449,39.29077,-21.95252,-32.53654
36800.,7.283777,8.839259,7.745989,9.27429,39.29064,-21.95265,-32.5368
36810.,7.283616,8.839118,7.745846,9.274131,39.29051,-21.95278,-32.53706
36820.,7.283455,8.838978,7.745702,9.273972,39.29038,-21.9529,-32.53733
36830.,7.283295,8.838837,7.745559,9.273813,39.29025,-21.95303,-32.53854
36840.,7.283134,8.838697,7.745416,9.273654,39.29012,-21.95316,-32.54025
36850.,7.282974,8.838556,7.745272,9.273495,39.28999,-21.95329,-32.54196
36860.,7.282814,8.838414,7.745129,9.273335,39.28987,-21.95341,-32.54367
36870.,7.282654,8.838272,7.744985,9.273176,39.28974,-21.95354,-32.54538
36880.,7.282495,8.83813,7.744841,9.273017,39.28961,-21.95367,-32.54709
36890.,7.282335,8.837988,7.744697,9.272857,39.28948,-21.9538,-32.5488
36900.,7.282176,8.837845,7.744553,9.272697,39.28935,-21.95392,-32.55051
36910.,7.282017,8.837702,7.744409,9.272537,39.28922,-21.95405,-32.55222
36920.,7.281859,8.837558,7.744264,9.272378,39.28909,-21.95417,-32.55393
36930.,7.2817,8.837414,7.74412,9.272217,39.28896,-21.9543,-32.55564
36940.,7.281541,8.83727,7.743975,9.272057,39.28883,-21.95443,-32.55735
36950.,7.281383,8.837126,7.74383,9.271897,39.2887,-21.95455,-32.55907
36960.,7.281225,8.836981,7.743685,9.271736,39.28857,-21.95468,-32.56078
36970.,7.281067,8.836836,7.74354,9.271576,39.28844,-21.9548,-32.56249
36980.,7.280909,8.83669,7.743395,9.271415,39.28831,-21.95493,-32.5642
36990.,7.280752,8.836545,7.743249,9.271254,39.28818,-21.95505,-32.56591
37000.,7.280594,8.836399,7.743104,9.271094,39.28805,-21.95518,-32.56762
37010.,7.280437,8.836252,7.742958,9.270933,39.28792,-21.9553,-32.56934
37020.,7.28028,8.836106,7.742812,9.270771,39.28779,-21.95543,-32.57105
37030.,7.280123,8.835959,7.742666,9.27061,39.28766,-21.95555,-32.57276
37040.,7.279966,8.835811,7.74252,9.270449,39.28753,-21.95568,-32.57447
37050.,7.27981,8.835664,7.742374,9.270287,39.2874,-21.9558,-32.57619
37060.,7.279653,8.835516,7.742228,9.270126,39.28727,-21.95593,-32.5779
37070.,7.279497,8.835368,7.742081,9.269964,39.28713,-21.95605,-32.57961
37080.,7.279341,8.835219,7.741935,9.269802,39.287,-21.95618,-32.58132
37090.,7.279185,8.835071,7.741788,9.26964,39.28687,-21.9563,-32.58304
37100.,7.279029,8.834921,7.741641,9.269478,39.28674,-21.95643,-32.58475
37110.,7.278873,8.834772,7.741494,9.269316,39.28661,-21.95655,-32.58646
37120.,7.278717,8.834623,7.741347,9.269154,39.28648,-21.95667,-32.58818
37130.,7.278562,8.834473,7.7412,9.268991,39.28635,-21.9568,-32.58989
37140.,7.278406,8.834323,7.741052,9.268829,39.28622,-21.95692,-32.5916
37150.,7.278251,8.834172,7.740905,9.268666,39.28609,-21.95704,-32.59332
37160.,7.278096,8.834021,7.740757,9.268503,39.28595,-21.95717,-32.59503
37170.,7.277941,8.83387,7.74061,9.268341,39.28582,-21.95729,-32.59674
37180.,7.277786,8.833719,7.740462,9.268178,39.28569,-21.95741,-32.59846
37190.,7.277631,8.833568,7.740314,9.268015,39.28556,-21.95754,-32.60017
37200.,7.277477,8.833416,7.740166,9.267851,39.28543,-21.95766,-32.60189
37210.,7.277322,8.833264,7.740018,9.267688,39.2853,-21.95778,-32.6036
37220.,7.277168,8.833111,7.739869,9.267525,39.28516,-21.95791,-32.60532
37230.,7.277014,8.832959,7.739721,9.267361,39.28503,-21.95803,-32.60703
37240.,7.276859,8.832806,7.739572,9.267198,39.2849,-21.95815,-32.60874
37250.,7.276705,8.832653,7.739424,9.267034,39.28477,-21.95827,-32.61046
37260.,7.276551,8.8325,7.739275,9.26687,39.28464,-21.9584,-32.61217
37270.,7.276397,8.832346,7.739126,9.266706,39.2845,-21.95852,-32.61389
37280.,7.276244,8.832192,7.738977,9.266542,39.28437,-21.95864,-32.6156
37290.,7.27609,8.832038,7.738828,9.266378,39.28424,-21.95876,-32.61732
37300.,7.275937,8.831884,7.738678,9.266214,39.28411,-21.95889,-32.61903
37310.,7.275783,8.831729,7.738529,9.26605,39.28397,-21.95901,-32.62075
37320.,7.27563,8.831575,7.73838,9.265885,39.28384,-21.95913,-32.62247
37330.,7.275477,8.83142,7.73823,9.265721,39.28371,-21.95925,-32.62378
37340.,7.275323,8.831265,7.738081,9.265556,39.28358,-21.95938,-32.62327
37350.,7.27517,8.831111,7.737931,9.265392,39.28345,-21.9595,-32.62273
37360.,7.275017,8.830957,7.737782,9.265229,39.28332,-21.95962,-32.62218
37370.,7.274865,8.830803,7.737633,9.265065,39.28319,-21.95974,-32.62163
37380.,7.274712,8.83065,7.737484,9.264902,39.28307,-21.95986,-32.62109
37390.,7.274559,8.830497,7.737335,9.26474,39.28294,-21.95998,-32.62054
37400.,7.274407,8.830345,7.737186,9.264577,39.28282,-21.9601,-32.61999
37410.,7.274255,8.830192,7.737037,9.264416,39.2827,-21.96023,-32.61944
37420.,7.274102,8.830041,7.736888,9.264254,39.28257,-21.96035,-32.61889
37430.,7.27395,8.829889,7.73674,9.264093,39.28245,-21.96047,-32.61834
37440.,7.273798,8.829738,7.736591,9.263932,39.28234,-21.96059,-32.61779
37450.,7.273646,8.829587,7.736443,9.263771,39.28222,-21.96071,-32.61724
37460.,7.273495,8.829437,7.736295,9.263611,39.2821,-21.96083,-32.61669
37470.,7.273343,8.829287,7.736146,9.263451,39.28199,-21.96095,-32.61614
37480.,7.273192,8.829137,7.735998,9.263292,39.28187,-21.96107,-32.61559
37490.,7.273041,8.828987,7.735851,9.263133,39.28176,-21.96119,-32.61504
37500.,7.272889,8.828838,7.735703,9.262974,39.28165,-21.96131,-32.61449
37510.,7.272738,8.82869,7.735555,9.262816,39.28154,-21.96143,-32.61394
37520.,7.272588,8.828541,7.735408,9.262658,39.28143,-21.96155,-32.61339
37530.,7.272437,8.828393,7.735261,9.2625,39.28132,-21.96167,-32.61283
37540.,7.272287,8.828246,7.735114,9.262343,39.28122,-21.96179,-32.61228
37550.,7.272136,8.828098,7.734967,9.262186,39.28111,-21.96191,-32.61173
37560.,7.271986,8.827951,7.73482,9.262029,39.28101,-21.96203,-32.61118
37570.,7.271836,8.827805,7.734673,9.261873,39.2809,-21.96215,-32.61063
37580.,7.271686,8.827659,7.734527,9.261717,39.2808,-21.96227,-32.61007
37590.,7.271537,8.827513,7.73438,9.261562,39.2807,-21.96239,-32.60952
37600.,7.271387,8.827367,7.734234,9.261406,39.2806,-21.96251,-32.60897
37610.,7.271238,8.827222,7.734088,9.261252,39.2805,-21.96263,-32.60841
37620.,7.271089,8.827077,7.733942,9.261097,39.2804,-21.96275,-32.60786
37630.,7.27094,8.826933,7.733797,9.260943,39.2803,-21.96287,-32.6073
37640.,7.270791,8.826789,7.733651,9.26079,39.2802,-21.96298,-32.60675
37650.,7.270643,8.826645,7.733506,9.260636,39.28011,-21.9631,-32.6062
37660.,7.270494,8.826502,7.733361,9.260483,39.28001,-21.96322,-32.60564
37670.,7.270346,8.826359,7.733216,9.260331,39.27992,-21.96334,-32.60508
37680.,7.270198,8.826216,7.733071,9.260179,39.27983,-21.96346,-32.60453
37690.,7.27005,8.826074,7.732926,9.260027,39.27974,-21.96357,-32.60397
37700.,7.269903,8.825932,7.732782,9.259875,39.27965,-21.96369,-32.60342
37710.,7.269755,8.825791,7.732638,9.259724,39.27956,-21.96381,-32.60286
37720.,7.269608,8.825649,7.732494,9.259573,39.27947,-21.96393,-32.60231
37730.,7.269461,8.825509,7.73235,9.259423,39.27938,-21.96404,-32.60175
37740.,7.269315,8.825368,7.732206,9.259273,39.27929,-21.96416,-32.60119
37750.,7.269168,8.825228,7.732063,9.259123,39.27921,-21.96428,-32.60063
37760.,7.269022,8.825088,7.73192,9.258974,39.27912,-21.96439,-32.60008
37770.,7.268876,8.824949,7.731777,9.258825,39.27904,-21.96451,-32.59952
37780.,7.26873,8.82481,7.731634,9.258677,39.27895,-21.96462,-32.59896
37790.,7.268584,8.824671,7.731492,9.258529,39.27887,-21.96474,-32.5984
37800.,7.268439,8.824533,7.731349,9.258381,39.27879,-21.96486,-32.59784
37810.,7.268293,8.824395,7.731207,9.258234,39.27871,-21.96497,-32.59729
37820.,7.268148,8.824258,7.731065,9.258087,39.27863,-21.96509,-32.59673
37830.,7.268004,8.824121,7.730923,9.25794,39.27855,-21.9652,-32.59617
37840.,7.267859,8.823983,7.730781,9.257794,39.27847,-21.96532,-32.59582
37850.,7.267715,8.823845,7.730639,9.257648,39.27839,-21.96543,-32.59557
37860.,7.267571,8.823705,7.730497,9.257502,39.27831,-21.96555,-32.59533
37870.,7.267427,8.823565,7.730355,9.257357,39.27822,-21.96566,-32.59509
37880.,7.267283,8.823425,7.730212,9.257212,39.27814,-21.96577,-32.59485
37890.,7.26714,8.823283,7.730069,9.257067,39.27806,-21.96589,-32.59461
37900.,7.266996,8.823141,7.729926,9.256923,39.27798,-21.966,-32.59437
37910.,7.266853,8.822998,7.729782,9.256778,39.2779,-21.96612,-32.59413
37920.,7.26671,8.822854,7.729639,9.256634,39.27782,-21.96623,-32.59389
37930.,7.266568,8.82271,7.729495,9.256491,39.27773,-21.96634,-32.59365
37940.,7.266425,8.822565,7.729351,9.256347,39.27765,-21.96646,-32.59341
37950.,7.266283,8.822419,7.729207,9.256204,39.27757,-21.96657,-32.59317
37960.,7.266141,8.822273,7.729062,9.256061,39.27748,-21.96668,-32.59293
37970.,7.265999,8.822125,7.728917,9.255919,39.2774,-21.9668,-32.59269
37980.,7.265857,8.821977,7.728773,9.255776,39.27731,-21.96691,-32.59245
37990.,7.265716,8.821829,7.728627,9.255634,39.27723,-21.96702,-32.59221
38000.,7.265574,8.82168,7.728482,9.255492,39.27714,-21.96713,-32.59197
38010.,7.265433,8.82153,7.728337,9.255351,39.27706,-21.96724,-32.59173
38020.,7.265292,8.821379,7.728191,9.255209,39.27697,-21.96736,-32.59149
38030.,7.265151,8.821228,7.728045,9.255068,39.27688,-21.96747,-32.59124
38040.,7.26501,8.821076,7.727899,9.254927,39.2768,-21.96758,-32.591
38050.,7.264869,8.820923,7.727752,9.254786,39.27671,-21.96769,-32.59076
38060.,7.264729,8.82077,7.727606,9.254646,39.27662,-21.9678,-32.59052
38070.,7.264589,8.820616,7.727459,9.254505,39.27653,-21.96792,-32.59028
38080.,7.264448,8.820461,7.727312,9.254365,39.27645,-21.96803,-32.59003
38090.,7.264308,8.820306,7.727165,9.254225,39.27636,-21.96814,-32.58979
38100.,7.264169,8.82015,7.727017,9.254086,39.27627,-21.96825,-32.58955
38110.,7.264029,8.819994,7.72687,9.253946,39.27618,-21.96836,-32.58931
38120.,7.263889,8.819837,7.726722,9.253807,39.27609,-21.96847,-32.58906
38130.,7.26375,8.819679,7.726574,9.253668,39.276,-21.96858,-32.58882
38140.,7.26361,8.819521,7.726426,9.253529,39.27591,-21.96869,-32.58858
38150.,7.263471,8.819362,7.726277,9.25339,39.27582,-21.9688,-32.58833
38160.,7.263332,8.819203,7.726129,9.253251,39.27573,-21.96891,-32.58809
38170.,7.263193,8.819043,7.72598,9.253113,39.27564,-21.96902,-32.58785
38180.,7.263054,8.818882,7.725831,9.252975,39.27555,-21.96913,-32.5876
38190.,7.262915,8.818721,7.725682,9.252837,39.27546,-21.96925,-32.58736
38200.,7.262777,8.818559,7.725532,9.252699,39.27537,-21.96936,-32.58712
38210.,7.262638,8.818397,7.725383,9.252561,39.27528,-21.96947,-32.58687
38220.,7.2625,8.818234,7.725233,9.252424,39.27518,-21.96958,-32.58663
38230.,7.262361,8.81807,7.725083,9.252286,39.27509,-21.96969,-32.58638
38240.,7.262223,8.817906,7.724933,9.252149,39.275,-21.9698,-32.58614
38250.,7.262085,8.817741,7.724782,9.252012,39.27491,-21.96991,-32.58589
38260.,7.261947,8.817576,7.724632,9.251875,39.27481,-21.97002,-32.58565
38270.,7.261809,8.817411,7.724481,9.251738,39.27472,-21.97013,-32.5854
38280.,7.261671,8.817244,7.72433,9.251602,39.27463,-21.97023,-32.58516
38290.,7.261533,8.817078,7.724179,9.251465,39.27453,-21.97034,-32.58491
38300.,7.261396,8.81691,7.724028,9.251329,39.27444,-21.97045,-32.58467
38310.,7.261258,8.816742,7.723876,9.251193,39.27434,-21.97056,-32.58442
38320.,7.261121,8.816574,7.723724,9.251057,39.27425,-21.97067,-32.58418
38330.,7.260983,8.816405,7.723572,9.250921,39.27415,-21.97078,-32.58393
38340.,7.260846,8.816236,7.72342,9.250785,39.27406,-21.97089,-32.58374
38350.,7.260709,8.816068,7.723268,9.250649,39.27397,-21.971,-32.58368
38360.,7.260571,8.8159,7.723116,9.250514,39.27387,-21.97111,-32.58364
38370.,7.260434,8.815732,7.722964,9.250378,39.27378,-21.97122,-32.58359
38380.,7.260297,8.815566,7.722812,9.250243,39.27369,-21.97133,-32.58355
38390.,7.26016,8.8154,7.722659,9.250107,39.27359,-21.97144,-32.58351
38400.,7.260024,8.815234,7.722507,9.249972,39.2735,-21.97155,-32.58346
38410.,7.259887,8.815069,7.722355,9.249837,39.27341,-21.97166,-32.58342
38420.,7.25975,8.814904,7.722202,9.249702,39.27332,-21.97176,-32.58337
38430.,7.259614,8.814741,7.72205,9.249567,39.27323,-21.97187,-32.58333
38440.,7.259477,8.814577,7.721897,9.249432,39.27314,-21.97198,-32.58329
38450.,7.259341,8.814414,7.721745,9.249298,39.27305,-21.97209,-32.58324
38460.,7.259205,8.814252,7.721593,9.249163,39.27296,-21.9722,-32.5832
38470.,7.259068,8.81409,7.72144,9.249028,39.27288,-21.97231,-32.58315
38480.,7.258932,8.813929,7.721288,9.248894,39.27279,-21.97242,-32.58311
38490.,7.258796,8.813769,7.721135,9.24876,39.2727,-21.97252,-32.58306
38500.,7.25866,8.813609,7.720983,9.248626,39.27262,-21.97263,-32.58302
38510.,7.258525,8.813449,7.72083,9.248492,39.27253,-21.97274,-32.58297
38520.,7.258389,8.81329,7.720678,9.248358,39.27244,-21.97285,-32.58293
38530.,7.258253,8.813132,7.720525,9.248224,39.27236,-21.97296,-32.58288
38540.,7.258118,8.812974,7.720372,9.24809,39.27227,-21.97307,-32.58284
38550.,7.257983,8.812816,7.72022,9.247956,39.27219,-21.97317,-32.58279
38560.,7.257847,8.812659,7.720067,9.247823,39.27211,-21.97328,-32.58275
38570.,7.257712,8.812503,7.719915,9.24769,39.27202,-21.97339,-32.5827
38580.,7.257577,8.812347,7.719762,9.247556,39.27194,-21.9735,-32.58266
38590.,7.257442,8.812191,7.71961,9.247423,39.27186,-21.9736,-32.58261
38600.,7.257308,8.812036,7.719457,9.24729,39.27178,-21.97371,-32.58257
38610.,7.257173,8.811882,7.719305,9.247157,39.27169,-21.97382,-32.58252
38620.,7.257039,8.811728,7.719153,9.247025,39.27161,-21.97393,-32.58247
38630.,7.256904,8.811575,7.719,9.246892,39.27153,-21.97403,-32.58243
38640.,7.25677,8.811422,7.718848,9.24676,39.27145,-21.97414,-32.58238
38650.,7.256636,8.811269,7.718695,9.246627,39.27137,-21.97425,-32.58234
38660.,7.256502,8.811117,7.718543,9.246495,39.27129,-21.97436,-32.58229
38670.,7.256368,8.810966,7.718391,9.246363,39.27121,-21.97446,-32.58224
38680.,7.256234,8.810815,7.718239,9.246231,39.27114,-21.97457,-32.5822
38690.,7.2561,8.810664,7.718086,9.246099,39.27106,-21.97468,-32.58215
38700.,7.255967,8.810514,7.717934,9.245967,39.27098,-21.97478,-32.58211
38710.,7.255833,8.810365,7.717782,9.245836,39.2709,-21.97489,-32.58206
38720.,7.2557,8.810216,7.71763,9.245704,39.27083,-21.97499,-32.58201
38730.,7.255567,8.810067,7.717478,9.245573,39.27075,-21.9751,-32.58197
38740.,7.255434,8.809919,7.717326,9.245442,39.27067,-21.97521,-32.58192
38750.,7.255301,8.809771,7.717174,9.245311,39.2706,-21.97531,-32.58187
38760.,7.255168,8.809624,7.717022,9.24518,39.27052,-21.97542,-32.58183
38770.,7.255035,8.809477,7.71687,9.24505,39.27045,-21.97553,-32.58178
38780.,7.254903,8.809331,7.716718,9.244919,39.27037,-21.97563,-32.58173
38790.,7.254771,8.809185,7.716567,9.244789,39.2703,-21.97574,-32.58168
38800.,7.254638,8.80904,7.716415,9.244658,39.27022,-21.97584,-32.58164
38810.,7.254506,8.808895,7.716263,9.244528,39.27015,-21.97595,-32.58159
38820.,7.254374,8.80875,7.716112,9.244398,39.27008,-21.97605,-32.58154
38830.,7.254243,8.808606,7.71596,9.244268,39.27,-21.97616,-32.58149
38840.,7.254111,8.808463,7.715809,9.244139,39.26993,-21.97626,-32.58145
38850.,7.253979,8.80832,7.715658,9.244009,39.26986,-21.97637,-32.58181
38860.,7.253848,8.808179,7.715508,9.243879,39.26979,-21.97647,-32.58229
38870.,7.253717,8.808038,7.715358,9.24375,39.26972,-21.97658,-32.58278
38880.,7.253586,8.807899,7.71521,9.243621,39.26964,-21.97668,-32.58327
38890.,7.253455,8.807761,7.715062,9.243491,39.26957,-21.97679,-32.58376
38900.,7.253324,8.807624,7.714915,9.243362,39.2695,-21.97689,-32.58425
38910.,7.253193,8.807489,7.714768,9.243233,39.26943,-21.97699,-32.58474
38920.,7.253063,8.807354,7.714623,9.243103,39.26936,-21.9771,-32.58523
38930.,7.252933,8.807221,7.714478,9.242974,39.26929,-21.9772,-32.58571
38940.,7.252802,8.807088,7.714333,9.242845,39.26922,-21.97731,-32.5862
38950.,7.252673,8.806957,7.71419,9.242716,39.26914,-21.97741,-32.58669
38960.,7.252543,8.806827,7.714047,9.242587,39.26907,-21.97751,-32.58718
38970.,7.252413,8.806698,7.713905,9.242459,39.269,-21.97762,-32.58767
38980.,7.252284,8.806569,7.713763,9.24233,39.26893,-21.97772,-32.58816
38990.,7.252154,8.806442,7.713622,9.242201,39.26886,-21.97782,-32.58865
39000.,7.252025,8.806316,7.713482,9.242073,39.26879,-21.97793,-32.58914
39010.,7.251896,8.806192,7.713343,9.241944,39.26872,-21.97803,-32.58963
39020.,7.251768,8.806068,7.713204,9.241816,39.26865,-21.97813,-32.59012
39030.,7.251639,8.805945,7.713066,9.241688,39.26858,-21.97823,-32.59061
39040.,7.251511,8.805823,7.712928,9.24156,39.26851,-21.97834,-32.5911
39050.,7.251382,8.805702,7.712792,9.241432,39.26844,-21.97844,-32.59159
39060.,7.251254,8.805582,7.712656,9.241304,39.26837,-21.97854,-32.59207
39070.,7.251127,8.805463,7.71252,9.241176,39.26831,-21.97864,-32.59256
39080.,7.250999,8.805346,7.712386,9.241048,39.26824,-21.97874,-32.59305
39090.,7.250871,8.805229,7.712251,9.240921,39.26817,-21.97884,-32.59354
39100.,7.250744,8.805113,7.712118,9.240793,39.2681,-21.97895,-32.59403
39110.,7.250617,8.804998,7.711985,9.240666,39.26803,-21.97905,-32.59452
39120.,7.25049,8.804884,7.711853,9.240539,39.26796,-21.97915,-32.59501
39130.,7.250364,8.804771,7.711722,9.240412,39.2679,-21.97925,-32.59549
39140.,7.250237,8.804659,7.711591,9.240285,39.26783,-21.97935,-32.59598
39150.,7.250111,8.804548,7.711461,9.240158,39.26776,-21.97945,-32.59647
39160.,7.249985,8.804438,7.711331,9.240031,39.26769,-21.97955,-32.59696
39170.,7.249859,8.804329,7.711202,9.239905,39.26763,-21.97965,-32.59745
39180.,7.249734,8.804221,7.711074,9.239779,39.26756,-21.97975,-32.59793
39190.,7.249608,8.804114,7.710946,9.239652,39.26749,-21.97985,-32.59842
39200.,7.249483,8.804007,7.710819,9.239526,39.26742,-21.97995,-32.59891
39210.,7.249358,8.803902,7.710693,9.2394,39.26736,-21.98005,-32.5994
39220.,7.249233,8.803797,7.710567,9.239274,39.26729,-21.98015,-32.59988
39230.,7.249109,8.803694,7.710442,9.239149,39.26723,-21.98025,-32.60037
39240.,7.248985,8.803591,7.710318,9.239023,39.26716,-21.98035,-32.60086
39250.,7.248861,8.803489,7.710194,9.238898,39.26709,-21.98044,-32.60135
39260.,7.248737,8.803388,7.71007,9.238773,39.26703,-21.98054,-32.60183
39270.,7.248613,8.803288,7.709948,9.238648,39.26696,-21.98064,-32.60232
39280.,7.24849,8.803189,7.709826,9.238523,39.2669,-21.98074,-32.60281
39290.,7.248366,8.803091,7.709704,9.238398,39.26683,-21.98084,-32.60329
39300.,7.248244,8.802993,7.709583,9.238274,39.26677,-21.98093,-32.60378
39310.,7.248121,8.802897,7.709463,9.23815,39.2667,-21.98103,-32.60427
39320.,7.247998,8.802801,7.709343,9.238025,39.26664,-21.98113,-32.60475
39330.,7.247876,8.802706,7.709224,9.237901,39.26658,-21.98123,-32.60524
39340.,7.247754,8.802612,7.709106,9.237778,39.26651,-21.98132,-32.60572
39350.,7.247632,8.802518,7.708988,9.237654,39.26645,-21.98142,-32.60527
39360.,7.247511,8.802424,7.70887,9.237531,39.26638,-21.98152,-32.60325
39370.,7.247389,8.802329,7.708752,9.237409,39.26632,-21.98161,-32.60127
39380.,7.247268,8.802234,7.708635,9.237287,39.26625,-21.98171,-32.59929
39390.,7.247147,8.802138,7.708517,9.237166,39.26619,-21.9818,-32.59732
39400.,7.247027,8.802041,7.7084,9.237045,39.26612,-21.9819,-32.59534
39410.,7.246906,8.801944,7.708284,9.236926,39.26605,-21.982,-32.59336
39420.,7.246786,8.801847,7.708167,9.236806,39.26598,-21.98209,-32.59138
39430.,7.246666,8.801749,7.708051,9.236688,39.26591,-21.98219,-32.5894
39440.,7.246547,8.801651,7.707934,9.23657,39.26585,-21.98228,-32.58742
39450.,7.246427,8.801552,7.707818,9.236452,39.26578,-21.98238,-32.58544
39460.,7.246308,8.801452,7.707702,9.236335,39.26571,-21.98247,-32.58346
39470.,7.246188,8.801352,7.707587,9.236219,39.26563,-21.98256,-32.58148
39480.,7.24607,8.801252,7.707471,9.236103,39.26556,-21.98266,-32.5795
39490.,7.245951,8.801151,7.707356,9.235988,39.26549,-21.98275,-32.57751
39500.,7.245832,8.80105,7.707241,9.235874,39.26542,-21.98285,-32.57553
39510.,7.245714,8.800948,7.707126,9.23576,39.26535,-21.98294,-32.57355
39520.,7.245596,8.800846,7.707011,9.235646,39.26527,-21.98303,-32.57157
39530.,7.245478,8.800743,7.706897,9.235533,39.2652,-21.98313,-32.56958
39540.,7.24536,8.80064,7.706782,9.235421,39.26513,-21.98322,-32.5676
39550.,7.245243,8.800537,7.706668,9.235309,39.26505,-21.98331,-32.56562
39560.,7.245125,8.800433,7.706554,9.235198,39.26498,-21.98341,-32.56363
39570.,7.245008,8.800328,7.70644,9.235087,39.2649,-21.9835,-32.56165
39580.,7.244891,8.800223,7.706327,9.234977,39.26482,-21.98359,-32.55966
39590.,7.244774,8.800118,7.706213,9.234867,39.26475,-21.98369,-32.55768
39600.,7.244658,8.800013,7.7061,9.234757,39.26467,-21.98378,-32.55569
39610.,7.244541,8.799906,7.705986,9.234649,39.26459,-21.98387,-32.55371
39620.,7.244425,8.7998,7.705873,9.23454,39.26452,-21.98396,-32.55172
39630.,7.244309,8.799693,7.70576,9.234433,39.26444,-21.98405,-32.54973
39640.,7.244193,8.799586,7.705648,9.234325,39.26436,-21.98415,-32.54775
39650.,7.244077,8.799478,7.705535,9.234218,39.26428,-21.98424,-32.54576
39660.,7.243961,8.79937,7.705423,9.234112,39.2642,-21.98433,-32.54377
39670.,7.243846,8.799261,7.70531,9.234006,39.26412,-21.98442,-32.54179
39680.,7.243731,8.799152,7.705198,9.233901,39.26404,-21.98451,-32.5398
39690.,7.243615,8.799043,7.705086,9.233796,39.26396,-21.9846,-32.53781
39700.,7.2435,8.798934,7.704974,9.233691,39.26388,-21.98469,-32.53582
39710.,7.243386,8.798824,7.704863,9.233587,39.2638,-21.98478,-32.53383
39720.,7.243271,8.798713,7.704751,9.233484,39.26372,-21.98488,-32.53184
39730.,7.243157,8.798602,7.70464,9.23338,39.26364,-21.98497,-32.52986
39740.,7.243042,8.798491,7.704528,9.233278,39.26355,-21.98506,-32.52787
39750.,7.242928,8.79838,7.704417,9.233175,39.26347,-21.98515,-32.52588
39760.,7.242814,8.798268,7.704306,9.233073,39.26339,-21.98524,-32.52389
39770.,7.2427,8.798156,7.704195,9.232972,39.2633,-21.98533,-32.5219
39780.,7.242586,8.798043,7.704085,9.232871,39.26322,-21.98542,-32.51991
39790.,7.242473,8.79793,7.703974,9.23277,39.26314,-21.98551,-32.51792
39800.,7.242359,8.797817,7.703863,9.23267,39.26305,-21.9856,-32.51593
39810.,7.242246,8.797704,7.703753,9.23257,39.26297,-21.98569,-32.51394
39820.,7.242133,8.79759,7.703643,9.232471,39.26288,-21.98578,-32.51194
39830.,7.24202,8.797476,7.703533,9.232372,39.2628,-21.98587,-32.50995
39840.,7.241907,8.797361,7.703423,9.232273,39.26271,-21.98596,-32.50796
39850.,7.241794,8.797246,7.703313,9.232175,39.26263,-21.98604,-32.50597
39860.,7.241682,8.797132,7.703203,9.232076,39.26254,-21.98613,-32.5079
39870.,7.241569,8.797017,7.703094,9.231978,39.26245,-21.98622,-32.50985
39880.,7.241457,8.796903,7.702984,9.231879,39.26237,-21.98631,-32.5118
39890.,7.241345,8.796789,7.702875,9.231779,39.26228,-21.9864,-32.51375
39900.,7.241232,8.796675,7.702765,9.23168,39.26219,-21.98649,-32.5157
39910.,7.241121,8.796562,7.702656,9.23158,39.26211,-21.98658,-32.51765
39920.,7.241009,8.796448,7.702547,9.231479,39.26202,-21.98667,-32.5196
39930.,7.240897,8.796335,7.702438,9.231378,39.26193,-21.98675,-32.52155
39940.,7.240785,8.796222,7.702329,9.231277,39.26184,-21.98684,-32.5235
39950.,7.240674,8.796109,7.70222,9.231176,39.26175,-21.98693,-32.52545
39960.,7.240563,8.795997,7.702111,9.231074,39.26166,-21.98702,-32.5274
39970.,7.240451,8.795884,7.702003,9.230971,39.26157,-21.98711,-32.52936
39980.,7.24034,8.795772,7.701894,9.230869,39.26148,-21.9872,-32.53131
39990.,7.240229,8.79566,7.701786,9.230766,39.26139,-21.98728,-32.53326
40000.,7.240118,8.795548,7.701677,9.230663,39.2613,-21.98737,-32.53521