Times,MAIN_PNL_PX.1,MAIN_PNL_MX.1,MAIN_PNL_PY.1,MAIN_PNL_MY.1,MAIN_PNL_PZ.1,MAIN_PNL_MZ.1,MAIN_PNL_MY.20001
0.,20.,20.,20.,20.,20.,20.,20.
10.,19.96543,19.96508,20.35637,19.98499,19.96549,19.34689,-35.97251
20.,19.93051,19.92982,20.70766,19.96928,19.93064,18.70619,-35.98522
30.,19.89528,19.89424,21.05393,19.95299,19.89546,18.07757,-35.9984
40.,19.85975,19.85837,21.39526,19.93613,19.85999,17.46074,-36.01204
50.,19.82395,19.82221,21.73169,19.91874,19.82423,16.85541,-36.02611
60.,19.7879,19.78581,22.06331,19.90084,19.78822,16.26129,-36.0406
70.,19.75162,19.74917,22.39017,19.88245,19.75197,15.6781,-36.05548
80.,19.71512,19.71232,22.71233,19.86359,19.71551,15.10559,-36.07073
90.,19.67844,19.67528,23.02986,19.8443,19.67885,14.5435,-36.08635
100.,19.64157,19.63805,23.34282,19.82458,19.642,13.99157,-36.1023
110.,19.60455,19.60067,23.65126,19.80446,19.605,13.44957,-36.11858
120.,19.56739,19.56314,23.95525,19.78396,19.56784,12.91727,-36.13517
130.,19.5301,19.52549,24.25484,19.76309,19.53055,12.39443,-36.15205
140.,19.49269,19.48772,24.55009,19.74188,19.49315,11.88084,-36.16921
150.,19.45519,19.44985,24.84106,19.72034,19.45564,11.37629,-36.18664
160.,19.4176,19.4119,25.1278,19.69849,19.41804,10.88058,-36.20432
170.,19.37994,19.37387,25.41037,19.67634,19.38036,10.39349,-36.22224
180.,19.34222,19.33578,25.68882,19.6539,19.34261,9.914842,-36.24039
190.,19.30445,19.29764,25.96321,19.63121,19.30481,9.444443,-36.25876
200.,19.26664,19.25946,26.23359,19.60825,19.26696,8.98211,-36.27733
210.,19.22881,19.22126,26.50001,19.58506,19.22909,8.527667,-36.2961
220.,19.19095,19.18303,26.76252,19.56164,19.19118,8.08094,-36.31504
230.,19.15309,19.14479,27.02117,19.53801,19.15327,7.641762,-36.33417
240.,19.11523,19.10656,27.27602,19.51417,19.11534,7.20997,-36.35345
250.,19.07737,19.06833,27.52712,19.49014,19.07742,6.785406,-36.3729
260.,19.03954,19.03012,27.7745,19.46593,19.03952,6.367915,-36.39248
270.,19.00172,18.99193,28.01823,19.44155,19.00163,5.957348,-36.41221
280.,18.96394,18.95377,28.25835,19.41701,18.96376,5.55356,-36.43207
290.,18.9262,18.91566,28.4949,19.39232,18.92593,5.156408,-36.45205
300.,18.88851,18.87758,28.72794,19.36748,18.88814,4.765754,-36.47214
310.,18.85086,18.83956,28.95751,19.34251,18.8504,4.381464,-36.49234
320.,18.81327,18.8016,29.18365,19.31742,18.81271,4.003408,-36.51264
330.,18.77575,18.7637,29.40642,19.29221,18.77508,3.631457,-36.53304
340.,18.73829,18.72586,29.62584,19.2669,18.7375,3.265488,-36.55353
350.,18.70091,18.6881,29.84198,19.24148,18.7,2.905379,-36.57409
360.,18.6636,18.65042,30.05487,19.21596,18.66257,2.551014,-36.59473
370.,18.62638,18.61282,30.26456,19.19036,18.62522,2.202277,-36.61545
380.,18.58924,18.57531,30.47108,19.16468,18.58795,1.859056,-36.63623
390.,18.5522,18.53789,30.67448,19.13893,18.55076,1.521242,-36.65707
400.,18.51525,18.50056,30.8748,19.1131,18.51367,1.188729,-36.67796
410.,18.47839,18.46333,31.07209,19.08722,18.47667,0.8614121,-36.6989
420.,18.44164,18.4262,31.26637,19.06127,18.43976,0.5391913,-36.7199
430.,18.405,18.38918,31.4577,19.03528,18.40295,0.2219673,-36.74093
440.,18.36845,18.35227,31.64612,19.00924,18.36625,-0.09035636,-36.762
450.,18.33202,18.31546,31.83165,18.98316,18.32965,-0.3978737,-36.7831
460.,18.29571,18.27877,32.01434,18.95703,18.29316,-0.7006765,-36.80424
470.,18.2595,18.24219,32.19423,18.93088,18.25678,-0.9988545,-36.8254
480.,18.22342,18.20573,32.37135,18.9047,18.22051,-1.292495,-36.84658
490.,18.18745,18.16939,32.54575,18.8785,18.18436,-1.581684,-36.86778
500.,18.1516,18.13317,32.71745,18.85227,18.14833,-1.866505,-36.889
510.,18.11588,18.09708,32.8865,18.82603,18.11241,-2.147039,-36.91023
520.,18.08028,18.0611,33.05293,18.79977,18.07661,-2.423367,-36.93148
530.,18.0448,18.02526,33.21678,18.77351,18.04094,-2.695565,-36.95273
540.,18.00946,17.98954,33.37807,18.74724,18.00539,-2.96371,-36.97399
550.,17.97424,17.95396,33.53686,18.72096,17.96996,-3.227877,-36.99524
560.,17.93915,17.9185,33.69316,18.69469,17.93466,-3.488138,-37.0165
570.,17.90419,17.88317,33.84702,18.66842,17.89949,-3.744564,-37.03776
580.,17.86936,17.84798,33.99846,18.64215,17.86444,-3.997226,-37.05901
590.,17.83467,17.81292,34.14752,18.61589,17.82953,-4.24619,-37.08026
600.,17.8001,17.77799,34.29424,18.58964,17.79474,-4.491524,-37.10149
610.,17.76568,17.7432,34.43863,18.56341,17.76009,-4.733292,-37.12272
620.,17.73138,17.70854,34.58075,18.53719,17.72556,-4.971558,-37.14394
630.,17.69722,17.67402,34.72061,18.51099,17.69117,-5.206385,-37.16514
640.,17.6632,17.63963,34.85825,18.4848,17.6569,-5.437833,-37.18632
650.,17.62931,17.60539,34.9937,18.45864,17.62277,-5.665962,-37.20749
660.,17.59555,17.57127,35.12699,18.4325,17.58878,-5.89083,-37.22864
670.,17.56193,17.5373,35.25814,18.40639,17.55491,-6.112495,-37.24977
680.,17.52845,17.50346,35.3872,18.3803,17.52118,-6.331012,-37.27088
690.,17.4951,17.46975,35.51418,18.35424,17.48758,-6.546437,-37.29196
700.,17.46189,17.43619,35.63911,18.32821,17.45412,-6.758823,-37.31302
710.,17.42881,17.40276,35.76203,18.30221,17.42079,-6.968222,-37.33406
720.,17.39587,17.36946,35.88296,18.27624,17.38759,-7.174685,-37.35507
730.,17.36306,17.33631,36.00194,18.25031,17.35452,-7.378264,-37.37605
740.,17.33039,17.30328,36.11897,18.22441,17.32159,-7.579008,-37.39701
750.,17.29785,17.2704,36.23411,18.19855,17.28879,-7.776965,-37.41793
760.,17.26545,17.23765,36.34736,18.17272,17.25612,-7.972182,-37.43883
770.,17.23318,17.20504,36.45876,18.14694,17.22358,-8.164705,-37.45969
780.,17.20105,17.17256,36.56833,18.12119,17.19118,-8.354581,-37.48053
790.,17.16904,17.14021,36.6761,18.09548,17.15891,-8.541854,-37.50133
800.,17.13717,17.108,36.78209,18.06981,17.12676,-8.726568,-37.5221
810.,17.10544,17.07592,36.88633,18.04418,17.09475,-8.908765,-37.54283
820.,17.07383,17.04398,36.98884,18.0186,17.06287,-9.088487,-37.56353
830.,17.04235,17.01217,37.08965,17.99306,17.03112,-9.265776,-37.5842
840.,17.01101,16.98048,37.18878,17.96756,16.99949,-9.440672,-37.60483
850.,16.97979,16.94893,37.28626,17.94211,16.968,-9.613214,-37.62542
860.,16.94871,16.91751,37.3821,17.9167,16.93663,-9.783442,-37.64598
870.,16.91775,16.88623,37.47633,17.89133,16.90539,-9.951393,-37.6665
880.,16.88692,16.85506,37.56898,17.86602,16.87427,-10.11711,-37.68699
890.,16.85621,16.82403,37.66006,17.84074,16.84328,-10.28062,-37.70743
900.,16.82563,16.79313,37.74961,17.81552,16.81242,-10.44196,-37.72784
910.,16.79518,16.76235,37.83763,17.79034,16.78168,-10.60117,-37.74822
920.,16.76485,16.7317,37.92415,17.76521,16.75106,-10.75828,-37.76855
930.,16.73465,16.70117,38.0092,17.74013,16.72057,-10.91334,-37.78885
940.,16.70457,16.67077,38.09279,17.71509,16.69019,-11.06636,-37.8091
950.,16.67461,16.64049,38.17495,17.6901,16.65994,-11.21738,-37.82932
960.,16.64477,16.61033,38.25569,17.66516,16.62981,-11.36645,-37.8495
970.,16.61505,16.5803,38.33504,17.64027,16.5998,-11.51357,-37.86964
980.,16.58545,16.55039,38.41302,17.61543,16.56991,-11.6588,-37.88974
990.,16.55597,16.52059,38.48964,17.59064,16.54014,-11.80215,-37.9098
1000.,16.52661,16.49092,38.56492,17.56589,16.51048,-11.94366,-37.92982
1010.,16.49737,16.46137,38.63889,17.5412,16.48094,-12.08336,-37.9498
1020.,16.46824,16.43193,38.71156,17.51655,16.45152,-12.22127,-37.96974
1030.,16.43922,16.40261,38.78295,17.49196,16.42221,-12.35743,-37.98964
1040.,16.41032,16.3734,38.85308,17.46741,16.39301,-12.49186,-38.0095
1050.,16.38154,16.34431,38.92197,17.44291,16.36393,-12.62459,-38.02932
1060.,16.35286,16.31534,38.98963,17.41846,16.33496,-12.75564,-38.0491
1070.,16.3243,16.28648,39.05609,17.39407,16.3061,-12.88505,-38.06885
1080.,16.29585,16.25773,39.12136,17.36972,16.27735,-13.01283,-38.08855
1090.,16.26751,16.22909,39.18546,17.34541,16.24871,-13.13901,-38.10821
1100.,16.23927,16.20056,39.2484,17.32116,16.22018,-13.26362,-38.12783
1110.,16.21115,16.17214,39.31021,17.29696,16.19176,-13.38669,-38.14741
1120.,16.18313,16.14383,39.37089,17.27281,16.16344,-13.50823,-38.16696
1130.,16.15522,16.11562,39.43047,17.2487,16.13523,-13.62827,-38.18646
1140.,16.12741,16.08753,39.48896,17.22465,16.10713,-13.74683,-38.20592
1150.,16.09971,16.05954,39.54637,17.20064,16.07913,-13.86393,-38.22535
1160.,16.07211,16.03165,39.60273,17.17668,16.05123,-13.97961,-38.24473
1170.,16.04461,16.00387,39.65804,17.15277,16.02343,-14.09387,-38.26408
1180.,16.01721,15.97619,39.71233,17.12891,15.99574,-14.20675,-38.28338
1190.,15.98991,15.94861,39.7656,17.1051,15.96815,-14.31825,-38.30265
1200.,15.96272,15.92114,39.81788,17.08133,15.94065,-14.42841,-38.32188
1210.,15.93562,15.89376,39.86918,17.05762,15.91326,-14.53725,-38.34107
1220.,15.90862,15.86649,39.9195,17.03395,15.88596,-14.64477,-38.36022
1230.,15.88171,15.83931,39.96887,17.01032,15.85877,-14.75101,-38.37933
1240.,15.85491,15.81223,40.01731,16.98675,15.83166,-14.85598,-38.39841
1250.,15.82819,15.78525,40.06481,16.96322,15.80466,-14.95971,-38.41744
1260.,15.80157,15.75836,40.1114,16.93974,15.77774,-15.06221,-38.43644
1270.,15.77505,15.73157,40.15709,16.91631,15.75092,-15.16349,-38.4554
1280.,15.74862,15.70487,40.2019,16.89292,15.7242,-15.26358,-38.47433
1290.,15.72227,15.67826,40.24583,16.86958,15.69756,-15.3625,-38.49321
1300.,15.69602,15.65175,40.2889,16.84628,15.67102,-15.46026,-38.51206
1310.,15.66986,15.62533,40.33113,16.82303,15.64457,-15.55688,-38.53087
1320.,15.64379,15.599,40.37252,16.79983,15.61821,-15.65238,-38.54965
1330.,15.61781,15.57276,40.41308,16.77667,15.59193,-15.74677,-38.56838
1340.,15.59191,15.5466,40.45284,16.75356,15.56575,-15.84007,-38.58709
1350.,15.5661,15.52054,40.4918,16.73049,15.53965,-15.9323,-38.60575
1360.,15.54037,15.49456,40.52997,16.70746,15.51363,-16.02346,-38.62438
1370.,15.51473,15.46867,40.56736,16.68448,15.48771,-16.11359,-38.64297
1380.,15.48918,15.44287,40.60399,16.66155,15.46186,-16.20269,-38.66153
1390.,15.4637,15.41715,40.63987,16.63866,15.43611,-16.29078,-38.68005
1400.,15.43831,15.39151,40.67501,16.61581,15.41043,-16.37787,-38.69854
1410.,15.413,15.36596,40.70941,16.593,15.38484,-16.46398,-38.71699
1420.,15.38777,15.34048,40.7431,16.57024,15.35932,-16.54912,-38.7354
1430.,15.36262,15.31509,40.77608,16.54753,15.33389,-16.63331,-38.75379
1440.,15.33755,15.28979,40.80836,16.52485,15.30854,-16.71655,-38.77213
1450.,15.31256,15.26456,40.83995,16.50222,15.28327,-16.79888,-38.79045
1460.,15.28765,15.23941,40.87087,16.47963,15.25808,-16.88028,-38.80872
1470.,15.26281,15.21433,40.90111,16.45708,15.23296,-16.96079,-38.82697
1480.,15.23805,15.18934,40.9307,16.43457,15.20792,-17.04041,-38.84518
1490.,15.21336,15.16442,40.95965,16.4121,15.18296,-17.11916,-38.86336
1500.,15.18875,15.13958,40.98795,16.38968,15.15807,-17.19705,-38.8815
1510.,15.16421,15.11482,41.01563,16.3673,15.13326,-17.27409,-38.89961
1520.,15.13975,15.09013,41.04268,16.34495,15.10852,-17.35029,-38.91769
1530.,15.11536,15.06551,41.06913,16.32265,15.08386,-17.42567,-38.93574
1540.,15.09104,15.04097,41.09498,16.30039,15.05926,-17.50023,-38.95375
1550.,15.06679,15.0165,41.12023,16.27816,15.03474,-17.574,-38.97173
1560.,15.04261,14.9921,41.14491,16.25598,15.0103,-17.64697,-38.98968
1570.,15.0185,14.96777,41.16901,16.23384,14.98592,-17.71917,-39.00759
1580.,14.99446,14.94351,41.19254,16.21173,14.96161,-17.7906,-39.02548
1590.,14.97049,14.91932,41.21552,16.18967,14.93737,-17.86128,-39.04333
1600.,14.94658,14.89521,41.23795,16.16764,14.9132,-17.9312,-39.06115
1610.,14.92274,14.87116,41.25984,16.14565,14.8891,-18.0004,-39.07894
1620.,14.89897,14.84717,41.28119,16.1237,14.86507,-18.06887,-39.0967
1630.,14.87527,14.82326,41.30203,16.10179,14.8411,-18.13662,-39.11443
1640.,14.85163,14.79941,41.32234,16.07992,14.8172,-18.20368,-39.13213
1650.,14.82805,14.77563,41.34215,16.05808,14.79336,-18.27003,-39.1498
1660.,14.80454,14.75191,41.36146,16.03628,14.76959,-18.33571,-39.16744
1670.,14.78109,14.72826,41.38027,16.01452,14.74588,-18.40071,-39.18505
1680.,14.7577,14.70467,41.3986,15.99279,14.72224,-18.46504,-39.20263
1690.,14.73438,14.68115,41.41646,15.9711,14.69866,-18.52872,-39.22017
1700.,14.71111,14.65768,41.43384,15.94945,14.67514,-18.59175,-39.23769
1710.,14.68791,14.63428,41.45076,15.92783,14.65169,-18.65414,-39.25518
1720.,14.66477,14.61095,41.46722,15.90625,14.62829,-18.71591,-39.27265
1730.,14.64169,14.58767,41.48323,15.88471,14.60496,-18.77705,-39.29008
1740.,14.61866,14.56445,41.4988,15.8632,14.58169,-18.83759,-39.30748
1750.,14.5957,14.54129,41.51393,15.84172,14.55847,-18.89752,-39.32486
1760.,14.57279,14.5182,41.52863,15.82028,14.53532,-18.95686,-39.34221
1770.,14.54994,14.49516,41.54291,15.79888,14.51222,-19.01561,-39.35952
1780.,14.52715,14.47218,41.55677,15.77751,14.48919,-19.07378,-39.37682
1790.,14.50441,14.44926,41.57023,15.75617,14.46621,-19.13138,-39.39408
1800.,14.48173,14.42639,41.58328,15.73487,14.44328,-19.18843,-39.41131
1810.,14.4591,14.40358,41.59593,15.7136,14.42042,-19.24491,-39.42852
1820.,14.43653,14.38083,41.60819,15.69236,14.39761,-19.30085,-39.4457
1830.,14.41402,14.35813,41.62006,15.67116,14.37485,-19.35626,-39.46286
1840.,14.39155,14.33549,41.63156,15.65,14.35215,-19.41113,-39.47998
1850.,14.36915,14.3129,41.64268,15.62886,14.32951,-19.46547,-39.49708
1860.,14.34679,14.29037,41.65344,15.60776,14.30692,-19.5193,-39.51416
1870.,14.32448,14.26789,41.66383,15.58669,14.28438,-19.57262,-39.5312
1880.,14.30223,14.24547,41.67386,15.56565,14.2619,-19.62543,-39.54823
1890.,14.28003,14.22309,41.68354,15.54465,14.23946,-19.67775,-39.56522
1900.,14.25788,14.20077,41.69288,15.52368,14.21708,-19.72958,-39.58219
1910.,14.23578,14.1785,41.70188,15.50274,14.19476,-19.78093,-39.59913
1920.,14.21373,14.15629,41.71054,15.48183,14.17248,-19.8318,-39.61605
1930.,14.19173,14.13412,41.71887,15.46095,14.15025,-19.8822,-39.63294
1940.,14.16978,14.112,41.72688,15.44011,14.12808,-19.93214,-39.64981
1950.,14.14788,14.08994,41.73456,15.41929,14.10595,-19.98162,-39.66665
1960.,14.12603,14.06792,41.74193,15.39851,14.08388,-20.03065,-39.68346
1970.,14.10422,14.04595,41.749,15.37776,14.06185,-20.07923,-39.70025
1980.,14.08246,14.02403,41.75575,15.35704,14.03987,-20.12738,-39.71702
1990.,14.06075,14.00216,41.76221,15.33634,14.01794,-20.17509,-39.73376
2000.,14.03909,13.98034,41.76837,15.31568,13.99606,-20.22237,-39.75048
2010.,14.01747,13.95856,41.77423,15.29505,13.97422,-20.26924,-39.76717
2020.,13.99589,13.93684,41.77981,15.27445,13.95244,-20.31569,-39.78384
2030.,13.97437,13.91515,41.78511,15.25388,13.9307,-20.36173,-39.80048
2040.,13.95288,13.89352,41.79013,15.23334,13.909,-20.40736,-39.8171
2050.,13.93145,13.87193,41.79488,15.21283,13.88735,-20.45259,-39.8337
2060.,13.91005,13.85039,41.79936,15.19235,13.86575,-20.49744,-39.85027
2070.,13.8887,13.82889,41.80357,15.17189,13.84419,-20.54189,-39.86682
2080.,13.8674,13.80743,41.80752,15.15147,13.82268,-20.58596,-39.88334
2090.,13.84614,13.78602,41.81122,15.13107,13.80121,-20.62965,-39.89985
2100.,13.82492,13.76466,41.81466,15.11071,13.77979,-20.67296,-39.91633
2110.,13.80374,13.74334,41.81786,15.09037,13.75841,-20.71591,-39.93278
2120.,13.78261,13.72206,41.8208,15.07006,13.73707,-20.7585,-39.94921
2130.,13.76151,13.70082,41.82351,15.04978,13.71577,-20.80073,-39.96562
2140.,13.74046,13.67963,41.82598,15.02953,13.69452,-20.8426,-39.98201
2150.,13.71945,13.65848,41.82822,15.0093,13.67331,-20.88412,-39.99837
2160.,13.69848,13.63737,41.83022,14.98911,13.65215,-20.9253,-40.01471
2170.,13.67755,13.6163,41.83201,14.96894,13.63102,-20.96614,-40.03103
2180.,13.65666,13.59528,41.83356,14.9488,13.60994,-21.00664,-40.04733
2190.,13.63582,13.57429,41.8349,14.92868,13.58889,-21.04681,-40.0636
2200.,13.61501,13.55335,41.83602,14.90859,13.56789,-21.08666,-40.07986
2210.,13.59424,13.53245,41.83694,14.88854,13.54693,-21.12618,-40.09609
2220.,13.57351,13.51158,41.83764,14.8685,13.52601,-21.16538,-40.11229
2230.,13.55281,13.49076,41.83813,14.8485,13.50513,-21.20427,-40.12848
2240.,13.53216,13.46998,41.83843,14.82852,13.48429,-21.24285,-40.14465
2250.,13.51155,13.44923,41.83852,14.80857,13.46348,-21.28113,-40.16079
2260.,13.49097,13.42853,41.83842,14.78864,13.44272,-21.3191,-40.17691
2270.,13.47043,13.40786,41.83813,14.76874,13.42199,-21.35677,-40.19301
2280.,13.44993,13.38723,41.83765,14.74887,13.40131,-21.39415,-40.20909
2290.,13.42946,13.36664,41.83698,14.72903,13.38066,-21.43124,-40.22515
2300.,13.40903,13.34609,41.83612,14.70921,13.36005,-21.46804,-40.24118
2310.,13.38864,13.32557,41.83509,14.68941,13.33948,-21.50455,-40.2572
2320.,13.36828,13.30509,41.83388,14.66964,13.31894,-21.54079,-40.27319
2330.,13.34796,13.28465,41.83249,14.6499,13.29844,-21.57676,-40.28917
2340.,13.32768,13.26425,41.83093,14.63019,13.27798,-21.61245,-40.30512
2350.,13.30743,13.24388,41.8292,14.61049,13.25756,-21.64787,-40.32105
2360.,13.28722,13.22355,41.82731,14.59083,13.23717,-21.68302,-40.33696
2370.,13.26704,13.20325,41.82525,14.57119,13.21682,-21.71792,-40.35285
2380.,13.24689,13.18299,41.82303,14.55157,13.1965,-21.75255,-40.36872
2390.,13.22678,13.16277,41.82065,14.53198,13.17622,-21.78693,-40.38457
2400.,13.20671,13.14258,41.81811,14.51242,13.15597,-21.82106,-40.4004
2410.,13.18667,13.12242,41.81542,14.49288,13.13576,-21.85494,-40.41621
2420.,13.16666,13.1023,41.81258,14.47337,13.11559,-21.88857,-40.432
2430.,13.14669,13.08222,41.8096,14.45388,13.09545,-21.92196,-40.44777
2440.,13.12675,13.06217,41.80646,14.43441,13.07534,-21.95511,-40.46352
2450.,13.10684,13.04215,41.80318,14.41497,13.05527,-21.98803,-40.47925
2460.,13.08697,13.02217,41.79977,14.39555,13.03523,-22.02071,-40.49496
2470.,13.06713,13.00222,41.79621,14.37616,13.01523,-22.05316,-40.51065
2480.,13.04732,12.9823,41.79251,14.3568,12.99526,-22.08538,-40.52632
2490.,13.02754,12.96242,41.78868,14.33745,12.97532,-22.11738,-40.54197
2500.,13.0078,12.94257,41.78472,14.31813,12.95542,-22.14916,-40.5576
2510.,12.98808,12.92275,41.78063,14.29884,12.93555,-22.18072,-40.57321
2520.,12.9684,12.90297,41.77641,14.27957,12.91571,-22.21206,-40.58881
2530.,12.94875,12.88322,41.77206,14.26032,12.8959,-22.24318,-40.60438
2540.,12.92914,12.8635,41.76759,14.2411,12.87613,-22.2741,-40.61993
2550.,12.90955,12.84381,41.763,14.2219,12.85639,-22.30481,-40.63547
2560.,12.89,12.82416,41.75829,14.20272,12.83668,-22.33531,-40.65098
2570.,12.87047,12.80453,41.75346,14.18357,12.817,-22.36561,-40.66648
2580.,12.85098,12.78494,41.74851,14.16444,12.79736,-22.3957,-40.68196
2590.,12.83151,12.76538,41.74346,14.14534,12.77774,-22.4256,-40.69741
2600.,12.81208,12.74585,41.73829,14.12625,12.75816,-22.45531,-40.71285
2610.,12.79268,12.72635,41.733,14.1072,12.73861,-22.48482,-40.72827
2620.,12.77331,12.70688,41.72762,14.08816,12.71909,-22.51413,-40.74368
2630.,12.75396,12.68744,41.72212,14.06915,12.6996,-22.54326,-40.75906
2640.,12.73465,12.66804,41.71652,14.05016,12.68014,-22.57221,-40.77442
2650.,12.71536,12.64866,41.71082,14.03119,12.66071,-22.60097,-40.78977
2660.,12.69611,12.62931,41.70502,14.01225,12.64131,-22.62955,-40.8051
2670.,12.67688,12.61,41.69911,13.99333,12.62194,-22.65794,-40.82041
2680.,12.65769,12.59071,41.69311,13.97443,12.6026,-22.68617,-40.8357
2690.,12.63852,12.57145,41.68702,13.95555,12.58329,-22.71421,-40.85097
2700.,12.61938,12.55222,41.68083,13.9367,12.56402,-22.74208,-40.86622
2710.,12.60027,12.53302,41.67454,13.91787,12.54477,-22.76979,-40.88146
2720.,12.58119,12.51385,41.66817,13.89906,12.52554,-22.79732,-40.89667
2730.,12.56213,12.49471,41.6617,13.88028,12.50635,-22.82468,-40.91187
2740.,12.54311,12.4756,41.65515,13.86152,12.48719,-22.85188,-40.92705
2750.,12.52411,12.45652,41.64851,13.84278,12.46806,-22.87892,-40.94222
2760.,12.50514,12.43746,41.64179,13.82406,12.44895,-22.9058,-40.95736
2770.,12.4862,12.41843,41.63498,13.80536,12.42987,-22.93252,-40.97249
2780.,12.46728,12.39944,41.62809,13.78669,12.41083,-22.95908,-40.9876
2790.,12.44839,12.38047,41.62112,13.76804,12.39181,-22.98548,-41.00269
2800.,12.42953,12.36152,41.61408,13.74941,12.37282,-23.01174,-41.01776
2810.,12.4107,12.34261,41.60695,13.7308,12.35385,-23.03784,-41.03282
2820.,12.39189,12.32372,41.59975,13.71221,12.33492,-23.06379,-41.04786
2830.,12.37311,12.30486,41.59247,13.69365,12.31601,-23.08959,-41.06288
2840.,12.35436,12.28603,41.58512,13.67511,12.29713,-23.11525,-41.07788
2850.,12.33564,12.26723,41.57769,13.65659,12.27827,-23.14076,-41.09286
2860.,12.31694,12.24845,41.5702,13.63809,12.25945,-23.16613,-41.10783
2870.,12.29826,12.2297,41.56263,13.61961,12.24065,-23.19136,-41.12278
2880.,12.27962,12.21098,41.555,13.60116,12.22188,-23.21645,-41.13771
2890.,12.261,12.19228,41.5473,13.58272,12.20313,-23.2414,-41.15263
2900.,12.2424,12.17361,41.53953,13.56431,12.18442,-23.26621,-41.16752
2910.,12.22383,12.15497,41.5317,13.54592,12.16573,-23.29089,-41.1824
2920.,12.20529,12.13635,41.5238,13.52755,12.14706,-23.31544,-41.19727
2930.,12.18677,12.11776,41.51584,13.5092,12.12842,-23.33986,-41.21211
2940.,12.16828,12.09919,41.50782,13.49088,12.10981,-23.36415,-41.22694
2950.,12.14981,12.08065,41.49974,13.47257,12.09123,-23.3883,-41.24175
2960.,12.13137,12.06214,41.4916,13.45429,12.07267,-23.41233,-41.25655
2970.,12.11296,12.04366,41.4834,13.43602,12.05414,-23.43624,-41.27132
2980.,12.09457,12.02519,41.47514,13.41778,12.03563,-23.46002,-41.28608
2990.,12.0762,12.00676,41.46683,13.39956,12.01715,-23.48368,-41.30083
3000.,12.05786,11.98835,41.45847,13.38136,11.99869,-23.50722,-41.31555
3010.,12.03955,11.96997,41.45005,13.36318,11.98026,-23.53064,-41.33026
3020.,12.02126,11.95161,41.44157,13.34502,11.96186,-23.55394,-41.34495
3030.,12.00299,11.93327,41.43305,13.32689,11.94348,-23.57712,-41.35963
3040.,11.98475,11.91497,41.42447,13.30877,11.92513,-23.60019,-41.37429
3050.,11.96653,11.89668,41.41584,13.29067,11.9068,-23.62314,-41.38893
3060.,11.94834,11.87842,41.40717,13.2726,11.88849,-23.64598,-41.40355
3070.,11.93017,11.86019,41.39844,13.25455,11.87022,-23.66871,-41.41816
3080.,11.91203,11.84198,41.38967,13.23651,11.85196,-23.69133,-41.43275
3090.,11.89391,11.8238,41.38085,13.2185,11.83373,-23.71384,-41.44732
3100.,11.87581,11.80564,41.37199,13.20051,11.81553,-23.73624,-41.46188
3110.,11.85774,11.7875,41.36308,13.18254,11.79735,-23.75853,-41.47642
3120.,11.83969,11.76939,41.35413,13.16458,11.7792,-23.78072,-41.49095
3130.,11.82167,11.7513,41.34514,13.14665,11.76107,-23.8028,-41.50545
3140.,11.80367,11.73324,41.3361,13.12874,11.74296,-23.82478,-41.51995
3150.,11.78569,11.7152,41.32703,13.11085,11.72488,-23.84666,-41.53442
3160.,11.76774,11.69719,41.31791,13.09298,11.70682,-23.86844,-41.54888
3170.,11.74981,11.6792,41.30875,13.07514,11.68879,-23.89011,-41.56332
3180.,11.7319,11.66123,41.29956,13.05731,11.67078,-23.91169,-41.57775
3190.,11.71402,11.64329,41.29032,13.0395,11.65279,-23.93317,-41.59215
3200.,11.69616,11.62537,41.28105,13.02171,11.63483,-23.95456,-41.60655
3210.,11.67832,11.60748,41.27175,13.00394,11.61689,-23.97585,-41.62092
3220.,11.66051,11.58961,41.2624,12.98619,11.59898,-23.99704,-41.63528
3230.,11.64272,11.57176,41.25303,12.96847,11.58109,-24.01814,-41.64963
3240.,11.62495,11.55393,41.24361,12.95076,11.56322,-24.03915,-41.66395
3250.,11.6072,11.53613,41.23417,12.93307,11.54538,-24.06007,-41.67827
3260.,11.58948,11.51835,41.22469,12.9154,11.52756,-24.08089,-41.69256
3270.,11.57178,11.5006,41.21518,12.89776,11.50976,-24.10163,-41.70684
3280.,11.5541,11.48286,41.20564,12.88013,11.49199,-24.12228,-41.7211
3290.,11.53645,11.46516,41.19607,12.86252,11.47424,-24.14284,-41.73535
3300.,11.51882,11.44747,41.18646,12.84493,11.45651,-24.16331,-41.74958
3310.,11.50121,11.42981,41.17683,12.82737,11.43881,-24.1837,-41.76379
3320.,11.48362,11.41217,41.16717,12.80982,11.42113,-24.20401,-41.77799
3330.,11.46605,11.39455,41.15748,12.79229,11.40347,-24.22423,-41.79217
3340.,11.44851,11.37695,41.14776,12.77478,11.38583,-24.24436,-41.80634
3350.,11.43099,11.35938,41.13802,12.75729,11.36822,-24.26442,-41.82049
3360.,11.41349,11.34183,41.12825,12.73982,11.35063,-24.28439,-41.83462
3370.,11.39602,11.3243,41.11846,12.72237,11.33306,-24.30429,-41.84874
3380.,11.37856,11.3068,41.10864,12.70494,11.31552,-24.3241,-41.86284
3390.,11.36113,11.28931,41.09879,12.68753,11.29799,-24.34384,-41.87693
3400.,11.34372,11.27185,41.08892,12.67014,11.28049,-24.36349,-41.891
3410.,11.32633,11.25441,41.07903,12.65277,11.26301,-24.38308,-41.90506
3420.,11.30896,11.237,41.06911,12.63542,11.24556,-24.40258,-41.9191
3430.,11.29161,11.2196,41.05917,12.61809,11.22813,-24.42201,-41.93312
3440.,11.27429,11.20223,41.04921,12.60078,11.21071,-24.44136,-41.94713
3450.,11.25699,11.18488,41.03923,12.58348,11.19332,-24.46064,-41.96112
3460.,11.23971,11.16755,41.02923,12.56621,11.17596,-24.47985,-41.9751
3470.,11.22245,11.15024,41.01921,12.54896,11.15861,-24.49899,-41.98906
3480.,11.20521,11.13296,41.00917,12.53172,11.14129,-24.51805,-42.003
3490.,11.18799,11.11569,40.99911,12.51451,11.12399,-24.53704,-42.01693
3500.,11.17079,11.09845,40.98903,12.49731,11.10671,-24.55597,-42.03084
3510.,11.15362,11.08123,40.97893,12.48013,11.08945,-24.57482,-42.04474
3520.,11.13647,11.06403,40.96881,12.46297,11.07221,-24.5936,-42.05862
3530.,11.11933,11.04686,40.95868,12.44584,11.055,-24.61232,-42.07249
3540.,11.10222,11.0297,40.94853,12.42872,11.0378,-24.63097,-42.08634
3550.,11.08513,11.01256,40.93836,12.41162,11.02063,-24.64955,-42.10018
3560.,11.06806,10.99545,40.92818,12.39454,11.00348,-24.66807,-42.114
3570.,11.05101,10.97836,40.91798,12.37747,10.98635,-24.68652,-42.1278
3580.,11.03399,10.96129,40.90776,12.36043,10.96924,-24.70491,-42.14159
3590.,11.01698,10.94424,40.89754,12.34341,10.95216,-24.72323,-42.15537
3600.,10.99999,10.92721,40.88729,12.3264,10.93509,-24.74149,-42.16912
3610.,10.98303,10.9102,40.87704,12.30942,10.91804,-24.75968,-42.18287
3620.,10.96608,10.89321,40.86677,12.29245,10.90102,-24.77782,-42.19659
3630.,10.94916,10.87625,40.85648,12.2755,10.88402,-24.79589,-42.21031
3640.,10.93225,10.8593,40.84619,12.25858,10.86704,-24.8139,-42.224
3650.,10.91537,10.84238,40.83588,12.24167,10.85008,-24.83185,-42.23769
3660.,10.89851,10.82548,40.82556,12.22478,10.83314,-24.84974,-42.25135
3670.,10.88166,10.80859,40.81522,12.2079,10.81622,-24.86757,-42.265
3680.,10.86484,10.79173,40.80488,12.19105,10.79932,-24.88535,-42.27864
3690.,10.84804,10.77489,40.79453,12.17422,10.78244,-24.90306,-42.29226
3700.,10.83126,10.75807,40.78416,12.1574,10.76559,-24.92072,-42.30587
3710.,10.8145,10.74127,40.77379,12.14061,10.74875,-24.93832,-42.31946
3720.,10.79776,10.72449,40.7634,12.12383,10.73194,-24.95587,-42.33303
3730.,10.78104,10.70773,40.75301,12.10707,10.71514,-24.97336,-42.34659
3740.,10.76433,10.69099,40.7426,12.09033,10.69837,-24.99079,-42.36013
3750.,10.74765,10.67427,40.73219,12.07361,10.68161,-25.00817,-42.37366
3760.,10.73099,10.65757,40.72177,12.0569,10.66488,-25.02549,-42.38718
3770.,10.71435,10.6409,40.71134,12.04022,10.64817,-25.04276,-42.40068
3780.,10.69773,10.62424,40.70091,12.02355,10.63148,-25.05998,-42.41416
3790.,10.68113,10.6076,40.69046,12.00691,10.6148,-25.07714,-42.42763
3800.,10.66455,10.59098,40.68001,11.99028,10.59815,-25.09425,-42.44109
3810.,10.64799,10.57438,40.66955,11.97367,10.58152,-25.11131,-42.45453
3820.,10.63144,10.55781,40.65909,11.95708,10.56491,-25.12832,-42.46795
3830.,10.61492,10.54125,40.64861,11.9405,10.54832,-25.14528,-42.48136
3840.,10.59842,10.52471,40.63814,11.92395,10.53175,-25.16219,-42.49475
3850.,10.58194,10.50819,40.62765,11.90741,10.51519,-25.17905,-42.50813
3860.,10.56547,10.4917,40.61716,11.8909,10.49866,-25.19585,-42.5215
3870.,10.54903,10.47522,40.60667,11.8744,10.48215,-25.21261,-42.53485
3880.,10.53261,10.45876,40.59617,11.85792,10.46566,-25.22932,-42.54818
3890.,10.5162,10.44232,40.58567,11.84145,10.44919,-25.24598,-42.5615
3900.,10.49982,10.4259,40.57516,11.82501,10.43273,-25.2626,-42.57481
3910.,10.48345,10.4095,40.56465,11.80858,10.4163,-25.27917,-42.5881
3920.,10.46711,10.39312,40.55413,11.79218,10.39989,-25.29569,-42.60137
3930.,10.45078,10.37676,40.54361,11.77579,10.3835,-25.31216,-42.61463
3940.,10.43447,10.36042,40.53309,11.75942,10.36712,-25.32859,-42.62788
3950.,10.41818,10.3441,40.52256,11.74307,10.35077,-25.34497,-42.64111
3960.,10.40191,10.3278,40.51203,11.72673,10.33444,-25.3613,-42.65432
3970.,10.38566,10.31152,40.5015,11.71041,10.31812,-25.3776,-42.66753
3980.,10.36943,10.29526,40.49096,11.69412,10.30183,-25.39384,-42.68071
3990.,10.35322,10.27901,40.48043,11.67784,10.28555,-25.41005,-42.69388
4000.,10.33703,10.26279,40.46989,11.66158,10.26929,-25.42621,-42.70704
4010.,10.32085,10.24659,40.45935,11.64533,10.25306,-25.44232,-42.72018
4020.,10.3047,10.2304,40.44881,11.62911,10.23684,-25.45839,-42.73331
4030.,10.28856,10.21423,40.43826,11.6129,10.22064,-25.47442,-42.74642
4040.,10.27245,10.19809,40.42772,11.59671,10.20446,-25.49041,-42.75952
4050.,10.25635,10.18196,40.41717,11.58054,10.1883,-25.50636,-42.77261
4060.,10.24027,10.16585,40.40662,11.56439,10.17216,-25.52226,-42.78568
4070.,10.22421,10.14976,40.39608,11.54825,10.15604,-25.53813,-42.79873
4080.,10.20817,10.13369,40.38553,11.53214,10.13994,-25.55395,-42.81177
4090.,10.19215,10.11764,40.37498,11.51604,10.12386,-25.56973,-42.8248
4100.,10.17614,10.10161,40.36443,11.49996,10.10779,-25.58547,-42.83781
4110.,10.16016,10.08559,40.35388,11.48389,10.09175,-25.60118,-42.85081
4120.,10.14419,10.0696,40.34334,11.46785,10.07572,-25.61684,-42.86379
4130.,10.12825,10.05362,40.33279,11.45182,10.05972,-25.63246,-42.87676
4140.,10.11232,10.03767,40.32224,11.43581,10.04373,-25.64805,-42.88971
4150.,10.09641,10.02173,40.3117,11.41982,10.02776,-25.66359,-42.90265
4160.,10.08051,10.00581,40.30115,11.40385,10.01181,-25.6791,-42.91557
4170.,10.06464,9.989907,40.29061,11.38789,9.995877,-25.69457,-42.92848
4180.,10.04879,9.974025,40.28007,11.37195,9.979965,-25.71,-42.94138
4190.,10.03295,9.958161,40.26953,11.35603,9.964071,-25.72539,-42.95426
4200.,10.01713,9.942316,40.25899,11.34013,9.948196,-25.74075,-42.96713
4210.,10.00133,9.92649,40.24845,11.32424,9.932339,-25.75607,-42.97998
4220.,9.985553,9.910683,40.23792,11.30838,9.916501,-25.77136,-42.99282
4230.,9.96979,9.894894,40.22738,11.29253,9.900682,-25.78661,-43.00564
4240.,9.954046,9.879123,40.21685,11.2767,9.884881,-25.80182,-43.01845
4250.,9.93832,9.863371,40.20633,11.26088,9.869099,-25.81699,-43.03125
4260.,9.922612,9.847637,40.1958,11.24509,9.853336,-25.83213,-43.04403
4270.,9.906923,9.831922,40.18528,11.22931,9.837591,-25.84724,-43.05679
4280.,9.891252,9.816226,40.17476,11.21355,9.821864,-25.86231,-43.06955
4290.,9.875599,9.800547,40.16424,11.1978,9.806156,-25.87735,-43.08228
4300.,9.859964,9.784887,40.15373,11.18208,9.790467,-25.89235,-43.09501
4310.,9.844347,9.769245,40.14322,11.16637,9.774795,-25.90732,-43.10772
4320.,9.828748,9.753622,40.13271,11.15068,9.759142,-25.92225,-43.12041
4330.,9.813168,9.738016,40.12221,11.135,9.743508,-25.93716,-43.13309
4340.,9.797605,9.722429,40.11171,11.11935,9.727891,-25.95202,-43.14576
4350.,9.782061,9.70686,40.10122,11.10371,9.712293,-25.96686,-43.15842
4360.,9.766534,9.69131,40.09073,11.08809,9.696713,-25.98166,-43.17105
4370.,9.751025,9.675777,40.08024,11.07248,9.681152,-25.99643,-43.18368
4380.,9.735535,9.660263,40.06975,11.0569,9.665608,-26.01117,-43.19629
4390.,9.720062,9.644766,40.05928,11.04133,9.650083,-26.02587,-43.20889
4400.,9.704607,9.629288,40.0488,11.02578,9.634576,-26.04054,-43.22147
4410.,9.68917,9.613827,40.03833,11.01024,9.619087,-26.05519,-43.23404
4420.,9.673751,9.598385,40.02787,10.99473,9.603615,-26.0698,-43.24659
4430.,9.658349,9.58296,40.01741,10.97923,9.588162,-26.08438,-43.25913
4440.,9.642965,9.567554,40.00695,10.96374,9.572727,-26.09892,-43.27166
4450.,9.6276,9.552165,39.9965,10.94828,9.55731,-26.11344,-43.28417
4460.,9.612251,9.536794,39.98606,10.93283,9.541911,-26.12793,-43.29667
4470.,9.596921,9.521441,39.97562,10.9174,9.52653,-26.14238,-43.30916
4480.,9.581608,9.506106,39.96518,10.90199,9.511166,-26.15681,-43.32163
4490.,9.566313,9.490789,39.95475,10.88659,9.495821,-26.17121,-43.33409
4500.,9.551035,9.475489,39.94433,10.87121,9.480493,-26.18557,-43.34653
4510.,9.535775,9.460207,39.93391,10.85585,9.465183,-26.19991,-43.35896
4520.,9.520533,9.444943,39.9235,10.84051,9.449891,-26.21422,-43.37137
4530.,9.505308,9.429697,39.91309,10.82518,9.434617,-26.2285,-43.38377
4540.,9.4901,9.414468,39.90269,10.80987,9.41936,-26.24275,-43.39616
4550.,9.47491,9.399257,39.89229,10.79458,9.404121,-26.25697,-43.40854
4560.,9.459738,9.384063,39.8819,10.7793,9.3889,-26.27116,-43.4209
4570.,9.444583,9.368887,39.87152,10.76404,9.373696,-26.28533,-43.43324
4580.,9.429445,9.353728,39.86114,10.7488,9.35851,-26.29947,-43.44557
4590.,9.414325,9.338587,39.85077,10.73358,9.343342,-26.31357,-43.45789
4600.,9.399222,9.323464,39.84041,10.71837,9.328191,-26.32765,-43.4702
4610.,9.384137,9.308358,39.83005,10.70318,9.313057,-26.34171,-43.48249
4620.,9.369069,9.293269,39.8197,10.688,9.297942,-26.35573,-43.49477
4630.,9.354018,9.278198,39.80936,10.67285,9.282843,-26.36973,-43.50703
4640.,9.338984,9.263144,39.79902,10.65771,9.267762,-26.3837,-43.51928
4650.,9.323968,9.248108,39.78869,10.64258,9.252699,-26.39765,-43.53152
4660.,9.308969,9.233089,39.77836,10.62748,9.237653,-26.41157,-43.54374
4670.,9.293987,9.218087,39.76805,10.61239,9.222624,-26.42546,-43.55595
4680.,9.279022,9.203103,39.75774,10.59731,9.207613,-26.43932,-43.56814
4690.,9.264074,9.188136,39.74743,10.58226,9.192619,-26.45316,-43.58032
4700.,9.249144,9.173186,39.73714,10.56722,9.177642,-26.46698,-43.59249
4710.,9.23423,9.158253,39.72685,10.5522,9.162683,-26.48076,-43.60465
4720.,9.219334,9.143338,39.71657,10.53719,9.14774,-26.49452,-43.61679
4730.,9.204454,9.128439,39.70629,10.5222,9.132815,-26.50826,-43.62891
4740.,9.189592,9.113558,39.69602,10.50723,9.117908,-26.52197,-43.64103
4750.,9.174747,9.098694,39.68576,10.49228,9.103017,-26.53566,-43.65313
4760.,9.159919,9.083847,39.67551,10.47734,9.088144,-26.54932,-43.66522
4770.,9.145107,9.069017,39.66527,10.46242,9.073287,-26.56295,-43.67729
4780.,9.130313,9.054204,39.65503,10.44751,9.058448,-26.57656,-43.68935
4790.,9.115535,9.039408,39.6448,10.43262,9.043626,-26.59015,-43.70139
4800.,9.100775,9.024629,39.63458,10.41775,9.028821,-26.60371,-43.71343
4810.,9.086031,9.009868,39.62437,10.4029,9.014033,-26.61724,-43.72545
4820.,9.071304,8.995123,39.61416,10.38806,8.999262,-26.63076,-43.73745
4830.,9.056594,8.980395,39.60396,10.37324,8.984508,-26.64424,-43.74944
4840.,9.041901,8.965684,39.59377,10.35843,8.969771,-26.65771,-43.76142
4850.,9.027224,8.950989,39.58359,10.34364,8.955051,-26.67115,-43.77339
4860.,9.012564,8.936312,39.57342,10.32887,8.940348,-26.68457,-43.78534
4870.,8.997921,8.921652,39.56325,10.31412,8.925662,-26.69796,-43.79728
4880.,8.983295,8.907008,39.55309,10.29938,8.910992,-26.71133,-43.80921
4890.,8.968686,8.892381,39.54294,10.28465,8.896339,-26.72468,-43.82112
4900.,8.954093,8.877771,39.5328,10.26995,8.881704,-26.738,-43.83302
4910.,8.939516,8.863177,39.52267,10.25526,8.867085,-26.7513,-43.8449
4920.,8.924957,8.848601,39.51255,10.24058,8.852482,-26.76458,-43.85677
4930.,8.910414,8.834041,39.50243,10.22593,8.837897,-26.77783,-43.86863
4940.,8.895887,8.819497,39.49232,10.21129,8.823328,-26.79106,-43.88048
4950.,8.881377,8.804971,39.48222,10.19666,8.808776,-26.80427,-43.89231
4960.,8.866884,8.790461,39.47213,10.18205,8.794241,-26.81746,-43.90413
4970.,8.852407,8.775967,39.46205,10.16746,8.779722,-26.83063,-43.91594
4980.,8.837946,8.76149,39.45198,10.15289,8.76522,-26.84377,-43.92773
4990.,8.823503,8.74703,39.44191,10.13833,8.750735,-26.85689,-43.93951
5000.,8.809075,8.732586,39.43185,10.12379,8.736266,-26.86999,-43.95128
5010.,8.794664,8.718159,39.42181,10.10926,8.721814,-26.88306,-43.96303
5020.,8.780269,8.703748,39.41177,10.09475,8.707378,-26.89612,-43.97477
5030.,8.765891,8.689354,39.40174,10.08026,8.692959,-26.90915,-43.9865
5040.,8.751529,8.674976,39.39172,10.06578,8.678556,-26.92216,-43.99821
5050.,8.737184,8.660615,39.3817,10.05132,8.66417,-26.93515,-44.00991
5060.,8.722854,8.64627,39.3717,10.03687,8.6498,-26.94812,-44.0216
5070.,8.708542,8.631941,39.36171,10.02244,8.635446,-26.96107,-44.03327
5080.,8.694245,8.617629,39.35172,10.00803,8.621109,-26.974,-44.04494
5090.,8.679964,8.603333,39.34174,9.993634,8.606789,-26.9869,-44.05658
5100.,8.6657,8.589054,39.33178,9.979253,8.592485,-26.99979,-44.06822
5110.,8.651452,8.574791,39.32182,9.964888,8.578197,-27.01265,-44.07984
5120.,8.637221,8.560544,39.31187,9.95054,8.563925,-27.0255,-44.09145
5130.,8.623005,8.546313,39.30193,9.936207,8.54967,-27.03832,-44.10305
5140.,8.608806,8.532098,39.292,9.921891,8.535431,-27.05112,-44.11463
5150.,8.594622,8.5179,39.28207,9.90759,8.521208,-27.06391,-44.1262
5160.,8.580455,8.503718,39.27216,9.893306,8.507002,-27.07667,-44.13776
5170.,8.566304,8.489552,39.26226,9.879038,8.492812,-27.08941,-44.1493
5180.,8.552169,8.475402,39.25236,9.864785,8.478638,-27.10213,-44.16084
5190.,8.53805,8.461268,39.24248,9.850548,8.46448,-27.11483,-44.17236
5200.,8.523947,8.447151,39.2326,9.836328,8.450338,-27.12752,-44.18386
5210.,8.50986,8.433049,39.22274,9.822123,8.436212,-27.14018,-44.19535
5220.,8.495789,8.418964,39.21288,9.807934,8.422103,-27.15282,-44.20683
5230.,8.481734,8.404895,39.20303,9.793761,8.408009,-27.16544,-44.2183
5240.,8.467695,8.390841,39.19319,9.779604,8.393932,-27.17805,-44.22976
5250.,8.453672,8.376804,39.18336,9.765463,8.379871,-27.19063,-44.2412
5260.,8.439665,8.362783,39.17354,9.751338,8.365825,-27.20319,-44.25263
5270.,8.425674,8.348777,39.16373,9.737228,8.351796,-27.21574,-44.26404
5280.,8.411698,8.334788,39.15393,9.723134,8.337783,-27.22827,-44.27545
5290.,8.397739,8.320814,39.14414,9.709056,8.323786,-27.24077,-44.28684
5300.,8.383795,8.306856,39.13436,9.694994,8.309804,-27.25326,-44.29822
5310.,8.369867,8.292915,39.12459,9.680947,8.295839,-27.26573,-44.30958
5320.,8.355955,8.278989,39.11482,9.666917,8.281889,-27.27818,-44.32093
5330.,8.342059,8.265079,39.10507,9.652902,8.267955,-27.29061,-44.33227
5340.,8.328178,8.251184,39.09533,9.638902,8.254037,-27.30302,-44.3436
5350.,8.314313,8.237306,39.08559,9.624918,8.240135,-27.31542,-44.35491
5360.,8.300464,8.223443,39.07587,9.61095,8.226249,-27.32779,-44.36622
5370.,8.28663,8.209596,39.06616,9.596998,8.212379,-27.34015,-44.37751
5380.,8.272813,8.195765,39.05645,9.583061,8.198524,-27.35249,-44.38878
5390.,8.25901,8.181949,39.04676,9.56914,8.184685,-27.36481,-44.40005
5400.,8.245224,8.16815,39.03707,9.555234,8.170862,-27.37711,-44.4113
5410.,8.231453,8.154365,39.02739,9.541344,8.157055,-27.3894,-44.42254
5420.,8.217697,8.140597,39.01773,9.527469,8.143263,-27.40166,-44.43376
5430.,8.203958,8.126844,39.00807,9.51361,8.129487,-27.41391,-44.44497
5440.,8.190233,8.113107,38.99842,9.499766,8.115726,-27.42614,-44.45618
5450.,8.176525,8.099385,38.98879,9.485938,8.101982,-27.43835,-44.46736
5460.,8.162832,8.085679,38.97916,9.472126,8.088252,-27.45055,-44.47854
5470.,8.149154,8.071989,38.96954,9.458329,8.074539,-27.46272,-44.4897
5480.,8.135492,8.058314,38.95994,9.444547,8.060841,-27.47488,-44.50085
5490.,8.121845,8.044654,38.95034,9.430781,8.047158,-27.48702,-44.51199
5500.,8.108214,8.03101,38.94075,9.41703,8.033491,-27.49915,-44.52312
5510.,8.094598,8.017382,38.93117,9.403294,8.01984,-27.51125,-44.53423
5520.,8.080997,8.003769,38.9216,9.389574,8.006204,-27.52334,-44.54533
5530.,8.067412,7.990171,38.91204,9.37587,7.992583,-27.53541,-44.55642
5540.,8.053842,7.976589,38.9025,9.36218,7.978978,-27.54747,-44.5675
5550.,8.040288,7.963022,38.89296,9.348506,7.965389,-27.55951,-44.57856
5560.,8.026749,7.94947,38.88343,9.334847,7.951814,-27.57153,-44.58961
5570.,8.013225,7.935934,38.87391,9.321204,7.938256,-27.58353,-44.60065
5580.,7.999716,7.922414,38.8644,9.307575,7.924712,-27.59552,-44.61168
5590.,7.986223,7.908908,38.8549,9.293962,7.911184,-27.60749,-44.62269
5600.,7.972745,7.895418,38.84541,9.280365,7.897671,-27.61944,-44.63369
5610.,7.959282,7.881943,38.83593,9.266782,7.884174,-27.63137,-44.64468
5620.,7.945835,7.868483,38.82646,9.253215,7.870692,-27.64329,-44.65566
5630.,7.932402,7.855039,38.817,9.239663,7.857225,-27.65519,-44.66663
5640.,7.918985,7.84161,38.80755,9.226126,7.843773,-27.66708,-44.67758
5650.,7.905583,7.828196,38.79811,9.212604,7.830337,-27.67895,-44.68852
5660.,7.892196,7.814797,38.78868,9.199097,7.816916,-27.6908,-44.69945
5670.,7.878824,7.801414,38.77926,9.185605,7.80351,-27.70264,-44.71037
5680.,7.865468,7.788045,38.76985,9.172129,7.790119,-27.71446,-44.72127
5690.,7.852126,7.774692,38.76045,9.158667,7.776744,-27.72626,-44.73216
5700.,7.8388,7.761354,38.75106,9.145221,7.763383,-27.73805,-44.74304
5710.,7.825488,7.74803,38.74168,9.13179,7.750038,-27.74982,-44.75391
5720.,7.812191,7.734722,38.73231,9.118373,7.736707,-27.76157,-44.76476
5730.,7.79891,7.721429,38.72295,9.104972,7.723392,-27.77331,-44.77561
5740.,7.785643,7.708151,38.7136,9.091586,7.710092,-27.78503,-44.78644
5750.,7.772392,7.694888,38.70426,9.078214,7.696807,-27.79674,-44.79726
5760.,7.759155,7.68164,38.69493,9.064858,7.683537,-27.80843,-44.80806
5770.,7.745934,7.668407,38.68561,9.051517,7.670282,-27.82011,-44.81886
5780.,7.732727,7.655189,38.6763,9.03819,7.657042,-27.83176,-44.82964
5790.,7.719535,7.641986,38.667,9.024879,7.643817,-27.84341,-44.84041
5800.,7.706358,7.628798,38.65771,9.011582,7.630607,-27.85503,-44.85117
5810.,7.693196,7.615625,38.64843,8.9983,7.617412,-27.86665,-44.86192
5820.,7.680048,7.602466,38.63916,8.985033,7.604231,-27.87824,-44.87265
5830.,7.666916,7.589323,38.6299,8.971781,7.591066,-27.88982,-44.88337
5840.,7.653798,7.576194,38.62065,8.958543,7.577915,-27.90139,-44.89408
5850.,7.640695,7.56308,38.61141,8.945321,7.56478,-27.91294,-44.90478
5860.,7.627607,7.549981,38.60218,8.932113,7.551659,-27.92447,-44.91547
5870.,7.614534,7.536897,38.59296,8.91892,7.538553,-27.93599,-44.92614
5880.,7.601475,7.523827,38.58375,8.905742,7.525462,-27.94749,-44.9368
5890.,7.588431,7.510772,38.57455,8.892579,7.512385,-27.95898,-44.94746
5900.,7.575402,7.497732,38.56536,8.87943,7.499324,-27.97045,-44.95809
5910.,7.562387,7.484707,38.55618,8.866296,7.486277,-27.98191,-44.96872
5920.,7.549387,7.471696,38.54701,8.853176,7.473244,-27.99335,-44.97934
5930.,7.536402,7.458701,38.53785,8.840072,7.460227,-28.00478,-44.98994
5940.,7.523431,7.445719,38.5287,8.826982,7.447224,-28.01619,-45.00053
5950.,7.510475,7.432753,38.51956,8.813906,7.434236,-28.02759,-45.01111
5960.,7.497534,7.419801,38.51043,8.800846,7.421263,-28.03897,-45.02168
5970.,7.484607,7.406863,38.50131,8.787799,7.408304,-28.05033,-45.03223
5980.,7.471695,7.39394,38.4922,8.774768,7.39536,-28.06169,-45.04278
5990.,7.458797,7.381032,38.4831,8.761751,7.38243,-28.07302,-45.05331
6000.,7.445913,7.368138,38.47401,8.748748,7.369515,-28.08435,-45.06383
6010.,7.433045,7.355259,38.46493,8.73576,7.356614,-28.09565,-45.07434
6020.,7.42019,7.342394,38.45586,8.722787,7.343728,-28.10695,-45.08483
6030.,7.40735,7.329544,38.4468,8.709828,7.330857,-28.11823,-45.09532
6040.,7.394525,7.316709,38.43775,8.696884,7.318,-28.12949,-45.10579
6050.,7.381714,7.303887,38.42871,8.683954,7.305158,-28.14074,-45.11626
6060.,7.368917,7.291081,38.41968,8.671038,7.29233,-28.15197,-45.12671
6070.,7.356135,7.278288,38.41066,8.658137,7.279516,-28.16319,-45.13714
6080.,7.343367,7.26551,38.40165,8.64525,7.266717,-28.1744,-45.14757
6090.,7.330614,7.252747,38.39265,8.632378,7.253933,-28.18559,-45.15799
6100.,7.317875,7.239997,38.38366,8.61952,7.241162,-28.19676,-45.16839
6110.,7.30515,7.227263,38.37468,8.606677,7.228407,-28.20793,-45.17878
6120.,7.292439,7.214542,38.36571,8.593847,7.215665,-28.21908,-45.18916
6130.,7.279743,7.201836,38.35675,8.581033,7.202938,-28.23021,-45.19953
6140.,7.267061,7.189144,38.3478,8.568232,7.190225,-28.24133,-45.20989
6150.,7.254393,7.176466,38.33886,8.555446,7.177527,-28.25243,-45.22023
6160.,7.24174,7.163803,38.32993,8.542674,7.164842,-28.26352,-45.23057
6170.,7.229101,7.151154,38.321,8.529916,7.152172,-28.2746,-45.24089
6180.,7.216475,7.138519,38.31209,8.517173,7.139517,-28.28566,-45.2512
6190.,7.203865,7.125898,38.30319,8.504444,7.126875,-28.29671,-45.2615
6200.,7.191268,7.113292,38.2943,8.491729,7.114248,-28.30775,-45.27179
6210.,7.178685,7.1007,38.28542,8.479028,7.101635,-28.31877,-45.28206
6220.,7.166117,7.088121,38.27655,8.466342,7.089036,-28.32977,-45.29233
6230.,7.153563,7.075558,38.26769,8.453669,7.076452,-28.34077,-45.30258
6240.,7.141022,7.063008,38.25884,8.441011,7.063881,-28.35175,-45.31282
6250.,7.128496,7.050472,38.25,8.428367,7.051325,-28.36271,-45.32305
6260.,7.115984,7.03795,38.24117,8.415737,7.038782,-28.37366,-45.33327
6270.,7.103486,7.025443,38.23234,8.403121,7.026254,-28.3846,-45.34348
6280.,7.091002,7.012949,38.22353,8.390519,7.01374,-28.39552,-45.35367
6290.,7.078532,7.00047,38.21473,8.377932,7.00124,-28.40643,-45.36386
6300.,7.066076,6.988004,38.20594,8.365358,6.988754,-28.41733,-45.37403
6310.,7.053634,6.975553,38.19716,8.352798,6.976282,-28.42821,-45.3842
6320.,7.041206,6.963115,38.18839,8.340253,6.963824,-28.43908,-45.39435
6330.,7.028792,6.950692,38.17962,8.327721,6.95138,-28.44994,-45.40449
6340.,7.016391,6.938282,38.17087,8.315203,6.93895,-28.46078,-45.41461
6350.,7.004005,6.925887,38.16213,8.3027,6.926534,-28.47161,-45.42473
6360.,6.991633,6.913505,38.1534,8.29021,6.914132,-28.48242,-45.43484
6370.,6.979274,6.901137,38.14467,8.277734,6.901744,-28.49323,-45.44493
6380.,6.966929,6.888783,38.13596,8.265273,6.88937,-28.50401,-45.45501
6390.,6.954599,6.876443,38.12726,8.252825,6.87701,-28.51479,-45.46508
6400.,6.942281,6.864117,38.11856,8.240391,6.864663,-28.52555,-45.47514
6410.,6.929978,6.851805,38.10988,8.22797,6.852331,-28.5363,-45.48519
6420.,6.917689,6.839506,38.10121,8.215564,6.840012,-28.54703,-45.49523
6430.,6.905413,6.827221,38.09254,8.203172,6.827707,-28.55775,-45.50526
6440.,6.893151,6.81495,38.08389,8.190793,6.815416,-28.56846,-45.51527
6450.,6.880903,6.802693,38.07524,8.178428,6.803139,-28.57916,-45.52528
6460.,6.868669,6.79045,38.06661,8.166077,6.790875,-28.58984,-45.53527
6470.,6.856448,6.77822,38.05799,8.15374,6.778625,-28.60051,-45.54525
6480.,6.844241,6.766004,38.04937,8.141417,6.766389,-28.61117,-45.55523
6490.,6.832048,6.753802,38.04076,8.129107,6.754167,-28.62181,-45.56519
6500.,6.819868,6.741613,38.03217,8.116811,6.741958,-28.63244,-45.57513
6510.,6.807702,6.729438,38.02358,8.104529,6.729763,-28.64305,-45.58507
6520.,6.795549,6.717277,38.01501,8.09226,6.717582,-28.65366,-45.595
6530.,6.78341,6.705129,38.00644,8.080005,6.705414,-28.66425,-45.60491
6540.,6.771285,6.692995,37.99788,8.067764,6.69326,-28.67483,-45.61482
6550.,6.759174,6.680874,37.98934,8.055536,6.68112,-28.68539,-45.62471
6560.,6.747075,6.668768,37.9808,8.043322,6.668993,-28.69594,-45.63459
6570.,6.734991,6.656674,37.97227,8.031122,6.65688,-28.70648,-45.64447
6580.,6.72292,6.644594,37.96376,8.018935,6.644781,-28.71701,-45.65433
6590.,6.710862,6.632528,37.95525,8.006762,6.632695,-28.72752,-45.66418
6600.,6.698818,6.620475,37.94675,7.994602,6.620622,-28.73802,-45.67401
6610.,6.686788,6.608436,37.93826,7.982456,6.608563,-28.74851,-45.68384
6620.,6.674771,6.59641,37.92978,7.970324,6.596518,-28.75899,-45.69366
6630.,6.662767,6.584398,37.92131,7.958205,6.584486,-28.76945,-45.70346
6640.,6.650777,6.572399,37.91285,7.946099,6.572467,-28.7799,-45.71326
6650.,6.6388,6.560414,37.9044,7.934007,6.560462,-28.79034,-45.72304
6660.,6.626836,6.548442,37.89596,7.921929,6.54847,-28.80076,-45.73281
6670.,6.614886,6.536483,37.88753,7.909864,6.536492,-28.81117,-45.74258
6680.,6.60295,6.524538,37.87911,7.897812,6.524528,-28.82157,-45.75233
6690.,6.591026,6.512606,37.8707,7.885774,6.512576,-28.83196,-45.76207
6700.,6.579116,6.500688,37.86229,7.873749,6.500638,-28.84234,-45.7718
6710.,6.56722,6.488783,37.8539,7.861738,6.488713,-28.8527,-45.78152
6720.,6.555336,6.476891,37.84552,7.84974,6.476802,-28.86305,-45.79122
6730.,6.543466,6.465012,37.83715,7.837755,6.464904,-28.87339,-45.80092
6740.,6.531609,6.453147,37.82878,7.825784,6.453019,-28.88371,-45.81061
6750.,6.519766,6.441295,37.82043,7.813826,6.441148,-28.89402,-45.82028
6760.,6.507935,6.429456,37.81208,7.801881,6.42929,-28.90432,-45.82995
6770.,6.496118,6.417631,37.80375,7.78995,6.417445,-28.91461,-45.8396
6780.,6.484314,6.405819,37.79542,7.778032,6.405613,-28.92489,-45.84924
6790.,6.472523,6.39402,37.78711,7.766127,6.393795,-28.93515,-45.85887
6800.,6.460746,6.382234,37.7788,7.754236,6.38199,-28.9454,-45.8685
6810.,6.448981,6.370461,37.7705,7.742357,6.370198,-28.95564,-45.87811
6820.,6.43723,6.358701,37.76221,7.730492,6.358419,-28.96587,-45.88771
6830.,6.425492,6.346955,37.75394,7.71864,6.346653,-28.97608,-45.8973
6840.,6.413767,6.335222,37.74567,7.706802,6.334901,-28.98628,-45.90688
6850.,6.402055,6.323502,37.73741,7.694976,6.323161,-28.99647,-45.91644
6860.,6.390356,6.311794,37.72916,7.683164,6.311435,-29.00665,-45.926
6870.,6.37867,6.3001,37.72092,7.671364,6.299722,-29.01682,-45.93555
6880.,6.366997,6.28842,37.71269,7.659578,6.288022,-29.02697,-45.94508
6890.,6.355337,6.276752,37.70446,7.647805,6.276335,-29.03711,-45.95461
6900.,6.343691,6.265097,37.69625,7.636046,6.264661,-29.04724,-45.96412
6910.,6.332057,6.253455,37.68805,7.624299,6.253,-29.05736,-45.97363
6920.,6.320436,6.241826,37.67986,7.612565,6.241352,-29.06747,-45.98312
6930.,6.308828,6.23021,37.67167,7.600844,6.229717,-29.07756,-45.99261
6940.,6.297233,6.218607,37.6635,7.589137,6.218095,-29.08764,-46.00208
6950.,6.285651,6.207017,37.65533,7.577442,6.206486,-29.09771,-46.01154
6960.,6.274082,6.19544,37.64718,7.565761,6.19489,-29.10777,-46.02099
6970.,6.262526,6.183876,37.63903,7.554092,6.183307,-29.11782,-46.03043
6980.,6.250983,6.172325,37.63089,7.542436,6.171737,-29.12785,-46.03986
6990.,6.239453,6.160787,37.62276,7.530794,6.16018,-29.13788,-46.04928
7000.,6.227935,6.149261,37.61465,7.519164,6.148636,-29.14789,-46.05869
7010.,6.21643,6.137749,37.60654,7.507547,6.137104,-29.15789,-46.06809
7020.,6.204938,6.126249,37.59844,7.495943,6.125586,-29.16787,-46.07748
7030.,6.193459,6.114762,37.59035,7.484352,6.11408,-29.17785,-46.08686
7040.,6.181993,6.103288,37.58226,7.472774,6.102587,-29.18781,-46.09623
7050.,6.17054,6.091827,37.57419,7.461209,6.091107,-29.19776,-46.10559
7060.,6.159099,6.080378,37.56613,7.449656,6.079639,-29.20771,-46.11493
7070.,6.147671,6.068942,37.55808,7.438117,6.068185,-29.21763,-46.12427
7080.,6.136256,6.057519,37.55003,7.42659,6.056743,-29.22755,-46.1336
7090.,6.124853,6.046109,37.542,7.415076,6.045314,-29.23746,-46.14291
7100.,6.113463,6.034711,37.53397,7.403575,6.033898,-29.24735,-46.15222
7110.,6.102086,6.023326,37.52595,7.392086,6.022494,-29.25723,-46.16151
7120.,6.090722,6.011954,37.51795,7.380611,6.011104,-29.26711,-46.1708
7130.,6.07937,6.000595,37.50995,7.369148,5.999725,-29.27696,-46.18007
7140.,6.068031,5.989248,37.50196,7.357698,5.98836,-29.28681,-46.18934
7150.,6.056704,5.977914,37.49398,7.34626,5.977007,-29.29665,-46.19859
7160.,6.04539,5.966592,37.48601,7.334836,5.965667,-29.30647,-46.20784
7170.,6.034089,5.955283,37.47805,7.323424,5.954339,-29.31629,-46.21707
7180.,6.0228,5.943987,37.47009,7.312024,5.943025,-29.32609,-46.22629
7190.,6.011524,5.932703,37.46215,7.300638,5.931722,-29.33588,-46.23551
7200.,6.00026,5.921432,37.45422,7.289264,5.920432,-29.34566,-46.24471
7210.,5.989009,5.910173,37.44629,7.277902,5.909155,-29.35543,-46.2539
7220.,5.977771,5.898927,37.43837,7.266553,5.897891,-29.36518,-46.26308
7230.,5.966545,5.887693,37.43047,7.255217,5.886639,-29.37493,-46.27226
7240.,5.955331,5.876472,37.42257,7.243893,5.875399,-29.38466,-46.28142
7250.,5.94413,5.865263,37.41468,7.232582,5.864172,-29.39439,-46.29057
7260.,5.932941,5.854067,37.4068,7.221284,5.852957,-29.4041,-46.29971
7270.,5.921765,5.842883,37.39893,7.209998,5.841755,-29.4138,-46.30884
7280.,5.910601,5.831712,37.39107,7.198724,5.830566,-29.42349,-46.31796
7290.,5.89945,5.820553,37.38322,7.187463,5.819388,-29.43317,-46.32708
7300.,5.888311,5.809407,37.37537,7.176215,5.808224,-29.44283,-46.33618
7310.,5.877184,5.798272,37.36754,7.164979,5.797071,-29.45249,-46.34527
7320.,5.86607,5.787151,37.35971,7.153755,5.785931,-29.46213,-46.35435
7330.,5.854968,5.776041,37.3519,7.142544,5.774804,-29.47176,-46.36342
7340.,5.843878,5.764944,37.34409,7.131345,5.763689,-29.48139,-46.37248
7350.,5.832801,5.75386,37.33629,7.120159,5.752586,-29.491,-46.38153
7360.,5.821736,5.742788,37.3285,7.108985,5.741495,-29.5006,-46.39057
7370.,5.810684,5.731728,37.32072,7.097824,5.730417,-29.51019,-46.3996
7380.,5.799643,5.72068,37.31295,7.086675,5.719351,-29.51976,-46.40862
7390.,5.788615,5.709644,37.30518,7.075538,5.708298,-29.52933,-46.41764
7400.,5.777599,5.698621,37.29743,7.064414,5.697257,-29.53889,-46.42664
7410.,5.766596,5.68761,37.28969,7.053302,5.686228,-29.54843,-46.43563
7420.,5.755604,5.676612,37.28195,7.042202,5.675211,-29.55796,-46.44461
7430.,5.744625,5.665625,37.27422,7.031114,5.664206,-29.56749,-46.45358
7440.,5.733658,5.654651,37.2665,7.020039,5.653214,-29.577,-46.46254
7450.,5.722703,5.643689,37.2588,7.008976,5.642234,-29.5865,-46.47149
7460.,5.711761,5.632739,37.25109,6.997926,5.631266,-29.59599,-46.48043
7470.,5.70083,5.621801,37.2434,6.986887,5.62031,-29.60547,-46.48936
7480.,5.689912,5.610876,37.23572,6.975861,5.609367,-29.61494,-46.49828
7490.,5.679006,5.599962,37.22805,6.964847,5.598435,-29.62439,-46.5072
7500.,5.668112,5.589061,37.22038,6.953845,5.587516,-29.63384,-46.5161
7510.,5.657229,5.578172,37.21272,6.942856,5.576609,-29.64327,-46.52499
7520.,5.646359,5.567294,37.20508,6.931878,5.565714,-29.6527,-46.53387
7530.,5.635502,5.556429,37.19744,6.920913,5.554831,-29.66211,-46.54274
7540.,5.624656,5.545576,37.18981,6.90996,5.54396,-29.67152,-46.55161
7550.,5.613822,5.534735,37.18219,6.899019,5.533101,-29.68091,-46.56046
7560.,5.603,5.523906,37.17457,6.88809,5.522255,-29.69029,-46.5693
7570.,5.59219,5.513089,37.16697,6.877173,5.51142,-29.69966,-46.57813
7580.,5.581392,5.502284,37.15938,6.866269,5.500597,-29.70902,-46.58696
7590.,5.570606,5.491491,37.15179,6.855376,5.489786,-29.71837,-46.59577
7600.,5.559833,5.48071,37.14421,6.844496,5.478988,-29.72771,-46.60457
7610.,5.549071,5.469941,37.13664,6.833627,5.468201,-29.73704,-46.61337
7620.,5.538321,5.459184,37.12908,6.822771,5.457426,-29.74636,-46.62215
7630.,5.527582,5.448439,37.12153,6.811926,5.446663,-29.75566,-46.63093
7640.,5.516856,5.437706,37.11399,6.801094,5.435912,-29.76496,-46.63969
7650.,5.506142,5.426984,37.10645,6.790273,5.425173,-29.77425,-46.64844
7660.,5.495439,5.416275,37.09893,6.779464,5.414446,-29.78352,-46.65719
7670.,5.484749,5.405577,37.09141,6.768668,5.403731,-29.79279,-46.66593
7680.,5.47407,5.394892,37.0839,6.757883,5.393028,-29.80204,-46.67465
7690.,5.463403,5.384218,37.0764,6.747111,5.382336,-29.81128,-46.68337
7700.,5.452748,5.373556,37.06891,6.73635,5.371657,-29.82052,-46.69207
7710.,5.442105,5.362905,37.06143,6.725601,5.360989,-29.82974,-46.70077
7720.,5.431473,5.352267,37.05396,6.714864,5.350333,-29.83895,-46.70946
7730.,5.420853,5.34164,37.04649,6.704139,5.339689,-29.84815,-46.71814
7740.,5.410245,5.331025,37.03904,6.693425,5.329056,-29.85734,-46.7268
7750.,5.399649,5.320422,37.03159,6.682724,5.318436,-29.86652,-46.73546
7760.,5.389065,5.309831,37.02415,6.672034,5.307827,-29.87569,-46.74411
7770.,5.378492,5.299251,37.01672,6.661356,5.29723,-29.88485,-46.75275
7780.,5.367931,5.288683,37.0093,6.65069,5.286644,-29.894,-46.76138
7790.,5.357381,5.278127,37.00188,6.640036,5.276071,-29.90314,-46.77
7800.,5.346844,5.267582,36.99448,6.629394,5.265509,-29.91227,-46.77861
7810.,5.336318,5.257049,36.98708,6.618763,5.254958,-29.92139,-46.78721
7820.,5.325803,5.246528,36.97969,6.608144,5.24442,-29.9305,-46.79581
7830.,5.3153,5.236018,36.97231,6.597537,5.233893,-29.93959,-46.80439
7840.,5.304809,5.22552,36.96494,6.586941,5.223378,-29.94868,-46.81296
7850.,5.29433,5.215034,36.95758,6.576357,5.212874,-29.95776,-46.82153
7860.,5.283862,5.204559,36.95022,6.565785,5.202382,-29.96683,-46.83008
7870.,5.273405,5.194096,36.94288,6.555225,5.191901,-29.97588,-46.83862
7880.,5.262961,5.183644,36.93554,6.544676,5.181433,-29.98493,-46.84716
7890.,5.252527,5.173204,36.92821,6.534139,5.170975,-29.99397,-46.85568
7900.,5.242106,5.162776,36.92089,6.523613,5.16053,-30.00299,-46.8642
7910.,5.231695,5.152359,36.91358,6.513099,5.150095,-30.01201,-46.87271
7920.,5.221297,5.141953,36.90627,6.502597,5.139673,-30.02101,-46.88121
7930.,5.210909,5.131559,36.89898,6.492106,5.129262,-30.03001,-46.88969
7940.,5.200534,5.121177,36.89169,6.481627,5.118862,-30.03899,-46.89817
7950.,5.190169,5.110806,36.88441,6.47116,5.108474,-30.04797,-46.90664
7960.,5.179817,5.100446,36.87714,6.460704,5.098097,-30.05693,-46.9151
7970.,5.169475,5.090098,36.86988,6.450259,5.087732,-30.06589,-46.92355
7980.,5.159145,5.079761,36.86263,6.439826,5.077379,-30.07483,-46.93199
7990.,5.148827,5.069436,36.85538,6.429405,5.067036,-30.08377,-46.94043
8000.,5.13852,5.059122,36.84814,6.418995,5.056705,-30.09269,-46.94885
8010.,5.128224,5.04882,36.84091,6.408596,5.046386,-30.10161,-46.95726
8020.,5.117939,5.038529,36.83369,6.398209,5.036078,-30.11051,-46.96567
8030.,5.107666,5.028249,36.82648,6.387834,5.025781,-30.11941,-46.97406
8040.,5.097405,5.017981,36.81928,6.37747,5.015496,-30.12829,-46.98245
8050.,5.087154,5.007724,36.81208,6.367117,5.005222,-30.13716,-46.99082
8060.,5.076915,4.997478,36.80489,6.356776,4.99496,-30.14603,-46.99919
8070.,5.066688,4.987244,36.79772,6.346446,4.984708,-30.15488,-47.00755
8080.,5.056471,4.977021,36.79054,6.336128,4.974468,-30.16373,-47.0159
8090.,5.046266,4.966809,36.78338,6.32582,4.96424,-30.17256,-47.02424
8100.,5.036072,4.956609,36.77623,6.315525,4.954022,-30.18139,-47.03257
8110.,5.025889,4.946419,36.76908,6.30524,4.943816,-30.1902,-47.04089
8120.,5.015718,4.936242,36.76194,6.294967,4.933622,-30.19901,-47.0492
8130.,5.005558,4.926075,36.75481,6.284705,4.923438,-30.2078,-47.0575
8140.,4.995409,4.915919,36.74769,6.274455,4.913266,-30.21659,-47.0658
8150.,4.985271,4.905775,36.74058,6.264216,4.903105,-30.22536,-47.07408
8160.,4.975144,4.895642,36.73347,6.253988,4.892955,-30.23413,-47.08236
8170.,4.965029,4.88552,36.72638,6.243771,4.882816,-30.24288,-47.09062
8180.,4.954925,4.875409,36.71929,6.233566,4.872689,-30.25163,-47.09888
8190.,4.944832,4.865309,36.7122,6.223372,4.862572,-30.26037,-47.10713
8200.,4.93475,4.855221,36.70513,6.213189,4.852467,-30.26909,-47.11537
8210.,4.924679,4.845143,36.69807,6.203017,4.842373,-30.27781,-47.1236
8220.,4.914619,4.835077,36.69101,6.192857,4.83229,-30.28651,-47.13182
8230.,4.90457,4.825022,36.68396,6.182708,4.822218,-30.29521,-47.14003
8240.,4.894533,4.814978,36.67692,6.172569,4.812158,-30.3039,-47.14823
8250.,4.884506,4.804945,36.66989,6.162442,4.802108,-30.31258,-47.15643
8260.,4.874491,4.794923,36.66286,6.152327,4.792069,-30.32124,-47.16461
8270.,4.864486,4.784912,36.65585,6.142222,4.782042,-30.3299,-47.17279
8280.,4.854493,4.774912,36.64884,6.132128,4.772026,-30.33855,-47.18095
8290.,4.84451,4.764923,36.64184,6.122046,4.76202,-30.34719,-47.18911
8300.,4.834539,4.754946,36.63485,6.111975,4.752026,-30.35582,-47.19726
8310.,4.824578,4.744979,36.62786,6.101914,4.742042,-30.36444,-47.2054
8320.,4.814629,4.735023,36.62089,6.091865,4.73207,-30.37305,-47.21353
8330.,4.80469,4.725078,36.61392,6.081827,4.722109,-30.38165,-47.22165
8340.,4.794763,4.715144,36.60696,6.0718,4.712158,-30.39024,-47.22977
8350.,4.784846,4.705221,36.60001,6.061784,4.702219,-30.39882,-47.23787
8360.,4.77494,4.695309,36.59306,6.051779,4.69229,-30.40739,-47.24597
8370.,4.765046,4.685408,36.58612,6.041785,4.682373,-30.41595,-47.25405
8380.,4.755162,4.675517,36.5792,6.031801,4.672466,-30.4245,-47.26213
8390.,4.745289,4.665638,36.57228,6.021829,4.66257,-30.43305,-47.2702
8400.,4.735426,4.655769,36.56536,6.011868,4.652685,-30.44158,-47.27826
8410.,4.725575,4.645912,36.55846,6.001918,4.642811,-30.4501,-47.28631
8420.,4.715735,4.636065,36.55156,5.991979,4.632948,-30.45862,-47.29435
8430.,4.705905,4.626229,36.54467,5.98205,4.623096,-30.46712,-47.30238
8440.,4.696086,4.616404,36.53779,5.972133,4.613255,-30.47562,-47.31041
8450.,4.686278,4.60659,36.53092,5.962226,4.603424,-30.4841,-47.31842
8460.,4.676481,4.596786,36.52405,5.952331,4.593604,-30.49258,-47.32643
8470.,4.666694,4.586993,36.51719,5.942446,4.583795,-30.50105,-47.33443
8480.,4.656919,4.577211,36.51034,5.932572,4.573997,-30.5095,-47.34242
8490.,4.647154,4.56744,36.5035,5.922709,4.56421,-30.51795,-47.3504
8500.,4.6374,4.55768,36.49667,5.912857,4.554433,-30.52639,-47.35837
8510.,4.627656,4.54793,36.48984,5.903015,4.544667,-30.53482,-47.36633
8520.,4.617923,4.538191,36.48302,5.893185,4.534912,-30.54324,-47.37429
8530.,4.608201,4.528463,36.47621,5.883365,4.525167,-30.55165,-47.38223
8540.,4.59849,4.518745,36.46941,5.873556,4.515434,-30.56005,-47.39017
8550.,4.588789,4.509038,36.46262,5.863758,4.505711,-30.56844,-47.39809
8560.,4.579099,4.499342,36.45583,5.85397,4.495998,-30.57682,-47.40601
8570.,4.56942,4.489656,36.44905,5.844193,4.486296,-30.5852,-47.41392
8580.,4.559751,4.479981,36.44228,5.834427,4.476605,-30.59356,-47.42183
8590.,4.550093,4.470317,36.43551,5.824672,4.466925,-30.60191,-47.42972
8600.,4.540445,4.460663,36.42876,5.814927,4.457255,-30.61026,-47.4376
8610.,4.530808,4.45102,36.42201,5.805193,4.447596,-30.6186,-47.44548
8620.,4.521182,4.441387,36.41527,5.79547,4.437948,-30.62692,-47.45335
8630.,4.511566,4.431766,36.40853,5.785758,4.42831,-30.63524,-47.4612
8640.,4.501961,4.422154,36.40181,5.776056,4.418682,-30.64355,-47.46905
8650.,4.492366,4.412553,36.39509,5.766365,4.409066,-30.65185,-47.4769
8660.,4.482782,4.402963,36.38838,5.756684,4.399459,-30.66014,-47.48473
8670.,4.473209,4.393383,36.38168,5.747014,4.389864,-30.66842,-47.49255
8680.,4.463645,4.383814,36.37498,5.737354,4.380279,-30.67669,-47.50037
8690.,4.454093,4.374255,36.36829,5.727706,4.370704,-30.68495,-47.50818
8700.,4.444551,4.364707,36.36162,5.718067,4.36114,-30.6932,-47.51597
8710.,4.435019,4.35517,36.35494,5.70844,4.351586,-30.70145,-47.52376
8720.,4.425498,4.345642,36.34828,5.698823,4.342043,-30.70968,-47.53154
8730.,4.415987,4.336125,36.34162,5.689216,4.332511,-30.71791,-47.53932
8740.,4.406487,4.326619,36.33497,5.67962,4.322988,-30.72612,-47.54708
8750.,4.396997,4.317123,36.32833,5.670035,4.313477,-30.73433,-47.55484
8760.,4.387518,4.307638,36.3217,5.66046,4.303975,-30.74253,-47.56258
8770.,4.378049,4.298163,36.31507,5.650895,4.294485,-30.75072,-47.57032
8780.,4.36859,4.288698,36.30845,5.641341,4.285004,-30.7589,-47.57805
8790.,4.359142,4.279244,36.30184,5.631797,4.275534,-30.76707,-47.58578
8800.,4.349704,4.2698,36.29524,5.622264,4.266074,-30.77523,-47.59349
8810.,4.340276,4.260366,36.28864,5.612742,4.256625,-30.78338,-47.60119
8820.,4.330859,4.250943,36.28205,5.603229,4.247186,-30.79153,-47.60889
8830.,4.321452,4.24153,36.27547,5.593728,4.237757,-30.79966,-47.61658
8840.,4.312056,4.232127,36.2689,5.584236,4.228339,-30.80779,-47.62426
8850.,4.302669,4.222735,36.26233,5.574755,4.218931,-30.81591,-47.63193
8860.,4.293293,4.213353,36.25577,5.565285,4.209534,-30.82401,-47.63959
8870.,4.283928,4.203981,36.24922,5.555824,4.200146,-30.83211,-47.64725
8880.,4.274572,4.19462,36.24267,5.546374,4.190769,-30.8402,-47.65489
8890.,4.265227,4.185269,36.23614,5.536935,4.181403,-30.84828,-47.66253
8900.,4.255892,4.175928,36.22961,5.527506,4.172046,-30.85636,-47.67016
8910.,4.246567,4.166597,36.22309,5.518087,4.1627,-30.86442,-47.67778
8920.,4.237253,4.157276,36.21657,5.508678,4.153364,-30.87247,-47.68539
8930.,4.227948,4.147966,36.21007,5.49928,4.144038,-30.88052,-47.693
8940.,4.218654,4.138666,36.20357,5.489892,4.134722,-30.88856,-47.70059
8950.,4.20937,4.129376,36.19708,5.480514,4.125417,-30.89658,-47.70818
8960.,4.200097,4.120097,36.19059,5.471147,4.116122,-30.9046,-47.71576
8970.,4.190833,4.110827,36.18411,5.461789,4.106837,-30.91261,-47.72333
8980.,4.181579,4.101568,36.17764,5.452442,4.097562,-30.92061,-47.73089
8990.,4.172336,4.092318,36.17118,5.443106,4.088297,-30.92861,-47.73845
9000.,4.163103,4.083079,36.16473,5.433779,4.079043,-30.93659,-47.74599
9010.,4.15388,4.07385,36.15828,5.424463,4.069798,-30.94456,-47.75353
9020.,4.144667,4.064631,36.15184,5.415157,4.060564,-30.95253,-47.76106
9030.,4.135464,4.055423,36.1454,5.405861,4.05134,-30.96049,-47.76858
9040.,4.126271,4.046224,36.13898,5.396575,4.042126,-30.96844,-47.7761
9050.,4.117088,4.037035,36.13256,5.387299,4.032922,-30.97638,-47.7836
9060.,4.107915,4.027857,36.12615,5.378033,4.023728,-30.98431,-47.7911
9070.,4.098753,4.018688,36.11975,5.368778,4.014544,-30.99223,-47.79859
9080.,4.0896,4.009529,36.11335,5.359533,4.00537,-31.00014,-47.80607
9090.,4.080457,4.000381,36.10696,5.350298,3.996206,-31.00805,-47.81354
9100.,4.071325,3.991242,36.10058,5.341073,3.987052,-31.01594,-47.821
9110.,4.062202,3.982114,36.0942,5.331858,3.977909,-31.02383,-47.82846
9120.,4.053089,3.972995,36.08783,5.322653,3.968775,-31.03171,-47.83591
9130.,4.043987,3.963887,36.08147,5.313458,3.959651,-31.03958,-47.84335
9140.,4.034894,3.954788,36.07512,5.304273,3.950537,-31.04744,-47.85078
9150.,4.025811,3.9457,36.06877,5.295098,3.941434,-31.05529,-47.8582
9160.,4.016738,3.936621,36.06244,5.285933,3.93234,-31.06314,-47.86562
9170.,4.007675,3.927552,36.0561,5.276779,3.923256,-31.07097,-47.87302
9180.,3.998622,3.918493,36.04978,5.267634,3.914182,-31.0788,-47.88042
9190.,3.989579,3.909444,36.04346,5.258499,3.905118,-31.08661,-47.88781
9200.,3.980546,3.900405,36.03715,5.249374,3.896063,-31.09442,-47.8952
9210.,3.971522,3.891376,36.03085,5.240259,3.887019,-31.10223,-47.90257
9220.,3.962509,3.882357,36.02455,5.231155,3.877985,-31.11002,-47.90994
9230.,3.953505,3.873347,36.01827,5.22206,3.86896,-31.1178,-47.9173
9240.,3.944511,3.864348,36.01198,5.212975,3.859945,-31.12558,-47.92465
9250.,3.935527,3.855358,36.00571,5.203899,3.850941,-31.13334,-47.93199
9260.,3.926553,3.846378,35.99944,5.194834,3.841946,-31.1411,-47.93933
9270.,3.917588,3.837408,35.99318,5.185779,3.83296,-31.14885,-47.94665
9280.,3.908634,3.828447,35.98693,5.176734,3.823985,-31.15659,-47.95397
9290.,3.899689,3.819497,35.98068,5.167698,3.815019,-31.16432,-47.96128
9300.,3.890754,3.810556,35.97444,5.158672,3.806064,-31.17205,-47.96858
9310.,3.881828,3.801625,35.96821,5.149656,3.797118,-31.17976,-47.97588
9320.,3.872913,3.792704,35.96199,5.14065,3.788181,-31.18747,-47.98317
9330.,3.864007,3.783792,35.95577,5.131654,3.779255,-31.19517,-47.99044
9340.,3.855111,3.77489,35.94956,5.122668,3.770338,-31.20286,-47.99772
9350.,3.846224,3.765998,35.94336,5.113691,3.761431,-31.21054,-48.00498
9360.,3.837348,3.757116,35.93716,5.104725,3.752534,-31.21821,-48.01223
9370.,3.828481,3.748243,35.93097,5.095768,3.743646,-31.22588,-48.01948
9380.,3.819623,3.73938,35.92479,5.08682,3.734768,-31.23354,-48.02672
9390.,3.810776,3.730527,35.91861,5.077883,3.7259,-31.24118,-48.03395
9400.,3.801938,3.721683,35.91244,5.068955,3.717042,-31.24882,-48.04117
9410.,3.793109,3.712849,35.90628,5.060037,3.708193,-31.25645,-48.04839
9420.,3.784291,3.704025,35.90013,5.051129,3.699354,-31.26408,-48.0556
9430.,3.775481,3.69521,35.89398,5.04223,3.690524,-31.27169,-48.0628
9440.,3.766682,3.686405,35.88784,5.033341,3.681704,-31.2793,-48.06999
9450.,3.757892,3.677609,35.88171,5.024462,3.672894,-31.2869,-48.07717
9460.,3.749112,3.668823,35.87558,5.015593,3.664093,-31.29448,-48.08435
9470.,3.740341,3.660047,35.86946,5.006733,3.655302,-31.30207,-48.09152
9480.,3.73158,3.65128,35.86335,4.997883,3.64652,-31.30964,-48.09868
9490.,3.722828,3.642523,35.85724,4.989042,3.637748,-31.3172,-48.10583
9500.,3.714086,3.633775,35.85114,4.980211,3.628986,-31.32476,-48.11298
9510.,3.705353,3.625037,35.84505,4.97139,3.620233,-31.33231,-48.12012
9520.,3.69663,3.616308,35.83896,4.962578,3.61149,-31.33985,-48.12724
9530.,3.687917,3.607589,35.83289,4.953776,3.602756,-31.34738,-48.13437
9540.,3.679213,3.598879,35.82681,4.944984,3.594032,-31.3549,-48.14148
9550.,3.670518,3.590179,35.82075,4.936201,3.585317,-31.36242,-48.14859
9560.,3.661833,3.581489,35.81469,4.927427,3.576612,-31.36992,-48.15569
9570.,3.653157,3.572807,35.80864,4.918663,3.567916,-31.37742,-48.16278
9580.,3.644491,3.564136,35.8026,4.909909,3.55923,-31.38491,-48.16986
9590.,3.635834,3.555473,35.79656,4.901164,3.550553,-31.39239,-48.17694
9600.,3.627187,3.546821,35.79053,4.892429,3.541886,-31.39987,-48.184
9610.,3.618549,3.538177,35.78451,4.883703,3.533228,-31.40733,-48.19106
9620.,3.609921,3.529543,35.77849,4.874987,3.524579,-31.41479,-48.19812
9630.,3.601302,3.520919,35.77248,4.866281,3.51594,-31.42224,-48.20516
9640.,3.592692,3.512303,35.76648,4.857583,3.50731,-31.42968,-48.2122
9650.,3.584092,3.503698,35.76048,4.848895,3.49869,-31.43712,-48.21923
9660.,3.575501,3.495101,35.75449,4.840217,3.490079,-31.44454,-48.22625
9670.,3.566919,3.486514,35.74851,4.831548,3.481477,-31.45196,-48.23326
9680.,3.558347,3.477936,35.74253,4.822889,3.472885,-31.45937,-48.24027
9690.,3.549784,3.469368,35.73656,4.814239,3.464302,-31.46677,-48.24727
9700.,3.54123,3.460809,35.7306,4.805598,3.455729,-31.47416,-48.25426
9710.,3.532686,3.452259,35.72464,4.796967,3.447165,-31.48154,-48.26124
9720.,3.524151,3.443718,35.71869,4.788345,3.43861,-31.48892,-48.26822
9730.,3.515625,3.435187,35.71275,4.779732,3.430064,-31.49629,-48.27519
9740.,3.507109,3.426665,35.70681,4.771129,3.421528,-31.50365,-48.28215
9750.,3.498602,3.418153,35.70089,4.762535,3.413001,-31.511,-48.2891
9760.,3.490104,3.409649,35.69496,4.753951,3.404483,-31.51835,-48.29605
9770.,3.481615,3.401155,35.68905,4.745376,3.395975,-31.52568,-48.30298
9780.,3.473136,3.39267,35.68314,4.73681,3.387476,-31.53301,-48.30992
9790.,3.464666,3.384195,35.67724,4.728254,3.378986,-31.54033,-48.31684
9800.,3.456205,3.375728,35.67134,4.719706,3.370505,-31.54764,-48.32375
9810.,3.447753,3.367271,35.66545,4.711169,3.362034,-31.55495,-48.33066
9820.,3.43931,3.358823,35.65957,4.70264,3.353571,-31.56224,-48.33756
9830.,3.430877,3.350384,35.65369,4.694121,3.345118,-31.56953,-48.34446
9840.,3.422452,3.341955,35.64782,4.68561,3.336674,-31.57681,-48.35134
9850.,3.414037,3.333534,35.64196,4.67711,3.32824,-31.58408,-48.35822
9860.,3.405631,3.325123,35.63611,4.668618,3.319814,-31.59135,-48.36509
9870.,3.397235,3.316721,35.63026,4.660136,3.311398,-31.5986,-48.37195
9880.,3.388847,3.308327,35.62441,4.651662,3.302991,-31.60585,-48.37881
9890.,3.380468,3.299943,35.61858,4.643198,3.294592,-31.61309,-48.38566
9900.,3.372099,3.291569,35.61275,4.634744,3.286204,-31.62033,-48.3925
9910.,3.363738,3.283203,35.60692,4.626298,3.277824,-31.62755,-48.39933
9920.,3.355387,3.274846,35.60111,4.617862,3.269453,-31.63477,-48.40616
9930.,3.347045,3.266499,35.5953,4.609434,3.261091,-31.64198,-48.41298
9940.,3.338712,3.25816,35.58949,4.601016,3.252739,-31.64918,-48.41979
9950.,3.330388,3.249831,35.5837,4.592607,3.244395,-31.65637,-48.42659
9960.,3.322073,3.24151,35.57791,4.584207,3.236061,-31.66356,-48.43339
9970.,3.313767,3.233199,35.57212,4.575817,3.227735,-31.67074,-48.44018
9980.,3.30547,3.224897,35.56635,4.567435,3.219419,-31.67791,-48.44696
9990.,3.297182,3.216603,35.56058,4.559062,3.211112,-31.68507,-48.45373
10000.,3.288903,3.208319,35.55481,4.550699,3.202813,-31.69222,-48.4605
10010.,3.280633,3.200044,35.54905,4.542344,3.194524,-31.69937,-48.46726
10020.,3.272372,3.191777,35.5433,4.533999,3.186244,-31.70651,-48.47401
10030.,3.26412,3.18352,35.53756,4.525663,3.177972,-31.71364,-48.48076
10040.,3.255876,3.175272,35.53182,4.517336,3.16971,-31.72076,-48.48749
10050.,3.247642,3.167032,35.52609,4.509017,3.161457,-31.72788,-48.49422
10060.,3.239417,3.158802,35.52036,4.500708,3.153212,-31.73498,-48.50095
10070.,3.231201,3.15058,35.51464,4.492408,3.144977,-31.74208,-48.50766
10080.,3.222993,3.142367,35.50893,4.484117,3.13675,-31.74918,-48.51437
10090.,3.214795,3.134164,35.50322,4.475835,3.128532,-31.75626,-48.52107
10100.,3.206605,3.125969,35.49752,4.467562,3.120324,-31.76334,-48.52777
10110.,3.198425,3.117783,35.49183,4.459297,3.112124,-31.77041,-48.53445
10120.,3.190253,3.109606,35.48614,4.451042,3.103933,-31.77747,-48.54113
10130.,3.18209,3.101438,35.48046,4.442796,3.095751,-31.78452,-48.5478
10140.,3.173936,3.093278,35.47479,4.434558,3.087578,-31.79157,-48.55447
10150.,3.165791,3.085128,35.46912,4.42633,3.079414,-31.79861,-48.56113
10160.,3.157654,3.076986,35.46346,4.41811,3.071258,-31.80564,-48.56778
10170.,3.149527,3.068853,35.4578,4.4099,3.063111,-31.81266,-48.57442
10180.,3.141408,3.060729,35.45215,4.401698,3.054974,-31.81968,-48.58106
10190.,3.133298,3.052614,35.44651,4.393505,3.046845,-31.82668,-48.58769
10200.,3.125197,3.044508,35.44088,4.385321,3.038725,-31.83368,-48.59431
10210.,3.117104,3.03641,35.43525,4.377146,3.030613,-31.84068,-48.60092
10220.,3.109021,3.028321,35.42962,4.36898,3.022511,-31.84766,-48.60753
10230.,3.100946,3.020241,35.42401,4.360822,3.014417,-31.85464,-48.61413
10240.,3.09288,3.01217,35.41839,4.352674,3.006332,-31.86161,-48.62072
10250.,3.084822,3.004107,35.41279,4.344534,2.998256,-31.86857,-48.62731
10260.,3.076773,2.996053,35.40719,4.336403,2.990188,-31.87553,-48.63389
10270.,3.068734,2.988008,35.4016,4.328281,2.982129,-31.88247,-48.64046
10280.,3.060702,2.979972,35.39601,4.320168,2.974079,-31.88941,-48.64702
10290.,3.05268,2.971944,35.39044,4.312063,2.966038,-31.89634,-48.65358
10300.,3.044666,2.963925,35.38486,4.303967,2.958006,-31.90327,-48.66013
10310.,3.036661,2.955915,35.37929,4.29588,2.949982,-31.91019,-48.66667
10320.,3.028664,2.947913,35.37373,4.287802,2.941966,-31.9171,-48.67321
10330.,3.020677,2.93992,35.36818,4.279732,2.93396,-31.924,-48.67974
10340.,3.012697,2.931936,35.36263,4.271672,2.925962,-31.93089,-48.68626
10350.,3.004727,2.92396,35.35709,4.26362,2.917973,-31.93778,-48.69278
10360.,2.996765,2.915993,35.35155,4.255576,2.909992,-31.94466,-48.69929
10370.,2.988812,2.908035,35.34602,4.247542,2.90202,-31.95153,-48.70579
10380.,2.980867,2.900085,35.3405,4.239516,2.894057,-31.95839,-48.71228
10390.,2.972931,2.892144,35.33498,4.231498,2.886102,-31.96525,-48.71877
10400.,2.965003,2.884211,35.32947,4.22349,2.878156,-31.9721,-48.72525
10410.,2.957085,2.876287,35.32397,4.21549,2.870219,-31.97894,-48.73172
10420.,2.949174,2.868372,35.31847,4.207498,2.86229,-31.98578,-48.73819
10430.,2.941273,2.860465,35.31298,4.199516,2.85437,-31.99261,-48.74464
10440.,2.933379,2.852567,35.30749,4.191542,2.846458,-31.99943,-48.7511
10450.,2.925495,2.844677,35.30201,4.183576,2.838555,-32.00624,-48.75754
10460.,2.917619,2.836796,35.29654,4.17562,2.83066,-32.01304,-48.76398
10470.,2.909751,2.828923,35.29107,4.167671,2.822774,-32.01984,-48.77041
10480.,2.901892,2.821059,35.28561,4.159732,2.814897,-32.02663,-48.77683
10490.,2.894041,2.813203,35.28015,4.151801,2.807028,-32.03342,-48.78325
10500.,2.886199,2.805356,35.2747,4.143878,2.799167,-32.04019,-48.78966
10510.,2.878365,2.797517,35.26926,4.135964,2.791315,-32.04696,-48.79606
10520.,2.87054,2.789687,35.26382,4.128059,2.783471,-32.05372,-48.80246
10530.,2.862724,2.781865,35.25839,4.120162,2.775636,-32.06047,-48.80885
10540.,2.854915,2.774052,35.25296,4.112274,2.76781,-32.06722,-48.81523
10550.,2.847116,2.766247,35.24754,4.104394,2.759992,-32.07396,-48.82161
10560.,2.839324,2.758451,35.24213,4.096523,2.752182,-32.08069,-48.82798
10570.,2.831541,2.750663,35.23672,4.088661,2.744381,-32.08742,-48.83434
10580.,2.823767,2.742883,35.23132,4.080806,2.736588,-32.09413,-48.84069
10590.,2.816001,2.735112,35.22593,4.072961,2.728804,-32.10084,-48.84704
10600.,2.808243,2.727349,35.22054,4.065123,2.721028,-32.10755,-48.85338
10610.,2.800493,2.719595,35.21516,4.057295,2.71326,-32.11424,-48.85972
10620.,2.792752,2.711849,35.20978,4.049474,2.705501,-32.12093,-48.86604
10630.,2.78502,2.704111,35.20441,4.041662,2.69775,-32.12761,-48.87236
10640.,2.777296,2.696382,35.19904,4.033859,2.690008,-32.13428,-48.87868
10650.,2.76958,2.688661,35.19368,4.026064,2.682274,-32.14095,-48.88499
10660.,2.761872,2.680948,35.18833,4.018277,2.674548,-32.14761,-48.89129
10670.,2.754173,2.673244,35.18298,4.010499,2.666831,-32.15426,-48.89758
10680.,2.746482,2.665548,35.17764,4.002729,2.659121,-32.16091,-48.90387
10690.,2.738799,2.657861,35.17231,3.994968,2.651421,-32.16754,-48.91015
10700.,2.731125,2.650181,35.16698,3.987215,2.643728,-32.17417,-48.91642
10710.,2.723459,2.64251,35.16166,3.97947,2.636044,-32.1808,-48.92268
10720.,2.715801,2.634848,35.15634,3.971734,2.628369,-32.18741,-48.92894
10730.,2.708152,2.627193,35.15103,3.964006,2.620701,-32.19402,-48.9352
10740.,2.70051,2.619547,35.14572,3.956286,2.613042,-32.20062,-48.94144
10750.,2.692877,2.611909,35.14042,3.948575,2.605391,-32.20722,-48.94768
10760.,2.685253,2.604279,35.13513,3.940872,2.597748,-32.21381,-48.95391
10770.,2.677636,2.596658,35.12984,3.933177,2.590114,-32.22039,-48.96014
10780.,2.670028,2.589045,35.12456,3.925491,2.582487,-32.22696,-48.96636
10790.,2.662428,2.58144,35.11929,3.917813,2.574869,-32.23353,-48.97257
10800.,2.654836,2.573843,35.11402,3.910143,2.56726,-32.24008,-48.97878
10810.,2.647252,2.566254,35.10875,3.902481,2.559658,-32.24664,-48.98498
10820.,2.639677,2.558674,35.10349,3.894828,2.552065,-32.25318,-48.99117
10830.,2.632109,2.551101,35.09824,3.887183,2.54448,-32.25972,-48.99735
10840.,2.62455,2.543537,35.09299,3.879546,2.536903,-32.26625,-49.00353
10850.,2.616999,2.535981,35.08775,3.871918,2.529334,-32.27277,-49.00971
10860.,2.609456,2.528434,35.08252,3.864297,2.521773,-32.27929,-49.01587
10870.,2.601922,2.520894,35.07729,3.856685,2.514221,-32.2858,-49.02203
10880.,2.594395,2.513363,35.07207,3.849081,2.506676,-32.2923,-49.02818
10890.,2.586876,2.505839,35.06685,3.841486,2.49914,-32.2988,-49.03433
10900.,2.579366,2.498324,35.06164,3.833898,2.491612,-32.30529,-49.04047
10910.,2.571864,2.490817,35.05643,3.826319,2.484092,-32.31177,-49.0466
10920.,2.56437,2.483318,35.05123,3.818748,2.47658,-32.31824,-49.05273
10930.,2.556883,2.475827,35.04604,3.811185,2.469076,-32.32471,-49.05885
10940.,2.549405,2.468344,35.04085,3.80363,2.461581,-32.33117,-49.06496
10950.,2.541935,2.460869,35.03567,3.796083,2.454093,-32.33762,-49.07106
10960.,2.534474,2.453402,35.03049,3.788544,2.446614,-32.34407,-49.07716
10970.,2.52702,2.445943,35.02532,3.781014,2.439142,-32.35051,-49.08326
10980.,2.519574,2.438493,35.02016,3.773491,2.431679,-32.35694,-49.08934
10990.,2.512136,2.43105,35.015,3.765977,2.424223,-32.36337,-49.09542
11000.,2.504706,2.423615,35.00984,3.758471,2.416776,-32.36979,-49.1015
11010.,2.497284,2.416189,35.0047,3.750973,2.409337,-32.3762,-49.10756
11020.,2.489871,2.40877,34.99955,3.743483,2.401905,-32.3826,-49.11362
11030.,2.482465,2.40136,34.99442,3.736001,2.394482,-32.389,-49.11968
11040.,2.475067,2.393957,34.98929,3.728527,2.387067,-32.39539,-49.12572
11050.,2.467677,2.386562,34.98416,3.721061,2.379659,-32.40178,-49.13176
11060.,2.460295,2.379175,34.97904,3.713603,2.37226,-32.40815,-49.1378
11070.,2.452921,2.371797,34.97393,3.706154,2.364868,-32.41452,-49.14383
11080.,2.445555,2.364426,34.96882,3.698712,2.357485,-32.42089,-49.14985
11090.,2.438197,2.357063,34.96372,3.691278,2.35011,-32.42724,-49.15586
11100.,2.430847,2.349708,34.95862,3.683852,2.342742,-32.43359,-49.16187
11110.,2.423505,2.342361,34.95353,3.676434,2.335382,-32.43994,-49.16787
11120.,2.41617,2.335022,34.94845,3.669025,2.328031,-32.44627,-49.17387
11130.,2.408844,2.327691,34.94337,3.661623,2.320687,-32.4526,-49.17986
11140.,2.401525,2.320367,34.93829,3.654229,2.313351,-32.45892,-49.18584
11150.,2.394215,2.313052,34.93323,3.646843,2.306023,-32.46524,-49.19182
11160.,2.386912,2.305744,34.92816,3.639465,2.298703,-32.47155,-49.19778
11170.,2.379617,2.298445,34.92311,3.632095,2.291391,-32.47785,-49.20375
11180.,2.37233,2.291153,34.91805,3.624733,2.284086,-32.48415,-49.2097
11190.,2.36505,2.283869,34.91301,3.617379,2.27679,-32.49043,-49.21565
11200.,2.357779,2.276593,34.90797,3.610033,2.269501,-32.49672,-49.2216
11210.,2.350515,2.269324,34.90293,3.602694,2.262221,-32.50299,-49.22754
11220.,2.34326,2.262064,34.8979,3.595364,2.254948,-32.50926,-49.23347
11230.,2.336012,2.254811,34.89288,3.588041,2.247682,-32.51552,-49.23939
11240.,2.328771,2.247566,34.88786,3.580726,2.240425,-32.52178,-49.24531
11250.,2.321539,2.240329,34.88285,3.57342,2.233176,-32.52802,-49.25122
11260.,2.314314,2.2331,34.87784,3.566121,2.225934,-32.53426,-49.25713
11270.,2.307098,2.225878,34.87284,3.558829,2.2187,-32.5405,-49.26303
11280.,2.299888,2.218664,34.86785,3.551546,2.211474,-32.54673,-49.26892
11290.,2.292687,2.211458,34.86286,3.544271,2.204255,-32.55295,-49.27481
11300.,2.285493,2.20426,34.85787,3.537003,2.197045,-32.55916,-49.28069
11310.,2.278308,2.197069,34.8529,3.529743,2.189842,-32.56537,-49.28656
11320.,2.27113,2.189887,34.84792,3.522491,2.182647,-32.57157,-49.29243
11330.,2.263959,2.182712,34.84295,3.515247,2.175459,-32.57776,-49.29829
11340.,2.256796,2.175544,34.83799,3.50801,2.16828,-32.58395,-49.30415
11350.,2.249641,2.168384,34.83303,3.500782,2.161108,-32.59013,-49.30999
11360.,2.242494,2.161232,34.82808,3.493561,2.153943,-32.59631,-49.31584
11370.,2.235354,2.154088,34.82314,3.486347,2.146787,-32.60247,-49.32167
11380.,2.228222,2.146952,34.8182,3.479142,2.139638,-32.60864,-49.3275
11390.,2.221098,2.139823,34.81326,3.471944,2.132497,-32.61479,-49.33333
11400.,2.213982,2.132701,34.80833,3.464754,2.125363,-32.62094,-49.33914
11410.,2.206873,2.125588,34.80341,3.457572,2.118237,-32.62708,-49.34496
11420.,2.199771,2.118482,34.79849,3.450397,2.111119,-32.63321,-49.35076
11430.,2.192677,2.111383,34.79358,3.443231,2.104009,-32.63934,-49.35656
11440.,2.185591,2.104293,34.78867,3.436071,2.096906,-32.64546,-49.36235
11450.,2.178513,2.097209,34.78377,3.42892,2.08981,-32.65158,-49.36814
11460.,2.171442,2.090134,34.77887,3.421776,2.082723,-32.65769,-49.37392
11470.,2.164379,2.083066,34.77398,3.41464,2.075643,-32.66379,-49.37969
11480.,2.157323,2.076006,34.76909,3.407512,2.06857,-32.66988,-49.38546
11490.,2.150275,2.068953,34.76421,3.400391,2.061505,-32.67597,-49.39122
11500.,2.143234,2.061908,34.75934,3.393278,2.054448,-32.68205,-49.39698
11510.,2.136201,2.05487,34.75447,3.386172,2.047398,-32.68813,-49.40273
11520.,2.129176,2.04784,34.74961,3.379074,2.040356,-32.6942,-49.40847
11530.,2.122158,2.040818,34.74475,3.371984,2.033322,-32.70026,-49.41421
11540.,2.115148,2.033803,34.73989,3.364901,2.026294,-32.70631,-49.41994
11550.,2.108145,2.026795,34.73504,3.357826,2.019275,-32.71236,-49.42566
11560.,2.101149,2.019795,34.7302,3.350759,2.012263,-32.71841,-49.43138
11570.,2.094162,2.012803,34.72536,3.343699,2.005259,-32.72444,-49.43709
11580.,2.087181,2.005818,34.72053,3.336646,1.998262,-32.73047,-49.4428
11590.,2.080208,1.998841,34.71571,3.329602,1.991272,-32.7365,-49.4485
11600.,2.073243,1.991871,34.71088,3.322564,1.98429,-32.74251,-49.45419
11610.,2.066285,1.984908,34.70607,3.315535,1.977316,-32.74852,-49.45988
11620.,2.059335,1.977953,34.70126,3.308513,1.970349,-32.75453,-49.46556
11630.,2.052392,1.971006,34.69645,3.301498,1.96339,-32.76052,-49.47124
11640.,2.045456,1.964066,34.69165,3.294491,1.956438,-32.76651,-49.47691
11650.,2.038528,1.957133,34.68686,3.287491,1.949493,-32.7725,-49.48257
11660.,2.031608,1.950208,34.68207,3.280499,1.942556,-32.77848,-49.48823
11670.,2.024694,1.94329,34.67729,3.273515,1.935626,-32.78445,-49.49388
11680.,2.017789,1.93638,34.67251,3.266538,1.928704,-32.79041,-49.49952
11690.,2.01089,1.929477,34.66773,3.259568,1.921789,-32.79637,-49.50516
11700.,2.003999,1.922581,34.66296,3.252606,1.914882,-32.80233,-49.5108
11710.,1.997116,1.915693,34.6582,3.245651,1.907982,-32.80827,-49.51642
11720.,1.990239,1.908812,34.65344,3.238704,1.901089,-32.81421,-49.52204
11730.,1.98337,1.901939,34.64869,3.231764,1.894204,-32.82015,-49.52766
11740.,1.976509,1.895073,34.64394,3.224832,1.887326,-32.82607,-49.53327
11750.,1.969655,1.888214,34.6392,3.217907,1.880456,-32.83199,-49.53887
11760.,1.962808,1.881363,34.63447,3.210989,1.873593,-32.83791,-49.54447
11770.,1.955969,1.874519,34.62973,3.204079,1.866737,-32.84381,-49.55006
11780.,1.949136,1.867683,34.62501,3.197177,1.859888,-32.84972,-49.55564
11790.,1.942312,1.860853,34.62029,3.190281,1.853047,-32.85561,-49.56122
11800.,1.935494,1.854031,34.61557,3.183393,1.846214,-32.8615,-49.5668
11810.,1.928684,1.847217,34.61086,3.176513,1.839387,-32.86738,-49.57236
11820.,1.921881,1.840409,34.60616,3.16964,1.832568,-32.87326,-49.57792
11830.,1.915086,1.833609,34.60146,3.162774,1.825756,-32.87913,-49.58348
11840.,1.908297,1.826817,34.59676,3.155915,1.818952,-32.88499,-49.58903
11850.,1.901516,1.820031,34.59207,3.149064,1.812155,-32.89085,-49.59457
11860.,1.894742,1.813253,34.58739,3.142221,1.805365,-32.8967,-49.60011
11870.,1.887976,1.806482,34.58271,3.135384,1.798582,-32.90255,-49.60564
11880.,1.881217,1.799718,34.57803,3.128555,1.791807,-32.90838,-49.61117
11890.,1.874465,1.792962,34.57336,3.121733,1.785039,-32.91422,-49.61669
11900.,1.86772,1.786212,34.5687,3.114919,1.778278,-32.92004,-49.6222
11910.,1.860982,1.77947,34.56404,3.108111,1.771524,-32.92586,-49.62771
11920.,1.854252,1.772736,34.55939,3.101311,1.764778,-32.93168,-49.63321
11930.,1.847529,1.766008,34.55474,3.094519,1.758038,-32.93748,-49.6387
11940.,1.840813,1.759288,34.5501,3.087733,1.751306,-32.94328,-49.64419
11950.,1.834104,1.752574,34.54546,3.080955,1.744582,-32.94908,-49.64968
11960.,1.827402,1.745868,34.54082,3.074184,1.737864,-32.95487,-49.65516
11970.,1.820708,1.73917,34.5362,3.067421,1.731154,-32.96065,-49.66063
11980.,1.814021,1.732478,34.53157,3.060664,1.72445,-32.96643,-49.6661
11990.,1.807341,1.725793,34.52696,3.053915,1.717754,-32.9722,-49.67156
12000.,1.800668,1.719116,34.52234,3.047173,1.711065,-32.97796,-49.67701
12010.,1.794002,1.712446,34.51774,3.040438,1.704384,-32.98372,-49.68246
12020.,1.787343,1.705783,34.51313,3.033711,1.697709,-32.98947,-49.6879
12030.,1.780692,1.699127,34.50854,3.026991,1.691042,-32.99522,-49.69334
12040.,1.774047,1.692478,34.50394,3.020277,1.684381,-33.00095,-49.69877
12050.,1.76741,1.685836,34.49936,3.013571,1.677728,-33.00669,-49.7042
12060.,1.76078,1.679202,34.49477,3.006873,1.671082,-33.01241,-49.70962
12070.,1.754157,1.672574,34.4902,3.000181,1.664443,-33.01814,-49.71503
12080.,1.747541,1.665954,34.48562,2.993496,1.657811,-33.02385,-49.72044
12090.,1.740932,1.659341,34.48106,2.986819,1.651187,-33.02956,-49.72584
12100.,1.73433,1.652734,34.47649,2.980149,1.644569,-33.03526,-49.73124
12110.,1.727735,1.646135,34.47194,2.973486,1.637958,-33.04096,-49.73663
12120.,1.721147,1.639543,34.46739,2.96683,1.631355,-33.04665,-49.74202
12130.,1.714566,1.632958,34.46284,2.960181,1.624758,-33.05233,-49.7474
12140.,1.707993,1.62638,34.4583,2.953539,1.618169,-33.05801,-49.75277
12150.,1.701426,1.619809,34.45376,2.946905,1.611587,-33.06368,-49.75814
12160.,1.694866,1.613245,34.44923,2.940277,1.605011,-33.06935,-49.7635
12170.,1.688314,1.606688,34.4447,2.933656,1.598443,-33.07501,-49.76886
12180.,1.681768,1.600138,34.44018,2.927043,1.591882,-33.08066,-49.77421
12190.,1.675229,1.593595,34.43566,2.920437,1.585327,-33.08631,-49.77956
12200.,1.668698,1.587059,34.43115,2.913837,1.57878,-33.09195,-49.78489
12210.,1.662173,1.58053,34.42664,2.907245,1.57224,-33.09759,-49.79023
12220.,1.655655,1.574008,34.42214,2.90066,1.565706,-33.10322,-49.79556
12230.,1.649145,1.567493,34.41764,2.894082,1.55918,-33.10884,-49.80088
12240.,1.642641,1.560985,34.41315,2.887511,1.552661,-33.11446,-49.8062
12250.,1.636144,1.554484,34.40866,2.880947,1.546148,-33.12007,-49.81151
12260.,1.629654,1.54799,34.40418,2.87439,1.539643,-33.12567,-49.81681
12270.,1.623171,1.541502,34.3997,2.867839,1.533144,-33.13127,-49.82211
12280.,1.616695,1.535022,34.39523,2.861296,1.526653,-33.13687,-49.82741
12290.,1.610226,1.528549,34.39076,2.85476,1.520168,-33.14246,-49.83269
12300.,1.603764,1.522082,34.3863,2.848231,1.513691,-33.14804,-49.83798
12310.,1.597309,1.515623,34.38184,2.841709,1.50722,-33.15361,-49.84325
12320.,1.59086,1.50917,34.37739,2.835194,1.500756,-33.15918,-49.84853
12330.,1.584419,1.502724,34.37294,2.828685,1.494299,-33.16475,-49.85379
12340.,1.577984,1.496285,34.3685,2.822184,1.487849,-33.1703,-49.85905
12350.,1.571556,1.489853,34.36406,2.81569,1.481406,-33.17586,-49.86431
12360.,1.565135,1.483428,34.35963,2.809202,1.47497,-33.1814,-49.86956
12370.,1.558721,1.47701,34.3552,2.802722,1.46854,-33.18694,-49.8748
12380.,1.552314,1.470599,34.35077,2.796248,1.462118,-33.19248,-49.88004
12390.,1.545914,1.464194,34.34636,2.789781,1.455702,-33.198,-49.88527
12400.,1.53952,1.457796,34.34194,2.783322,1.449293,-33.20353,-49.8905
12410.,1.533134,1.451405,34.33753,2.776869,1.442891,-33.20904,-49.89572
12420.,1.526754,1.445021,34.33313,2.770423,1.436496,-33.21455,-49.90093
12430.,1.520381,1.438644,34.32873,2.763983,1.430107,-33.22006,-49.90614
12440.,1.514014,1.432273,34.32433,2.757551,1.423726,-33.22556,-49.91135
12450.,1.507655,1.42591,34.31994,2.751126,1.417351,-33.23105,-49.91655
12460.,1.501302,1.419553,34.31556,2.744707,1.410983,-33.23654,-49.92174
12470.,1.494956,1.413203,34.31118,2.738295,1.404622,-33.24202,-49.92693
12480.,1.488617,1.406859,34.3068,2.731891,1.398268,-33.24749,-49.93211
12490.,1.482285,1.400523,34.30243,2.725493,1.39192,-33.25296,-49.93729
12500.,1.475959,1.394193,34.29807,2.719101,1.385579,-33.25842,-49.94246
12510.,1.46964,1.38787,34.29371,2.712717,1.379245,-33.26388,-49.94762
12520.,1.463328,1.381554,34.28935,2.706339,1.372918,-33.26933,-49.95278
12530.,1.457023,1.375244,34.285,2.699968,1.366597,-33.27478,-49.95794
12540.,1.450724,1.368941,34.28065,2.693604,1.360284,-33.28022,-49.96309
12550.,1.444432,1.362645,34.27631,2.687247,1.353976,-33.28566,-49.96823
12560.,1.438147,1.356355,34.27198,2.680897,1.347676,-33.29108,-49.97337
12570.,1.431868,1.350073,34.26764,2.674553,1.341383,-33.29651,-49.9785
12580.,1.425596,1.343797,34.26332,2.668216,1.335096,-33.30192,-49.98363
12590.,1.419331,1.337527,34.25899,2.661886,1.328815,-33.30733,-49.98875
12600.,1.413073,1.331265,34.25467,2.655562,1.322542,-33.31274,-49.99387
12610.,1.406821,1.325009,34.25036,2.649246,1.316275,-33.31814,-49.99898
12620.,1.400576,1.31876,34.24605,2.642936,1.310015,-33.32353,-50.00408
12630.,1.394337,1.312517,34.24175,2.636633,1.303761,-33.32892,-50.00918
12640.,1.388106,1.306281,34.23745,2.630336,1.297514,-33.3343,-50.01428
12650.,1.38188,1.300052,34.23316,2.624046,1.291274,-33.33968,-50.01937
12660.,1.375662,1.293829,34.22887,2.617763,1.285041,-33.34505,-50.02445
12670.,1.36945,1.287613,34.22458,2.611487,1.278814,-33.35042,-50.02953
12680.,1.363245,1.281403,34.2203,2.605217,1.272594,-33.35578,-50.0346
12690.,1.357046,1.275201,34.21603,2.598954,1.26638,-33.36113,-50.03967
12700.,1.350854,1.269004,34.21175,2.592697,1.260173,-33.36648,-50.04473
12710.,1.344668,1.262815,34.20749,2.586448,1.253973,-33.37182,-50.04979
12720.,1.338489,1.256632,34.20323,2.580205,1.247779,-33.37716,-50.05484
12730.,1.332317,1.250455,34.19897,2.573968,1.241592,-33.38249,-50.05989
12740.,1.326151,1.244285,34.19472,2.567738,1.235411,-33.38781,-50.06493
12750.,1.319992,1.238122,34.19047,2.561515,1.229237,-33.39313,-50.06996
12760.,1.313839,1.231965,34.18623,2.555299,1.22307,-33.39845,-50.07499
12770.,1.307693,1.225815,34.18199,2.549089,1.216909,-33.40376,-50.08002
12780.,1.301554,1.219672,34.17776,2.542885,1.210754,-33.40906,-50.08503
12790.,1.295421,1.213534,34.17353,2.536689,1.204607,-33.41436,-50.09005
12800.,1.289294,1.207404,34.1693,2.530499,1.198465,-33.41965,-50.09506
12810.,1.283174,1.20128,34.16508,2.524315,1.192331,-33.42493,-50.10006
12820.,1.277061,1.195162,34.16087,2.518138,1.186203,-33.43021,-50.10506
12830.,1.270954,1.189051,34.15666,2.511968,1.180081,-33.43549,-50.11005
12840.,1.264854,1.182947,34.15245,2.505804,1.173966,-33.44076,-50.11504
12850.,1.25876,1.176849,34.14825,2.499647,1.167857,-33.44602,-50.12002
12860.,1.252672,1.170758,34.14405,2.493496,1.161755,-33.45128,-50.125
12870.,1.246591,1.164673,34.13986,2.487352,1.15566,-33.45653,-50.12997
12880.,1.240517,1.158594,34.13567,2.481214,1.14957,-33.46177,-50.13493
12890.,1.234449,1.152522,34.13149,2.475083,1.143488,-33.46702,-50.13989
12900.,1.228387,1.146456,34.12731,2.468959,1.137412,-33.47225,-50.14485
12910.,1.222332,1.140397,34.12314,2.462841,1.131342,-33.47748,-50.1498
12920.,1.216284,1.134344,34.11897,2.456729,1.125279,-33.4827,-50.15474
12930.,1.210241,1.128298,34.11481,2.450624,1.119222,-33.48792,-50.15968
12940.,1.204205,1.122258,34.11065,2.444525,1.113171,-33.49314,-50.16462
12950.,1.198176,1.116225,34.10649,2.438433,1.107128,-33.49834,-50.16955
12960.,1.192153,1.110198,34.10234,2.432348,1.10109,-33.50354,-50.17447
12970.,1.186137,1.104177,34.09819,2.426269,1.095059,-33.50874,-50.17939
12980.,1.180126,1.098163,34.09405,2.420196,1.089034,-33.51393,-50.1843
12990.,1.174123,1.092156,34.08991,2.41413,1.083016,-33.51912,-50.18921
13000.,1.168125,1.086154,34.08578,2.40807,1.077004,-33.5243,-50.19411
13010.,1.162134,1.080159,34.08165,2.402017,1.070999,-33.52947,-50.19901
13020.,1.15615,1.07417,34.07753,2.39597,1.065,-33.53464,-50.20391
13030.,1.150171,1.068188,34.07341,2.389929,1.059007,-33.5398,-50.20879
13040.,1.1442,1.062212,34.06929,2.383895,1.053021,-33.54496,-50.21367
13050.,1.138234,1.056243,34.06518,2.377868,1.047041,-33.55011,-50.21855
13060.,1.132275,1.05028,34.06108,2.371847,1.041067,-33.55526,-50.22342
13070.,1.126322,1.044323,34.05698,2.365832,1.0351,-33.5604,-50.22829
13080.,1.120375,1.038372,34.05288,2.359823,1.029139,-33.56554,-50.23315
13090.,1.114435,1.032428,34.04879,2.353821,1.023184,-33.57067,-50.23801
13100.,1.108501,1.02649,34.0447,2.347826,1.017236,-33.57579,-50.24286
13110.,1.102574,1.020559,34.04062,2.341836,1.011294,-33.58091,-50.2477
13120.,1.096652,1.014633,34.03654,2.335853,1.005359,-33.58603,-50.25255
13130.,1.090737,1.008714,34.03246,2.329877,0.9994292,-33.59113,-50.25738
13140.,1.084829,1.002802,34.02839,2.323907,0.9935062,-33.59624,-50.26221
13150.,1.078926,0.9968953,34.02433,2.317943,0.9875895,-33.60133,-50.26704
13160.,1.07303,0.9909951,34.02027,2.311985,0.981679,-33.60643,-50.27186
13170.,1.06714,0.9851013,34.01621,2.306034,0.9757749,-33.61151,-50.27667
13180.,1.061256,0.9792137,34.01216,2.300089,0.969877,-33.61659,-50.28148
13190.,1.055379,0.9733324,34.00811,2.29415,0.9639854,-33.62167,-50.28629
13200.,1.049508,0.9674573,34.00407,2.288218,0.9581,-33.62674,-50.29109
13210.,1.043643,0.9615884,34.00003,2.282292,0.9522209,-33.63181,-50.29588
13220.,1.037784,0.9557258,33.99599,2.276372,0.946348,-33.63687,-50.30067
13230.,1.031932,0.9498694,33.99196,2.270459,0.9404814,-33.64192,-50.30546
13240.,1.026085,0.9440193,33.98794,2.264552,0.934621,-33.64697,-50.31024
13250.,1.020245,0.9381753,33.98392,2.258651,0.9287668,-33.65201,-50.31501
13260.,1.014412,0.9323375,33.9799,2.252756,0.9229189,-33.65705,-50.31978
13270.,1.008584,0.926506,33.97589,2.246868,0.9170771,-33.66208,-50.32454
13280.,1.002762,0.9206806,33.97188,2.240986,0.9112416,-33.66711,-50.3293
13290.,0.9969471,0.9148615,33.96787,2.23511,0.9054122,-33.67213,-50.33406
13300.,0.991138,0.9090485,33.96387,2.229241,0.899589,-33.67715,-50.33881
13310.,0.9853351,0.9032416,33.95988,2.223377,0.893772,-33.68216,-50.34355
13320.,0.9795383,0.897441,33.95589,2.21752,0.8879612,-33.68717,-50.34829
13330.,0.9737477,0.8916465,33.9519,2.211669,0.8821566,-33.69217,-50.35302
13340.,0.9679632,0.8858581,33.94792,2.205824,0.8763581,-33.69717,-50.35775
13350.,0.9621849,0.8800759,33.94394,2.199986,0.8705658,-33.70216,-50.36248
13360.,0.9564127,0.8742998,33.93997,2.194153,0.8647796,-33.70714,-50.3672
13370.,0.9506466,0.8685299,33.936,2.188327,0.8589995,-33.71212,-50.37191
13380.,0.9448867,0.8627661,33.93203,2.182507,0.8532256,-33.7171,-50.37662
13390.,0.9391328,0.8570084,33.92807,2.176694,0.8474578,-33.72206,-50.38132
13400.,0.9333851,0.8512568,33.92412,2.170886,0.8416962,-33.72703,-50.38602
13410.,0.9276434,0.8455113,33.92017,2.165084,0.8359406,-33.73199,-50.39072
13420.,0.9219079,0.8397719,33.91622,2.159289,0.8301911,-33.73694,-50.39541
13430.,0.9161784,0.8340386,33.91227,2.1535,0.8244478,-33.74189,-50.40009
13440.,0.910455,0.8283113,33.90834,2.147717,0.8187105,-33.74683,-50.40477
13450.,0.9047377,0.8225902,33.9044,2.14194,0.8129794,-33.75177,-50.40944
13460.,0.8990265,0.8168751,33.90047,2.136169,0.8072543,-33.7567,-50.41411
13470.,0.8933213,0.8111661,33.89654,2.130404,0.8015352,-33.76163,-50.41878
13480.,0.8876221,0.8054631,33.89262,2.124646,0.7958223,-33.76655,-50.42344
13490.,0.881929,0.7997662,33.88871,2.118893,0.7901154,-33.77147,-50.42809
13500.,0.876242,0.7940753,33.88479,2.113147,0.7844145,-33.77638,-50.43274
13510.,0.870561,0.7883905,33.88088,2.107407,0.7787197,-33.78128,-50.43738
13520.,0.864886,0.7827117,33.87698,2.101673,0.7730309,-33.78619,-50.44202
13530.,0.859217,0.7770389,33.87308,2.095945,0.7673482,-33.79108,-50.44666
13540.,0.853554,0.7713721,33.86918,2.090223,0.7616715,-33.79597,-50.45129
13550.,0.847897,0.7657113,33.86529,2.084507,0.7560008,-33.80086,-50.45591
13560.,0.8422461,0.7600565,33.8614,2.078797,0.7503361,-33.80574,-50.46053
13570.,0.8366011,0.7544078,33.85752,2.073093,0.7446774,-33.81061,-50.46515
13580.,0.8309621,0.748765,33.85364,2.067395,0.7390247,-33.81548,-50.46976
13590.,0.8253291,0.7431282,33.84976,2.061703,0.733378,-33.82035,-50.47436
13600.,0.819702,0.7374973,33.84589,2.056017,0.7277373,-33.82521,-50.47896
13610.,0.8140809,0.7318725,33.84203,2.050338,0.7221026,-33.83006,-50.48356
13620.,0.8084658,0.7262536,33.83816,2.044664,0.7164738,-33.83491,-50.48815
13630.,0.8028566,0.7206406,33.83431,2.038996,0.710851,-33.83976,-50.49273
13640.,0.7972534,0.7150336,33.83045,2.033335,0.7052341,-33.84459,-50.49732
13650.,0.7916561,0.7094325,33.8266,2.027679,0.6996232,-33.84943,-50.50189
13660.,0.7860647,0.7038374,33.82276,2.022029,0.6940183,-33.85426,-50.50646
13670.,0.7804793,0.6982482,33.81891,2.016385,0.6884193,-33.85908,-50.51103
13680.,0.7748998,0.6926649,33.81508,2.010748,0.6828262,-33.8639,-50.51559
13690.,0.7693262,0.6870876,33.81124,2.005116,0.677239,-33.86871,-50.52015
13700.,0.7637584,0.6815161,33.80741,1.99949,0.6716578,-33.87352,-50.5247
13710.,0.7581966,0.6759506,33.80359,1.99387,0.6660825,-33.87832,-50.52925
13720.,0.7526407,0.6703909,33.79977,1.988256,0.660513,-33.88312,-50.53379
13730.,0.7470907,0.6648371,33.79595,1.982648,0.6549495,-33.88791,-50.53833
13740.,0.7415465,0.6592892,33.79214,1.977046,0.6493919,-33.8927,-50.54286
13750.,0.7360082,0.6537472,33.78833,1.97145,0.6438401,-33.89749,-50.54739
13760.,0.7304758,0.6482111,33.78453,1.96586,0.6382943,-33.90226,-50.55191
13770.,0.7249493,0.6426808,33.78073,1.960276,0.6327543,-33.90704,-50.55643
13780.,0.7194286,0.6371564,33.77693,1.954697,0.6272201,-33.9118,-50.56094
13790.,0.7139137,0.6316378,33.77314,1.949125,0.6216918,-33.91657,-50.56545
13800.,0.7084047,0.626125,33.76935,1.943558,0.6161694,-33.92132,-50.56995
13810.,0.7029015,0.6206181,33.76557,1.937998,0.6106528,-33.92608,-50.57445
13820.,0.6974041,0.6151171,33.76179,1.932443,0.6051421,-33.93082,-50.57895
13830.,0.6919126,0.6096218,33.75801,1.926894,0.5996372,-33.93557,-50.58344
13840.,0.6864268,0.6041324,33.75424,1.921351,0.5941381,-33.9403,-50.58792
13850.,0.6809469,0.5986488,33.75048,1.915814,0.5886448,-33.94504,-50.5924
13860.,0.6754728,0.5931709,33.74671,1.910283,0.5831574,-33.94976,-50.59688
13870.,0.6700045,0.5876989,33.74295,1.904757,0.5776757,-33.95449,-50.60135
13880.,0.6645419,0.5822327,33.7392,1.899238,0.5721999,-33.9592,-50.60581
13890.,0.6590852,0.5767723,33.73545,1.893724,0.5667298,-33.96392,-50.61028
13900.,0.6536342,0.5713176,33.7317,1.888216,0.5612656,-33.96862,-50.61473
13910.,0.6481889,0.5658687,33.72796,1.882714,0.5558071,-33.97333,-50.61918
13920.,0.6427495,0.5604256,33.72422,1.877217,0.5503544,-33.97802,-50.62363
13930.,0.6373158,0.5549882,33.72049,1.871727,0.5449074,-33.98271,-50.62807
13940.,0.6318878,0.5495566,33.71676,1.866242,0.5394663,-33.9874,-50.63251
13950.,0.6264656,0.5441307,33.71303,1.860763,0.5340308,-33.99208,-50.63694
13960.,0.6210491,0.5387106,33.70931,1.85529,0.5286012,-33.99676,-50.64137
13970.,0.6156384,0.5332961,33.70559,1.849823,0.5231772,-34.00144,-50.6458
13980.,0.6102334,0.5278875,33.70187,1.844362,0.517759,-34.0061,-50.65022
13990.,0.6048341,0.5224845,33.69816,1.838906,0.5123466,-34.01077,-50.65463
14000.,0.5994405,0.5170873,33.69446,1.833456,0.5069398,-34.01542,-50.65904
14010.,0.5940526,0.5116957,33.69076,1.828012,0.5015388,-34.02008,-50.66344
14020.,0.5886704,0.5063099,33.68706,1.822573,0.4961435,-34.02472,-50.66784
14030.,0.5832939,0.5009298,33.68336,1.81714,0.4907539,-34.02937,-50.67224
14040.,0.5779231,0.4955553,33.67967,1.811713,0.48537,-34.03401,-50.67663
14050.,0.5725579,0.4901866,33.67599,1.806292,0.4799917,-34.03864,-50.68102
14060.,0.5671985,0.4848235,33.6723,1.800877,0.4746192,-34.04327,-50.6854
14070.,0.5618447,0.479466,33.66863,1.795467,0.4692523,-34.04789,-50.68978
14080.,0.5564965,0.4741143,33.66495,1.790063,0.4638912,-34.05251,-50.69415
14090.,0.551154,0.4687682,33.66128,1.784665,0.4585356,-34.05712,-50.69852
14100.,0.5458172,0.4634277,33.65762,1.779272,0.4531858,-34.06173,-50.70288
14110.,0.540486,0.4580929,33.65395,1.773885,0.4478416,-34.06633,-50.70724
14120.,0.5351604,0.4527638,33.65029,1.768504,0.442503,-34.07093,-50.71159
14130.,0.5298405,0.4474402,33.64664,1.763128,0.4371701,-34.07553,-50.71594
14140.,0.5245262,0.4421223,33.64299,1.757758,0.4318428,-34.08012,-50.72029
14150.,0.5192175,0.43681,33.63934,1.752394,0.4265212,-34.0847,-50.72463
14160.,0.5139144,0.4315034,33.6357,1.747035,0.4212051,-34.08928,-50.72896
14170.,0.5086169,0.4262023,33.63206,1.741683,0.4158947,-34.09386,-50.73329
14180.,0.503325,0.4209068,33.62843,1.736335,0.4105899,-34.09843,-50.73762
14190.,0.4980388,0.415617,33.6248,1.730994,0.4052907,-34.10299,-50.74194
14200.,0.492758,0.4103327,33.62117,1.725658,0.3999971,-34.10755,-50.74626
14210.,0.4874829,0.405054,33.61755,1.720327,0.3947091,-34.11211,-50.75057
14220.,0.4822134,0.3997808,33.61393,1.715003,0.3894267,-34.11666,-50.75488
14230.,0.4769494,0.3945133,33.61031,1.709684,0.3841498,-34.1212,-50.75918
14240.,0.4716909,0.3892513,33.6067,1.70437,0.3788786,-34.12574,-50.76348
14250.,0.4664381,0.3839949,33.6031,1.699062,0.3736128,-34.13028,-50.76778
14260.,0.4611907,0.378744,33.59949,1.69376,0.3683527,-34.13481,-50.77207
14270.,0.455949,0.3734986,33.59589,1.688464,0.3630981,-34.13934,-50.77635
14280.,0.4507127,0.3682588,33.5923,1.683173,0.3578491,-34.14386,-50.78063
14290.,0.445482,0.3630246,33.58871,1.677887,0.3526056,-34.14838,-50.78491
14300.,0.4402568,0.3577958,33.58512,1.672607,0.3473676,-34.15289,-50.78918
14310.,0.4350371,0.3525726,33.58154,1.667333,0.3421352,-34.1574,-50.79345
14320.,0.429823,0.3473549,33.57796,1.662064,0.3369082,-34.1619,-50.79771
14330.,0.4246143,0.3421427,33.57438,1.656801,0.3316868,-34.1664,-50.80197
14340.,0.4194111,0.336936,33.57081,1.651543,0.326471,-34.17089,-50.80623
14350.,0.4142135,0.3317348,33.56724,1.646291,0.3212606,-34.17538,-50.81048
14360.,0.4090213,0.3265391,33.56367,1.641045,0.3160557,-34.17986,-50.81472
14370.,0.4038346,0.3213489,33.56011,1.635804,0.3108563,-34.18434,-50.81896
14380.,0.3986534,0.3161642,33.55656,1.630568,0.3056624,-34.18881,-50.8232
14390.,0.3934776,0.3109849,33.553,1.625338,0.300474,-34.19328,-50.82743
14400.,0.3883073,0.3058111,33.54946,1.620114,0.2952911,-34.19775,-50.83166
14410.,0.3831425,0.3006428,33.54591,1.614895,0.2901136,-34.20221,-50.83588
14420.,0.3779831,0.2954799,33.54237,1.609681,0.2849416,-34.20666,-50.8401
14430.,0.3728291,0.2903224,33.53883,1.604474,0.279775,-34.21111,-50.84431
14440.,0.3676806,0.2851704,33.5353,1.599271,0.2746139,-34.21556,-50.84852
14450.,0.3625376,0.2800239,33.53177,1.594074,0.2694582,-34.22,-50.85272
14460.,0.3573999,0.2748827,33.52824,1.588883,0.264308,-34.22444,-50.85692
14470.,0.3522677,0.269747,33.52472,1.583697,0.2591632,-34.22887,-50.86112
14480.,0.3471409,0.2646167,33.5212,1.578516,0.2540239,-34.2333,-50.86531
14490.,0.3420195,0.2594918,33.51769,1.573341,0.2488899,-34.23772,-50.8695
14500.,0.3369035,0.2543724,33.51418,1.568172,0.2437614,-34.24214,-50.87368
14510.,0.3317929,0.2492583,33.51067,1.563007,0.2386383,-34.24655,-50.87786
14520.,0.3266877,0.2441496,33.50716,1.557849,0.2335206,-34.25096,-50.88203
14530.,0.3215878,0.2390463,33.50367,1.552695,0.2284083,-34.25536,-50.8862
14540.,0.3164934,0.2339484,33.50017,1.547548,0.2233013,-34.25976,-50.89037
14550.,0.3114043,0.2288559,33.49668,1.542405,0.2181998,-34.26416,-50.89453
14560.,0.3063206,0.2237687,33.49319,1.537268,0.2131036,-34.26855,-50.89869
14570.,0.3012423,0.2186869,33.4897,1.532137,0.2080128,-34.27293,-50.90284
14580.,0.2961693,0.2136105,33.48622,1.527011,0.2029274,-34.27731,-50.90699
14590.,0.2911016,0.2085394,33.48275,1.52189,0.1978474,-34.28169,-50.91113
14600.,0.2860393,0.2034736,33.47927,1.516774,0.1927727,-34.28606,-50.91527
14610.,0.2809824,0.1984132,33.4758,1.511664,0.1877033,-34.29043,-50.9194
14620.,0.2759307,0.1933582,33.47234,1.50656,0.1826393,-34.29479,-50.92353
14630.,0.2708844,0.1883084,33.46888,1.501461,0.1775806,-34.29915,-50.92766
14640.,0.2658434,0.183264,33.46542,1.496367,0.1725273,-34.3035,-50.93178
14650.,0.2608078,0.1782249,33.46196,1.491278,0.1674792,-34.30785,-50.9359
14660.,0.2557774,0.1731911,33.45851,1.486195,0.1624365,-34.31219,-50.94001
14670.,0.2507524,0.1681626,33.45507,1.481118,0.1573992,-34.31653,-50.94412
14680.,0.2457326,0.1631394,33.45162,1.476045,0.1523671,-34.32087,-50.94822
14690.,0.2407181,0.1581215,33.44818,1.470978,0.1473403,-34.3252,-50.95232
14700.,0.2357089,0.1531089,33.44475,1.465916,0.1423188,-34.32952,-50.95642
14710.,0.230705,0.1481016,33.44132,1.46086,0.1373026,-34.33384,-50.96051
14720.,0.2257064,0.1430996,33.43789,1.455809,0.1322917,-34.33816,-50.9646
14730.,0.220713,0.1381028,33.43446,1.450763,0.1272861,-34.34247,-50.96868
14740.,0.2157249,0.1331113,33.43104,1.445723,0.1222858,-34.34678,-50.97276
14750.,0.210742,0.128125,33.42763,1.440688,0.1172907,-34.35108,-50.97683
14760.,0.2057644,0.123144,33.42421,1.435658,0.1123009,-34.35538,-50.9809
14770.,0.2007921,0.1181683,33.4208,1.430633,0.1073163,-34.35967,-50.98497
14780.,0.1958249,0.1131978,33.4174,1.425614,0.102337,-34.36396,-50.98903
14790.,0.190863,0.1082325,33.41399,1.4206,0.09736291,-34.36825,-50.99308
14800.,0.1859064,0.1032725,33.41059,1.415592,0.09239407,-34.37253,-50.99714
14810.,0.1809549,0.09831765,33.4072,1.410588,0.08743047,-34.3768,-51.00118
14820.,0.1760087,0.09336805,33.40381,1.40559,0.0824721,-34.38107,-51.00523
14830.,0.1710677,0.08842366,33.40042,1.400597,0.07751895,-34.38534,-51.00927
14840.,0.1661319,0.08348447,33.39703,1.39561,0.07257101,-34.3896,-51.0133
14850.,0.1612013,0.07855049,33.39365,1.390627,0.06762828,-34.39386,-51.01733
14860.,0.1562758,0.0736217,33.39028,1.38565,0.06269075,-34.39811,-51.02136
14870.,0.1513556,0.06869811,33.3869,1.380678,0.05775843,-34.40236,-51.02538
14880.,0.1464405,0.06377969,33.38353,1.375712,0.05283129,-34.40661,-51.0294
14890.,0.1415306,0.05886646,33.38017,1.37075,0.04790935,-34.41085,-51.03342
14900.,0.1366259,0.0539584,33.37681,1.365794,0.04299258,-34.41508,-51.03743
14910.,0.1317264,0.0490555,33.37345,1.360843,0.03808099,-34.41931,-51.04143
14920.,0.126832,0.04415776,33.37009,1.355897,0.03317456,-34.42354,-51.04543
14930.,0.1219427,0.03926518,33.36674,1.350957,0.02827331,-34.42776,-51.04943
14940.,0.1170586,0.03437775,33.36339,1.346021,0.02337721,-34.43198,-51.05343
14950.,0.1121797,0.02949547,33.36005,1.341091,0.01848626,-34.43619,-51.05741
14960.,0.1073059,0.02461832,33.35671,1.336166,0.01360046,-34.4404,-51.0614
14970.,0.1024372,0.0197463,33.35337,1.331246,0.008719798,-34.4446,-51.06538
14980.,0.09757362,0.01487942,33.35004,1.326332,0.003844274,-34.4488,-51.06936
14990.,0.09271517,0.01001765,33.34671,1.321422,-0.00102612,-34.453,-51.07333
15000.,0.08786184,0.005160999,33.34338,1.316518,-0.00589139,-34.45719,-51.0773
15010.,0.08301361,0.0003094588,33.34006,1.311619,-0.01075154,-34.46138,-51.08126
15020.,0.07817049,-0.004536977,33.33674,1.306725,-0.01560658,-34.46556,-51.08522
15030.,0.07333246,-0.009378315,33.33342,1.301836,-0.02045651,-34.46974,-51.08918
15040.,0.06849952,-0.01421456,33.33011,1.296952,-0.02530134,-34.47391,-51.09313
15050.,0.06367166,-0.01904571,33.3268,1.292074,-0.03014107,-34.47808,-51.09707
15060.,0.05884888,-0.02387179,33.3235,1.2872,-0.03497572,-34.48224,-51.10102
15070.,0.05403118,-0.02869279,33.32019,1.282332,-0.03980528,-34.4864,-51.10496
15080.,0.04921854,-0.03350871,33.3169,1.277469,-0.04462976,-34.49056,-51.10889
15090.,0.04441097,-0.03831957,33.3136,1.272611,-0.04944916,-34.49471,-51.11282
15100.,0.03960845,-0.04312538,33.31031,1.267758,-0.0542635,-34.49886,-51.11675
15110.,0.03481099,-0.04792612,33.30702,1.26291,-0.05907277,-34.503,-51.12067
15120.,0.03001857,-0.05272182,33.30374,1.258067,-0.06387699,-34.50714,-51.12459
15130.,0.02523119,-0.05751248,33.30046,1.25323,-0.06867616,-34.51127,-51.1285
15140.,0.02044884,-0.0622981,33.29718,1.248397,-0.07347028,-34.5154,-51.13241
15150.,0.01567153,-0.06707868,33.29391,1.24357,-0.07825935,-34.51953,-51.13632
15160.,0.01089924,-0.07185424,33.29064,1.238747,-0.0830434,-34.52365,-51.14022
15170.,0.006131961,-0.07662478,33.28737,1.23393,-0.08782242,-34.52776,-51.14412
15180.,0.001369698,-0.0813903,33.28411,1.229117,-0.09259641,-34.53187,-51.14801
15190.,-0.003387558,-0.08615081,33.28085,1.22431,-0.09736538,-34.53598,-51.1519
15200.,-0.008139812,-0.09090632,33.2776,1.219508,-0.1021293,-34.54009,-51.15579
15210.,-0.01288707,-0.09565683,33.27434,1.214711,-0.1068883,-34.54419,-51.15967
15220.,-0.01762934,-0.1004023,33.2711,1.209919,-0.1116422,-34.54828,-51.16355
15230.,-0.02236662,-0.1051429,33.26785,1.205132,-0.1163912,-34.55237,-51.16742
15240.,-0.02709892,-0.1098784,33.26461,1.20035,-0.1211352,-34.55646,-51.17129
15250.,-0.03182625,-0.114609,33.26137,1.195573,-0.1258741,-34.56054,-51.17515
15260.,-0.03654861,-0.1193346,33.25814,1.190801,-0.1306081,-34.56462,-51.17902
15270.,-0.04126601,-0.1240552,33.25491,1.186034,-0.1353372,-34.56869,-51.18287
15280.,-0.04597845,-0.1287709,33.25168,1.181272,-0.1400612,-34.57276,-51.18673
15290.,-0.05068594,-0.1334816,33.24845,1.176515,-0.1447803,-34.57682,-51.19057
15300.,-0.05538848,-0.1381874,33.24523,1.171763,-0.1494945,-34.58088,-51.19442
15310.,-0.06008608,-0.1428882,33.24202,1.167016,-0.1542036,-34.58494,-51.19826
15320.,-0.06477875,-0.1475841,33.2388,1.162274,-0.1589079,-34.58899,-51.2021
15330.,-0.06946648,-0.152275,33.23559,1.157537,-0.1636072,-34.59304,-51.20593
15340.,-0.07414929,-0.156961,33.23238,1.152805,-0.1683015,-34.59708,-51.20976
15350.,-0.07882718,-0.1616421,33.22918,1.148078,-0.1729909,-34.60112,-51.21358
15360.,-0.08350015,-0.1663183,33.22598,1.143355,-0.1776755,-34.60516,-51.2174
15370.,-0.08816822,-0.1709896,33.22278,1.138638,-0.182355,-34.60919,-51.22122
15380.,-0.09283138,-0.1756559,33.21959,1.133926,-0.1870297,-34.61322,-51.22503
15390.,-0.09748964,-0.1803174,33.2164,1.129219,-0.1916995,-34.61724,-51.22884
15400.,-0.102143,-0.184974,33.21322,1.124517,-0.1963643,-34.62126,-51.23265
15410.,-0.1067915,-0.1896256,33.21003,1.119819,-0.2010243,-34.62527,-51.23645
15420.,-0.1114351,-0.1942724,33.20685,1.115127,-0.2056793,-34.62928,-51.24024
15430.,-0.1160738,-0.1989143,33.20368,1.110439,-0.2103295,-34.63328,-51.24404
15440.,-0.1207077,-0.2035514,33.2005,1.105757,-0.2149748,-34.63729,-51.24783
15450.,-0.1253367,-0.2081835,33.19733,1.101079,-0.2196152,-34.64128,-51.25161
15460.,-0.1299608,-0.2128108,33.19417,1.096406,-0.2242507,-34.64528,-51.25539
15470.,-0.1345801,-0.2174333,33.19101,1.091738,-0.2288814,-34.64926,-51.25917
15480.,-0.1391945,-0.2220509,33.18785,1.087075,-0.2335072,-34.65325,-51.26294
15490.,-0.1438041,-0.2266636,33.18469,1.082417,-0.2381282,-34.65723,-51.26671
15500.,-0.1484088,-0.2312715,33.18154,1.077764,-0.2427443,-34.6612,-51.27047
15510.,-0.1530087,-0.2358746,33.17839,1.073116,-0.2473556,-34.66518,-51.27424
15520.,-0.1576038,-0.2404728,33.17524,1.068472,-0.251962,-34.66914,-51.27799
15530.,-0.162194,-0.2450662,33.1721,1.063834,-0.2565636,-34.67311,-51.28175
15540.,-0.1667795,-0.2496548,33.16896,1.0592,-0.2611603,-34.67707,-51.28549
15550.,-0.1713601,-0.2542386,33.16583,1.054571,-0.2657523,-34.68102,-51.28924
15560.,-0.1759359,-0.2588175,33.1627,1.049947,-0.2703394,-34.68497,-51.29298
15570.,-0.1805069,-0.2633917,33.15957,1.045328,-0.2749217,-34.68892,-51.29672
15580.,-0.1850731,-0.267961,33.15644,1.040714,-0.2794992,-34.69286,-51.30045
15590.,-0.1896345,-0.2725256,33.15332,1.036105,-0.2840719,-34.6968,-51.30418
15600.,-0.1941912,-0.2770853,33.1502,1.0315,-0.2886398,-34.70074,-51.30791
15610.,-0.198743,-0.2816403,33.14709,1.0269,-0.2932029,-34.70467,-51.31163
15620.,-0.2032901,-0.2861905,33.14397,1.022305,-0.2977612,-34.70859,-51.31535
15630.,-0.2078324,-0.2907359,33.14087,1.017715,-0.3023147,-34.71251,-51.31906
15640.,-0.2123699,-0.2952766,33.13776,1.01313,-0.3068635,-34.71643,-51.32277
15650.,-0.2169027,-0.2998125,33.13466,1.008549,-0.3114075,-34.72035,-51.32648
15660.,-0.2214307,-0.3043436,33.13156,1.003974,-0.3159467,-34.72426,-51.33018
15670.,-0.225954,-0.30887,33.12846,0.9994028,-0.3204811,-34.72816,-51.33388
15680.,-0.2304725,-0.3133917,33.12537,0.9948367,-0.3250108,-34.73206,-51.33757
15690.,-0.2349863,-0.3179086,33.12228,0.9902754,-0.3295358,-34.73596,-51.34126
15700.,-0.2394954,-0.3224207,33.1192,0.9857188,-0.334056,-34.73985,-51.34495
15710.,-0.2439997,-0.3269281,33.11612,0.9811671,-0.3385715,-34.74374,-51.34863
15720.,-0.2484993,-0.3314308,33.11304,0.9766201,-0.3430822,-34.74763,-51.35231
15730.,-0.2529942,-0.3359288,33.10996,0.9720779,-0.3475882,-34.75151,-51.35599
15740.,-0.2574843,-0.3404221,33.10689,0.9675404,-0.3520895,-34.75539,-51.35966
15750.,-0.2619698,-0.3449106,33.10382,0.9630077,-0.356586,-34.75926,-51.36332
15760.,-0.2664506,-0.3493945,33.10076,0.9584798,-0.3610779,-34.76313,-51.36699
15770.,-0.2709266,-0.3538736,33.09769,0.9539566,-0.365565,-34.76699,-51.37065
15780.,-0.275398,-0.358348,33.09463,0.9494381,-0.3700474,-34.77085,-51.3743
15790.,-0.2798647,-0.3628178,33.09158,0.9449244,-0.3745252,-34.77471,-51.37796
15800.,-0.2843266,-0.3672829,33.08853,0.9404154,-0.3789982,-34.77856,-51.3816
15810.,-0.288784,-0.3717432,33.08548,0.9359111,-0.3834665,-34.78241,-51.38525
15820.,-0.2932366,-0.3761989,33.08243,0.9314116,-0.3879302,-34.78626,-51.38889
15830.,-0.2976846,-0.38065,33.07939,0.9269168,-0.3923892,-34.7901,-51.39253
15840.,-0.3021279,-0.3850964,33.07635,0.9224266,-0.3968435,-34.79393,-51.39616
15850.,-0.3065665,-0.3895381,33.07331,0.9179412,-0.4012931,-34.79777,-51.39979
15860.,-0.3110005,-0.3939751,33.07028,0.9134605,-0.4057381,-34.80159,-51.40341
15870.,-0.3154299,-0.3984075,33.06725,0.9089845,-0.4101784,-34.80542,-51.40703
15880.,-0.3198546,-0.4028353,33.06422,0.9045132,-0.4146141,-34.80924,-51.41065
15890.,-0.3242747,-0.4072584,33.0612,0.9000465,-0.4190451,-34.81306,-51.41427
15900.,-0.3286901,-0.4116769,33.05818,0.8955845,-0.4234715,-34.81687,-51.41788
15910.,-0.3331009,-0.4160907,33.05516,0.8911272,-0.4278933,-34.82068,-51.42148
15920.,-0.3375071,-0.4205,33.05215,0.8866746,-0.4323104,-34.82448,-51.42509
15930.,-0.3419087,-0.4249046,33.04914,0.8822267,-0.4367228,-34.82828,-51.42868
15940.,-0.3463057,-0.4293046,33.04613,0.8777833,-0.4411307,-34.83208,-51.43228
15950.,-0.350698,-0.4337,33.04313,0.8733447,-0.4455339,-34.83587,-51.43587
15960.,-0.3550858,-0.4380908,33.04013,0.8689107,-0.4499326,-34.83966,-51.43946
15970.,-0.3594689,-0.4424769,33.03713,0.8644813,-0.4543266,-34.84344,-51.44304
15980.,-0.3638475,-0.4468585,33.03414,0.8600566,-0.458716,-34.84722,-51.44662
15990.,-0.3682215,-0.4512355,33.03115,0.8556365,-0.4631008,-34.851,-51.4502
16000.,-0.3725909,-0.4556079,33.02816,0.8512211,-0.4674811,-34.85477,-51.45377
16010.,-0.3769557,-0.4599758,33.02517,0.8468102,-0.4718567,-34.85854,-51.45734
16020.,-0.3813159,-0.464339,33.02219,0.842404,-0.4762278,-34.86231,-51.46091
16030.,-0.3856716,-0.4686977,33.01921,0.8380024,-0.4805942,-34.86607,-51.46447
16040.,-0.3900227,-0.4730518,33.01624,0.8336054,-0.4849561,-34.86982,-51.46802
16050.,-0.3943693,-0.4774014,33.01327,0.829213,-0.4893135,-34.87358,-51.47158
16060.,-0.3987113,-0.4817464,33.0103,0.8248253,-0.4936663,-34.87733,-51.47513
16070.,-0.4030487,-0.4860869,33.00733,0.8204421,-0.4980145,-34.88107,-51.47868
16080.,-0.4073817,-0.4904228,33.00437,0.8160634,-0.5023581,-34.88481,-51.48222
16090.,-0.41171,-0.4947541,33.00141,0.8116894,-0.5066973,-34.88855,-51.48576
16100.,-0.4160339,-0.499081,32.99846,0.80732,-0.5110318,-34.89228,-51.48929
16110.,-0.4203532,-0.5034033,32.9955,0.8029551,-0.5153619,-34.89601,-51.49282
16120.,-0.424668,-0.5077211,32.99255,0.7985948,-0.5196874,-34.89974,-51.49635
16130.,-0.4289783,-0.5120343,32.98961,0.794239,-0.5240084,-34.90346,-51.49988
16140.,-0.4332841,-0.5163431,32.98666,0.7898879,-0.5283248,-34.90718,-51.5034
16150.,-0.4375853,-0.5206473,32.98372,0.7855412,-0.5326368,-34.91089,-51.50691
16160.,-0.4418821,-0.524947,32.98079,0.7811991,-0.5369442,-34.9146,-51.51043
16170.,-0.4461744,-0.5292423,32.97785,0.7768616,-0.5412471,-34.91831,-51.51394
16180.,-0.4504621,-0.533533,32.97492,0.7725286,-0.5455455,-34.92201,-51.51744
16190.,-0.4547454,-0.5378192,32.97199,0.7682001,-0.5498394,-34.92571,-51.52094
16200.,-0.4590242,-0.542101,32.96907,0.7638762,-0.5541289,-34.9294,-51.52444
16210.,-0.4632985,-0.5463783,32.96615,0.7595568,-0.5584138,-34.93309,-51.52794
16220.,-0.4675684,-0.5506511,32.96323,0.7552419,-0.5626942,-34.93678,-51.53143
16230.,-0.4718338,-0.5549194,32.96031,0.7509315,-0.5669702,-34.94046,-51.53492
16240.,-0.4760947,-0.5591833,32.9574,0.7466256,-0.5712417,-34.94414,-51.5384
16250.,-0.4803511,-0.5634427,32.95449,0.7423242,-0.5755087,-34.94782,-51.54188
16260.,-0.4846031,-0.5676976,32.95159,0.7380274,-0.5797713,-34.95149,-51.54536
16270.,-0.4888507,-0.5719481,32.94868,0.733735,-0.5840294,-34.95515,-51.54883
16280.,-0.4930938,-0.5761942,32.94579,0.7294471,-0.5882831,-34.95882,-51.5523
16290.,-0.4973325,-0.5804358,32.94289,0.7251637,-0.5925323,-34.96248,-51.55577
16300.,-0.5015667,-0.5846729,32.94,0.7208848,-0.596777,-34.96613,-51.55923
16310.,-0.5057965,-0.5889057,32.9371,0.7166103,-0.6010173,-34.96979,-51.56269
16320.,-0.5100219,-0.593134,32.93422,0.7123404,-0.6052532,-34.97343,-51.56614
16330.,-0.5142429,-0.5973579,32.93133,0.7080748,-0.6094847,-34.97708,-51.56959
16340.,-0.5184594,-0.6015773,32.92845,0.7038138,-0.6137117,-34.98072,-51.57304
16350.,-0.5226715,-0.6057924,32.92557,0.6995572,-0.6179343,-34.98436,-51.57648
16360.,-0.5268793,-0.610003,32.9227,0.695305,-0.6221525,-34.98799,-51.57992
16370.,-0.5310826,-0.6142093,32.91983,0.6910573,-0.6263663,-34.99162,-51.58336
16380.,-0.5352815,-0.6184111,32.91696,0.6868141,-0.6305756,-34.99524,-51.58679
16390.,-0.5394761,-0.6226085,32.91409,0.6825753,-0.6347806,-34.99886,-51.59022
16400.,-0.5436662,-0.6268016,32.91123,0.6783409,-0.6389812,-35.00248,-51.59365
16410.,-0.547852,-0.6309903,32.90837,0.6741109,-0.6431774,-35.0061,-51.59707
16420.,-0.5520334,-0.6351746,32.90551,0.6698854,-0.6473692,-35.00971,-51.60049
16430.,-0.5562104,-0.6393545,32.90266,0.6656642,-0.6515566,-35.01331,-51.60391
16440.,-0.5603831,-0.64353,32.89981,0.6614475,-0.6557396,-35.01692,-51.60732
16450.,-0.5645514,-0.6477012,32.89696,0.6572352,-0.6599183,-35.02051,-51.61073
16460.,-0.5687153,-0.651868,32.89412,0.6530273,-0.6640926,-35.02411,-51.61413
16470.,-0.5728749,-0.6560305,32.89128,0.6488238,-0.6682625,-35.0277,-51.61753
16480.,-0.5770301,-0.6601886,32.88844,0.6446247,-0.6724281,-35.03129,-51.62093
16490.,-0.581181,-0.6643424,32.8856,0.6404299,-0.6765893,-35.03487,-51.62432
16500.,-0.5853276,-0.6684918,32.88277,0.6362396,-0.6807462,-35.03845,-51.62771
16510.,-0.5894698,-0.6726369,32.87994,0.6320536,-0.6848987,-35.04203,-51.6311
16520.,-0.5936077,-0.6767777,32.87711,0.627872,-0.6890469,-35.0456,-51.63448
16530.,-0.5977412,-0.6809141,32.87429,0.6236948,-0.6931907,-35.04917,-51.63786
16540.,-0.6018705,-0.6850462,32.87147,0.6195219,-0.6973302,-35.05274,-51.64124
16550.,-0.6059954,-0.689174,32.86865,0.6153534,-0.7014654,-35.0563,-51.64461
16560.,-0.610116,-0.6932975,32.86584,0.6111893,-0.7055963,-35.05985,-51.64798
16570.,-0.6142323,-0.6974166,32.86303,0.6070295,-0.7097229,-35.06341,-51.65135
16580.,-0.6183443,-0.7015315,32.86022,0.602874,-0.7138451,-35.06696,-51.65471
16590.,-0.622452,-0.7056421,32.85741,0.5987229,-0.7179631,-35.07051,-51.65807
16600.,-0.6265555,-0.7097483,32.85461,0.5945762,-0.7220767,-35.07405,-51.66142
16610.,-0.6306546,-0.7138503,32.85181,0.5904337,-0.726186,-35.07759,-51.66478
16620.,-0.6347494,-0.717948,32.84902,0.5862956,-0.7302911,-35.08112,-51.66812
16630.,-0.63884,-0.7220414,32.84622,0.5821618,-0.7343918,-35.08465,-51.67147
16640.,-0.6429263,-0.7261305,32.84343,0.5780323,-0.7384883,-35.08818,-51.67481
16650.,-0.6470083,-0.7302154,32.84065,0.5739072,-0.7425805,-35.09171,-51.67815
16660.,-0.6510861,-0.734296,32.83786,0.5697863,-0.7466684,-35.09523,-51.68148
16670.,-0.6551596,-0.7383723,32.83508,0.5656698,-0.7507521,-35.09875,-51.68481
16680.,-0.6592288,-0.7424444,32.8323,0.5615575,-0.7548315,-35.10226,-51.68814
16690.,-0.6632938,-0.7465122,32.82953,0.5574495,-0.7589066,-35.10577,-51.69146
16700.,-0.6673546,-0.7505758,32.82675,0.5533459,-0.7629775,-35.10927,-51.69478
16710.,-0.6714111,-0.7546351,32.82398,0.5492465,-0.7670441,-35.11278,-51.6981
16720.,-0.6754634,-0.7586902,32.82122,0.5451514,-0.7711065,-35.11628,-51.70141
16730.,-0.6795114,-0.7627411,32.81845,0.5410605,-0.7751646,-35.11977,-51.70472
16740.,-0.6835552,-0.7667877,32.81569,0.536974,-0.7792185,-35.12326,-51.70803
16750.,-0.6875948,-0.7708301,32.81293,0.5328917,-0.7832681,-35.12675,-51.71133
16760.,-0.6916302,-0.7748683,32.81018,0.5288137,-0.7873136,-35.13023,-51.71463
16770.,-0.6956614,-0.7789022,32.80743,0.5247399,-0.7913548,-35.13371,-51.71793
16780.,-0.6996883,-0.782932,32.80468,0.5206704,-0.7953918,-35.13719,-51.72122
16790.,-0.7037111,-0.7869575,32.80193,0.5166051,-0.7994246,-35.14066,-51.72451
16800.,-0.7077296,-0.7909789,32.79919,0.512544,-0.8034531,-35.14413,-51.7278
16810.,-0.711744,-0.794996,32.79645,0.5084872,-0.8074775,-35.1476,-51.73108
16820.,-0.7157541,-0.799009,32.79371,0.5044347,-0.8114977,-35.15106,-51.73436
16830.,-0.7197601,-0.8030177,32.79098,0.5003863,-0.8155136,-35.15452,-51.73763
16840.,-0.7237619,-0.8070223,32.78825,0.4963422,-0.8195254,-35.15797,-51.74091
16850.,-0.7277595,-0.8110227,32.78552,0.4923023,-0.823533,-35.16143,-51.74418
16860.,-0.7317529,-0.8150189,32.78279,0.4882667,-0.8275364,-35.16487,-51.74744
16870.,-0.7357422,-0.819011,32.78007,0.4842352,-0.8315356,-35.16832,-51.7507
16880.,-0.7397273,-0.8229988,32.77735,0.480208,-0.8355307,-35.17176,-51.75396
16890.,-0.7437083,-0.8269826,32.77463,0.4761849,-0.8395215,-35.1752,-51.75722
16900.,-0.7476851,-0.8309621,32.77192,0.472166,-0.8435083,-35.17863,-51.76047
16910.,-0.7516577,-0.8349375,32.76921,0.4681514,-0.8474908,-35.18206,-51.76372
16920.,-0.7556262,-0.8389088,32.7665,0.4641409,-0.8514692,-35.18549,-51.76696
16930.,-0.7595906,-0.8428759,32.76379,0.4601346,-0.8554435,-35.18891,-51.7702
16940.,-0.7635508,-0.8468389,32.76109,0.4561325,-0.8594136,-35.19233,-51.77344
16950.,-0.7675069,-0.8507977,32.75839,0.4521346,-0.8633795,-35.19574,-51.77668
16960.,-0.7714588,-0.8547524,32.75569,0.4481408,-0.8673414,-35.19916,-51.77991
16970.,-0.7754067,-0.858703,32.753,0.4441512,-0.8712991,-35.20256,-51.78313
16980.,-0.7793504,-0.8626495,32.75031,0.4401657,-0.8752526,-35.20597,-51.78636
16990.,-0.78329,-0.8665918,32.74762,0.4361845,-0.8792021,-35.20937,-51.78958
17000.,-0.7872255,-0.8705301,32.74493,0.4322073,-0.8831474,-35.21277,-51.7928
17010.,-0.7911569,-0.8744642,32.74225,0.4282343,-0.8870886,-35.21616,-51.79601
17020.,-0.7950842,-0.8783942,32.73957,0.4242655,-0.8910257,-35.21955,-51.79922
17030.,-0.7990074,-0.8823202,32.7369,0.4203008,-0.8949587,-35.22294,-51.80243
17040.,-0.8029265,-0.886242,32.73422,0.4163402,-0.8988876,-35.22632,-51.80564
17050.,-0.8068415,-0.8901597,32.73155,0.4123838,-0.9028124,-35.2297,-51.80884
17060.,-0.8107524,-0.8940734,32.72888,0.4084315,-0.9067331,-35.23308,-51.81204
17070.,-0.8146592,-0.8979829,32.72622,0.4044833,-0.9106497,-35.23645,-51.81523
17080.,-0.818562,-0.9018884,32.72355,0.4005392,-0.9145622,-35.23982,-51.81842
17090.,-0.8224607,-0.9057899,32.72089,0.3965992,-0.9184706,-35.24319,-51.82161
17100.,-0.8263554,-0.9096872,32.71824,0.3926634,-0.922375,-35.24655,-51.82479
17110.,-0.8302459,-0.9135805,32.71558,0.3887316,-0.9262753,-35.24991,-51.82797
17120.,-0.8341325,-0.9174697,32.71293,0.3848039,-0.9301715,-35.25327,-51.83115
17130.,-0.8380149,-0.9213549,32.71028,0.3808804,-0.9340637,-35.25662,-51.83433
17140.,-0.8418933,-0.925236,32.70764,0.3769609,-0.9379518,-35.25997,-51.8375
17150.,-0.8457677,-0.9291131,32.70499,0.3730455,-0.9418359,-35.26331,-51.84067
17160.,-0.8496381,-0.9329861,32.70235,0.3691342,-0.9457159,-35.26665,-51.84383
17170.,-0.8535044,-0.9368551,32.69972,0.365227,-0.9495919,-35.26999,-51.84699
17180.,-0.8573666,-0.9407201,32.69708,0.3613238,-0.9534638,-35.27332,-51.85015
17190.,-0.8612249,-0.944581,32.69445,0.3574247,-0.9573317,-35.27666,-51.85331
17200.,-0.8650791,-0.9484379,32.69182,0.3535297,-0.9611955,-35.27998,-51.85646
17210.,-0.8689293,-0.9522908,32.6892,0.3496387,-0.9650554,-35.28331,-51.85961
17220.,-0.8727755,-0.9561397,32.68657,0.3457518,-0.9689112,-35.28663,-51.86275
17230.,-0.8766177,-0.9599846,32.68395,0.3418689,-0.972763,-35.28995,-51.86589
17240.,-0.8804558,-0.9638254,32.68133,0.3379901,-0.9766108,-35.29326,-51.86903
17250.,-0.88429,-0.9676623,32.67872,0.3341153,-0.9804545,-35.29657,-51.87217
17260.,-0.8881202,-0.9714951,32.67611,0.3302446,-0.9842943,-35.29988,-51.8753
17270.,-0.8919464,-0.975324,32.6735,0.3263779,-0.98813,-35.30318,-51.87843
17280.,-0.8957686,-0.9791489,32.67089,0.3225152,-0.9919618,-35.30648,-51.88155
17290.,-0.8995868,-0.9829698,32.66829,0.3186565,-0.9957896,-35.30978,-51.88467
17300.,-0.903401,-0.9867867,32.66569,0.3148019,-0.9996134,-35.31307,-51.88779
17310.,-0.9072113,-0.9905996,32.66309,0.3109513,-1.003433,-35.31636,-51.89091
17320.,-0.9110176,-0.9944085,32.66049,0.3071047,-1.007249,-35.31964,-51.89402
17330.,-0.9148199,-0.9982135,32.6579,0.3032621,-1.011061,-35.32293,-51.89713
17340.,-0.9186183,-1.002015,32.65531,0.2994234,-1.014869,-35.32621,-51.90023
17350.,-0.9224127,-1.005812,32.65272,0.2955888,-1.018673,-35.32948,-51.90334
17360.,-0.9262032,-1.009605,32.65014,0.2917582,-1.022473,-35.33275,-51.90644
17370.,-0.9299897,-1.013394,32.64755,0.2879316,-1.026269,-35.33602,-51.90953
17380.,-0.9337722,-1.017179,32.64498,0.284109,-1.030061,-35.33929,-51.91263
17390.,-0.9375509,-1.02096,32.6424,0.2802903,-1.033849,-35.34255,-51.91572
17400.,-0.9413255,-1.024738,32.63983,0.2764756,-1.037633,-35.34581,-51.9188
17410.,-0.9450963,-1.028511,32.63725,0.2726649,-1.041413,-35.34907,-51.92189
17420.,-0.9488631,-1.032281,32.63469,0.2688582,-1.045189,-35.35232,-51.92497
17430.,-0.952626,-1.036046,32.63212,0.2650554,-1.048962,-35.35557,-51.92804
17440.,-0.956385,-1.039808,32.62956,0.2612566,-1.05273,-35.35881,-51.93112
17450.,-0.9601401,-1.043565,32.627,0.2574617,-1.056494,-35.36205,-51.93419
17460.,-0.9638912,-1.047319,32.62444,0.2536708,-1.060255,-35.36529,-51.93725
17470.,-0.9676385,-1.051069,32.62189,0.2498838,-1.064012,-35.36853,-51.94032
17480.,-0.9713819,-1.054815,32.61933,0.2461008,-1.067764,-35.37176,-51.94338
17490.,-0.9751213,-1.058557,32.61679,0.2423217,-1.071513,-35.37499,-51.94644
17500.,-0.9788569,-1.062295,32.61424,0.2385466,-1.075258,-35.37821,-51.94949
17510.,-0.9825885,-1.066029,32.61169,0.2347754,-1.078999,-35.38143,-51.95254
17520.,-0.9863163,-1.06976,32.60915,0.2310081,-1.082736,-35.38465,-51.95559
17530.,-0.9900402,-1.073486,32.60662,0.2272447,-1.08647,-35.38787,-51.95864
17540.,-0.9937602,-1.077209,32.60408,0.2234852,-1.090199,-35.39108,-51.96168
17550.,-0.9974764,-1.080928,32.60155,0.2197297,-1.093924,-35.39429,-51.96472
17560.,-1.001189,-1.084643,32.59902,0.215978,-1.097646,-35.39749,-51.96775
17570.,-1.004897,-1.088354,32.59649,0.2122303,-1.101364,-35.40069,-51.97078
17580.,-1.008602,-1.092061,32.59396,0.2084865,-1.105077,-35.40389,-51.97381
17590.,-1.012302,-1.095764,32.59144,0.2047465,-1.108787,-35.40709,-51.97684
17600.,-1.015999,-1.099464,32.58892,0.2010105,-1.112494,-35.41028,-51.97986
17610.,-1.019692,-1.103159,32.5864,0.1972783,-1.116196,-35.41347,-51.98288
17620.,-1.023381,-1.106851,32.58389,0.1935501,-1.119894,-35.41665,-51.9859
17630.,-1.027067,-1.110539,32.58138,0.1898257,-1.123589,-35.41983,-51.98891
17640.,-1.030748,-1.114223,32.57887,0.1861051,-1.12728,-35.42301,-51.99192
17650.,-1.034426,-1.117903,32.57636,0.1823885,-1.130966,-35.42619,-51.99493
17660.,-1.0381,-1.121579,32.57386,0.1786757,-1.134649,-35.42936,-51.99793
17670.,-1.04177,-1.125252,32.57136,0.1749668,-1.138329,-35.43253,-52.00093
17680.,-1.045436,-1.128921,32.56886,0.1712617,-1.142004,-35.43569,-52.00393
17690.,-1.049098,-1.132586,32.56637,0.1675605,-1.145676,-35.43885,-52.00693
17700.,-1.052757,-1.136247,32.56387,0.1638631,-1.149343,-35.44201,-52.00992
17710.,-1.056412,-1.139904,32.56138,0.1601696,-1.153007,-35.44517,-52.01291
17720.,-1.060062,-1.143558,32.55889,0.15648,-1.156667,-35.44832,-52.01589
17730.,-1.06371,-1.147207,32.55641,0.1527941,-1.160324,-35.45147,-52.01887
17740.,-1.067353,-1.150853,32.55393,0.1491121,-1.163976,-35.45461,-52.02185
17750.,-1.070993,-1.154495,32.55145,0.1454339,-1.167625,-35.45776,-52.02483
17760.,-1.074628,-1.158134,32.54897,0.1417596,-1.17127,-35.4609,-52.0278
17770.,-1.07826,-1.161768,32.54649,0.1380891,-1.174911,-35.46403,-52.03077
17780.,-1.081889,-1.165399,32.54402,0.1344224,-1.178548,-35.46716,-52.03374
17790.,-1.085513,-1.169026,32.54155,0.1307595,-1.182182,-35.47029,-52.0367
17800.,-1.089134,-1.172649,32.53909,0.1271004,-1.185812,-35.47342,-52.03966
17810.,-1.092751,-1.176269,32.53662,0.1234451,-1.189438,-35.47654,-52.04262
17820.,-1.096364,-1.179884,32.53416,0.1197936,-1.19306,-35.47966,-52.04557
17830.,-1.099973,-1.183496,32.5317,0.1161459,-1.196678,-35.48278,-52.04853
17840.,-1.103579,-1.187104,32.52925,0.112502,-1.200293,-35.48589,-52.05147
17850.,-1.107181,-1.190709,32.52679,0.1088619,-1.203904,-35.489,-52.05442
17860.,-1.110779,-1.19431,32.52434,0.1052256,-1.207511,-35.4921,-52.05736
17870.,-1.114373,-1.197906,32.52189,0.101593,-1.211114,-35.49521,-52.0603
17880.,-1.117964,-1.2015,32.51945,0.09796428,-1.214714,-35.49831,-52.06324
17890.,-1.121551,-1.205089,32.517,0.09433929,-1.21831,-35.5014,-52.06617
17900.,-1.125134,-1.208675,32.51456,0.09071806,-1.221902,-35.5045,-52.0691
17910.,-1.128713,-1.212257,32.51212,0.0871006,-1.225491,-35.50759,-52.07203
17920.,-1.132289,-1.215835,32.50969,0.08348689,-1.229075,-35.51067,-52.07495
17930.,-1.135861,-1.21941,32.50725,0.07987695,-1.232656,-35.51376,-52.07787
17940.,-1.13943,-1.22298,32.50482,0.07627075,-1.236234,-35.51684,-52.08079
17950.,-1.142994,-1.226548,32.5024,0.0726683,-1.239807,-35.51992,-52.0837
17960.,-1.146555,-1.230111,32.49997,0.0690696,-1.243377,-35.52299,-52.08662
17970.,-1.150112,-1.233671,32.49755,0.06547464,-1.246943,-35.52606,-52.08952
17980.,-1.153666,-1.237227,32.49513,0.06188341,-1.250506,-35.52913,-52.09243
17990.,-1.157216,-1.240779,32.49271,0.05829591,-1.254064,-35.53219,-52.09533
18000.,-1.160762,-1.244328,32.4903,0.05471214,-1.25762,-35.53526,-52.09823
18010.,-1.164304,-1.247873,32.48788,0.0511321,-1.261171,-35.53831,-52.10113
18020.,-1.167843,-1.251414,32.48547,0.04755577,-1.264719,-35.54137,-52.10402
18030.,-1.171378,-1.254951,32.48307,0.04398316,-1.268262,-35.54442,-52.10691
18040.,-1.174909,-1.258485,32.48066,0.04041426,-1.271803,-35.54747,-52.1098
18050.,-1.178437,-1.262015,32.47826,0.03684907,-1.275339,-35.55051,-52.11269
18060.,-1.181961,-1.265542,32.47586,0.03328758,-1.278872,-35.55356,-52.11557
18070.,-1.185482,-1.269065,32.47346,0.0297298,-1.282402,-35.5566,-52.11845
18080.,-1.188998,-1.272584,32.47107,0.0261757,-1.285927,-35.55963,-52.12132
18090.,-1.192511,-1.2761,32.46867,0.0226253,-1.289449,-35.56267,-52.12419
18100.,-1.196021,-1.279612,32.46628,0.01907859,-1.292967,-35.5657,-52.12706
18110.,-1.199527,-1.28312,32.4639,0.01553556,-1.296482,-35.56872,-52.12993
18120.,-1.203029,-1.286624,32.46151,0.01199622,-1.299993,-35.57175,-52.13279
18130.,-1.206527,-1.290125,32.45913,0.008460543,-1.3035,-35.57477,-52.13565
18140.,-1.210022,-1.293623,32.45675,0.004928543,-1.307004,-35.57778,-52.13851
18150.,-1.213514,-1.297116,32.45437,0.001400211,-1.310504,-35.5808,-52.14137
18160.,-1.217001,-1.300607,32.452,-0.002124457,-1.314,-35.58381,-52.14422
18170.,-1.220485,-1.304093,32.44963,-0.005645465,-1.317493,-35.58682,-52.14707
18180.,-1.223966,-1.307576,32.44726,-0.009162817,-1.320982,-35.58982,-52.14991
18190.,-1.227442,-1.311055,32.44489,-0.01267652,-1.324468,-35.59282,-52.15276
18200.,-1.230915,-1.314531,32.44253,-0.01618657,-1.32795,-35.59582,-52.1556
18210.,-1.234385,-1.318003,32.44016,-0.01969297,-1.331428,-35.59881,-52.15843
18220.,-1.237851,-1.321471,32.4378,-0.02319574,-1.334903,-35.60181,-52.16127
18230.,-1.241313,-1.324936,32.43545,-0.02669487,-1.338374,-35.6048,-52.1641
18240.,-1.244772,-1.328397,32.43309,-0.03019036,-1.341841,-35.60778,-52.16693
18250.,-1.248227,-1.331855,32.43074,-0.03368223,-1.345305,-35.61076,-52.16975
18260.,-1.251679,-1.335309,32.42839,-0.03717047,-1.348765,-35.61374,-52.17258
18270.,-1.255127,-1.338759,32.42604,-0.04065509,-1.352222,-35.61672,-52.17539
18280.,-1.258571,-1.342206,32.4237,-0.0441361,-1.355675,-35.61969,-52.17821
18290.,-1.262012,-1.345649,32.42136,-0.04761349,-1.359125,-35.62267,-52.18102
18300.,-1.265449,-1.349089,32.41902,-0.05108727,-1.36257,-35.62563,-52.18384
18310.,-1.268883,-1.352525,32.41668,-0.05455744,-1.366013,-35.6286,-52.18664
18320.,-1.272313,-1.355957,32.41435,-0.05802402,-1.369452,-35.63156,-52.18945
18330.,-1.27574,-1.359386,32.41201,-0.06148699,-1.372887,-35.63452,-52.19225
18340.,-1.279163,-1.362812,32.40968,-0.06494637,-1.376318,-35.63747,-52.19505
18350.,-1.282582,-1.366234,32.40736,-0.06840216,-1.379746,-35.64042,-52.19784
18360.,-1.285998,-1.369652,32.40503,-0.07185437,-1.383171,-35.64337,-52.20064
18370.,-1.28941,-1.373067,32.40271,-0.07530299,-1.386592,-35.64632,-52.20343
18380.,-1.292819,-1.376478,32.40039,-0.07874803,-1.390009,-35.64926,-52.20622
18390.,-1.296224,-1.379886,32.39807,-0.0821895,-1.393423,-35.6522,-52.209
18400.,-1.299626,-1.38329,32.39576,-0.0856274,-1.396833,-35.65514,-52.21178
18410.,-1.303024,-1.38669,32.39344,-0.08906173,-1.40024,-35.65807,-52.21456
18420.,-1.306419,-1.390087,32.39113,-0.0924925,-1.403643,-35.661,-52.21734
18430.,-1.30981,-1.393481,32.38883,-0.0959197,-1.407043,-35.66393,-52.22011
18440.,-1.313198,-1.396871,32.38652,-0.09934336,-1.410439,-35.66685,-52.22288
18450.,-1.316582,-1.400257,32.38422,-0.1027635,-1.413832,-35.66977,-52.22565
18460.,-1.319963,-1.40364,32.38192,-0.10618,-1.417221,-35.67269,-52.22841
18470.,-1.32334,-1.40702,32.37962,-0.109593,-1.420607,-35.67561,-52.23117
18480.,-1.326713,-1.410396,32.37732,-0.1130025,-1.423989,-35.67852,-52.23393
18490.,-1.330083,-1.413768,32.37503,-0.1164084,-1.427367,-35.68143,-52.23669
18500.,-1.33345,-1.417137,32.37274,-0.1198108,-1.430743,-35.68434,-52.23944
18510.,-1.336813,-1.420503,32.37045,-0.1232097,-1.434114,-35.68724,-52.24219
18520.,-1.340173,-1.423865,32.36816,-0.126605,-1.437482,-35.69014,-52.24494
18530.,-1.343529,-1.427223,32.36588,-0.1299968,-1.440847,-35.69304,-52.24768
18540.,-1.346881,-1.430578,32.3636,-0.133385,-1.444208,-35.69593,-52.25042
18550.,-1.350231,-1.43393,32.36132,-0.1367697,-1.447566,-35.69882,-52.25316
18560.,-1.353576,-1.437278,32.35904,-0.1401509,-1.45092,-35.70171,-52.2559
18570.,-1.356919,-1.440622,32.35677,-0.1435286,-1.45427,-35.7046,-52.25863
18580.,-1.360257,-1.443964,32.3545,-0.1469028,-1.457617,-35.70748,-52.26136
18590.,-1.363593,-1.447301,32.35223,-0.1502735,-1.460961,-35.71036,-52.26409
18600.,-1.366924,-1.450635,32.34996,-0.1536407,-1.464301,-35.71323,-52.26681
18610.,-1.370253,-1.453966,32.3477,-0.1570044,-1.467638,-35.71611,-52.26953
18620.,-1.373578,-1.457293,32.34544,-0.1603647,-1.470972,-35.71898,-52.27225
18630.,-1.376899,-1.460617,32.34318,-0.1637214,-1.474301,-35.72185,-52.27497
18640.,-1.380217,-1.463938,32.34092,-0.1670747,-1.477628,-35.72471,-52.27768
18650.,-1.383532,-1.467255,32.33867,-0.1704245,-1.480951,-35.72757,-52.28039
18660.,-1.386843,-1.470568,32.33641,-0.1737708,-1.48427,-35.73043,-52.2831
18670.,-1.390151,-1.473878,32.33416,-0.1771136,-1.487586,-35.73329,-52.2858
18680.,-1.393455,-1.477185,32.33192,-0.180453,-1.490899,-35.73614,-52.28851
18690.,-1.396756,-1.480488,32.32967,-0.1837889,-1.494208,-35.73899,-52.29121
18700.,-1.400053,-1.483788,32.32743,-0.1871214,-1.497514,-35.74183,-52.2939
18710.,-1.403347,-1.487084,32.32519,-0.1904504,-1.500816,-35.74468,-52.29659
18720.,-1.406638,-1.490377,32.32295,-0.193776,-1.504115,-35.74752,-52.29929
18730.,-1.409925,-1.493667,32.32071,-0.1970981,-1.507411,-35.75036,-52.30197
18740.,-1.413209,-1.496953,32.31848,-0.2004168,-1.510703,-35.75319,-52.30466
18750.,-1.416489,-1.500235,32.31625,-0.203732,-1.513991,-35.75602,-52.30734
18760.,-1.419766,-1.503515,32.31402,-0.2070438,-1.517277,-35.75885,-52.31002
18770.,-1.42304,-1.506791,32.31179,-0.2103521,-1.520559,-35.76168,-52.3127
18780.,-1.42631,-1.510063,32.30957,-0.2136571,-1.523837,-35.7645,-52.31537
18790.,-1.429577,-1.513332,32.30735,-0.2169586,-1.527112,-35.76732,-52.31804
18800.,-1.43284,-1.516598,32.30513,-0.2202567,-1.530384,-35.77014,-52.32071
18810.,-1.4361,-1.51986,32.30291,-0.2235513,-1.533652,-35.77295,-52.32338
18820.,-1.439357,-1.523119,32.30069,-0.2268426,-1.536917,-35.77576,-52.32604
18830.,-1.44261,-1.526375,32.29848,-0.2301305,-1.540178,-35.77857,-52.3287
18840.,-1.44586,-1.529627,32.29627,-0.2334149,-1.543436,-35.78138,-52.33136
18850.,-1.449107,-1.532876,32.29406,-0.2366959,-1.546691,-35.78418,-52.33401
18860.,-1.45235,-1.536121,32.29186,-0.2399736,-1.549943,-35.78698,-52.33666
18870.,-1.45559,-1.539363,32.28966,-0.2432478,-1.553191,-35.78978,-52.33931
18880.,-1.458826,-1.542602,32.28746,-0.2465187,-1.556435,-35.79257,-52.34196
18890.,-1.462059,-1.545838,32.28526,-0.2497861,-1.559676,-35.79536,-52.3446
18900.,-1.465289,-1.54907,32.28306,-0.2530502,-1.562914,-35.79815,-52.34724
18910.,-1.468516,-1.552298,32.28087,-0.2563109,-1.566149,-35.80094,-52.34988
18920.,-1.471739,-1.555524,32.27868,-0.2595683,-1.56938,-35.80372,-52.35252
18930.,-1.474958,-1.558746,32.27649,-0.2628222,-1.572608,-35.8065,-52.35515
18940.,-1.478175,-1.561964,32.2743,-0.2660728,-1.575833,-35.80927,-52.35778
18950.,-1.481388,-1.56518,32.27211,-0.26932,-1.579054,-35.81205,-52.36041
18960.,-1.484598,-1.568392,32.26993,-0.2725638,-1.582272,-35.81482,-52.36303
18970.,-1.487804,-1.5716,32.26775,-0.2758043,-1.585486,-35.81759,-52.36566
18980.,-1.491007,-1.574806,32.26557,-0.2790415,-1.588697,-35.82035,-52.36827
18990.,-1.494207,-1.578008,32.2634,-0.2822752,-1.591905,-35.82311,-52.37089
19000.,-1.497403,-1.581206,32.26123,-0.2855057,-1.59511,-35.82587,-52.3735
19010.,-1.500596,-1.584402,32.25905,-0.2887328,-1.598311,-35.82863,-52.37612
19020.,-1.503786,-1.587594,32.25689,-0.2919565,-1.601509,-35.83138,-52.37872
19030.,-1.506973,-1.590783,32.25472,-0.2951769,-1.604703,-35.83413,-52.38133
19040.,-1.510156,-1.593968,32.25256,-0.298394,-1.607894,-35.83688,-52.38393
19050.,-1.513336,-1.59715,32.25039,-0.3016077,-1.611082,-35.83963,-52.38653
19060.,-1.516512,-1.600329,32.24823,-0.3048182,-1.614267,-35.84237,-52.38913
19070.,-1.519686,-1.603505,32.24608,-0.3080253,-1.617448,-35.84511,-52.39173
19080.,-1.522856,-1.606677,32.24392,-0.311229,-1.620627,-35.84784,-52.39432
19090.,-1.526023,-1.609846,32.24177,-0.3144295,-1.623801,-35.85058,-52.39691
19100.,-1.529186,-1.613012,32.23962,-0.3176266,-1.626973,-35.85331,-52.39949
19110.,-1.532346,-1.616174,32.23747,-0.3208205,-1.630141,-35.85604,-52.40208
19120.,-1.535503,-1.619333,32.23533,-0.324011,-1.633306,-35.85876,-52.40466
19130.,-1.538657,-1.622489,32.23318,-0.3271982,-1.636468,-35.86149,-52.40724
19140.,-1.541807,-1.625642,32.23104,-0.3303821,-1.639626,-35.8642,-52.40981
19150.,-1.544954,-1.628791,32.2289,-0.3335628,-1.642781,-35.86692,-52.41239
19160.,-1.548098,-1.631937,32.22676,-0.3367401,-1.645933,-35.86964,-52.41496
19170.,-1.551239,-1.63508,32.22463,-0.3399142,-1.649081,-35.87235,-52.41753
19180.,-1.554376,-1.63822,32.2225,-0.3430849,-1.652227,-35.87506,-52.42009
19190.,-1.55751,-1.641356,32.22037,-0.3462524,-1.655369,-35.87776,-52.42266
19200.,-1.560641,-1.644489,32.21824,-0.3494166,-1.658508,-35.88046,-52.42522
19210.,-1.563769,-1.647619,32.21611,-0.3525775,-1.661643,-35.88316,-52.42777
19220.,-1.566893,-1.650746,32.21399,-0.3557352,-1.664776,-35.88586,-52.43033
19230.,-1.570015,-1.653869,32.21187,-0.3588896,-1.667905,-35.88855,-52.43288
19240.,-1.573133,-1.656989,32.20975,-0.3620407,-1.67103,-35.89125,-52.43543
19250.,-1.576247,-1.660106,32.20763,-0.3651886,-1.674153,-35.89394,-52.43798
19260.,-1.579359,-1.66322,32.20552,-0.3683332,-1.677272,-35.89662,-52.44052
19270.,-1.582467,-1.66633,32.20341,-0.3714745,-1.680389,-35.8993,-52.44306
19280.,-1.585572,-1.669438,32.2013,-0.3746127,-1.683501,-35.90198,-52.4456
19290.,-1.588674,-1.672542,32.19919,-0.3777475,-1.686611,-35.90466,-52.44814
19300.,-1.591773,-1.675642,32.19708,-0.3808791,-1.689718,-35.90734,-52.45067
19310.,-1.594868,-1.67874,32.19498,-0.3840075,-1.692821,-35.91001,-52.4532
19320.,-1.59796,-1.681834,32.19288,-0.3871326,-1.695921,-35.91268,-52.45573
19330.,-1.601049,-1.684926,32.19078,-0.3902546,-1.699018,-35.91535,-52.45826
19340.,-1.604135,-1.688014,32.18868,-0.3933732,-1.702111,-35.91801,-52.46078
19350.,-1.607218,-1.691098,32.18659,-0.3964887,-1.705202,-35.92067,-52.4633
19360.,-1.610297,-1.69418,32.1845,-0.3996009,-1.708289,-35.92333,-52.46582
19370.,-1.613373,-1.697259,32.1824,-0.4027099,-1.711373,-35.92598,-52.46834
19380.,-1.616446,-1.700334,32.18032,-0.4058157,-1.714454,-35.92864,-52.47085
19390.,-1.619516,-1.703406,32.17823,-0.4089183,-1.717532,-35.93129,-52.47336
19400.,-1.622583,-1.706475,32.17615,-0.4120177,-1.720606,-35.93393,-52.47587
19410.,-1.625646,-1.70954,32.17407,-0.4151138,-1.723677,-35.93658,-52.47837
19420.,-1.628707,-1.712603,32.17199,-0.4182068,-1.726746,-35.93922,-52.48087
19430.,-1.631764,-1.715662,32.16991,-0.4212966,-1.72981,-35.94186,-52.48337
19440.,-1.634818,-1.718719,32.16783,-0.4243831,-1.732872,-35.9445,-52.48587
19450.,-1.637869,-1.721772,32.16576,-0.4274665,-1.735931,-35.94713,-52.48837
19460.,-1.640917,-1.724821,32.16369,-0.4305467,-1.738986,-35.94976,-52.49086
19470.,-1.643961,-1.727868,32.16162,-0.4336237,-1.742039,-35.95239,-52.49335
19480.,-1.647003,-1.730912,32.15956,-0.4366975,-1.745088,-35.95501,-52.49584
19490.,-1.650041,-1.733952,32.15749,-0.4397682,-1.748134,-35.95764,-52.49832
19500.,-1.653076,-1.736989,32.15543,-0.4428357,-1.751177,-35.96026,-52.5008
19510.,-1.656108,-1.740024,32.15337,-0.4459,-1.754216,-35.96287,-52.50328
19520.,-1.659137,-1.743055,32.15131,-0.4489611,-1.757253,-35.96549,-52.50576
19530.,-1.662163,-1.746083,32.14926,-0.4520191,-1.760286,-35.9681,-52.50823
19540.,-1.665185,-1.749107,32.14721,-0.4550739,-1.763316,-35.97071,-52.5107
19550.,-1.668205,-1.752129,32.14515,-0.4581255,-1.766344,-35.97332,-52.51317
19560.,-1.671221,-1.755147,32.14311,-0.461174,-1.769368,-35.97592,-52.51564
19570.,-1.674234,-1.758163,32.14106,-0.4642193,-1.772388,-35.97852,-52.5181
19580.,-1.677244,-1.761175,32.13901,-0.4672615,-1.775406,-35.98112,-52.52056
19590.,-1.680251,-1.764184,32.13697,-0.4703006,-1.778421,-35.98372,-52.52302
19600.,-1.683255,-1.76719,32.13493,-0.4733365,-1.781432,-35.98631,-52.52548
19610.,-1.686256,-1.770193,32.13289,-0.4763692,-1.784441,-35.9889,-52.52793
19620.,-1.689254,-1.773193,32.13086,-0.4793989,-1.787446,-35.99149,-52.53039
19630.,-1.692248,-1.77619,32.12882,-0.4824254,-1.790448,-35.99407,-52.53283
19640.,-1.69524,-1.779183,32.12679,-0.4854488,-1.793447,-35.99665,-52.53528
19650.,-1.698228,-1.782174,32.12476,-0.488469,-1.796443,-35.99923,-52.53772
19660.,-1.701214,-1.785161,32.12273,-0.4914861,-1.799436,-36.00181,-52.54017
19670.,-1.704196,-1.788145,32.12071,-0.4945001,-1.802426,-36.00438,-52.5426
19680.,-1.707175,-1.791127,32.11869,-0.497511,-1.805413,-36.00696,-52.54504
19690.,-1.710151,-1.794105,32.11667,-0.5005188,-1.808396,-36.00953,-52.54747
19700.,-1.713124,-1.79708,32.11465,-0.5035235,-1.811377,-36.01209,-52.5499
19710.,-1.716094,-1.800052,32.11263,-0.5065251,-1.814354,-36.01466,-52.55233
19720.,-1.719061,-1.803021,32.11061,-0.5095235,-1.817328,-36.01722,-52.55476
19730.,-1.722024,-1.805987,32.1086,-0.5125189,-1.8203,-36.01977,-52.55718
19740.,-1.724985,-1.80895,32.10659,-0.5155112,-1.823268,-36.02233,-52.5596
19750.,-1.727943,-1.811909,32.10458,-0.5185004,-1.826233,-36.02488,-52.56202
19760.,-1.730897,-1.814866,32.10258,-0.5214865,-1.829195,-36.02743,-52.56444
19770.,-1.733849,-1.81782,32.10057,-0.5244695,-1.832154,-36.02998,-52.56685
19780.,-1.736797,-1.82077,32.09857,-0.5274494,-1.83511,-36.03253,-52.56926
19790.,-1.739743,-1.823718,32.09657,-0.5304262,-1.838063,-36.03507,-52.57167
19800.,-1.742685,-1.826662,32.09457,-0.5334,-1.841013,-36.03761,-52.57408
19810.,-1.745625,-1.829604,32.09258,-0.5363707,-1.84396,-36.04015,-52.57648
19820.,-1.748561,-1.832542,32.09058,-0.5393384,-1.846904,-36.04268,-52.57888
19830.,-1.751494,-1.835477,32.08859,-0.5423029,-1.849844,-36.04521,-52.58128
19840.,-1.754424,-1.83841,32.0866,-0.5452644,-1.852782,-36.04774,-52.58368
19850.,-1.757352,-1.841339,32.08461,-0.5482229,-1.855717,-36.05027,-52.58607
19860.,-1.760276,-1.844265,32.08263,-0.5511783,-1.858648,-36.05279,-52.58846
19870.,-1.763197,-1.847189,32.08065,-0.5541306,-1.861577,-36.05532,-52.59085
19880.,-1.766115,-1.850109,32.07866,-0.5570799,-1.864502,-36.05783,-52.59324
19890.,-1.76903,-1.853026,32.07669,-0.5600261,-1.867425,-36.06035,-52.59562
19900.,-1.771942,-1.85594,32.07471,-0.5629693,-1.870344,-36.06287,-52.598
19910.,-1.774852,-1.858851,32.07273,-0.5659095,-1.873261,-36.06538,-52.60038
19920.,-1.777758,-1.86176,32.07076,-0.5688466,-1.876174,-36.06788,-52.60276
19930.,-1.780661,-1.864665,32.06879,-0.5717807,-1.879085,-36.07039,-52.60513
19940.,-1.783561,-1.867567,32.06682,-0.5747118,-1.881992,-36.07289,-52.6075
19950.,-1.786458,-1.870466,32.06485,-0.5776398,-1.884897,-36.0754,-52.60987
19960.,-1.789352,-1.873362,32.06289,-0.5805648,-1.887798,-36.07789,-52.61224
19970.,-1.792243,-1.876256,32.06093,-0.5834868,-1.890697,-36.08039,-52.6146
19980.,-1.795131,-1.879146,32.05897,-0.5864058,-1.893592,-36.08288,-52.61697
19990.,-1.798017,-1.882033,32.05701,-0.5893217,-1.896485,-36.08537,-52.61932
20000.,-1.800899,-1.884917,32.05505,-0.5922347,-1.899374,-36.08786,-52.62168
20010.,-1.803778,-1.887798,32.0531,-0.5951446,-1.902261,-36.09035,-52.62404
20020.,-1.806654,-1.890677,32.05114,-0.5980516,-1.905144,-36.09283,-52.62639
20030.,-1.809527,-1.893552,32.04919,-0.6009555,-1.908025,-36.09531,-52.62874
20040.,-1.812398,-1.896424,32.04725,-0.6038564,-1.910903,-36.09779,-52.63108
20050.,-1.815265,-1.899294,32.0453,-0.6067544,-1.913777,-36.10026,-52.63343
20060.,-1.818129,-1.90216,32.04336,-0.6096493,-1.916649,-36.10273,-52.63577
20070.,-1.820991,-1.905024,32.04141,-0.6125413,-1.919518,-36.1052,-52.63811
20080.,-1.823849,-1.907884,32.03947,-0.6154303,-1.922383,-36.10767,-52.64045
20090.,-1.826705,-1.910742,32.03753,-0.6183163,-1.925246,-36.11014,-52.64278
20100.,-1.829557,-1.913596,32.0356,-0.6211993,-1.928106,-36.1126,-52.64512
20110.,-1.832407,-1.916448,32.03366,-0.6240793,-1.930963,-36.11506,-52.64745
20120.,-1.835254,-1.919297,32.03173,-0.6269564,-1.933817,-36.11752,-52.64977
20130.,-1.838097,-1.922142,32.0298,-0.6298305,-1.936668,-36.11997,-52.6521
20140.,-1.840938,-1.924985,32.02787,-0.6327016,-1.939516,-36.12242,-52.65442
20150.,-1.843776,-1.927825,32.02595,-0.6355698,-1.942361,-36.12487,-52.65674
20160.,-1.846611,-1.930662,32.02403,-0.638435,-1.945203,-36.12732,-52.65906
20170.,-1.849443,-1.933496,32.0221,-0.6412972,-1.948042,-36.12976,-52.66138
20180.,-1.852272,-1.936327,32.02018,-0.6441565,-1.950878,-36.13221,-52.66369
20190.,-1.855098,-1.939155,32.01827,-0.6470129,-1.953712,-36.13465,-52.666
20200.,-1.857922,-1.941981,32.01635,-0.6498663,-1.956542,-36.13708,-52.66831
20210.,-1.860742,-1.944803,32.01444,-0.6527167,-1.95937,-36.13952,-52.67062
20220.,-1.863559,-1.947622,32.01252,-0.6555643,-1.962194,-36.14195,-52.67292
20230.,-1.866374,-1.950439,32.01061,-0.6584088,-1.965016,-36.14438,-52.67522
20240.,-1.869185,-1.953253,32.00871,-0.6612505,-1.967835,-36.14681,-52.67752
20250.,-1.871994,-1.956063,32.0068,-0.6640892,-1.970651,-36.14923,-52.67982
20260.,-1.8748,-1.958871,32.0049,-0.666925,-1.973464,-36.15165,-52.68211
20270.,-1.877603,-1.961676,32.00299,-0.6697578,-1.976274,-36.15407,-52.68441
20280.,-1.880403,-1.964478,32.00109,-0.6725877,-1.979081,-36.15649,-52.6867
20290.,-1.8832,-1.967277,31.9992,-0.6754148,-1.981885,-36.1589,-52.68898
20300.,-1.885994,-1.970073,31.9973,-0.6782388,-1.984686,-36.16132,-52.69127
20310.,-1.888786,-1.972867,31.99541,-0.68106,-1.987485,-36.16372,-52.69355
20320.,-1.891574,-1.975657,31.99351,-0.6838783,-1.99028,-36.16613,-52.69583
20330.,-1.89436,-1.978445,31.99163,-0.6866937,-1.993073,-36.16854,-52.69811
20340.,-1.897142,-1.98123,31.98974,-0.6895061,-1.995863,-36.17094,-52.70038
20350.,-1.899922,-1.984011,31.98785,-0.6923157,-1.99865,-36.17334,-52.70266
20360.,-1.902699,-1.98679,31.98597,-0.6951223,-2.001434,-36.17574,-52.70493
20370.,-1.905473,-1.989566,31.98408,-0.6979261,-2.004215,-36.17813,-52.7072
20380.,-1.908245,-1.99234,31.9822,-0.700727,-2.006993,-36.18052,-52.70946
20390.,-1.911013,-1.99511,31.98033,-0.703525,-2.009769,-36.18291,-52.71173
20400.,-1.913779,-1.997878,31.97845,-0.7063201,-2.012542,-36.1853,-52.71399
20410.,-1.916541,-2.000642,31.97658,-0.7091123,-2.015311,-36.18768,-52.71625
20420.,-1.919301,-2.003404,31.9747,-0.7119016,-2.018078,-36.19007,-52.7185
20430.,-1.922058,-2.006163,31.97283,-0.7146881,-2.020842,-36.19245,-52.72076
20440.,-1.924812,-2.008919,31.97097,-0.7174717,-2.023603,-36.19482,-52.72301
20450.,-1.927564,-2.011672,31.9691,-0.7202524,-2.026362,-36.1972,-52.72526
20460.,-1.930312,-2.014423,31.96723,-0.7230302,-2.029117,-36.19957,-52.72751
20470.,-1.933058,-2.01717,31.96537,-0.7258052,-2.03187,-36.20194,-52.72975
20480.,-1.9358,-2.019915,31.96351,-0.7285773,-2.03462,-36.20431,-52.732
20490.,-1.93854,-2.022657,31.96165,-0.7313466,-2.037367,-36.20667,-52.73424
20500.,-1.941278,-2.025396,31.9598,-0.734113,-2.040111,-36.20904,-52.73648
20510.,-1.944012,-2.028133,31.95794,-0.7368766,-2.042852,-36.2114,-52.73871
20520.,-1.946743,-2.030866,31.95609,-0.7396373,-2.04559,-36.21375,-52.74095
20530.,-1.949472,-2.033597,31.95424,-0.7423951,-2.048326,-36.21611,-52.74318
20540.,-1.952198,-2.036324,31.95239,-0.7451502,-2.051059,-36.21846,-52.74541
20550.,-1.954921,-2.039049,31.95054,-0.7479023,-2.053789,-36.22081,-52.74763
20560.,-1.957641,-2.041772,31.9487,-0.7506517,-2.056516,-36.22316,-52.74986
20570.,-1.960359,-2.044491,31.94685,-0.7533982,-2.05924,-36.22551,-52.75208
20580.,-1.963073,-2.047208,31.94501,-0.7561419,-2.061962,-36.22785,-52.7543
20590.,-1.965785,-2.049921,31.94317,-0.7588827,-2.064681,-36.23019,-52.75652
20600.,-1.968494,-2.052632,31.94134,-0.7616207,-2.067397,-36.23253,-52.75873
20610.,-1.971201,-2.055341,31.9395,-0.7643559,-2.07011,-36.23486,-52.76095
20620.,-1.973904,-2.058046,31.93767,-0.7670883,-2.07282,-36.2372,-52.76316
20630.,-1.976605,-2.060749,31.93584,-0.7698179,-2.075528,-36.23953,-52.76537
20640.,-1.979303,-2.063448,31.93401,-0.7725446,-2.078233,-36.24186,-52.76757
20650.,-1.981998,-2.066146,31.93218,-0.7752686,-2.080935,-36.24418,-52.76978
20660.,-1.98469,-2.06884,31.93035,-0.7779897,-2.083634,-36.24651,-52.77198
20670.,-1.98738,-2.071531,31.92853,-0.780708,-2.08633,-36.24883,-52.77418
20680.,-1.990066,-2.07422,31.92671,-0.7834235,-2.089024,-36.25115,-52.77637
20690.,-1.992751,-2.076906,31.92489,-0.7861363,-2.091715,-36.25347,-52.77857
20700.,-1.995432,-2.079589,31.92307,-0.7888462,-2.094403,-36.25578,-52.78076
20710.,-1.99811,-2.08227,31.92125,-0.7915533,-2.097088,-36.25809,-52.78295
20720.,-2.000786,-2.084947,31.91944,-0.7942577,-2.099771,-36.2604,-52.78514
20730.,-2.003459,-2.087622,31.91763,-0.7969593,-2.102451,-36.26271,-52.78733
20740.,-2.006129,-2.090294,31.91581,-0.799658,-2.105128,-36.26501,-52.78951
20750.,-2.008797,-2.092964,31.91401,-0.802354,-2.107802,-36.26732,-52.79169
20760.,-2.011461,-2.09563,31.9122,-0.8050473,-2.110473,-36.26962,-52.79387
20770.,-2.014123,-2.098294,31.91039,-0.8077377,-2.113142,-36.27191,-52.79605
20780.,-2.016783,-2.100955,31.90859,-0.8104254,-2.115808,-36.27421,-52.79822
20790.,-2.019439,-2.103614,31.90679,-0.8131103,-2.118471,-36.2765,-52.80039
20800.,-2.022093,-2.106269,31.90499,-0.8157924,-2.121132,-36.27879,-52.80256
20810.,-2.024744,-2.108922,31.90319,-0.8184718,-2.12379,-36.28108,-52.80473
20820.,-2.027392,-2.111572,31.9014,-0.8211484,-2.126445,-36.28337,-52.8069
20830.,-2.030038,-2.11422,31.8996,-0.8238223,-2.129097,-36.28565,-52.80906
20840.,-2.03268,-2.116864,31.89781,-0.8264934,-2.131747,-36.28793,-52.81122
20850.,-2.035321,-2.119506,31.89602,-0.8291617,-2.134393,-36.29021,-52.81338
20860.,-2.037958,-2.122146,31.89423,-0.8318273,-2.137038,-36.29249,-52.81554
20870.,-2.040593,-2.124782,31.89245,-0.8344902,-2.139679,-36.29476,-52.81769
20880.,-2.043225,-2.127416,31.89066,-0.8371503,-2.142318,-36.29703,-52.81984
20890.,-2.045854,-2.130047,31.88888,-0.8398077,-2.144954,-36.2993,-52.82199
20900.,-2.04848,-2.132676,31.8871,-0.8424623,-2.147587,-36.30157,-52.82414
20910.,-2.051104,-2.135301,31.88532,-0.8451142,-2.150217,-36.30384,-52.82629
20920.,-2.053725,-2.137924,31.88354,-0.8477634,-2.152845,-36.3061,-52.82843
20930.,-2.056344,-2.140545,31.88177,-0.8504098,-2.15547,-36.30836,-52.83057
20940.,-2.058959,-2.143162,31.88,-0.8530535,-2.158093,-36.31062,-52.83271
20950.,-2.061572,-2.145777,31.87823,-0.8556945,-2.160712,-36.31287,-52.83485
20960.,-2.064183,-2.148389,31.87646,-0.8583328,-2.163329,-36.31513,-52.83698
20970.,-2.06679,-2.150999,31.87469,-0.8609683,-2.165944,-36.31738,-52.83912
20980.,-2.069395,-2.153606,31.87292,-0.8636012,-2.168555,-36.31962,-52.84125
20990.,-2.071998,-2.15621,31.87116,-0.8662313,-2.171164,-36.32187,-52.84337
21000.,-2.074597,-2.158811,31.8694,-0.8688587,-2.17377,-36.32411,-52.8455
21010.,-2.077194,-2.16141,31.86764,-0.8714835,-2.176374,-36.32636,-52.84762
21020.,-2.079788,-2.164006,31.86588,-0.8741055,-2.178975,-36.3286,-52.84974
21030.,-2.08238,-2.1666,31.86412,-0.8767248,-2.181573,-36.33083,-52.85186
21040.,-2.084969,-2.16919,31.86237,-0.8793414,-2.184169,-36.33307,-52.85398
21050.,-2.087555,-2.171778,31.86061,-0.8819553,-2.186761,-36.3353,-52.8561
21060.,-2.090139,-2.174364,31.85886,-0.8845666,-2.189352,-36.33753,-52.85821
21070.,-2.09272,-2.176947,31.85711,-0.8871751,-2.191939,-36.33976,-52.86032
21080.,-2.095298,-2.179527,31.85537,-0.889781,-2.194524,-36.34198,-52.86243
21090.,-2.097873,-2.182104,31.85362,-0.8923841,-2.197106,-36.34421,-52.86453
21100.,-2.100446,-2.184679,31.85188,-0.8949846,-2.199686,-36.34643,-52.86664
21110.,-2.103017,-2.187251,31.85013,-0.8975824,-2.202263,-36.34865,-52.86874
21120.,-2.105584,-2.189821,31.84839,-0.9001776,-2.204837,-36.35086,-52.87084
21130.,-2.108149,-2.192387,31.84666,-0.9027701,-2.207408,-36.35308,-52.87294
21140.,-2.110712,-2.194952,31.84492,-0.9053599,-2.209977,-36.35529,-52.87503
21150.,-2.113271,-2.197513,31.84318,-0.907947,-2.212544,-36.3575,-52.87713
21160.,-2.115829,-2.200072,31.84145,-0.9105315,-2.215107,-36.3597,-52.87922
21170.,-2.118383,-2.202628,31.83972,-0.9131133,-2.217668,-36.36191,-52.88131
21180.,-2.120935,-2.205182,31.83799,-0.9156925,-2.220226,-36.36411,-52.88339
21190.,-2.123484,-2.207733,31.83626,-0.918269,-2.222782,-36.36631,-52.88548
21200.,-2.126031,-2.210282,31.83454,-0.9208428,-2.225335,-36.36851,-52.88756
21210.,-2.128575,-2.212827,31.83281,-0.923414,-2.227886,-36.37071,-52.88964
21220.,-2.131116,-2.21537,31.83109,-0.9259826,-2.230434,-36.3729,-52.89172
21230.,-2.133655,-2.217911,31.82937,-0.9285485,-2.232979,-36.37509,-52.8938
21240.,-2.136191,-2.220449,31.82765,-0.9311117,-2.235521,-36.37728,-52.89587
21250.,-2.138724,-2.222984,31.82594,-0.9336724,-2.238061,-36.37947,-52.89794
21260.,-2.141255,-2.225517,31.82422,-0.9362304,-2.240599,-36.38165,-52.90001
21270.,-2.143783,-2.228047,31.82251,-0.9387857,-2.243134,-36.38383,-52.90208
21280.,-2.146309,-2.230575,31.8208,-0.9413385,-2.245666,-36.38601,-52.90414
21290.,-2.148832,-2.233099,31.81909,-0.9438886,-2.248195,-36.38819,-52.90621
21300.,-2.151353,-2.235622,31.81738,-0.9464361,-2.250722,-36.39037,-52.90827
21310.,-2.153871,-2.238141,31.81567,-0.9489809,-2.253246,-36.39254,-52.91033
21320.,-2.156386,-2.240659,31.81397,-0.9515232,-2.255768,-36.39471,-52.91238
21330.,-2.158899,-2.243173,31.81227,-0.9540628,-2.258287,-36.39688,-52.91444
21340.,-2.161409,-2.245685,31.81057,-0.9565998,-2.260804,-36.39905,-52.91649
21350.,-2.163916,-2.248194,31.80887,-0.9591342,-2.263318,-36.40121,-52.91854
21360.,-2.166421,-2.250701,31.80717,-0.961666,-2.265829,-36.40337,-52.92059
21370.,-2.168924,-2.253205,31.80547,-0.9641952,-2.268338,-36.40553,-52.92264
21380.,-2.171423,-2.255707,31.80378,-0.9667218,-2.270844,-36.40769,-52.92468
21390.,-2.173921,-2.258206,31.80209,-0.9692458,-2.273348,-36.40985,-52.92672
21400.,-2.176415,-2.260702,31.8004,-0.9717672,-2.275849,-36.412,-52.92876
21410.,-2.178907,-2.263196,31.79871,-0.974286,-2.278347,-36.41415,-52.9308
21420.,-2.181397,-2.265688,31.79702,-0.9768022,-2.280843,-36.4163,-52.93284
21430.,-2.183884,-2.268176,31.79534,-0.9793159,-2.283337,-36.41845,-52.93487
21440.,-2.186368,-2.270663,31.79366,-0.9818269,-2.285827,-36.42059,-52.9369
21450.,-2.18885,-2.273146,31.79197,-0.9843354,-2.288316,-36.42273,-52.93893
21460.,-2.19133,-2.275627,31.79029,-0.9868412,-2.290801,-36.42487,-52.94096
21470.,-2.193806,-2.278106,31.78862,-0.9893445,-2.293284,-36.42701,-52.94299
21480.,-2.19628,-2.280582,31.78694,-0.9918453,-2.295765,-36.42915,-52.94501
21490.,-2.198752,-2.283055,31.78527,-0.9943434,-2.298243,-36.43128,-52.94703
21500.,-2.201221,-2.285526,31.78359,-0.996839,-2.300718,-36.43341,-52.94905
21510.,-2.203688,-2.287995,31.78192,-0.999332,-2.303191,-36.43554,-52.95107
21520.,-2.206152,-2.29046,31.78025,-1.001822,-2.305662,-36.43767,-52.95308
21530.,-2.208613,-2.292924,31.77859,-1.00431,-2.308129,-36.43979,-52.95509
21540.,-2.211072,-2.295384,31.77692,-1.006796,-2.310595,-36.44191,-52.95711
21550.,-2.213529,-2.297843,31.77526,-1.009278,-2.313057,-36.44403,-52.95911
21560.,-2.215983,-2.300298,31.7736,-1.011759,-2.315518,-36.44615,-52.96112
21570.,-2.218434,-2.302751,31.77193,-1.014236,-2.317975,-36.44827,-52.96313
21580.,-2.220883,-2.305202,31.77028,-1.016711,-2.32043,-36.45038,-52.96513
21590.,-2.223329,-2.30765,31.76862,-1.019184,-2.322883,-36.45249,-52.96713
21600.,-2.225773,-2.310096,31.76696,-1.021654,-2.325333,-36.4546,-52.96913
21610.,-2.228215,-2.312539,31.76531,-1.024122,-2.327781,-36.45671,-52.97112
21620.,-2.230653,-2.314979,31.76366,-1.026587,-2.330226,-36.45882,-52.97312
21630.,-2.23309,-2.317417,31.76201,-1.029049,-2.332668,-36.46092,-52.97511
21640.,-2.235523,-2.319853,31.76036,-1.031509,-2.335108,-36.46302,-52.9771
21650.,-2.237955,-2.322286,31.75871,-1.033966,-2.337546,-36.46512,-52.97909
21660.,-2.240384,-2.324717,31.75707,-1.036421,-2.339981,-36.46721,-52.98108
21670.,-2.24281,-2.327145,31.75543,-1.038873,-2.342413,-36.46931,-52.98306
21680.,-2.245234,-2.32957,31.75378,-1.041323,-2.344843,-36.4714,-52.98504
21690.,-2.247655,-2.331993,31.75214,-1.04377,-2.347271,-36.47349,-52.98702
21700.,-2.250074,-2.334414,31.75051,-1.046215,-2.349696,-36.47558,-52.989
21710.,-2.25249,-2.336832,31.74887,-1.048657,-2.352119,-36.47766,-52.99098
21720.,-2.254904,-2.339247,31.74724,-1.051097,-2.354539,-36.47975,-52.99295
21730.,-2.257315,-2.341661,31.7456,-1.053534,-2.356956,-36.48183,-52.99492
21740.,-2.259724,-2.344071,31.74397,-1.055969,-2.359371,-36.48391,-52.99689
21750.,-2.262131,-2.346479,31.74234,-1.058401,-2.361784,-36.48598,-52.99886
21760.,-2.264535,-2.348885,31.74071,-1.060831,-2.364194,-36.48806,-53.00083
21770.,-2.266936,-2.351288,31.73909,-1.063258,-2.366602,-36.49013,-53.00279
21780.,-2.269335,-2.353689,31.73746,-1.065683,-2.369007,-36.4922,-53.00475
21790.,-2.271732,-2.356087,31.73584,-1.068105,-2.371409,-36.49427,-53.00671
21800.,-2.274126,-2.358483,31.73422,-1.070525,-2.37381,-36.49634,-53.00867
21810.,-2.276517,-2.360876,31.7326,-1.072942,-2.376207,-36.4984,-53.01063
21820.,-2.278906,-2.363267,31.73098,-1.075357,-2.378603,-36.50046,-53.01258
21830.,-2.281293,-2.365656,31.72937,-1.077769,-2.380995,-36.50252,-53.01453
21840.,-2.283677,-2.368042,31.72775,-1.080179,-2.383386,-36.50458,-53.01648
21850.,-2.286059,-2.370425,31.72614,-1.082587,-2.385774,-36.50664,-53.01843
21860.,-2.288439,-2.372806,31.72453,-1.084991,-2.388159,-36.50869,-53.02037
21870.,-2.290815,-2.375185,31.72292,-1.087394,-2.390542,-36.51074,-53.02232
21880.,-2.29319,-2.377561,31.72131,-1.089794,-2.392923,-36.51279,-53.02426
21890.,-2.295562,-2.379935,31.7197,-1.092191,-2.395301,-36.51484,-53.0262
21900.,-2.297931,-2.382306,31.7181,-1.094586,-2.397676,-36.51689,-53.02814
21910.,-2.300299,-2.384675,31.7165,-1.096979,-2.40005,-36.51893,-53.03007
21920.,-2.302663,-2.387041,31.7149,-1.099369,-2.40242,-36.52097,-53.03201
21930.,-2.305026,-2.389405,31.7133,-1.101756,-2.404789,-36.52301,-53.03394
21940.,-2.307385,-2.391767,31.7117,-1.104142,-2.407155,-36.52505,-53.03587
21950.,-2.309743,-2.394126,31.7101,-1.106524,-2.409518,-36.52708,-53.0378
21960.,-2.312098,-2.396483,31.70851,-1.108905,-2.411879,-36.52911,-53.03972
21970.,-2.31445,-2.398837,31.70692,-1.111282,-2.414238,-36.53114,-53.04165
21980.,-2.316801,-2.401189,31.70533,-1.113658,-2.416594,-36.53317,-53.04357
21990.,-2.319148,-2.403538,31.70374,-1.116031,-2.418948,-36.5352,-53.04549
22000.,-2.321494,-2.405885,31.70215,-1.118401,-2.421299,-36.53722,-53.04741
22010.,-2.323837,-2.40823,31.70056,-1.120769,-2.423648,-36.53925,-53.04932
22020.,-2.326177,-2.410572,31.69898,-1.123135,-2.425995,-36.54127,-53.05124
22030.,-2.328515,-2.412912,31.6974,-1.125498,-2.428339,-36.54328,-53.05315
22040.,-2.330851,-2.415249,31.69581,-1.127859,-2.43068,-36.5453,-53.05506
22050.,-2.333184,-2.417584,31.69423,-1.130217,-2.43302,-36.54731,-53.05697
22060.,-2.335515,-2.419917,31.69266,-1.132573,-2.435357,-36.54933,-53.05887
22070.,-2.337844,-2.422247,31.69108,-1.134927,-2.437691,-36.55134,-53.06078
22080.,-2.34017,-2.424575,31.68951,-1.137278,-2.440023,-36.55334,-53.06268
22090.,-2.342494,-2.4269,31.68793,-1.139626,-2.442353,-36.55535,-53.06458
22100.,-2.344815,-2.429223,31.68636,-1.141973,-2.44468,-36.55735,-53.06648
22110.,-2.347134,-2.431544,31.68479,-1.144317,-2.447005,-36.55935,-53.06837
22120.,-2.349451,-2.433862,31.68322,-1.146658,-2.449328,-36.56135,-53.07027
22130.,-2.351765,-2.436178,31.68166,-1.148997,-2.451648,-36.56335,-53.07216
22140.,-2.354077,-2.438492,31.68009,-1.151334,-2.453966,-36.56535,-53.07405
22150.,-2.356386,-2.440803,31.67853,-1.153668,-2.456281,-36.56734,-53.07594
22160.,-2.358693,-2.443111,31.67697,-1.156,-2.458594,-36.56933,-53.07783
22170.,-2.360998,-2.445418,31.67541,-1.158329,-2.460905,-36.57132,-53.07971
22180.,-2.3633,-2.447722,31.67385,-1.160656,-2.463213,-36.57331,-53.0816
22190.,-2.3656,-2.450023,31.67229,-1.162981,-2.465519,-36.57529,-53.08348
22200.,-2.367898,-2.452323,31.67074,-1.165303,-2.467822,-36.57728,-53.08536
22210.,-2.370193,-2.45462,31.66919,-1.167623,-2.470123,-36.57926,-53.08723
22220.,-2.372486,-2.456914,31.66763,-1.169941,-2.472422,-36.58124,-53.08911
22230.,-2.374776,-2.459206,31.66608,-1.172256,-2.474719,-36.58321,-53.09098
22240.,-2.377065,-2.461496,31.66453,-1.174569,-2.477013,-36.58519,-53.09285
22250.,-2.379351,-2.463784,31.66299,-1.176879,-2.479304,-36.58716,-53.09472
22260.,-2.381634,-2.466069,31.66144,-1.179187,-2.481594,-36.58913,-53.09659
22270.,-2.383915,-2.468352,31.6599,-1.181493,-2.483881,-36.5911,-53.09845
22280.,-2.386194,-2.470632,31.65836,-1.183796,-2.486166,-36.59307,-53.10032
22290.,-2.38847,-2.47291,31.65682,-1.186097,-2.488448,-36.59503,-53.10218
22300.,-2.390745,-2.475186,31.65528,-1.188395,-2.490728,-36.597,-53.10404
22310.,-2.393016,-2.477459,31.65374,-1.190692,-2.493005,-36.59896,-53.1059
22320.,-2.395286,-2.479731,31.6522,-1.192985,-2.495281,-36.60091,-53.10775
22330.,-2.397553,-2.481999,31.65067,-1.195277,-2.497554,-36.60287,-53.10961
22340.,-2.399818,-2.484266,31.64914,-1.197566,-2.499824,-36.60483,-53.11146
22350.,-2.40208,-2.48653,31.64761,-1.199853,-2.502093,-36.60678,-53.11331
22360.,-2.40434,-2.488792,31.64608,-1.202137,-2.504359,-36.60873,-53.11516
22370.,-2.406598,-2.491051,31.64455,-1.204419,-2.506622,-36.61068,-53.117
22380.,-2.408854,-2.493308,31.64302,-1.206699,-2.508884,-36.61263,-53.11885
22390.,-2.411107,-2.495563,31.6415,-1.208977,-2.511143,-36.61457,-53.12069
22400.,-2.413358,-2.497816,31.63997,-1.211252,-2.513399,-36.61651,-53.12253
22410.,-2.415607,-2.500066,31.63845,-1.213524,-2.515654,-36.61845,-53.12437
22420.,-2.417853,-2.502314,31.63693,-1.215795,-2.517906,-36.62039,-53.12621
22430.,-2.420097,-2.504559,31.63542,-1.218063,-2.520155,-36.62233,-53.12804
22440.,-2.422338,-2.506803,31.6339,-1.220329,-2.522403,-36.62426,-53.12988
22450.,-2.424578,-2.509044,31.63238,-1.222592,-2.524648,-36.6262,-53.13171
22460.,-2.426815,-2.511282,31.63087,-1.224853,-2.526891,-36.62813,-53.13354
22470.,-2.42905,-2.513519,31.62936,-1.227112,-2.529131,-36.63006,-53.13536
22480.,-2.431282,-2.515753,31.62785,-1.229368,-2.53137,-36.63198,-53.13719
22490.,-2.433512,-2.517985,31.62634,-1.231622,-2.533605,-36.63391,-53.13901
22500.,-2.43574,-2.520214,31.62483,-1.233874,-2.535839,-36.63583,-53.14084
22510.,-2.437966,-2.522441,31.62333,-1.236124,-2.53807,-36.63775,-53.14266
22520.,-2.440189,-2.524666,31.62182,-1.238371,-2.540299,-36.63967,-53.14447
22530.,-2.44241,-2.526889,31.62032,-1.240616,-2.542526,-36.64159,-53.14629
22540.,-2.444629,-2.529109,31.61882,-1.242858,-2.544751,-36.6435,-53.14811
22550.,-2.446845,-2.531327,31.61732,-1.245099,-2.546973,-36.64542,-53.14992
22560.,-2.44906,-2.533543,31.61582,-1.247337,-2.549193,-36.64733,-53.15173
22570.,-2.451272,-2.535757,31.61432,-1.249572,-2.55141,-36.64924,-53.15354
22580.,-2.453481,-2.537968,31.61283,-1.251806,-2.553626,-36.65114,-53.15534
22590.,-2.455689,-2.540177,31.61134,-1.254037,-2.555839,-36.65305,-53.15715
22600.,-2.457894,-2.542384,31.60984,-1.256266,-2.55805,-36.65495,-53.15895
22610.,-2.460097,-2.544588,31.60835,-1.258492,-2.560258,-36.65685,-53.16075
22620.,-2.462297,-2.54679,31.60686,-1.260717,-2.562464,-36.65875,-53.16255
22630.,-2.464496,-2.54899,31.60538,-1.262939,-2.564668,-36.66065,-53.16435
22640.,-2.466692,-2.551188,31.60389,-1.265158,-2.56687,-36.66255,-53.16615
22650.,-2.468886,-2.553383,31.60241,-1.267376,-2.56907,-36.66444,-53.16794
22660.,-2.471077,-2.555577,31.60093,-1.269591,-2.571267,-36.66633,-53.16973
22670.,-2.473267,-2.557768,31.59944,-1.271804,-2.573462,-36.66822,-53.17153
22680.,-2.475454,-2.559956,31.59797,-1.274014,-2.575655,-36.67011,-53.17331
22690.,-2.477639,-2.562143,31.59649,-1.276223,-2.577845,-36.67199,-53.1751
22700.,-2.479821,-2.564327,31.59501,-1.278429,-2.580033,-36.67388,-53.17689
22710.,-2.482002,-2.566509,31.59354,-1.280633,-2.582219,-36.67576,-53.17867
22720.,-2.48418,-2.568689,31.59206,-1.282834,-2.584403,-36.67764,-53.18045
22730.,-2.486356,-2.570866,31.59059,-1.285033,-2.586585,-36.67952,-53.18223
22740.,-2.488529,-2.573041,31.58912,-1.28723,-2.588764,-36.68139,-53.18401
22750.,-2.490701,-2.575214,31.58765,-1.289425,-2.590941,-36.68327,-53.18578
22760.,-2.49287,-2.577385,31.58619,-1.291618,-2.593116,-36.68514,-53.18756
22770.,-2.495037,-2.579554,31.58472,-1.293808,-2.595288,-36.68701,-53.18933
22780.,-2.497202,-2.58172,31.58326,-1.295996,-2.597459,-36.68888,-53.1911
22790.,-2.499364,-2.583884,31.58179,-1.298182,-2.599627,-36.69075,-53.19287
22800.,-2.501525,-2.586046,31.58033,-1.300365,-2.601793,-36.69261,-53.19463
22810.,-2.503683,-2.588206,31.57887,-1.302547,-2.603956,-36.69447,-53.1964
22820.,-2.505839,-2.590363,31.57741,-1.304726,-2.606118,-36.69633,-53.19816
22830.,-2.507992,-2.592518,31.57596,-1.306903,-2.608277,-36.69819,-53.19992
22840.,-2.510144,-2.594671,31.5745,-1.309077,-2.610434,-36.70005,-53.20168
22850.,-2.512293,-2.596822,31.57305,-1.31125,-2.612589,-36.70191,-53.20344
22860.,-2.51444,-2.598971,31.5716,-1.31342,-2.614742,-36.70376,-53.2052
22870.,-2.516585,-2.601117,31.57015,-1.315588,-2.616892,-36.70561,-53.20695
22880.,-2.518728,-2.603262,31.5687,-1.317753,-2.61904,-36.70746,-53.2087
22890.,-2.520868,-2.605404,31.56725,-1.319917,-2.621186,-36.70931,-53.21045
22900.,-2.523006,-2.607543,31.5658,-1.322078,-2.62333,-36.71115,-53.2122
22910.,-2.525143,-2.609681,31.56436,-1.324237,-2.625471,-36.713,-53.21395
22920.,-2.527276,-2.611817,31.56292,-1.326394,-2.627611,-36.71484,-53.21569
22930.,-2.529408,-2.61395,31.56147,-1.328549,-2.629748,-36.71668,-53.21744
22940.,-2.531538,-2.616081,31.56003,-1.330701,-2.631883,-36.71852,-53.21918
22950.,-2.533665,-2.61821,31.5586,-1.332851,-2.634016,-36.72035,-53.22092
22960.,-2.53579,-2.620336,31.55716,-1.334999,-2.636147,-36.72219,-53.22266
22970.,-2.537913,-2.622461,31.55572,-1.337145,-2.638275,-36.72402,-53.22439
22980.,-2.540034,-2.624583,31.55429,-1.339289,-2.640401,-36.72585,-53.22613
22990.,-2.542153,-2.626703,31.55286,-1.34143,-2.642525,-36.72768,-53.22786
23000.,-2.544269,-2.628821,31.55143,-1.343569,-2.644647,-36.7295,-53.22959
23010.,-2.546383,-2.630937,31.55,-1.345706,-2.646767,-36.73133,-53.23132
23020.,-2.548495,-2.633051,31.54857,-1.347841,-2.648885,-36.73315,-53.23305
23030.,-2.550605,-2.635162,31.54714,-1.349974,-2.651,-36.73497,-53.23477
23040.,-2.552713,-2.637272,31.54572,-1.352104,-2.653113,-36.73679,-53.2365
23050.,-2.554819,-2.639379,31.54429,-1.354233,-2.655224,-36.73861,-53.23822
23060.,-2.556922,-2.641484,31.54287,-1.356359,-2.657333,-36.74042,-53.23994
23070.,-2.559024,-2.643587,31.54145,-1.358483,-2.65944,-36.74224,-53.24166
23080.,-2.561123,-2.645687,31.54003,-1.360604,-2.661544,-36.74405,-53.24337
23090.,-2.56322,-2.647786,31.53861,-1.362724,-2.663647,-36.74586,-53.24509
23100.,-2.565315,-2.649882,31.5372,-1.364841,-2.665747,-36.74767,-53.2468
23110.,-2.567407,-2.651976,31.53578,-1.366957,-2.667845,-36.74947,-53.24851
23120.,-2.569498,-2.654069,31.53437,-1.36907,-2.669941,-36.75128,-53.25022
23130.,-2.571586,-2.656159,31.53296,-1.371181,-2.672035,-36.75308,-53.25193
23140.,-2.573673,-2.658246,31.53155,-1.373289,-2.674127,-36.75488,-53.25364
23150.,-2.575757,-2.660332,31.53014,-1.375396,-2.676216,-36.75668,-53.25534
23160.,-2.577839,-2.662415,31.52873,-1.3775,-2.678303,-36.75848,-53.25704
23170.,-2.579919,-2.664497,31.52732,-1.379602,-2.680389,-36.76027,-53.25875
23180.,-2.581996,-2.666576,31.52592,-1.381703,-2.682472,-36.76207,-53.26045
23190.,-2.584072,-2.668653,31.52451,-1.3838,-2.684553,-36.76386,-53.26214
23200.,-2.586145,-2.670728,31.52311,-1.385896,-2.686632,-36.76565,-53.26384
23210.,-2.588217,-2.672801,31.52171,-1.38799,-2.688708,-36.76743,-53.26553
23220.,-2.590286,-2.674872,31.52031,-1.390081,-2.690783,-36.76922,-53.26722
23230.,-2.592353,-2.67694,31.51892,-1.392171,-2.692855,-36.771,-53.26892
23240.,-2.594418,-2.679007,31.51752,-1.394258,-2.694926,-36.77279,-53.2706
23250.,-2.596481,-2.681071,31.51613,-1.396343,-2.696994,-36.77457,-53.27229
23260.,-2.598542,-2.683134,31.51473,-1.398426,-2.69906,-36.77635,-53.27398
23270.,-2.600601,-2.685194,31.51334,-1.400507,-2.701124,-36.77812,-53.27566
23280.,-2.602657,-2.687252,31.51195,-1.402586,-2.703186,-36.7799,-53.27734
23290.,-2.604711,-2.689308,31.51056,-1.404662,-2.705246,-36.78167,-53.27902
23300.,-2.606764,-2.691362,31.50918,-1.406736,-2.707303,-36.78344,-53.2807
23310.,-2.608814,-2.693413,31.50779,-1.408809,-2.709359,-36.78521,-53.28238
23320.,-2.610862,-2.695463,31.5064,-1.410879,-2.711412,-36.78698,-53.28405
23330.,-2.612908,-2.69751,31.50502,-1.412947,-2.713463,-36.78875,-53.28573
23340.,-2.614952,-2.699556,31.50364,-1.415013,-2.715513,-36.79051,-53.2874
23350.,-2.616994,-2.701599,31.50226,-1.417077,-2.71756,-36.79227,-53.28907
23360.,-2.619034,-2.70364,31.50088,-1.419138,-2.719605,-36.79403,-53.29073
23370.,-2.621071,-2.70568,31.4995,-1.421198,-2.721648,-36.79579,-53.2924
23380.,-2.623107,-2.707717,31.49813,-1.423256,-2.723689,-36.79755,-53.29407
23390.,-2.625141,-2.709752,31.49675,-1.425311,-2.725727,-36.7993,-53.29573
23400.,-2.627172,-2.711784,31.49538,-1.427364,-2.727764,-36.80106,-53.29739
23410.,-2.629201,-2.713815,31.49401,-1.429415,-2.729798,-36.80281,-53.29905
23420.,-2.631229,-2.715844,31.49264,-1.431464,-2.731831,-36.80456,-53.30071
23430.,-2.633254,-2.717871,31.49127,-1.433511,-2.733861,-36.80631,-53.30236
23440.,-2.635277,-2.719895,31.4899,-1.435556,-2.73589,-36.80805,-53.30402
23450.,-2.637298,-2.721918,31.48854,-1.437599,-2.737916,-36.8098,-53.30567
23460.,-2.639317,-2.723938,31.48717,-1.43964,-2.73994,-36.81154,-53.30732
23470.,-2.641334,-2.725956,31.48581,-1.441678,-2.741962,-36.81328,-53.30897
23480.,-2.643348,-2.727973,31.48445,-1.443715,-2.743982,-36.81502,-53.31062
23490.,-2.645361,-2.729987,31.48309,-1.445749,-2.746,-36.81675,-53.31227
23500.,-2.647372,-2.731999,31.48173,-1.447782,-2.748016,-36.81849,-53.31391
23510.,-2.649381,-2.734009,31.48037,-1.449812,-2.75003,-36.82022,-53.31555
23520.,-2.651387,-2.736017,31.47902,-1.45184,-2.752042,-36.82196,-53.31719
23530.,-2.653392,-2.738023,31.47766,-1.453866,-2.754051,-36.82369,-53.31883
23540.,-2.655394,-2.740027,31.47631,-1.45589,-2.756059,-36.82541,-53.32047
23550.,-2.657395,-2.742029,31.47496,-1.457912,-2.758065,-36.82714,-53.32211
23560.,-2.659393,-2.744029,31.47361,-1.459932,-2.760068,-36.82887,-53.32374
23570.,-2.661389,-2.746027,31.47226,-1.46195,-2.76207,-36.83059,-53.32537
23580.,-2.663384,-2.748022,31.47091,-1.463966,-2.764069,-36.83231,-53.327
23590.,-2.665376,-2.750016,31.46956,-1.465979,-2.766066,-36.83403,-53.32863
23600.,-2.667366,-2.752008,31.46822,-1.467991,-2.768062,-36.83575,-53.33026
23610.,-2.669354,-2.753997,31.46687,-1.47,-2.770055,-36.83746,-53.33189
23620.,-2.67134,-2.755985,31.46553,-1.472008,-2.772046,-36.83918,-53.33351
23630.,-2.673324,-2.75797,31.46419,-1.474013,-2.774036,-36.84089,-53.33513
23640.,-2.675306,-2.759954,31.46285,-1.476017,-2.776023,-36.8426,-53.33676
23650.,-2.677286,-2.761935,31.46151,-1.478018,-2.778008,-36.84431,-53.33837
23660.,-2.679265,-2.763915,31.46018,-1.480017,-2.779991,-36.84602,-53.33999
23670.,-2.68124,-2.765892,31.45884,-1.482015,-2.781972,-36.84772,-53.34161
23680.,-2.683214,-2.767868,31.45751,-1.48401,-2.783951,-36.84943,-53.34322
23690.,-2.685186,-2.769841,31.45618,-1.486003,-2.785928,-36.85113,-53.34484
23700.,-2.687156,-2.771812,31.45484,-1.487994,-2.787903,-36.85283,-53.34645
23710.,-2.689124,-2.773782,31.45352,-1.489983,-2.789876,-36.85453,-53.34806
23720.,-2.69109,-2.775749,31.45219,-1.49197,-2.791847,-36.85622,-53.34966
23730.,-2.693054,-2.777714,31.45086,-1.493955,-2.793816,-36.85792,-53.35127
23740.,-2.695016,-2.779678,31.44953,-1.495938,-2.795783,-36.85961,-53.35287
23750.,-2.696976,-2.781639,31.44821,-1.497919,-2.797748,-36.8613,-53.35448
23760.,-2.698934,-2.783598,31.44689,-1.499898,-2.799711,-36.86299,-53.35608
23770.,-2.700889,-2.785555,31.44557,-1.501875,-2.801672,-36.86468,-53.35768
23780.,-2.702843,-2.787511,31.44425,-1.50385,-2.803631,-36.86637,-53.35928
23790.,-2.704795,-2.789464,31.44293,-1.505823,-2.805587,-36.86805,-53.36087
23800.,-2.706745,-2.791415,31.44161,-1.507794,-2.807542,-36.86973,-53.36247
23810.,-2.708693,-2.793364,31.44029,-1.509763,-2.809495,-36.87141,-53.36406
23820.,-2.710639,-2.795312,31.43898,-1.511729,-2.811446,-36.87309,-53.36565
23830.,-2.712582,-2.797257,31.43767,-1.513694,-2.813395,-36.87477,-53.36724
23840.,-2.714524,-2.7992,31.43635,-1.515657,-2.815342,-36.87645,-53.36883
23850.,-2.716464,-2.801142,31.43504,-1.517618,-2.817287,-36.87812,-53.37042
23860.,-2.718402,-2.803081,31.43373,-1.519577,-2.81923,-36.87979,-53.372
23870.,-2.720338,-2.805018,31.43243,-1.521533,-2.821171,-36.88147,-53.37358
23880.,-2.722272,-2.806954,31.43112,-1.523488,-2.82311,-36.88313,-53.37516
23890.,-2.724204,-2.808887,31.42982,-1.525441,-2.825047,-36.8848,-53.37674
23900.,-2.726134,-2.810818,31.42851,-1.527392,-2.826982,-36.88647,-53.37832
23910.,-2.728062,-2.812748,31.42721,-1.52934,-2.828914,-36.88813,-53.3799
23920.,-2.729988,-2.814675,31.42591,-1.531287,-2.830846,-36.88979,-53.38148
23930.,-2.731912,-2.816601,31.42461,-1.533232,-2.832775,-36.89145,-53.38305
23940.,-2.733834,-2.818524,31.42331,-1.535175,-2.834702,-36.89311,-53.38462
23950.,-2.735754,-2.820446,31.42201,-1.537116,-2.836627,-36.89477,-53.38619
23960.,-2.737672,-2.822365,31.42072,-1.539054,-2.83855,-36.89643,-53.38776
23970.,-2.739589,-2.824283,31.41942,-1.540991,-2.840471,-36.89808,-53.38933
23980.,-2.741503,-2.826198,31.41813,-1.542926,-2.84239,-36.89973,-53.39089
23990.,-2.743415,-2.828112,31.41684,-1.544859,-2.844307,-36.90138,-53.39246
24000.,-2.745325,-2.830024,31.41555,-1.54679,-2.846223,-36.90303,-53.39402
24010.,-2.747234,-2.831934,31.41426,-1.548719,-2.848136,-36.90468,-53.39558
24020.,-2.74914,-2.833841,31.41297,-1.550646,-2.850047,-36.90632,-53.39714
24030.,-2.751045,-2.835747,31.41168,-1.552571,-2.851957,-36.90797,-53.3987
24040.,-2.752947,-2.837651,31.4104,-1.554494,-2.853864,-36.90961,-53.40025
24050.,-2.754848,-2.839553,31.40912,-1.556415,-2.85577,-36.91125,-53.40181
24060.,-2.756746,-2.841453,31.40783,-1.558334,-2.857673,-36.91289,-53.40336
24070.,-2.758643,-2.843351,31.40655,-1.560251,-2.859575,-36.91453,-53.40491
24080.,-2.760538,-2.845247,31.40527,-1.562166,-2.861474,-36.91616,-53.40646
24090.,-2.762431,-2.847141,31.40399,-1.564079,-2.863372,-36.91779,-53.40801
24100.,-2.764321,-2.849034,31.40272,-1.565991,-2.865268,-36.91943,-53.40955
24110.,-2.76621,-2.850924,31.40144,-1.5679,-2.867162,-36.92106,-53.4111
24120.,-2.768097,-2.852812,31.40017,-1.569807,-2.869054,-36.92268,-53.41264
24130.,-2.769983,-2.854699,31.39889,-1.571713,-2.870943,-36.92431,-53.41418
24140.,-2.771866,-2.856583,31.39762,-1.573616,-2.872831,-36.92594,-53.41572
24150.,-2.773747,-2.858466,31.39635,-1.575518,-2.874718,-36.92756,-53.41726
24160.,-2.775626,-2.860347,31.39508,-1.577417,-2.876602,-36.92918,-53.4188
24170.,-2.777504,-2.862225,31.39381,-1.579315,-2.878484,-36.9308,-53.42033
24180.,-2.779379,-2.864102,31.39255,-1.58121,-2.880364,-36.93242,-53.42187
24190.,-2.781253,-2.865977,31.39128,-1.583104,-2.882243,-36.93404,-53.4234
24200.,-2.783124,-2.86785,31.39002,-1.584996,-2.884119,-36.93565,-53.42493
24210.,-2.784994,-2.869721,31.38876,-1.586886,-2.885994,-36.93727,-53.42646
24220.,-2.786862,-2.87159,31.38749,-1.588774,-2.887866,-36.93888,-53.42799
24230.,-2.788727,-2.873457,31.38623,-1.59066,-2.889737,-36.94049,-53.42951
24240.,-2.790591,-2.875323,31.38498,-1.592544,-2.891606,-36.9421,-53.43104
24250.,-2.792454,-2.877186,31.38372,-1.594426,-2.893473,-36.94371,-53.43256
24260.,-2.794314,-2.879048,31.38246,-1.596306,-2.895338,-36.94531,-53.43408
24270.,-2.796172,-2.880907,31.38121,-1.598184,-2.897201,-36.94691,-53.4356
24280.,-2.798028,-2.882765,31.37995,-1.600061,-2.899062,-36.94852,-53.43712
24290.,-2.799883,-2.884621,31.3787,-1.601935,-2.900921,-36.95012,-53.43864
24300.,-2.801735,-2.886475,31.37745,-1.603808,-2.902778,-36.95172,-53.44015
24310.,-2.803586,-2.888327,31.3762,-1.605678,-2.904634,-36.95331,-53.44167
24320.,-2.805435,-2.890177,31.37495,-1.607547,-2.906487,-36.95491,-53.44318
24330.,-2.807282,-2.892025,31.37371,-1.609414,-2.908339,-36.9565,-53.44469
24340.,-2.809127,-2.893871,31.37246,-1.611279,-2.910189,-36.9581,-53.4462
24350.,-2.81097,-2.895716,31.37122,-1.613142,-2.912037,-36.95969,-53.4477
24360.,-2.812811,-2.897558,31.36997,-1.615003,-2.913883,-36.96128,-53.44921
24370.,-2.81465,-2.899399,31.36873,-1.616862,-2.915727,-36.96286,-53.45071
24380.,-2.816488,-2.901238,31.36749,-1.618719,-2.917569,-36.96445,-53.45222
24390.,-2.818323,-2.903075,31.36625,-1.620574,-2.919409,-36.96603,-53.45372
24400.,-2.820157,-2.90491,31.36501,-1.622428,-2.921248,-36.96762,-53.45522
24410.,-2.821989,-2.906743,31.36378,-1.62428,-2.923084,-36.9692,-53.45672
24420.,-2.823819,-2.908574,31.36254,-1.626129,-2.924919,-36.97078,-53.45821
24430.,-2.825647,-2.910404,31.36131,-1.627977,-2.926752,-36.97235,-53.45971
24440.,-2.827473,-2.912231,31.36007,-1.629823,-2.928583,-36.97393,-53.4612
24450.,-2.829298,-2.914057,31.35884,-1.631667,-2.930412,-36.9755,-53.46269
24460.,-2.83112,-2.915881,31.35761,-1.633509,-2.932239,-36.97708,-53.46418
24470.,-2.832941,-2.917703,31.35638,-1.635349,-2.934065,-36.97865,-53.46567
24480.,-2.834759,-2.919523,31.35515,-1.637188,-2.935888,-36.98022,-53.46716
24490.,-2.836576,-2.921341,31.35393,-1.639024,-2.93771,-36.98179,-53.46865
24500.,-2.838391,-2.923157,31.3527,-1.640859,-2.939529,-36.98335,-53.47013
24510.,-2.840205,-2.924972,31.35148,-1.642692,-2.941347,-36.98492,-53.47161
24520.,-2.842016,-2.926785,31.35025,-1.644522,-2.943163,-36.98648,-53.47309
24530.,-2.843825,-2.928595,31.34903,-1.646351,-2.944977,-36.98804,-53.47457
24540.,-2.845633,-2.930404,31.34781,-1.648179,-2.94679,-36.9896,-53.47605
24550.,-2.847439,-2.932212,31.34659,-1.650004,-2.9486,-36.99116,-53.47753
24560.,-2.849243,-2.934017,31.34537,-1.651827,-2.950409,-36.99272,-53.479
24570.,-2.851045,-2.93582,31.34416,-1.653649,-2.952216,-36.99427,-53.48048
24580.,-2.852845,-2.937622,31.34294,-1.655468,-2.954021,-36.99583,-53.48195
24590.,-2.854643,-2.939421,31.34173,-1.657286,-2.955824,-36.99738,-53.48342
24600.,-2.85644,-2.941219,31.34052,-1.659102,-2.957625,-36.99893,-53.48489
24610.,-2.858235,-2.943015,31.3393,-1.660916,-2.959424,-37.00048,-53.48636
24620.,-2.860028,-2.94481,31.33809,-1.662728,-2.961222,-37.00203,-53.48783
24630.,-2.861819,-2.946602,31.33689,-1.664539,-2.963018,-37.00357,-53.48929
24640.,-2.863608,-2.948393,31.33568,-1.666347,-2.964811,-37.00512,-53.49075
24650.,-2.865395,-2.950181,31.33447,-1.668154,-2.966603,-37.00666,-53.49221
24660.,-2.867181,-2.951968,31.33327,-1.669959,-2.968394,-37.0082,-53.49368
24670.,-2.868965,-2.953753,31.33206,-1.671762,-2.970182,-37.00974,-53.49513
24680.,-2.870747,-2.955537,31.33086,-1.673563,-2.971969,-37.01128,-53.49659
24690.,-2.872527,-2.957318,31.32966,-1.675362,-2.973753,-37.01281,-53.49805
24700.,-2.874305,-2.959098,31.32846,-1.67716,-2.975536,-37.01435,-53.4995
24710.,-2.876082,-2.960875,31.32726,-1.678956,-2.977317,-37.01588,-53.50095
24720.,-2.877856,-2.962651,31.32606,-1.680749,-2.979097,-37.01741,-53.50241
24730.,-2.879629,-2.964425,31.32486,-1.682541,-2.980874,-37.01894,-53.50386
24740.,-2.8814,-2.966198,31.32367,-1.684332,-2.98265,-37.02047,-53.5053
24750.,-2.883169,-2.967968,31.32247,-1.68612,-2.984424,-37.022,-53.50675
24760.,-2.884937,-2.969737,31.32128,-1.687906,-2.986196,-37.02352,-53.5082
24770.,-2.886702,-2.971504,31.32009,-1.689691,-2.987966,-37.02505,-53.50964
24780.,-2.888466,-2.973269,31.3189,-1.691474,-2.989734,-37.02657,-53.51108
24790.,-2.890228,-2.975032,31.31771,-1.693255,-2.991501,-37.02809,-53.51252
24800.,-2.891989,-2.976794,31.31652,-1.695034,-2.993265,-37.02961,-53.51396
24810.,-2.893747,-2.978554,31.31533,-1.696811,-2.995028,-37.03113,-53.5154
24820.,-2.895504,-2.980311,31.31415,-1.698587,-2.99679,-37.03264,-53.51684
24830.,-2.897258,-2.982068,31.31296,-1.700361,-2.998549,-37.03416,-53.51827
24840.,-2.899011,-2.983822,31.31178,-1.702133,-3.000307,-37.03567,-53.51971
24850.,-2.900763,-2.985574,31.3106,-1.703903,-3.002062,-37.03718,-53.52114
24860.,-2.902512,-2.987325,31.30942,-1.705671,-3.003816,-37.03869,-53.52257
24870.,-2.90426,-2.989074,31.30824,-1.707438,-3.005569,-37.0402,-53.524
24880.,-2.906006,-2.990821,31.30706,-1.709202,-3.007319,-37.04171,-53.52543
24890.,-2.90775,-2.992567,31.30588,-1.710965,-3.009068,-37.04321,-53.52685
24900.,-2.909492,-2.99431,31.30471,-1.712726,-3.010814,-37.04472,-53.52828
24910.,-2.911233,-2.996052,31.30353,-1.714486,-3.012559,-37.04622,-53.5297
24920.,-2.912971,-2.997792,31.30236,-1.716243,-3.014303,-37.04772,-53.53112
24930.,-2.914708,-2.99953,31.30119,-1.717999,-3.016044,-37.04922,-53.53254
24940.,-2.916444,-3.001267,31.30002,-1.719753,-3.017784,-37.05071,-53.53396
24950.,-2.918177,-3.003001,31.29885,-1.721505,-3.019522,-37.05221,-53.53538
24960.,-2.919909,-3.004734,31.29768,-1.723255,-3.021258,-37.05371,-53.5368
24970.,-2.921639,-3.006465,31.29651,-1.725004,-3.022992,-37.0552,-53.53821
24980.,-2.923367,-3.008195,31.29534,-1.726751,-3.024725,-37.05669,-53.53963
24990.,-2.925093,-3.009922,31.29418,-1.728496,-3.026456,-37.05818,-53.54104
25000.,-2.926818,-3.011648,31.29302,-1.730239,-3.028185,-37.05967,-53.54245
25010.,-2.92854,-3.013372,31.29185,-1.73198,-3.029912,-37.06115,-53.54386
25020.,-2.930262,-3.015095,31.29069,-1.73372,-3.031638,-37.06264,-53.54526
25030.,-2.931981,-3.016815,31.28953,-1.735458,-3.033362,-37.06412,-53.54667
25040.,-2.933698,-3.018534,31.28837,-1.737194,-3.035084,-37.06561,-53.54808
25050.,-2.935414,-3.020251,31.28721,-1.738928,-3.036804,-37.06709,-53.54948
25060.,-2.937128,-3.021967,31.28606,-1.740661,-3.038522,-37.06857,-53.55088
25070.,-2.938841,-3.02368,31.2849,-1.742392,-3.040239,-37.07004,-53.55228
25080.,-2.940551,-3.025392,31.28375,-1.744121,-3.041954,-37.07152,-53.55368
25090.,-2.94226,-3.027102,31.2826,-1.745848,-3.043667,-37.073,-53.55508
25100.,-2.943967,-3.02881,31.28144,-1.747573,-3.045379,-37.07447,-53.55647
25110.,-2.945672,-3.030517,31.28029,-1.749297,-3.047089,-37.07594,-53.55787
25120.,-2.947376,-3.032222,31.27914,-1.751019,-3.048797,-37.07741,-53.55926
25130.,-2.949078,-3.033925,31.27799,-1.752739,-3.050503,-37.07888,-53.56065
25140.,-2.950778,-3.035626,31.27685,-1.754458,-3.052207,-37.08035,-53.56204
25150.,-2.952476,-3.037326,31.2757,-1.756175,-3.05391,-37.08181,-53.56343
25160.,-2.954173,-3.039024,31.27456,-1.75789,-3.055611,-37.08328,-53.56482
25170.,-2.955868,-3.04072,31.27341,-1.759603,-3.057311,-37.08474,-53.56621
25180.,-2.957561,-3.042414,31.27227,-1.761314,-3.059008,-37.0862,-53.56759
25190.,-2.959252,-3.044107,31.27113,-1.763024,-3.060704,-37.08766,-53.56897
25200.,-2.960942,-3.045798,31.26999,-1.764732,-3.062398,-37.08912,-53.57036
25210.,-2.96263,-3.047487,31.26885,-1.766438,-3.06409,-37.09058,-53.57174
25220.,-2.964316,-3.049175,31.26771,-1.768142,-3.065781,-37.09203,-53.57312
25230.,-2.966001,-3.05086,31.26658,-1.769845,-3.06747,-37.09348,-53.57449
25240.,-2.967684,-3.052544,31.26544,-1.771546,-3.069157,-37.09494,-53.57587
25250.,-2.969365,-3.054227,31.26431,-1.773245,-3.070843,-37.09639,-53.57725
25260.,-2.971044,-3.055907,31.26317,-1.774943,-3.072526,-37.09784,-53.57862
25270.,-2.972722,-3.057586,31.26204,-1.776639,-3.074208,-37.09928,-53.57999
25280.,-2.974398,-3.059263,31.26091,-1.778333,-3.075889,-37.10073,-53.58136
25290.,-2.976072,-3.060939,31.25978,-1.780025,-3.077567,-37.10218,-53.58273
25300.,-2.977745,-3.062613,31.25865,-1.781716,-3.079244,-37.10362,-53.5841
25310.,-2.979416,-3.064285,31.25753,-1.783405,-3.080919,-37.10506,-53.58546
25320.,-2.981085,-3.065955,31.2564,-1.785092,-3.082593,-37.1065,-53.58683
25330.,-2.982752,-3.067624,31.25528,-1.786777,-3.084265,-37.10794,-53.58819
25340.,-2.984418,-3.069291,31.25415,-1.788461,-3.085935,-37.10938,-53.58956
25350.,-2.986082,-3.070956,31.25303,-1.790143,-3.087603,-37.11081,-53.59092
25360.,-2.987744,-3.072619,31.25191,-1.791823,-3.08927,-37.11225,-53.59228
25370.,-2.989405,-3.074281,31.25079,-1.793502,-3.090935,-37.11368,-53.59363
25380.,-2.991064,-3.075941,31.24967,-1.795179,-3.092598,-37.11511,-53.59499
25390.,-2.992721,-3.0776,31.24855,-1.796854,-3.094259,-37.11654,-53.59635
25400.,-2.994377,-3.079257,31.24743,-1.798527,-3.095919,-37.11797,-53.5977
25410.,-2.99603,-3.080912,31.24632,-1.800199,-3.097577,-37.1194,-53.59905
25420.,-2.997683,-3.082565,31.2452,-1.801869,-3.099234,-37.12083,-53.6004
25430.,-2.999333,-3.084217,31.24409,-1.803537,-3.100889,-37.12225,-53.60175
25440.,-3.000982,-3.085867,31.24298,-1.805204,-3.102542,-37.12367,-53.6031
25450.,-3.002629,-3.087515,31.24187,-1.806869,-3.104193,-37.1251,-53.60445
25460.,-3.004274,-3.089162,31.24076,-1.808532,-3.105843,-37.12652,-53.6058
25470.,-3.005918,-3.090807,31.23965,-1.810194,-3.107491,-37.12793,-53.60714
25480.,-3.00756,-3.09245,31.23854,-1.811853,-3.109137,-37.12935,-53.60848
25490.,-3.009201,-3.094092,31.23743,-1.813511,-3.110782,-37.13077,-53.60982
25500.,-3.010839,-3.095732,31.23633,-1.815168,-3.112425,-37.13218,-53.61116
25510.,-3.012477,-3.09737,31.23522,-1.816823,-3.114066,-37.13359,-53.6125
25520.,-3.014112,-3.099006,31.23412,-1.818476,-3.115706,-37.13501,-53.61384
25530.,-3.015746,-3.100641,31.23302,-1.820127,-3.117344,-37.13642,-53.61518
25540.,-3.017378,-3.102275,31.23192,-1.821777,-3.11898,-37.13782,-53.61651
25550.,-3.019008,-3.103906,31.23082,-1.823425,-3.120615,-37.13923,-53.61785
25560.,-3.020637,-3.105536,31.22972,-1.825071,-3.122248,-37.14064,-53.61918
25570.,-3.022264,-3.107164,31.22862,-1.826716,-3.123879,-37.14204,-53.62051
25580.,-3.023889,-3.108791,31.22753,-1.828359,-3.125509,-37.14344,-53.62184
25590.,-3.025513,-3.110416,31.22643,-1.83,-3.127137,-37.14484,-53.62317
25600.,-3.027135,-3.112039,31.22534,-1.83164,-3.128763,-37.14624,-53.62449
25610.,-3.028756,-3.113661,31.22424,-1.833277,-3.130388,-37.14764,-53.62582
25620.,-3.030374,-3.115281,31.22315,-1.834914,-3.132011,-37.14904,-53.62714
25630.,-3.031991,-3.116899,31.22206,-1.836548,-3.133632,-37.15044,-53.62846
25640.,-3.033607,-3.118516,31.22097,-1.838181,-3.135252,-37.15183,-53.62979
25650.,-3.035221,-3.120131,31.21988,-1.839813,-3.13687,-37.15322,-53.6311
25660.,-3.036833,-3.121744,31.2188,-1.841442,-3.138486,-37.15461,-53.63242
25670.,-3.038443,-3.123356,31.21771,-1.84307,-3.140101,-37.156,-53.63374
25680.,-3.040052,-3.124966,31.21663,-1.844696,-3.141714,-37.15739,-53.63506
25690.,-3.04166,-3.126574,31.21554,-1.846321,-3.143325,-37.15878,-53.63637
25700.,-3.043265,-3.128181,31.21446,-1.847944,-3.144935,-37.16017,-53.63768
25710.,-3.044869,-3.129786,31.21338,-1.849565,-3.146543,-37.16155,-53.639
25720.,-3.046472,-3.13139,31.2123,-1.851185,-3.14815,-37.16293,-53.64031
25730.,-3.048072,-3.132992,31.21122,-1.852803,-3.149754,-37.16431,-53.64162
25740.,-3.049671,-3.134592,31.21014,-1.854419,-3.151358,-37.16569,-53.64292
25750.,-3.051269,-3.136191,31.20906,-1.856034,-3.152959,-37.16707,-53.64423
25760.,-3.052865,-3.137788,31.20799,-1.857647,-3.154559,-37.16845,-53.64553
25770.,-3.054459,-3.139383,31.20691,-1.859258,-3.156158,-37.16983,-53.64684
25780.,-3.056051,-3.140977,31.20584,-1.860868,-3.157754,-37.1712,-53.64814
25790.,-3.057642,-3.142569,31.20476,-1.862476,-3.159349,-37.17257,-53.64944
25800.,-3.059232,-3.144159,31.20369,-1.864083,-3.160943,-37.17394,-53.65074
25810.,-3.060819,-3.145748,31.20262,-1.865688,-3.162535,-37.17531,-53.65204
25820.,-3.062405,-3.147335,31.20155,-1.867291,-3.164125,-37.17668,-53.65334
25830.,-3.06399,-3.148921,31.20048,-1.868892,-3.165713,-37.17805,-53.65463
25840.,-3.065573,-3.150505,31.19942,-1.870492,-3.1673,-37.17942,-53.65593
25850.,-3.067154,-3.152087,31.19835,-1.872091,-3.168886,-37.18078,-53.65722
25860.,-3.068733,-3.153668,31.19728,-1.873687,-3.170469,-37.18214,-53.65851
25870.,-3.070311,-3.155247,31.19622,-1.875282,-3.172052,-37.18351,-53.6598
25880.,-3.071888,-3.156825,31.19516,-1.876876,-3.173632,-37.18487,-53.66109
25890.,-3.073463,-3.158401,31.1941,-1.878468,-3.175211,-37.18623,-53.66238
25900.,-3.075036,-3.159975,31.19303,-1.880058,-3.176788,-37.18758,-53.66367
25910.,-3.076607,-3.161548,31.19197,-1.881646,-3.178364,-37.18894,-53.66495
25920.,-3.078177,-3.163119,31.19092,-1.883233,-3.179938,-37.19029,-53.66624
25930.,-3.079746,-3.164688,31.18986,-1.884819,-3.18151,-37.19165,-53.66752
25940.,-3.081312,-3.166256,31.1888,-1.886402,-3.183081,-37.193,-53.6688
25950.,-3.082878,-3.167823,31.18775,-1.887984,-3.18465,-37.19435,-53.67008
25960.,-3.084441,-3.169387,31.18669,-1.889565,-3.186218,-37.1957,-53.67136
25970.,-3.086003,-3.17095,31.18564,-1.891144,-3.187784,-37.19705,-53.67264
25980.,-3.087564,-3.172512,31.18459,-1.892721,-3.189349,-37.1984,-53.67391
25990.,-3.089122,-3.174072,31.18354,-1.894297,-3.190911,-37.19974,-53.67519
26000.,-3.09068,-3.17563,31.18249,-1.895871,-3.192473,-37.20108,-53.67646
26010.,-3.092235,-3.177187,31.18144,-1.897443,-3.194032,-37.20243,-53.67773
26020.,-3.093789,-3.178742,31.18039,-1.899014,-3.19559,-37.20377,-53.67901
26030.,-3.095342,-3.180296,31.17934,-1.900583,-3.197147,-37.20511,-53.68027
26040.,-3.096893,-3.181848,31.1783,-1.902151,-3.198702,-37.20645,-53.68154
26050.,-3.098442,-3.183398,31.17725,-1.903717,-3.200255,-37.20778,-53.68281
26060.,-3.09999,-3.184947,31.17621,-1.905281,-3.201807,-37.20912,-53.68408
26070.,-3.101536,-3.186494,31.17517,-1.906844,-3.203357,-37.21045,-53.68534
26080.,-3.10308,-3.18804,31.17413,-1.908405,-3.204906,-37.21179,-53.6866
26090.,-3.104623,-3.189584,31.17309,-1.909965,-3.206453,-37.21312,-53.68787
26100.,-3.106165,-3.191127,31.17205,-1.911523,-3.207998,-37.21445,-53.68913
26110.,-3.107704,-3.192668,31.17101,-1.913079,-3.209542,-37.21578,-53.69039
26120.,-3.109243,-3.194207,31.16997,-1.914634,-3.211084,-37.2171,-53.69164
26130.,-3.110779,-3.195745,31.16894,-1.916188,-3.212625,-37.21843,-53.6929
26140.,-3.112315,-3.197281,31.1679,-1.917739,-3.214164,-37.21976,-53.69416
26150.,-3.113848,-3.198816,31.16687,-1.919289,-3.215701,-37.22108,-53.69541
26160.,-3.11538,-3.200349,31.16583,-1.920838,-3.217237,-37.2224,-53.69666
26170.,-3.116911,-3.20188,31.1648,-1.922385,-3.218772,-37.22372,-53.69791
26180.,-3.118439,-3.20341,31.16377,-1.92393,-3.220305,-37.22504,-53.69917
26190.,-3.119967,-3.204939,31.16274,-1.925474,-3.221836,-37.22636,-53.70041
26200.,-3.121492,-3.206466,31.16171,-1.927017,-3.223366,-37.22768,-53.70166
26210.,-3.123017,-3.207991,31.16069,-1.928557,-3.224894,-37.22899,-53.70291
26220.,-3.124539,-3.209515,31.15966,-1.930096,-3.22642,-37.23031,-53.70415
26230.,-3.12606,-3.211037,31.15863,-1.931634,-3.227946,-37.23162,-53.7054
26240.,-3.12758,-3.212558,31.15761,-1.93317,-3.229469,-37.23293,-53.70664
26250.,-3.129098,-3.214077,31.15659,-1.934704,-3.230991,-37.23424,-53.70788
26260.,-3.130614,-3.215594,31.15556,-1.936237,-3.232511,-37.23555,-53.70912
26270.,-3.132129,-3.21711,31.15454,-1.937768,-3.23403,-37.23686,-53.71036
26280.,-3.133643,-3.218625,31.15352,-1.939298,-3.235548,-37.23816,-53.7116
26290.,-3.135155,-3.220138,31.1525,-1.940826,-3.237063,-37.23947,-53.71284
26300.,-3.136665,-3.221649,31.15149,-1.942353,-3.238578,-37.24077,-53.71407
26310.,-3.138174,-3.223159,31.15047,-1.943878,-3.24009,-37.24207,-53.7153
26320.,-3.139681,-3.224667,31.14945,-1.945401,-3.241601,-37.24337,-53.71654
26330.,-3.141186,-3.226174,31.14844,-1.946923,-3.243111,-37.24467,-53.71777
26340.,-3.142691,-3.227679,31.14742,-1.948444,-3.244619,-37.24597,-53.719
26350.,-3.144193,-3.229183,31.14641,-1.949963,-3.246125,-37.24727,-53.72023
26360.,-3.145694,-3.230685,31.1454,-1.95148,-3.24763,-37.24856,-53.72146
26370.,-3.147194,-3.232186,31.14439,-1.952996,-3.249134,-37.24986,-53.72268
26380.,-3.148692,-3.233685,31.14338,-1.95451,-3.250636,-37.25115,-53.72391
26390.,-3.150188,-3.235183,31.14237,-1.956023,-3.252136,-37.25244,-53.72513
26400.,-3.151683,-3.236679,31.14136,-1.957534,-3.253635,-37.25373,-53.72635
26410.,-3.153177,-3.238173,31.14036,-1.959043,-3.255132,-37.25502,-53.72758
26420.,-3.154669,-3.239666,31.13935,-1.960551,-3.256628,-37.25631,-53.7288
26430.,-3.156159,-3.241158,31.13835,-1.962058,-3.258122,-37.25759,-53.73001
26440.,-3.157648,-3.242648,31.13734,-1.963563,-3.259615,-37.25888,-53.73123
26450.,-3.159135,-3.244136,31.13634,-1.965066,-3.261106,-37.26016,-53.73245
26460.,-3.160621,-3.245623,31.13534,-1.966568,-3.262596,-37.26144,-53.73366
26470.,-3.162105,-3.247108,31.13434,-1.968069,-3.264084,-37.26273,-53.73488
26480.,-3.163588,-3.248592,31.13334,-1.969567,-3.265571,-37.264,-53.73609
26490.,-3.165069,-3.250075,31.13234,-1.971065,-3.267056,-37.26528,-53.7373
26500.,-3.166549,-3.251556,31.13134,-1.97256,-3.26854,-37.26656,-53.73851
26510.,-3.168028,-3.253035,31.13035,-1.974055,-3.270022,-37.26784,-53.73972
26520.,-3.169504,-3.254513,31.12935,-1.975548,-3.271503,-37.26911,-53.74093
26530.,-3.17098,-3.255989,31.12836,-1.977039,-3.272982,-37.27038,-53.74214
26540.,-3.172453,-3.257464,31.12736,-1.978528,-3.274459,-37.27166,-53.74334
26550.,-3.173926,-3.258937,31.12637,-1.980017,-3.275935,-37.27293,-53.74455
26560.,-3.175396,-3.260409,31.12538,-1.981503,-3.27741,-37.2742,-53.74575
26570.,-3.176866,-3.26188,31.12439,-1.982989,-3.278883,-37.27546,-53.74695
26580.,-3.178333,-3.263348,31.1234,-1.984472,-3.280355,-37.27673,-53.74815
26590.,-3.1798,-3.264816,31.12241,-1.985954,-3.281825,-37.278,-53.74935
26600.,-3.181264,-3.266282,31.12143,-1.987435,-3.283293,-37.27926,-53.75055
26610.,-3.182728,-3.267746,31.12044,-1.988914,-3.284761,-37.28052,-53.75174
26620.,-3.18419,-3.269209,31.11945,-1.990392,-3.286226,-37.28178,-53.75294
26630.,-3.18565,-3.27067,31.11847,-1.991868,-3.28769,-37.28304,-53.75413
26640.,-3.187109,-3.27213,31.11749,-1.993342,-3.289153,-37.2843,-53.75533
26650.,-3.188566,-3.273589,31.11651,-1.994815,-3.290614,-37.28556,-53.75652
26660.,-3.190022,-3.275045,31.11552,-1.996287,-3.292074,-37.28682,-53.75771
26670.,-3.191476,-3.276501,31.11454,-1.997757,-3.293532,-37.28807,-53.7589
26680.,-3.192929,-3.277955,31.11357,-1.999226,-3.294989,-37.28933,-53.76009
26690.,-3.194381,-3.279407,31.11259,-2.000693,-3.296444,-37.29058,-53.76127
26700.,-3.195831,-3.280858,31.11161,-2.002159,-3.297897,-37.29183,-53.76246
26710.,-3.197279,-3.282308,31.11063,-2.003623,-3.29935,-37.29308,-53.76364
26720.,-3.198726,-3.283756,31.10966,-2.005085,-3.3008,-37.29433,-53.76483
26730.,-3.200171,-3.285202,31.10868,-2.006546,-3.30225,-37.29558,-53.76601
26740.,-3.201616,-3.286648,31.10771,-2.008006,-3.303697,-37.29682,-53.76719
26750.,-3.203058,-3.288091,31.10674,-2.009464,-3.305144,-37.29807,-53.76837
26760.,-3.204499,-3.289533,31.10577,-2.010921,-3.306589,-37.29931,-53.76955
26770.,-3.205939,-3.290974,31.1048,-2.012376,-3.308032,-37.30055,-53.77073
26780.,-3.207377,-3.292413,31.10383,-2.01383,-3.309474,-37.30179,-53.7719
26790.,-3.208814,-3.293851,31.10286,-2.015282,-3.310914,-37.30303,-53.77308
26800.,-3.210249,-3.295287,31.10189,-2.016733,-3.312353,-37.30427,-53.77425
26810.,-3.211683,-3.296722,31.10093,-2.018182,-3.313791,-37.30551,-53.77543
26820.,-3.213115,-3.298155,31.09996,-2.01963,-3.315227,-37.30675,-53.7766
26830.,-3.214546,-3.299587,31.099,-2.021076,-3.316662,-37.30798,-53.77777
26840.,-3.215975,-3.301018,31.09804,-2.022521,-3.318095,-37.30921,-53.77894
26850.,-3.217403,-3.302447,31.09707,-2.023965,-3.319526,-37.31045,-53.7801
26860.,-3.21883,-3.303874,31.09611,-2.025406,-3.320957,-37.31168,-53.78127
26870.,-3.220255,-3.3053,31.09515,-2.026847,-3.322385,-37.31291,-53.78244
26880.,-3.221678,-3.306725,31.09419,-2.028286,-3.323813,-37.31414,-53.7836
26890.,-3.2231,-3.308148,31.09324,-2.029723,-3.325238,-37.31536,-53.78476
26900.,-3.224521,-3.30957,31.09228,-2.031159,-3.326663,-37.31659,-53.78593
26910.,-3.22594,-3.31099,31.09132,-2.032594,-3.328086,-37.31781,-53.78709
26920.,-3.227358,-3.312409,31.09037,-2.034027,-3.329507,-37.31904,-53.78825
26930.,-3.228774,-3.313826,31.08941,-2.035459,-3.330927,-37.32026,-53.7894
26940.,-3.230189,-3.315242,31.08846,-2.036889,-3.332346,-37.32148,-53.79056
26950.,-3.231603,-3.316657,31.08751,-2.038318,-3.333763,-37.3227,-53.79172
26960.,-3.233015,-3.31807,31.08656,-2.039745,-3.335179,-37.32392,-53.79287
26970.,-3.234425,-3.319482,31.08561,-2.041171,-3.336593,-37.32514,-53.79403
26980.,-3.235835,-3.320892,31.08466,-2.042595,-3.338006,-37.32635,-53.79518
26990.,-3.237242,-3.322301,31.08371,-2.044018,-3.339417,-37.32757,-53.79633
27000.,-3.238649,-3.323708,31.08276,-2.04544,-3.340827,-37.32878,-53.79748
27010.,-3.240053,-3.325114,31.08181,-2.04686,-3.342236,-37.32999,-53.79863
27020.,-3.241457,-3.326518,31.08087,-2.048279,-3.343643,-37.3312,-53.79978
27030.,-3.242859,-3.327921,31.07992,-2.049696,-3.345048,-37.33241,-53.80092
27040.,-3.244259,-3.329323,31.07898,-2.051111,-3.346453,-37.33362,-53.80207
27050.,-3.245659,-3.330723,31.07804,-2.052526,-3.347855,-37.33483,-53.80321
27060.,-3.247056,-3.332122,31.0771,-2.053939,-3.349257,-37.33604,-53.80436
27070.,-3.248453,-3.333519,31.07616,-2.05535,-3.350657,-37.33724,-53.8055
27080.,-3.249847,-3.334915,31.07522,-2.05676,-3.352055,-37.33845,-53.80664
27090.,-3.251241,-3.336309,31.07428,-2.058168,-3.353452,-37.33965,-53.80778
27100.,-3.252633,-3.337702,31.07334,-2.059576,-3.354848,-37.34085,-53.80892
27110.,-3.254023,-3.339094,31.0724,-2.060981,-3.356242,-37.34205,-53.81005
27120.,-3.255413,-3.340484,31.07147,-2.062385,-3.357635,-37.34325,-53.81119
27130.,-3.2568,-3.341873,31.07053,-2.063788,-3.359026,-37.34445,-53.81233
27140.,-3.258187,-3.343261,31.0696,-2.06519,-3.360416,-37.34564,-53.81346
27150.,-3.259572,-3.344647,31.06866,-2.06659,-3.361805,-37.34684,-53.81459
27160.,-3.260955,-3.346031,31.06773,-2.067988,-3.363192,-37.34803,-53.81572
27170.,-3.262337,-3.347414,31.0668,-2.069385,-3.364578,-37.34922,-53.81685
27180.,-3.263718,-3.348796,31.06587,-2.070781,-3.365962,-37.35042,-53.81798
27190.,-3.265098,-3.350176,31.06494,-2.072175,-3.367345,-37.35161,-53.81911
27200.,-3.266475,-3.351555,31.06401,-2.073568,-3.368727,-37.3528,-53.82024
27210.,-3.267852,-3.352933,31.06309,-2.074959,-3.370107,-37.35398,-53.82136
27220.,-3.269227,-3.354309,31.06216,-2.076349,-3.371485,-37.35517,-53.82249
27230.,-3.270601,-3.355684,31.06124,-2.077738,-3.372863,-37.35636,-53.82361
27240.,-3.271973,-3.357057,31.06031,-2.079125,-3.374239,-37.35754,-53.82473
27250.,-3.273344,-3.358429,31.05939,-2.080511,-3.375613,-37.35872,-53.82586
27260.,-3.274714,-3.359799,31.05847,-2.081895,-3.376986,-37.3599,-53.82698
27270.,-3.276082,-3.361169,31.05754,-2.083278,-3.378358,-37.36109,-53.82809
27280.,-3.277449,-3.362536,31.05662,-2.08466,-3.379728,-37.36226,-53.82921
27290.,-3.278814,-3.363903,31.0557,-2.08604,-3.381097,-37.36344,-53.83033
27300.,-3.280178,-3.365268,31.05478,-2.087419,-3.382465,-37.36462,-53.83144
27310.,-3.28154,-3.366631,31.05387,-2.088796,-3.383831,-37.3658,-53.83256
27320.,-3.282902,-3.367993,31.05295,-2.090172,-3.385196,-37.36697,-53.83367
27330.,-3.284261,-3.369354,31.05203,-2.091546,-3.386559,-37.36814,-53.83478
27340.,-3.28562,-3.370714,31.05112,-2.09292,-3.387921,-37.36932,-53.8359
27350.,-3.286977,-3.372072,31.05021,-2.094291,-3.389282,-37.37049,-53.83701
27360.,-3.288333,-3.373428,31.04929,-2.095662,-3.390641,-37.37166,-53.83811
27370.,-3.289687,-3.374784,31.04838,-2.097031,-3.391999,-37.37283,-53.83922
27380.,-3.29104,-3.376138,31.04747,-2.098398,-3.393355,-37.37399,-53.84033
27390.,-3.292391,-3.37749,31.04656,-2.099764,-3.39471,-37.37516,-53.84143
27400.,-3.293741,-3.378841,31.04565,-2.101129,-3.396064,-37.37633,-53.84254
27410.,-3.29509,-3.380191,31.04474,-2.102492,-3.397416,-37.37749,-53.84364
27420.,-3.296438,-3.381539,31.04383,-2.103854,-3.398767,-37.37865,-53.84474
27430.,-3.297784,-3.382886,31.04293,-2.105215,-3.400116,-37.37981,-53.84584
27440.,-3.299128,-3.384232,31.04202,-2.106574,-3.401465,-37.38097,-53.84694
27450.,-3.300471,-3.385576,31.04112,-2.107932,-3.402811,-37.38213,-53.84804
27460.,-3.301813,-3.386919,31.04021,-2.109289,-3.404157,-37.38329,-53.84914
27470.,-3.303154,-3.388261,31.03931,-2.110644,-3.405501,-37.38445,-53.85024
27480.,-3.304493,-3.389601,31.03841,-2.111997,-3.406844,-37.3856,-53.85133
27490.,-3.305831,-3.39094,31.03751,-2.11335,-3.408185,-37.38676,-53.85243
27500.,-3.307167,-3.392277,31.03661,-2.114701,-3.409525,-37.38791,-53.85352
27510.,-3.308503,-3.393613,31.03571,-2.11605,-3.410864,-37.38906,-53.85461
27520.,-3.309836,-3.394948,31.03481,-2.117398,-3.412201,-37.39021,-53.8557
27530.,-3.311169,-3.396281,31.03391,-2.118745,-3.413537,-37.39136,-53.85679
27540.,-3.3125,-3.397613,31.03302,-2.120091,-3.414871,-37.39251,-53.85788
27550.,-3.313829,-3.398944,31.03212,-2.121435,-3.416204,-37.39366,-53.85897
27560.,-3.315158,-3.400273,31.03123,-2.122777,-3.417536,-37.39481,-53.86005
27570.,-3.316485,-3.401601,31.03033,-2.124119,-3.418867,-37.39595,-53.86114
27580.,-3.31781,-3.402928,31.02944,-2.125459,-3.420196,-37.3971,-53.86222
27590.,-3.319135,-3.404253,31.02855,-2.126797,-3.421523,-37.39824,-53.86331
27600.,-3.320458,-3.405577,31.02766,-2.128135,-3.42285,-37.39938,-53.86439
27610.,-3.321779,-3.4069,31.02677,-2.129471,-3.424175,-37.40052,-53.86547
27620.,-3.323099,-3.408221,31.02588,-2.130805,-3.425499,-37.40166,-53.86655
27630.,-3.324418,-3.409541,31.02499,-2.132138,-3.426821,-37.4028,-53.86763
27640.,-3.325736,-3.410859,31.0241,-2.13347,-3.428142,-37.40394,-53.86871
27650.,-3.327052,-3.412177,31.02322,-2.134801,-3.429462,-37.40507,-53.86978
27660.,-3.328367,-3.413492,31.02233,-2.13613,-3.43078,-37.40621,-53.87086
27670.,-3.329681,-3.414807,31.02145,-2.137458,-3.432097,-37.40734,-53.87193
27680.,-3.330993,-3.41612,31.02056,-2.138784,-3.433412,-37.40847,-53.873
27690.,-3.332304,-3.417432,31.01968,-2.140109,-3.434727,-37.4096,-53.87408
27700.,-3.333613,-3.418742,31.0188,-2.141433,-3.43604,-37.41073,-53.87515
27710.,-3.334921,-3.420052,31.01792,-2.142755,-3.437351,-37.41186,-53.87622
27720.,-3.336228,-3.421359,31.01704,-2.144076,-3.438662,-37.41299,-53.87729
27730.,-3.337534,-3.422666,31.01616,-2.145396,-3.439971,-37.41412,-53.87835
27740.,-3.338838,-3.423971,31.01528,-2.146714,-3.441278,-37.41524,-53.87942
27750.,-3.340141,-3.425275,31.0144,-2.148031,-3.442585,-37.41637,-53.88049
27760.,-3.341442,-3.426577,31.01353,-2.149347,-3.443889,-37.41749,-53.88155
27770.,-3.342743,-3.427879,31.01265,-2.150661,-3.445193,-37.41861,-53.88261
27780.,-3.344042,-3.429179,31.01178,-2.151974,-3.446495,-37.41973,-53.88368
27790.,-3.345339,-3.430477,31.0109,-2.153286,-3.447796,-37.42085,-53.88474
27800.,-3.346636,-3.431774,31.01003,-2.154596,-3.449096,-37.42197,-53.8858
27810.,-3.34793,-3.43307,31.00916,-2.155905,-3.450394,-37.42309,-53.88686
27820.,-3.349224,-3.434365,31.00829,-2.157213,-3.451691,-37.42421,-53.88792
27830.,-3.350516,-3.435658,31.00742,-2.158519,-3.452987,-37.42532,-53.88897
27840.,-3.351807,-3.43695,31.00655,-2.159824,-3.454282,-37.42643,-53.89003
27850.,-3.353097,-3.438241,31.00568,-2.161128,-3.455575,-37.42755,-53.89108
27860.,-3.354386,-3.43953,31.00481,-2.16243,-3.456866,-37.42866,-53.89214
27870.,-3.355673,-3.440818,31.00394,-2.163731,-3.458157,-37.42977,-53.89319
27880.,-3.356958,-3.442105,31.00308,-2.165031,-3.459446,-37.43088,-53.89424
27890.,-3.358243,-3.44339,31.00221,-2.166329,-3.460734,-37.43199,-53.89529
27900.,-3.359526,-3.444674,31.00135,-2.167626,-3.46202,-37.4331,-53.89634
27910.,-3.360808,-3.445957,31.00049,-2.168922,-3.463306,-37.4342,-53.89739
27920.,-3.362088,-3.447239,30.99963,-2.170216,-3.464589,-37.43531,-53.89844
27930.,-3.363368,-3.448519,30.99876,-2.17151,-3.465872,-37.43641,-53.89948
27940.,-3.364646,-3.449798,30.9979,-2.172801,-3.467153,-37.43751,-53.90053
27950.,-3.365922,-3.451075,30.99704,-2.174092,-3.468433,-37.43862,-53.90157
27960.,-3.367198,-3.452352,30.99619,-2.175381,-3.469712,-37.43972,-53.90262
27970.,-3.368472,-3.453627,30.99533,-2.176669,-3.470989,-37.44082,-53.90366
27980.,-3.369744,-3.4549,30.99447,-2.177955,-3.472265,-37.44191,-53.9047
27990.,-3.371016,-3.456173,30.99361,-2.179241,-3.47354,-37.44301,-53.90574
28000.,-3.372286,-3.457444,30.99276,-2.180525,-3.474814,-37.44411,-53.90678
28010.,-3.373555,-3.458714,30.99191,-2.181807,-3.476086,-37.4452,-53.90782
28020.,-3.374822,-3.459982,30.99105,-2.183089,-3.477357,-37.4463,-53.90885
28030.,-3.376089,-3.461249,30.9902,-2.184369,-3.478626,-37.44739,-53.90989
28040.,-3.377354,-3.462515,30.98935,-2.185647,-3.479895,-37.44848,-53.91092
28050.,-3.378618,-3.46378,30.9885,-2.186925,-3.481162,-37.44957,-53.91196
28060.,-3.37988,-3.465043,30.98765,-2.188201,-3.482427,-37.45066,-53.91299
28070.,-3.381141,-3.466305,30.9868,-2.189476,-3.483692,-37.45175,-53.91402
28080.,-3.382401,-3.467566,30.98595,-2.190749,-3.484955,-37.45284,-53.91505
28090.,-3.38366,-3.468826,30.9851,-2.192021,-3.486217,-37.45392,-53.91608
28100.,-3.384917,-3.470084,30.98426,-2.193292,-3.487478,-37.45501,-53.91711
28110.,-3.386173,-3.471341,30.98341,-2.194562,-3.488737,-37.45609,-53.91814
28120.,-3.387428,-3.472597,30.98257,-2.19583,-3.489995,-37.45717,-53.91916
28130.,-3.388681,-3.473851,30.98172,-2.197097,-3.491252,-37.45826,-53.92019
28140.,-3.389933,-3.475104,30.98088,-2.198363,-3.492507,-37.45934,-53.92121
28150.,-3.391184,-3.476356,30.98004,-2.199628,-3.493761,-37.46042,-53.92223
28160.,-3.392434,-3.477607,30.9792,-2.200891,-3.495014,-37.46149,-53.92326
28170.,-3.393682,-3.478856,30.97836,-2.202153,-3.496266,-37.46257,-53.92428
28180.,-3.394929,-3.480104,30.97752,-2.203413,-3.497516,-37.46365,-53.9253
28190.,-3.396175,-3.481351,30.97668,-2.204673,-3.498765,-37.46472,-53.92632
28200.,-3.39742,-3.482596,30.97584,-2.205931,-3.500013,-37.4658,-53.92733
28210.,-3.398663,-3.48384,30.975,-2.207188,-3.50126,-37.46687,-53.92835
28220.,-3.399905,-3.485083,30.97417,-2.208443,-3.502505,-37.46794,-53.92937
28230.,-3.401146,-3.486325,30.97333,-2.209697,-3.503749,-37.46901,-53.93038
28240.,-3.402386,-3.487566,30.9725,-2.21095,-3.504992,-37.47008,-53.9314
28250.,-3.403624,-3.488805,30.97166,-2.212202,-3.506234,-37.47115,-53.93241
28260.,-3.404861,-3.490043,30.97083,-2.213453,-3.507474,-37.47222,-53.93342
28270.,-3.406097,-3.491279,30.97,-2.214702,-3.508713,-37.47328,-53.93443
28280.,-3.407331,-3.492515,30.96917,-2.21595,-3.509951,-37.47435,-53.93544
28290.,-3.408564,-3.493749,30.96834,-2.217196,-3.511187,-37.47541,-53.93645
28300.,-3.409796,-3.494982,30.96751,-2.218442,-3.512422,-37.47648,-53.93746
28310.,-3.411027,-3.496214,30.96668,-2.219686,-3.513656,-37.47754,-53.93846
28320.,-3.412257,-3.497444,30.96585,-2.220928,-3.514889,-37.4786,-53.93947
28330.,-3.413485,-3.498673,30.96503,-2.22217,-3.51612,-37.47966,-53.94047
28340.,-3.414712,-3.499901,30.9642,-2.22341,-3.517351,-37.48072,-53.94148
28350.,-3.415938,-3.501128,30.96338,-2.224649,-3.518579,-37.48178,-53.94248
28360.,-3.417162,-3.502353,30.96255,-2.225887,-3.519807,-37.48283,-53.94348
28370.,-3.418385,-3.503577,30.96173,-2.227124,-3.521034,-37.48389,-53.94448
28380.,-3.419607,-3.5048,30.96091,-2.228359,-3.522259,-37.48494,-53.94548
28390.,-3.420828,-3.506022,30.96008,-2.229593,-3.523483,-37.486,-53.94648
28400.,-3.422048,-3.507242,30.95926,-2.230826,-3.524706,-37.48705,-53.94748
28410.,-3.423266,-3.508461,30.95844,-2.232057,-3.525927,-37.4881,-53.94847
28420.,-3.424483,-3.509679,30.95762,-2.233287,-3.527147,-37.48915,-53.94947
28430.,-3.425699,-3.510896,30.95681,-2.234516,-3.528366,-37.4902,-53.95046
28440.,-3.426913,-3.512112,30.95599,-2.235744,-3.529584,-37.49125,-53.95146
28450.,-3.428127,-3.513326,30.95517,-2.236971,-3.530801,-37.4923,-53.95245
28460.,-3.429339,-3.514539,30.95436,-2.238196,-3.532016,-37.49334,-53.95344
28470.,-3.43055,-3.515751,30.95354,-2.23942,-3.53323,-37.49439,-53.95443
28480.,-3.431759,-3.516961,30.95273,-2.240643,-3.534443,-37.49543,-53.95542
28490.,-3.432968,-3.51817,30.95191,-2.241864,-3.535654,-37.49647,-53.95641
28500.,-3.434175,-3.519378,30.9511,-2.243084,-3.536865,-37.49751,-53.95739
28510.,-3.435381,-3.520585,30.95029,-2.244303,-3.538074,-37.49856,-53.95838
28520.,-3.436586,-3.521791,30.94948,-2.245521,-3.539282,-37.4996,-53.95937
28530.,-3.437789,-3.522995,30.94867,-2.246738,-3.540488,-37.50063,-53.96035
28540.,-3.438992,-3.524199,30.94786,-2.247953,-3.541694,-37.50167,-53.96133
28550.,-3.440193,-3.525401,30.94705,-2.249167,-3.542898,-37.50271,-53.96232
28560.,-3.441392,-3.526601,30.94624,-2.25038,-3.544101,-37.50374,-53.9633
28570.,-3.442591,-3.527801,30.94544,-2.251592,-3.545303,-37.50478,-53.96428
28580.,-3.443788,-3.528999,30.94463,-2.252802,-3.546503,-37.50581,-53.96526
28590.,-3.444985,-3.530196,30.94383,-2.254011,-3.547703,-37.50684,-53.96624
28600.,-3.44618,-3.531392,30.94302,-2.255219,-3.548901,-37.50787,-53.96721
28610.,-3.447373,-3.532587,30.94222,-2.256426,-3.550098,-37.5089,-53.96819
28620.,-3.448566,-3.53378,30.94142,-2.257631,-3.551293,-37.50993,-53.96917
28630.,-3.449757,-3.534972,30.94061,-2.258836,-3.552488,-37.51096,-53.97014
28640.,-3.450947,-3.536163,30.93981,-2.260039,-3.553681,-37.51199,-53.97111
28650.,-3.452136,-3.537353,30.93901,-2.261241,-3.554873,-37.51301,-53.97209
28660.,-3.453324,-3.538542,30.93821,-2.262441,-3.556064,-37.51404,-53.97306
28670.,-3.454511,-3.539729,30.93742,-2.263641,-3.557253,-37.51506,-53.97403
28680.,-3.455696,-3.540915,30.93662,-2.264839,-3.558442,-37.51609,-53.975
28690.,-3.45688,-3.5421,30.93582,-2.266036,-3.559629,-37.51711,-53.97596
28700.,-3.458063,-3.543284,30.93503,-2.267231,-3.560815,-37.51813,-53.97693
28710.,-3.459245,-3.544467,30.93423,-2.268426,-3.562,-37.51915,-53.9779
28720.,-3.460425,-3.545648,30.93344,-2.269619,-3.563183,-37.52017,-53.97886
28730.,-3.461604,-3.546828,30.93264,-2.270811,-3.564366,-37.52118,-53.97983
28740.,-3.462782,-3.548007,30.93185,-2.272002,-3.565547,-37.5222,-53.98079
28750.,-3.463959,-3.549185,30.93106,-2.273192,-3.566727,-37.52322,-53.98176
28760.,-3.465135,-3.550361,30.93027,-2.27438,-3.567906,-37.52423,-53.98272
28770.,-3.46631,-3.551537,30.92948,-2.275567,-3.569083,-37.52525,-53.98368
28780.,-3.467483,-3.552711,30.92869,-2.276754,-3.57026,-37.52626,-53.98464
28790.,-3.468655,-3.553884,30.9279,-2.277938,-3.571435,-37.52727,-53.9856
28800.,-3.469826,-3.555056,30.92711,-2.279122,-3.572609,-37.52828,-53.98655
28810.,-3.470996,-3.556226,30.92632,-2.280304,-3.573782,-37.52929,-53.98751
28820.,-3.472164,-3.557396,30.92554,-2.281486,-3.574953,-37.5303,-53.98847
28830.,-3.473332,-3.558564,30.92475,-2.282666,-3.576124,-37.5313,-53.98942
28840.,-3.474498,-3.559731,30.92397,-2.283845,-3.577293,-37.53231,-53.99037
28850.,-3.475663,-3.560897,30.92318,-2.285022,-3.578461,-37.53332,-53.99133
28860.,-3.476827,-3.562062,30.9224,-2.286199,-3.579628,-37.53432,-53.99228
28870.,-3.477989,-3.563225,30.92162,-2.287374,-3.580794,-37.53532,-53.99323
28880.,-3.479151,-3.564387,30.92084,-2.288548,-3.581958,-37.53633,-53.99418
28890.,-3.480311,-3.565549,30.92006,-2.289721,-3.583121,-37.53733,-53.99513
28900.,-3.48147,-3.566708,30.91928,-2.290892,-3.584284,-37.53833,-53.99608
28910.,-3.482628,-3.567867,30.9185,-2.292063,-3.585444,-37.53933,-53.99702
28920.,-3.483785,-3.569025,30.91772,-2.293232,-3.586604,-37.54033,-53.99797
28930.,-3.48494,-3.570181,30.91694,-2.2944,-3.587763,-37.54132,-53.99891
28940.,-3.486095,-3.571337,30.91616,-2.295567,-3.58892,-37.54232,-53.99986
28950.,-3.487248,-3.572491,30.91539,-2.296733,-3.590077,-37.54331,-54.0008
28960.,-3.4884,-3.573643,30.91461,-2.297897,-3.591232,-37.54431,-54.00174
28970.,-3.489551,-3.574795,30.91384,-2.299061,-3.592385,-37.5453,-54.00269
28980.,-3.490701,-3.575946,30.91306,-2.300223,-3.593538,-37.54629,-54.00363
28990.,-3.491849,-3.577095,30.91229,-2.301384,-3.59469,-37.54728,-54.00457
29000.,-3.492996,-3.578243,30.91152,-2.302544,-3.59584,-37.54827,-54.0055
29010.,-3.494143,-3.57939,30.91075,-2.303702,-3.596989,-37.54926,-54.00644
29020.,-3.495288,-3.580536,30.90998,-2.30486,-3.598137,-37.55025,-54.00738
29030.,-3.496432,-3.581681,30.90921,-2.306016,-3.599284,-37.55124,-54.00831
29040.,-3.497574,-3.582825,30.90844,-2.307171,-3.60043,-37.55223,-54.00925
29050.,-3.498716,-3.583967,30.90767,-2.308325,-3.601575,-37.55321,-54.01018
29060.,-3.499856,-3.585108,30.90691,-2.309478,-3.602718,-37.55419,-54.01111
29070.,-3.500995,-3.586248,30.90614,-2.31063,-3.60386,-37.55518,-54.01205
29080.,-3.502134,-3.587387,30.90537,-2.31178,-3.605001,-37.55616,-54.01298
29090.,-3.50327,-3.588525,30.90461,-2.312929,-3.606141,-37.55714,-54.01391
29100.,-3.504406,-3.589662,30.90384,-2.314077,-3.60728,-37.55812,-54.01484
29110.,-3.505541,-3.590797,30.90308,-2.315224,-3.608417,-37.5591,-54.01576
29120.,-3.506674,-3.591931,30.90232,-2.31637,-3.609554,-37.56008,-54.01669
29130.,-3.507807,-3.593065,30.90156,-2.317515,-3.610689,-37.56106,-54.01762
29140.,-3.508938,-3.594197,30.9008,-2.318658,-3.611823,-37.56203,-54.01854
29150.,-3.510068,-3.595327,30.90004,-2.3198,-3.612956,-37.56301,-54.01947
29160.,-3.511197,-3.596457,30.89928,-2.320942,-3.614088,-37.56398,-54.02039
29170.,-3.512324,-3.597586,30.89852,-2.322082,-3.615219,-37.56495,-54.02131
29180.,-3.513451,-3.598713,30.89776,-2.32322,-3.616348,-37.56593,-54.02223
29190.,-3.514576,-3.599839,30.897,-2.324358,-3.617477,-37.5669,-54.02315
29200.,-3.515701,-3.600965,30.89625,-2.325494,-3.618604,-37.56787,-54.02407
29210.,-3.516824,-3.602089,30.89549,-2.32663,-3.61973,-37.56884,-54.02499
29220.,-3.517946,-3.603211,30.89474,-2.327764,-3.620855,-37.5698,-54.02591
29230.,-3.519067,-3.604333,30.89398,-2.328897,-3.621979,-37.57077,-54.02683
29240.,-3.520187,-3.605454,30.89323,-2.330029,-3.623102,-37.57174,-54.02774
29250.,-3.521305,-3.606573,30.89248,-2.33116,-3.624223,-37.5727,-54.02866
29260.,-3.522423,-3.607691,30.89172,-2.332289,-3.625343,-37.57367,-54.02957
29270.,-3.523539,-3.608808,30.89097,-2.333418,-3.626463,-37.57463,-54.03048
29280.,-3.524654,-3.609925,30.89022,-2.334545,-3.627581,-37.57559,-54.0314
29290.,-3.525768,-3.611039,30.88947,-2.335671,-3.628698,-37.57655,-54.03231
29300.,-3.526881,-3.612153,30.88872,-2.336796,-3.629814,-37.57752,-54.03322
29310.,-3.527993,-3.613266,30.88798,-2.33792,-3.630928,-37.57847,-54.03413
29320.,-3.529104,-3.614377,30.88723,-2.339043,-3.632042,-37.57943,-54.03504
29330.,-3.530213,-3.615488,30.88648,-2.340164,-3.633154,-37.58039,-54.03594
29340.,-3.531322,-3.616597,30.88574,-2.341285,-3.634266,-37.58135,-54.03685
29350.,-3.532429,-3.617705,30.88499,-2.342404,-3.635376,-37.5823,-54.03776
29360.,-3.533535,-3.618812,30.88425,-2.343522,-3.636485,-37.58326,-54.03866
29370.,-3.53464,-3.619918,30.88351,-2.344639,-3.637593,-37.58421,-54.03956
29380.,-3.535744,-3.621023,30.88276,-2.345755,-3.6387,-37.58516,-54.04047
29390.,-3.536847,-3.622126,30.88202,-2.34687,-3.639805,-37.58611,-54.04137
29400.,-3.537948,-3.623229,30.88128,-2.347984,-3.64091,-37.58707,-54.04227
29410.,-3.539049,-3.62433,30.88054,-2.349096,-3.642013,-37.58802,-54.04317
29420.,-3.540148,-3.62543,30.8798,-2.350208,-3.643116,-37.58896,-54.04407
29430.,-3.541247,-3.626529,30.87906,-2.351318,-3.644217,-37.58991,-54.04497
29440.,-3.542344,-3.627628,30.87832,-2.352427,-3.645317,-37.59086,-54.04586
29450.,-3.54344,-3.628724,30.87759,-2.353535,-3.646416,-37.5918,-54.04676
29460.,-3.544535,-3.62982,30.87685,-2.354642,-3.647514,-37.59275,-54.04766
29470.,-3.545629,-3.630915,30.87611,-2.355748,-3.648611,-37.59369,-54.04855
29480.,-3.546722,-3.632009,30.87538,-2.356852,-3.649706,-37.59464,-54.04945
29490.,-3.547813,-3.633101,30.87464,-2.357956,-3.650801,-37.59558,-54.05034
29500.,-3.548904,-3.634192,30.87391,-2.359058,-3.651894,-37.59652,-54.05123
29510.,-3.549993,-3.635283,30.87318,-2.360159,-3.652987,-37.59746,-54.05212
29520.,-3.551082,-3.636372,30.87245,-2.361259,-3.654078,-37.5984,-54.05301
29530.,-3.552169,-3.63746,30.87172,-2.362359,-3.655168,-37.59934,-54.0539
29540.,-3.553255,-3.638547,30.87098,-2.363456,-3.656257,-37.60027,-54.05479
29550.,-3.55434,-3.639633,30.87026,-2.364553,-3.657345,-37.60121,-54.05568
29560.,-3.555424,-3.640717,30.86953,-2.365649,-3.658432,-37.60215,-54.05656
29570.,-3.556507,-3.641801,30.8688,-2.366744,-3.659517,-37.60308,-54.05745
29580.,-3.557589,-3.642883,30.86807,-2.367837,-3.660602,-37.60401,-54.05833
29590.,-3.558669,-3.643965,30.86734,-2.368929,-3.661685,-37.60495,-54.05922
29600.,-3.559749,-3.645045,30.86662,-2.370021,-3.662768,-37.60588,-54.0601
29610.,-3.560827,-3.646124,30.86589,-2.371111,-3.663849,-37.60681,-54.06098
29620.,-3.561905,-3.647203,30.86517,-2.3722,-3.664929,-37.60774,-54.06186
29630.,-3.562981,-3.64828,30.86444,-2.373288,-3.666008,-37.60867,-54.06274
29640.,-3.564056,-3.649356,30.86372,-2.374375,-3.667086,-37.60959,-54.06362
29650.,-3.56513,-3.65043,30.863,-2.37546,-3.668163,-37.61052,-54.0645
29660.,-3.566203,-3.651504,30.86228,-2.376545,-3.669239,-37.61145,-54.06538
29670.,-3.567275,-3.652577,30.86156,-2.377628,-3.670313,-37.61237,-54.06626
29680.,-3.568346,-3.653648,30.86084,-2.378711,-3.671387,-37.6133,-54.06713
29690.,-3.569415,-3.654719,30.86012,-2.379792,-3.67246,-37.61422,-54.06801
29700.,-3.570484,-3.655788,30.8594,-2.380872,-3.673531,-37.61514,-54.06888
29710.,-3.571552,-3.656857,30.85868,-2.381952,-3.674601,-37.61606,-54.06975
29720.,-3.572618,-3.657924,30.85796,-2.38303,-3.675671,-37.61698,-54.07063
29730.,-3.573683,-3.65899,30.85725,-2.384107,-3.676739,-37.6179,-54.0715
29740.,-3.574748,-3.660055,30.85653,-2.385182,-3.677806,-37.61882,-54.07237
29750.,-3.575811,-3.661119,30.85582,-2.386257,-3.678872,-37.61974,-54.07324
29760.,-3.576873,-3.662182,30.8551,-2.387331,-3.679937,-37.62065,-54.07411
29770.,-3.577934,-3.663244,30.85439,-2.388403,-3.681001,-37.62157,-54.07497
29780.,-3.578994,-3.664305,30.85367,-2.389475,-3.682063,-37.62249,-54.07584
29790.,-3.580053,-3.665364,30.85296,-2.390545,-3.683125,-37.6234,-54.07671
29800.,-3.581111,-3.666423,30.85225,-2.391615,-3.684186,-37.62431,-54.07757
29810.,-3.582168,-3.667481,30.85154,-2.392683,-3.685245,-37.62522,-54.07844
29820.,-3.583223,-3.668537,30.85083,-2.39375,-3.686304,-37.62613,-54.0793
29830.,-3.584278,-3.669592,30.85012,-2.394816,-3.687361,-37.62704,-54.08016
29840.,-3.585331,-3.670647,30.84941,-2.395881,-3.688417,-37.62795,-54.08102
29850.,-3.586384,-3.6717,30.84871,-2.396945,-3.689473,-37.62886,-54.08188
29860.,-3.587435,-3.672752,30.848,-2.398008,-3.690527,-37.62977,-54.08274
29870.,-3.588486,-3.673803,30.84729,-2.399069,-3.69158,-37.63068,-54.0836
29880.,-3.589535,-3.674853,30.84659,-2.40013,-3.692632,-37.63158,-54.08446
29890.,-3.590583,-3.675902,30.84588,-2.40119,-3.693683,-37.63249,-54.08532
29900.,-3.59163,-3.67695,30.84518,-2.402248,-3.694733,-37.63339,-54.08618
29910.,-3.592676,-3.677997,30.84447,-2.403306,-3.695782,-37.63429,-54.08703
29920.,-3.593721,-3.679043,30.84377,-2.404362,-3.696829,-37.63519,-54.08789
29930.,-3.594765,-3.680088,30.84307,-2.405417,-3.697876,-37.63609,-54.08874
29940.,-3.595808,-3.681131,30.84237,-2.406472,-3.698922,-37.63699,-54.08959
29950.,-3.59685,-3.682174,30.84167,-2.407525,-3.699966,-37.63789,-54.09044
29960.,-3.597891,-3.683216,30.84097,-2.408577,-3.70101,-37.63879,-54.0913
29970.,-3.598931,-3.684256,30.84027,-2.409628,-3.702052,-37.63969,-54.09215
29980.,-3.599969,-3.685296,30.83957,-2.410678,-3.703094,-37.64059,-54.093
29990.,-3.601007,-3.686334,30.83887,-2.411727,-3.704134,-37.64148,-54.09384
30000.,-3.602044,-3.687371,30.83818,-2.412775,-3.705173,-37.64238,-54.09469
30010.,-3.603079,-3.688408,30.83748,-2.413821,-3.706212,-37.64327,-54.09554
30020.,-3.604114,-3.689443,30.83678,-2.414867,-3.707249,-37.64416,-54.09639
30030.,-3.605147,-3.690477,30.83609,-2.415912,-3.708285,-37.64505,-54.09723
30040.,-3.606179,-3.69151,30.83539,-2.416955,-3.70932,-37.64594,-54.09807
30050.,-3.607211,-3.692542,30.8347,-2.417998,-3.710354,-37.64683,-54.09892
30060.,-3.608241,-3.693573,30.83401,-2.419039,-3.711387,-37.64772,-54.09976
30070.,-3.60927,-3.694603,30.83332,-2.42008,-3.712419,-37.64861,-54.1006
30080.,-3.610298,-3.695632,30.83262,-2.421119,-3.71345,-37.6495,-54.10144
30090.,-3.611325,-3.69666,30.83193,-2.422157,-3.71448,-37.65038,-54.10228
30100.,-3.612352,-3.697687,30.83124,-2.423195,-3.715508,-37.65127,-54.10312
30110.,-3.613377,-3.698713,30.83055,-2.424231,-3.716536,-37.65215,-54.10396
30120.,-3.614401,-3.699738,30.82987,-2.425266,-3.717563,-37.65304,-54.1048
30130.,-3.615424,-3.700761,30.82918,-2.4263,-3.718589,-37.65392,-54.10564
30140.,-3.616446,-3.701784,30.82849,-2.427333,-3.719613,-37.6548,-54.10647
30150.,-3.617467,-3.702806,30.8278,-2.428365,-3.720637,-37.65568,-54.10731
30160.,-3.618486,-3.703826,30.82712,-2.429396,-3.721659,-37.65656,-54.10814
30170.,-3.619505,-3.704846,30.82643,-2.430426,-3.722681,-37.65744,-54.10897
30180.,-3.620523,-3.705864,30.82575,-2.431455,-3.723701,-37.65832,-54.10981
30190.,-3.62154,-3.706882,30.82507,-2.432483,-3.724721,-37.6592,-54.11064
30200.,-3.622556,-3.707899,30.82438,-2.433509,-3.725739,-37.66008,-54.11147
30210.,-3.62357,-3.708914,30.8237,-2.434535,-3.726757,-37.66095,-54.1123
30220.,-3.624584,-3.709928,30.82302,-2.43556,-3.727773,-37.66183,-54.11313
30230.,-3.625597,-3.710942,30.82234,-2.436583,-3.728788,-37.6627,-54.11396
30240.,-3.626608,-3.711954,30.82166,-2.437606,-3.729803,-37.66357,-54.11478
30250.,-3.627619,-3.712966,30.82098,-2.438628,-3.730816,-37.66444,-54.11561
30260.,-3.628628,-3.713976,30.8203,-2.439648,-3.731828,-37.66532,-54.11644
30270.,-3.629637,-3.714985,30.81962,-2.440668,-3.732839,-37.66619,-54.11726
30280.,-3.630645,-3.715993,30.81895,-2.441686,-3.733849,-37.66706,-54.11808
30290.,-3.631651,-3.717001,30.81827,-2.442704,-3.734859,-37.66792,-54.11891
30300.,-3.632657,-3.718007,30.81759,-2.44372,-3.735867,-37.66879,-54.11973
30310.,-3.633661,-3.719012,30.81692,-2.444735,-3.736874,-37.66966,-54.12055
30320.,-3.634664,-3.720016,30.81624,-2.44575,-3.73788,-37.67052,-54.12137
30330.,-3.635667,-3.72102,30.81557,-2.446763,-3.738885,-37.67139,-54.12219
30340.,-3.636668,-3.722022,30.8149,-2.447775,-3.739889,-37.67225,-54.12301
30350.,-3.637669,-3.723023,30.81422,-2.448787,-3.740892,-37.67312,-54.12383
30360.,-3.638668,-3.724023,30.81355,-2.449797,-3.741894,-37.67398,-54.12465
30370.,-3.639666,-3.725022,30.81288,-2.450806,-3.742895,-37.67484,-54.12546
30380.,-3.640664,-3.72602,30.81221,-2.451814,-3.743895,-37.6757,-54.12628
30390.,-3.64166,-3.727017,30.81154,-2.452821,-3.744894,-37.67656,-54.12709
30400.,-3.642655,-3.728013,30.81087,-2.453828,-3.745892,-37.67742,-54.12791
30410.,-3.64365,-3.729008,30.8102,-2.454833,-3.746889,-37.67828,-54.12872
30420.,-3.644643,-3.730002,30.80953,-2.455837,-3.747885,-37.67914,-54.12953
30430.,-3.645635,-3.730996,30.80887,-2.45684,-3.74888,-37.67999,-54.13035
30440.,-3.646627,-3.731988,30.8082,-2.457842,-3.749874,-37.68085,-54.13116
30450.,-3.647617,-3.732979,30.80753,-2.458843,-3.750867,-37.6817,-54.13197
30460.,-3.648606,-3.733969,30.80687,-2.459843,-3.751858,-37.68256,-54.13278
30470.,-3.649595,-3.734958,30.8062,-2.460842,-3.752849,-37.68341,-54.13329
30480.,-3.650582,-3.735946,30.80554,-2.46184,-3.753839,-37.68426,-54.13405
30490.,-3.651568,-3.736933,30.80487,-2.462837,-3.754828,-37.68511,-54.13485
30500.,-3.652553,-3.737919,30.80421,-2.463833,-3.755816,-37.68596,-54.13566
30510.,-3.653538,-3.738903,30.80355,-2.464828,-3.756803,-37.6868,-54.13646
30520.,-3.654521,-3.739887,30.80289,-2.465822,-3.757788,-37.68765,-54.13727
30530.,-3.655503,-3.74087,30.80222,-2.466815,-3.758773,-37.6885,-54.13807
30540.,-3.656484,-3.741852,30.80156,-2.467807,-3.759757,-37.68934,-54.13888
30550.,-3.657465,-3.742833,30.8009,-2.468798,-3.76074,-37.69019,-54.13968
30560.,-3.658444,-3.743813,30.80024,-2.469788,-3.761722,-37.69103,-54.14048
30570.,-3.659422,-3.744792,30.79958,-2.470777,-3.762703,-37.69187,-54.14128
30580.,-3.660399,-3.74577,30.79893,-2.471765,-3.763683,-37.69272,-54.14208
30590.,-3.661376,-3.746747,30.79827,-2.472753,-3.764661,-37.69356,-54.14288
30600.,-3.662351,-3.747724,30.79761,-2.473739,-3.765639,-37.6944,-54.14368
30610.,-3.663325,-3.748699,30.79695,-2.474724,-3.766616,-37.69524,-54.14447
30620.,-3.664299,-3.749673,30.7963,-2.475708,-3.767592,-37.69608,-54.14527
30630.,-3.665271,-3.750646,30.79564,-2.476691,-3.768567,-37.69692,-54.14607
30640.,-3.666242,-3.751618,30.79499,-2.477673,-3.769541,-37.69775,-54.14686
30650.,-3.667213,-3.752589,30.79434,-2.478654,-3.770514,-37.69859,-54.14766
30660.,-3.668182,-3.753559,30.79368,-2.479634,-3.771486,-37.69942,-54.14845
30670.,-3.669151,-3.754528,30.79303,-2.480613,-3.772457,-37.70026,-54.14924
30680.,-3.670118,-3.755496,30.79238,-2.481591,-3.773427,-37.70109,-54.15003
30690.,-3.671085,-3.756464,30.79173,-2.482568,-3.774396,-37.70193,-54.15082
30700.,-3.67205,-3.75743,30.79108,-2.483544,-3.775364,-37.70276,-54.15161
30710.,-3.673015,-3.758395,30.79043,-2.484519,-3.776331,-37.70359,-54.1524
30720.,-3.673978,-3.759359,30.78978,-2.485493,-3.777297,-37.70442,-54.15319
30730.,-3.674941,-3.760323,30.78913,-2.486466,-3.778262,-37.70525,-54.15398
30740.,-3.675902,-3.761285,30.78849,-2.487438,-3.779226,-37.70608,-54.15477
30750.,-3.676863,-3.762246,30.78784,-2.488409,-3.780189,-37.70691,-54.15555
30760.,-3.677823,-3.763207,30.78719,-2.489379,-3.781152,-37.70773,-54.15634
30770.,-3.678781,-3.764166,30.78655,-2.490349,-3.782113,-37.70856,-54.15712
30780.,-3.679739,-3.765124,30.7859,-2.491317,-3.783073,-37.70939,-54.15791
30790.,-3.680696,-3.766082,30.78526,-2.492284,-3.784032,-37.71021,-54.15869
30800.,-3.681651,-3.767038,30.78462,-2.49325,-3.78499,-37.71103,-54.15947
30810.,-3.682606,-3.767994,30.78397,-2.494215,-3.785948,-37.71186,-54.16025
30820.,-3.68356,-3.768948,30.78333,-2.49518,-3.786904,-37.71268,-54.16103
30830.,-3.684513,-3.769902,30.78269,-2.496143,-3.787859,-37.7135,-54.16181
30840.,-3.685465,-3.770854,30.78205,-2.497105,-3.788814,-37.71432,-54.16259
30850.,-3.686416,-3.771806,30.78141,-2.498067,-3.789767,-37.71514,-54.16337
30860.,-3.687366,-3.772757,30.78077,-2.499027,-3.79072,-37.71596,-54.16415
30870.,-3.688315,-3.773706,30.78013,-2.499986,-3.791671,-37.71678,-54.16492
30880.,-3.689263,-3.774655,30.77949,-2.500945,-3.792622,-37.7176,-54.1657
30890.,-3.69021,-3.775603,30.77886,-2.501902,-3.793571,-37.71841,-54.16647
30900.,-3.691156,-3.77655,30.77822,-2.502859,-3.79452,-37.71923,-54.16725
30910.,-3.692101,-3.777496,30.77758,-2.503814,-3.795468,-37.72004,-54.16802
30920.,-3.693045,-3.778441,30.77695,-2.504769,-3.796414,-37.72086,-54.16879
30930.,-3.693989,-3.779385,30.77631,-2.505722,-3.79736,-37.72167,-54.16957
30940.,-3.694931,-3.780328,30.77568,-2.506675,-3.798305,-37.72248,-54.17034
30950.,-3.695872,-3.78127,30.77505,-2.507627,-3.799249,-37.72329,-54.17111
30960.,-3.696813,-3.782211,30.77441,-2.508577,-3.800192,-37.7241,-54.17188
30970.,-3.697752,-3.783151,30.77378,-2.509527,-3.801134,-37.72491,-54.17265
30980.,-3.698691,-3.78409,30.77315,-2.510476,-3.802074,-37.72572,-54.17341
30990.,-3.699628,-3.785028,30.77252,-2.511423,-3.803014,-37.72653,-54.17418
31000.,-3.700565,-3.785966,30.77189,-2.51237,-3.803954,-37.72734,-54.17495
31010.,-3.7015,-3.786902,30.77126,-2.513316,-3.804892,-37.72815,-54.17571
31020.,-3.702435,-3.787837,30.77063,-2.514261,-3.805829,-37.72895,-54.17648
31030.,-3.703369,-3.788772,30.77,-2.515205,-3.806765,-37.72976,-54.17724
31040.,-3.704302,-3.789705,30.76937,-2.516148,-3.8077,-37.73056,-54.17801
31050.,-3.705234,-3.790638,30.76875,-2.51709,-3.808635,-37.73136,-54.17877
31060.,-3.706165,-3.79157,30.76812,-2.518031,-3.809568,-37.73217,-54.17953
31070.,-3.707095,-3.7925,30.7675,-2.518971,-3.8105,-37.73297,-54.18029
31080.,-3.708024,-3.79343,30.76687,-2.51991,-3.811432,-37.73377,-54.18105
31090.,-3.708952,-3.794359,30.76625,-2.520849,-3.812362,-37.73457,-54.18181
31100.,-3.709879,-3.795287,30.76562,-2.521786,-3.813292,-37.73537,-54.18257
31110.,-3.710805,-3.796213,30.765,-2.522722,-3.814221,-37.73617,-54.18333
31120.,-3.71173,-3.797139,30.76438,-2.523658,-3.815148,-37.73697,-54.18408
31130.,-3.712655,-3.798064,30.76376,-2.524592,-3.816075,-37.73776,-54.18484
31140.,-3.713578,-3.798989,30.76313,-2.525526,-3.817001,-37.73856,-54.1856
31150.,-3.714501,-3.799912,30.76251,-2.526458,-3.817926,-37.73936,-54.18635
31160.,-3.715422,-3.800834,30.76189,-2.52739,-3.81885,-37.74015,-54.18711
31170.,-3.716343,-3.801755,30.76127,-2.52832,-3.819773,-37.74094,-54.18786
31180.,-3.717262,-3.802676,30.76066,-2.52925,-3.820695,-37.74174,-54.18861
31190.,-3.718181,-3.803595,30.76004,-2.530179,-3.821616,-37.74253,-54.18936
31200.,-3.719099,-3.804513,30.75942,-2.531107,-3.822536,-37.74332,-54.19011
31210.,-3.720016,-3.805431,30.7588,-2.532034,-3.823456,-37.74411,-54.19086
31220.,-3.720932,-3.806348,30.75819,-2.53296,-3.824374,-37.7449,-54.19161
31230.,-3.721847,-3.807263,30.75757,-2.533885,-3.825291,-37.74569,-54.19236
31240.,-3.722761,-3.808178,30.75696,-2.534809,-3.826208,-37.74648,-54.19311
31250.,-3.723674,-3.809092,30.75634,-2.535732,-3.827124,-37.74727,-54.19386
31260.,-3.724586,-3.810005,30.75573,-2.536654,-3.828038,-37.74805,-54.1946
31270.,-3.725498,-3.810917,30.75512,-2.537575,-3.828952,-37.74884,-54.19535
31280.,-3.726408,-3.811828,30.75451,-2.538496,-3.829865,-37.74962,-54.19609
31290.,-3.727318,-3.812738,30.75389,-2.539415,-3.830777,-37.75041,-54.19684
31300.,-3.728226,-3.813647,30.75328,-2.540334,-3.831688,-37.75119,-54.19758
31310.,-3.729134,-3.814556,30.75267,-2.541251,-3.832598,-37.75197,-54.19833
31320.,-3.73004,-3.815463,30.75206,-2.542168,-3.833507,-37.75276,-54.19907
31330.,-3.730946,-3.81637,30.75145,-2.543083,-3.834415,-37.75354,-54.19981
31340.,-3.731851,-3.817275,30.75085,-2.543998,-3.835322,-37.75432,-54.20055
31350.,-3.732755,-3.81818,30.75024,-2.544912,-3.836228,-37.7551,-54.20129
31360.,-3.733658,-3.819084,30.74963,-2.545825,-3.837134,-37.75588,-54.20203
31370.,-3.73456,-3.819986,30.74902,-2.546737,-3.838038,-37.75665,-54.20277
31380.,-3.735462,-3.820888,30.74842,-2.547648,-3.838942,-37.75743,-54.2035
31390.,-3.736362,-3.821789,30.74781,-2.548558,-3.839845,-37.75821,-54.20424
31400.,-3.737261,-3.822689,30.74721,-2.549467,-3.840746,-37.75898,-54.20498
31410.,-3.73816,-3.823588,30.7466,-2.550376,-3.841647,-37.75976,-54.20571
31420.,-3.739057,-3.824487,30.746,-2.551283,-3.842547,-37.76053,-54.20645
31430.,-3.739954,-3.825384,30.7454,-2.552189,-3.843446,-37.76131,-54.20718
31440.,-3.74085,-3.82628,30.7448,-2.553095,-3.844344,-37.76208,-54.20791
31450.,-3.741745,-3.827176,30.74419,-2.554,-3.845242,-37.76285,-54.20864
31460.,-3.742639,-3.828071,30.74359,-2.554903,-3.846138,-37.76362,-54.20938
31470.,-3.743532,-3.828964,30.74299,-2.555806,-3.847033,-37.76439,-54.21011
31480.,-3.744424,-3.829857,30.74239,-2.556708,-3.847928,-37.76516,-54.21084
31490.,-3.745315,-3.830749,30.74179,-2.557609,-3.848821,-37.76593,-54.21157
31500.,-3.746205,-3.83164,30.7412,-2.558509,-3.849714,-37.7667,-54.21229
31510.,-3.747095,-3.83253,30.7406,-2.559408,-3.850606,-37.76746,-54.21302
31520.,-3.747983,-3.833419,30.74,-2.560306,-3.851497,-37.76823,-54.21375
31530.,-3.748871,-3.834308,30.7394,-2.561204,-3.852387,-37.769,-54.21448
31540.,-3.749758,-3.835195,30.73881,-2.5621,-3.853276,-37.76976,-54.2152
31550.,-3.750644,-3.836082,30.73821,-2.562995,-3.854164,-37.77053,-54.21593
31560.,-3.751528,-3.836967,30.73762,-2.56389,-3.855051,-37.77129,-54.21665
31570.,-3.752413,-3.837852,30.73702,-2.564784,-3.855938,-37.77205,-54.21737
31580.,-3.753296,-3.838736,30.73643,-2.565677,-3.856823,-37.77281,-54.2181
31590.,-3.754178,-3.839619,30.73584,-2.566568,-3.857708,-37.77357,-54.21882
31600.,-3.755059,-3.840501,30.73524,-2.567459,-3.858591,-37.77433,-54.21954
31610.,-3.75594,-3.841382,30.73465,-2.568349,-3.859474,-37.77509,-54.22026
31620.,-3.756819,-3.842262,30.73406,-2.569239,-3.860356,-37.77585,-54.22098
31630.,-3.757698,-3.843141,30.73347,-2.570127,-3.861237,-37.77661,-54.2217
31640.,-3.758576,-3.84402,30.73288,-2.571014,-3.862117,-37.77737,-54.22242
31650.,-3.759453,-3.844897,30.73229,-2.571901,-3.862996,-37.77812,-54.22313
31660.,-3.760329,-3.845774,30.7317,-2.572786,-3.863875,-37.77888,-54.22385
31670.,-3.761204,-3.84665,30.73111,-2.573671,-3.864752,-37.77963,-54.22457
31680.,-3.762078,-3.847525,30.73053,-2.574555,-3.865629,-37.78039,-54.22528
31690.,-3.762952,-3.848399,30.72994,-2.575438,-3.866504,-37.78114,-54.226
31700.,-3.763824,-3.849272,30.72935,-2.57632,-3.867379,-37.78189,-54.22671
31710.,-3.764696,-3.850144,30.72877,-2.577201,-3.868253,-37.78265,-54.22743
31720.,-3.765566,-3.851015,30.72818,-2.578081,-3.869126,-37.7834,-54.22814
31730.,-3.766436,-3.851886,30.7276,-2.57896,-3.869998,-37.78415,-54.22885
31740.,-3.767305,-3.852755,30.72701,-2.579839,-3.870869,-37.7849,-54.22956
31750.,-3.768173,-3.853624,30.72643,-2.580716,-3.87174,-37.78565,-54.23027
31760.,-3.76904,-3.854492,30.72585,-2.581593,-3.872609,-37.78639,-54.23098
31770.,-3.769907,-3.855359,30.72526,-2.582469,-3.873478,-37.78714,-54.23169
31780.,-3.770772,-3.856225,30.72468,-2.583343,-3.874346,-37.78789,-54.2324
31790.,-3.771637,-3.85709,30.7241,-2.584217,-3.875212,-37.78863,-54.2331
31800.,-3.7725,-3.857955,30.72352,-2.585091,-3.876078,-37.78938,-54.23381
31810.,-3.773363,-3.858818,30.72294,-2.585963,-3.876943,-37.79012,-54.23452
31820.,-3.774225,-3.859681,30.72236,-2.586834,-3.877808,-37.79087,-54.23522
31830.,-3.775086,-3.860542,30.72178,-2.587705,-3.878671,-37.79161,-54.23593
31840.,-3.775946,-3.861403,30.72121,-2.588574,-3.879533,-37.79235,-54.23663
31850.,-3.776806,-3.862263,30.72063,-2.589443,-3.880395,-37.79309,-54.23733
31860.,-3.777664,-3.863122,30.72005,-2.590311,-3.881256,-37.79383,-54.23804
31870.,-3.778522,-3.86398,30.71948,-2.591178,-3.882116,-37.79457,-54.23874
31880.,-3.779378,-3.864838,30.7189,-2.592044,-3.882974,-37.79531,-54.23944
31890.,-3.780234,-3.865694,30.71832,-2.592909,-3.883833,-37.79605,-54.24014
31900.,-3.781089,-3.86655,30.71775,-2.593773,-3.88469,-37.79679,-54.24084
31910.,-3.781943,-3.867405,30.71718,-2.594636,-3.885546,-37.79753,-54.24154
31920.,-3.782797,-3.868258,30.7166,-2.595499,-3.886402,-37.79826,-54.24224
31930.,-3.783649,-3.869112,30.71603,-2.596361,-3.887256,-37.799,-54.24293
31940.,-3.784501,-3.869964,30.71546,-2.597221,-3.88811,-37.79973,-54.24363
31950.,-3.785351,-3.870815,30.71489,-2.598081,-3.888963,-37.80047,-54.24433
31960.,-3.786201,-3.871665,30.71432,-2.59894,-3.889815,-37.8012,-54.24502
31970.,-3.78705,-3.872515,30.71375,-2.599799,-3.890666,-37.80193,-54.24572
31980.,-3.787898,-3.873364,30.71318,-2.600656,-3.891516,-37.80266,-54.24641
31990.,-3.788745,-3.874212,30.71261,-2.601512,-3.892366,-37.80339,-54.2471
32000.,-3.789592,-3.875059,30.71204,-2.602368,-3.893215,-37.80412,-54.2478
32010.,-3.790437,-3.875905,30.71147,-2.603223,-3.894062,-37.80485,-54.24849
32020.,-3.791282,-3.87675,30.7109,-2.604077,-3.894909,-37.80558,-54.24918
32030.,-3.792126,-3.877594,30.71034,-2.60493,-3.895755,-37.80631,-54.24987
32040.,-3.792968,-3.878438,30.70977,-2.605782,-3.8966,-37.80704,-54.25056
32050.,-3.793811,-3.879281,30.7092,-2.606633,-3.897445,-37.80776,-54.25125
32060.,-3.794652,-3.880123,30.70864,-2.607483,-3.898288,-37.80849,-54.25194
32070.,-3.795492,-3.880964,30.70807,-2.608333,-3.899131,-37.80921,-54.25263
32080.,-3.796332,-3.881804,30.70751,-2.609182,-3.899972,-37.80994,-54.25331
32090.,-3.79717,-3.882643,30.70695,-2.610029,-3.900813,-37.81066,-54.254
32100.,-3.798008,-3.883481,30.70638,-2.610876,-3.901653,-37.81138,-54.25468
32110.,-3.798845,-3.884319,30.70582,-2.611722,-3.902493,-37.81211,-54.25537
32120.,-3.799681,-3.885156,30.70526,-2.612568,-3.903331,-37.81283,-54.25605
32130.,-3.800517,-3.885992,30.7047,-2.613412,-3.904168,-37.81355,-54.25674
32140.,-3.801351,-3.886827,30.70414,-2.614256,-3.905005,-37.81427,-54.25742
32150.,-3.802185,-3.887661,30.70358,-2.615098,-3.905841,-37.81499,-54.2581
32160.,-3.803017,-3.888494,30.70302,-2.61594,-3.906676,-37.81571,-54.25878
32170.,-3.803849,-3.889327,30.70246,-2.616781,-3.90751,-37.81642,-54.25946
32180.,-3.80468,-3.890159,30.7019,-2.617621,-3.908343,-37.81714,-54.26014
32190.,-3.805511,-3.890989,30.70134,-2.61846,-3.909176,-37.81786,-54.26082
32200.,-3.80634,-3.891819,30.70079,-2.619299,-3.910007,-37.81857,-54.2615
32210.,-3.807169,-3.892649,30.70023,-2.620136,-3.910838,-37.81929,-54.26218
32220.,-3.807996,-3.893477,30.69967,-2.620973,-3.911668,-37.82,-54.26286
32230.,-3.808823,-3.894304,30.69912,-2.621809,-3.912497,-37.82072,-54.26353
32240.,-3.809649,-3.895131,30.69856,-2.622644,-3.913325,-37.82143,-54.26421
32250.,-3.810474,-3.895957,30.69801,-2.623478,-3.914152,-37.82214,-54.26488
32260.,-3.811299,-3.896782,30.69746,-2.624312,-3.914979,-37.82285,-54.26556
32270.,-3.812122,-3.897606,30.6969,-2.625144,-3.915805,-37.82356,-54.26623
32280.,-3.812945,-3.898429,30.69635,-2.625976,-3.916629,-37.82427,-54.26691
32290.,-3.813767,-3.899252,30.6958,-2.626807,-3.917454,-37.82498,-54.26758
32300.,-3.814588,-3.900073,30.69525,-2.627637,-3.918277,-37.82569,-54.26825
32310.,-3.815408,-3.900894,30.69469,-2.628466,-3.919099,-37.8264,-54.26892
32320.,-3.816227,-3.901714,30.69414,-2.629294,-3.919921,-37.8271,-54.26959
32330.,-3.817046,-3.902533,30.69359,-2.630121,-3.920741,-37.82781,-54.27026
32340.,-3.817864,-3.903352,30.69305,-2.630948,-3.921561,-37.82852,-54.27093
32350.,-3.818681,-3.904169,30.6925,-2.631774,-3.92238,-37.82922,-54.2716
32360.,-3.819497,-3.904986,30.69195,-2.632599,-3.923198,-37.82992,-54.27227
32370.,-3.820312,-3.905802,30.6914,-2.633423,-3.924016,-37.83063,-54.27293
32380.,-3.821126,-3.906617,30.69085,-2.634246,-3.924832,-37.83133,-54.2736
32390.,-3.82194,-3.907431,30.69031,-2.635069,-3.925648,-37.83203,-54.27427
32400.,-3.822753,-3.908244,30.68976,-2.63589,-3.926463,-37.83273,-54.27493
32410.,-3.823565,-3.909057,30.68922,-2.636711,-3.927277,-37.83343,-54.2756
32420.,-3.824376,-3.909869,30.68867,-2.637531,-3.92809,-37.83413,-54.27626
32430.,-3.825186,-3.910679,30.68813,-2.63835,-3.928903,-37.83483,-54.27692
32440.,-3.825995,-3.91149,30.68758,-2.639168,-3.929714,-37.83553,-54.27759
32450.,-3.826804,-3.912299,30.68704,-2.639986,-3.930525,-37.83623,-54.27825
32460.,-3.827612,-3.913107,30.6865,-2.640802,-3.931335,-37.83693,-54.27891
32470.,-3.828419,-3.913915,30.68596,-2.641618,-3.932144,-37.83762,-54.27957
32480.,-3.829225,-3.914722,30.68541,-2.642433,-3.932953,-37.83832,-54.28023
32490.,-3.830031,-3.915528,30.68487,-2.643247,-3.93376,-37.83901,-54.28089
32500.,-3.830835,-3.916333,30.68433,-2.644061,-3.934567,-37.83971,-54.28155
32510.,-3.831639,-3.917137,30.68379,-2.644873,-3.935373,-37.8404,-54.2822
32520.,-3.832442,-3.917941,30.68325,-2.645685,-3.936178,-37.84109,-54.28286
32530.,-3.833244,-3.918743,30.68272,-2.646496,-3.936982,-37.84179,-54.28352
32540.,-3.834045,-3.919545,30.68218,-2.647306,-3.937785,-37.84248,-54.28417
32550.,-3.834846,-3.920346,30.68164,-2.648115,-3.938588,-37.84317,-54.28483
32560.,-3.835645,-3.921147,30.6811,-2.648923,-3.93939,-37.84386,-54.28548
32570.,-3.836444,-3.921946,30.68057,-2.649731,-3.940191,-37.84455,-54.28614
32580.,-3.837242,-3.922745,30.68003,-2.650538,-3.940991,-37.84524,-54.28679
32590.,-3.83804,-3.923543,30.67949,-2.651344,-3.94179,-37.84592,-54.28744
32600.,-3.838836,-3.92434,30.67896,-2.652149,-3.942589,-37.84661,-54.28809
32610.,-3.839632,-3.925136,30.67843,-2.652953,-3.943387,-37.8473,-54.28874
32620.,-3.840427,-3.925931,30.67789,-2.653757,-3.944184,-37.84798,-54.28939
32630.,-3.841221,-3.926726,30.67736,-2.654559,-3.94498,-37.84867,-54.29004
32640.,-3.842014,-3.92752,30.67683,-2.655361,-3.945775,-37.84935,-54.29069
32650.,-3.842806,-3.928313,30.67629,-2.656162,-3.94657,-37.85004,-54.29134
32660.,-3.843598,-3.929105,30.67576,-2.656963,-3.947363,-37.85072,-54.29199
32670.,-3.844389,-3.929897,30.67523,-2.657762,-3.948156,-37.8514,-54.29264
32680.,-3.845179,-3.930687,30.6747,-2.658561,-3.948948,-37.85208,-54.29328
32690.,-3.845968,-3.931477,30.67417,-2.659359,-3.94974,-37.85276,-54.29393
32700.,-3.846757,-3.932266,30.67364,-2.660156,-3.95053,-37.85344,-54.29457
32710.,-3.847544,-3.933054,30.67311,-2.660952,-3.95132,-37.85412,-54.29522
32720.,-3.848331,-3.933842,30.67258,-2.661747,-3.952109,-37.8548,-54.29586
32730.,-3.849117,-3.934628,30.67206,-2.662542,-3.952897,-37.85548,-54.29651
32740.,-3.849902,-3.935414,30.67153,-2.663336,-3.953684,-37.85616,-54.29715
32750.,-3.850687,-3.936199,30.671,-2.664129,-3.954471,-37.85684,-54.29779
32760.,-3.851471,-3.936984,30.67048,-2.664921,-3.955257,-37.85751,-54.29843
32770.,-3.852253,-3.937767,30.66995,-2.665712,-3.956041,-37.85819,-54.29907
32780.,-3.853035,-3.93855,30.66943,-2.666503,-3.956826,-37.85886,-54.29971
32790.,-3.853817,-3.939331,30.6689,-2.667293,-3.957609,-37.85954,-54.30035
32800.,-3.854597,-3.940113,30.66838,-2.668082,-3.958392,-37.86021,-54.30099
32810.,-3.855377,-3.940893,30.66785,-2.66887,-3.959173,-37.86088,-54.30163
32820.,-3.856156,-3.941672,30.66733,-2.669657,-3.959954,-37.86156,-54.30226
32830.,-3.856934,-3.942451,30.66681,-2.670444,-3.960734,-37.86223,-54.3029
32840.,-3.857711,-3.943229,30.66629,-2.67123,-3.961514,-37.8629,-54.30354
32850.,-3.858488,-3.944006,30.66576,-2.672015,-3.962292,-37.86357,-54.30417
32860.,-3.859264,-3.944782,30.66524,-2.672799,-3.96307,-37.86424,-54.30481
32870.,-3.860039,-3.945558,30.66472,-2.673582,-3.963847,-37.86491,-54.30544
32880.,-3.860813,-3.946333,30.6642,-2.674365,-3.964623,-37.86557,-54.30608
32890.,-3.861586,-3.947107,30.66368,-2.675147,-3.965399,-37.86624,-54.30671
32900.,-3.862359,-3.94788,30.66316,-2.675928,-3.966174,-37.86691,-54.30734
32910.,-3.863131,-3.948652,30.66265,-2.676708,-3.966948,-37.86757,-54.30797
32920.,-3.863902,-3.949424,30.66213,-2.677487,-3.967721,-37.86824,-54.3086
32930.,-3.864672,-3.950195,30.66161,-2.678266,-3.968493,-37.8689,-54.30923
32940.,-3.865442,-3.950965,30.66109,-2.679044,-3.969264,-37.86957,-54.30986
32950.,-3.86621,-3.951734,30.66058,-2.679821,-3.970035,-37.87023,-54.31049
32960.,-3.866978,-3.952503,30.66006,-2.680597,-3.970805,-37.87089,-54.31112
32970.,-3.867745,-3.953271,30.65955,-2.681373,-3.971574,-37.87156,-54.31175
32980.,-3.868512,-3.954038,30.65903,-2.682148,-3.972343,-37.87222,-54.31238
32990.,-3.869277,-3.954804,30.65852,-2.682922,-3.97311,-37.87288,-54.313
33000.,-3.870042,-3.955569,30.65801,-2.683695,-3.973877,-37.87354,-54.31363
33010.,-3.870806,-3.956334,30.65749,-2.684467,-3.974643,-37.8742,-54.31425
33020.,-3.87157,-3.957098,30.65698,-2.685239,-3.975409,-37.87486,-54.31488
33030.,-3.872332,-3.957861,30.65647,-2.68601,-3.976173,-37.87551,-54.3155
33040.,-3.873094,-3.958623,30.65596,-2.68678,-3.976937,-37.87617,-54.31612
33050.,-3.873855,-3.959385,30.65545,-2.687549,-3.9777,-37.87683,-54.31675
33060.,-3.874615,-3.960145,30.65494,-2.688317,-3.978462,-37.87748,-54.31737
33070.,-3.875375,-3.960905,30.65443,-2.689085,-3.979224,-37.87814,-54.31799
33080.,-3.876133,-3.961665,30.65392,-2.689852,-3.979984,-37.87879,-54.31861
33090.,-3.876891,-3.962423,30.65341,-2.690618,-3.980744,-37.87945,-54.31923
33100.,-3.877648,-3.963181,30.6529,-2.691384,-3.981503,-37.8801,-54.31985
33110.,-3.878405,-3.963938,30.65239,-2.692148,-3.982262,-37.88075,-54.32047
33120.,-3.87916,-3.964694,30.65188,-2.692912,-3.983019,-37.88141,-54.32109
33130.,-3.879915,-3.965449,30.65138,-2.693675,-3.983776,-37.88206,-54.32171
33140.,-3.880669,-3.966204,30.65087,-2.694437,-3.984532,-37.88271,-54.32232
33150.,-3.881423,-3.966958,30.65037,-2.695199,-3.985288,-37.88336,-54.32294
33160.,-3.882175,-3.967711,30.64986,-2.69596,-3.986042,-37.88401,-54.32356
33170.,-3.882927,-3.968463,30.64936,-2.69672,-3.986796,-37.88466,-54.32417
33180.,-3.883678,-3.969215,30.64885,-2.697479,-3.987549,-37.8853,-54.32479
33190.,-3.884428,-3.969966,30.64835,-2.698237,-3.988301,-37.88595,-54.3254
33200.,-3.885178,-3.970716,30.64784,-2.698995,-3.989053,-37.8866,-54.32601
33210.,-3.885927,-3.971465,30.64734,-2.699752,-3.989804,-37.88724,-54.32663
33220.,-3.886675,-3.972214,30.64684,-2.700508,-3.990554,-37.88789,-54.32724
33230.,-3.887422,-3.972962,30.64634,-2.701264,-3.991303,-37.88853,-54.32785
33240.,-3.888168,-3.973709,30.64584,-2.702018,-3.992051,-37.88918,-54.32846
33250.,-3.888914,-3.974455,30.64534,-2.702772,-3.992799,-37.88982,-54.32907
33260.,-3.889659,-3.975201,30.64484,-2.703525,-3.993546,-37.89046,-54.32968
33270.,-3.890403,-3.975945,30.64434,-2.704277,-3.994292,-37.89111,-54.33029
33280.,-3.891147,-3.976689,30.64384,-2.705029,-3.995037,-37.89175,-54.3309
33290.,-3.89189,-3.977433,30.64334,-2.70578,-3.995782,-37.89239,-54.3315
33300.,-3.892631,-3.978175,30.64284,-2.70653,-3.996526,-37.89303,-54.33211
33310.,-3.893373,-3.978917,30.64234,-2.707279,-3.997269,-37.89367,-54.33272
33320.,-3.894113,-3.979658,30.64185,-2.708028,-3.998012,-37.89431,-54.33332
33330.,-3.894853,-3.980398,30.64135,-2.708775,-3.998753,-37.89495,-54.33393
33340.,-3.895592,-3.981138,30.64085,-2.709522,-3.999494,-37.89558,-54.33453
33350.,-3.89633,-3.981877,30.64036,-2.710269,-4.000234,-37.89622,-54.33514
33360.,-3.897068,-3.982615,30.63986,-2.711014,-4.000974,-37.89686,-54.33574
33370.,-3.897804,-3.983352,30.63937,-2.711759,-4.001713,-37.89749,-54.33634
33380.,-3.89854,-3.984088,30.63887,-2.712503,-4.002451,-37.89813,-54.33695
33390.,-3.899276,-3.984824,30.63838,-2.713246,-4.003188,-37.89876,-54.33755
33400.,-3.90001,-3.985559,30.63789,-2.713989,-4.003924,-37.8994,-54.33815
33410.,-3.900744,-3.986294,30.6374,-2.71473,-4.00466,-37.90003,-54.33875
33420.,-3.901477,-3.987027,30.6369,-2.715471,-4.005395,-37.90066,-54.33935
33430.,-3.902209,-3.98776,30.63641,-2.716212,-4.006129,-37.90129,-54.33995
33440.,-3.902941,-3.988492,30.63592,-2.716951,-4.006862,-37.90193,-54.34055
33450.,-3.903671,-3.989223,30.63543,-2.71769,-4.007595,-37.90256,-54.34115
33460.,-3.904401,-3.989954,30.63494,-2.718428,-4.008327,-37.90319,-54.34174
33470.,-3.905131,-3.990684,30.63445,-2.719165,-4.009058,-37.90382,-54.34234
33480.,-3.905859,-3.991413,30.63396,-2.719902,-4.009789,-37.90444,-54.34294
33490.,-3.906587,-3.992141,30.63347,-2.720637,-4.010519,-37.90507,-54.34353
33500.,-3.907314,-3.992869,30.63299,-2.721373,-4.011248,-37.9057,-54.34413
33510.,-3.908041,-3.993596,30.6325,-2.722107,-4.011976,-37.90633,-54.34472
33520.,-3.908766,-3.994322,30.63201,-2.72284,-4.012704,-37.90695,-54.34531
33530.,-3.909491,-3.995048,30.63152,-2.723573,-4.01343,-37.90758,-54.34591
33540.,-3.910215,-3.995772,30.63104,-2.724305,-4.014156,-37.9082,-54.3465
33550.,-3.910939,-3.996496,30.63055,-2.725036,-4.014882,-37.90883,-54.34709
33560.,-3.911662,-3.997219,30.63007,-2.725767,-4.015606,-37.90945,-54.34768
33570.,-3.912383,-3.997942,30.62958,-2.726497,-4.01633,-37.91007,-54.34827
33580.,-3.913105,-3.998664,30.6291,-2.727226,-4.017053,-37.9107,-54.34886
33590.,-3.913825,-3.999385,30.62861,-2.727954,-4.017776,-37.91132,-54.34945
33600.,-3.914545,-4.000105,30.62813,-2.728682,-4.018498,-37.91194,-54.35004
33610.,-3.915264,-4.000825,30.62765,-2.729409,-4.019218,-37.91256,-54.35063
33620.,-3.915982,-4.001544,30.62717,-2.730135,-4.019939,-37.91318,-54.35122
33630.,-3.9167,-4.002262,30.62669,-2.73086,-4.020658,-37.9138,-54.35181
33640.,-3.917417,-4.002979,30.6262,-2.731585,-4.021377,-37.91442,-54.35239
33650.,-3.918133,-4.003696,30.62572,-2.732309,-4.022095,-37.91504,-54.35298
33660.,-3.918848,-4.004412,30.62524,-2.733032,-4.022812,-37.91565,-54.35356
33670.,-3.919563,-4.005127,30.62476,-2.733755,-4.023529,-37.91627,-54.35415
33680.,-3.920277,-4.005841,30.62428,-2.734476,-4.024245,-37.91689,-54.35473
33690.,-3.92099,-4.006555,30.62381,-2.735197,-4.02496,-37.9175,-54.35532
33700.,-3.921703,-4.007268,30.62333,-2.735918,-4.025674,-37.91812,-54.3559
33710.,-3.922415,-4.007981,30.62285,-2.736637,-4.026388,-37.91873,-54.35648
33720.,-3.923126,-4.008692,30.62237,-2.737356,-4.027101,-37.91934,-54.35706
33730.,-3.923836,-4.009403,30.6219,-2.738074,-4.027813,-37.91996,-54.35765
33740.,-3.924546,-4.010113,30.62142,-2.738792,-4.028525,-37.92057,-54.35823
33750.,-3.925255,-4.010823,30.62094,-2.739508,-4.029236,-37.92118,-54.35881
33760.,-3.925963,-4.011532,30.62047,-2.740224,-4.029946,-37.92179,-54.35939
33770.,-3.926671,-4.01224,30.61999,-2.740939,-4.030655,-37.9224,-54.35996
33780.,-3.927377,-4.012947,30.61952,-2.741654,-4.031364,-37.92301,-54.36054
33790.,-3.928083,-4.013654,30.61905,-2.742368,-4.032072,-37.92362,-54.36112
33800.,-3.928789,-4.014359,30.61857,-2.743081,-4.032779,-37.92423,-54.3617
33810.,-3.929493,-4.015065,30.6181,-2.743793,-4.033485,-37.92484,-54.36227
33820.,-3.930197,-4.015769,30.61763,-2.744505,-4.034191,-37.92545,-54.36285
33830.,-3.930901,-4.016473,30.61715,-2.745216,-4.034896,-37.92605,-54.36343
33840.,-3.931603,-4.017176,30.61668,-2.745926,-4.035601,-37.92666,-54.364
33850.,-3.932305,-4.017878,30.61621,-2.746635,-4.036304,-37.92727,-54.36458
33860.,-3.933006,-4.01858,30.61574,-2.747344,-4.037007,-37.92787,-54.36515
33870.,-3.933706,-4.019281,30.61527,-2.748052,-4.037709,-37.92848,-54.36572
33880.,-3.934406,-4.019981,30.6148,-2.748759,-4.038411,-37.92908,-54.36629
33890.,-3.935105,-4.02068,30.61433,-2.749466,-4.039112,-37.92968,-54.36687
33900.,-3.935803,-4.021379,30.61386,-2.750172,-4.039812,-37.93028,-54.36744
33910.,-3.936501,-4.022077,30.6134,-2.750877,-4.040511,-37.93089,-54.36801
33920.,-3.937198,-4.022775,30.61293,-2.751581,-4.04121,-37.93149,-54.36858
33930.,-3.937894,-4.023471,30.61246,-2.752285,-4.041908,-37.93209,-54.36915
33940.,-3.938589,-4.024167,30.61199,-2.752988,-4.042605,-37.93269,-54.36972
33950.,-3.939284,-4.024863,30.61153,-2.75369,-4.043302,-37.93329,-54.37029
33960.,-3.939978,-4.025557,30.61106,-2.754392,-4.043998,-37.93389,-54.37085
33970.,-3.940671,-4.026251,30.6106,-2.755093,-4.044693,-37.93449,-54.37142
33980.,-3.941364,-4.026944,30.61013,-2.755793,-4.045387,-37.93508,-54.37199
33990.,-3.942056,-4.027637,30.60967,-2.756492,-4.046081,-37.93568,-54.37255
34000.,-3.942747,-4.028328,30.6092,-2.757191,-4.046774,-37.93628,-54.37312
34010.,-3.943438,-4.029019,30.60874,-2.757889,-4.047467,-37.93687,-54.37368
34020.,-3.944128,-4.02971,30.60828,-2.758587,-4.048158,-37.93747,-54.37425
34030.,-3.944817,-4.030399,30.60782,-2.759283,-4.048849,-37.93806,-54.37481
34040.,-3.945505,-4.031088,30.60735,-2.759979,-4.049539,-37.93866,-54.37538
34050.,-3.946193,-4.031777,30.60689,-2.760674,-4.050229,-37.93925,-54.37594
34060.,-3.94688,-4.032464,30.60643,-2.761369,-4.050918,-37.93984,-54.3765
34070.,-3.947566,-4.033151,30.60597,-2.762063,-4.051606,-37.94044,-54.37706
34080.,-3.948252,-4.033837,30.60551,-2.762756,-4.052293,-37.94103,-54.37762
34090.,-3.948937,-4.034523,30.60505,-2.763448,-4.05298,-37.94162,-54.37818
34100.,-3.949621,-4.035207,30.60459,-2.76414,-4.053666,-37.94221,-54.37874
34110.,-3.950305,-4.035892,30.60413,-2.764831,-4.054352,-37.9428,-54.3793
34120.,-3.950988,-4.036575,30.60367,-2.765521,-4.055036,-37.94339,-54.37986
34130.,-3.95167,-4.037258,30.60322,-2.766211,-4.05572,-37.94398,-54.38042
34140.,-3.952351,-4.03794,30.60276,-2.7669,-4.056404,-37.94457,-54.38098
34150.,-3.953032,-4.038621,30.6023,-2.767588,-4.057086,-37.94515,-54.38154
34160.,-3.953712,-4.039302,30.60185,-2.768276,-4.057768,-37.94574,-54.38209
34170.,-3.954392,-4.039982,30.60139,-2.768963,-4.05845,-37.94633,-54.38265
34180.,-3.955071,-4.040661,30.60093,-2.769649,-4.05913,-37.94691,-54.3832
34190.,-3.955749,-4.041339,30.60048,-2.770334,-4.05981,-37.9475,-54.38376
34200.,-3.956426,-4.042017,30.60003,-2.771019,-4.060489,-37.94808,-54.38431
34210.,-3.957103,-4.042695,30.59957,-2.771703,-4.061168,-37.94867,-54.38487
34220.,-3.957779,-4.043371,30.59912,-2.772386,-4.061845,-37.94925,-54.38542
34230.,-3.958454,-4.044047,30.59866,-2.773069,-4.062523,-37.94983,-54.38597
34240.,-3.959129,-4.044722,30.59821,-2.773751,-4.063199,-37.95041,-54.38652
34250.,-3.959803,-4.045397,30.59776,-2.774432,-4.063875,-37.951,-54.38708
34260.,-3.960476,-4.04607,30.59731,-2.775113,-4.06455,-37.95158,-54.38763
34270.,-3.961149,-4.046743,30.59686,-2.775793,-4.065224,-37.95216,-54.38818
34280.,-3.961821,-4.047416,30.59641,-2.776472,-4.065898,-37.95274,-54.38873
34290.,-3.962492,-4.048088,30.59596,-2.777151,-4.066571,-37.95332,-54.38928
34300.,-3.963162,-4.048759,30.59551,-2.777829,-4.067243,-37.95389,-54.38982
34310.,-3.963832,-4.049429,30.59506,-2.778506,-4.067915,-37.95447,-54.39037
34320.,-3.964501,-4.050099,30.59461,-2.779182,-4.068586,-37.95505,-54.39092
34330.,-3.96517,-4.050768,30.59416,-2.779858,-4.069256,-37.95563,-54.39147
34340.,-3.965838,-4.051436,30.59371,-2.780533,-4.069926,-37.9562,-54.39201
34350.,-3.966505,-4.052104,30.59326,-2.781208,-4.070595,-37.95678,-54.39256
34360.,-3.967172,-4.052771,30.59282,-2.781881,-4.071263,-37.95735,-54.39311
34370.,-3.967837,-4.053437,30.59237,-2.782555,-4.071931,-37.95793,-54.39365
34380.,-3.968503,-4.054103,30.59192,-2.783227,-4.072598,-37.9585,-54.39419
34390.,-3.969167,-4.054768,30.59148,-2.783899,-4.073264,-37.95908,-54.39474
34400.,-3.969831,-4.055432,30.59103,-2.78457,-4.073929,-37.95965,-54.39528
34410.,-3.970494,-4.056096,30.59059,-2.78524,-4.074594,-37.96022,-54.39582
34420.,-3.971156,-4.056759,30.59014,-2.78591,-4.075259,-37.96079,-54.39637
34430.,-3.971818,-4.057421,30.5897,-2.786579,-4.075922,-37.96136,-54.39691
34440.,-3.972479,-4.058083,30.58925,-2.787247,-4.076585,-37.96194,-54.39745
34450.,-3.97314,-4.058744,30.58881,-2.787915,-4.077247,-37.96251,-54.39799
34460.,-3.9738,-4.059404,30.58837,-2.788582,-4.077909,-37.96307,-54.39853
34470.,-3.974459,-4.060064,30.58793,-2.789248,-4.07857,-37.96364,-54.39907
34480.,-3.975117,-4.060723,30.58748,-2.789914,-4.07923,-37.96421,-54.39961
34490.,-3.975775,-4.061381,30.58704,-2.790579,-4.079889,-37.96478,-54.40015
34500.,-3.976432,-4.062039,30.5866,-2.791243,-4.080548,-37.96535,-54.40068
34510.,-3.977089,-4.062696,30.58616,-2.791907,-4.081207,-37.96591,-54.40122
34520.,-3.977745,-4.063352,30.58572,-2.79257,-4.081864,-37.96648,-54.40176
34530.,-3.9784,-4.064008,30.58528,-2.793232,-4.082521,-37.96704,-54.40229
34540.,-3.979054,-4.064662,30.58484,-2.793894,-4.083177,-37.96761,-54.40283
34550.,-3.979708,-4.065317,30.5844,-2.794554,-4.083833,-37.96817,-54.40336
34560.,-3.980361,-4.06597,30.58397,-2.795215,-4.084488,-37.96874,-54.4039
34570.,-3.981014,-4.066623,30.58353,-2.795874,-4.085142,-37.9693,-54.40443
34580.,-3.981666,-4.067276,30.58309,-2.796533,-4.085795,-37.96986,-54.40497
34590.,-3.982317,-4.067927,30.58265,-2.797192,-4.086448,-37.97042,-54.4055
34600.,-3.982967,-4.068578,30.58222,-2.797849,-4.087101,-37.97099,-54.40603
34610.,-3.983617,-4.069229,30.58178,-2.798506,-4.087752,-37.97155,-54.40656
34620.,-3.984266,-4.069879,30.58135,-2.799162,-4.088403,-37.97211,-54.40709
34630.,-3.984915,-4.070528,30.58091,-2.799818,-4.089053,-37.97267,-54.40762
34640.,-3.985563,-4.071176,30.58048,-2.800473,-4.089703,-37.97323,-54.40815
34650.,-3.98621,-4.071824,30.58004,-2.801127,-4.090352,-37.97378,-54.40868
34660.,-3.986857,-4.072471,30.57961,-2.801781,-4.091,-37.97434,-54.40921
34670.,-3.987503,-4.073117,30.57917,-2.802434,-4.091648,-37.9749,-54.40974
34680.,-3.988148,-4.073763,30.57874,-2.803086,-4.092295,-37.97546,-54.41027
34690.,-3.988793,-4.074408,30.57831,-2.803738,-4.092941,-37.97601,-54.4108
34700.,-3.989437,-4.075053,30.57788,-2.804389,-4.093587,-37.97657,-54.41132
34710.,-3.99008,-4.075696,30.57745,-2.805039,-4.094232,-37.97712,-54.41185
34720.,-3.990723,-4.07634,30.57701,-2.805689,-4.094876,-37.97768,-54.41238
34730.,-3.991365,-4.076982,30.57658,-2.806338,-4.09552,-37.97823,-54.4129
34740.,-3.992006,-4.077624,30.57615,-2.806986,-4.096163,-37.97879,-54.41343
34750.,-3.992647,-4.078265,30.57572,-2.807634,-4.096806,-37.97934,-54.41395
34760.,-3.993287,-4.078906,30.57529,-2.808281,-4.097447,-37.97989,-54.41447
34770.,-3.993926,-4.079546,30.57486,-2.808928,-4.098089,-37.98044,-54.415
34780.,-3.994565,-4.080185,30.57444,-2.809573,-4.098729,-37.98099,-54.41552
34790.,-3.995203,-4.080824,30.57401,-2.810218,-4.099369,-37.98155,-54.41604
34800.,-3.995841,-4.081462,30.57358,-2.810863,-4.100008,-37.9821,-54.41656
34810.,-3.996478,-4.082099,30.57315,-2.811507,-4.100647,-37.98264,-54.41709
34820.,-3.997114,-4.082736,30.57273,-2.81215,-4.101284,-37.98319,-54.41761
34830.,-3.997749,-4.083372,30.5723,-2.812792,-4.101922,-37.98374,-54.41813
34840.,-3.998384,-4.084007,30.57187,-2.813434,-4.102558,-37.98429,-54.41865
34850.,-3.999019,-4.084642,30.57145,-2.814075,-4.103194,-37.98484,-54.41917
34860.,-3.999652,-4.085276,30.57102,-2.814716,-4.10383,-37.98538,-54.41968
34870.,-4.000285,-4.085909,30.5706,-2.815356,-4.104464,-37.98593,-54.4202
34880.,-4.000918,-4.086542,30.57017,-2.815995,-4.105098,-37.98648,-54.42072
34890.,-4.001549,-4.087174,30.56975,-2.816634,-4.105732,-37.98702,-54.42124
34900.,-4.00218,-4.087806,30.56933,-2.817272,-4.106365,-37.98757,-54.42175
34910.,-4.002811,-4.088437,30.5689,-2.817909,-4.106997,-37.98811,-54.42227
34920.,-4.003441,-4.089067,30.56848,-2.818546,-4.107628,-37.98865,-54.42278
34930.,-4.00407,-4.089697,30.56806,-2.819182,-4.108259,-37.9892,-54.4233
34940.,-4.004698,-4.090326,30.56764,-2.819817,-4.108889,-37.98974,-54.42381
34950.,-4.005326,-4.090954,30.56722,-2.820452,-4.109519,-37.99028,-54.42433
34960.,-4.005954,-4.091582,30.5668,-2.821086,-4.110148,-37.99082,-54.42484
34970.,-4.00658,-4.092209,30.56638,-2.821719,-4.110776,-37.99136,-54.42535
34980.,-4.007206,-4.092836,30.56596,-2.822352,-4.111404,-37.9919,-54.42586
34990.,-4.007832,-4.093461,30.56554,-2.822984,-4.112031,-37.99244,-54.42638
35000.,-4.008456,-4.094087,30.56512,-2.823616,-4.112657,-37.99298,-54.42689
35010.,-4.00908,-4.094711,30.5647,-2.824247,-4.113283,-37.99352,-54.4274
35020.,-4.009704,-4.095335,30.56428,-2.824877,-4.113908,-37.99406,-54.42791
35030.,-4.010327,-4.095958,30.56386,-2.825507,-4.114532,-37.9946,-54.42842
35040.,-4.010949,-4.096581,30.56344,-2.826136,-4.115156,-37.99513,-54.42893
35050.,-4.011571,-4.097203,30.56303,-2.826764,-4.11578,-37.99567,-54.42944
35060.,-4.012192,-4.097825,30.56261,-2.827392,-4.116402,-37.99621,-54.42994
35070.,-4.012812,-4.098445,30.5622,-2.828019,-4.117024,-37.99674,-54.43045
35080.,-4.013432,-4.099066,30.56178,-2.828645,-4.117645,-37.99728,-54.43096
35090.,-4.014051,-4.099685,30.56136,-2.829271,-4.118266,-37.99781,-54.43147
35100.,-4.014669,-4.100304,30.56095,-2.829896,-4.118886,-37.99834,-54.43197
35110.,-4.015287,-4.100922,30.56053,-2.830521,-4.119506,-37.99888,-54.43248
35120.,-4.015904,-4.10154,30.56012,-2.831145,-4.120125,-37.99941,-54.43298
35130.,-4.016521,-4.102157,30.55971,-2.831768,-4.120743,-37.99994,-54.43349
35140.,-4.017137,-4.102774,30.55929,-2.832391,-4.12136,-38.00047,-54.43399
35150.,-4.017752,-4.103389,30.55888,-2.833013,-4.121977,-38.001,-54.43449
35160.,-4.018367,-4.104005,30.55847,-2.833634,-4.122594,-38.00153,-54.435
35170.,-4.018981,-4.104619,30.55806,-2.834255,-4.123209,-38.00206,-54.4355
35180.,-4.019594,-4.105233,30.55765,-2.834875,-4.123825,-38.00259,-54.436
35190.,-4.020207,-4.105846,30.55723,-2.835495,-4.124439,-38.00312,-54.4365
35200.,-4.020819,-4.106459,30.55682,-2.836114,-4.125053,-38.00365,-54.437
35210.,-4.021431,-4.107071,30.55641,-2.836732,-4.125666,-38.00418,-54.4375
35220.,-4.022042,-4.107683,30.556,-2.83735,-4.126279,-38.00471,-54.438
35230.,-4.022652,-4.108293,30.55559,-2.837967,-4.126891,-38.00523,-54.4385
35240.,-4.023262,-4.108904,30.55519,-2.838583,-4.127502,-38.00576,-54.439
35250.,-4.023871,-4.109513,30.55478,-2.839199,-4.128113,-38.00629,-54.4395
35260.,-4.02448,-4.110122,30.55437,-2.839814,-4.128723,-38.00681,-54.44
35270.,-4.025088,-4.110731,30.55396,-2.840429,-4.129333,-38.00733,-54.4405
35280.,-4.025695,-4.111338,30.55355,-2.841042,-4.129941,-38.00786,-54.44099
35290.,-4.026302,-4.111945,30.55315,-2.841656,-4.13055,-38.00838,-54.44149
35300.,-4.026908,-4.112552,30.55274,-2.842268,-4.131157,-38.00891,-54.44199
35310.,-4.027513,-4.113158,30.55233,-2.842881,-4.131765,-38.00943,-54.44248
35320.,-4.028118,-4.113763,30.55193,-2.843492,-4.132371,-38.00995,-54.44298
35330.,-4.028722,-4.114368,30.55152,-2.844103,-4.132977,-38.01047,-54.44347
35340.,-4.029326,-4.114972,30.55112,-2.844713,-4.133582,-38.01099,-54.44397
35350.,-4.029929,-4.115576,30.55071,-2.845323,-4.134187,-38.01151,-54.44446
35360.,-4.030532,-4.116178,30.55031,-2.845932,-4.134791,-38.01203,-54.44495
35370.,-4.031133,-4.116781,30.54991,-2.84654,-4.135394,-38.01255,-54.44544
35380.,-4.031735,-4.117382,30.5495,-2.847148,-4.135997,-38.01307,-54.44594
35390.,-4.032335,-4.117983,30.5491,-2.847755,-4.136599,-38.01359,-54.44643
35400.,-4.032935,-4.118584,30.5487,-2.848361,-4.137201,-38.01411,-54.44692
35410.,-4.033535,-4.119184,30.5483,-2.848967,-4.137802,-38.01462,-54.44741
35420.,-4.034133,-4.119783,30.54789,-2.849573,-4.138402,-38.01514,-54.4479
35430.,-4.034731,-4.120381,30.54749,-2.850177,-4.139002,-38.01566,-54.44839
35440.,-4.035329,-4.120979,30.54709,-2.850781,-4.139601,-38.01617,-54.44888
35450.,-4.035926,-4.121577,30.54669,-2.851385,-4.140199,-38.01669,-54.44937
35460.,-4.036522,-4.122174,30.54629,-2.851988,-4.140797,-38.0172,-54.44985
35470.,-4.037118,-4.12277,30.54589,-2.85259,-4.141395,-38.01772,-54.45034
35480.,-4.037713,-4.123365,30.54549,-2.853192,-4.141991,-38.01823,-54.45083
35490.,-4.038308,-4.12396,30.54509,-2.853793,-4.142588,-38.01874,-54.45131
35500.,-4.038902,-4.124555,30.5447,-2.854393,-4.143183,-38.01926,-54.4518
35510.,-4.039495,-4.125149,30.5443,-2.854993,-4.143778,-38.01977,-54.45229
35520.,-4.040088,-4.125742,30.5439,-2.855592,-4.144372,-38.02028,-54.45277
35530.,-4.04068,-4.126334,30.5435,-2.856191,-4.144966,-38.02079,-54.45326
35540.,-4.041272,-4.126926,30.54311,-2.856789,-4.145559,-38.0213,-54.45374
35550.,-4.041863,-4.127518,30.54271,-2.857386,-4.146152,-38.02181,-54.45422
35560.,-4.042453,-4.128109,30.54231,-2.857983,-4.146744,-38.02232,-54.45471
35570.,-4.043043,-4.128699,30.54192,-2.858579,-4.147335,-38.02283,-54.45519
35580.,-4.043632,-4.129288,30.54152,-2.859175,-4.147926,-38.02334,-54.45567
35590.,-4.04422,-4.129877,30.54113,-2.85977,-4.148516,-38.02385,-54.45615
35600.,-4.044808,-4.130466,30.54073,-2.860364,-4.149105,-38.02435,-54.45663
35610.,-4.045396,-4.131054,30.54034,-2.860958,-4.149694,-38.02486,-54.45711
35620.,-4.045983,-4.131641,30.53995,-2.861551,-4.150283,-38.02537,-54.45759
35630.,-4.046569,-4.132228,30.53955,-2.862143,-4.15087,-38.02587,-54.45807
35640.,-4.047154,-4.132814,30.53916,-2.862735,-4.151457,-38.02638,-54.45855
35650.,-4.047739,-4.133399,30.53877,-2.863327,-4.152044,-38.02688,-54.45903
35660.,-4.048324,-4.133984,30.53838,-2.863918,-4.15263,-38.02739,-54.45951
35670.,-4.048908,-4.134568,30.53798,-2.864508,-4.153215,-38.02789,-54.45999
35680.,-4.049491,-4.135152,30.53759,-2.865097,-4.1538,-38.02839,-54.46047
35690.,-4.050073,-4.135735,30.5372,-2.865686,-4.154384,-38.0289,-54.46094
35700.,-4.050656,-4.136317,30.53681,-2.866275,-4.154968,-38.0294,-54.46142
35710.,-4.051237,-4.136899,30.53642,-2.866863,-4.155551,-38.0299,-54.46189
35720.,-4.051818,-4.137481,30.53603,-2.86745,-4.156133,-38.0304,-54.46237
35730.,-4.052398,-4.138061,30.53564,-2.868036,-4.156715,-38.0309,-54.46284
35740.,-4.052978,-4.138642,30.53525,-2.868623,-4.157297,-38.0314,-54.46332
35750.,-4.053557,-4.139221,30.53487,-2.869208,-4.157877,-38.0319,-54.46379
35760.,-4.054136,-4.1398,30.53448,-2.869793,-4.158457,-38.0324,-54.46427
35770.,-4.054714,-4.140379,30.53409,-2.870377,-4.159037,-38.0329,-54.46474
35780.,-4.055291,-4.140956,30.5337,-2.870961,-4.159616,-38.0334,-54.46521
35790.,-4.055868,-4.141534,30.53332,-2.871544,-4.160194,-38.0339,-54.46568
35800.,-4.056444,-4.14211,30.53293,-2.872126,-4.160772,-38.03439,-54.46615
35810.,-4.05702,-4.142686,30.53254,-2.872708,-4.161349,-38.03489,-54.46663
35820.,-4.057595,-4.143262,30.53216,-2.87329,-4.161925,-38.03539,-54.4671
35830.,-4.058169,-4.143837,30.53177,-2.87387,-4.162501,-38.03588,-54.46757
35840.,-4.058743,-4.144411,30.53139,-2.87445,-4.163077,-38.03638,-54.46804
35850.,-4.059316,-4.144985,30.531,-2.87503,-4.163652,-38.03687,-54.46851
35860.,-4.059889,-4.145558,30.53062,-2.875609,-4.164226,-38.03737,-54.46897
35870.,-4.060461,-4.14613,30.53024,-2.876187,-4.1648,-38.03786,-54.46944
35880.,-4.061033,-4.146702,30.52985,-2.876765,-4.165373,-38.03835,-54.46991
35890.,-4.061604,-4.147274,30.52947,-2.877342,-4.165945,-38.03885,-54.47038
35900.,-4.062174,-4.147845,30.52909,-2.877919,-4.166517,-38.03934,-54.47084
35910.,-4.062744,-4.148415,30.52871,-2.878495,-4.167088,-38.03983,-54.47131
35920.,-4.063313,-4.148985,30.52832,-2.87907,-4.167659,-38.04032,-54.47178
35930.,-4.063882,-4.149554,30.52794,-2.879645,-4.168229,-38.04081,-54.47224
35940.,-4.06445,-4.150122,30.52756,-2.88022,-4.168799,-38.0413,-54.47271
35950.,-4.065018,-4.15069,30.52718,-2.880793,-4.169368,-38.04179,-54.47317
35960.,-4.065585,-4.151258,30.5268,-2.881367,-4.169937,-38.04228,-54.47363
35970.,-4.066151,-4.151825,30.52642,-2.881939,-4.170504,-38.04277,-54.4741
35980.,-4.066717,-4.152391,30.52604,-2.882511,-4.171072,-38.04326,-54.47456
35990.,-4.067282,-4.152956,30.52566,-2.883083,-4.171639,-38.04375,-54.47502
36000.,-4.067847,-4.153522,30.52528,-2.883653,-4.172205,-38.04424,-54.47549
36010.,-4.068411,-4.154086,30.5249,-2.884224,-4.17277,-38.04472,-54.47595
36020.,-4.068974,-4.15465,30.52453,-2.884793,-4.173335,-38.04521,-54.47641
36030.,-4.069537,-4.155213,30.52415,-2.885362,-4.1739,-38.04569,-54.47687
36040.,-4.0701,-4.155776,30.52377,-2.885931,-4.174464,-38.04618,-54.47733
36050.,-4.070662,-4.156339,30.5234,-2.886499,-4.175027,-38.04666,-54.47779
36060.,-4.071223,-4.1569,30.52302,-2.887066,-4.17559,-38.04715,-54.47825
36070.,-4.071784,-4.157461,30.52264,-2.887633,-4.176152,-38.04763,-54.47871
36080.,-4.072344,-4.158022,30.52227,-2.888199,-4.176714,-38.04812,-54.47917
36090.,-4.072903,-4.158582,30.52189,-2.888765,-4.177275,-38.0486,-54.47962
36100.,-4.073462,-4.159141,30.52152,-2.88933,-4.177835,-38.04908,-54.48008
36110.,-4.074021,-4.1597,30.52114,-2.889895,-4.178395,-38.04956,-54.48054
36120.,-4.074579,-4.160259,30.52077,-2.890459,-4.178954,-38.05004,-54.48099
36130.,-4.075136,-4.160816,30.5204,-2.891022,-4.179513,-38.05053,-54.48145
36140.,-4.075693,-4.161373,30.52002,-2.891585,-4.180071,-38.05101,-54.48191
36150.,-4.076249,-4.16193,30.51965,-2.892147,-4.180629,-38.05149,-54.48236
36160.,-4.076805,-4.162486,30.51928,-2.892709,-4.181186,-38.05197,-54.48282
36170.,-4.07736,-4.163042,30.5189,-2.89327,-4.181743,-38.05244,-54.48327
36180.,-4.077914,-4.163596,30.51853,-2.89383,-4.182299,-38.05292,-54.48372
36190.,-4.078468,-4.164151,30.51816,-2.89439,-4.182854,-38.0534,-54.48418
36200.,-4.079021,-4.164705,30.51779,-2.89495,-4.183409,-38.05388,-54.48463
36210.,-4.079574,-4.165258,30.51742,-2.895509,-4.183963,-38.05436,-54.48508
36220.,-4.080127,-4.165811,30.51705,-2.896067,-4.184517,-38.05483,-54.48553
36230.,-4.080678,-4.166363,30.51668,-2.896625,-4.18507,-38.05531,-54.48599
36240.,-4.081229,-4.166914,30.51631,-2.897182,-4.185623,-38.05578,-54.48644
36250.,-4.08178,-4.167465,30.51594,-2.897738,-4.186175,-38.05626,-54.48689
36260.,-4.08233,-4.168016,30.51557,-2.898295,-4.186726,-38.05673,-54.48734
36270.,-4.08288,-4.168566,30.5152,-2.89885,-4.187277,-38.05721,-54.48779
36280.,-4.083428,-4.169115,30.51483,-2.899405,-4.187828,-38.05768,-54.48824
36290.,-4.083977,-4.169664,30.51447,-2.899959,-4.188378,-38.05816,-54.48868
36300.,-4.084525,-4.170212,30.5141,-2.900513,-4.188927,-38.05863,-54.48913
36310.,-4.085072,-4.17076,30.51373,-2.901066,-4.189476,-38.0591,-54.48958
36320.,-4.085619,-4.171307,30.51337,-2.901619,-4.190024,-38.05957,-54.49003
36330.,-4.086165,-4.171853,30.513,-2.902171,-4.190571,-38.06004,-54.49047
36340.,-4.08671,-4.172399,30.51263,-2.902723,-4.191118,-38.06051,-54.49092
36350.,-4.087256,-4.172945,30.51227,-2.903274,-4.191665,-38.06098,-54.49137
36360.,-4.0878,-4.17349,30.5119,-2.903824,-4.192211,-38.06145,-54.49181
36370.,-4.088344,-4.174034,30.51154,-2.904374,-4.192756,-38.06192,-54.49226
36380.,-4.088887,-4.174578,30.51117,-2.904923,-4.193301,-38.06239,-54.4927
36390.,-4.08943,-4.175121,30.51081,-2.905472,-4.193845,-38.06286,-54.49315
36400.,-4.089973,-4.175664,30.51045,-2.90602,-4.194389,-38.06333,-54.49359
36410.,-4.090514,-4.176206,30.51008,-2.906568,-4.194932,-38.0638,-54.49403
36420.,-4.091056,-4.176748,30.50972,-2.907115,-4.195475,-38.06426,-54.49448
36430.,-4.091596,-4.177289,30.50936,-2.907662,-4.196017,-38.06473,-54.49492
36440.,-4.092136,-4.177829,30.509,-2.908208,-4.196559,-38.0652,-54.49536
36450.,-4.092676,-4.178369,30.50863,-2.908753,-4.1971,-38.06566,-54.4958
36460.,-4.093215,-4.178909,30.50827,-2.909298,-4.19764,-38.06613,-54.49624
36470.,-4.093754,-4.179448,30.50791,-2.909842,-4.19818,-38.06659,-54.49668
36480.,-4.094291,-4.179986,30.50755,-2.910386,-4.19872,-38.06706,-54.49712
36490.,-4.094829,-4.180524,30.50719,-2.91093,-4.199258,-38.06752,-54.49756
36500.,-4.095366,-4.181061,30.50683,-2.911472,-4.199797,-38.06798,-54.498
36510.,-4.095902,-4.181598,30.50647,-2.912014,-4.200334,-38.06845,-54.49844
36520.,-4.096438,-4.182134,30.50611,-2.912556,-4.200872,-38.06891,-54.49888
36530.,-4.096973,-4.18267,30.50575,-2.913097,-4.201408,-38.06937,-54.49932
36540.,-4.097508,-4.183205,30.50539,-2.913638,-4.201944,-38.06983,-54.49976
36550.,-4.098042,-4.183739,30.50504,-2.914178,-4.20248,-38.07029,-54.50019
36560.,-4.098576,-4.184273,30.50468,-2.914717,-4.203015,-38.07075,-54.50063
36570.,-4.099109,-4.184807,30.50432,-2.915256,-4.203549,-38.07121,-54.50107
36580.,-4.099641,-4.18534,30.50396,-2.915794,-4.204083,-38.07167,-54.5015
36590.,-4.100173,-4.185872,30.50361,-2.916332,-4.204617,-38.07213,-54.50194
36600.,-4.100705,-4.186404,30.50325,-2.916869,-4.20515,-38.07259,-54.50237
36610.,-4.101236,-4.186935,30.50289,-2.917406,-4.205682,-38.07305,-54.50281
36620.,-4.101766,-4.187466,30.50254,-2.917942,-4.206214,-38.07351,-54.50324
36630.,-4.102296,-4.187997,30.50218,-2.918478,-4.206745,-38.07396,-54.50367
36640.,-4.102825,-4.188526,30.50183,-2.919013,-4.207276,-38.07442,-54.50411
36650.,-4.103354,-4.189055,30.50147,-2.919548,-4.207806,-38.07488,-54.50454
36660.,-4.103882,-4.189584,30.50112,-2.920082,-4.208336,-38.07533,-54.50497
36670.,-4.10441,-4.190112,30.50077,-2.920615,-4.208865,-38.07579,-54.5054
36680.,-4.104937,-4.19064,30.50041,-2.921148,-4.209393,-38.07624,-54.50584
36690.,-4.105464,-4.191167,30.50006,-2.92168,-4.209922,-38.0767,-54.50627
36700.,-4.10599,-4.191693,30.49971,-2.922212,-4.210449,-38.07715,-54.5067
36710.,-4.106516,-4.192219,30.49935,-2.922744,-4.210976,-38.07761,-54.50713
36720.,-4.107041,-4.192745,30.499,-2.923274,-4.211503,-38.07806,-54.50756
36730.,-4.107565,-4.19327,30.49865,-2.923805,-4.212028,-38.07851,-54.50799
36740.,-4.108089,-4.193794,30.4983,-2.924334,-4.212554,-38.07896,-54.50842
36750.,-4.108613,-4.194318,30.49795,-2.924864,-4.213079,-38.07942,-54.50884
36760.,-4.109136,-4.194841,30.4976,-2.925392,-4.213603,-38.07987,-54.50927
36770.,-4.109658,-4.195364,30.49725,-2.92592,-4.214127,-38.08032,-54.5097
36780.,-4.11018,-4.195887,30.4969,-2.926448,-4.21465,-38.08077,-54.51013
36790.,-4.110701,-4.196408,30.49655,-2.926975,-4.215173,-38.08122,-54.51055
36800.,-4.111222,-4.19693,30.4962,-2.927502,-4.215695,-38.08167,-54.51098
36810.,-4.111742,-4.19745,30.49585,-2.928028,-4.216217,-38.08212,-54.5114
36820.,-4.112262,-4.19797,30.4955,-2.928553,-4.216738,-38.08256,-54.51183
36830.,-4.112782,-4.19849,30.49515,-2.929078,-4.217259,-38.08301,-54.51225
36840.,-4.1133,-4.199009,30.49481,-2.929602,-4.217779,-38.08346,-54.51268
36850.,-4.113819,-4.199528,30.49446,-2.930126,-4.218298,-38.08391,-54.5131
36860.,-4.114336,-4.200046,30.49411,-2.93065,-4.218817,-38.08435,-54.51353
36870.,-4.114853,-4.200563,30.49376,-2.931172,-4.219336,-38.0848,-54.51395
36880.,-4.11537,-4.20108,30.49342,-2.931695,-4.219854,-38.08525,-54.51437
36890.,-4.115886,-4.201597,30.49307,-2.932216,-4.220371,-38.08569,-54.5148
36900.,-4.116402,-4.202113,30.49273,-2.932738,-4.220888,-38.08614,-54.51522
36910.,-4.116917,-4.202628,30.49238,-2.933258,-4.221405,-38.08658,-54.51564
36920.,-4.117431,-4.203143,30.49204,-2.933779,-4.221921,-38.08703,-54.51606
36930.,-4.117945,-4.203658,30.49169,-2.934298,-4.222436,-38.08747,-54.51648
36940.,-4.118459,-4.204172,30.49135,-2.934817,-4.222951,-38.08791,-54.5169
36950.,-4.118972,-4.204685,30.491,-2.935336,-4.223465,-38.08836,-54.51732
36960.,-4.119485,-4.205198,30.49066,-2.935854,-4.223979,-38.0888,-54.51774
36970.,-4.119996,-4.20571,30.49032,-2.936372,-4.224493,-38.08924,-54.51816
36980.,-4.120508,-4.206222,30.48997,-2.936889,-4.225005,-38.08968,-54.51858
36990.,-4.121019,-4.206734,30.48963,-2.937405,-4.225518,-38.09012,-54.519
37000.,-4.121529,-4.207244,30.48929,-2.937921,-4.22603,-38.09056,-54.51941
37010.,-4.122039,-4.207755,30.48895,-2.938437,-4.226541,-38.091,-54.51983
37020.,-4.122549,-4.208264,30.48861,-2.938952,-4.227052,-38.09144,-54.52025
37030.,-4.123058,-4.208774,30.48826,-2.939466,-4.227562,-38.09188,-54.52066
37040.,-4.123566,-4.209282,30.48792,-2.93998,-4.228072,-38.09232,-54.52108
37050.,-4.124074,-4.209791,30.48758,-2.940493,-4.228581,-38.09276,-54.5215
37060.,-4.124581,-4.210298,30.48724,-2.941006,-4.229089,-38.0932,-54.52191
37070.,-4.125088,-4.210806,30.4869,-2.941518,-4.229598,-38.09363,-54.52232
37080.,-4.125594,-4.211312,30.48656,-2.94203,-4.230105,-38.09407,-54.52274
37090.,-4.1261,-4.211819,30.48622,-2.942542,-4.230612,-38.09451,-54.52315
37100.,-4.126605,-4.212324,30.48589,-2.943052,-4.231119,-38.09494,-54.52357
37110.,-4.12711,-4.212829,30.48555,-2.943563,-4.231625,-38.09538,-54.52398
37120.,-4.127614,-4.213334,30.48521,-2.944073,-4.232131,-38.09581,-54.52439
37130.,-4.128118,-4.213838,30.48487,-2.944582,-4.232636,-38.09625,-54.5248
37140.,-4.128621,-4.214342,30.48453,-2.945091,-4.233141,-38.09668,-54.52522
37150.,-4.129124,-4.214845,30.4842,-2.945599,-4.233645,-38.09712,-54.52563
37160.,-4.129626,-4.215348,30.48386,-2.946107,-4.234148,-38.09755,-54.52604
37170.,-4.130128,-4.21585,30.48352,-2.946614,-4.234651,-38.09798,-54.52645
37180.,-4.130629,-4.216351,30.48319,-2.94712,-4.235154,-38.09842,-54.52686
37190.,-4.13113,-4.216852,30.48285,-2.947627,-4.235656,-38.09885,-54.52727
37200.,-4.13163,-4.217353,30.48252,-2.948132,-4.236157,-38.09928,-54.52768
37210.,-4.13213,-4.217853,30.48218,-2.948637,-4.236658,-38.09971,-54.52809
37220.,-4.132629,-4.218353,30.48185,-2.949142,-4.237159,-38.10014,-54.5285
37230.,-4.133128,-4.218852,30.48151,-2.949646,-4.237659,-38.10057,-54.5289
37240.,-4.133626,-4.21935,30.48118,-2.95015,-4.238159,-38.101,-54.52931
37250.,-4.134124,-4.219848,30.48085,-2.950653,-4.238658,-38.10143,-54.52972
37260.,-4.134621,-4.220346,30.48051,-2.951156,-4.239156,-38.10186,-54.53013
37270.,-4.135118,-4.220843,30.48018,-2.951658,-4.239654,-38.10229,-54.53053
37280.,-4.135614,-4.22134,30.47985,-2.952159,-4.240152,-38.10272,-54.53094
37290.,-4.13611,-4.221836,30.47951,-2.95266,-4.240649,-38.10314,-54.53134
37300.,-4.136605,-4.222331,30.47918,-2.953161,-4.241145,-38.10357,-54.53175
37310.,-4.1371,-4.222826,30.47885,-2.953661,-4.241641,-38.104,-54.53215
37320.,-4.137594,-4.223321,30.47852,-2.954161,-4.242137,-38.10443,-54.53256
37330.,-4.138088,-4.223815,30.47819,-2.95466,-4.242632,-38.10485,-54.53296
37340.,-4.138581,-4.224309,30.47786,-2.955158,-4.243126,-38.10528,-54.53337
37350.,-4.139073,-4.224802,30.47753,-2.955656,-4.24362,-38.1057,-54.53377
37360.,-4.139566,-4.225294,30.4772,-2.956154,-4.244114,-38.10613,-54.53417
37370.,-4.140057,-4.225786,30.47687,-2.956651,-4.244607,-38.10655,-54.53457
37380.,-4.140549,-4.226278,30.47654,-2.957148,-4.245099,-38.10698,-54.53498
37390.,-4.141039,-4.226769,30.47621,-2.957644,-4.245591,-38.1074,-54.53538
37400.,-4.141529,-4.22726,30.47588,-2.958139,-4.246083,-38.10782,-54.53578
37410.,-4.142019,-4.22775,30.47555,-2.958634,-4.246574,-38.10824,-54.53618
37420.,-4.142508,-4.228239,30.47522,-2.959129,-4.247064,-38.10867,-54.53658
37430.,-4.142997,-4.228728,30.4749,-2.959623,-4.247554,-38.10909,-54.53698
37440.,-4.143485,-4.229217,30.47457,-2.960117,-4.248044,-38.10951,-54.53738
37450.,-4.143973,-4.229705,30.47424,-2.96061,-4.248533,-38.10993,-54.53778
37460.,-4.14446,-4.230193,30.47392,-2.961102,-4.249022,-38.11035,-54.53818
37470.,-4.144947,-4.23068,30.47359,-2.961594,-4.24951,-38.11077,-54.53858
37480.,-4.145433,-4.231167,30.47326,-2.962086,-4.249997,-38.11119,-54.53897
37490.,-4.145919,-4.231653,30.47294,-2.962577,-4.250484,-38.11161,-54.53937
37500.,-4.146405,-4.232138,30.47261,-2.963068,-4.250971,-38.11203,-54.53977
37510.,-4.146889,-4.232623,30.47229,-2.963558,-4.251457,-38.11245,-54.54016
37520.,-4.147374,-4.233108,30.47196,-2.964047,-4.251942,-38.11287,-54.54056
37530.,-4.147858,-4.233592,30.47164,-2.964536,-4.252428,-38.11328,-54.54096
37540.,-4.148341,-4.234076,30.47132,-2.965025,-4.252912,-38.1137,-54.54135
37550.,-4.148824,-4.234559,30.47099,-2.965513,-4.253396,-38.11412,-54.54175
37560.,-4.149306,-4.235042,30.47067,-2.966001,-4.25388,-38.11453,-54.54214
37570.,-4.149788,-4.235524,30.47035,-2.966488,-4.254363,-38.11495,-54.54254
37580.,-4.150269,-4.236006,30.47002,-2.966975,-4.254846,-38.11536,-54.54293
37590.,-4.15075,-4.236487,30.4697,-2.967461,-4.255328,-38.11578,-54.54332
37600.,-4.151231,-4.236968,30.46938,-2.967946,-4.25581,-38.11619,-54.54372
37610.,-4.151711,-4.237448,30.46906,-2.968431,-4.256291,-38.11661,-54.54411
37620.,-4.15219,-4.237928,30.46873,-2.968916,-4.256772,-38.11702,-54.5445
37630.,-4.152669,-4.238407,30.46841,-2.9694,-4.257252,-38.11743,-54.54489
37640.,-4.153148,-4.238886,30.46809,-2.969884,-4.257732,-38.11785,-54.54529
37650.,-4.153626,-4.239365,30.46777,-2.970367,-4.258211,-38.11826,-54.54568
37660.,-4.154103,-4.239843,30.46745,-2.97085,-4.25869,-38.11867,-54.54607
37670.,-4.15458,-4.24032,30.46713,-2.971332,-4.259168,-38.11908,-54.54646
37680.,-4.155057,-4.240797,30.46681,-2.971814,-4.259646,-38.1195,-54.54685
37690.,-4.155533,-4.241273,30.46649,-2.972295,-4.260123,-38.11991,-54.54724
37700.,-4.156008,-4.241749,30.46618,-2.972776,-4.2606,-38.12032,-54.54763
37710.,-4.156483,-4.242225,30.46586,-2.973256,-4.261076,-38.12073,-54.54802
37720.,-4.156958,-4.2427,30.46554,-2.973736,-4.261552,-38.12114,-54.5484
37730.,-4.157432,-4.243174,30.46522,-2.974215,-4.262028,-38.12155,-54.54879
37740.,-4.157906,-4.243648,30.4649,-2.974694,-4.262503,-38.12195,-54.54918
37750.,-4.158379,-4.244122,30.46459,-2.975173,-4.262977,-38.12236,-54.54957
37760.,-4.158852,-4.244595,30.46427,-2.975651,-4.263451,-38.12277,-54.54995
37770.,-4.159324,-4.245068,30.46395,-2.976128,-4.263925,-38.12318,-54.55034
37780.,-4.159796,-4.24554,30.46364,-2.976605,-4.264398,-38.12359,-54.55073
37790.,-4.160267,-4.246011,30.46332,-2.977081,-4.26487,-38.12399,-54.55111
37800.,-4.160738,-4.246482,30.46301,-2.977557,-4.265342,-38.1244,-54.5515
37810.,-4.161208,-4.246953,30.46269,-2.978033,-4.265814,-38.1248,-54.55188
37820.,-4.161678,-4.247423,30.46238,-2.978508,-4.266285,-38.12521,-54.55227
37830.,-4.162148,-4.247893,30.46206,-2.978982,-4.266756,-38.12561,-54.55265
37840.,-4.162616,-4.248362,30.46175,-2.979456,-4.267226,-38.12602,-54.55303
37850.,-4.163085,-4.248831,30.46143,-2.97993,-4.267695,-38.12642,-54.55342
37860.,-4.163553,-4.2493,30.46112,-2.980403,-4.268165,-38.12683,-54.5538
37870.,-4.16402,-4.249767,30.46081,-2.980876,-4.268633,-38.12723,-54.55418
37880.,-4.164487,-4.250235,30.46049,-2.981348,-4.269102,-38.12763,-54.55456
37890.,-4.164954,-4.250702,30.46018,-2.981819,-4.269569,-38.12804,-54.55495
37900.,-4.16542,-4.251168,30.45987,-2.98229,-4.270037,-38.12844,-54.55533
37910.,-4.165886,-4.251634,30.45956,-2.982761,-4.270504,-38.12884,-54.55571
37920.,-4.166351,-4.2521,30.45924,-2.983231,-4.27097,-38.12924,-54.55609
37930.,-4.166816,-4.252565,30.45893,-2.983701,-4.271436,-38.12964,-54.55647
37940.,-4.16728,-4.253029,30.45862,-2.98417,-4.271901,-38.13004,-54.55685
37950.,-4.167743,-4.253493,30.45831,-2.984639,-4.272366,-38.13044,-54.55723
37960.,-4.168207,-4.253957,30.458,-2.985108,-4.272831,-38.13084,-54.55761
37970.,-4.16867,-4.25442,30.45769,-2.985575,-4.273295,-38.13124,-54.55799
37980.,-4.169132,-4.254883,30.45738,-2.986043,-4.273758,-38.13164,-54.55837
37990.,-4.169594,-4.255345,30.45707,-2.98651,-4.274222,-38.13204,-54.55874
38000.,-4.170055,-4.255807,30.45676,-2.986976,-4.274684,-38.13244,-54.55912
38010.,-4.170516,-4.256268,30.45645,-2.987442,-4.275146,-38.13284,-54.5595
38020.,-4.170977,-4.256729,30.45614,-2.987908,-4.275608,-38.13323,-54.55987
38030.,-4.171437,-4.257189,30.45583,-2.988373,-4.276069,-38.13363,-54.56025
38040.,-4.171896,-4.257649,30.45553,-2.988837,-4.27653,-38.13403,-54.56063
38050.,-4.172355,-4.258109,30.45522,-2.989301,-4.27699,-38.13442,-54.561
38060.,-4.172814,-4.258567,30.45491,-2.989765,-4.27745,-38.13482,-54.56138
38070.,-4.173272,-4.259026,30.4546,-2.990228,-4.27791,-38.13521,-54.56175
38080.,-4.17373,-4.259484,30.4543,-2.990691,-4.278368,-38.13561,-54.56213
38090.,-4.174187,-4.259942,30.45399,-2.991153,-4.278827,-38.136,-54.5625
38100.,-4.174644,-4.260399,30.45369,-2.991615,-4.279285,-38.1364,-54.56288
38110.,-4.1751,-4.260855,30.45338,-2.992076,-4.279742,-38.13679,-54.56325
38120.,-4.175556,-4.261312,30.45307,-2.992537,-4.2802,-38.13719,-54.56362
38130.,-4.176011,-4.261767,30.45277,-2.992997,-4.280656,-38.13758,-54.56399
38140.,-4.176466,-4.262223,30.45246,-2.993457,-4.281112,-38.13797,-54.56437
38150.,-4.176921,-4.262677,30.45216,-2.993917,-4.281568,-38.13836,-54.56474
38160.,-4.177375,-4.263132,30.45185,-2.994376,-4.282023,-38.13876,-54.56511
38170.,-4.177828,-4.263586,30.45155,-2.994834,-4.282478,-38.13915,-54.56548
38180.,-4.178281,-4.264039,30.45125,-2.995292,-4.282932,-38.13954,-54.56585
38190.,-4.178734,-4.264492,30.45094,-2.99575,-4.283386,-38.13993,-54.56622
38200.,-4.179186,-4.264945,30.45064,-2.996207,-4.283839,-38.14032,-54.56659
38210.,-4.179638,-4.265397,30.45034,-2.996663,-4.284292,-38.14071,-54.56696
38220.,-4.180089,-4.265848,30.45004,-2.99712,-4.284745,-38.1411,-54.56733
38230.,-4.18054,-4.266299,30.44973,-2.997575,-4.285197,-38.14149,-54.5677
38240.,-4.18099,-4.26675,30.44943,-2.998031,-4.285648,-38.14188,-54.56807
38250.,-4.18144,-4.2672,30.44913,-2.998485,-4.2861,-38.14226,-54.56844
38260.,-4.18189,-4.26765,30.44883,-2.99894,-4.28655,-38.14265,-54.56881
38270.,-4.182339,-4.2681,30.44853,-2.999394,-4.287,-38.14304,-54.56917
38280.,-4.182787,-4.268548,30.44823,-2.999847,-4.28745,-38.14343,-54.56954
38290.,-4.183235,-4.268997,30.44793,-3.0003,-4.287899,-38.14381,-54.56991
38300.,-4.183683,-4.269445,30.44763,-3.000753,-4.288348,-38.1442,-54.57027
38310.,-4.18413,-4.269892,30.44733,-3.001205,-4.288797,-38.14459,-54.57064
38320.,-4.184577,-4.270339,30.44703,-3.001656,-4.289245,-38.14497,-54.571
38330.,-4.185023,-4.270786,30.44673,-3.002108,-4.289692,-38.14536,-54.57137
38340.,-4.185469,-4.271232,30.44643,-3.002558,-4.290139,-38.14574,-54.57173
38350.,-4.185915,-4.271678,30.44613,-3.003009,-4.290586,-38.14612,-54.5721
38360.,-4.18636,-4.272123,30.44583,-3.003458,-4.291032,-38.14651,-54.57246
38370.,-4.186804,-4.272568,30.44554,-3.003908,-4.291477,-38.14689,-54.57283
38380.,-4.187248,-4.273012,30.44524,-3.004357,-4.291923,-38.14728,-54.57319
38390.,-4.187692,-4.273456,30.44494,-3.004805,-4.292367,-38.14766,-54.57355
38400.,-4.188135,-4.2739,30.44464,-3.005253,-4.292812,-38.14804,-54.57392
38410.,-4.188578,-4.274343,30.44435,-3.005701,-4.293256,-38.14842,-54.57428
38420.,-4.18902,-4.274786,30.44405,-3.006148,-4.293699,-38.1488,-54.57464
38430.,-4.189462,-4.275228,30.44375,-3.006594,-4.294142,-38.14919,-54.575
38440.,-4.189903,-4.275669,30.44346,-3.00704,-4.294585,-38.14957,-54.57536
38450.,-4.190344,-4.276111,30.44316,-3.007486,-4.295027,-38.14995,-54.57572
38460.,-4.190784,-4.276551,30.44287,-3.007931,-4.295468,-38.15033,-54.57608
38470.,-4.191224,-4.276992,30.44257,-3.008376,-4.29591,-38.15071,-54.57644
38480.,-4.191664,-4.277432,30.44228,-3.008821,-4.29635,-38.15109,-54.5768
38490.,-4.192103,-4.277871,30.44198,-3.009265,-4.296791,-38.15147,-54.57716
38500.,-4.192542,-4.27831,30.44169,-3.009708,-4.29723,-38.15184,-54.57752
38510.,-4.19298,-4.278749,30.4414,-3.010151,-4.29767,-38.15222,-54.57788
38520.,-4.193418,-4.279187,30.4411,-3.010594,-4.298109,-38.1526,-54.57824
38530.,-4.193855,-4.279625,30.44081,-3.011036,-4.298547,-38.15298,-54.5786
38540.,-4.194292,-4.280062,30.44052,-3.011478,-4.298986,-38.15335,-54.57895
38550.,-4.194729,-4.280499,30.44022,-3.011919,-4.299423,-38.15373,-54.57931
38560.,-4.195165,-4.280935,30.43993,-3.01236,-4.29986,-38.15411,-54.57967
38570.,-4.1956,-4.281371,30.43964,-3.0128,-4.300297,-38.15448,-54.58002
38580.,-4.196036,-4.281807,30.43935,-3.01324,-4.300733,-38.15486,-54.58038
38590.,-4.19647,-4.282242,30.43906,-3.013679,-4.301169,-38.15523,-54.58074
38600.,-4.196905,-4.282676,30.43877,-3.014118,-4.301605,-38.15561,-54.58109
38610.,-4.197338,-4.28311,30.43848,-3.014557,-4.30204,-38.15598,-54.58145
38620.,-4.197772,-4.283544,30.43819,-3.014995,-4.302474,-38.15636,-54.5818
38630.,-4.198205,-4.283977,30.4379,-3.015433,-4.302909,-38.15673,-54.58216
38640.,-4.198637,-4.28441,30.43761,-3.01587,-4.303342,-38.1571,-54.58251
38650.,-4.199069,-4.284843,30.43732,-3.016307,-4.303775,-38.15748,-54.58286
38660.,-4.199501,-4.285275,30.43703,-3.016743,-4.304208,-38.15785,-54.58322
38670.,-4.199932,-4.285706,30.43674,-3.017179,-4.304641,-38.15822,-54.58357
38680.,-4.200363,-4.286137,30.43645,-3.017615,-4.305073,-38.15859,-54.58392
38690.,-4.200794,-4.286568,30.43616,-3.01805,-4.305504,-38.15896,-54.58427
38700.,-4.201223,-4.286998,30.43587,-3.018484,-4.305935,-38.15934,-54.58463
38710.,-4.201653,-4.287428,30.43558,-3.018919,-4.306366,-38.15971,-54.58498
38720.,-4.202082,-4.287858,30.4353,-3.019352,-4.306796,-38.16008,-54.58533
38730.,-4.202511,-4.288287,30.43501,-3.019786,-4.307226,-38.16045,-54.58568
38740.,-4.202939,-4.288715,30.43472,-3.020219,-4.307655,-38.16082,-54.58603
38750.,-4.203367,-4.289143,30.43444,-3.020651,-4.308084,-38.16119,-54.58638
38760.,-4.203794,-4.289571,30.43415,-3.021083,-4.308513,-38.16155,-54.58673
38770.,-4.204221,-4.289998,30.43386,-3.021515,-4.308941,-38.16192,-54.58708
38780.,-4.204647,-4.290425,30.43358,-3.021946,-4.309368,-38.16229,-54.58743
38790.,-4.205073,-4.290851,30.43329,-3.022376,-4.309795,-38.16266,-54.58778
38800.,-4.205499,-4.291277,30.43301,-3.022807,-4.310222,-38.16303,-54.58812
38810.,-4.205924,-4.291703,30.43272,-3.023237,-4.310648,-38.16339,-54.58847
38820.,-4.206349,-4.292128,30.43244,-3.023666,-4.311074,-38.16376,-54.58882
38830.,-4.206773,-4.292552,30.43215,-3.024095,-4.3115,-38.16413,-54.58917
38840.,-4.207197,-4.292977,30.43187,-3.024523,-4.311925,-38.16449,-54.58951
38850.,-4.207621,-4.293401,30.43159,-3.024952,-4.312349,-38.16486,-54.58986
38860.,-4.208044,-4.293824,30.4313,-3.025379,-4.312774,-38.16522,-54.59021
38870.,-4.208466,-4.294247,30.43102,-3.025806,-4.313197,-38.16559,-54.59055
38880.,-4.208889,-4.294669,30.43074,-3.026233,-4.313621,-38.16595,-54.5909
38890.,-4.20931,-4.295091,30.43045,-3.02666,-4.314044,-38.16631,-54.59124
38900.,-4.209732,-4.295513,30.43017,-3.027086,-4.314466,-38.16668,-54.59159
38910.,-4.210153,-4.295934,30.42989,-3.027511,-4.314888,-38.16704,-54.59193
38920.,-4.210573,-4.296355,30.42961,-3.027936,-4.31531,-38.1674,-54.59228
38930.,-4.210993,-4.296776,30.42933,-3.028361,-4.315731,-38.16777,-54.59262
38940.,-4.211413,-4.297195,30.42904,-3.028785,-4.316152,-38.16813,-54.59296
38950.,-4.211832,-4.297615,30.42876,-3.029209,-4.316572,-38.16849,-54.59331
38960.,-4.212251,-4.298034,30.42848,-3.029632,-4.316992,-38.16885,-54.59365
38970.,-4.212669,-4.298453,30.4282,-3.030055,-4.317411,-38.16921,-54.59399
38980.,-4.213087,-4.298871,30.42792,-3.030478,-4.31783,-38.16957,-54.59433
38990.,-4.213505,-4.299289,30.42764,-3.0309,-4.318249,-38.16993,-54.59468
39000.,-4.213922,-4.299706,30.42736,-3.031321,-4.318667,-38.17029,-54.59502
39010.,-4.214339,-4.300123,30.42708,-3.031743,-4.319085,-38.17065,-54.59536
39020.,-4.214755,-4.30054,30.4268,-3.032163,-4.319503,-38.17101,-54.5957
39030.,-4.215171,-4.300956,30.42653,-3.032584,-4.319919,-38.17137,-54.59604
39040.,-4.215586,-4.301372,30.42625,-3.033004,-4.320336,-38.17173,-54.59638
39050.,-4.216001,-4.301787,30.42597,-3.033423,-4.320752,-38.17209,-54.59672
39060.,-4.216416,-4.302202,30.42569,-3.033843,-4.321168,-38.17245,-54.59706
39070.,-4.21683,-4.302617,30.42541,-3.034261,-4.321583,-38.1728,-54.5974
39080.,-4.217244,-4.303031,30.42514,-3.03468,-4.321998,-38.17316,-54.59773
39090.,-4.217657,-4.303444,30.42486,-3.035097,-4.322412,-38.17352,-54.59807
39100.,-4.21807,-4.303858,30.42458,-3.035515,-4.322826,-38.17387,-54.59841
39110.,-4.218482,-4.30427,30.42431,-3.035932,-4.32324,-38.17423,-54.59875
39120.,-4.218895,-4.304683,30.42403,-3.036348,-4.323653,-38.17459,-54.59909
39130.,-4.219306,-4.305095,30.42376,-3.036765,-4.324066,-38.17494,-54.59942
39140.,-4.219718,-4.305506,30.42348,-3.03718,-4.324478,-38.1753,-54.59976
39150.,-4.220128,-4.305918,30.4232,-3.037596,-4.32489,-38.17565,-54.6001
39160.,-4.220539,-4.306328,30.42293,-3.038011,-4.325302,-38.176,-54.60043
39170.,-4.220949,-4.306739,30.42265,-3.038425,-4.325713,-38.17636,-54.60077
39180.,-4.221358,-4.307149,30.42238,-3.038839,-4.326124,-38.17671,-54.6011
39190.,-4.221768,-4.307558,30.42211,-3.039253,-4.326534,-38.17706,-54.60144
39200.,-4.222176,-4.307967,30.42183,-3.039666,-4.326944,-38.17742,-54.60177
39210.,-4.222585,-4.308376,30.42156,-3.040079,-4.327353,-38.17777,-54.60211
39220.,-4.222993,-4.308784,30.42129,-3.040491,-4.327762,-38.17812,-54.60244
39230.,-4.2234,-4.309192,30.42101,-3.040903,-4.328171,-38.17847,-54.60277
39240.,-4.223807,-4.309599,30.42074,-3.041315,-4.328579,-38.17883,-54.60311
39250.,-4.224214,-4.310006,30.42047,-3.041726,-4.328987,-38.17918,-54.60344
39260.,-4.22462,-4.310413,30.42019,-3.042137,-4.329394,-38.17953,-54.60377
39270.,-4.225026,-4.310819,30.41992,-3.042547,-4.329801,-38.17988,-54.6041
39280.,-4.225432,-4.311225,30.41965,-3.042957,-4.330208,-38.18023,-54.60444
39290.,-4.225837,-4.31163,30.41938,-3.043367,-4.330614,-38.18058,-54.60477
39300.,-4.226242,-4.312035,30.41911,-3.043776,-4.33102,-38.18093,-54.6051
39310.,-4.226646,-4.31244,30.41884,-3.044184,-4.331425,-38.18127,-54.60543
39320.,-4.22705,-4.312844,30.41857,-3.044593,-4.33183,-38.18162,-54.60576
39330.,-4.227453,-4.313248,30.4183,-3.045,-4.332235,-38.18197,-54.60609
39340.,-4.227856,-4.313651,30.41803,-3.045408,-4.332639,-38.18232,-54.60642
39350.,-4.228259,-4.314054,30.41776,-3.045815,-4.333042,-38.18267,-54.60675
39360.,-4.228661,-4.314457,30.41749,-3.046222,-4.333446,-38.18301,-54.60708
39370.,-4.229063,-4.314859,30.41722,-3.046628,-4.333849,-38.18336,-54.60741
39380.,-4.229464,-4.315261,30.41695,-3.047034,-4.334251,-38.18371,-54.60773
39390.,-4.229865,-4.315662,30.41668,-3.047439,-4.334653,-38.18405,-54.60806
39400.,-4.230266,-4.316063,30.41641,-3.047844,-4.335055,-38.1844,-54.60839
39410.,-4.230666,-4.316463,30.41614,-3.048249,-4.335456,-38.18474,-54.60872
39420.,-4.231066,-4.316864,30.41588,-3.048653,-4.335857,-38.18509,-54.60905
39430.,-4.231466,-4.317263,30.41561,-3.049057,-4.336258,-38.18543,-54.60937
39440.,-4.231865,-4.317663,30.41534,-3.04946,-4.336658,-38.18578,-54.6097
39450.,-4.232263,-4.318061,30.41507,-3.049863,-4.337057,-38.18612,-54.61003
39460.,-4.232661,-4.31846,30.41481,-3.050265,-4.337457,-38.18647,-54.61035
39470.,-4.233059,-4.318858,30.41454,-3.050668,-4.337855,-38.18681,-54.61068
39480.,-4.233457,-4.319256,30.41427,-3.051069,-4.338254,-38.18715,-54.611
39490.,-4.233854,-4.319653,30.41401,-3.051471,-4.338652,-38.18749,-54.61133
39500.,-4.23425,-4.32005,30.41374,-3.051872,-4.33905,-38.18784,-54.61165
39510.,-4.234646,-4.320446,30.41348,-3.052272,-4.339447,-38.18818,-54.61198
39520.,-4.235042,-4.320843,30.41321,-3.052672,-4.339844,-38.18852,-54.6123
39530.,-4.235438,-4.321238,30.41295,-3.053072,-4.34024,-38.18886,-54.61262
39540.,-4.235833,-4.321634,30.41268,-3.053471,-4.340636,-38.1892,-54.61295
39550.,-4.236227,-4.322028,30.41242,-3.05387,-4.341032,-38.18954,-54.61327
39560.,-4.236621,-4.322423,30.41215,-3.054269,-4.341427,-38.18988,-54.61359
39570.,-4.237015,-4.322817,30.41189,-3.054667,-4.341822,-38.19022,-54.61391
39580.,-4.237409,-4.323211,30.41163,-3.055064,-4.342216,-38.19056,-54.61424
39590.,-4.237802,-4.323604,30.41136,-3.055462,-4.34261,-38.1909,-54.61456
39600.,-4.238194,-4.323997,30.4111,-3.055859,-4.343004,-38.19124,-54.61488
39610.,-4.238586,-4.324389,30.41084,-3.056255,-4.343397,-38.19158,-54.6152
39620.,-4.238978,-4.324782,30.41057,-3.056651,-4.34379,-38.19192,-54.61552
39630.,-4.23937,-4.325173,30.41031,-3.057047,-4.344183,-38.19225,-54.61584
39640.,-4.239761,-4.325565,30.41005,-3.057442,-4.344575,-38.19259,-54.61616
39650.,-4.240151,-4.325956,30.40979,-3.057837,-4.344966,-38.19293,-54.61648
39660.,-4.240542,-4.326346,30.40953,-3.058232,-4.345358,-38.19327,-54.6168
39670.,-4.240931,-4.326736,30.40927,-3.058626,-4.345749,-38.1936,-54.61712
39680.,-4.241321,-4.327126,30.409,-3.059019,-4.346139,-38.19394,-54.61744
39690.,-4.24171,-4.327515,30.40874,-3.059413,-4.346529,-38.19427,-54.61776
39700.,-4.242099,-4.327904,30.40848,-3.059806,-4.346919,-38.19461,-54.61807
39710.,-4.242487,-4.328293,30.40822,-3.060198,-4.347308,-38.19494,-54.61839
39720.,-4.242875,-4.328681,30.40796,-3.06059,-4.347697,-38.19528,-54.61871
39730.,-4.243262,-4.329069,30.4077,-3.060982,-4.348086,-38.19561,-54.61903
39740.,-4.243649,-4.329456,30.40744,-3.061373,-4.348474,-38.19595,-54.61934
39750.,-4.244036,-4.329843,30.40719,-3.061764,-4.348862,-38.19628,-54.61966
39760.,-4.244422,-4.33023,30.40693,-3.062155,-4.349249,-38.19662,-54.61997
39770.,-4.244808,-4.330616,30.40667,-3.062545,-4.349636,-38.19695,-54.62029
39780.,-4.245194,-4.331002,30.40641,-3.062935,-4.350023,-38.19728,-54.62061
39790.,-4.245579,-4.331387,30.40615,-3.063324,-4.350409,-38.19761,-54.62092
39800.,-4.245964,-4.331773,30.40589,-3.063713,-4.350794,-38.19795,-54.62124
39810.,-4.246348,-4.332157,30.40564,-3.064102,-4.35118,-38.19828,-54.62155
39820.,-4.246732,-4.332542,30.40538,-3.06449,-4.351565,-38.19861,-54.62187
39830.,-4.247116,-4.332925,30.40512,-3.064878,-4.35195,-38.19894,-54.62218
39840.,-4.247499,-4.333309,30.40487,-3.065265,-4.352334,-38.19927,-54.62249
39850.,-4.247882,-4.333692,30.40461,-3.065652,-4.352718,-38.1996,-54.62281
39860.,-4.248264,-4.334075,30.40435,-3.066039,-4.353101,-38.19993,-54.62312
39870.,-4.248646,-4.334457,30.4041,-3.066425,-4.353484,-38.20026,-54.62343
39880.,-4.249028,-4.334839,30.40384,-3.066811,-4.353867,-38.20059,-54.62374
39890.,-4.249409,-4.335221,30.40359,-3.067196,-4.354249,-38.20092,-54.62406
39900.,-4.24979,-4.335602,30.40333,-3.067581,-4.354631,-38.20125,-54.62437
39910.,-4.250171,-4.335983,30.40308,-3.067966,-4.355013,-38.20158,-54.62468
39920.,-4.250551,-4.336363,30.40282,-3.06835,-4.355394,-38.2019,-54.62499
39930.,-4.250931,-4.336743,30.40257,-3.068734,-4.355775,-38.20223,-54.6253
39940.,-4.25131,-4.337123,30.40231,-3.069118,-4.356155,-38.20256,-54.62561
39950.,-4.251689,-4.337502,30.40206,-3.069501,-4.356535,-38.20289,-54.62592
39960.,-4.252068,-4.337881,30.4018,-3.069884,-4.356915,-38.20321,-54.62623
39970.,-4.252446,-4.33826,30.40155,-3.070266,-4.357294,-38.20354,-54.62654
39980.,-4.252824,-4.338638,30.4013,-3.070648,-4.357673,-38.20387,-54.62685
39990.,-4.253201,-4.339015,30.40105,-3.07103,-4.358051,-38.20419,-54.62716
40000.,-4.253578,-4.339393,30.40079,-3.071411,-4.358429,-38.20452,-54.62747