Times,MAIN_PNL_PX.1,MAIN_PNL_MX.1,MAIN_PNL_PY.1,MAIN_PNL_MY.1,MAIN_PNL_PZ.1,MAIN_PNL_MZ.1,MAIN_PNL_MY.20001
0.,20.,20.,20.,20.,20.,20.,20.
10.,20.35922,19.96508,19.96535,19.98499,19.96549,19.34689,-35.97251
20.,20.71336,19.92979,19.93035,19.96931,19.93065,18.70618,-35.9852
30.,21.06249,19.89416,19.89503,19.95306,19.89548,18.07757,-35.99835
40.,21.40667,19.85822,19.85941,19.93625,19.86001,17.46074,-36.01195
50.,21.74596,19.82199,19.82352,19.91893,19.82427,16.8554,-36.02596
60.,22.08044,19.78548,19.78738,19.9011,19.78828,16.26128,-36.04038
70.,22.41015,19.74873,19.751,19.88281,19.75205,15.67809,-36.05519
80.,22.73517,19.71175,19.71441,19.86406,19.71561,15.10558,-36.07035
90.,23.05556,19.67456,19.67762,19.84489,19.67897,14.54348,-36.08587
100.,23.37137,19.63718,19.64066,19.8253,19.64216,13.99156,-36.10172
110.,23.68267,19.59962,19.60354,19.80533,19.60518,13.44956,-36.11788
120.,23.9895,19.5619,19.56628,19.78499,19.56807,12.91725,-36.13433
130.,24.29194,19.52405,19.52889,19.76429,19.53082,12.39441,-36.15108
140.,24.59003,19.48606,19.49139,19.74327,19.49345,11.88083,-36.16809
150.,24.88384,19.44797,19.45379,19.72192,19.45599,11.37628,-36.18536
160.,25.17342,19.40977,19.4161,19.70028,19.41844,10.88056,-36.20287
170.,25.45881,19.37149,19.37835,19.67835,19.38081,10.39348,-36.22061
180.,25.74009,19.33313,19.34053,19.65615,19.34312,9.914831,-36.23857
190.,26.01729,19.29472,19.30266,19.6337,19.30538,9.444436,-36.25674
200.,26.29048,19.25625,19.26476,19.611,19.26759,8.982107,-36.27511
210.,26.5597,19.21774,19.22683,19.58808,19.22978,8.527669,-36.29366
220.,26.82501,19.17921,19.18888,19.56494,19.19195,8.080949,-36.31238
230.,27.08645,19.14065,19.15093,19.54159,19.1541,7.641779,-36.33127
240.,27.34408,19.10209,19.11298,19.51805,19.11626,7.209995,-36.35031
250.,27.59794,19.06352,19.07504,19.49433,19.07842,6.785441,-36.36951
260.,27.84809,19.02496,19.03712,19.47044,19.04059,6.367962,-36.38884
270.,28.09457,18.98642,18.99922,19.44639,19.00279,5.957408,-36.4083
280.,28.33743,18.9479,18.96136,19.42218,18.96501,5.553633,-36.42788
290.,28.57672,18.90941,18.92354,19.39784,18.92728,5.156496,-36.44758
300.,28.81248,18.87096,18.88577,19.37336,18.88958,4.765859,-36.46738
310.,29.04476,18.83255,18.84805,19.34876,18.85194,4.381587,-36.48729
320.,29.27361,18.79419,18.81039,19.32404,18.81435,4.00355,-36.50729
330.,29.49906,18.75589,18.7728,19.29922,18.77682,3.631621,-36.52737
340.,29.72117,18.71765,18.73527,19.2743,18.73936,3.265675,-36.54754
350.,29.93998,18.67948,18.69783,19.24928,18.70197,2.905591,-36.56778
360.,30.15552,18.64138,18.66046,19.22418,18.66465,2.551251,-36.58809
370.,30.36785,18.60336,18.62318,19.19899,18.62742,2.202542,-36.60847
380.,30.57701,18.56541,18.58599,19.17374,18.59027,1.85935,-36.6289
390.,30.78303,18.52756,18.5489,19.14842,18.55321,1.521568,-36.64939
400.,30.98596,18.48979,18.5119,19.12304,18.51625,1.189088,-36.66992
410.,31.18584,18.45211,18.475,19.0976,18.47938,0.8618061,-36.6905
420.,31.38271,18.41454,18.43821,19.07212,18.44261,0.5396221,-36.71112
430.,31.57661,18.37706,18.40152,19.04658,18.40594,0.2224367,-36.73178
440.,31.76758,18.33969,18.36495,19.02101,18.36938,-0.08984636,-36.75247
450.,31.95566,18.30242,18.32848,18.99541,18.33292,-0.3973212,-36.77319
460.,32.14088,18.26527,18.29214,18.96978,18.29658,-0.7000796,-36.79393
470.,32.32328,18.22822,18.25591,18.94411,18.26035,-0.9982112,-36.81469
480.,32.50291,18.19129,18.2198,18.91843,18.22424,-1.291804,-36.83547
490.,32.67979,18.15448,18.18382,18.89273,18.18825,-1.580942,-36.85626
500.,32.85397,18.11778,18.14795,18.86702,18.15237,-1.865711,-36.87707
510.,33.02548,18.08121,18.11222,18.84129,18.11662,-2.14619,-36.89788
520.,33.19436,18.04476,18.07661,18.81556,18.08099,-2.422461,-36.9187
530.,33.36064,18.00843,18.04113,18.78983,18.04549,-2.694601,-36.93953
540.,33.52436,17.97223,18.00579,18.76409,18.01011,-2.962685,-36.96035
550.,33.68554,17.93616,17.97057,18.73836,17.97486,-3.226789,-36.98117
560.,33.84424,17.90022,17.93549,18.71263,17.93974,-3.486985,-37.00199
570.,34.00047,17.8644,17.90054,18.68691,17.90475,-3.743344,-37.0228
580.,34.15427,17.82872,17.86573,18.6612,17.86989,-3.995937,-37.0436
590.,34.30568,17.79317,17.83105,18.6355,17.83516,-4.244829,-37.06439
600.,34.45472,17.75775,17.79651,18.60982,17.80057,-4.490089,-37.08517
610.,34.60144,17.72247,17.76211,18.58416,17.76611,-4.731782,-37.10593
620.,34.74586,17.68732,17.72784,18.55852,17.73178,-4.96997,-37.12668
630.,34.888,17.65231,17.69372,18.5329,17.69759,-5.204717,-37.14741
640.,35.02792,17.61743,17.65973,18.5073,17.66353,-5.436083,-37.16812
650.,35.16562,17.58269,17.62588,18.48173,17.62961,-5.664127,-37.18881
660.,35.30115,17.54808,17.59217,18.45618,17.59582,-5.888909,-37.20948
670.,35.43453,17.51362,17.5586,18.43067,17.56217,-6.110485,-37.23013
680.,35.5658,17.47929,17.52516,18.40518,17.52865,-6.328911,-37.25075
690.,35.69498,17.44509,17.49187,18.37973,17.49527,-6.544243,-37.27134
700.,35.8221,17.41104,17.45872,18.35431,17.46203,-6.756533,-37.29191
710.,35.94718,17.37712,17.4257,18.32892,17.42892,-6.965834,-37.31245
720.,36.07027,17.34334,17.39282,18.30357,17.39594,-7.172198,-37.33296
730.,36.19138,17.30969,17.36009,18.27826,17.36311,-7.375675,-37.35344
740.,36.31054,17.27619,17.32749,18.25299,17.33041,-7.576314,-37.37389
750.,36.42778,17.24282,17.29503,18.22775,17.29784,-7.774164,-37.3943
760.,36.54312,17.20959,17.26271,18.20256,17.26541,-7.969273,-37.41469
770.,36.6566,17.17649,17.23052,18.1774,17.23311,-8.161686,-37.43504
780.,36.76823,17.14353,17.19847,18.15229,17.20095,-8.351449,-37.45536
790.,36.87805,17.11071,17.16656,18.12722,17.16892,-8.538606,-37.47564
800.,36.98607,17.07802,17.13479,18.1022,17.13702,-8.723202,-37.49589
810.,37.09233,17.04547,17.10315,18.07722,17.10526,-8.905279,-37.5161
820.,37.19685,17.01306,17.07164,18.05228,17.07363,-9.08488,-37.53628
830.,37.29965,16.98077,17.04027,18.02739,17.04213,-9.262045,-37.55642
840.,37.40075,16.94863,17.00903,18.00255,17.01076,-9.436815,-37.57652
850.,37.50019,16.91661,16.97793,17.97775,16.97953,-9.609229,-37.59658
860.,37.59798,16.88473,16.94696,17.953,16.94842,-9.779326,-37.61661
870.,37.69414,16.85298,16.91612,17.9283,16.91744,-9.947145,-37.63659
880.,37.78871,16.82136,16.88541,17.90364,16.88659,-10.11272,-37.65654
890.,37.88169,16.78987,16.85483,17.87904,16.85587,-10.2761,-37.67645
900.,37.97312,16.75852,16.82438,17.85448,16.82528,-10.4373,-37.69632
910.,38.06302,16.72729,16.79406,17.82997,16.79481,-10.59637,-37.71615
920.,38.1514,16.69619,16.76386,17.80551,16.76447,-10.75334,-37.73594
930.,38.23829,16.66522,16.7338,17.7811,16.73426,-10.90825,-37.7557
940.,38.32372,16.63438,16.70386,17.75674,16.70416,-11.06112,-37.77541
950.,38.40769,16.60366,16.67404,17.73242,16.67419,-11.212,-37.79508
960.,38.49024,16.57307,16.64435,17.70816,16.64435,-11.36091,-37.81471
970.,38.57137,16.5426,16.61478,17.68395,16.61462,-11.50788,-37.8343
980.,38.65112,16.51226,16.58534,17.65979,16.58502,-11.65295,-37.85385
990.,38.7295,16.48204,16.55602,17.63568,16.55554,-11.79615,-37.87335
1000.,38.80653,16.45195,16.52681,17.61162,16.52617,-11.9375,-37.89282
1010.,38.88223,16.42198,16.49773,17.58761,16.49693,-12.07704,-37.91225
1020.,38.95663,16.39212,16.46877,17.56365,16.4678,-12.21479,-37.93164
1030.,39.02972,16.36239,16.43992,17.53974,16.43879,-12.35078,-37.95098
1040.,39.10155,16.33278,16.4112,17.51588,16.40989,-12.48504,-37.97029
1050.,39.17212,16.30328,16.38258,17.49207,16.38111,-12.6176,-37.98955
1060.,39.24145,16.27391,16.35409,17.46831,16.35245,-12.74848,-38.00877
1070.,39.30956,16.24465,16.32571,17.4446,16.32389,-12.87771,-38.02796
1080.,39.37647,16.2155,16.29744,17.42094,16.29545,-13.00532,-38.0471
1090.,39.4422,16.18647,16.26928,17.39733,16.26712,-13.13133,-38.0662
1100.,39.50675,16.15756,16.24124,17.37378,16.2389,-13.25576,-38.08526
1110.,39.57016,16.12876,16.2133,17.35027,16.21079,-13.37864,-38.10428
1120.,39.63243,16.10007,16.18548,17.32681,16.18279,-13.5,-38.12326
1130.,39.69359,16.07149,16.15776,17.3034,16.1549,-13.61985,-38.14221
1140.,39.75364,16.04302,16.13015,17.28004,16.12711,-13.73823,-38.16111
1150.,39.8126,16.01466,16.10265,17.25673,16.09943,-13.85515,-38.17997
1160.,39.8705,15.98641,16.07526,17.23346,16.07185,-13.97063,-38.19879
1170.,39.92734,15.95827,16.04797,17.21025,16.04438,-14.0847,-38.21757
1180.,39.98314,15.93023,16.02078,17.18708,16.01701,-14.19738,-38.23632
1190.,40.03792,15.9023,15.99369,17.16397,15.98974,-14.30869,-38.25502
1200.,40.09168,15.87448,15.96671,17.1409,15.96258,-14.41866,-38.27368
1210.,40.14446,15.84676,15.93983,17.11788,15.93551,-14.52729,-38.29231
1220.,40.19625,15.81915,15.91305,17.09491,15.90855,-14.63462,-38.3109
1230.,40.24707,15.79163,15.88637,17.07198,15.88168,-14.74065,-38.32945
1240.,40.29695,15.76422,15.85979,17.0491,15.85491,-14.84542,-38.34796
1250.,40.34588,15.73691,15.8333,17.02627,15.82824,-14.94894,-38.36643
1260.,40.39389,15.7097,15.80691,17.00349,15.80166,-15.05123,-38.38486
1270.,40.44099,15.68258,15.78062,16.98075,15.77518,-15.15231,-38.40326
1280.,40.48719,15.65557,15.75442,16.95806,15.7488,-15.25219,-38.42162
1290.,40.53251,15.62865,15.72831,16.93541,15.7225,-15.35089,-38.43994
1300.,40.57696,15.60183,15.7023,16.91281,15.6963,-15.44844,-38.45823
1310.,40.62054,15.5751,15.67638,16.89026,15.67019,-15.54485,-38.47648
1320.,40.66328,15.54847,15.65055,16.86775,15.64417,-15.64013,-38.49469
1330.,40.70519,15.52194,15.62481,16.84529,15.61825,-15.7343,-38.51286
1340.,40.74627,15.49549,15.59916,16.82287,15.59241,-15.82738,-38.531
1350.,40.78655,15.46914,15.5736,16.8005,15.56665,-15.91939,-38.54911
1360.,40.82603,15.44288,15.54813,16.77817,15.54099,-16.01033,-38.56717
1370.,40.86472,15.41671,15.52274,16.75588,15.51541,-16.10023,-38.5852
1380.,40.90264,15.39063,15.49744,16.73364,15.48992,-16.18911,-38.6032
1390.,40.93979,15.36464,15.47222,16.71144,15.46452,-16.27697,-38.62116
1400.,40.9762,15.33873,15.44709,16.68928,15.43919,-16.36383,-38.63909
1410.,41.01186,15.31291,15.42204,16.66717,15.41396,-16.44971,-38.65698
1420.,41.04679,15.28718,15.39707,16.6451,15.3888,-16.53462,-38.67484
1430.,41.08101,15.26154,15.37219,16.62307,15.36372,-16.61857,-38.69266
1440.,41.11451,15.23598,15.34739,16.60109,15.33873,-16.70159,-38.71045
1450.,41.14732,15.2105,15.32266,16.57914,15.31382,-16.78367,-38.7282
1460.,41.17944,15.18511,15.29802,16.55724,15.28898,-16.86484,-38.74593
1470.,41.21088,15.1598,15.27346,16.53538,15.26423,-16.94511,-38.76361
1480.,41.24166,15.13457,15.24897,16.51356,15.23955,-17.0245,-38.78127
1490.,41.27178,15.10942,15.22456,16.49178,15.21495,-17.103,-38.79889
1500.,41.30125,15.08436,15.20022,16.47004,15.19043,-17.18065,-38.81648
1510.,41.33009,15.05937,15.17597,16.44834,15.16598,-17.25745,-38.83404
1520.,41.3583,15.03446,15.15178,16.42668,15.14161,-17.3334,-38.85156
1530.,41.38588,15.00963,15.12767,16.40506,15.11731,-17.40854,-38.86906
1540.,41.41286,14.98487,15.10364,16.38348,15.09309,-17.48285,-38.88652
1550.,41.43924,14.9602,15.07967,16.36194,15.06893,-17.55637,-38.90395
1560.,41.46502,14.9356,15.05578,16.34043,15.04485,-17.6291,-38.92135
1570.,41.49023,14.91107,15.03196,16.31897,15.02085,-17.70104,-38.93871
1580.,41.51486,14.88662,15.00821,16.29754,14.99691,-17.77222,-38.95605
1590.,41.53892,14.86224,14.98453,16.27615,14.97304,-17.84264,-38.97336
1600.,41.56243,14.83793,14.96092,16.2548,14.94924,-17.91232,-38.99063
1610.,41.58538,14.8137,14.93738,16.23349,14.92551,-17.98126,-39.00788
1620.,41.6078,14.78954,14.9139,16.21221,14.90185,-18.04947,-39.02509
1630.,41.62969,14.76545,14.89049,16.19097,14.87826,-18.11697,-39.04228
1640.,41.65105,14.74143,14.86715,16.16977,14.85473,-18.18376,-39.05943
1650.,41.67189,14.71748,14.84387,16.1486,14.83127,-18.24986,-39.07656
1660.,41.69223,14.6936,14.82066,16.12747,14.80788,-18.31527,-39.09365
1670.,41.71206,14.66979,14.79752,16.10638,14.78455,-18.38001,-39.11072
1680.,41.7314,14.64604,14.77444,16.08532,14.76128,-18.44408,-39.12776
1690.,41.75026,14.62237,14.75142,16.06429,14.73808,-18.5075,-39.14477
1700.,41.76864,14.59876,14.72846,16.04331,14.71494,-18.57026,-39.16175
1710.,41.78654,14.57521,14.70557,16.02235,14.69186,-18.63239,-39.17871
1720.,41.80398,14.55173,14.68273,16.00143,14.66885,-18.69389,-39.19563
1730.,41.82097,14.52832,14.65996,15.98055,14.6459,-18.75477,-39.21253
1740.,41.8375,14.50497,14.63725,15.9597,14.623,-18.81503,-39.2294
1750.,41.85359,14.48168,14.6146,15.93888,14.60017,-18.8747,-39.24624
1760.,41.86924,14.45846,14.592,15.9181,14.5774,-18.93376,-39.26306
1770.,41.88447,14.4353,14.56947,15.89735,14.55469,-18.99224,-39.27985
1780.,41.89927,14.4122,14.54699,15.87663,14.53203,-19.05015,-39.29661
1790.,41.91365,14.38916,14.52457,15.85595,14.50944,-19.10748,-39.31334
1800.,41.92762,14.36619,14.50221,15.8353,14.4869,-19.16424,-39.33005
1810.,41.94119,14.34327,14.4799,15.81468,14.46441,-19.22046,-39.34673
1820.,41.95435,14.32041,14.45765,15.7941,14.44199,-19.27612,-39.36339
1830.,41.96713,14.29762,14.43546,15.77355,14.41962,-19.33125,-39.38002
1840.,41.97952,14.27488,14.41332,15.75303,14.3973,-19.38584,-39.39662
1850.,41.99153,14.2522,14.39123,15.73254,14.37504,-19.43991,-39.4132
1860.,42.00316,14.22957,14.3692,15.71208,14.35284,-19.49346,-39.42975
1870.,42.01443,14.20701,14.34722,15.69165,14.33069,-19.5465,-39.44628
1880.,42.02533,14.1845,14.3253,15.67126,14.30859,-19.59903,-39.46278
1890.,42.03587,14.16205,14.30342,15.65089,14.28655,-19.65107,-39.47926
1900.,42.04606,14.13965,14.2816,15.63056,14.26455,-19.70262,-39.49571
1910.,42.05591,14.11731,14.25983,15.61026,14.24261,-19.75368,-39.51214
1920.,42.06541,14.09502,14.23811,15.58999,14.22072,-19.80427,-39.52854
1930.,42.07458,14.07279,14.21644,15.56974,14.19889,-19.85439,-39.54492
1940.,42.08341,14.05061,14.19482,15.54953,14.1771,-19.90404,-39.56127
1950.,42.09192,14.02848,14.17326,15.52935,14.15536,-19.95324,-39.5776
1960.,42.10011,14.00641,14.15173,15.5092,14.13368,-20.00198,-39.5939
1970.,42.10798,13.98439,14.13026,15.48907,14.11204,-20.05028,-39.61019
1980.,42.11554,13.96242,14.10884,15.46898,14.09045,-20.09814,-39.62644
1990.,42.1228,13.9405,14.08746,15.44892,14.06891,-20.14556,-39.64268
2000.,42.12975,13.91863,14.06614,15.42888,14.04742,-20.19256,-39.65889
2010.,42.13641,13.89682,14.04485,15.40887,14.02597,-20.23914,-39.67508
2020.,42.14277,13.87505,14.02362,15.38889,14.00458,-20.2853,-39.69124
2030.,42.14885,13.85334,14.00243,15.36894,13.98323,-20.33105,-39.70739
2040.,42.15464,13.83167,13.98129,15.34902,13.96192,-20.37639,-39.7235
2050.,42.16015,13.81005,13.96019,15.32913,13.94066,-20.42133,-39.7396
2060.,42.16539,13.78849,13.93914,15.30926,13.91945,-20.46588,-39.75567
2070.,42.17036,13.76697,13.91813,15.28942,13.89829,-20.51004,-39.77173
2080.,42.17506,13.74549,13.89717,15.26961,13.87716,-20.55382,-39.78775
2090.,42.1795,13.72407,13.87625,15.24983,13.85609,-20.59722,-39.80376
2100.,42.18368,13.70269,13.85537,15.23007,13.83505,-20.64024,-39.81975
2110.,42.18761,13.68136,13.83454,15.21035,13.81407,-20.6829,-39.83571
2120.,42.19128,13.66007,13.81375,15.19064,13.79312,-20.72519,-39.85165
2130.,42.19471,13.63883,13.793,15.17097,13.77222,-20.76712,-39.86757
2140.,42.1979,13.61764,13.77229,15.15132,13.75136,-20.8087,-39.88346
2150.,42.20085,13.59649,13.75163,15.1317,13.73054,-20.84992,-39.89934
2160.,42.20357,13.57539,13.73101,15.11211,13.70977,-20.89081,-39.91519
2170.,42.20605,13.55433,13.71043,15.09254,13.68903,-20.93135,-39.93103
2180.,42.20831,13.53331,13.68988,15.07299,13.66834,-20.97155,-39.94684
2190.,42.21034,13.51234,13.66938,15.05348,13.64769,-21.01143,-39.96263
2200.,42.21216,13.49141,13.64892,15.03399,13.62708,-21.05097,-39.9784
2210.,42.21375,13.47053,13.6285,15.01452,13.60651,-21.0902,-39.99415
2220.,42.21513,13.44969,13.60812,14.99508,13.58598,-21.1291,-40.00988
2230.,42.21631,13.42889,13.58778,14.97567,13.56549,-21.16769,-40.02559
2240.,42.21727,13.40813,13.56748,14.95628,13.54504,-21.20597,-40.04127
2250.,42.21803,13.38742,13.54721,14.93692,13.52463,-21.24395,-40.05694
2260.,42.2186,13.36674,13.52699,14.91758,13.50426,-21.28162,-40.07258
2270.,42.21896,13.34611,13.5068,14.89827,13.48393,-21.31899,-40.08821
2280.,42.21913,13.32552,13.48665,14.87898,13.46364,-21.35607,-40.10382
2290.,42.21911,13.30497,13.46653,14.85972,13.44338,-21.39285,-40.1194
2300.,42.2189,13.28446,13.44646,14.84048,13.42316,-21.42935,-40.13497
2310.,42.21851,13.26399,13.42642,14.82127,13.40298,-21.46557,-40.15051
2320.,42.21794,13.24356,13.40642,14.80208,13.38284,-21.5015,-40.16604
2330.,42.21718,13.22316,13.38645,14.78291,13.36273,-21.53716,-40.18155
2340.,42.21625,13.20281,13.36652,14.76377,13.34267,-21.57255,-40.19703
2350.,42.21515,13.1825,13.34663,14.74466,13.32263,-21.60767,-40.2125
2360.,42.21387,13.16222,13.32677,14.72557,13.30264,-21.64252,-40.22795
2370.,42.21243,13.14199,13.30694,14.7065,13.28268,-21.67711,-40.24338
2380.,42.21083,13.12179,13.28716,14.68745,13.26275,-21.71144,-40.25878
2390.,42.20906,13.10163,13.2674,14.66843,13.24286,-21.74552,-40.27417
2400.,42.20713,13.08151,13.24768,14.64944,13.22301,-21.77934,-40.28954
2410.,42.20504,13.06142,13.228,14.63046,13.20319,-21.81292,-40.3049
2420.,42.2028,13.04137,13.20835,14.61151,13.18341,-21.84625,-40.32023
2430.,42.20041,13.02136,13.18873,14.59259,13.16366,-21.87933,-40.33554
2440.,42.19786,13.00139,13.16915,14.57368,13.14394,-21.91218,-40.35084
2450.,42.19517,12.98145,13.1496,14.5548,13.12426,-21.94479,-40.36611
2460.,42.19234,12.96155,13.13008,14.53595,13.10462,-21.97716,-40.38137
2470.,42.18936,12.94168,13.1106,14.51711,13.085,-22.00931,-40.39661
2480.,42.18624,12.92185,13.09115,14.4983,13.06542,-22.04122,-40.41183
2490.,42.18298,12.90205,13.07173,14.47951,13.04588,-22.07292,-40.42703
2500.,42.17959,12.88229,13.05235,14.46075,13.02637,-22.10439,-40.44221
2510.,42.17607,12.86257,13.03299,14.442,13.00688,-22.13564,-40.45738
2520.,42.17241,12.84288,13.01367,14.42328,12.98744,-22.16667,-40.47252
2530.,42.16862,12.82322,12.99438,14.40459,12.96802,-22.19749,-40.48765
2540.,42.16471,12.8036,12.97512,14.38591,12.94864,-22.2281,-40.50276
2550.,42.16067,12.78401,12.9559,14.36726,12.92929,-22.2585,-40.51785
2560.,42.15651,12.76446,12.9367,14.34863,12.90997,-22.28869,-40.53293
2570.,42.15223,12.74494,12.91754,14.33002,12.89068,-22.31868,-40.54798
2580.,42.14783,12.72545,12.8984,14.31144,12.87142,-22.34847,-40.56302
2590.,42.14331,12.706,12.8793,14.29287,12.8522,-22.37806,-40.57804
2600.,42.13868,12.68657,12.86023,14.27433,12.83301,-22.40746,-40.59304
2610.,42.13393,12.66719,12.84118,14.25581,12.81384,-22.43666,-40.60803
2620.,42.12907,12.64783,12.82217,14.23731,12.79471,-22.46567,-40.623
2630.,42.12411,12.62851,12.80319,14.21884,12.77561,-22.4945,-40.63795
2640.,42.11903,12.60922,12.78423,14.20038,12.75654,-22.52313,-40.65288
2650.,42.11386,12.58996,12.76531,14.18195,12.7375,-22.55158,-40.66779
2660.,42.10857,12.57073,12.74642,14.16354,12.71849,-22.57985,-40.68269
2670.,42.10319,12.55154,12.72755,14.14515,12.69951,-22.60794,-40.69757
2680.,42.0977,12.53238,12.70872,14.12678,12.68055,-22.63585,-40.71243
2690.,42.09212,12.51324,12.68991,14.10843,12.66163,-22.66359,-40.72727
2700.,42.08644,12.49414,12.67113,14.09011,12.64274,-22.69116,-40.7421
2710.,42.08066,12.47507,12.65238,14.0718,12.62388,-22.71855,-40.75691
2720.,42.07479,12.45604,12.63366,14.05352,12.60504,-22.74577,-40.7717
2730.,42.06882,12.43703,12.61497,14.03526,12.58624,-22.77283,-40.78648
2740.,42.06277,12.41805,12.5963,14.01702,12.56746,-22.79972,-40.80124
2750.,42.05663,12.3991,12.57767,13.9988,12.54871,-22.82645,-40.81598
2760.,42.0504,12.38019,12.55906,13.9806,12.52999,-22.85302,-40.83071
2770.,42.04408,12.3613,12.54048,13.96242,12.5113,-22.87943,-40.84541
2780.,42.03768,12.34244,12.52192,13.94426,12.49264,-22.90568,-40.8601
2790.,42.0312,12.32361,12.5034,13.92613,12.474,-22.93178,-40.87478
2800.,42.02463,12.30482,12.4849,13.90801,12.4554,-22.95772,-40.88944
2810.,42.01799,12.28605,12.46642,13.88992,12.43682,-22.98351,-40.90408
2820.,42.01126,12.26731,12.44798,13.87184,12.41827,-23.00915,-40.9187
2830.,42.00446,12.2486,12.42956,13.85379,12.39974,-23.03465,-40.93331
2840.,41.99758,12.22992,12.41117,13.83576,12.38124,-23.06,-40.9479
2850.,41.99063,12.21127,12.39281,13.81774,12.36277,-23.0852,-40.96247
2860.,41.9836,12.19264,12.37447,13.79975,12.34433,-23.11026,-40.97703
2870.,41.9765,12.17405,12.35616,13.78178,12.32592,-23.13518,-40.99157
2880.,41.96933,12.15548,12.33787,13.76383,12.30753,-23.15996,-41.00609
2890.,41.96209,12.13694,12.31961,13.7459,12.28916,-23.1846,-41.0206
2900.,41.95479,12.11843,12.30138,13.72799,12.27083,-23.20911,-41.03509
2910.,41.94741,12.09995,12.28317,13.7101,12.25252,-23.23348,-41.04957
2920.,41.93997,12.08149,12.26499,13.69223,12.23424,-23.25772,-41.06403
2930.,41.93246,12.06307,12.24683,13.67438,12.21598,-23.28183,-41.07847
2940.,41.9249,12.04467,12.2287,13.65655,12.19775,-23.30581,-41.09289
2950.,41.91726,12.0263,12.2106,13.63874,12.17954,-23.32966,-41.1073
2960.,41.90957,12.00795,12.19252,13.62095,12.16137,-23.35338,-41.1217
2970.,41.90182,11.98963,12.17446,13.60318,12.14321,-23.37698,-41.13607
2980.,41.894,11.97134,12.15643,13.58543,12.12509,-23.40045,-41.15044
2990.,41.88613,11.95308,12.13843,13.5677,12.10698,-23.4238,-41.16478
3000.,41.87821,11.93484,12.12045,13.54999,12.08891,-23.44703,-41.17911
3010.,41.87022,11.91663,12.10249,13.5323,12.07086,-23.47014,-41.19342
3020.,41.86218,11.89845,12.08456,13.51463,12.05283,-23.49313,-41.20772
3030.,41.85409,11.88029,12.06666,13.49698,12.03483,-23.51601,-41.222
3040.,41.84594,11.86216,12.04877,13.47935,12.01685,-23.53877,-41.23627
3050.,41.83775,11.84406,12.03092,13.46174,11.9989,-23.56141,-41.25052
3060.,41.8295,11.82598,12.01309,13.44415,11.98098,-23.58395,-41.26475
3070.,41.8212,11.80793,11.99528,13.42658,11.96308,-23.60637,-41.27897
3080.,41.81285,11.7899,11.97749,13.40903,11.9452,-23.62868,-41.29317
3090.,41.80446,11.7719,11.95973,13.39149,11.92735,-23.65088,-41.30735
3100.,41.79601,11.75393,11.942,13.37398,11.90952,-23.67297,-41.32152
3110.,41.78753,11.73598,11.92428,13.35649,11.89171,-23.69496,-41.33568
3120.,41.77899,11.71806,11.9066,13.33901,11.87394,-23.71684,-41.34982
3130.,41.77041,11.70016,11.88893,13.32156,11.85618,-23.73862,-41.36394
3140.,41.76179,11.68229,11.87129,13.30412,11.83845,-23.76029,-41.37805
3150.,41.75312,11.66444,11.85367,13.28671,11.82074,-23.78186,-41.39214
3160.,41.74442,11.64662,11.83608,13.26931,11.80306,-23.80333,-41.40621
3170.,41.73567,11.62882,11.8185,13.25193,11.7854,-23.8247,-41.42027
3180.,41.72688,11.61105,11.80096,13.23457,11.76776,-23.84598,-41.43432
3190.,41.71805,11.5933,11.78343,13.21723,11.75015,-23.86715,-41.44835
3200.,41.70918,11.57558,11.76593,13.19991,11.73256,-23.88823,-41.46236
3210.,41.70027,11.55788,11.74845,13.18261,11.715,-23.90921,-41.47636
3220.,41.69133,11.5402,11.73099,13.16533,11.69745,-23.9301,-41.49034
3230.,41.68235,11.52255,11.71356,13.14807,11.67994,-23.95089,-41.50431
3240.,41.67334,11.50493,11.69615,13.13083,11.66244,-23.9716,-41.51826
3250.,41.66429,11.48733,11.67876,13.1136,11.64497,-23.99221,-41.5322
3260.,41.6552,11.46975,11.6614,13.0964,11.62752,-24.01273,-41.54612
3270.,41.64608,11.4522,11.64405,13.07921,11.61009,-24.03316,-41.56002
3280.,41.63693,11.43467,11.62673,13.06204,11.59269,-24.05351,-41.57391
3290.,41.62775,11.41717,11.60944,13.04489,11.57531,-24.07376,-41.58779
3300.,41.61853,11.39969,11.59216,13.02776,11.55795,-24.09393,-41.60165
3310.,41.60929,11.38223,11.57491,13.01065,11.54061,-24.11402,-41.61549
3320.,41.60001,11.3648,11.55768,12.99356,11.5233,-24.13402,-41.62932
3330.,41.59071,11.34739,11.54047,12.97649,11.50601,-24.15393,-41.64314
3340.,41.58137,11.33,11.52328,12.95943,11.48874,-24.17377,-41.65694
3350.,41.57201,11.31264,11.50611,12.9424,11.4715,-24.19352,-41.67072
3360.,41.56262,11.2953,11.48897,12.92538,11.45428,-24.21319,-41.68449
3370.,41.5532,11.27798,11.47185,12.90838,11.43707,-24.23278,-41.69824
3380.,41.54375,11.26069,11.45475,12.8914,11.4199,-24.25229,-41.71198
3390.,41.53428,11.24342,11.43767,12.87444,11.40274,-24.27173,-41.7257
3400.,41.52479,11.22617,11.42061,12.8575,11.38561,-24.29108,-41.73941
3410.,41.51527,11.20895,11.40358,12.84058,11.36849,-24.31036,-41.7531
3420.,41.50572,11.19175,11.38657,12.82367,11.3514,-24.32956,-41.76678
3430.,41.49615,11.17457,11.36957,12.80678,11.33433,-24.34869,-41.78045
3440.,41.48656,11.15741,11.3526,12.78992,11.31729,-24.36774,-41.79409
3450.,41.47695,11.14028,11.33566,12.77307,11.30026,-24.38672,-41.80773
3460.,41.46731,11.12317,11.31873,12.75624,11.28326,-24.40563,-41.82134
3470.,41.45765,11.10608,11.30182,12.73942,11.26627,-24.42446,-41.83495
3480.,41.44798,11.08902,11.28493,12.72263,11.24931,-24.44322,-41.84854
3490.,41.43828,11.07197,11.26807,12.70585,11.23238,-24.46191,-41.86211
3500.,41.42856,11.05495,11.25123,12.6891,11.21546,-24.48054,-41.87567
3510.,41.41882,11.03795,11.2344,12.67236,11.19856,-24.49909,-41.88921
3520.,41.40906,11.02098,11.2176,12.65564,11.18169,-24.51757,-41.90274
3530.,41.39928,11.00402,11.20082,12.63893,11.16483,-24.53599,-41.91625
3540.,41.38949,10.98709,11.18406,12.62225,11.148,-24.55434,-41.92975
3550.,41.37968,10.97018,11.16732,12.60559,11.13119,-24.57262,-41.94324
3560.,41.36985,10.95329,11.1506,12.58894,11.1144,-24.59084,-41.95671
3570.,41.36,10.93643,11.13391,12.57231,11.09763,-24.60899,-41.97016
3580.,41.35014,10.91958,11.11723,12.5557,11.08088,-24.62708,-41.9836
3590.,41.34026,10.90276,11.10057,12.53911,11.06415,-24.6451,-41.99703
3600.,41.33037,10.88596,11.08394,12.52253,11.04744,-24.66306,-42.01044
3610.,41.32046,10.86918,11.06732,12.50597,11.03076,-24.68096,-42.02383
3620.,41.31054,10.85242,11.05073,12.48944,11.01409,-24.69879,-42.03721
3630.,41.3006,10.83569,11.03415,12.47292,10.99745,-24.71657,-42.05058
3640.,41.29065,10.81897,11.0176,12.45641,10.98082,-24.73428,-42.06393
3650.,41.28068,10.80228,11.00106,12.43993,10.96422,-24.75193,-42.07727
3660.,41.2707,10.7856,10.98455,12.42346,10.94764,-24.76953,-42.09059
3670.,41.26071,10.76895,10.96805,12.40702,10.93108,-24.78706,-42.1039
3680.,41.25071,10.75232,10.95158,12.39059,10.91453,-24.80454,-42.11719
3690.,41.2407,10.73572,10.93513,12.37417,10.89801,-24.82196,-42.13047
3700.,41.23067,10.71913,10.91869,12.35778,10.88151,-24.83932,-42.14374
3710.,41.22063,10.70256,10.90228,12.3414,10.86503,-24.85662,-42.15699
3720.,41.21059,10.68602,10.88589,12.32505,10.84857,-24.87387,-42.17022
3730.,41.20053,10.66949,10.86951,12.30871,10.83213,-24.89107,-42.18344
3740.,41.19046,10.65299,10.85316,12.29238,10.81571,-24.9082,-42.19665
3750.,41.18038,10.6365,10.83682,12.27608,10.79931,-24.92529,-42.20984
3760.,41.17029,10.62004,10.82051,12.25979,10.78293,-24.94231,-42.22302
3770.,41.16019,10.6036,10.80421,12.24353,10.76657,-24.95929,-42.23618
3780.,41.15009,10.58718,10.78794,12.22728,10.75023,-24.97621,-42.24933
3790.,41.13997,10.57078,10.77168,12.21104,10.73391,-24.99308,-42.26246
3800.,41.12985,10.5544,10.75545,12.19483,10.71761,-25.0099,-42.27558
3810.,41.11972,10.53804,10.73923,12.17863,10.70133,-25.02667,-42.28869
3820.,41.10958,10.5217,10.72303,12.16245,10.68507,-25.04338,-42.30178
3830.,41.09944,10.50539,10.70685,12.14629,10.66882,-25.06005,-42.31486
3840.,41.08929,10.48909,10.6907,12.13014,10.6526,-25.07666,-42.32792
3850.,41.07913,10.47281,10.67456,12.11402,10.6364,-25.09322,-42.34097
3860.,41.06896,10.45655,10.65844,12.09791,10.62022,-25.10974,-42.354
3870.,41.05879,10.44032,10.64234,12.08182,10.60406,-25.12621,-42.36702
3880.,41.04861,10.4241,10.62626,12.06574,10.58791,-25.14262,-42.38003
3890.,41.03843,10.4079,10.6102,12.04969,10.57179,-25.15899,-42.39302
3900.,41.02824,10.39173,10.59415,12.03365,10.55569,-25.17532,-42.40599
3910.,41.01805,10.37557,10.57813,12.01763,10.5396,-25.19159,-42.41896
3920.,41.00785,10.35943,10.56213,12.00163,10.52354,-25.20782,-42.4319
3930.,40.99765,10.34332,10.54614,11.98564,10.50749,-25.224,-42.44484
3940.,40.98745,10.32722,10.53017,11.96967,10.49146,-25.24014,-42.45776
3950.,40.97723,10.31114,10.51423,11.95372,10.47546,-25.25623,-42.47066
3960.,40.96702,10.29509,10.4983,11.93779,10.45947,-25.27228,-42.48355
3970.,40.9568,10.27905,10.48239,11.92188,10.4435,-25.28828,-42.49643
3980.,40.94658,10.26303,10.4665,11.90598,10.42755,-25.30424,-42.50929
3990.,40.93636,10.24703,10.45063,11.8901,10.41162,-25.32015,-42.52214
4000.,40.92613,10.23105,10.43477,11.87423,10.39571,-25.33602,-42.53498
4010.,40.9159,10.2151,10.41894,11.85839,10.37981,-25.35185,-42.5478
4020.,40.90567,10.19916,10.40313,11.84256,10.36394,-25.36763,-42.56061
4030.,40.89543,10.18324,10.38733,11.82675,10.34808,-25.38337,-42.5734
4040.,40.8852,10.16734,10.37155,11.81096,10.33225,-25.39907,-42.58618
4050.,40.87496,10.15146,10.35579,11.79518,10.31643,-25.41473,-42.59894
4060.,40.86472,10.13559,10.34005,11.77942,10.30063,-25.43035,-42.61169
4070.,40.85448,10.11975,10.32433,11.76368,10.28485,-25.44592,-42.62443
4080.,40.84424,10.10393,10.30863,11.74795,10.26909,-25.46146,-42.63715
4090.,40.834,10.08813,10.29294,11.73225,10.25335,-25.47695,-42.64986
4100.,40.82375,10.07234,10.27727,11.71656,10.23763,-25.49241,-42.66255
4110.,40.81351,10.05658,10.26163,11.70089,10.22192,-25.50783,-42.67524
4120.,40.80326,10.04083,10.246,11.68523,10.20624,-25.5232,-42.6879
4130.,40.79302,10.02511,10.23039,11.66959,10.19057,-25.53854,-42.70055
4140.,40.78277,10.0094,10.21479,11.65397,10.17492,-25.55384,-42.71319
4150.,40.77253,9.993709,10.19922,11.63837,10.15929,-25.5691,-42.72582
4160.,40.76229,9.978039,10.18366,11.62278,10.14368,-25.58432,-42.73843
4170.,40.75204,9.962389,10.16812,11.60721,10.12809,-25.59951,-42.75103
4180.,40.7418,9.946757,10.1526,11.59166,10.11251,-25.61465,-42.76361
4190.,40.73156,9.931144,10.1371,11.57613,10.09695,-25.62976,-42.77618
4200.,40.72132,9.91555,10.12162,11.56061,10.08142,-25.64484,-42.78874
4210.,40.71108,9.899975,10.10615,11.54511,10.0659,-25.65987,-42.80128
4220.,40.70084,9.884418,10.09071,11.52962,10.0504,-25.67487,-42.8138
4230.,40.6906,9.868881,10.07528,11.51416,10.03491,-25.68984,-42.82632
4240.,40.68037,9.853362,10.05987,11.49871,10.01945,-25.70477,-42.83882
4250.,40.67013,9.837861,10.04447,11.48327,10.004,-25.71966,-42.85131
4260.,40.6599,9.822379,10.0291,11.46786,9.988572,-25.73452,-42.86378
4270.,40.64967,9.806916,10.01374,11.45246,9.973162,-25.74934,-42.87624
4280.,40.63945,9.791472,9.998401,11.43708,9.95777,-25.76413,-42.88868
4290.,40.62922,9.776046,9.983079,11.42171,9.942395,-25.77889,-42.90112
4300.,40.619,9.760638,9.967776,11.40637,9.927039,-25.79361,-42.91353
4310.,40.60878,9.745249,9.95249,11.39103,9.911701,-25.8083,-42.92594
4320.,40.59857,9.729878,9.937222,11.37572,9.896381,-25.82295,-42.93833
4330.,40.58835,9.714526,9.921972,11.36042,9.881079,-25.83757,-42.95071
4340.,40.57814,9.699192,9.90674,11.34514,9.865795,-25.85216,-42.96307
4350.,40.56794,9.683876,9.891525,11.32988,9.850529,-25.86671,-42.97542
4360.,40.55773,9.668579,9.876328,11.31463,9.83528,-25.88124,-42.98775
4370.,40.54753,9.6533,9.861149,11.2994,9.82005,-25.89573,-43.00008
4380.,40.53733,9.638039,9.845987,11.28419,9.804837,-25.91018,-43.01239
4390.,40.52714,9.622796,9.830843,11.26899,9.789642,-25.92461,-43.02468
4400.,40.51695,9.607572,9.815716,11.25382,9.774465,-25.939,-43.03696
4410.,40.50677,9.592365,9.800607,11.23865,9.759305,-25.95337,-43.04923
4420.,40.49659,9.577177,9.785516,11.22351,9.744163,-25.9677,-43.06149
4430.,40.48641,9.562007,9.770442,11.20838,9.729039,-25.982,-43.07373
4440.,40.47624,9.546855,9.755386,11.19327,9.713933,-25.99627,-43.08595
4450.,40.46607,9.53172,9.740347,11.17817,9.698844,-26.01051,-43.09817
4460.,40.45591,9.516604,9.725325,11.16309,9.683773,-26.02472,-43.11037
4470.,40.44575,9.501506,9.710321,11.14803,9.668719,-26.0389,-43.12256
4480.,40.43559,9.486425,9.695334,11.13298,9.653683,-26.05305,-43.13473
4490.,40.42545,9.471363,9.680365,11.11795,9.638664,-26.06717,-43.14689
4500.,40.4153,9.456318,9.665412,11.10294,9.623663,-26.08126,-43.15904
4510.,40.40516,9.441291,9.650478,11.08794,9.608679,-26.09532,-43.17117
4520.,40.39503,9.426282,9.63556,11.07297,9.593713,-26.10936,-43.18329
4530.,40.3849,9.411291,9.62066,11.058,9.578764,-26.12336,-43.1954
4540.,40.37478,9.396317,9.605777,11.04306,9.563833,-26.13733,-43.20749
4550.,40.36466,9.381361,9.590911,11.02813,9.548918,-26.15128,-43.21957
4560.,40.35454,9.366423,9.576062,11.01321,9.534021,-26.1652,-43.23164
4570.,40.34444,9.351502,9.56123,10.99832,9.519142,-26.17909,-43.24369
4580.,40.33434,9.336599,9.546416,10.98344,9.50428,-26.19295,-43.25573
4590.,40.32424,9.321713,9.531618,10.96857,9.489435,-26.20679,-43.26775
4600.,40.31415,9.306845,9.516838,10.95373,9.474607,-26.2206,-43.27977
4610.,40.30407,9.291995,9.502075,10.9389,9.459796,-26.23438,-43.29177
4620.,40.29399,9.277162,9.487328,10.92408,9.445003,-26.24813,-43.30375
4630.,40.28392,9.262346,9.472599,10.90928,9.430226,-26.26186,-43.31573
4640.,40.27385,9.247548,9.457887,10.8945,9.415467,-26.27555,-43.32769
4650.,40.26379,9.232767,9.443191,10.87974,9.400725,-26.28923,-43.33963
4660.,40.25374,9.218004,9.428513,10.86499,9.386,-26.30287,-43.35157
4670.,40.2437,9.203258,9.413851,10.85025,9.371292,-26.31649,-43.36349
4680.,40.23366,9.18853,9.399206,10.83554,9.356601,-26.33009,-43.37539
4690.,40.22362,9.173818,9.384579,10.82084,9.341927,-26.34366,-43.38729
4700.,40.2136,9.159124,9.369968,10.80615,9.32727,-26.3572,-43.39917
4710.,40.20358,9.144447,9.355373,10.79149,9.31263,-26.37072,-43.41104
4720.,40.19356,9.129787,9.340796,10.77684,9.298006,-26.38421,-43.42289
4730.,40.18356,9.115145,9.326235,10.7622,9.2834,-26.39767,-43.43473
4740.,40.17356,9.10052,9.311691,10.74758,9.26881,-26.41111,-43.44656
4750.,40.16356,9.085911,9.297164,10.73298,9.254238,-26.42453,-43.45837
4760.,40.15358,9.07132,9.282653,10.71839,9.239682,-26.43792,-43.47018
4770.,40.1436,9.056746,9.268159,10.70382,9.225143,-26.45129,-43.48196
4780.,40.13363,9.042189,9.253682,10.68927,9.210621,-26.46463,-43.49374
4790.,40.12367,9.027649,9.239222,10.67473,9.196115,-26.47795,-43.5055
4800.,40.11371,9.013126,9.224777,10.66021,9.181626,-26.49124,-43.51725
4810.,40.10376,8.99862,9.21035,10.64571,9.167154,-26.50451,-43.52899
4820.,40.09382,8.984131,9.195939,10.63122,9.152699,-26.51775,-43.54071
4830.,40.08388,8.969659,9.181545,10.61674,9.13826,-26.53097,-43.55242
4840.,40.07396,8.955203,9.167167,10.60229,9.123838,-26.54417,-43.56412
4850.,40.06404,8.940765,9.152805,10.58784,9.109432,-26.55734,-43.5758
4860.,40.05413,8.926343,9.13846,10.57342,9.095043,-26.5705,-43.58748
4870.,40.04422,8.911939,9.124132,10.55901,9.080671,-26.58362,-43.59913
4880.,40.03433,8.89755,9.10982,10.54462,9.066315,-26.59673,-43.61078
4890.,40.02444,8.883179,9.095524,10.53024,9.051976,-26.60981,-43.62241
4900.,40.01456,8.868825,9.081244,10.51588,9.037653,-26.62287,-43.63403
4910.,40.00468,8.854487,9.066981,10.50153,9.023346,-26.6359,-43.64564
4920.,39.99482,8.840166,9.052735,10.48721,9.009056,-26.64891,-43.65723
4930.,39.98496,8.825861,9.038504,10.47289,8.994783,-26.6619,-43.66881
4940.,39.97511,8.811573,9.02429,10.45859,8.980526,-26.67487,-43.68038
4950.,39.96527,8.797302,9.010092,10.44431,8.966285,-26.68782,-43.69194
4960.,39.95544,8.783047,8.995911,10.43005,8.952061,-26.70074,-43.70348
4970.,39.94561,8.768809,8.981745,10.4158,8.937852,-26.71364,-43.71501
4980.,39.9358,8.754588,8.967596,10.40156,8.923661,-26.72652,-43.72653
4990.,39.92599,8.740383,8.953463,10.38735,8.909485,-26.73938,-43.73803
5000.,39.91619,8.726194,8.939346,10.37314,8.895326,-26.75221,-43.74952
5010.,39.9064,8.712022,8.925245,10.35896,8.881183,-26.76503,-43.761
5020.,39.89662,8.697866,8.911161,10.34479,8.867056,-26.77782,-43.77246
5030.,39.88684,8.683727,8.897092,10.33063,8.852945,-26.79059,-43.78392
5040.,39.87707,8.669604,8.88304,10.31649,8.838851,-26.80334,-43.79536
5050.,39.86732,8.655497,8.869003,10.30237,8.824773,-26.81607,-43.80679
5060.,39.85757,8.641407,8.854983,10.28826,8.81071,-26.82878,-43.8182
5070.,39.84783,8.627333,8.840978,10.27417,8.796664,-26.84147,-43.8296
5080.,39.83809,8.613276,8.82699,10.26009,8.782634,-26.85414,-43.84099
5090.,39.82837,8.599234,8.813017,10.24603,8.76862,-26.86678,-43.85237
5100.,39.81865,8.585209,8.799061,10.23199,8.754622,-26.87941,-43.86373
5110.,39.80895,8.5712,8.78512,10.21796,8.740641,-26.89201,-43.87508
5120.,39.79925,8.557208,8.771196,10.20394,8.726675,-26.9046,-43.88642
5130.,39.78956,8.543231,8.757287,10.18994,8.712725,-26.91716,-43.89775
5140.,39.77988,8.529271,8.743394,10.17596,8.698791,-26.9297,-43.90906
5150.,39.77021,8.515327,8.729517,10.162,8.684873,-26.94223,-43.92036
5160.,39.76054,8.501399,8.715655,10.14804,8.670971,-26.95473,-43.93165
5170.,39.75089,8.487487,8.70181,10.13411,8.657085,-26.96721,-43.94293
5180.,39.74125,8.473591,8.68798,10.12019,8.643214,-26.97968,-43.95419
5190.,39.73161,8.459711,8.674166,10.10628,8.62936,-26.99212,-43.96544
5200.,39.72198,8.445847,8.660368,10.09239,8.615521,-27.00455,-43.97668
5210.,39.71236,8.431999,8.646585,10.07852,8.601698,-27.01695,-43.9879
5220.,39.70275,8.418167,8.632818,10.06466,8.587891,-27.02934,-43.99912
5230.,39.69315,8.404351,8.619067,10.05082,8.5741,-27.0417,-44.01032
5240.,39.68356,8.390551,8.605332,10.03699,8.560325,-27.05405,-44.0215
5250.,39.67398,8.376767,8.591612,10.02318,8.546565,-27.06638,-44.03268
5260.,39.66441,8.362998,8.577908,10.00938,8.532821,-27.07869,-44.04384
5270.,39.65484,8.349246,8.564219,9.995599,8.519092,-27.09098,-44.05499
5280.,39.64529,8.335509,8.550546,9.981833,8.50538,-27.10325,-44.06613
5290.,39.63574,8.321788,8.536888,9.968082,8.491682,-27.1155,-44.07726
5300.,39.62621,8.308083,8.523246,9.954347,8.478001,-27.12773,-44.08837
5310.,39.61668,8.294394,8.50962,9.940627,8.464335,-27.13995,-44.09947
5320.,39.60716,8.280721,8.496009,9.926922,8.450685,-27.15214,-44.11056
5330.,39.59765,8.267063,8.482413,9.913232,8.43705,-27.16432,-44.12164
5340.,39.58815,8.253421,8.468833,9.899558,8.423431,-27.17648,-44.1327
5350.,39.57866,8.239794,8.455269,9.885899,8.409827,-27.18862,-44.14375
5360.,39.56918,8.226184,8.441719,9.872255,8.396239,-27.20074,-44.15479
5370.,39.55971,8.212589,8.428186,9.858627,8.382666,-27.21285,-44.16582
5380.,39.55024,8.199009,8.414667,9.845013,8.369109,-27.22493,-44.17683
5390.,39.54079,8.185445,8.401164,9.831415,8.355567,-27.237,-44.18784
5400.,39.53135,8.171897,8.387676,9.817832,8.342041,-27.24905,-44.19883
5410.,39.52191,8.158364,8.374204,9.804264,8.32853,-27.26108,-44.2098
5420.,39.51249,8.144847,8.360747,9.790711,8.315034,-27.2731,-44.22077
5430.,39.50307,8.131345,8.347305,9.777174,8.301554,-27.28509,-44.23172
5440.,39.49366,8.117859,8.333879,9.763651,8.288089,-27.29707,-44.24266
5450.,39.48427,8.104388,8.320467,9.750144,8.27464,-27.30904,-44.25359
5460.,39.47488,8.090933,8.307071,9.736651,8.261205,-27.32098,-44.26451
5470.,39.4655,8.077493,8.29369,9.723174,8.247786,-27.33291,-44.27541
5480.,39.45613,8.064068,8.280325,9.709712,8.234383,-27.34481,-44.28631
5490.,39.44677,8.050659,8.266974,9.696265,8.220994,-27.35671,-44.29719
5500.,39.43742,8.037266,8.253639,9.682832,8.207621,-27.36858,-44.30806
5510.,39.42808,8.023887,8.240318,9.669415,8.194263,-27.38044,-44.31891
5520.,39.41875,8.010524,8.227013,9.656013,8.18092,-27.39228,-44.32976
5530.,39.40943,7.997176,8.213723,9.642625,8.167592,-27.4041,-44.34059
5540.,39.40012,7.983844,8.200448,9.629253,8.15428,-27.41591,-44.35141
5550.,39.39082,7.970526,8.187188,9.615895,8.140982,-27.4277,-44.36221
5560.,39.38152,7.957224,8.173943,9.602553,8.1277,-27.43947,-44.37301
5570.,39.37224,7.943938,8.160713,9.589225,8.114433,-27.45122,-44.38379
5580.,39.36297,7.930666,8.147499,9.575912,8.101181,-27.46296,-44.39457
5590.,39.3537,7.91741,8.134299,9.562615,8.087943,-27.47468,-44.40532
5600.,39.34445,7.904168,8.121114,9.549331,8.074721,-27.48639,-44.41607
5610.,39.3352,7.890942,8.107944,9.536063,8.061514,-27.49808,-44.42681
5620.,39.32597,7.877731,8.094789,9.52281,8.048322,-27.50975,-44.43753
5630.,39.31674,7.864535,8.081648,9.509571,8.035145,-27.52141,-44.44824
5640.,39.30753,7.851354,8.068523,9.496347,8.021983,-27.53305,-44.45894
5650.,39.29832,7.838189,8.055413,9.483138,8.008836,-27.54467,-44.46963
5660.,39.28912,7.825038,8.042317,9.469944,7.995703,-27.55628,-44.48031
5670.,39.27994,7.811902,8.029236,9.456764,7.982586,-27.56787,-44.49097
5680.,39.27076,7.798781,8.01617,9.443599,7.969483,-27.57944,-44.50162
5690.,39.26159,7.785676,8.003119,9.430449,7.956396,-27.591,-44.51226
5700.,39.25243,7.772585,7.990083,9.417313,7.943323,-27.60254,-44.52289
5710.,39.24328,7.759509,7.977061,9.404193,7.930265,-27.61407,-44.5335
5720.,39.23415,7.746448,7.964054,9.391086,7.917222,-27.62558,-44.54411
5730.,39.22502,7.733402,7.951062,9.377995,7.904193,-27.63708,-44.5547
5740.,39.2159,7.720371,7.938085,9.364918,7.89118,-27.64855,-44.56528
5750.,39.20679,7.707354,7.925122,9.351856,7.878181,-27.66002,-44.57585
5760.,39.19769,7.694353,7.912174,9.338808,7.865197,-27.67146,-44.58641
5770.,39.1886,7.681366,7.89924,9.325775,7.852227,-27.6829,-44.59695
5780.,39.17952,7.668394,7.886322,9.312756,7.839272,-27.69431,-44.60749
5790.,39.17045,7.655437,7.873417,9.299752,7.826332,-27.70571,-44.61801
5800.,39.16138,7.642495,7.860528,9.286762,7.813407,-27.7171,-44.62852
5810.,39.15233,7.629567,7.847653,9.273787,7.800496,-27.72847,-44.63902
5820.,39.14329,7.616654,7.834792,9.260827,7.7876,-27.73982,-44.6495
5830.,39.13426,7.603756,7.821946,9.247881,7.774718,-27.75116,-44.65998
5840.,39.12524,7.590872,7.809115,9.234949,7.761851,-27.76249,-44.67044
5850.,39.11622,7.578004,7.796298,9.222032,7.748999,-27.77379,-44.68089
5860.,39.10722,7.565149,7.783495,9.209129,7.736161,-27.78509,-44.69133
5870.,39.09823,7.55231,7.770707,9.196241,7.723337,-27.79637,-44.70176
5880.,39.08924,7.539485,7.757934,9.183367,7.710528,-27.80763,-44.71218
5890.,39.08027,7.526674,7.745175,9.170507,7.697734,-27.81888,-44.72258
5900.,39.0713,7.513879,7.73243,9.157662,7.684954,-27.83011,-44.73297
5910.,39.06235,7.501097,7.7197,9.144831,7.672189,-27.84133,-44.74336
5920.,39.05341,7.488331,7.706984,9.132014,7.659438,-27.85253,-44.75373
5930.,39.04447,7.475578,7.694282,9.119212,7.646701,-27.86372,-44.76408
5940.,39.03554,7.462841,7.681595,9.106424,7.633979,-27.87489,-44.77443
5950.,39.02663,7.450117,7.668922,9.093651,7.621271,-27.88605,-44.78477
5960.,39.01772,7.437409,7.656264,9.080891,7.608578,-27.89719,-44.79509
5970.,39.00883,7.424714,7.643619,9.068146,7.595899,-27.90832,-44.8054
5980.,38.99994,7.412034,7.630989,9.055415,7.583234,-27.91944,-44.8157
5990.,38.99106,7.399369,7.618374,9.042699,7.570583,-27.93054,-44.82599
6000.,38.9822,7.386717,7.605772,9.029996,7.557947,-27.94162,-44.83627
6010.,38.97334,7.374081,7.593185,9.017308,7.545325,-27.95269,-44.84654
6020.,38.96449,7.361458,7.580612,9.004634,7.532718,-27.96375,-44.85679
6030.,38.95565,7.34885,7.568053,8.991974,7.520124,-27.97479,-44.86703
6040.,38.94683,7.336256,7.555508,8.979328,7.507545,-27.98582,-44.87727
6050.,38.93801,7.323677,7.542977,8.966696,7.49498,-27.99683,-44.88749
6060.,38.9292,7.311111,7.530461,8.954079,7.482429,-28.00783,-44.8977
6070.,38.9204,7.29856,7.517959,8.941475,7.469893,-28.01882,-44.90789
6080.,38.91161,7.286023,7.50547,8.928886,7.45737,-28.02979,-44.91808
6090.,38.90283,7.273501,7.492996,8.916311,7.444862,-28.04074,-44.92825
6100.,38.89406,7.260992,7.480536,8.903749,7.432368,-28.05168,-44.93842
6110.,38.8853,7.248498,7.46809,8.891202,7.419887,-28.06261,-44.94857
6120.,38.87655,7.236018,7.455658,8.878669,7.407421,-28.07353,-44.95871
6130.,38.86781,7.223552,7.44324,8.86615,7.394969,-28.08443,-44.96884
6140.,38.85908,7.2111,7.430836,8.853644,7.382531,-28.09531,-44.97896
6150.,38.85036,7.198663,7.418446,8.841153,7.370108,-28.10618,-44.98906
6160.,38.84164,7.186239,7.40607,8.828676,7.357698,-28.11704,-44.99916
6170.,38.83294,7.173829,7.393708,8.816212,7.345302,-28.12788,-45.00924
6180.,38.82425,7.161434,7.38136,8.803763,7.33292,-28.13871,-45.01932
6190.,38.81557,7.149053,7.369025,8.791327,7.320552,-28.14953,-45.02938
6200.,38.80689,7.136685,7.356705,8.778905,7.308198,-28.16033,-45.03943
6210.,38.79823,7.124332,7.344398,8.766498,7.295858,-28.17112,-45.04947
6220.,38.78958,7.111992,7.332106,8.754104,7.283532,-28.1819,-45.0595
6230.,38.78093,7.099667,7.319827,8.741723,7.271219,-28.19266,-45.06951
6240.,38.7723,7.087355,7.307562,8.729357,7.258921,-28.20341,-45.07952
6250.,38.76367,7.075057,7.295311,8.717005,7.246636,-28.21414,-45.08951
6260.,38.75506,7.062774,7.283073,8.704666,7.234366,-28.22486,-45.0995
6270.,38.74645,7.050504,7.27085,8.692341,7.222109,-28.23557,-45.10947
6280.,38.73785,7.038248,7.25864,8.68003,7.209866,-28.24626,-45.11943
6290.,38.72927,7.026006,7.246444,8.667732,7.197636,-28.25694,-45.12938
6300.,38.72069,7.013777,7.234261,8.655449,7.185421,-28.26761,-45.13932
6310.,38.71212,7.001563,7.222093,8.643179,7.173219,-28.27826,-45.14925
6320.,38.70357,6.989362,7.209938,8.630922,7.161031,-28.2889,-45.15916
6330.,38.69502,6.977175,7.197796,8.61868,7.148857,-28.29953,-45.16907
6340.,38.68648,6.965002,7.185669,8.606451,7.136696,-28.31014,-45.17896
6350.,38.67795,6.952843,7.173555,8.594236,7.124549,-28.32074,-45.18885
6360.,38.66943,6.940697,7.161454,8.582034,7.112416,-28.33132,-45.19872
6370.,38.66092,6.928565,7.149367,8.569846,7.100296,-28.3419,-45.20858
6380.,38.65242,6.916447,7.137294,8.557671,7.08819,-28.35246,-45.21843
6390.,38.64393,6.904343,7.125234,8.545511,7.076098,-28.36301,-45.22827
6400.,38.63545,6.892252,7.113188,8.533363,7.064019,-28.37354,-45.2381
6410.,38.62698,6.880174,7.101156,8.52123,7.051954,-28.38406,-45.24792
6420.,38.61852,6.868111,7.089137,8.509109,7.039903,-28.39457,-45.25772
6430.,38.61007,6.856061,7.077131,8.497003,7.027865,-28.40506,-45.26752
6440.,38.60162,6.844024,7.065139,8.48491,7.01584,-28.41554,-45.2773
6450.,38.59319,6.832002,7.053161,8.47283,7.003829,-28.42601,-45.28708
6460.,38.58477,6.819992,7.041196,8.460764,6.991832,-28.43647,-45.29684
6470.,38.57635,6.807997,7.029244,8.448711,6.979848,-28.44691,-45.30659
6480.,38.56795,6.796014,7.017306,8.436672,6.967877,-28.45734,-45.31633
6490.,38.55955,6.784046,7.005381,8.424646,6.95592,-28.46776,-45.32606
6500.,38.55117,6.772091,6.99347,8.412634,6.943977,-28.47816,-45.33578
6510.,38.54279,6.760149,6.981572,8.400635,6.932046,-28.48855,-45.34549
6520.,38.53443,6.748221,6.969687,8.388649,6.92013,-28.49893,-45.35519
6530.,38.52607,6.736306,6.957816,8.376677,6.908226,-28.5093,-45.36487
6540.,38.51772,6.724404,6.945958,8.364718,6.896336,-28.51965,-45.37455
6550.,38.50938,6.712516,6.934113,8.352773,6.884459,-28.52999,-45.38422
6560.,38.50105,6.700642,6.922282,8.340841,6.872596,-28.54032,-45.39387
6570.,38.49273,6.688781,6.910464,8.328922,6.860746,-28.55064,-45.40351
6580.,38.48442,6.676933,6.898659,8.317016,6.848909,-28.56094,-45.41315
6590.,38.47612,6.665098,6.886867,8.305124,6.837086,-28.57123,-45.42277
6600.,38.46783,6.653277,6.875089,8.293245,6.825276,-28.58151,-45.43238
6610.,38.45955,6.641469,6.863324,8.281379,6.813479,-28.59177,-45.44198
6620.,38.45128,6.629674,6.851572,8.269527,6.801695,-28.60203,-45.45157
6630.,38.44302,6.617893,6.839833,8.257687,6.789925,-28.61227,-45.46115
6640.,38.43476,6.606125,6.828107,8.245861,6.778168,-28.62249,-45.47072
6650.,38.42652,6.59437,6.816395,8.234048,6.766424,-28.63271,-45.48028
6660.,38.41829,6.582629,6.804696,8.222249,6.754693,-28.64291,-45.48982
6670.,38.41006,6.5709,6.79301,8.210462,6.742975,-28.6531,-45.49936
6680.,38.40184,6.559185,6.781337,8.198688,6.731271,-28.66328,-45.50889
6690.,38.39364,6.547483,6.769677,8.186928,6.719579,-28.67345,-45.5184
6700.,38.38544,6.535794,6.75803,8.175181,6.707901,-28.6836,-45.52791
6710.,38.37725,6.524118,6.746396,8.163447,6.696236,-28.69374,-45.5374
6720.,38.36908,6.512456,6.734775,8.151726,6.684583,-28.70387,-45.54688
6730.,38.36091,6.500806,6.723167,8.140018,6.672944,-28.71399,-45.55636
6740.,38.35275,6.48917,6.711572,8.128323,6.661318,-28.7241,-45.56582
6750.,38.3446,6.477546,6.699991,8.116641,6.649705,-28.73419,-45.57527
6760.,38.33646,6.465936,6.688422,8.104972,6.638105,-28.74427,-45.58471
6770.,38.32832,6.454339,6.676866,8.093316,6.626518,-28.75434,-45.59414
6780.,38.3202,6.442755,6.665323,8.081673,6.614945,-28.76439,-45.60356
6790.,38.31209,6.431183,6.653793,8.070044,6.603383,-28.77444,-45.61297
6800.,38.30398,6.419625,6.642276,8.058427,6.591835,-28.78447,-45.62237
6810.,38.29589,6.40808,6.630772,8.046823,6.5803,-28.79449,-45.63176
6820.,38.2878,6.396548,6.619281,8.035232,6.568778,-28.8045,-45.64114
6830.,38.27973,6.385028,6.607802,8.023654,6.557269,-28.8145,-45.65051
6840.,38.27166,6.373522,6.596337,8.012088,6.545772,-28.82448,-45.65987
6850.,38.2636,6.362028,6.584884,8.000536,6.534289,-28.83445,-45.66921
6860.,38.25555,6.350548,6.573444,7.988997,6.522818,-28.84441,-45.67855
6870.,38.24752,6.33908,6.562017,7.97747,6.51136,-28.85436,-45.68788
6880.,38.23949,6.327625,6.550603,7.965956,6.499915,-28.8643,-45.69719
6890.,38.23146,6.316183,6.539201,7.954455,6.488483,-28.87423,-45.7065
6900.,38.22345,6.304754,6.527813,7.942967,6.477064,-28.88414,-45.71579
6910.,38.21545,6.293338,6.516437,7.931492,6.465657,-28.89404,-45.72508
6920.,38.20746,6.281934,6.505073,7.920029,6.454263,-28.90393,-45.73435
6930.,38.19947,6.270544,6.493723,7.908579,6.442882,-28.91381,-45.74362
6940.,38.1915,6.259166,6.482385,7.897142,6.431514,-28.92368,-45.75287
6950.,38.18353,6.2478,6.47106,7.885718,6.420158,-28.93353,-45.76211
6960.,38.17557,6.236448,6.459747,7.874306,6.408815,-28.94337,-45.77135
6970.,38.16763,6.225108,6.448447,7.862908,6.397485,-28.9532,-45.78057
6980.,38.15969,6.213781,6.43716,7.851521,6.386168,-28.96302,-45.78978
6990.,38.15176,6.202467,6.425885,7.840148,6.374863,-28.97283,-45.79898
7000.,38.14384,6.191165,6.414623,7.828787,6.36357,-28.98263,-45.80818
7010.,38.13593,6.179876,6.403374,7.817439,6.352291,-28.99241,-45.81736
7020.,38.12803,6.1686,6.392137,7.806103,6.341024,-29.00219,-45.82653
7030.,38.12013,6.157336,6.380913,7.79478,6.329769,-29.01195,-45.83569
7040.,38.11225,6.146085,6.369701,7.78347,6.318527,-29.0217,-45.84484
7050.,38.10437,6.134846,6.358502,7.772172,6.307298,-29.03144,-45.85398
7060.,38.09651,6.12362,6.347315,7.760887,6.296081,-29.04117,-45.86311
7070.,38.08865,6.112407,6.336141,7.749614,6.284877,-29.05088,-45.87224
7080.,38.0808,6.101206,6.324979,7.738354,6.273685,-29.06059,-45.88135
7090.,38.07296,6.090018,6.31383,7.727107,6.262506,-29.07028,-45.89045
7100.,38.06513,6.078842,6.302693,7.715872,6.251339,-29.07996,-45.89954
7110.,38.05731,6.067679,6.291569,7.704649,6.240185,-29.08963,-45.90862
7120.,38.0495,6.056528,6.280457,7.693439,6.229043,-29.09929,-45.91769
7130.,38.0417,6.04539,6.269357,7.682242,6.217914,-29.10894,-45.92675
7140.,38.0339,6.034264,6.25827,7.671057,6.206797,-29.11858,-45.9358
7150.,38.02612,6.023151,6.247196,7.659884,6.195693,-29.1282,-45.94484
7160.,38.01834,6.01205,6.236133,7.648724,6.184601,-29.13782,-45.95387
7170.,38.01058,6.000961,6.225083,7.637576,6.173521,-29.14742,-45.96289
7180.,38.00282,5.989885,6.214045,7.62644,6.162454,-29.15701,-45.9719
7190.,37.99507,5.978821,6.20302,7.615317,6.151399,-29.16659,-45.9809
7200.,37.98733,5.96777,6.192007,7.604207,6.140356,-29.17616,-45.98989
7210.,37.9796,5.956731,6.181006,7.593108,6.129326,-29.18572,-45.99887
7220.,37.97187,5.945704,6.170018,7.582022,6.118308,-29.19527,-46.00784
7230.,37.96416,5.93469,6.159042,7.570949,6.107302,-29.2048,-46.0168
7240.,37.95645,5.923688,6.148078,7.559887,6.096308,-29.21433,-46.02574
7250.,37.94876,5.912698,6.137126,7.548838,6.085327,-29.22384,-46.03468
7260.,37.94107,5.90172,6.126186,7.537801,6.074358,-29.23334,-46.04361
7270.,37.93339,5.890755,6.115259,7.526777,6.063402,-29.24284,-46.05253
7280.,37.92572,5.879802,6.104344,7.515765,6.052457,-29.25232,-46.06144
7290.,37.91806,5.868861,6.093441,7.504765,6.041525,-29.26179,-46.07034
7300.,37.91041,5.857933,6.08255,7.493777,6.030605,-29.27124,-46.07924
7310.,37.90277,5.847016,6.071671,7.482801,6.019697,-29.28069,-46.08812
7320.,37.89513,5.836112,6.060805,7.471838,6.008801,-29.29013,-46.09699
7330.,37.88751,5.82522,6.04995,7.460887,5.997918,-29.29955,-46.10585
7340.,37.87989,5.81434,6.039108,7.449947,5.987046,-29.30897,-46.1147
7350.,37.87228,5.803473,6.028278,7.439021,5.976187,-29.31837,-46.12354
7360.,37.86468,5.792617,6.017459,7.428106,5.96534,-29.32777,-46.13237
7370.,37.85709,5.781774,6.006653,7.417203,5.954504,-29.33715,-46.14119
7380.,37.84951,5.770942,5.995859,7.406313,5.943681,-29.34652,-46.15
7390.,37.84194,5.760123,5.985077,7.395434,5.93287,-29.35588,-46.1588
7400.,37.83437,5.749316,5.974307,7.384568,5.922071,-29.36523,-46.1676
7410.,37.82682,5.738521,5.963549,7.373714,5.911284,-29.37457,-46.17638
7420.,37.81927,5.727737,5.952803,7.362871,5.900509,-29.3839,-46.18515
7430.,37.81173,5.716966,5.942069,7.352041,5.889746,-29.39321,-46.19391
7440.,37.8042,5.706207,5.931346,7.341223,5.878995,-29.40252,-46.20267
7450.,37.79668,5.69546,5.920636,7.330417,5.868256,-29.41182,-46.21141
7460.,37.78917,5.684725,5.909938,7.319623,5.857529,-29.4211,-46.22014
7470.,37.78167,5.674002,5.899252,7.308841,5.846814,-29.43037,-46.22887
7480.,37.77417,5.663291,5.888577,7.29807,5.836111,-29.43964,-46.23758
7490.,37.76669,5.652591,5.877914,7.287312,5.82542,-29.44889,-46.24629
7500.,37.75921,5.641904,5.867264,7.276566,5.81474,-29.45813,-46.25498
7510.,37.75174,5.631229,5.856625,7.265831,5.804073,-29.46737,-46.26367
7520.,37.74428,5.620565,5.845998,7.255109,5.793417,-29.47659,-46.27234
7530.,37.73683,5.609913,5.835382,7.244398,5.782774,-29.4858,-46.28101
7540.,37.72938,5.599274,5.824779,7.2337,5.772142,-29.495,-46.28967
7550.,37.72195,5.588646,5.814187,7.223013,5.761522,-29.50419,-46.29831
7560.,37.71452,5.57803,5.803608,7.212338,5.750913,-29.51337,-46.30695
7570.,37.70711,5.567425,5.79304,7.201675,5.740317,-29.52253,-46.31558
7580.,37.6997,5.556833,5.782483,7.191023,5.729732,-29.53169,-46.32419
7590.,37.6923,5.546252,5.771939,7.180384,5.719159,-29.54084,-46.3328
7600.,37.6849,5.535683,5.761406,7.169756,5.708598,-29.54998,-46.3414
7610.,37.67752,5.525126,5.750885,7.15914,5.698049,-29.5591,-46.34999
7620.,37.67015,5.514581,5.740375,7.148536,5.687511,-29.56822,-46.35857
7630.,37.66278,5.504047,5.729877,7.137944,5.676985,-29.57733,-46.36714
7640.,37.65542,5.493525,5.719391,7.127363,5.666471,-29.58642,-46.3757
7650.,37.64807,5.483015,5.708917,7.116794,5.655968,-29.59551,-46.38425
7660.,37.64073,5.472516,5.698454,7.106237,5.645477,-29.60458,-46.3928
7670.,37.6334,5.462029,5.688003,7.095692,5.634998,-29.61364,-46.40133
7680.,37.62607,5.451554,5.677563,7.085158,5.62453,-29.6227,-46.40985
7690.,37.61876,5.441091,5.667135,7.074636,5.614074,-29.63174,-46.41837
7700.,37.61145,5.430639,5.656719,7.064125,5.60363,-29.64077,-46.42687
7710.,37.60415,5.420198,5.646314,7.053627,5.593197,-29.6498,-46.43536
7720.,37.59686,5.40977,5.635921,7.043139,5.582776,-29.65881,-46.44385
7730.,37.58958,5.399352,5.625539,7.032664,5.572366,-29.66781,-46.45232
7740.,37.5823,5.388947,5.615169,7.0222,5.561968,-29.6768,-46.46079
7750.,37.57504,5.378553,5.60481,7.011747,5.551582,-29.68578,-46.46925
7760.,37.56778,5.368171,5.594463,7.001307,5.541207,-29.69476,-46.4777
7770.,37.56053,5.3578,5.584128,6.990877,5.530843,-29.70372,-46.48613
7780.,37.55329,5.34744,5.573803,6.98046,5.520491,-29.71267,-46.49456
7790.,37.54606,5.337092,5.563491,6.970054,5.510151,-29.72161,-46.50298
7800.,37.53884,5.326756,5.553189,6.959659,5.499822,-29.73054,-46.51139
7810.,37.53162,5.316431,5.5429,6.949276,5.489504,-29.73946,-46.51979
7820.,37.52441,5.306118,5.532621,6.938904,5.479198,-29.74837,-46.52819
7830.,37.51722,5.295816,5.522354,6.928544,5.468904,-29.75727,-46.53657
7840.,37.51002,5.285525,5.512098,6.918196,5.45862,-29.76616,-46.54494
7850.,37.50284,5.275246,5.501854,6.907859,5.448349,-29.77504,-46.55331
7860.,37.49567,5.264978,5.491621,6.897533,5.438088,-29.78391,-46.56166
7870.,37.4885,5.254722,5.4814,6.887218,5.427839,-29.79277,-46.57001
7880.,37.48135,5.244477,5.47119,6.876916,5.417601,-29.80162,-46.57834
7890.,37.4742,5.234244,5.460991,6.866624,5.407375,-29.81046,-46.58667
7900.,37.46705,5.224022,5.450803,6.856344,5.39716,-29.81929,-46.59499
7910.,37.45992,5.213811,5.440627,6.846075,5.386956,-29.82811,-46.60329
7920.,37.4528,5.203611,5.430462,6.835818,5.376764,-29.83692,-46.61159
7930.,37.44568,5.193423,5.420308,6.825572,5.366583,-29.84572,-46.61988
7940.,37.43857,5.183246,5.410166,6.815337,5.356413,-29.85451,-46.62817
7950.,37.43147,5.17308,5.400034,6.805114,5.346255,-29.86329,-46.63644
7960.,37.42438,5.162926,5.389914,6.794902,5.336108,-29.87206,-46.6447
7970.,37.4173,5.152783,5.379806,6.784701,5.325972,-29.88082,-46.65295
7980.,37.41022,5.142651,5.369708,6.774512,5.315847,-29.88957,-46.6612
7990.,37.40315,5.132531,5.359622,6.764333,5.305733,-29.89831,-46.66943
8000.,37.39609,5.122421,5.349547,6.754166,5.295631,-29.90704,-46.67766
8010.,37.38904,5.112323,5.339482,6.744011,5.28554,-29.91576,-46.68588
8020.,37.382,5.102236,5.32943,6.733866,5.27546,-29.92447,-46.69408
8030.,37.37496,5.09216,5.319388,6.723733,5.265391,-29.93317,-46.70228
8040.,37.36794,5.082096,5.309357,6.713611,5.255333,-29.94186,-46.71047
8050.,37.36092,5.072042,5.299338,6.7035,5.245287,-29.95055,-46.71865
8060.,37.35391,5.062,5.289329,6.6934,5.235251,-29.95922,-46.72683
8070.,37.3469,5.051969,5.279332,6.683312,5.225227,-29.96788,-46.73499
8080.,37.33991,5.041949,5.269346,6.673234,5.215214,-29.97653,-46.74314
8090.,37.33292,5.03194,5.25937,6.663168,5.205212,-29.98517,-46.75129
8100.,37.32594,5.021942,5.249406,6.653113,5.195221,-29.9938,-46.75942
8110.,37.31897,5.011955,5.239453,6.643069,5.185241,-30.00243,-46.76755
8120.,37.31201,5.001979,5.229511,6.633036,5.175272,-30.01104,-46.77567
8130.,37.30506,4.992014,5.21958,6.623014,5.165314,-30.01964,-46.78378
8140.,37.29811,4.98206,5.20966,6.613003,5.155367,-30.02824,-46.79187
8150.,37.29117,4.972118,5.19975,6.603004,5.145431,-30.03682,-46.79997
8160.,37.28424,4.962186,5.189852,6.593015,5.135506,-30.0454,-46.80805
8170.,37.27732,4.952265,5.179965,6.583037,5.125592,-30.05396,-46.81612
8180.,37.2704,4.942356,5.170089,6.573071,5.115689,-30.06251,-46.82418
8190.,37.2635,4.932457,5.160223,6.563115,5.105797,-30.07106,-46.83224
8200.,37.2566,4.922569,5.150369,6.553171,5.095916,-30.0796,-46.84029
8210.,37.24971,4.912692,5.140525,6.543237,5.086046,-30.08812,-46.84832
8220.,37.24282,4.902826,5.130693,6.533314,5.076187,-30.09664,-46.85635
8230.,37.23595,4.892971,5.120871,6.523402,5.066338,-30.10515,-46.86437
8240.,37.22908,4.883127,5.11106,6.513502,5.056501,-30.11364,-46.87238
8250.,37.22222,4.873294,5.10126,6.503612,5.046674,-30.12213,-46.88038
8260.,37.21537,4.863472,5.09147,6.493733,5.036859,-30.13061,-46.88838
8270.,37.20852,4.85366,5.081692,6.483865,5.027054,-30.13908,-46.89636
8280.,37.20169,4.843859,5.071924,6.474008,5.01726,-30.14754,-46.90434
8290.,37.19486,4.83407,5.062167,6.464161,5.007477,-30.15599,-46.9123
8300.,37.18804,4.82429,5.052421,6.454326,4.997704,-30.16443,-46.92026
8310.,37.18123,4.814522,5.042686,6.444501,4.987942,-30.17286,-46.92821
8320.,37.17442,4.804765,5.032961,6.434688,4.978192,-30.18128,-46.93615
8330.,37.16763,4.795018,5.023248,6.424885,4.968452,-30.18969,-46.94408
8340.,37.16084,4.785282,5.013545,6.415093,4.958722,-30.19809,-46.95201
8350.,37.15406,4.775557,5.003852,6.405311,4.949004,-30.20649,-46.95992
8360.,37.14728,4.765843,4.994171,6.395541,4.939296,-30.21487,-46.96783
8370.,37.14052,4.756139,4.9845,6.385781,4.929599,-30.22325,-46.97572
8380.,37.13376,4.746446,4.974839,6.376032,4.919912,-30.23161,-46.98361
8390.,37.12701,4.736764,4.96519,6.366294,4.910237,-30.23997,-46.99149
8400.,37.12027,4.727093,4.955551,6.356566,4.900572,-30.24831,-46.99936
8410.,37.11353,4.717432,4.945922,6.34685,4.890917,-30.25665,-47.00722
8420.,37.10681,4.707782,4.936305,6.337144,4.881274,-30.26498,-47.01507
8430.,37.10009,4.698142,4.926698,6.327448,4.871641,-30.2733,-47.02292
8440.,37.09337,4.688513,4.917101,6.317764,4.862018,-30.28161,-47.03076
8450.,37.08667,4.678895,4.907515,6.30809,4.852406,-30.2899,-47.03858
8460.,37.07997,4.669288,4.89794,6.298426,4.842805,-30.2982,-47.0464
8470.,37.07329,4.65969,4.888375,6.288774,4.833214,-30.30648,-47.05421
8480.,37.0666,4.650104,4.878821,6.279132,4.823634,-30.31475,-47.06201
8490.,37.05993,4.640528,4.869277,6.2695,4.814065,-30.32301,-47.06981
8500.,37.05327,4.630963,4.859744,6.259879,4.804506,-30.33126,-47.07759
8510.,37.04661,4.621408,4.850222,6.250269,4.794958,-30.33951,-47.08537
8520.,37.03996,4.611864,4.84071,6.240669,4.78542,-30.34774,-47.09313
8530.,37.03332,4.60233,4.831208,6.23108,4.775892,-30.35597,-47.10089
8540.,37.02668,4.592807,4.821717,6.221502,4.766376,-30.36419,-47.10864
8550.,37.02005,4.583294,4.812236,6.211934,4.756869,-30.37239,-47.11638
8560.,37.01343,4.573792,4.802766,6.202376,4.747373,-30.38059,-47.12412
8570.,37.00682,4.564301,4.793306,6.192829,4.737888,-30.38878,-47.13184
8580.,37.00022,4.554819,4.783857,6.183293,4.728413,-30.39696,-47.13956
8590.,36.99362,4.545349,4.774418,6.173767,4.718948,-30.40513,-47.14726
8600.,36.98703,4.535888,4.764989,6.164252,4.709494,-30.41329,-47.15496
8610.,36.98045,4.526438,4.755571,6.154747,4.700051,-30.42145,-47.16265
8620.,36.97387,4.516999,4.746163,6.145252,4.690617,-30.42959,-47.17034
8630.,36.9673,4.50757,4.736766,6.135768,4.681195,-30.43773,-47.17801
8640.,36.96075,4.498151,4.727379,6.126295,4.671782,-30.44585,-47.18567
8650.,36.95419,4.488743,4.718002,6.116831,4.66238,-30.45397,-47.19333
8660.,36.94765,4.479345,4.708636,6.107379,4.652988,-30.46208,-47.20098
8670.,36.94111,4.469957,4.69928,6.097936,4.643607,-30.47017,-47.20862
8680.,36.93458,4.46058,4.689934,6.088504,4.634236,-30.47826,-47.21625
8690.,36.92806,4.451213,4.680599,6.079083,4.624875,-30.48634,-47.22387
8700.,36.92155,4.441856,4.671273,6.069671,4.615524,-30.49442,-47.23149
8710.,36.91504,4.43251,4.661959,6.060271,4.606184,-30.50248,-47.23909
8720.,36.90854,4.423174,4.652654,6.05088,4.596854,-30.51053,-47.24669
8730.,36.90205,4.413848,4.643359,6.0415,4.587535,-30.51858,-47.25428
8740.,36.89556,4.404533,4.634075,6.03213,4.578225,-30.52661,-47.26186
8750.,36.88908,4.395228,4.624801,6.02277,4.568926,-30.53464,-47.26944
8760.,36.88261,4.385933,4.615538,6.013421,4.559637,-30.54266,-47.277
8770.,36.87615,4.376648,4.606284,6.004082,4.550359,-30.55067,-47.28456
8780.,36.86969,4.367373,4.597041,5.994753,4.54109,-30.55867,-47.29211
8790.,36.86325,4.358109,4.587807,5.985434,4.531832,-30.56666,-47.29965
8800.,36.85681,4.348855,4.578584,5.976126,4.522584,-30.57464,-47.30718
8810.,36.85037,4.339611,4.569372,5.966828,4.513346,-30.58261,-47.3147
8820.,36.84395,4.330377,4.560169,5.95754,4.504118,-30.59058,-47.32221
8830.,36.83753,4.321153,4.550976,5.948263,4.494901,-30.59853,-47.32972
8840.,36.83112,4.31194,4.541794,5.938995,4.485693,-30.60648,-47.33722
8850.,36.82471,4.302737,4.532621,5.929738,4.476496,-30.61442,-47.34471
8860.,36.81832,4.293543,4.523459,5.920491,4.467308,-30.62235,-47.35219
8870.,36.81193,4.28436,4.514307,5.911254,4.458131,-30.63027,-47.35967
8880.,36.80555,4.275187,4.505164,5.902027,4.448964,-30.63818,-47.36713
8890.,36.79917,4.266024,4.496032,5.89281,4.439807,-30.64608,-47.37459
8900.,36.7928,4.256871,4.48691,5.883604,4.43066,-30.65398,-47.38204
8910.,36.78644,4.247729,4.477798,5.874407,4.421523,-30.66186,-47.38948
8920.,36.78009,4.238596,4.468696,5.865221,4.412397,-30.66974,-47.39691
8930.,36.77374,4.229473,4.459604,5.856045,4.40328,-30.67761,-47.40434
8940.,36.76741,4.22036,4.450522,5.846878,4.394173,-30.68546,-47.41175
8950.,36.76107,4.211258,4.44145,5.837722,4.385076,-30.69332,-47.41916
8960.,36.75475,4.202165,4.432388,5.828576,4.37599,-30.70116,-47.42656
8970.,36.74843,4.193082,4.423335,5.81944,4.366913,-30.70899,-47.43395
8980.,36.74212,4.18401,4.414293,5.810314,4.357846,-30.71681,-47.44134
8990.,36.73582,4.174947,4.405261,5.801198,4.348789,-30.72463,-47.44871
9000.,36.72953,4.165894,4.396238,5.792092,4.339742,-30.73244,-47.45608
9010.,36.72324,4.156851,4.387226,5.782996,4.330705,-30.74024,-47.46344
9020.,36.71696,4.147818,4.378223,5.77391,4.321678,-30.74803,-47.47079
9030.,36.71068,4.138795,4.369231,5.764834,4.312661,-30.75581,-47.47813
9040.,36.70442,4.129782,4.360248,5.755768,4.303654,-30.76358,-47.48547
9050.,36.69816,4.120779,4.351275,5.746712,4.294656,-30.77134,-47.4928
9060.,36.69191,4.111786,4.342312,5.737665,4.285669,-30.7791,-47.50012
9070.,36.68566,4.102802,4.333359,5.728629,4.276691,-30.78685,-47.50743
9080.,36.67942,4.093828,4.324415,5.719603,4.267723,-30.79458,-47.51473
9090.,36.67319,4.084865,4.315482,5.710586,4.258765,-30.80231,-47.52203
9100.,36.66697,4.075911,4.306558,5.701579,4.249817,-30.81004,-47.52931
9110.,36.66075,4.066967,4.297644,5.692583,4.240879,-30.81775,-47.53659
9120.,36.65454,4.058032,4.28874,5.683596,4.23195,-30.82545,-47.54386
9130.,36.64834,4.049108,4.279845,5.674619,4.223032,-30.83315,-47.55113
9140.,36.64214,4.040193,4.27096,5.665652,4.214123,-30.84083,-47.55838
9150.,36.63595,4.031288,4.262085,5.656694,4.205223,-30.84851,-47.56563
9160.,36.62977,4.022393,4.25322,5.647747,4.196334,-30.85618,-47.57287
9170.,36.6236,4.013508,4.244365,5.638809,4.187454,-30.86385,-47.5801
9180.,36.61743,4.004632,4.235519,5.629881,4.178584,-30.8715,-47.58733
9190.,36.61127,3.995766,4.226683,5.620963,4.169724,-30.87914,-47.59454
9200.,36.60512,3.98691,4.217856,5.612054,4.160874,-30.88678,-47.60175
9210.,36.59897,3.978064,4.20904,5.603156,4.152033,-30.89441,-47.60895
9220.,36.59283,3.969227,4.200233,5.594267,4.143202,-30.90203,-47.61614
9230.,36.5867,3.9604,4.191435,5.585387,4.134381,-30.90964,-47.62333
9240.,36.58057,3.951582,4.182648,5.576518,4.125569,-30.91724,-47.6305
9250.,36.57445,3.942775,4.173869,5.567658,4.116767,-30.92484,-47.63767
9260.,36.56834,3.933976,4.165101,5.558808,4.107974,-30.93242,-47.64483
9270.,36.56224,3.925188,4.156342,5.549968,4.099191,-30.94,-47.65198
9280.,36.55614,3.916409,4.147593,5.541137,4.090418,-30.94757,-47.65913
9290.,36.55005,3.90764,4.138853,5.532316,4.081655,-30.95513,-47.66627
9300.,36.54397,3.89888,4.130123,5.523505,4.072901,-30.96268,-47.6734
9310.,36.53789,3.89013,4.121402,5.514703,4.064156,-30.97023,-47.68052
9320.,36.53182,3.88139,4.112691,5.505911,4.055421,-30.97776,-47.68763
9330.,36.52576,3.872659,4.10399,5.497129,4.046696,-30.98529,-47.69474
9340.,36.5197,3.863938,4.095298,5.488356,4.03798,-30.99281,-47.70183
9350.,36.51365,3.855226,4.086615,5.479593,4.029274,-31.00032,-47.70893
9360.,36.50761,3.846524,4.077943,5.470839,4.020578,-31.00782,-47.71601
9370.,36.50157,3.837831,4.069279,5.462095,4.011891,-31.01532,-47.72308
9380.,36.49554,3.829148,4.060625,5.45336,4.003213,-31.0228,-47.73015
9390.,36.48952,3.820474,4.051981,5.444635,3.994545,-31.03028,-47.73721
9400.,36.48351,3.81181,4.043346,5.43592,3.985886,-31.03775,-47.74426
9410.,36.4775,3.803155,4.03472,5.427214,3.977237,-31.04521,-47.75131
9420.,36.4715,3.79451,4.026104,5.418518,3.968597,-31.05267,-47.75834
9430.,36.4655,3.785874,4.017497,5.409831,3.959967,-31.06011,-47.76537
9440.,36.45951,3.777248,4.0089,5.401153,3.951346,-31.06755,-47.77239
9450.,36.45353,3.768631,4.000312,5.392486,3.942735,-31.07498,-47.7794
9460.,36.44756,3.760024,3.991734,5.383827,3.934133,-31.0824,-47.78641
9470.,36.44159,3.751426,3.983165,5.375178,3.925541,-31.08981,-47.79341
9480.,36.43563,3.742837,3.974605,5.366539,3.916958,-31.09721,-47.8004
9490.,36.42968,3.734258,3.966055,5.357909,3.908384,-31.10461,-47.80738
9500.,36.42373,3.725688,3.957514,5.349288,3.899819,-31.112,-47.81436
9510.,36.41779,3.717127,3.948982,5.340677,3.891264,-31.11938,-47.82132
9520.,36.41186,3.708576,3.94046,5.332075,3.882719,-31.12675,-47.82828
9530.,36.40593,3.700035,3.931947,5.323483,3.874183,-31.13411,-47.83523
9540.,36.40001,3.691502,3.923443,5.3149,3.865656,-31.14147,-47.84218
9550.,36.39409,3.682979,3.914949,5.306326,3.857138,-31.14882,-47.84912
9560.,36.38819,3.674465,3.906464,5.297762,3.84863,-31.15616,-47.85605
9570.,36.38229,3.665961,3.897988,5.289207,3.840131,-31.16349,-47.86297
9580.,36.37639,3.657466,3.889521,5.280662,3.831641,-31.17081,-47.86988
9590.,36.37051,3.64898,3.881064,5.272125,3.82316,-31.17813,-47.87679
9600.,36.36463,3.640503,3.872616,5.263598,3.814689,-31.18543,-47.88369
9610.,36.35875,3.632036,3.864177,5.255081,3.806227,-31.19273,-47.89058
9620.,36.35289,3.623578,3.855748,5.246573,3.797774,-31.20003,-47.89746
9630.,36.34703,3.615129,3.847327,5.238074,3.789331,-31.20731,-47.90434
9640.,36.34117,3.606689,3.838916,5.229584,3.780897,-31.21458,-47.91121
9650.,36.33533,3.598259,3.830514,5.221103,3.772472,-31.22185,-47.91807
9660.,36.32949,3.589837,3.822121,5.212632,3.764056,-31.22911,-47.92492
9670.,36.32365,3.581425,3.813738,5.20417,3.755649,-31.23636,-47.93177
9680.,36.31783,3.573022,3.805363,5.195718,3.747252,-31.24361,-47.93861
9690.,36.31201,3.564629,3.796998,5.187274,3.738863,-31.25084,-47.94544
9700.,36.30619,3.556244,3.788642,5.17884,3.730484,-31.25807,-47.95227
9710.,36.30038,3.547869,3.780295,5.170415,3.722114,-31.26529,-47.95908
9720.,36.29458,3.539503,3.771957,5.161999,3.713753,-31.2725,-47.96589
9730.,36.28879,3.531146,3.763628,5.153592,3.705402,-31.2797,-47.97269
9740.,36.283,3.522798,3.755308,5.145195,3.697059,-31.2869,-47.97949
9750.,36.27722,3.514459,3.746997,5.136806,3.688725,-31.29409,-47.98628
9760.,36.27145,3.506129,3.738696,5.128427,3.680401,-31.30127,-47.99306
9770.,36.26568,3.497808,3.730403,5.120057,3.672086,-31.30844,-47.99983
9780.,36.25992,3.489497,3.72212,5.111696,3.663779,-31.3156,-48.00659
9790.,36.25416,3.481194,3.713845,5.103344,3.655482,-31.32276,-48.01335
9800.,36.24841,3.472901,3.70558,5.095002,3.647194,-31.32991,-48.0201
9810.,36.24267,3.464617,3.697323,5.086668,3.638915,-31.33705,-48.02684
9820.,36.23694,3.456341,3.689076,5.078344,3.630645,-31.34418,-48.03358
9830.,36.23121,3.448075,3.680838,5.070028,3.622384,-31.35131,-48.04031
9840.,36.22548,3.439817,3.672608,5.061722,3.614132,-31.35843,-48.04703
9850.,36.21977,3.431569,3.664388,5.053424,3.605889,-31.36553,-48.05374
9860.,36.21406,3.42333,3.656176,5.045136,3.597655,-31.37264,-48.06045
9870.,36.20836,3.415099,3.647974,5.036857,3.58943,-31.37973,-48.06715
9880.,36.20266,3.406878,3.63978,5.028587,3.581213,-31.38682,-48.07384
9890.,36.19697,3.398666,3.631595,5.020325,3.573006,-31.3939,-48.08052
9900.,36.19128,3.390462,3.62342,5.012073,3.564808,-31.40097,-48.0872
9910.,36.18561,3.382268,3.615253,5.00383,3.556619,-31.40803,-48.09387
9920.,36.17994,3.374082,3.607095,4.995596,3.548438,-31.41508,-48.10053
9930.,36.17427,3.365905,3.598946,4.98737,3.540267,-31.42213,-48.10719
9940.,36.16861,3.357738,3.590806,4.979154,3.532104,-31.42917,-48.11383
9950.,36.16296,3.349579,3.582675,4.970947,3.523951,-31.4362,-48.12047
9960.,36.15732,3.341429,3.574552,4.962748,3.515806,-31.44323,-48.12711
9970.,36.15168,3.333288,3.566439,4.954559,3.50767,-31.45025,-48.13373
9980.,36.14604,3.325156,3.558334,4.946378,3.499543,-31.45726,-48.14035
9990.,36.14042,3.317032,3.550238,4.938206,3.491425,-31.46426,-48.14696
10000.,36.1348,3.308918,3.542151,4.930044,3.483316,-31.47125,-48.15357
10010.,36.12918,3.300812,3.534073,4.92189,3.475215,-31.47824,-48.16017
10020.,36.12358,3.292715,3.526003,4.913745,3.467123,-31.48522,-48.16676
10030.,36.11798,3.284627,3.517943,4.905608,3.459041,-31.49219,-48.17334
10040.,36.11238,3.276548,3.509891,4.897481,3.450966,-31.49915,-48.17992
10050.,36.10679,3.268478,3.501848,4.889363,3.442901,-31.50611,-48.18648
10060.,36.10121,3.260416,3.493813,4.881253,3.434845,-31.51305,-48.19305
10070.,36.09564,3.252363,3.485788,4.873152,3.426797,-31.51999,-48.1996
10080.,36.09007,3.244319,3.477771,4.86506,3.418758,-31.52693,-48.20615
10090.,36.0845,3.236284,3.469763,4.856977,3.410728,-31.53385,-48.21269
10100.,36.07895,3.228257,3.461763,4.848903,3.402706,-31.54077,-48.21922
10110.,36.0734,3.220239,3.453773,4.840837,3.394694,-31.54768,-48.22575
10120.,36.06785,3.21223,3.445791,4.83278,3.386689,-31.55458,-48.23227
10130.,36.06231,3.20423,3.437817,4.824732,3.378694,-31.56148,-48.23878
10140.,36.05678,3.196238,3.429853,4.816693,3.370708,-31.56837,-48.24528
10150.,36.05125,3.188255,3.421897,4.808662,3.36273,-31.57525,-48.25178
10160.,36.04574,3.180281,3.41395,4.80064,3.35476,-31.58212,-48.25827
10170.,36.04022,3.172315,3.406011,4.792627,3.3468,-31.58898,-48.26475
10180.,36.03471,3.164358,3.398081,4.784623,3.338848,-31.59584,-48.27123
10190.,36.02921,3.156409,3.390159,4.776627,3.330905,-31.60269,-48.2777
10200.,36.02372,3.14847,3.382247,4.76864,3.32297,-31.60953,-48.28416
10210.,36.01823,3.140539,3.374343,4.760662,3.315044,-31.61637,-48.29062
10220.,36.01275,3.132616,3.366447,4.752692,3.307127,-31.6232,-48.29707
10230.,36.00727,3.124702,3.35856,4.744731,3.299218,-31.63002,-48.30351
10240.,36.0018,3.116797,3.350682,4.736779,3.291318,-31.63683,-48.30994
10250.,35.99634,3.108901,3.342812,4.728835,3.283426,-31.64364,-48.31637
10260.,35.99088,3.101013,3.33495,4.7209,3.275543,-31.65043,-48.32279
10270.,35.98543,3.093133,3.327098,4.712974,3.267668,-31.65722,-48.3292
10280.,35.97998,3.085262,3.319253,4.705056,3.259803,-31.66401,-48.33561
10290.,35.97454,3.0774,3.311418,4.697146,3.251945,-31.67078,-48.34201
10300.,35.96911,3.069546,3.303591,4.689246,3.244096,-31.67755,-48.3484
10310.,35.96368,3.061701,3.295772,4.681354,3.236256,-31.68431,-48.35479
10320.,35.95826,3.053864,3.287962,4.67347,3.228424,-31.69107,-48.36116
10330.,35.95285,3.046036,3.28016,4.665595,3.220601,-31.69781,-48.36754
10340.,35.94744,3.038216,3.272367,4.657729,3.212786,-31.70455,-48.3739
10350.,35.94204,3.030405,3.264582,4.649871,3.20498,-31.71128,-48.38026
10360.,35.93664,3.022602,3.256806,4.642022,3.197182,-31.71801,-48.38661
10370.,35.93125,3.014808,3.249038,4.634181,3.189393,-31.72472,-48.39295
10380.,35.92587,3.007022,3.241279,4.626349,3.181612,-31.73143,-48.39929
10390.,35.92049,2.999244,3.233528,4.618525,3.17384,-31.73814,-48.40562
10400.,35.91511,2.991475,3.225785,4.61071,3.166076,-31.74483,-48.41194
10410.,35.90975,2.983715,3.218051,4.602903,3.15832,-31.75152,-48.41826
10420.,35.90439,2.975963,3.210325,4.595105,3.150573,-31.7582,-48.42457
10430.,35.89903,2.968219,3.202608,4.587315,3.142834,-31.76487,-48.43087
10440.,35.89369,2.960484,3.194899,4.579533,3.135104,-31.77154,-48.43717
10450.,35.88834,2.952757,3.187199,4.57176,3.127382,-31.7782,-48.44346
10460.,35.88301,2.945039,3.179506,4.563996,3.119669,-31.78485,-48.44974
10470.,35.87768,2.937329,3.171822,4.55624,3.111963,-31.79149,-48.45602
10480.,35.87235,2.929627,3.164147,4.548492,3.104267,-31.79813,-48.46228
10490.,35.86703,2.921933,3.15648,4.540753,3.096578,-31.80476,-48.46855
10500.,35.86172,2.914248,3.148821,4.533022,3.088898,-31.81138,-48.4748
10510.,35.85641,2.906572,3.14117,4.525299,3.081226,-31.818,-48.48105
10520.,35.85111,2.898903,3.133528,4.517585,3.073563,-31.82461,-48.48729
10530.,35.84582,2.891243,3.125894,4.50988,3.065908,-31.83121,-48.49353
10540.,35.84053,2.883592,3.118268,4.502182,3.058261,-31.8378,-48.49975
10550.,35.83525,2.875948,3.110651,4.494493,3.050622,-31.84439,-48.50598
10560.,35.82997,2.868313,3.103042,4.486812,3.042992,-31.85097,-48.51219
10570.,35.8247,2.860686,3.095441,4.47914,3.03537,-31.85754,-48.5184
10580.,35.81944,2.853068,3.087848,4.471476,3.027756,-31.8641,-48.5246
10590.,35.81418,2.845457,3.080264,4.46382,3.020151,-31.87066,-48.53079
10600.,35.80892,2.837855,3.072688,4.456173,3.012554,-31.87721,-48.53698
10610.,35.80368,2.830261,3.06512,4.448533,3.004965,-31.88376,-48.54316
10620.,35.79844,2.822676,3.05756,4.440903,2.997384,-31.89029,-48.54934
10630.,35.7932,2.815098,3.050008,4.43328,2.989811,-31.89682,-48.5555
10640.,35.78797,2.807529,3.042465,4.425666,2.982247,-31.90335,-48.56166
10650.,35.78275,2.799968,3.03493,4.418059,2.974691,-31.90986,-48.56782
10660.,35.77753,2.792416,3.027403,4.410462,2.967143,-31.91637,-48.57397
10670.,35.77232,2.784871,3.019884,4.402872,2.959603,-31.92287,-48.58011
10680.,35.76711,2.777335,3.012373,4.39529,2.952072,-31.92936,-48.58624
10690.,35.76191,2.769806,3.004871,4.387717,2.944548,-31.93585,-48.59237
10700.,35.75672,2.762286,2.997376,4.380152,2.937033,-31.94233,-48.59849
10710.,35.75153,2.754774,2.98989,4.372595,2.929526,-31.9488,-48.6046
10720.,35.74634,2.747271,2.982412,4.365047,2.922027,-31.95527,-48.61071
10730.,35.74117,2.739775,2.974942,4.357506,2.914536,-31.96173,-48.61681
10740.,35.736,2.732287,2.96748,4.349974,2.907053,-31.96818,-48.62291
10750.,35.73083,2.724808,2.960026,4.34245,2.899579,-31.97463,-48.62899
10760.,35.72567,2.717337,2.95258,4.334934,2.892112,-31.98106,-48.63508
10770.,35.72052,2.709873,2.945142,4.327426,2.884654,-31.98749,-48.64115
10780.,35.71537,2.702418,2.937712,4.319926,2.877203,-31.99392,-48.64722
10790.,35.71023,2.694971,2.930291,4.312435,2.869761,-32.00034,-48.65328
10800.,35.70509,2.687532,2.922877,4.304951,2.862327,-32.00675,-48.65934
10810.,35.69996,2.680101,2.915471,4.297476,2.8549,-32.01315,-48.66538
10820.,35.69483,2.672678,2.908074,4.290008,2.847482,-32.01955,-48.67143
10830.,35.68971,2.665263,2.900684,4.282549,2.840072,-32.02593,-48.67746
10840.,35.6846,2.657856,2.893302,4.275098,2.83267,-32.03232,-48.68349
10850.,35.67949,2.650457,2.885929,4.267655,2.825276,-32.03869,-48.68951
10860.,35.67439,2.643066,2.878563,4.26022,2.81789,-32.04506,-48.69553
10870.,35.66929,2.635684,2.871206,4.252793,2.810511,-32.05142,-48.70154
10880.,35.6642,2.628309,2.863856,4.245374,2.803141,-32.05778,-48.70754
10890.,35.65912,2.620942,2.856514,4.237963,2.795779,-32.06412,-48.71354
10900.,35.65404,2.613583,2.84918,4.23056,2.788425,-32.07046,-48.71953
10910.,35.64896,2.606232,2.841855,4.223165,2.781079,-32.0768,-48.72551
10920.,35.6439,2.598889,2.834537,4.215778,2.77374,-32.08313,-48.73149
10930.,35.63883,2.591554,2.827227,4.208399,2.76641,-32.08945,-48.73746
10940.,35.63378,2.584227,2.819925,4.201028,2.759087,-32.09576,-48.74342
10950.,35.62872,2.576908,2.81263,4.193665,2.751773,-32.10207,-48.74938
10960.,35.62368,2.569596,2.805344,4.18631,2.744466,-32.10837,-48.75533
10970.,35.61864,2.562293,2.798066,4.178963,2.737168,-32.11466,-48.76127
10980.,35.61361,2.554997,2.790795,4.171624,2.729877,-32.12094,-48.76721
10990.,35.60858,2.54771,2.783532,4.164293,2.722594,-32.12722,-48.77314
11000.,35.60355,2.54043,2.776278,4.15697,2.715319,-32.1335,-48.77907
11010.,35.59854,2.533158,2.769031,4.149654,2.708052,-32.13976,-48.78499
11020.,35.59352,2.525894,2.761791,4.142347,2.700792,-32.14602,-48.7909
11030.,35.58852,2.518638,2.75456,4.135047,2.693541,-32.15227,-48.79681
11040.,35.58352,2.51139,2.747337,4.127756,2.686297,-32.15852,-48.80271
11050.,35.57852,2.504149,2.740121,4.120472,2.679061,-32.16476,-48.8086
11060.,35.57353,2.496916,2.732913,4.113196,2.671833,-32.17099,-48.81449
11070.,35.56855,2.489692,2.725713,4.105928,2.664613,-32.17721,-48.82037
11080.,35.56357,2.482475,2.718521,4.098668,2.657401,-32.18343,-48.82624
11090.,35.5586,2.475265,2.711336,4.091415,2.650196,-32.18964,-48.83211
11100.,35.55363,2.468064,2.704159,4.084171,2.642999,-32.19585,-48.83797
11110.,35.54867,2.46087,2.69699,4.076934,2.63581,-32.20205,-48.84383
11120.,35.54371,2.453684,2.689829,4.069705,2.628629,-32.20824,-48.84967
11130.,35.53876,2.446506,2.682675,4.062484,2.621455,-32.21442,-48.85552
11140.,35.53382,2.439336,2.67553,4.055271,2.61429,-32.2206,-48.86135
11150.,35.52888,2.432173,2.668391,4.048065,2.607132,-32.22677,-48.86718
11160.,35.52394,2.425018,2.661261,4.040868,2.599981,-32.23294,-48.87301
11170.,35.51901,2.417871,2.654138,4.033678,2.592839,-32.2391,-48.87882
11180.,35.51409,2.410732,2.647023,4.026496,2.585704,-32.24525,-48.88464
11190.,35.50917,2.4036,2.639916,4.019321,2.578577,-32.25139,-48.89044
11200.,35.50426,2.396476,2.632816,4.012154,2.571457,-32.25753,-48.89624
11210.,35.49935,2.389359,2.625724,4.004995,2.564345,-32.26366,-48.90203
11220.,35.49445,2.382251,2.61864,3.997844,2.557241,-32.26979,-48.90782
11230.,35.48956,2.37515,2.611563,3.990701,2.550145,-32.2759,-48.9136
11240.,35.48467,2.368056,2.604494,3.983565,2.543056,-32.28202,-48.91937
11250.,35.47978,2.360971,2.597433,3.976437,2.535975,-32.28812,-48.92514
11260.,35.4749,2.353893,2.590379,3.969316,2.528901,-32.29422,-48.9309
11270.,35.47003,2.346822,2.583333,3.962204,2.521835,-32.30031,-48.93665
11280.,35.46516,2.339759,2.576295,3.955099,2.514777,-32.3064,-48.9424
11290.,35.4603,2.332704,2.569264,3.948001,2.507727,-32.31247,-48.94815
11300.,35.45544,2.325657,2.56224,3.940911,2.500684,-32.31855,-48.95388
11310.,35.45059,2.318617,2.555225,3.933829,2.493648,-32.32461,-48.95961
11320.,35.44574,2.311584,2.548216,3.926755,2.48662,-32.33067,-48.96534
11330.,35.4409,2.30456,2.541216,3.919688,2.4796,-32.33672,-48.97105
11340.,35.43606,2.297543,2.534223,3.912629,2.472587,-32.34277,-48.97677
11350.,35.43123,2.290533,2.527237,3.905577,2.465582,-32.34881,-48.98247
11360.,35.42641,2.283531,2.520259,3.898533,2.458585,-32.35484,-48.98817
11370.,35.42159,2.276536,2.513288,3.891497,2.451595,-32.36087,-48.99386
11380.,35.41677,2.269549,2.506326,3.884468,2.444612,-32.36689,-48.99955
11390.,35.41196,2.26257,2.49937,3.877447,2.437637,-32.3729,-49.00523
11400.,35.40716,2.255598,2.492422,3.870433,2.43067,-32.37891,-49.01091
11410.,35.40236,2.248634,2.485482,3.863427,2.42371,-32.38491,-49.01658
11420.,35.39757,2.241677,2.478549,3.856429,2.416758,-32.3909,-49.02224
11430.,35.39278,2.234727,2.471623,3.849438,2.409813,-32.39689,-49.02789
11440.,35.388,2.227785,2.464705,3.842454,2.402875,-32.40287,-49.03354
11450.,35.38322,2.220851,2.457794,3.835478,2.395945,-32.40884,-49.03919
11460.,35.37845,2.213924,2.450891,3.82851,2.389023,-32.41481,-49.04483
11470.,35.37368,2.207004,2.443996,3.821549,2.382108,-32.42077,-49.05046
11480.,35.36892,2.200092,2.437107,3.814595,2.3752,-32.42673,-49.05609
11490.,35.36416,2.193188,2.430227,3.807649,2.3683,-32.43268,-49.06171
11500.,35.35941,2.186291,2.423353,3.800711,2.361407,-32.43862,-49.06732
11510.,35.35467,2.179401,2.416487,3.79378,2.354522,-32.44455,-49.07293
11520.,35.34993,2.172519,2.409629,3.786857,2.347644,-32.45048,-49.07853
11530.,35.34519,2.165644,2.402777,3.77994,2.340774,-32.45641,-49.08413
11540.,35.34046,2.158776,2.395933,3.773032,2.333911,-32.46232,-49.08971
11550.,35.33574,2.151916,2.389097,3.766131,2.327055,-32.46823,-49.0953
11560.,35.33102,2.145064,2.382268,3.759237,2.320207,-32.47414,-49.10088
11570.,35.3263,2.138218,2.375446,3.752351,2.313366,-32.48003,-49.10645
11580.,35.3216,2.13138,2.368632,3.745472,2.306532,-32.48592,-49.11201
11590.,35.31689,2.12455,2.361825,3.7386,2.299706,-32.49181,-49.11757
11600.,35.31219,2.117726,2.355025,3.731736,2.292887,-32.49769,-49.12313
11610.,35.3075,2.110911,2.348233,3.724879,2.286076,-32.50356,-49.12868
11620.,35.30281,2.104102,2.341447,3.71803,2.279272,-32.50943,-49.13422
11630.,35.29813,2.097301,2.33467,3.711188,2.272475,-32.51528,-49.13975
11640.,35.29345,2.090507,2.327899,3.704354,2.265685,-32.52114,-49.14528
11650.,35.28878,2.08372,2.321136,3.697526,2.258903,-32.52698,-49.15081
11660.,35.28411,2.076941,2.31438,3.690706,2.252128,-32.53283,-49.15633
11670.,35.27945,2.070169,2.307631,3.683894,2.245361,-32.53866,-49.16184
11680.,35.2748,2.063404,2.30089,3.677089,2.2386,-32.54449,-49.16734
11690.,35.27014,2.056647,2.294156,3.670291,2.231847,-32.55031,-49.17284
11700.,35.2655,2.049897,2.287429,3.6635,2.225102,-32.55612,-49.17834
11710.,35.26086,2.043154,2.280709,3.656717,2.218363,-32.56193,-49.18383
11720.,35.25622,2.036418,2.273997,3.649941,2.211632,-32.56774,-49.18931
11730.,35.25159,2.02969,2.267292,3.643172,2.204908,-32.57353,-49.19479
11740.,35.24696,2.022969,2.260594,3.636411,2.198191,-32.57932,-49.20026
11750.,35.24234,2.016255,2.253903,3.629657,2.191481,-32.58511,-49.20572
11760.,35.23773,2.009548,2.24722,3.62291,2.184779,-32.59088,-49.21118
11770.,35.23312,2.002849,2.240543,3.61617,2.178084,-32.59666,-49.21663
11780.,35.22851,1.996156,2.233874,3.609438,2.171396,-32.60242,-49.22208
11790.,35.22391,1.989471,2.227212,3.602713,2.164715,-32.60818,-49.22752
11800.,35.21932,1.982793,2.220557,3.595995,2.158042,-32.61393,-49.23296
11810.,35.21473,1.976123,2.213909,3.589284,2.151375,-32.61968,-49.23839
11820.,35.21014,1.969459,2.207269,3.58258,2.144716,-32.62542,-49.24381
11830.,35.20556,1.962803,2.200635,3.575884,2.138064,-32.63116,-49.24923
11840.,35.20099,1.956153,2.194009,3.569195,2.131419,-32.63688,-49.25464
11850.,35.19642,1.949511,2.18739,3.562513,2.124781,-32.64261,-49.26005
11860.,35.19185,1.942876,2.180778,3.555838,2.118151,-32.64832,-49.26545
11870.,35.18729,1.936249,2.174173,3.549171,2.111527,-32.65403,-49.27084
11880.,35.18274,1.929628,2.167575,3.542511,2.104911,-32.65973,-49.27623
11890.,35.17819,1.923014,2.160985,3.535857,2.098301,-32.66543,-49.28161
11900.,35.17364,1.916408,2.154401,3.529211,2.091699,-32.67112,-49.28699
11910.,35.1691,1.909808,2.147824,3.522572,2.085104,-32.67681,-49.29236
11920.,35.16457,1.903216,2.141255,3.515941,2.078516,-32.68249,-49.29773
11930.,35.16004,1.896631,2.134692,3.509316,2.071935,-32.68816,-49.30309
11940.,35.15552,1.890053,2.128137,3.502698,2.065361,-32.69383,-49.30844
11950.,35.151,1.883482,2.121589,3.496088,2.058794,-32.69949,-49.31379
11960.,35.14648,1.876918,2.115047,3.489485,2.052235,-32.70514,-49.31913
11970.,35.14197,1.870361,2.108513,3.482888,2.045682,-32.71079,-49.32447
11980.,35.13747,1.863811,2.101986,3.476299,2.039136,-32.71643,-49.3298
11990.,35.13297,1.857268,2.095466,3.469717,2.032598,-32.72207,-49.33513
12000.,35.12847,1.850732,2.088952,3.463142,2.026066,-32.7277,-49.34045
12010.,35.12399,1.844203,2.082446,3.456574,2.019542,-32.73333,-49.34576
12020.,35.1195,1.837682,2.075947,3.450013,2.013024,-32.73894,-49.35107
12030.,35.11502,1.831167,2.069455,3.443459,2.006513,-32.74456,-49.35637
12040.,35.11055,1.824659,2.062969,3.436912,2.00001,-32.75016,-49.36167
12050.,35.10608,1.818158,2.056491,3.430373,1.993513,-32.75576,-49.36696
12060.,35.10161,1.811664,2.05002,3.42384,1.987024,-32.76136,-49.37225
12070.,35.09715,1.805177,2.043555,3.417314,1.980541,-32.76694,-49.37753
12080.,35.0927,1.798697,2.037098,3.410795,1.974065,-32.77253,-49.3828
12090.,35.08825,1.792224,2.030647,3.404283,1.967596,-32.7781,-49.38807
12100.,35.0838,1.785758,2.024203,3.397779,1.961135,-32.78367,-49.39333
12110.,35.07936,1.779299,2.017767,3.391281,1.95468,-32.78924,-49.39859
12120.,35.07493,1.772847,2.011337,3.38479,1.948232,-32.7948,-49.40384
12130.,35.0705,1.766402,2.004914,3.378306,1.941791,-32.80035,-49.40909
12140.,35.06607,1.759963,1.998498,3.371829,1.935356,-32.80589,-49.41433
12150.,35.06165,1.753532,1.992089,3.365359,1.928929,-32.81143,-49.41957
12160.,35.05724,1.747108,1.985687,3.358896,1.922509,-32.81697,-49.42479
12170.,35.05283,1.74069,1.979291,3.35244,1.916095,-32.8225,-49.43002
12180.,35.04842,1.734279,1.972903,3.345991,1.909689,-32.82802,-49.43524
12190.,35.04402,1.727875,1.966521,3.339549,1.903289,-32.83354,-49.44045
12200.,35.03962,1.721478,1.960146,3.333113,1.896896,-32.83905,-49.44566
12210.,35.03523,1.715088,1.953778,3.326685,1.89051,-32.84455,-49.45086
12220.,35.03084,1.708705,1.947417,3.320263,1.884131,-32.85005,-49.45605
12230.,35.02646,1.702328,1.941063,3.313849,1.877759,-32.85554,-49.46124
12240.,35.02209,1.695959,1.934715,3.307441,1.871394,-32.86103,-49.46643
12250.,35.01771,1.689596,1.928375,3.30104,1.865035,-32.86651,-49.47161
12260.,35.01335,1.68324,1.922041,3.294646,1.858683,-32.87199,-49.47678
12270.,35.00898,1.676891,1.915714,3.288259,1.852338,-32.87746,-49.48195
12280.,35.00463,1.670549,1.909393,3.281878,1.846,-32.88292,-49.48711
12290.,35.00027,1.664213,1.90308,3.275505,1.839668,-32.88838,-49.49227
12300.,34.99593,1.657884,1.896773,3.269138,1.833344,-32.89383,-49.49742
12310.,34.99158,1.651562,1.890473,3.262778,1.827026,-32.89927,-49.50256
12320.,34.98725,1.645247,1.88418,3.256425,1.820715,-32.90471,-49.5077
12330.,34.98291,1.638939,1.877893,3.250079,1.814411,-32.91015,-49.51284
12340.,34.97858,1.632637,1.871613,3.243739,1.808113,-32.91558,-49.51797
12350.,34.97426,1.626342,1.86534,3.237407,1.801822,-32.921,-49.52309
12360.,34.96994,1.620054,1.859074,3.231081,1.795538,-32.92642,-49.52821
12370.,34.96563,1.613772,1.852814,3.224762,1.789261,-32.93183,-49.53332
12380.,34.96132,1.607498,1.846561,3.218449,1.78299,-32.93723,-49.53843
12390.,34.95701,1.60123,1.840315,3.212144,1.776726,-32.94263,-49.54353
12400.,34.95271,1.594969,1.834076,3.205845,1.770469,-32.94802,-49.54863
12410.,34.94842,1.588714,1.827843,3.199553,1.764219,-32.95341,-49.55372
12420.,34.94413,1.582466,1.821617,3.193268,1.757975,-32.95879,-49.55881
12430.,34.93984,1.576225,1.815397,3.186989,1.751738,-32.96417,-49.56389
12440.,34.93556,1.56999,1.809184,3.180717,1.745507,-32.96954,-49.56896
12450.,34.93128,1.563763,1.802978,3.174452,1.739284,-32.97491,-49.57403
12460.,34.92701,1.557541,1.796779,3.168193,1.733067,-32.98026,-49.57909
12470.,34.92274,1.551327,1.790586,3.161942,1.726856,-32.98562,-49.58415
12480.,34.91848,1.545119,1.7844,3.155697,1.720652,-32.99097,-49.58921
12490.,34.91422,1.538918,1.77822,3.149458,1.714455,-32.99631,-49.59425
12500.,34.90997,1.532723,1.772047,3.143227,1.708265,-33.00164,-49.59929
12510.,34.90572,1.526535,1.765881,3.137001,1.702081,-33.00697,-49.60433
12520.,34.90148,1.520354,1.759721,3.130783,1.695904,-33.0123,-49.60936
12530.,34.89724,1.51418,1.753568,3.124571,1.689733,-33.01762,-49.61439
12540.,34.893,1.508011,1.747421,3.118366,1.683569,-33.02293,-49.61941
12550.,34.88878,1.50185,1.741281,3.112168,1.677412,-33.02824,-49.62442
12560.,34.88455,1.495695,1.735148,3.105976,1.671261,-33.03354,-49.62943
12570.,34.88033,1.489547,1.729021,3.099791,1.665117,-33.03883,-49.63444
12580.,34.87611,1.483405,1.7229,3.093612,1.658979,-33.04413,-49.63944
12590.,34.8719,1.47727,1.716787,3.08744,1.652848,-33.04941,-49.64443
12600.,34.8677,1.471141,1.710679,3.081275,1.646723,-33.05469,-49.64942
12610.,34.8635,1.465019,1.704579,3.075116,1.640605,-33.05996,-49.6544
12620.,34.8593,1.458904,1.698485,3.068964,1.634494,-33.06523,-49.65938
12630.,34.85511,1.452795,1.692397,3.062819,1.628389,-33.07049,-49.66435
12640.,34.85092,1.446693,1.686316,3.05668,1.62229,-33.07575,-49.66932
12650.,34.84673,1.440597,1.680241,3.050547,1.616199,-33.081,-49.67428
12660.,34.84256,1.434507,1.674173,3.044421,1.610113,-33.08624,-49.67924
12670.,34.83838,1.428425,1.668111,3.038302,1.604034,-33.09148,-49.68419
12680.,34.83421,1.422348,1.662056,3.032189,1.597962,-33.09672,-49.68914
12690.,34.83005,1.416278,1.656008,3.026083,1.591896,-33.10195,-49.69408
12700.,34.82589,1.410215,1.649965,3.019983,1.585837,-33.10717,-49.69901
12710.,34.82173,1.404158,1.64393,3.01389,1.579784,-33.11239,-49.70394
12720.,34.81758,1.398108,1.6379,3.007803,1.573738,-33.1176,-49.70887
12730.,34.81343,1.392064,1.631877,3.001723,1.567698,-33.1228,-49.71379
12740.,34.80929,1.386026,1.625861,2.99565,1.561664,-33.128,-49.7187
12750.,34.80515,1.379995,1.619851,2.989582,1.555637,-33.1332,-49.72361
12760.,34.80102,1.373971,1.613848,2.983522,1.549616,-33.13839,-49.72851
12770.,34.79689,1.367953,1.60785,2.977467,1.543602,-33.14357,-49.73341
12780.,34.79277,1.361941,1.60186,2.97142,1.537595,-33.14875,-49.7383
12790.,34.78865,1.355936,1.595875,2.965378,1.531593,-33.15392,-49.74319
12800.,34.78453,1.349937,1.589898,2.959344,1.525598,-33.15909,-49.74808
12810.,34.78042,1.343944,1.583926,2.953315,1.51961,-33.16425,-49.75295
12820.,34.77632,1.337958,1.577961,2.947293,1.513628,-33.16941,-49.75783
12830.,34.77222,1.331979,1.572002,2.941278,1.507652,-33.17456,-49.76269
12840.,34.76812,1.326005,1.56605,2.935269,1.501683,-33.1797,-49.76755
12850.,34.76403,1.320039,1.560104,2.929266,1.49572,-33.18484,-49.77241
12860.,34.75994,1.314078,1.554164,2.92327,1.489763,-33.18998,-49.77726
12870.,34.75586,1.308124,1.548231,2.91728,1.483813,-33.19511,-49.78211
12880.,34.75178,1.302176,1.542304,2.911296,1.477869,-33.20023,-49.78695
12890.,34.7477,1.296235,1.536383,2.905319,1.471932,-33.20535,-49.79179
12900.,34.74363,1.2903,1.530469,2.899349,1.466,-33.21046,-49.79662
12910.,34.73957,1.284371,1.524561,2.893384,1.460076,-33.21557,-49.80144
12920.,34.73551,1.278449,1.518659,2.887426,1.454157,-33.22067,-49.80626
12930.,34.73145,1.272532,1.512764,2.881475,1.448245,-33.22576,-49.81108
12940.,34.7274,1.266623,1.506874,2.87553,1.442339,-33.23085,-49.81589
12950.,34.72335,1.260719,1.500992,2.869591,1.436439,-33.23594,-49.8207
12960.,34.71931,1.254822,1.495115,2.863658,1.430546,-33.24102,-49.8255
12970.,34.71527,1.248931,1.489245,2.857732,1.424659,-33.24609,-49.83029
12980.,34.71123,1.243047,1.483381,2.851812,1.418779,-33.25116,-49.83508
12990.,34.7072,1.237168,1.477523,2.845899,1.412904,-33.25622,-49.83986
13000.,34.70318,1.231296,1.471672,2.839991,1.407036,-33.26128,-49.84464
13010.,34.69916,1.225431,1.465826,2.83409,1.401174,-33.26633,-49.84942
13020.,34.69514,1.219571,1.459987,2.828196,1.395319,-33.27138,-49.85419
13030.,34.69113,1.213718,1.454155,2.822307,1.389469,-33.27642,-49.85895
13040.,34.68712,1.207871,1.448328,2.816425,1.383626,-33.28146,-49.86371
13050.,34.68312,1.20203,1.442508,2.810549,1.377789,-33.28649,-49.86847
13060.,34.67912,1.196196,1.436694,2.80468,1.371958,-33.29151,-49.87321
13070.,34.67512,1.190367,1.430886,2.798817,1.366134,-33.29653,-49.87796
13080.,34.67113,1.184545,1.425084,2.79296,1.360316,-33.30155,-49.8827
13090.,34.66715,1.178729,1.419289,2.787109,1.354504,-33.30656,-49.88743
13100.,34.66317,1.17292,1.413499,2.781264,1.348698,-33.31156,-49.89216
13110.,34.65919,1.167116,1.407716,2.775426,1.342898,-33.31656,-49.89688
13120.,34.65522,1.161319,1.401939,2.769594,1.337105,-33.32155,-49.9016
13130.,34.65125,1.155528,1.396168,2.763768,1.331318,-33.32654,-49.90632
13140.,34.64728,1.149743,1.390404,2.757949,1.325537,-33.33152,-49.91103
13150.,34.64332,1.143964,1.384645,2.752135,1.319762,-33.3365,-49.91573
13160.,34.63937,1.138192,1.378893,2.746328,1.313993,-33.34147,-49.92043
13170.,34.63542,1.132425,1.373147,2.740527,1.30823,-33.34644,-49.92512
13180.,34.63147,1.126665,1.367407,2.734732,1.302474,-33.3514,-49.92981
13190.,34.62753,1.120911,1.361673,2.728943,1.296723,-33.35636,-49.93449
13200.,34.62359,1.115163,1.355945,2.723161,1.290979,-33.36131,-49.93917
13210.,34.61966,1.109421,1.350223,2.717385,1.285241,-33.36625,-49.94385
13220.,34.61573,1.103685,1.344507,2.711614,1.279509,-33.37119,-49.94851
13230.,34.6118,1.097956,1.338798,2.70585,1.273783,-33.37613,-49.95318
13240.,34.60788,1.092232,1.333094,2.700092,1.268064,-33.38106,-49.95784
13250.,34.60396,1.086515,1.327397,2.694341,1.26235,-33.38598,-49.96249
13260.,34.60005,1.080803,1.321706,2.688595,1.256642,-33.3909,-49.96714
13270.,34.59614,1.075098,1.316021,2.682856,1.250941,-33.39582,-49.97178
13280.,34.59224,1.069399,1.310341,2.677122,1.245246,-33.40073,-49.97642
13290.,34.58834,1.063706,1.304668,2.671395,1.239556,-33.40563,-49.98106
13300.,34.58444,1.058019,1.299001,2.665674,1.233873,-33.41053,-49.98569
13310.,34.58055,1.052338,1.29334,2.659959,1.228196,-33.41542,-49.99031
13320.,34.57667,1.046663,1.287685,2.65425,1.222525,-33.42031,-49.99493
13330.,34.57278,1.040994,1.282036,2.648547,1.216859,-33.42519,-49.99954
13340.,34.56891,1.035331,1.276393,2.64285,1.2112,-33.43007,-50.00415
13350.,34.56503,1.029674,1.270756,2.637159,1.205547,-33.43494,-50.00876
13360.,34.56116,1.024023,1.265125,2.631475,1.1999,-33.43981,-50.01336
13370.,34.5573,1.018379,1.2595,2.625796,1.194259,-33.44467,-50.01795
13380.,34.55344,1.01274,1.253881,2.620123,1.188624,-33.44953,-50.02254
13390.,34.54958,1.007107,1.248268,2.614457,1.182995,-33.45438,-50.02713
13400.,34.54573,1.00148,1.242661,2.608796,1.177372,-33.45922,-50.03171
13410.,34.54188,0.9958597,1.23706,2.603142,1.171755,-33.46406,-50.03628
13420.,34.53803,0.9902449,1.231465,2.597493,1.166144,-33.4689,-50.04085
13430.,34.53419,0.9846361,1.225876,2.591851,1.160539,-33.47373,-50.04542
13440.,34.53036,0.9790333,1.220293,2.586214,1.15494,-33.47856,-50.04998
13450.,34.52652,0.9734364,1.214716,2.580584,1.149347,-33.48338,-50.05453
13460.,34.5227,0.9678455,1.209145,2.57496,1.14376,-33.48819,-50.05908
13470.,34.51887,0.9622606,1.203579,2.569341,1.138178,-33.493,-50.06363
13480.,34.51505,0.9566816,1.19802,2.563729,1.132603,-33.49781,-50.06817
13490.,34.51124,0.9511085,1.192467,2.558122,1.127034,-33.50261,-50.07271
13500.,34.50743,0.9455414,1.186919,2.552522,1.12147,-33.5074,-50.07724
13510.,34.50362,0.9399802,1.181377,2.546927,1.115913,-33.51219,-50.08176
13520.,34.49982,0.9344249,1.175842,2.541338,1.110361,-33.51698,-50.08629
13530.,34.49602,0.9288755,1.170312,2.535756,1.104816,-33.52176,-50.0908
13540.,34.49223,0.9233321,1.164788,2.530179,1.099276,-33.52653,-50.09532
13550.,34.48844,0.9177945,1.15927,2.524608,1.093742,-33.5313,-50.09982
13560.,34.48465,0.9122628,1.153758,2.519043,1.088214,-33.53606,-50.10433
13570.,34.48087,0.906737,1.148251,2.513484,1.082692,-33.54082,-50.10882
13580.,34.47709,0.9012171,1.142751,2.507931,1.077176,-33.54558,-50.11332
13590.,34.47332,0.8957031,1.137256,2.502384,1.071665,-33.55033,-50.1178
13600.,34.46955,0.8901949,1.131767,2.496843,1.066161,-33.55507,-50.12229
13610.,34.46578,0.8846926,1.126284,2.491307,1.060662,-33.55981,-50.12677
13620.,34.46202,0.8791961,1.120807,2.485778,1.055169,-33.56454,-50.13124
13630.,34.45826,0.8737055,1.115336,2.480254,1.049682,-33.56927,-50.13571
13640.,34.45451,0.8682207,1.10987,2.474737,1.044201,-33.574,-50.14017
13650.,34.45076,0.8627417,1.104411,2.469225,1.038726,-33.57871,-50.14463
13660.,34.44702,0.8572686,1.098957,2.463719,1.033256,-33.58343,-50.14909
13670.,34.44327,0.8518013,1.093509,2.458219,1.027793,-33.58814,-50.15354
13680.,34.43954,0.8463398,1.088067,2.452725,1.022335,-33.59284,-50.15798
13690.,34.4358,0.8408842,1.08263,2.447236,1.016883,-33.59754,-50.16243
13700.,34.43208,0.8354343,1.0772,2.441754,1.011437,-33.60223,-50.16686
13710.,34.42835,0.8299902,1.071775,2.436277,1.005996,-33.60692,-50.17129
13720.,34.42463,0.8245519,1.066356,2.430806,1.000562,-33.61161,-50.17572
13730.,34.42091,0.8191194,1.060942,2.425341,0.9951327,-33.61628,-50.18014
13740.,34.4172,0.8136926,1.055535,2.419881,0.9897095,-33.62096,-50.18456
13750.,34.41349,0.8082717,1.050133,2.414428,0.9842922,-33.62563,-50.18897
13760.,34.40979,0.8028565,1.044737,2.40898,0.9788806,-33.63029,-50.19338
13770.,34.40609,0.797447,1.039346,2.403538,0.9734747,-33.63495,-50.19778
13780.,34.40239,0.7920433,1.033962,2.398102,0.9680746,-33.6396,-50.20218
13790.,34.3987,0.7866453,1.028583,2.392672,0.9626803,-33.64425,-50.20657
13800.,34.39501,0.7812531,1.023209,2.387247,0.9572917,-33.6489,-50.21096
13810.,34.39133,0.7758666,1.017842,2.381828,0.9519088,-33.65354,-50.21535
13820.,34.38765,0.7704858,1.01248,2.376415,0.9465316,-33.65817,-50.21973
13830.,34.38397,0.7651108,1.007124,2.371008,0.9411601,-33.6628,-50.2241
13840.,34.3803,0.7597414,1.001774,2.365606,0.9357944,-33.66742,-50.22847
13850.,34.37663,0.7543778,0.9964289,2.36021,0.9304343,-33.67204,-50.23284
13860.,34.37297,0.7490198,0.9910899,2.35482,0.9250799,-33.67666,-50.2372
13870.,34.36931,0.7436676,0.9857566,2.349436,0.9197313,-33.68127,-50.24156
13880.,34.36565,0.738321,0.9804289,2.344057,0.9143883,-33.68587,-50.24591
13890.,34.362,0.7329801,0.9751068,2.338684,0.909051,-33.69047,-50.25026
13900.,34.35835,0.7276449,0.9697904,2.333317,0.9037193,-33.69507,-50.2546
13910.,34.35471,0.7223154,0.9644797,2.327956,0.8983933,-33.69966,-50.25894
13920.,34.35107,0.7169915,0.9591746,2.3226,0.893073,-33.70424,-50.26327
13930.,34.34743,0.7116732,0.9538752,2.31725,0.8877583,-33.70882,-50.2676
13940.,34.3438,0.7063606,0.9485813,2.311905,0.8824493,-33.7134,-50.27192
13950.,34.34017,0.7010537,0.9432931,2.306566,0.8771459,-33.71797,-50.27624
13960.,34.33655,0.6957524,0.9380106,2.301233,0.8718481,-33.72253,-50.28056
13970.,34.33293,0.6904567,0.9327336,2.295906,0.866556,-33.72709,-50.28487
13980.,34.32931,0.6851666,0.9274622,2.290584,0.8612695,-33.73165,-50.28917
13990.,34.3257,0.6798822,0.9221964,2.285268,0.8559886,-33.7362,-50.29347
14000.,34.32209,0.6746033,0.9169363,2.279957,0.8507133,-33.74075,-50.29777
14010.,34.31848,0.6693301,0.9116817,2.274652,0.8454436,-33.74529,-50.30206
14020.,34.31488,0.6640625,0.9064326,2.269353,0.8401795,-33.74982,-50.30635
14030.,34.31128,0.6588004,0.9011892,2.264059,0.8349209,-33.75436,-50.31063
14040.,34.30769,0.6535439,0.8959513,2.258771,0.829668,-33.75888,-50.31491
14050.,34.3041,0.6482931,0.890719,2.253489,0.8244206,-33.76341,-50.31919
14060.,34.30052,0.6430477,0.8854922,2.248212,0.8191788,-33.76792,-50.32346
14070.,34.29694,0.637808,0.880271,2.242941,0.8139426,-33.77244,-50.32772
14080.,34.29336,0.6325738,0.8750554,2.237675,0.8087119,-33.77694,-50.33198
14090.,34.28979,0.6273452,0.8698452,2.232415,0.8034868,-33.78145,-50.33624
14100.,34.28622,0.6221221,0.8646406,2.227161,0.7982672,-33.78594,-50.34049
14110.,34.28265,0.6169046,0.8594415,2.221912,0.7930532,-33.79044,-50.34474
14120.,34.27909,0.6116925,0.854248,2.216669,0.7878447,-33.79493,-50.34898
14130.,34.27553,0.6064861,0.8490599,2.211431,0.7826417,-33.79941,-50.35322
14140.,34.27198,0.6012851,0.8438774,2.206199,0.7774442,-33.80389,-50.35745
14150.,34.26843,0.5960897,0.8387003,2.200972,0.7722523,-33.80836,-50.36168
14160.,34.26488,0.5908997,0.8335288,2.195751,0.7670658,-33.81283,-50.3659
14170.,34.26134,0.5857153,0.8283627,2.190535,0.7618849,-33.8173,-50.37012
14180.,34.2578,0.5805364,0.8232021,2.185325,0.7567095,-33.82176,-50.37434
14190.,34.25426,0.575363,0.818047,2.180121,0.7515395,-33.82621,-50.37855
14200.,34.25073,0.570195,0.8128973,2.174922,0.746375,-33.83066,-50.38276
14210.,34.24721,0.5650325,0.8077532,2.169729,0.741216,-33.83511,-50.38696
14220.,34.24368,0.5598755,0.8026144,2.164541,0.7360625,-33.83955,-50.39116
14230.,34.24016,0.554724,0.7974811,2.159358,0.7309144,-33.84399,-50.39535
14240.,34.23665,0.549578,0.7923533,2.154181,0.7257718,-33.84842,-50.39954
14250.,34.23314,0.5444373,0.7872309,2.14901,0.7206347,-33.85285,-50.40372
14260.,34.22963,0.5393022,0.782114,2.143844,0.715503,-33.85727,-50.4079
14270.,34.22612,0.5341725,0.7770024,2.138683,0.7103767,-33.86169,-50.41208
14280.,34.22262,0.5290482,0.7718963,2.133528,0.7052559,-33.8661,-50.41625
14290.,34.21913,0.5239294,0.7667956,2.128379,0.7001405,-33.87051,-50.42041
14300.,34.21563,0.5188159,0.7617003,2.123234,0.6950305,-33.87491,-50.42458
14310.,34.21214,0.5137079,0.7566104,2.118096,0.689926,-33.87931,-50.42873
14320.,34.20866,0.5086053,0.7515259,2.112963,0.6848268,-33.8837,-50.43289
14330.,34.20518,0.5035082,0.7464468,2.107835,0.6797331,-33.88809,-50.43704
14340.,34.2017,0.4984164,0.7413731,2.102712,0.6746447,-33.89248,-50.44118
14350.,34.19823,0.49333,0.7363048,2.097596,0.6695618,-33.89686,-50.44532
14360.,34.19476,0.488249,0.7312418,2.092484,0.6644842,-33.90124,-50.44946
14370.,34.19129,0.4831734,0.7261842,2.087378,0.659412,-33.90561,-50.45359
14380.,34.18783,0.4781032,0.7211319,2.082277,0.6543452,-33.90997,-50.45772
14390.,34.18437,0.4730383,0.716085,2.077182,0.6492837,-33.91433,-50.46184
14400.,34.18091,0.4679788,0.7110435,2.072092,0.6442277,-33.91869,-50.46596
14410.,34.17746,0.4629247,0.7060073,2.067008,0.6391769,-33.92304,-50.47007
14420.,34.17401,0.4578759,0.7009764,2.061929,0.6341316,-33.92739,-50.47418
14430.,34.17057,0.4528325,0.6959509,2.056855,0.6290915,-33.93174,-50.47829
14440.,34.16713,0.4477944,0.6909307,2.051787,0.6240568,-33.93607,-50.48239
14450.,34.16369,0.4427616,0.6859158,2.046724,0.6190275,-33.94041,-50.48648
14460.,34.16026,0.4377342,0.6809062,2.041666,0.6140034,-33.94474,-50.49057
14470.,34.15683,0.4327121,0.675902,2.036614,0.6089847,-33.94906,-50.49466
14480.,34.15341,0.4276953,0.670903,2.031567,0.6039713,-33.95338,-50.49875
14490.,34.14998,0.4226839,0.6659093,2.026525,0.5989632,-33.9577,-50.50283
14500.,34.14657,0.4176777,0.6609209,2.021489,0.5939605,-33.96201,-50.5069
14510.,34.14315,0.4126768,0.6559378,2.016458,0.588963,-33.96632,-50.51097
14520.,34.13974,0.4076813,0.65096,2.011433,0.5839708,-33.97062,-50.51504
14530.,34.13634,0.402691,0.6459875,2.006412,0.5789839,-33.97492,-50.5191
14540.,34.13293,0.397706,0.6410202,2.001397,0.5740022,-33.97921,-50.52316
14550.,34.12953,0.3927263,0.6360581,1.996388,0.5690259,-33.9835,-50.52721
14560.,34.12614,0.3877518,0.6311014,1.991383,0.5640548,-33.98778,-50.53126
14570.,34.12275,0.3827826,0.6261498,1.986384,0.559089,-33.99206,-50.5353
14580.,34.11936,0.3778187,0.6212036,1.981391,0.5541284,-33.99633,-50.53934
14590.,34.11597,0.37286,0.6162625,1.976402,0.5491731,-34.00061,-50.54338
14600.,34.11259,0.3679066,0.6113267,1.971419,0.544223,-34.00487,-50.54741
14610.,34.10921,0.3629584,0.6063961,1.966441,0.5392782,-34.00913,-50.55144
14620.,34.10584,0.3580155,0.6014708,1.961469,0.5343386,-34.01339,-50.55546
14630.,34.10247,0.3530778,0.5965506,1.956501,0.5294042,-34.01764,-50.55948
14640.,34.0991,0.3481453,0.5916357,1.951539,0.5244751,-34.02189,-50.5635
14650.,34.09574,0.343218,0.5867259,1.946582,0.5195511,-34.02613,-50.56751
14660.,34.09238,0.338296,0.5818214,1.941631,0.5146324,-34.03037,-50.57151
14670.,34.08903,0.3333791,0.576922,1.936684,0.5097189,-34.0346,-50.57552
14680.,34.08568,0.3284675,0.5720278,1.931743,0.5048106,-34.03883,-50.57951
14690.,34.08233,0.323561,0.5671388,1.926807,0.4999074,-34.04306,-50.58351
14700.,34.07898,0.3186598,0.562255,1.921877,0.4950095,-34.04728,-50.5875
14710.,34.07564,0.3137637,0.5573764,1.916951,0.4901167,-34.0515,-50.59148
14720.,34.07231,0.3088728,0.5525029,1.912031,0.4852292,-34.05571,-50.59546
14730.,34.06897,0.3039871,0.5476345,1.907116,0.4803468,-34.05992,-50.59944
14740.,34.06564,0.2991065,0.5427714,1.902206,0.4754695,-34.06412,-50.60341
14750.,34.06232,0.2942312,0.5379133,1.897301,0.4705974,-34.06832,-50.60738
14760.,34.05899,0.2893609,0.5330604,1.892402,0.4657305,-34.07251,-50.61135
14770.,34.05567,0.2844958,0.5282127,1.887507,0.4608687,-34.0767,-50.61531
14780.,34.05236,0.2796359,0.52337,1.882618,0.456012,-34.08089,-50.61926
14790.,34.04905,0.2747811,0.5185325,1.877734,0.4511605,-34.08507,-50.62321
14800.,34.04574,0.2699314,0.5137001,1.872856,0.4463141,-34.08924,-50.62716
14810.,34.04243,0.2650869,0.5088728,1.867982,0.4414729,-34.09341,-50.6311
14820.,34.03913,0.2602474,0.5040506,1.863113,0.4366368,-34.09758,-50.63504
14830.,34.03583,0.2554131,0.4992336,1.85825,0.4318057,-34.10174,-50.63898
14840.,34.03254,0.250584,0.4944216,1.853392,0.4269798,-34.1059,-50.64291
14850.,34.02925,0.2457599,0.4896147,1.848539,0.422159,-34.11006,-50.64684
14860.,34.02596,0.2409409,0.4848128,1.843691,0.4173433,-34.11421,-50.65076
14870.,34.02268,0.236127,0.4800161,1.838848,0.4125326,-34.11835,-50.65468
14880.,34.0194,0.2313182,0.4752244,1.83401,0.4077271,-34.12249,-50.65859
14890.,34.01612,0.2265144,0.4704378,1.829178,0.4029266,-34.12663,-50.6625
14900.,34.01285,0.2217158,0.4656563,1.82435,0.3981312,-34.13076,-50.66641
14910.,34.00958,0.2169222,0.4608798,1.819528,0.3933409,-34.13489,-50.67031
14920.,34.00631,0.2121337,0.4561084,1.814711,0.3885557,-34.13901,-50.67421
14930.,34.00305,0.2073503,0.451342,1.809899,0.3837755,-34.14313,-50.6781
14940.,33.99979,0.2025719,0.4465806,1.805092,0.3790003,-34.14725,-50.68199
14950.,33.99654,0.1977985,0.4418243,1.80029,0.3742302,-34.15136,-50.68587
14960.,33.99329,0.1930302,0.437073,1.795493,0.3694651,-34.15546,-50.68976
14970.,33.99004,0.1882669,0.4323267,1.790701,0.3647051,-34.15957,-50.69363
14980.,33.98679,0.1835087,0.4275854,1.785914,0.3599501,-34.16366,-50.69751
14990.,33.98355,0.1787555,0.4228492,1.781132,0.3552001,-34.16776,-50.70137
15000.,33.98031,0.1740073,0.4181179,1.776355,0.3504552,-34.17185,-50.70524
15010.,33.97708,0.1692641,0.4133917,1.771584,0.3457152,-34.17593,-50.7091
15020.,33.97385,0.164526,0.4086704,1.766817,0.3409803,-34.18001,-50.71296
15030.,33.97062,0.1597928,0.4039542,1.762056,0.3362503,-34.18409,-50.71681
15040.,33.9674,0.1550646,0.3992429,1.757299,0.3315254,-34.18816,-50.72066
15050.,33.96418,0.1503415,0.3945366,1.752547,0.3268054,-34.19222,-50.7245
15060.,33.96096,0.1456233,0.3898352,1.747801,0.3220905,-34.19629,-50.72834
15070.,33.95775,0.1409101,0.3851389,1.743059,0.3173805,-34.20035,-50.73218
15080.,33.95454,0.1362019,0.3804475,1.738323,0.3126755,-34.2044,-50.73601
15090.,33.95133,0.1314986,0.375761,1.733591,0.3079754,-34.20845,-50.73984
15100.,33.94813,0.1268004,0.3710795,1.728865,0.3032803,-34.2125,-50.74366
15110.,33.94493,0.122107,0.3664029,1.724143,0.2985902,-34.21654,-50.74748
15120.,33.94173,0.1174187,0.3617313,1.719427,0.293905,-34.22057,-50.7513
15130.,33.93854,0.1127353,0.3570646,1.714715,0.2892248,-34.22461,-50.75511
15140.,33.93535,0.1080568,0.3524029,1.710009,0.2845495,-34.22864,-50.75892
15150.,33.93217,0.1033833,0.347746,1.705307,0.2798792,-34.23266,-50.76272
15160.,33.92898,0.09871465,0.3430941,1.700611,0.2752138,-34.23668,-50.76652
15170.,33.92581,0.09405098,0.3384471,1.695919,0.2705533,-34.2407,-50.77032
15180.,33.92263,0.08939223,0.333805,1.691232,0.2658977,-34.24471,-50.77411
15190.,33.91946,0.0847384,0.3291678,1.68655,0.261247,-34.24872,-50.7779
15200.,33.91629,0.08008948,0.3245355,1.681874,0.2566013,-34.25272,-50.78169
15210.,33.91312,0.07544546,0.3199081,1.677202,0.2519604,-34.25672,-50.78547
15220.,33.90996,0.07080635,0.3152855,1.672535,0.2473245,-34.26071,-50.78924
15230.,33.90681,0.06617213,0.3106679,1.667873,0.2426934,-34.2647,-50.79301
15240.,33.90365,0.0615428,0.3060551,1.663216,0.2380673,-34.26869,-50.79678
15250.,33.9005,0.05691836,0.3014472,1.658563,0.233446,-34.27267,-50.80055
15260.,33.89735,0.05229879,0.2968442,1.653916,0.2288296,-34.27665,-50.80431
15270.,33.89421,0.0476841,0.292246,1.649274,0.224218,-34.28062,-50.80806
15280.,33.89107,0.04307428,0.2876526,1.644636,0.2196113,-34.28459,-50.81181
15290.,33.88793,0.03846932,0.2830641,1.640003,0.2150095,-34.28856,-50.81556
15300.,33.88479,0.03386922,0.2784805,1.635376,0.2104126,-34.29252,-50.81931
15310.,33.88166,0.02927397,0.2739017,1.630753,0.2058204,-34.29648,-50.82305
15320.,33.87853,0.02468356,0.2693277,1.626135,0.2012332,-34.30043,-50.82678
15330.,33.87541,0.020098,0.2647586,1.621522,0.1966507,-34.30438,-50.83052
15340.,33.87229,0.01551728,0.2601942,1.616914,0.1920732,-34.30832,-50.83424
15350.,33.86917,0.01094139,0.2556347,1.61231,0.1875004,-34.31226,-50.83797
15360.,33.86606,0.006370319,0.25108,1.607712,0.1829324,-34.3162,-50.84169
15370.,33.86295,0.001804073,0.2465301,1.603118,0.1783693,-34.32013,-50.84541
15380.,33.85984,-0.002757359,0.241985,1.598529,0.173811,-34.32406,-50.84912
15390.,33.85673,-0.00731398,0.2374447,1.593945,0.1692575,-34.32798,-50.85283
15400.,33.85363,-0.0118658,0.2329092,1.589366,0.1647088,-34.3319,-50.85653
15410.,33.85054,-0.01641281,0.2283784,1.584792,0.1601649,-34.33582,-50.86023
15420.,33.84744,-0.02095504,0.2238525,1.580222,0.1556258,-34.33973,-50.86393
15430.,33.84435,-0.02549247,0.2193313,1.575658,0.1510914,-34.34364,-50.86763
15440.,33.84126,-0.03002512,0.2148149,1.571098,0.1465619,-34.34754,-50.87131
15450.,33.83818,-0.034553,0.2103032,1.566543,0.1420371,-34.35144,-50.875
15460.,33.8351,-0.0390761,0.2057963,1.561992,0.1375171,-34.35533,-50.87868
15470.,33.83202,-0.04359443,0.2012942,1.557447,0.1330019,-34.35922,-50.88236
15480.,33.82895,-0.048108,0.1967968,1.552906,0.1284914,-34.36311,-50.88603
15490.,33.82588,-0.05261681,0.1923041,1.54837,0.1239856,-34.36699,-50.8897
15500.,33.82281,-0.05712087,0.1878162,1.543839,0.1194847,-34.37087,-50.89337
15510.,33.81974,-0.06162018,0.183333,1.539313,0.1149884,-34.37474,-50.89703
15520.,33.81668,-0.06611475,0.1788545,1.534791,0.1104969,-34.37861,-50.90069
15530.,33.81363,-0.07060459,0.1743808,1.530275,0.1060102,-34.38248,-50.90434
15540.,33.81057,-0.07508969,0.1699118,1.525762,0.1015281,-34.38634,-50.908
15550.,33.80752,-0.07957007,0.1654475,1.521255,0.09705084,-34.3902,-50.91164
15560.,33.80447,-0.08404572,0.1609878,1.516753,0.09257825,-34.39405,-50.91529
15570.,33.80143,-0.08851666,0.1565329,1.512255,0.08811037,-34.3979,-50.91892
15580.,33.79839,-0.09298289,0.1520827,1.507762,0.0836472,-34.40175,-50.92256
15590.,33.79535,-0.09744442,0.1476372,1.503273,0.07918873,-34.40559,-50.92619
15600.,33.79231,-0.1019012,0.1431964,1.49879,0.07473496,-34.40943,-50.92982
15610.,33.78928,-0.1063534,0.1387602,1.494311,0.07028589,-34.41326,-50.93344
15620.,33.78625,-0.1108008,0.1343287,1.489837,0.0658415,-34.41709,-50.93706
15630.,33.78323,-0.1152436,0.1299019,1.485367,0.06140179,-34.42092,-50.94068
15640.,33.78021,-0.1196816,0.1254797,1.480903,0.05696676,-34.42474,-50.94429
15650.,33.77719,-0.124115,0.1210622,1.476443,0.05253639,-34.42856,-50.9479
15660.,33.77417,-0.1285438,0.1166494,1.471987,0.0481107,-34.43237,-50.95151
15670.,33.77116,-0.1329678,0.1122412,1.467537,0.04368967,-34.43618,-50.95511
15680.,33.76815,-0.1373872,0.1078377,1.463091,0.03927329,-34.43998,-50.9587
15690.,33.76515,-0.141802,0.1034388,1.458649,0.03486157,-34.44379,-50.9623
15700.,33.76215,-0.1462121,0.09904448,1.454213,0.03045449,-34.44758,-50.96589
15710.,33.75915,-0.1506176,0.09465483,1.449781,0.02605205,-34.45138,-50.96947
15720.,33.75615,-0.1550184,0.09026981,1.445354,0.02165425,-34.45517,-50.97305
15730.,33.75316,-0.1594146,0.0858894,1.440931,0.01726108,-34.45895,-50.97663
15740.,33.75017,-0.1638061,0.08151361,1.436513,0.01287253,-34.46273,-50.98021
15750.,33.74718,-0.1681931,0.07714242,1.4321,0.00848861,-34.46651,-50.98378
15760.,33.7442,-0.1725754,0.07277584,1.427691,0.004109302,-34.47028,-50.98735
15770.,33.74122,-0.1769531,0.06841386,1.423287,-0.0002653965,-34.47405,-50.99091
15780.,33.73824,-0.1813262,0.06405647,1.418888,-0.004635489,-34.47782,-50.99447
15790.,33.73527,-0.1856947,0.05970367,1.414493,-0.009000981,-34.48158,-50.99802
15800.,33.7323,-0.1900586,0.05535545,1.410103,-0.01336188,-34.48534,-51.00158
15810.,33.72933,-0.1944179,0.05101181,1.405718,-0.01771818,-34.48909,-51.00512
15820.,33.72637,-0.1987726,0.04667274,1.401337,-0.0220699,-34.49284,-51.00867
15830.,33.72341,-0.2031227,0.04233824,1.39696,-0.02641704,-34.49659,-51.01221
15840.,33.72045,-0.2074683,0.03800831,1.392589,-0.03075961,-34.50033,-51.01575
15850.,33.7175,-0.2118093,0.03368293,1.388222,-0.0350976,-34.50407,-51.01928
15860.,33.71455,-0.2161457,0.0293621,1.383859,-0.03943103,-34.5078,-51.02281
15870.,33.7116,-0.2204775,0.02504583,1.379501,-0.0437599,-34.51153,-51.02634
15880.,33.70866,-0.2248048,0.02073409,1.375148,-0.04808422,-34.51526,-51.02986
15890.,33.70571,-0.2291275,0.01642689,1.370799,-0.05240398,-34.51898,-51.03338
15900.,33.70278,-0.2334457,0.01212423,1.366455,-0.0567192,-34.5227,-51.03689
15910.,33.69984,-0.2377594,0.007826096,1.362116,-0.06102987,-34.52641,-51.0404
15920.,33.69691,-0.2420685,0.003532484,1.357781,-0.06533602,-34.53012,-51.04391
15930.,33.69398,-0.2463731,-0.0007566103,1.35345,-0.06963763,-34.53383,-51.04741
15940.,33.69105,-0.2506731,-0.005041191,1.349124,-0.07393471,-34.53753,-51.05091
15950.,33.68813,-0.2549686,-0.009321264,1.344803,-0.07822728,-34.54123,-51.05441
15960.,33.68521,-0.2592596,-0.01359683,1.340486,-0.08251533,-34.54492,-51.0579
15970.,33.6823,-0.2635461,-0.0178679,1.336174,-0.08679887,-34.54861,-51.06139
15980.,33.67938,-0.2678281,-0.02213448,1.331866,-0.0910779,-34.5523,-51.06488
15990.,33.67647,-0.2721056,-0.02639657,1.327563,-0.09535243,-34.55598,-51.06836
16000.,33.67357,-0.2763786,-0.03065417,1.323265,-0.09962247,-34.55966,-51.07184
16010.,33.67066,-0.280647,-0.0349073,1.31897,-0.103888,-34.56334,-51.07531
16020.,33.66776,-0.284911,-0.03915595,1.314681,-0.1081491,-34.56701,-51.07878
16030.,33.66486,-0.2891706,-0.04340014,1.310396,-0.1124057,-34.57068,-51.08225
16040.,33.66197,-0.2934256,-0.04763985,1.306115,-0.1166578,-34.57434,-51.08571
16050.,33.65908,-0.2976762,-0.05187511,1.301839,-0.1209054,-34.578,-51.08917
16060.,33.65619,-0.3019222,-0.05610592,1.297568,-0.1251485,-34.58166,-51.09263
16070.,33.6533,-0.3061639,-0.06033228,1.2933,-0.1293873,-34.58531,-51.09608
16080.,33.65042,-0.310401,-0.06455419,1.289038,-0.1336215,-34.58896,-51.09953
16090.,33.64754,-0.3146338,-0.06877166,1.28478,-0.1378513,-34.5926,-51.10298
16100.,33.64467,-0.318862,-0.07298469,1.280526,-0.1420766,-34.59624,-51.10642
16110.,33.64179,-0.3230858,-0.0771933,1.276277,-0.1462975,-34.59988,-51.10986
16120.,33.63892,-0.3273052,-0.08139748,1.272032,-0.150514,-34.60351,-51.11329
16130.,33.63606,-0.3315202,-0.08559724,1.267792,-0.154726,-34.60714,-51.11672
16140.,33.63319,-0.3357307,-0.08979259,1.263556,-0.1589337,-34.61077,-51.12015
16150.,33.63033,-0.3399368,-0.09398352,1.259325,-0.1631368,-34.61439,-51.12357
16160.,33.62748,-0.3441384,-0.09817005,1.255098,-0.1673356,-34.61801,-51.12699
16170.,33.62462,-0.3483357,-0.1023522,1.250875,-0.17153,-34.62162,-51.13041
16180.,33.62177,-0.3525285,-0.1065299,1.246657,-0.1757199,-34.62523,-51.13382
16190.,33.61892,-0.3567169,-0.1107033,1.242444,-0.1799054,-34.62884,-51.13723
16200.,33.61608,-0.360901,-0.1148722,1.238235,-0.1840866,-34.63244,-51.14064
16210.,33.61324,-0.3650806,-0.1190368,1.23403,-0.1882633,-34.63604,-51.14404
16220.,33.6104,-0.3692559,-0.123197,1.229829,-0.1924357,-34.63963,-51.14744
16230.,33.60756,-0.3734267,-0.1273528,1.225634,-0.1966037,-34.64322,-51.15083
16240.,33.60473,-0.3775932,-0.1315042,1.221442,-0.2007673,-34.64681,-51.15422
16250.,33.6019,-0.3817553,-0.1356513,1.217255,-0.2049265,-34.65039,-51.15761
16260.,33.59907,-0.385913,-0.1397941,1.213072,-0.2090813,-34.65397,-51.161
16270.,33.59625,-0.3900664,-0.1439325,1.208894,-0.2132318,-34.65755,-51.16438
16280.,33.59343,-0.3942154,-0.1480665,1.20472,-0.217378,-34.66112,-51.16775
16290.,33.59061,-0.39836,-0.1521962,1.20055,-0.2215197,-34.66469,-51.17113
16300.,33.58779,-0.4025003,-0.1563215,1.196385,-0.2256571,-34.66826,-51.1745
16310.,33.58498,-0.4066362,-0.1604425,1.192225,-0.2297902,-34.67182,-51.17786
16320.,33.58217,-0.4107678,-0.1645592,1.188068,-0.233919,-34.67537,-51.18123
16330.,33.57937,-0.4148951,-0.1686716,1.183916,-0.2380434,-34.67893,-51.18459
16340.,33.57656,-0.419018,-0.1727796,1.179768,-0.2421634,-34.68248,-51.18794
16350.,33.57376,-0.4231366,-0.1768833,1.175625,-0.2462792,-34.68602,-51.19129
16360.,33.57097,-0.4272508,-0.1809828,1.171486,-0.2503906,-34.68957,-51.19464
16370.,33.56817,-0.4313608,-0.1850779,1.167351,-0.2544977,-34.69311,-51.19799
16380.,33.56538,-0.4354664,-0.1891687,1.163221,-0.2586004,-34.69664,-51.20133
16390.,33.5626,-0.4395677,-0.1932552,1.159095,-0.2626989,-34.70017,-51.20467
16400.,33.55981,-0.4436647,-0.1973374,1.154974,-0.2667931,-34.7037,-51.208
16410.,33.55703,-0.4477574,-0.2014153,1.150856,-0.270883,-34.70722,-51.21133
16420.,33.55425,-0.4518458,-0.205489,1.146743,-0.2749685,-34.71074,-51.21466
16430.,33.55147,-0.4559299,-0.2095584,1.142635,-0.2790498,-34.71426,-51.21799
16440.,33.5487,-0.4600098,-0.2136235,1.13853,-0.2831268,-34.71777,-51.22131
16450.,33.54593,-0.4640853,-0.2176843,1.13443,-0.2871996,-34.72128,-51.22463
16460.,33.54316,-0.4681566,-0.2217409,1.130335,-0.291268,-34.72479,-51.22794
16470.,33.5404,-0.4722236,-0.2257932,1.126243,-0.2953322,-34.72829,-51.23125
16480.,33.53764,-0.4762863,-0.2298412,1.122156,-0.2993921,-34.73179,-51.23456
16490.,33.53488,-0.4803448,-0.233885,1.118073,-0.3034477,-34.73528,-51.23786
16500.,33.53213,-0.484399,-0.2379246,1.113995,-0.3074991,-34.73877,-51.24116
16510.,33.52937,-0.4884489,-0.2419599,1.10992,-0.3115463,-34.74226,-51.24446
16520.,33.52662,-0.4924946,-0.245991,1.10585,-0.3155892,-34.74574,-51.24775
16530.,33.52388,-0.4965361,-0.2500178,1.101785,-0.3196278,-34.74922,-51.25104
16540.,33.52114,-0.5005733,-0.2540404,1.097723,-0.3236622,-34.7527,-51.25433
16550.,33.51839,-0.5046062,-0.2580588,1.093666,-0.3276924,-34.75617,-51.25761
16560.,33.51566,-0.508635,-0.262073,1.089613,-0.3317183,-34.75964,-51.26089
16570.,33.51292,-0.5126595,-0.266083,1.085564,-0.3357401,-34.7631,-51.26416
16580.,33.51019,-0.5166798,-0.2700887,1.08152,-0.3397576,-34.76656,-51.26744
16590.,33.50746,-0.5206959,-0.2740903,1.07748,-0.3437709,-34.77002,-51.2707
16600.,33.50474,-0.5247077,-0.2780876,1.073444,-0.3477799,-34.77348,-51.27397
16610.,33.50201,-0.5287154,-0.2820808,1.069412,-0.3517848,-34.77693,-51.27723
16620.,33.49929,-0.5327188,-0.2860698,1.065385,-0.3557855,-34.78037,-51.28049
16630.,33.49658,-0.5367181,-0.2900546,1.061361,-0.3597819,-34.78382,-51.28375
16640.,33.49386,-0.5407131,-0.2940352,1.057342,-0.3637742,-34.78726,-51.287
16650.,33.49115,-0.544704,-0.2980116,1.053327,-0.3677623,-34.79069,-51.29025
16660.,33.48844,-0.5486906,-0.3019839,1.049317,-0.3717462,-34.79413,-51.29349
16670.,33.48574,-0.5526731,-0.3059519,1.04531,-0.3757259,-34.79755,-51.29673
16680.,33.48304,-0.5566515,-0.3099159,1.041308,-0.3797015,-34.80098,-51.29997
16690.,33.48034,-0.5606256,-0.3138756,1.03731,-0.3836729,-34.8044,-51.30321
16700.,33.47764,-0.5645956,-0.3178312,1.033316,-0.3876401,-34.80782,-51.30644
16710.,33.47494,-0.5685614,-0.3217827,1.029327,-0.3916032,-34.81123,-51.30967
16720.,33.47225,-0.572523,-0.32573,1.025341,-0.3955621,-34.81464,-51.31289
16730.,33.46957,-0.5764805,-0.3296732,1.02136,-0.3995168,-34.81805,-51.31611
16740.,33.46688,-0.5804339,-0.3336123,1.017383,-0.4034674,-34.82146,-51.31933
16750.,33.4642,-0.5843831,-0.3375472,1.01341,-0.4074139,-34.82486,-51.32254
16760.,33.46152,-0.5883282,-0.3414779,1.009441,-0.4113562,-34.82825,-51.32575
16770.,33.45884,-0.5922691,-0.3454046,1.005477,-0.4152944,-34.83165,-51.32896
16780.,33.45617,-0.5962059,-0.3493272,1.001516,-0.4192284,-34.83503,-51.33217
16790.,33.4535,-0.6001386,-0.3532456,0.9975598,-0.4231584,-34.83842,-51.33537
16800.,33.45083,-0.6040671,-0.3571599,0.9936077,-0.4270842,-34.8418,-51.33857
16810.,33.44816,-0.6079915,-0.3610701,0.9896597,-0.4310059,-34.84518,-51.34176
16820.,33.4455,-0.6119118,-0.3649762,0.9857158,-0.4349235,-34.84856,-51.34495
16830.,33.44284,-0.6158281,-0.3688783,0.9817761,-0.438837,-34.85193,-51.34814
16840.,33.44019,-0.6197402,-0.3727762,0.9778405,-0.4427463,-34.8553,-51.35132
16850.,33.43753,-0.6236482,-0.37667,0.973909,-0.4466516,-34.85866,-51.3545
16860.,33.43488,-0.6275521,-0.3805598,0.9699816,-0.4505528,-34.86202,-51.35768
16870.,33.43223,-0.6314519,-0.3844455,0.9660584,-0.4544499,-34.86538,-51.36086
16880.,33.42959,-0.6353476,-0.3883271,0.9621393,-0.4583429,-34.86873,-51.36403
16890.,33.42694,-0.6392392,-0.3922047,0.9582242,-0.4622319,-34.87209,-51.36719
16900.,33.4243,-0.6431268,-0.3960781,0.9543133,-0.4661167,-34.87543,-51.37036
16910.,33.42167,-0.6470103,-0.3999475,0.9504065,-0.4699975,-34.87878,-51.37352
16920.,33.41903,-0.6508897,-0.4038129,0.9465038,-0.4738742,-34.88212,-51.37668
16930.,33.4164,-0.6547651,-0.4076742,0.9426051,-0.4777469,-34.88545,-51.37983
16940.,33.41377,-0.6586364,-0.4115315,0.9387106,-0.4816155,-34.88879,-51.38298
16950.,33.41115,-0.6625036,-0.4153847,0.9348201,-0.48548,-34.89211,-51.38613
16960.,33.40853,-0.6663668,-0.4192339,0.9309337,-0.4893405,-34.89544,-51.38928
16970.,33.40591,-0.6702259,-0.423079,0.9270514,-0.493197,-34.89876,-51.39242
16980.,33.40329,-0.674081,-0.4269202,0.9231731,-0.4970494,-34.90208,-51.39555
16990.,33.40067,-0.6779321,-0.4307573,0.9192989,-0.5008978,-34.9054,-51.39869
17000.,33.39806,-0.6817791,-0.4345903,0.9154288,-0.5047421,-34.90871,-51.40182
17010.,33.39545,-0.6856221,-0.4384194,0.9115627,-0.5085824,-34.91202,-51.40495
17020.,33.39285,-0.6894611,-0.4422444,0.9077007,-0.5124187,-34.91532,-51.40807
17030.,33.39024,-0.693296,-0.4460655,0.9038427,-0.516251,-34.91863,-51.4112
17040.,33.38764,-0.697127,-0.4498825,0.8999888,-0.5200793,-34.92192,-51.41431
17050.,33.38505,-0.7009539,-0.4536956,0.8961388,-0.5239035,-34.92522,-51.41743
17060.,33.38245,-0.7047768,-0.4575046,0.892293,-0.5277237,-34.92851,-51.42054
17070.,33.37986,-0.7085957,-0.4613097,0.8884511,-0.53154,-34.9318,-51.42365
17080.,33.37727,-0.7124106,-0.4651107,0.8846133,-0.5353522,-34.93508,-51.42675
17090.,33.37468,-0.7162215,-0.4689078,0.8807795,-0.5391605,-34.93836,-51.42986
17100.,33.3721,-0.7200285,-0.4727009,0.8769497,-0.5429648,-34.94164,-51.43295
17110.,33.36952,-0.7238314,-0.4764901,0.8731239,-0.546765,-34.94492,-51.43605
17120.,33.36694,-0.7276304,-0.4802752,0.8693021,-0.5505614,-34.94819,-51.43914
17130.,33.36436,-0.7314253,-0.4840564,0.8654843,-0.5543537,-34.95145,-51.44223
17140.,33.36179,-0.7352163,-0.4878337,0.8616706,-0.558142,-34.95472,-51.44532
17150.,33.35922,-0.7390034,-0.491607,0.8578608,-0.5619264,-34.95798,-51.4484
17160.,33.35665,-0.7427864,-0.4953763,0.854055,-0.5657069,-34.96123,-51.45148
17170.,33.35409,-0.7465656,-0.4991417,0.8502531,-0.5694833,-34.96449,-51.45455
17180.,33.35153,-0.7503407,-0.5029032,0.8464553,-0.5732559,-34.96774,-51.45763
17190.,33.34897,-0.7541119,-0.5066607,0.8426615,-0.5770244,-34.97098,-51.4607
17200.,33.34641,-0.7578792,-0.5104142,0.8388716,-0.580789,-34.97423,-51.46376
17210.,33.34386,-0.7616425,-0.5141639,0.8350856,-0.5845497,-34.97747,-51.46683
17220.,33.3413,-0.7654019,-0.5179096,0.8313037,-0.5883065,-34.9807,-51.46989
17230.,33.33876,-0.7691573,-0.5216514,0.8275257,-0.5920593,-34.98394,-51.47294
17240.,33.33621,-0.7729088,-0.5253893,0.8237516,-0.5958082,-34.98717,-51.476
17250.,33.33367,-0.7766564,-0.5291233,0.8199815,-0.5995531,-34.99039,-51.47905
17260.,33.33113,-0.7804,-0.5328533,0.8162154,-0.6032942,-34.99362,-51.48209
17270.,33.32859,-0.7841398,-0.5365795,0.8124532,-0.6070313,-34.99684,-51.48514
17280.,33.32606,-0.7878756,-0.5403017,0.8086949,-0.6107645,-35.00005,-51.48818
17290.,33.32352,-0.7916075,-0.5440201,0.8049406,-0.6144938,-35.00327,-51.49122
17300.,33.32099,-0.7953356,-0.5477346,0.8011902,-0.6182192,-35.00648,-51.49425
17310.,33.31847,-0.7990597,-0.5514451,0.7974437,-0.6219408,-35.00968,-51.49728
17320.,33.31594,-0.8027799,-0.5551518,0.7937011,-0.6256584,-35.01288,-51.50031
17330.,33.31342,-0.8064962,-0.5588547,0.7899624,-0.6293721,-35.01608,-51.50334
17340.,33.3109,-0.8102087,-0.5625536,0.7862277,-0.6330819,-35.01928,-51.50636
17350.,33.30839,-0.8139172,-0.5662487,0.7824969,-0.6367879,-35.02247,-51.50938
17360.,33.30587,-0.8176219,-0.5699399,0.7787699,-0.64049,-35.02566,-51.51239
17370.,33.30336,-0.8213227,-0.5736272,0.7750469,-0.6441882,-35.02885,-51.5154
17380.,33.30086,-0.8250196,-0.5773107,0.7713278,-0.6478825,-35.03203,-51.51841
17390.,33.29835,-0.8287127,-0.5809903,0.7676125,-0.651573,-35.03521,-51.52142
17400.,33.29585,-0.8324019,-0.5846661,0.7639012,-0.6552596,-35.03839,-51.52442
17410.,33.29335,-0.8360872,-0.5883381,0.7601937,-0.6589424,-35.04156,-51.52742
17420.,33.29085,-0.8397687,-0.5920061,0.7564901,-0.6626213,-35.04473,-51.53042
17430.,33.28836,-0.8434463,-0.5956704,0.7527903,-0.6662963,-35.0479,-51.53341
17440.,33.28586,-0.8471201,-0.5993308,0.7490945,-0.6699676,-35.05106,-51.5364
17450.,33.28337,-0.85079,-0.6029874,0.7454025,-0.6736349,-35.05422,-51.53939
17460.,33.28089,-0.8544562,-0.6066402,0.7417144,-0.6772985,-35.05737,-51.54237
17470.,33.2784,-0.8581184,-0.6102891,0.7380301,-0.6809582,-35.06053,-51.54536
17480.,33.27592,-0.8617769,-0.6139343,0.7343497,-0.6846141,-35.06368,-51.54833
17490.,33.27344,-0.8654315,-0.6175756,0.7306731,-0.6882661,-35.06682,-51.55131
17500.,33.27097,-0.8690823,-0.6212131,0.7270003,-0.6919143,-35.06997,-51.55428
17510.,33.26849,-0.8727293,-0.6248468,0.7233315,-0.6955588,-35.07311,-51.55725
17520.,33.26602,-0.8763724,-0.6284767,0.7196664,-0.6991994,-35.07624,-51.56021
17530.,33.26356,-0.8800118,-0.6321028,0.7160052,-0.7028362,-35.07938,-51.56318
17540.,33.26109,-0.8836473,-0.6357252,0.7123478,-0.7064692,-35.08251,-51.56613
17550.,33.25863,-0.8872791,-0.6393437,0.7086942,-0.7100984,-35.08563,-51.56909
17560.,33.25617,-0.8909071,-0.6429584,0.7050445,-0.7137238,-35.08876,-51.57204
17570.,33.25371,-0.8945312,-0.6465694,0.7013985,-0.7173454,-35.09188,-51.57499
17580.,33.25125,-0.8981516,-0.6501766,0.6977564,-0.7209633,-35.09499,-51.57794
17590.,33.2488,-0.9017682,-0.65378,0.6941181,-0.7245773,-35.09811,-51.58088
17600.,33.24635,-0.905381,-0.6573797,0.6904836,-0.7281876,-35.10122,-51.58383
17610.,33.24391,-0.90899,-0.6609756,0.6868528,-0.7317941,-35.10432,-51.58676
17620.,33.24146,-0.9125953,-0.6645677,0.6832259,-0.7353968,-35.10743,-51.5897
17630.,33.23902,-0.9161968,-0.6681561,0.6796028,-0.7389958,-35.11053,-51.59263
17640.,33.23658,-0.9197945,-0.6717407,0.6759834,-0.742591,-35.11362,-51.59556
17650.,33.23414,-0.9233885,-0.6753216,0.6723679,-0.7461825,-35.11672,-51.59848
17660.,33.23171,-0.9269787,-0.6788987,0.6687561,-0.7497701,-35.11981,-51.60141
17670.,33.22928,-0.9305652,-0.6824721,0.6651481,-0.7533541,-35.1229,-51.60432
17680.,33.22685,-0.9341479,-0.6860418,0.6615438,-0.7569343,-35.12598,-51.60724
17690.,33.22442,-0.9377269,-0.6896077,0.6579434,-0.7605108,-35.12906,-51.61015
17700.,33.222,-0.9413021,-0.6931699,0.6543466,-0.7640835,-35.13214,-51.61306
17710.,33.21958,-0.9448736,-0.6967284,0.6507537,-0.7676525,-35.13522,-51.61597
17720.,33.21716,-0.9484413,-0.7002832,0.6471645,-0.7712177,-35.13829,-51.61888
17730.,33.21474,-0.9520054,-0.7038342,0.643579,-0.7747793,-35.14136,-51.62178
17740.,33.21233,-0.9555657,-0.7073815,0.6399973,-0.7783371,-35.14442,-51.62467
17750.,33.20992,-0.9591223,-0.7109252,0.6364194,-0.7818912,-35.14748,-51.62757
17760.,33.20751,-0.9626752,-0.7144651,0.6328451,-0.7854415,-35.15054,-51.63046
17770.,33.2051,-0.9662243,-0.7180013,0.6292746,-0.7889882,-35.1536,-51.63335
17780.,33.2027,-0.9697698,-0.7215339,0.6257079,-0.7925312,-35.15665,-51.63624
17790.,33.2003,-0.9733116,-0.7250627,0.6221448,-0.7960705,-35.1597,-51.63912
17800.,33.1979,-0.9768496,-0.7285879,0.6185855,-0.799606,-35.16274,-51.642
17810.,33.1955,-0.980384,-0.7321093,0.6150299,-0.8031379,-35.16579,-51.64488
17820.,33.19311,-0.9839147,-0.7356271,0.611478,-0.8066661,-35.16883,-51.64775
17830.,33.19072,-0.9874416,-0.7391412,0.6079299,-0.8101906,-35.17186,-51.65062
17840.,33.18833,-0.9909649,-0.7426517,0.6043854,-0.8137114,-35.1749,-51.65349
17850.,33.18595,-0.9944846,-0.7461585,0.6008446,-0.8172286,-35.17793,-51.65635
17860.,33.18356,-0.9980005,-0.7496616,0.5973076,-0.820742,-35.18095,-51.65921
17870.,33.18118,-1.001513,-0.7531611,0.5937742,-0.8242518,-35.18398,-51.66207
17880.,33.1788,-1.005021,-0.7566569,0.5902445,-0.827758,-35.187,-51.66493
17890.,33.17643,-1.008526,-0.760149,0.5867185,-0.8312604,-35.19001,-51.66778
17900.,33.17406,-1.012028,-0.7636375,0.5831962,-0.8347593,-35.19303,-51.67063
17910.,33.17169,-1.015525,-0.7671224,0.5796775,-0.8382544,-35.19604,-51.67348
17920.,33.16932,-1.019019,-0.7706036,0.5761626,-0.8417459,-35.19905,-51.67632
17930.,33.16695,-1.02251,-0.7740812,0.5726513,-0.8452338,-35.20205,-51.67916
17940.,33.16459,-1.025996,-0.7775552,0.5691436,-0.848718,-35.20505,-51.682
17950.,33.16223,-1.029479,-0.7810255,0.5656397,-0.8521986,-35.20805,-51.68484
17960.,33.15987,-1.032959,-0.7844922,0.5621394,-0.8556756,-35.21105,-51.68767
17970.,33.15752,-1.036434,-0.7879553,0.5586427,-0.8591489,-35.21404,-51.6905
17980.,33.15516,-1.039907,-0.7914147,0.5551497,-0.8626186,-35.21703,-51.69332
17990.,33.15281,-1.043375,-0.7948706,0.5516603,-0.8660847,-35.22001,-51.69615
18000.,33.15047,-1.04684,-0.7983229,0.5481746,-0.8695472,-35.223,-51.69897
18010.,33.14812,-1.050301,-0.8017715,0.5446925,-0.873006,-35.22598,-51.70179
18020.,33.14578,-1.053759,-0.8052166,0.5412141,-0.8764612,-35.22895,-51.7046
18030.,33.14344,-1.057213,-0.808658,0.5377392,-0.8799129,-35.23193,-51.70741
18040.,33.1411,-1.060664,-0.8120959,0.5342681,-0.8833609,-35.2349,-51.71022
18050.,33.13876,-1.06411,-0.8155301,0.5308005,-0.8868053,-35.23787,-51.71303
18060.,33.13643,-1.067554,-0.8189608,0.5273365,-0.8902462,-35.24083,-51.71583
18070.,33.1341,-1.070993,-0.8223879,0.5238762,-0.8936834,-35.24379,-51.71863
18080.,33.13177,-1.074429,-0.8258114,0.5204195,-0.8971171,-35.24675,-51.72143
18090.,33.12945,-1.077862,-0.8292314,0.5169664,-0.9005471,-35.2497,-51.72422
18100.,33.12712,-1.081291,-0.8326478,0.5135168,-0.9039736,-35.25266,-51.72701
18110.,33.1248,-1.084716,-0.8360606,0.5100709,-0.9073965,-35.2556,-51.7298
18120.,33.12249,-1.088138,-0.8394698,0.5066286,-0.9108159,-35.25855,-51.73258
18130.,33.12017,-1.091556,-0.8428755,0.5031899,-0.9142317,-35.26149,-51.73537
18140.,33.11786,-1.094971,-0.8462777,0.4997547,-0.9176439,-35.26443,-51.73815
18150.,33.11555,-1.098382,-0.8496763,0.4963232,-0.9210525,-35.26737,-51.74092
18160.,33.11324,-1.101789,-0.8530713,0.4928952,-0.9244576,-35.2703,-51.7437
18170.,33.11093,-1.105193,-0.8564628,0.4894708,-0.9278592,-35.27323,-51.74647
18180.,33.10863,-1.108594,-0.8598508,0.48605,-0.9312572,-35.27616,-51.74923
18190.,33.10633,-1.11199,-0.8632352,0.4826327,-0.9346516,-35.27908,-51.752
18200.,33.10403,-1.115384,-0.8666161,0.479219,-0.9380425,-35.282,-51.75476
18210.,33.10173,-1.118774,-0.8699935,0.4758089,-0.9414299,-35.28492,-51.75752
18220.,33.09944,-1.12216,-0.8733674,0.4724023,-0.9448138,-35.28784,-51.76028
18230.,33.09715,-1.125542,-0.8767377,0.4689993,-0.9481941,-35.29075,-51.76303
18240.,33.09486,-1.128922,-0.8801045,0.4655998,-0.9515709,-35.29366,-51.76578
18250.,33.09257,-1.132297,-0.8834678,0.4622039,-0.9549441,-35.29657,-51.76853
18260.,33.09029,-1.135669,-0.8868276,0.4588116,-0.9583139,-35.29947,-51.77127
18270.,33.08801,-1.139038,-0.8901839,0.4554228,-0.9616801,-35.30237,-51.77401
18280.,33.08573,-1.142403,-0.8935367,0.4520375,-0.9650428,-35.30526,-51.77675
18290.,33.08345,-1.145765,-0.896886,0.4486558,-0.968402,-35.30816,-51.77949
18300.,33.08118,-1.149123,-0.9002318,0.4452776,-0.9717577,-35.31105,-51.78222
18310.,33.07891,-1.152477,-0.9035741,0.4419029,-0.97511,-35.31394,-51.78495
18320.,33.07664,-1.155828,-0.9069129,0.4385318,-0.9784587,-35.31682,-51.78768
18330.,33.07437,-1.159176,-0.9102482,0.4351642,-0.9818039,-35.3197,-51.79041
18340.,33.07211,-1.16252,-0.9135801,0.4318,-0.9851456,-35.32258,-51.79313
18350.,33.06984,-1.165861,-0.9169085,0.4284394,-0.9884839,-35.32546,-51.79585
18360.,33.06758,-1.169198,-0.9202334,0.4250823,-0.9918186,-35.32833,-51.79856
18370.,33.06533,-1.172532,-0.9235549,0.4217287,-0.9951499,-35.3312,-51.80128
18380.,33.06307,-1.175862,-0.9268728,0.4183786,-0.9984778,-35.33407,-51.80399
18390.,33.06082,-1.179188,-0.9301874,0.4150319,-1.001802,-35.33693,-51.8067
18400.,33.05857,-1.182512,-0.9334984,0.4116888,-1.005123,-35.33979,-51.8094
18410.,33.05632,-1.185831,-0.9368061,0.4083491,-1.00844,-35.34265,-51.8121
18420.,33.05408,-1.189148,-0.9401102,0.4050129,-1.011754,-35.34551,-51.8148
18430.,33.05183,-1.192461,-0.9434109,0.4016802,-1.015065,-35.34836,-51.8175
18440.,33.04959,-1.19577,-0.9467082,0.398351,-1.018372,-35.35121,-51.82019
18450.,33.04735,-1.199076,-0.9500021,0.3950253,-1.021676,-35.35405,-51.82288
18460.,33.04512,-1.202379,-0.9532925,0.391703,-1.024976,-35.3569,-51.82557
18470.,33.04288,-1.205678,-0.9565795,0.3883841,-1.028272,-35.35974,-51.82826
18480.,33.04065,-1.208973,-0.959863,0.3850688,-1.031566,-35.36257,-51.83094
18490.,33.03842,-1.212265,-0.9631432,0.3817568,-1.034856,-35.36541,-51.83362
18500.,33.0362,-1.215554,-0.9664199,0.3784484,-1.038142,-35.36824,-51.8363
18510.,33.03397,-1.218839,-0.9696932,0.3751433,-1.041425,-35.37107,-51.83897
18520.,33.03175,-1.222121,-0.9729631,0.3718418,-1.044705,-35.37389,-51.84164
18530.,33.02953,-1.2254,-0.9762295,0.3685436,-1.047981,-35.37671,-51.84431
18540.,33.02731,-1.228675,-0.9794926,0.3652489,-1.051254,-35.37953,-51.84697
18550.,33.0251,-1.231947,-0.9827523,0.3619577,-1.054523,-35.38235,-51.84964
18560.,33.02289,-1.235215,-0.9860086,0.3586698,-1.057789,-35.38516,-51.8523
18570.,33.02068,-1.23848,-0.9892615,0.3553854,-1.061051,-35.38797,-51.85496
18580.,33.01847,-1.241741,-0.992511,0.3521044,-1.064311,-35.39078,-51.85761
18590.,33.01626,-1.244999,-0.9957571,0.3488268,-1.067566,-35.39359,-51.86026
18600.,33.01406,-1.248254,-0.9989998,0.3455527,-1.070819,-35.39639,-51.86291
18610.,33.01186,-1.251505,-1.002239,0.3422819,-1.074068,-35.39919,-51.86556
18620.,33.00966,-1.254753,-1.005475,0.3390146,-1.077313,-35.40198,-51.8682
18630.,33.00747,-1.257998,-1.008708,0.3357506,-1.080555,-35.40477,-51.87084
18640.,33.00527,-1.261239,-1.011937,0.3324901,-1.083794,-35.40756,-51.87348
18650.,33.00308,-1.264476,-1.015163,0.3292329,-1.08703,-35.41035,-51.87612
18660.,33.00089,-1.267711,-1.018385,0.3259792,-1.090262,-35.41314,-51.87875
18670.,32.99871,-1.270942,-1.021604,0.3227288,-1.09349,-35.41592,-51.88138
18680.,32.99652,-1.274169,-1.02482,0.3194818,-1.096716,-35.4187,-51.88401
18690.,32.99434,-1.277394,-1.028033,0.3162382,-1.099938,-35.42147,-51.88663
18700.,32.99216,-1.280615,-1.031242,0.312998,-1.103156,-35.42424,-51.88925
18710.,32.98998,-1.283832,-1.034448,0.3097611,-1.106372,-35.42701,-51.89187
18720.,32.98781,-1.287046,-1.03765,0.3065277,-1.109584,-35.42978,-51.89449
18730.,32.98563,-1.290257,-1.040849,0.3032976,-1.112792,-35.43254,-51.8971
18740.,32.98346,-1.293465,-1.044045,0.3000708,-1.115997,-35.43531,-51.89971
18750.,32.98129,-1.296669,-1.047237,0.2968474,-1.119199,-35.43806,-51.90232
18760.,32.97913,-1.29987,-1.050426,0.2936274,-1.122398,-35.44082,-51.90492
18770.,32.97696,-1.303067,-1.053612,0.2904107,-1.125593,-35.44357,-51.90753
18780.,32.9748,-1.306262,-1.056795,0.2871974,-1.128785,-35.44632,-51.91013
18790.,32.97264,-1.309452,-1.059974,0.2839874,-1.131974,-35.44907,-51.91272
18800.,32.97049,-1.31264,-1.06315,0.2807807,-1.135159,-35.45181,-51.91532
18810.,32.96833,-1.315824,-1.066322,0.2775774,-1.138341,-35.45455,-51.91791
18820.,32.96618,-1.319005,-1.069491,0.2743774,-1.141519,-35.45729,-51.9205
18830.,32.96403,-1.322183,-1.072657,0.2711808,-1.144695,-35.46003,-51.92309
18840.,32.96188,-1.325357,-1.07582,0.2679875,-1.147867,-35.46276,-51.92567
18850.,32.95974,-1.328528,-1.078979,0.2647975,-1.151036,-35.46549,-51.92825
18860.,32.95759,-1.331696,-1.082135,0.2616108,-1.154201,-35.46822,-51.93083
18870.,32.95545,-1.33486,-1.085288,0.2584274,-1.157363,-35.47094,-51.9334
18880.,32.95331,-1.338021,-1.088438,0.2552474,-1.160522,-35.47366,-51.93598
18890.,32.95118,-1.341179,-1.091584,0.2520707,-1.163678,-35.47638,-51.93855
18900.,32.94904,-1.344333,-1.094727,0.2488972,-1.16683,-35.47909,-51.94112
18910.,32.94691,-1.347485,-1.097866,0.2457271,-1.169979,-35.48181,-51.94368
18920.,32.94478,-1.350633,-1.101003,0.2425603,-1.173124,-35.48452,-51.94624
18930.,32.94265,-1.353777,-1.104136,0.2393967,-1.176267,-35.48722,-51.9488
18940.,32.94053,-1.356919,-1.107266,0.2362365,-1.179406,-35.48993,-51.95136
18950.,32.93841,-1.360057,-1.110392,0.2330795,-1.182542,-35.49263,-51.95391
18960.,32.93629,-1.363192,-1.113516,0.2299259,-1.185675,-35.49533,-51.95647
18970.,32.93417,-1.366323,-1.116636,0.2267755,-1.188804,-35.49802,-51.95901
18980.,32.93205,-1.369452,-1.119753,0.2236284,-1.19193,-35.50072,-51.96156
18990.,32.92994,-1.372577,-1.122866,0.2204845,-1.195053,-35.50341,-51.9641
19000.,32.92783,-1.375698,-1.125977,0.217344,-1.198173,-35.50609,-51.96665
19010.,32.92572,-1.378817,-1.129084,0.2142067,-1.201289,-35.50878,-51.96918
19020.,32.92361,-1.381932,-1.132188,0.2110726,-1.204402,-35.51146,-51.97172
19030.,32.9215,-1.385045,-1.135288,0.2079419,-1.207512,-35.51414,-51.97425
19040.,32.9194,-1.388153,-1.138386,0.2048143,-1.210619,-35.51682,-51.97678
19050.,32.9173,-1.391259,-1.14148,0.2016901,-1.213722,-35.51949,-51.97931
19060.,32.9152,-1.394361,-1.144571,0.1985691,-1.216822,-35.52216,-51.98184
19070.,32.91311,-1.397461,-1.147659,0.1954513,-1.219919,-35.52483,-51.98436
19080.,32.91101,-1.400557,-1.150743,0.1923368,-1.223013,-35.52749,-51.98688
19090.,32.90892,-1.403649,-1.153825,0.1892255,-1.226103,-35.53015,-51.9894
19100.,32.90683,-1.406739,-1.156903,0.1861174,-1.229191,-35.53281,-51.99191
19110.,32.90474,-1.409825,-1.159978,0.1830126,-1.232275,-35.53547,-51.99442
19120.,32.90266,-1.412908,-1.163049,0.179911,-1.235356,-35.53813,-51.99693
19130.,32.90058,-1.415988,-1.166118,0.1768127,-1.238433,-35.54078,-51.99944
19140.,32.89849,-1.419065,-1.169183,0.1737175,-1.241508,-35.54342,-52.00194
19150.,32.89642,-1.422138,-1.172246,0.1706256,-1.244579,-35.54607,-52.00445
19160.,32.89434,-1.425209,-1.175305,0.1675369,-1.247647,-35.54871,-52.00695
19170.,32.89227,-1.428276,-1.17836,0.1644514,-1.250712,-35.55135,-52.00944
19180.,32.89019,-1.431339,-1.181413,0.1613691,-1.253774,-35.55399,-52.01194
19190.,32.88812,-1.4344,-1.184462,0.15829,-1.256833,-35.55663,-52.01443
19200.,32.88606,-1.437458,-1.187509,0.1552141,-1.259888,-35.55926,-52.01692
19210.,32.88399,-1.440512,-1.190552,0.1521415,-1.26294,-35.56189,-52.0194
19220.,32.88193,-1.443563,-1.193592,0.149072,-1.265989,-35.56451,-52.02189
19230.,32.87987,-1.446611,-1.196629,0.1460057,-1.269035,-35.56714,-52.02437
19240.,32.87781,-1.449656,-1.199662,0.1429426,-1.272078,-35.56976,-52.02684
19250.,32.87575,-1.452698,-1.202693,0.1398826,-1.275117,-35.57238,-52.02932
19260.,32.8737,-1.455736,-1.20572,0.1368259,-1.278153,-35.57499,-52.03179
19270.,32.87164,-1.458772,-1.208744,0.1337723,-1.281187,-35.5776,-52.03426
19280.,32.86959,-1.461804,-1.211765,0.1307219,-1.284217,-35.58021,-52.03673
19290.,32.86755,-1.464833,-1.214783,0.1276747,-1.287244,-35.58282,-52.0392
19300.,32.8655,-1.467859,-1.217798,0.1246306,-1.290267,-35.58543,-52.04166
19310.,32.86346,-1.470882,-1.22081,0.1215897,-1.293288,-35.58803,-52.04412
19320.,32.86142,-1.473901,-1.223818,0.118552,-1.296305,-35.59063,-52.04658
19330.,32.85938,-1.476918,-1.226823,0.1155174,-1.29932,-35.59322,-52.04903
19340.,32.85734,-1.479931,-1.229826,0.112486,-1.302331,-35.59582,-52.05149
19350.,32.8553,-1.482941,-1.232825,0.1094577,-1.305339,-35.59841,-52.05394
19360.,32.85327,-1.485948,-1.235821,0.1064326,-1.308344,-35.601,-52.05638
19370.,32.85124,-1.488952,-1.238814,0.1034106,-1.311346,-35.60358,-52.05883
19380.,32.84921,-1.491953,-1.241803,0.1003918,-1.314344,-35.60617,-52.06127
19390.,32.84719,-1.494951,-1.24479,0.0973761,-1.31734,-35.60875,-52.06371
19400.,32.84516,-1.497945,-1.247774,0.09436353,-1.320332,-35.61132,-52.06615
19410.,32.84314,-1.500937,-1.250754,0.09135409,-1.323322,-35.6139,-52.06859
19420.,32.84112,-1.503925,-1.253731,0.08834778,-1.326308,-35.61647,-52.07102
19430.,32.8391,-1.50691,-1.256706,0.08534459,-1.329291,-35.61904,-52.07345
19440.,32.83708,-1.509893,-1.259677,0.08234452,-1.332271,-35.62161,-52.07587
19450.,32.83507,-1.512872,-1.262645,0.07934757,-1.335248,-35.62417,-52.0783
19460.,32.83306,-1.515848,-1.26561,0.07635374,-1.338222,-35.62674,-52.08072
19470.,32.83105,-1.518821,-1.268572,0.07336301,-1.341193,-35.62929,-52.08314
19480.,32.82904,-1.52179,-1.271531,0.07037539,-1.34416,-35.63185,-52.08556
19490.,32.82704,-1.524757,-1.274487,0.06739088,-1.347125,-35.6344,-52.08797
19500.,32.82503,-1.527721,-1.277439,0.06440946,-1.350086,-35.63696,-52.09039
19510.,32.82303,-1.530681,-1.280389,0.06143114,-1.353045,-35.6395,-52.0928
19520.,32.82103,-1.533639,-1.283335,0.05845592,-1.356,-35.64205,-52.0952
19530.,32.81904,-1.536593,-1.286279,0.05548378,-1.358952,-35.64459,-52.09761
19540.,32.81704,-1.539544,-1.289219,0.05251473,-1.361902,-35.64713,-52.10001
19550.,32.81505,-1.542493,-1.292157,0.04954877,-1.364848,-35.64967,-52.10241
19560.,32.81306,-1.545438,-1.295091,0.04658589,-1.367791,-35.65221,-52.10481
19570.,32.81107,-1.54838,-1.298022,0.04362608,-1.370731,-35.65474,-52.1072
19580.,32.80909,-1.551319,-1.300951,0.04066935,-1.373668,-35.65727,-52.10959
19590.,32.8071,-1.554255,-1.303876,0.03771569,-1.376602,-35.6598,-52.11198
19600.,32.80512,-1.557188,-1.306798,0.0347651,-1.379533,-35.66232,-52.11437
19610.,32.80314,-1.560118,-1.309717,0.03181757,-1.382461,-35.66484,-52.11676
19620.,32.80116,-1.563045,-1.312633,0.0288731,-1.385385,-35.66736,-52.11914
19630.,32.79919,-1.565969,-1.315546,0.02593169,-1.388307,-35.66988,-52.12152
19640.,32.79721,-1.56889,-1.318456,0.02299333,-1.391226,-35.67239,-52.1239
19650.,32.79524,-1.571807,-1.321363,0.02005803,-1.394142,-35.6749,-52.12627
19660.,32.79327,-1.574722,-1.324267,0.01712577,-1.397054,-35.67741,-52.12864
19670.,32.7913,-1.577634,-1.327168,0.01419656,-1.399964,-35.67992,-52.13101
19680.,32.78934,-1.580543,-1.330066,0.01127038,-1.40287,-35.68242,-52.13338
19690.,32.78737,-1.583448,-1.332961,0.008347251,-1.405774,-35.68492,-52.13575
19700.,32.78541,-1.586351,-1.335853,0.005427153,-1.408675,-35.68742,-52.13811
19710.,32.78345,-1.589251,-1.338742,0.002510086,-1.411572,-35.68992,-52.14047
19720.,32.7815,-1.592147,-1.341628,-0.0004039523,-1.414467,-35.69241,-52.14283
19730.,32.77954,-1.595041,-1.344511,-0.003314966,-1.417358,-35.6949,-52.14518
19740.,32.77759,-1.597931,-1.347391,-0.006222957,-1.420247,-35.69739,-52.14754
19750.,32.77564,-1.600819,-1.350268,-0.009127929,-1.423132,-35.69988,-52.14989
19760.,32.77369,-1.603704,-1.353142,-0.01202989,-1.426015,-35.70236,-52.15223
19770.,32.77174,-1.606585,-1.356013,-0.01492883,-1.428895,-35.70484,-52.15458
19780.,32.7698,-1.609464,-1.358881,-0.01782477,-1.431771,-35.70732,-52.15692
19790.,32.76785,-1.61234,-1.361746,-0.0207177,-1.434645,-35.70979,-52.15926
19800.,32.76591,-1.615212,-1.364608,-0.02360762,-1.437515,-35.71227,-52.1616
19810.,32.76397,-1.618082,-1.367467,-0.02649455,-1.440383,-35.71474,-52.16394
19820.,32.76204,-1.620949,-1.370323,-0.02937848,-1.443248,-35.7172,-52.16627
19830.,32.7601,-1.623812,-1.373177,-0.03225942,-1.446109,-35.71967,-52.1686
19840.,32.75817,-1.626673,-1.376027,-0.03513737,-1.448968,-35.72213,-52.17093
19850.,32.75624,-1.629531,-1.378874,-0.03801233,-1.451824,-35.72459,-52.17326
19860.,32.75431,-1.632386,-1.381718,-0.04088431,-1.454677,-35.72705,-52.17558
19870.,32.75239,-1.635238,-1.38456,-0.04375331,-1.457526,-35.7295,-52.1779
19880.,32.75046,-1.638087,-1.387398,-0.04661933,-1.460373,-35.73196,-52.18022
19890.,32.74854,-1.640933,-1.390234,-0.04948237,-1.463217,-35.7344,-52.18254
19900.,32.74662,-1.643776,-1.393066,-0.05234245,-1.466058,-35.73685,-52.18485
19910.,32.7447,-1.646616,-1.395896,-0.05519956,-1.468896,-35.7393,-52.18716
19920.,32.74278,-1.649453,-1.398722,-0.0580537,-1.471731,-35.74174,-52.18947
19930.,32.74087,-1.652287,-1.401546,-0.06090488,-1.474563,-35.74418,-52.19178
19940.,32.73896,-1.655118,-1.404367,-0.06375311,-1.477393,-35.74662,-52.19408
19950.,32.73705,-1.657946,-1.407184,-0.06659838,-1.480219,-35.74905,-52.19639
19960.,32.73514,-1.660772,-1.409999,-0.06944069,-1.483042,-35.75148,-52.19869
19970.,32.73323,-1.663594,-1.412811,-0.07228006,-1.485863,-35.75391,-52.20098
19980.,32.73133,-1.666414,-1.41562,-0.07511648,-1.48868,-35.75634,-52.20328
19990.,32.72942,-1.66923,-1.418427,-0.07794997,-1.491495,-35.75876,-52.20557
20000.,32.72752,-1.672044,-1.42123,-0.08078051,-1.494306,-35.76118,-52.20786
20010.,32.72563,-1.674855,-1.42403,-0.08360811,-1.497115,-35.7636,-52.21015
20020.,32.72373,-1.677662,-1.426828,-0.08643278,-1.499921,-35.76602,-52.21243
20030.,32.72184,-1.680467,-1.429622,-0.08925452,-1.502724,-35.76843,-52.21472
20040.,32.71994,-1.683269,-1.432414,-0.09207334,-1.505524,-35.77085,-52.217
20050.,32.71805,-1.686068,-1.435202,-0.09488923,-1.508321,-35.77326,-52.21928
20060.,32.71616,-1.688865,-1.437988,-0.0977022,-1.511115,-35.77566,-52.22155
20070.,32.71428,-1.691658,-1.440771,-0.1005123,-1.513906,-35.77807,-52.22383
20080.,32.71239,-1.694448,-1.443551,-0.1033194,-1.516694,-35.78047,-52.2261
20090.,32.71051,-1.697236,-1.446328,-0.1061236,-1.51948,-35.78287,-52.22837
20100.,32.70863,-1.70002,-1.449103,-0.1089249,-1.522262,-35.78526,-52.23063
20110.,32.70675,-1.702802,-1.451874,-0.1117234,-1.525042,-35.78766,-52.2329
20120.,32.70488,-1.705581,-1.454643,-0.1145189,-1.527819,-35.79005,-52.23516
20130.,32.703,-1.708357,-1.457408,-0.1173115,-1.530593,-35.79244,-52.23742
20140.,32.70113,-1.71113,-1.460171,-0.1201012,-1.533364,-35.79483,-52.23967
20150.,32.69926,-1.7139,-1.462931,-0.122888,-1.536132,-35.79721,-52.24193
20160.,32.69739,-1.716667,-1.465688,-0.1256719,-1.538897,-35.79959,-52.24418
20170.,32.69552,-1.719432,-1.468442,-0.128453,-1.54166,-35.80197,-52.24643
20180.,32.69366,-1.722193,-1.471194,-0.1312312,-1.54442,-35.80435,-52.24868
20190.,32.6918,-1.724952,-1.473942,-0.1340064,-1.547176,-35.80672,-52.25093
20200.,32.68994,-1.727708,-1.476688,-0.1367789,-1.54993,-35.8091,-52.25317
20210.,32.68808,-1.730461,-1.479431,-0.1395484,-1.552681,-35.81147,-52.25541
20220.,32.68622,-1.733211,-1.482171,-0.142315,-1.555429,-35.81383,-52.25765
20230.,32.68437,-1.735958,-1.484908,-0.1450788,-1.558175,-35.8162,-52.25988
20240.,32.68251,-1.738703,-1.487642,-0.1478398,-1.560917,-35.81856,-52.26212
20250.,32.68066,-1.741444,-1.490374,-0.1505978,-1.563657,-35.82092,-52.26435
20260.,32.67881,-1.744183,-1.493102,-0.153353,-1.566393,-35.82328,-52.26658
20270.,32.67697,-1.746919,-1.495828,-0.1561054,-1.569127,-35.82563,-52.26881
20280.,32.67512,-1.749652,-1.498551,-0.1588549,-1.571859,-35.82799,-52.27103
20290.,32.67328,-1.752382,-1.501271,-0.1616015,-1.574587,-35.83034,-52.27325
20300.,32.67144,-1.75511,-1.503988,-0.1643453,-1.577312,-35.83268,-52.27547
20310.,32.6696,-1.757834,-1.506703,-0.1670863,-1.580035,-35.83503,-52.27769
20320.,32.66776,-1.760556,-1.509415,-0.1698244,-1.582755,-35.83737,-52.27991
20330.,32.66592,-1.763275,-1.512123,-0.1725597,-1.585472,-35.83971,-52.28212
20340.,32.66409,-1.765991,-1.514829,-0.1752921,-1.588186,-35.84205,-52.28433
20350.,32.66226,-1.768704,-1.517533,-0.1780217,-1.590897,-35.84438,-52.28654
20360.,32.66043,-1.771415,-1.520233,-0.1807485,-1.593606,-35.84672,-52.28875
20370.,32.6586,-1.774123,-1.522931,-0.1834725,-1.596311,-35.84905,-52.29095
20380.,32.65678,-1.776827,-1.525626,-0.1861936,-1.599014,-35.85138,-52.29315
20390.,32.65495,-1.779529,-1.528318,-0.1889119,-1.601715,-35.8537,-52.29535
20400.,32.65313,-1.782229,-1.531007,-0.1916274,-1.604412,-35.85603,-52.29755
20410.,32.65131,-1.784925,-1.533694,-0.1943401,-1.607106,-35.85835,-52.29974
20420.,32.64949,-1.787619,-1.536377,-0.19705,-1.609798,-35.86066,-52.30193
20430.,32.64767,-1.79031,-1.539058,-0.199757,-1.612487,-35.86298,-52.30413
20440.,32.64586,-1.792998,-1.541736,-0.2024613,-1.615173,-35.86529,-52.30631
20450.,32.64405,-1.795683,-1.544412,-0.2051627,-1.617857,-35.86761,-52.3085
20460.,32.64224,-1.798366,-1.547084,-0.2078614,-1.620537,-35.86991,-52.31068
20470.,32.64043,-1.801046,-1.549754,-0.2105573,-1.623215,-35.87222,-52.31286
20480.,32.63862,-1.803723,-1.552421,-0.2132503,-1.62589,-35.87453,-52.31504
20490.,32.63682,-1.806397,-1.555086,-0.2159406,-1.628562,-35.87683,-52.31722
20500.,32.63501,-1.809068,-1.557747,-0.2186281,-1.631232,-35.87913,-52.31939
20510.,32.63321,-1.811737,-1.560406,-0.2213128,-1.633899,-35.88142,-52.32157
20520.,32.63141,-1.814403,-1.563062,-0.2239947,-1.636563,-35.88372,-52.32374
20530.,32.62962,-1.817066,-1.565715,-0.2266739,-1.639224,-35.88601,-52.3259
20540.,32.62782,-1.819726,-1.568366,-0.2293502,-1.641882,-35.8883,-52.32807
20550.,32.62603,-1.822384,-1.571013,-0.2320238,-1.644538,-35.89059,-52.33023
20560.,32.62424,-1.825039,-1.573658,-0.2346947,-1.647191,-35.89287,-52.33239
20570.,32.62245,-1.827691,-1.576301,-0.2373627,-1.649841,-35.89516,-52.33455
20580.,32.62066,-1.83034,-1.57894,-0.240028,-1.652489,-35.89744,-52.33671
20590.,32.61887,-1.832987,-1.581577,-0.2426906,-1.655133,-35.89971,-52.33886
20600.,32.61709,-1.835631,-1.584211,-0.2453504,-1.657775,-35.90199,-52.34101
20610.,32.61531,-1.838272,-1.586843,-0.2480074,-1.660415,-35.90426,-52.34316
20620.,32.61353,-1.84091,-1.589471,-0.2506617,-1.663051,-35.90653,-52.34531
20630.,32.61175,-1.843546,-1.592097,-0.2533132,-1.665685,-35.9088,-52.34746
20640.,32.60997,-1.846179,-1.59472,-0.255962,-1.668316,-35.91107,-52.3496
20650.,32.6082,-1.848809,-1.597341,-0.258608,-1.670944,-35.91333,-52.35174
20660.,32.60642,-1.851437,-1.599959,-0.2612513,-1.67357,-35.91559,-52.35388
20670.,32.60465,-1.854062,-1.602574,-0.2638919,-1.676193,-35.91785,-52.35602
20680.,32.60288,-1.856684,-1.605186,-0.2665297,-1.678813,-35.92011,-52.35815
20690.,32.60112,-1.859303,-1.607796,-0.2691648,-1.68143,-35.92236,-52.36028
20700.,32.59935,-1.86192,-1.610403,-0.2717972,-1.684045,-35.92462,-52.36241
20710.,32.59759,-1.864534,-1.613007,-0.2744268,-1.686657,-35.92687,-52.36454
20720.,32.59582,-1.867145,-1.615608,-0.2770537,-1.689267,-35.92911,-52.36667
20730.,32.59406,-1.869753,-1.618207,-0.2796779,-1.691873,-35.93136,-52.36879
20740.,32.59231,-1.872359,-1.620803,-0.2822994,-1.694477,-35.9336,-52.37091
20750.,32.59055,-1.874962,-1.623397,-0.2849182,-1.697078,-35.93584,-52.37303
20760.,32.5888,-1.877563,-1.625988,-0.2875342,-1.699677,-35.93808,-52.37515
20770.,32.58704,-1.88016,-1.628576,-0.2901476,-1.702273,-35.94032,-52.37726
20780.,32.58529,-1.882755,-1.631161,-0.2927582,-1.704866,-35.94255,-52.37937
20790.,32.58354,-1.885348,-1.633744,-0.2953662,-1.707457,-35.94478,-52.38148
20800.,32.5818,-1.887937,-1.636324,-0.2979714,-1.710044,-35.94701,-52.38359
20810.,32.58005,-1.890524,-1.638901,-0.3005739,-1.712629,-35.94924,-52.3857
20820.,32.57831,-1.893109,-1.641476,-0.3031738,-1.715212,-35.95146,-52.3878
20830.,32.57657,-1.89569,-1.644048,-0.3057709,-1.717792,-35.95368,-52.3899
20840.,32.57483,-1.898269,-1.646617,-0.3083654,-1.720369,-35.9559,-52.392
20850.,32.57309,-1.900846,-1.649184,-0.3109572,-1.722943,-35.95812,-52.3941
20860.,32.57135,-1.903419,-1.651748,-0.3135463,-1.725515,-35.96034,-52.39619
20870.,32.56962,-1.90599,-1.65431,-0.3161327,-1.728084,-35.96255,-52.39829
20880.,32.56789,-1.908559,-1.656869,-0.3187165,-1.730651,-35.96476,-52.40038
20890.,32.56616,-1.911124,-1.659425,-0.3212975,-1.733214,-35.96697,-52.40246
20900.,32.56443,-1.913687,-1.661978,-0.3238759,-1.735775,-35.96917,-52.40455
20910.,32.5627,-1.916248,-1.664529,-0.3264517,-1.738334,-35.97138,-52.40663
20920.,32.56097,-1.918805,-1.667077,-0.3290247,-1.74089,-35.97358,-52.40872
20930.,32.55925,-1.92136,-1.669623,-0.3315951,-1.743443,-35.97578,-52.4108
20940.,32.55753,-1.923913,-1.672166,-0.3341629,-1.745994,-35.97798,-52.41287
20950.,32.55581,-1.926462,-1.674706,-0.336728,-1.748541,-35.98017,-52.41495
20960.,32.55409,-1.92901,-1.677244,-0.3392904,-1.751087,-35.98236,-52.41702
20970.,32.55238,-1.931554,-1.679779,-0.3418502,-1.753629,-35.98455,-52.41909
20980.,32.55066,-1.934096,-1.682311,-0.3444073,-1.756169,-35.98674,-52.42116
20990.,32.54895,-1.936635,-1.684841,-0.3469618,-1.758707,-35.98893,-52.42323
21000.,32.54724,-1.939172,-1.687368,-0.3495136,-1.761242,-35.99111,-52.42529
21010.,32.54553,-1.941706,-1.689893,-0.3520628,-1.763774,-35.99329,-52.42736
21020.,32.54382,-1.944237,-1.692414,-0.3546094,-1.766303,-35.99547,-52.42942
21030.,32.54212,-1.946766,-1.694934,-0.3571533,-1.76883,-35.99764,-52.43148
21040.,32.54041,-1.949292,-1.697451,-0.3596946,-1.771354,-35.99982,-52.43353
21050.,32.53871,-1.951815,-1.699965,-0.3622333,-1.773876,-36.00199,-52.43559
21060.,32.53701,-1.954336,-1.702476,-0.3647694,-1.776395,-36.00416,-52.43764
21070.,32.53531,-1.956855,-1.704985,-0.3673028,-1.778912,-36.00633,-52.43969
21080.,32.53362,-1.95937,-1.707491,-0.3698336,-1.781425,-36.00849,-52.44174
21090.,32.53192,-1.961883,-1.709995,-0.3723618,-1.783937,-36.01066,-52.44378
21100.,32.53023,-1.964394,-1.712496,-0.3748873,-1.786445,-36.01282,-52.44582
21110.,32.52854,-1.966902,-1.714995,-0.3774103,-1.788951,-36.01498,-52.44787
21120.,32.52685,-1.969407,-1.717491,-0.3799306,-1.791455,-36.01713,-52.4499
21130.,32.52516,-1.97191,-1.719984,-0.3824484,-1.793956,-36.01929,-52.45194
21140.,32.52347,-1.97441,-1.722475,-0.3849635,-1.796454,-36.02144,-52.45398
21150.,32.52179,-1.976907,-1.724963,-0.387476,-1.79895,-36.02359,-52.45601
21160.,32.52011,-1.979402,-1.727449,-0.389986,-1.801443,-36.02573,-52.45804
21170.,32.51843,-1.981895,-1.729932,-0.3924933,-1.803933,-36.02788,-52.46007
21180.,32.51675,-1.984384,-1.732413,-0.394998,-1.806421,-36.03002,-52.4621
21190.,32.51507,-1.986872,-1.734891,-0.3975002,-1.808907,-36.03216,-52.46412
21200.,32.5134,-1.989356,-1.737366,-0.3999998,-1.81139,-36.0343,-52.46614
21210.,32.51172,-1.991838,-1.739839,-0.4024967,-1.81387,-36.03644,-52.46816
21220.,32.51005,-1.994318,-1.742309,-0.4049911,-1.816348,-36.03857,-52.47018
21230.,32.50838,-1.996795,-1.744777,-0.4074829,-1.818823,-36.0407,-52.4722
21240.,32.50671,-1.999269,-1.747242,-0.4099722,-1.821295,-36.04283,-52.47421
21250.,32.50505,-2.001741,-1.749705,-0.4124589,-1.823765,-36.04496,-52.47622
21260.,32.50338,-2.00421,-1.752165,-0.414943,-1.826233,-36.04709,-52.47823
21270.,32.50172,-2.006677,-1.754622,-0.4174245,-1.828698,-36.04921,-52.48024
21280.,32.50006,-2.009141,-1.757077,-0.4199034,-1.83116,-36.05133,-52.48225
21290.,32.4984,-2.011603,-1.75953,-0.4223798,-1.83362,-36.05345,-52.48425
21300.,32.49674,-2.014062,-1.761979,-0.4248537,-1.836077,-36.05557,-52.48625
21310.,32.49508,-2.016518,-1.764427,-0.427325,-1.838532,-36.05768,-52.48825
21320.,32.49343,-2.018972,-1.766872,-0.4297937,-1.840984,-36.05979,-52.49025
21330.,32.49178,-2.021424,-1.769314,-0.4322599,-1.843434,-36.0619,-52.49224
21340.,32.49013,-2.023872,-1.771754,-0.4347235,-1.845881,-36.06401,-52.49424
21350.,32.48848,-2.026319,-1.774191,-0.4371846,-1.848326,-36.06612,-52.49623
21360.,32.48683,-2.028763,-1.776626,-0.4396431,-1.850768,-36.06822,-52.49822
21370.,32.48518,-2.031204,-1.779058,-0.4420991,-1.853207,-36.07032,-52.50021
21380.,32.48354,-2.033643,-1.781488,-0.4445526,-1.855644,-36.07242,-52.50219
21390.,32.4819,-2.036079,-1.783915,-0.4470035,-1.858079,-36.07452,-52.50417
21400.,32.48026,-2.038513,-1.78634,-0.4494519,-1.860511,-36.07661,-52.50615
21410.,32.47862,-2.040944,-1.788762,-0.4518977,-1.86294,-36.0787,-52.50813
21420.,32.47698,-2.043373,-1.791182,-0.454341,-1.865367,-36.08079,-52.51011
21430.,32.47535,-2.045799,-1.793599,-0.4567818,-1.867792,-36.08288,-52.51209
21440.,32.47371,-2.048223,-1.796013,-0.4592201,-1.870213,-36.08497,-52.51406
21450.,32.47208,-2.050644,-1.798426,-0.4616559,-1.872633,-36.08705,-52.51603
21460.,32.47045,-2.053063,-1.800835,-0.4640891,-1.87505,-36.08913,-52.518
21470.,32.46882,-2.055479,-1.803242,-0.4665198,-1.877464,-36.09121,-52.51996
21480.,32.46719,-2.057892,-1.805647,-0.468948,-1.879876,-36.09329,-52.52193
21490.,32.46557,-2.060304,-1.808049,-0.4713737,-1.882286,-36.09537,-52.52389
21500.,32.46395,-2.062712,-1.810449,-0.4737969,-1.884693,-36.09744,-52.52585
21510.,32.46232,-2.065119,-1.812846,-0.4762176,-1.887097,-36.09951,-52.52781
21520.,32.4607,-2.067522,-1.815241,-0.4786358,-1.889499,-36.10158,-52.52977
21530.,32.45909,-2.069924,-1.817634,-0.4810515,-1.891899,-36.10364,-52.53172
21540.,32.45747,-2.072322,-1.820023,-0.4834647,-1.894296,-36.10571,-52.53367
21550.,32.45585,-2.074719,-1.822411,-0.4858754,-1.89669,-36.10777,-52.53563
21560.,32.45424,-2.077112,-1.824796,-0.4882836,-1.899082,-36.10983,-52.53757
21570.,32.45263,-2.079504,-1.827178,-0.4906894,-1.901472,-36.11189,-52.53952
21580.,32.45102,-2.081893,-1.829558,-0.4930926,-1.903859,-36.11395,-52.54146
21590.,32.44941,-2.084279,-1.831936,-0.4954933,-1.906244,-36.116,-52.54341
21600.,32.4478,-2.086663,-1.834311,-0.4978916,-1.908626,-36.11805,-52.54535
21610.,32.4462,-2.089045,-1.836683,-0.5002874,-1.911006,-36.1201,-52.54729
21620.,32.4446,-2.091424,-1.839053,-0.5026807,-1.913383,-36.12215,-52.54922
21630.,32.44299,-2.0938,-1.841421,-0.5050716,-1.915758,-36.12419,-52.55116
21640.,32.44139,-2.096174,-1.843786,-0.50746,-1.91813,-36.12624,-52.55309
21650.,32.4398,-2.098546,-1.846149,-0.5098459,-1.9205,-36.12828,-52.55502
21660.,32.4382,-2.100915,-1.84851,-0.5122293,-1.922868,-36.13032,-52.55695
21670.,32.43661,-2.103282,-1.850867,-0.5146103,-1.925233,-36.13236,-52.55887
21680.,32.43501,-2.105646,-1.853223,-0.5169888,-1.927595,-36.13439,-52.5608
21690.,32.43342,-2.108008,-1.855576,-0.5193649,-1.929955,-36.13642,-52.56272
21700.,32.43183,-2.110367,-1.857927,-0.5217385,-1.932313,-36.13845,-52.56464
21710.,32.43024,-2.112724,-1.860275,-0.5241097,-1.934668,-36.14048,-52.56656
21720.,32.42866,-2.115079,-1.862621,-0.5264784,-1.937021,-36.14251,-52.56848
21730.,32.42707,-2.117431,-1.864964,-0.5288446,-1.939372,-36.14453,-52.57039
21740.,32.42549,-2.119781,-1.867305,-0.5312085,-1.94172,-36.14656,-52.5723
21750.,32.42391,-2.122128,-1.869643,-0.5335699,-1.944065,-36.14858,-52.57422
21760.,32.42233,-2.124473,-1.87198,-0.5359288,-1.946408,-36.15059,-52.57612
21770.,32.42075,-2.126815,-1.874313,-0.5382853,-1.948749,-36.15261,-52.57803
21780.,32.41917,-2.129155,-1.876645,-0.5406394,-1.951087,-36.15462,-52.57994
21790.,32.4176,-2.131493,-1.878973,-0.542991,-1.953423,-36.15664,-52.58184
21800.,32.41602,-2.133828,-1.8813,-0.5453402,-1.955757,-36.15865,-52.58374
21810.,32.41445,-2.136161,-1.883624,-0.547687,-1.958088,-36.16065,-52.58564
21820.,32.41288,-2.138491,-1.885946,-0.5500314,-1.960416,-36.16266,-52.58753
21830.,32.41131,-2.140819,-1.888265,-0.5523733,-1.962743,-36.16466,-52.58943
21840.,32.40975,-2.143145,-1.890582,-0.5547128,-1.965067,-36.16666,-52.59132
21850.,32.40818,-2.145468,-1.892896,-0.5570499,-1.967388,-36.16866,-52.59321
21860.,32.40662,-2.147789,-1.895208,-0.5593846,-1.969707,-36.17066,-52.5951
21870.,32.40506,-2.150107,-1.897518,-0.5617169,-1.972024,-36.17266,-52.59699
21880.,32.4035,-2.152423,-1.899825,-0.5640468,-1.974338,-36.17465,-52.59887
21890.,32.40194,-2.154736,-1.90213,-0.5663743,-1.97665,-36.17664,-52.60076
21900.,32.40038,-2.157048,-1.904433,-0.5686993,-1.978959,-36.17863,-52.60264
21910.,32.39883,-2.159356,-1.906733,-0.571022,-1.981266,-36.18062,-52.60452
21920.,32.39727,-2.161663,-1.909031,-0.5733423,-1.983571,-36.1826,-52.6064
21930.,32.39572,-2.163967,-1.911326,-0.5756601,-1.985873,-36.18458,-52.60827
21940.,32.39417,-2.166268,-1.913619,-0.5779756,-1.988173,-36.18657,-52.61014
21950.,32.39262,-2.168568,-1.91591,-0.5802887,-1.990471,-36.18854,-52.61202
21960.,32.39107,-2.170865,-1.918198,-0.5825994,-1.992766,-36.19052,-52.61389
21970.,32.38953,-2.173159,-1.920484,-0.5849077,-1.995059,-36.1925,-52.61575
21980.,32.38798,-2.175451,-1.922768,-0.5872137,-1.99735,-36.19447,-52.61762
21990.,32.38644,-2.177741,-1.925049,-0.5895172,-1.999638,-36.19644,-52.61948
22000.,32.3849,-2.180028,-1.927328,-0.5918184,-2.001923,-36.19841,-52.62134
22010.,32.38336,-2.182314,-1.929604,-0.5941172,-2.004207,-36.20037,-52.6232
22020.,32.38182,-2.184596,-1.931879,-0.5964136,-2.006488,-36.20234,-52.62506
22030.,32.38029,-2.186877,-1.93415,-0.5987077,-2.008767,-36.2043,-52.62692
22040.,32.37875,-2.189155,-1.93642,-0.6009994,-2.011043,-36.20626,-52.62877
22050.,32.37722,-2.19143,-1.938687,-0.6032887,-2.013317,-36.20822,-52.63063
22060.,32.37569,-2.193703,-1.940952,-0.6055757,-2.015589,-36.21018,-52.63248
22070.,32.37416,-2.195974,-1.943214,-0.6078603,-2.017858,-36.21213,-52.63432
22080.,32.37263,-2.198243,-1.945475,-0.6101425,-2.020125,-36.21408,-52.63617
22090.,32.37111,-2.200509,-1.947732,-0.6124224,-2.022389,-36.21603,-52.63802
22100.,32.36958,-2.202773,-1.949988,-0.6146999,-2.024652,-36.21798,-52.63986
22110.,32.36806,-2.205035,-1.952241,-0.6169751,-2.026912,-36.21993,-52.6417
22120.,32.36654,-2.207294,-1.954492,-0.6192479,-2.029169,-36.22187,-52.64354
22130.,32.36502,-2.209551,-1.95674,-0.6215184,-2.031424,-36.22382,-52.64538
22140.,32.3635,-2.211806,-1.958986,-0.6237866,-2.033677,-36.22576,-52.64721
22150.,32.36198,-2.214058,-1.96123,-0.6260524,-2.035928,-36.2277,-52.64904
22160.,32.36047,-2.216308,-1.963472,-0.6283159,-2.038176,-36.22963,-52.65087
22170.,32.35895,-2.218555,-1.965711,-0.630577,-2.040422,-36.23157,-52.6527
22180.,32.35744,-2.220801,-1.967948,-0.6328358,-2.042666,-36.2335,-52.65453
22190.,32.35593,-2.223044,-1.970183,-0.6350923,-2.044907,-36.23543,-52.65636
22200.,32.35442,-2.225284,-1.972415,-0.6373464,-2.047146,-36.23736,-52.65818
22210.,32.35291,-2.227523,-1.974645,-0.6395982,-2.049383,-36.23928,-52.66
22220.,32.35141,-2.229759,-1.976873,-0.6418477,-2.051617,-36.24121,-52.66182
22230.,32.3499,-2.231992,-1.979098,-0.6440949,-2.05385,-36.24313,-52.66364
22240.,32.3484,-2.234224,-1.981321,-0.6463397,-2.056079,-36.24505,-52.66546
22250.,32.3469,-2.236453,-1.983542,-0.6485823,-2.058307,-36.24697,-52.66727
22260.,32.3454,-2.23868,-1.98576,-0.6508225,-2.060532,-36.24889,-52.66909
22270.,32.3439,-2.240904,-1.987977,-0.6530604,-2.062755,-36.2508,-52.6709
22280.,32.34241,-2.243127,-1.990191,-0.655296,-2.064976,-36.25271,-52.6727
22290.,32.34091,-2.245347,-1.992402,-0.6575293,-2.067194,-36.25462,-52.67451
22300.,32.33942,-2.247564,-1.994612,-0.6597603,-2.06941,-36.25653,-52.67632
22310.,32.33793,-2.24978,-1.996819,-0.661989,-2.071624,-36.25844,-52.67812
22320.,32.33644,-2.251993,-1.999023,-0.6642154,-2.073835,-36.26034,-52.67992
22330.,32.33495,-2.254204,-2.001226,-0.6664395,-2.076044,-36.26225,-52.68172
22340.,32.33346,-2.256412,-2.003426,-0.6686613,-2.078251,-36.26415,-52.68352
22350.,32.33198,-2.258618,-2.005624,-0.6708808,-2.080456,-36.26605,-52.68531
22360.,32.33049,-2.260822,-2.00782,-0.673098,-2.082658,-36.26794,-52.68711
22370.,32.32901,-2.263024,-2.010013,-0.675313,-2.084858,-36.26984,-52.6889
22380.,32.32753,-2.265223,-2.012205,-0.6775256,-2.087056,-36.27173,-52.69069
22390.,32.32605,-2.267421,-2.014394,-0.679736,-2.089252,-36.27362,-52.69248
22400.,32.32457,-2.269615,-2.01658,-0.6819441,-2.091445,-36.27551,-52.69427
22410.,32.32309,-2.271808,-2.018765,-0.6841499,-2.093636,-36.2774,-52.69605
22420.,32.32162,-2.273998,-2.020947,-0.6863534,-2.095825,-36.27928,-52.69783
22430.,32.32015,-2.276187,-2.023127,-0.6885547,-2.098011,-36.28117,-52.69961
22440.,32.31868,-2.278372,-2.025305,-0.6907537,-2.100196,-36.28305,-52.70139
22450.,32.31721,-2.280556,-2.02748,-0.6929504,-2.102378,-36.28493,-52.70317
22460.,32.31574,-2.282737,-2.029653,-0.6951449,-2.104557,-36.2868,-52.70495
22470.,32.31427,-2.284916,-2.031824,-0.6973371,-2.106735,-36.28868,-52.70672
22480.,32.3128,-2.287093,-2.033993,-0.699527,-2.10891,-36.29055,-52.70849
22490.,32.31134,-2.289268,-2.036159,-0.7017147,-2.111083,-36.29242,-52.71026
22500.,32.30988,-2.29144,-2.038324,-0.7039001,-2.113254,-36.29429,-52.71203
22510.,32.30842,-2.29361,-2.040486,-0.7060833,-2.115422,-36.29616,-52.7138
22520.,32.30696,-2.295778,-2.042645,-0.7082642,-2.117589,-36.29803,-52.71556
22530.,32.3055,-2.297944,-2.044803,-0.7104429,-2.119753,-36.29989,-52.71732
22540.,32.30404,-2.300107,-2.046958,-0.7126193,-2.121915,-36.30175,-52.71909
22550.,32.30259,-2.302269,-2.049111,-0.7147935,-2.124074,-36.30361,-52.72084
22560.,32.30114,-2.304427,-2.051262,-0.7169655,-2.126232,-36.30547,-52.7226
22570.,32.29968,-2.306584,-2.053411,-0.7191352,-2.128387,-36.30733,-52.72436
22580.,32.29823,-2.308739,-2.055557,-0.7213026,-2.13054,-36.30918,-52.72611
22590.,32.29678,-2.310891,-2.057701,-0.7234679,-2.13269,-36.31103,-52.72786
22600.,32.29534,-2.313041,-2.059844,-0.7256308,-2.134839,-36.31288,-52.72961
22610.,32.29389,-2.315189,-2.061983,-0.7277916,-2.136985,-36.31473,-52.73136
22620.,32.29245,-2.317335,-2.064121,-0.7299502,-2.139129,-36.31658,-52.73311
22630.,32.29101,-2.319478,-2.066256,-0.7321065,-2.141271,-36.31842,-52.73485
22640.,32.28956,-2.321619,-2.06839,-0.7342606,-2.143411,-36.32027,-52.7366
22650.,32.28812,-2.323758,-2.070521,-0.7364124,-2.145548,-36.32211,-52.73834
22660.,32.28669,-2.325895,-2.072649,-0.7385621,-2.147684,-36.32395,-52.74008
22670.,32.28525,-2.32803,-2.074776,-0.7407095,-2.149817,-36.32578,-52.74181
22680.,32.28381,-2.330162,-2.0769,-0.7428548,-2.151947,-36.32762,-52.74355
22690.,32.28238,-2.332292,-2.079023,-0.7449978,-2.154076,-36.32945,-52.74528
22700.,32.28095,-2.33442,-2.081143,-0.7471386,-2.156203,-36.33128,-52.74702
22710.,32.27952,-2.336546,-2.083261,-0.7492772,-2.158327,-36.33311,-52.74875
22720.,32.27809,-2.33867,-2.085376,-0.7514136,-2.160449,-36.33494,-52.75047
22730.,32.27666,-2.340791,-2.08749,-0.7535478,-2.162569,-36.33677,-52.7522
22740.,32.27523,-2.34291,-2.089601,-0.7556798,-2.164686,-36.33859,-52.75393
22750.,32.27381,-2.345027,-2.09171,-0.7578096,-2.166802,-36.34041,-52.75565
22760.,32.27239,-2.347142,-2.093817,-0.7599372,-2.168915,-36.34223,-52.75737
22770.,32.27096,-2.349255,-2.095922,-0.7620626,-2.171026,-36.34405,-52.75909
22780.,32.26954,-2.351366,-2.098025,-0.7641858,-2.173135,-36.34587,-52.76081
22790.,32.26813,-2.353474,-2.100125,-0.7663068,-2.175242,-36.34768,-52.76252
22800.,32.26671,-2.35558,-2.102223,-0.7684257,-2.177347,-36.34949,-52.76424
22810.,32.26529,-2.357684,-2.104319,-0.7705423,-2.179449,-36.3513,-52.76595
22820.,32.26388,-2.359786,-2.106413,-0.7726568,-2.18155,-36.35311,-52.76766
22830.,32.26246,-2.361886,-2.108505,-0.7747691,-2.183648,-36.35492,-52.76937
22840.,32.26105,-2.363983,-2.110595,-0.7768792,-2.185744,-36.35673,-52.77108
22850.,32.25964,-2.366078,-2.112682,-0.7789872,-2.187838,-36.35853,-52.77278
22860.,32.25823,-2.368172,-2.114768,-0.781093,-2.189929,-36.36033,-52.77449
22870.,32.25683,-2.370263,-2.116851,-0.7831966,-2.192019,-36.36213,-52.77619
22880.,32.25542,-2.372352,-2.118932,-0.785298,-2.194106,-36.36393,-52.77789
22890.,32.25402,-2.374438,-2.121011,-0.7873973,-2.196191,-36.36572,-52.77959
22900.,32.25262,-2.376523,-2.123088,-0.7894944,-2.198274,-36.36752,-52.78129
22910.,32.25121,-2.378605,-2.125162,-0.7915894,-2.200355,-36.36931,-52.78298
22920.,32.24981,-2.380686,-2.127235,-0.7936822,-2.202434,-36.3711,-52.78467
22930.,32.24842,-2.382764,-2.129305,-0.7957728,-2.204511,-36.37289,-52.78637
22940.,32.24702,-2.38484,-2.131373,-0.7978613,-2.206585,-36.37467,-52.78806
22950.,32.24562,-2.386914,-2.133439,-0.7999476,-2.208657,-36.37646,-52.78974
22960.,32.24423,-2.388985,-2.135503,-0.8020318,-2.210728,-36.37824,-52.79143
22970.,32.24284,-2.391055,-2.137565,-0.8041138,-2.212796,-36.38002,-52.79311
22980.,32.24145,-2.393122,-2.139625,-0.8061937,-2.214862,-36.3818,-52.7948
22990.,32.24006,-2.395188,-2.141683,-0.8082715,-2.216925,-36.38358,-52.79648
23000.,32.23867,-2.397251,-2.143738,-0.8103471,-2.218987,-36.38536,-52.79816
23010.,32.23728,-2.399312,-2.145791,-0.8124206,-2.221047,-36.38713,-52.79984
23020.,32.2359,-2.401371,-2.147843,-0.8144919,-2.223104,-36.3889,-52.80151
23030.,32.23451,-2.403428,-2.149892,-0.8165611,-2.225159,-36.39067,-52.80319
23040.,32.23313,-2.405482,-2.151939,-0.8186282,-2.227213,-36.39244,-52.80486
23050.,32.23175,-2.407535,-2.153984,-0.8206931,-2.229264,-36.39421,-52.80653
23060.,32.23037,-2.409586,-2.156026,-0.8227559,-2.231313,-36.39597,-52.8082
23070.,32.22899,-2.411634,-2.158067,-0.8248166,-2.23336,-36.39773,-52.80986
23080.,32.22762,-2.41368,-2.160106,-0.8268752,-2.235404,-36.39949,-52.81153
23090.,32.22624,-2.415724,-2.162142,-0.8289317,-2.237447,-36.40125,-52.81319
23100.,32.22487,-2.417766,-2.164177,-0.830986,-2.239488,-36.40301,-52.81486
23110.,32.22349,-2.419806,-2.166209,-0.8330382,-2.241526,-36.40477,-52.81652
23120.,32.22212,-2.421844,-2.168239,-0.8350883,-2.243562,-36.40652,-52.81818
23130.,32.22075,-2.42388,-2.170267,-0.8371363,-2.245597,-36.40827,-52.81983
23140.,32.21939,-2.425914,-2.172293,-0.8391822,-2.247629,-36.41002,-52.82149
23150.,32.21802,-2.427945,-2.174317,-0.841226,-2.249659,-36.41177,-52.82314
23160.,32.21665,-2.429975,-2.176339,-0.8432676,-2.251687,-36.41352,-52.82479
23170.,32.21529,-2.432002,-2.178359,-0.8453072,-2.253713,-36.41526,-52.82644
23180.,32.21393,-2.434027,-2.180377,-0.8473447,-2.255737,-36.41701,-52.82809
23190.,32.21257,-2.43605,-2.182392,-0.8493801,-2.257758,-36.41875,-52.82974
23200.,32.21121,-2.438072,-2.184406,-0.8514133,-2.259778,-36.42049,-52.83138
23210.,32.20985,-2.440091,-2.186417,-0.8534445,-2.261795,-36.42222,-52.83303
23220.,32.20849,-2.442108,-2.188427,-0.8554736,-2.263811,-36.42396,-52.83467
23230.,32.20714,-2.444122,-2.190434,-0.8575006,-2.265824,-36.42569,-52.83631
23240.,32.20578,-2.446135,-2.192439,-0.8595255,-2.267836,-36.42743,-52.83795
23250.,32.20443,-2.448146,-2.194442,-0.8615484,-2.269845,-36.42916,-52.83958
23260.,32.20308,-2.450155,-2.196443,-0.8635691,-2.271852,-36.43088,-52.84122
23270.,32.20173,-2.452161,-2.198443,-0.8655878,-2.273857,-36.43261,-52.84285
23280.,32.20038,-2.454166,-2.20044,-0.8676044,-2.27586,-36.43434,-52.84448
23290.,32.19904,-2.456168,-2.202435,-0.8696189,-2.277861,-36.43606,-52.84611
23300.,32.19769,-2.458169,-2.204427,-0.8716313,-2.27986,-36.43778,-52.84774
23310.,32.19635,-2.460167,-2.206418,-0.8736417,-2.281857,-36.4395,-52.84937
23320.,32.195,-2.462163,-2.208407,-0.87565,-2.283852,-36.44122,-52.85099
23330.,32.19366,-2.464158,-2.210394,-0.8776562,-2.285845,-36.44294,-52.85262
23340.,32.19232,-2.46615,-2.212379,-0.8796604,-2.287836,-36.44465,-52.85424
23350.,32.19098,-2.46814,-2.214361,-0.8816625,-2.289824,-36.44636,-52.85586
23360.,32.18965,-2.470128,-2.216342,-0.8836625,-2.291811,-36.44807,-52.85748
23370.,32.18831,-2.472114,-2.21832,-0.8856605,-2.293795,-36.44978,-52.85909
23380.,32.18698,-2.474098,-2.220297,-0.8876564,-2.295778,-36.45149,-52.86071
23390.,32.18564,-2.47608,-2.222272,-0.8896503,-2.297758,-36.4532,-52.86232
23400.,32.18431,-2.47806,-2.224244,-0.8916421,-2.299737,-36.4549,-52.86393
23410.,32.18298,-2.480038,-2.226214,-0.8936319,-2.301713,-36.4566,-52.86554
23420.,32.18165,-2.482014,-2.228183,-0.8956196,-2.303688,-36.4583,-52.86715
23430.,32.18033,-2.483987,-2.230149,-0.8976053,-2.30566,-36.46,-52.86876
23440.,32.179,-2.485959,-2.232114,-0.899589,-2.30763,-36.4617,-52.87036
23450.,32.17768,-2.487929,-2.234076,-0.9015705,-2.309599,-36.46339,-52.87197
23460.,32.17635,-2.489897,-2.236036,-0.9035501,-2.311565,-36.46509,-52.87357
23470.,32.17503,-2.491862,-2.237995,-0.9055276,-2.313529,-36.46678,-52.87517
23480.,32.17371,-2.493826,-2.239951,-0.9075031,-2.315491,-36.46847,-52.87677
23490.,32.17239,-2.495788,-2.241905,-0.9094765,-2.317452,-36.47016,-52.87836
23500.,32.17107,-2.497747,-2.243857,-0.911448,-2.31941,-36.47184,-52.87996
23510.,32.16976,-2.499705,-2.245808,-0.9134174,-2.321366,-36.47353,-52.88155
23520.,32.16844,-2.501661,-2.247756,-0.9153847,-2.32332,-36.47521,-52.88314
23530.,32.16713,-2.503614,-2.249702,-0.9173501,-2.325272,-36.47689,-52.88473
23540.,32.16582,-2.505566,-2.251647,-0.9193134,-2.327222,-36.47857,-52.88632
23550.,32.1645,-2.507515,-2.253589,-0.9212747,-2.329171,-36.48025,-52.88791
23560.,32.1632,-2.509463,-2.255529,-0.9232339,-2.331117,-36.48192,-52.8895
23570.,32.16189,-2.511408,-2.257467,-0.9251912,-2.333061,-36.4836,-52.89108
23580.,32.16058,-2.513352,-2.259404,-0.9271465,-2.335003,-36.48527,-52.89266
23590.,32.15927,-2.515294,-2.261338,-0.9290997,-2.336943,-36.48694,-52.89424
23600.,32.15797,-2.517233,-2.26327,-0.9310509,-2.338881,-36.48861,-52.89582
23610.,32.15667,-2.519171,-2.2652,-0.9330001,-2.340817,-36.49028,-52.8974
23620.,32.15537,-2.521106,-2.267129,-0.9349474,-2.342752,-36.49194,-52.89897
23630.,32.15407,-2.52304,-2.269055,-0.9368926,-2.344684,-36.49361,-52.90055
23640.,32.15277,-2.524971,-2.270979,-0.9388358,-2.346614,-36.49527,-52.90212
23650.,32.15147,-2.526901,-2.272902,-0.940777,-2.348542,-36.49693,-52.90369
23660.,32.15017,-2.528829,-2.274822,-0.9427162,-2.350468,-36.49859,-52.90526
23670.,32.14888,-2.530754,-2.27674,-0.9446534,-2.352392,-36.50025,-52.90683
23680.,32.14759,-2.532678,-2.278657,-0.9465886,-2.354315,-36.5019,-52.90839
23690.,32.14629,-2.5346,-2.280571,-0.9485219,-2.356235,-36.50356,-52.90996
23700.,32.145,-2.536519,-2.282484,-0.9504531,-2.358153,-36.50521,-52.91152
23710.,32.14371,-2.538437,-2.284394,-0.9523824,-2.36007,-36.50686,-52.91308
23720.,32.14243,-2.540353,-2.286303,-0.9543097,-2.361984,-36.50851,-52.91464
23730.,32.14114,-2.542267,-2.288209,-0.956235,-2.363896,-36.51015,-52.9162
23740.,32.13985,-2.544178,-2.290114,-0.9581583,-2.365807,-36.5118,-52.91775
23750.,32.13857,-2.546088,-2.292017,-0.9600796,-2.367715,-36.51344,-52.91931
23760.,32.13729,-2.547996,-2.293918,-0.961999,-2.369622,-36.51509,-52.92086
23770.,32.13601,-2.549902,-2.295816,-0.9639164,-2.371526,-36.51673,-52.92241
23780.,32.13473,-2.551806,-2.297713,-0.9658318,-2.373429,-36.51836,-52.92396
23790.,32.13345,-2.553708,-2.299608,-0.9677452,-2.375329,-36.52,-52.92551
23800.,32.13217,-2.555608,-2.301501,-0.9696567,-2.377228,-36.52164,-52.92706
23810.,32.13089,-2.557506,-2.303392,-0.9715662,-2.379125,-36.52327,-52.9286
23820.,32.12962,-2.559402,-2.305281,-0.9734737,-2.381019,-36.5249,-52.93014
23830.,32.12835,-2.561296,-2.307168,-0.9753793,-2.382912,-36.52653,-52.93169
23840.,32.12707,-2.563189,-2.309053,-0.977283,-2.384803,-36.52816,-52.93323
23850.,32.1258,-2.565079,-2.310936,-0.9791846,-2.386692,-36.52979,-52.93477
23860.,32.12453,-2.566967,-2.312817,-0.9810843,-2.388579,-36.53141,-52.9363
23870.,32.12327,-2.568854,-2.314697,-0.9829821,-2.390464,-36.53304,-52.93784
23880.,32.122,-2.570738,-2.316574,-0.9848779,-2.392347,-36.53466,-52.93937
23890.,32.12073,-2.572621,-2.31845,-0.9867718,-2.394228,-36.53628,-52.9409
23900.,32.11947,-2.574501,-2.320323,-0.9886637,-2.396107,-36.5379,-52.94243
23910.,32.11821,-2.57638,-2.322195,-0.9905536,-2.397985,-36.53951,-52.94396
23920.,32.11695,-2.578257,-2.324064,-0.9924416,-2.39986,-36.54113,-52.94549
23930.,32.11569,-2.580132,-2.325932,-0.9943277,-2.401733,-36.54274,-52.94702
23940.,32.11443,-2.582004,-2.327798,-0.9962119,-2.403605,-36.54435,-52.94854
23950.,32.11317,-2.583875,-2.329662,-0.9980941,-2.405474,-36.54596,-52.95006
23960.,32.11191,-2.585744,-2.331524,-0.9999743,-2.407342,-36.54757,-52.95159
23970.,32.11066,-2.587612,-2.333384,-1.001853,-2.409208,-36.54918,-52.95311
23980.,32.10941,-2.589477,-2.335242,-1.003729,-2.411072,-36.55078,-52.95462
23990.,32.10815,-2.59134,-2.337098,-1.005604,-2.412934,-36.55239,-52.95614
24000.,32.1069,-2.593201,-2.338953,-1.007476,-2.414794,-36.55399,-52.95766
24010.,32.10565,-2.595061,-2.340805,-1.009347,-2.416652,-36.55559,-52.95917
24020.,32.1044,-2.596918,-2.342656,-1.011215,-2.418508,-36.55719,-52.96068
24030.,32.10316,-2.598774,-2.344504,-1.013082,-2.420362,-36.55878,-52.96219
24040.,32.10191,-2.600628,-2.346351,-1.014947,-2.422214,-36.56038,-52.9637
24050.,32.10067,-2.602479,-2.348196,-1.01681,-2.424065,-36.56197,-52.96521
24060.,32.09942,-2.604329,-2.350039,-1.018671,-2.425913,-36.56356,-52.96671
24070.,32.09818,-2.606177,-2.35188,-1.02053,-2.42776,-36.56515,-52.96822
24080.,32.09694,-2.608023,-2.353719,-1.022387,-2.429605,-36.56674,-52.96972
24090.,32.0957,-2.609868,-2.355556,-1.024243,-2.431448,-36.56833,-52.97122
24100.,32.09446,-2.61171,-2.357392,-1.026096,-2.433289,-36.56992,-52.97272
24110.,32.09323,-2.61355,-2.359225,-1.027948,-2.435128,-36.5715,-52.97422
24120.,32.09199,-2.615389,-2.361057,-1.029797,-2.436965,-36.57308,-52.97572
24130.,32.09076,-2.617226,-2.362887,-1.031645,-2.4388,-36.57466,-52.97721
24140.,32.08952,-2.61906,-2.364714,-1.033491,-2.440633,-36.57624,-52.9787
24150.,32.08829,-2.620893,-2.36654,-1.035334,-2.442465,-36.57782,-52.9802
24160.,32.08706,-2.622724,-2.368364,-1.037176,-2.444295,-36.57939,-52.98169
24170.,32.08583,-2.624553,-2.370187,-1.039017,-2.446122,-36.58097,-52.98318
24180.,32.0846,-2.62638,-2.372007,-1.040855,-2.447948,-36.58254,-52.98466
24190.,32.08338,-2.628206,-2.373825,-1.042691,-2.449772,-36.58411,-52.98615
24200.,32.08215,-2.630029,-2.375642,-1.044525,-2.451594,-36.58568,-52.98763
24210.,32.08093,-2.631851,-2.377457,-1.046358,-2.453414,-36.58725,-52.98912
24220.,32.07971,-2.63367,-2.37927,-1.048189,-2.455233,-36.58881,-52.9906
24230.,32.07848,-2.635488,-2.381081,-1.050017,-2.457049,-36.59038,-52.99208
24240.,32.07726,-2.637304,-2.38289,-1.051844,-2.458864,-36.59194,-52.99355
24250.,32.07604,-2.639118,-2.384697,-1.053669,-2.460677,-36.5935,-52.99503
24260.,32.07483,-2.640931,-2.386502,-1.055492,-2.462488,-36.59506,-52.99651
24270.,32.07361,-2.642741,-2.388306,-1.057314,-2.464297,-36.59662,-52.99798
24280.,32.0724,-2.64455,-2.390108,-1.059133,-2.466104,-36.59818,-52.99945
24290.,32.07118,-2.646356,-2.391908,-1.060951,-2.467909,-36.59973,-53.00092
24300.,32.06997,-2.648161,-2.393706,-1.062766,-2.469713,-36.60128,-53.00239
24310.,32.06876,-2.649964,-2.395502,-1.06458,-2.471514,-36.60284,-53.00386
24320.,32.06755,-2.651765,-2.397296,-1.066392,-2.473314,-36.60439,-53.00533
24330.,32.06634,-2.653564,-2.399089,-1.068202,-2.475112,-36.60593,-53.00679
24340.,32.06513,-2.655362,-2.400879,-1.07001,-2.476908,-36.60748,-53.00825
24350.,32.06392,-2.657157,-2.402668,-1.071817,-2.478702,-36.60903,-53.00971
24360.,32.06272,-2.658951,-2.404455,-1.073621,-2.480495,-36.61057,-53.01117
24370.,32.06152,-2.660743,-2.40624,-1.075424,-2.482285,-36.61211,-53.01263
24380.,32.06031,-2.662533,-2.408023,-1.077225,-2.484074,-36.61365,-53.01409
24390.,32.05911,-2.664321,-2.409805,-1.079024,-2.485861,-36.61519,-53.01555
24400.,32.05791,-2.666107,-2.411584,-1.080821,-2.487646,-36.61673,-53.017
24410.,32.05671,-2.667892,-2.413362,-1.082616,-2.489429,-36.61826,-53.01845
24420.,32.05551,-2.669675,-2.415138,-1.084409,-2.49121,-36.6198,-53.0199
24430.,32.05432,-2.671455,-2.416912,-1.086201,-2.49299,-36.62133,-53.02135
24440.,32.05312,-2.673234,-2.418685,-1.087991,-2.494768,-36.62286,-53.0228
24450.,32.05193,-2.675012,-2.420455,-1.089779,-2.496544,-36.62439,-53.02425
24460.,32.05074,-2.676787,-2.422224,-1.091565,-2.498318,-36.62592,-53.02569
24470.,32.04954,-2.678561,-2.423991,-1.093349,-2.50009,-36.62744,-53.02714
24480.,32.04835,-2.680332,-2.425756,-1.095131,-2.50186,-36.62897,-53.02858
24490.,32.04717,-2.682102,-2.427519,-1.096912,-2.503629,-36.63049,-53.03002
24500.,32.04598,-2.68387,-2.42928,-1.09869,-2.505396,-36.63201,-53.03146
24510.,32.04479,-2.685637,-2.43104,-1.100467,-2.507161,-36.63353,-53.0329
24520.,32.04361,-2.687401,-2.432798,-1.102242,-2.508924,-36.63505,-53.03433
24530.,32.04242,-2.689164,-2.434554,-1.104016,-2.510685,-36.63657,-53.03577
24540.,32.04124,-2.690924,-2.436308,-1.105787,-2.512445,-36.63808,-53.0372
24550.,32.04006,-2.692684,-2.43806,-1.107557,-2.514202,-36.6396,-53.03863
24560.,32.03888,-2.694441,-2.439811,-1.109324,-2.515958,-36.64111,-53.04006
24570.,32.0377,-2.696196,-2.44156,-1.11109,-2.517712,-36.64262,-53.04149
24580.,32.03652,-2.69795,-2.443307,-1.112855,-2.519465,-36.64413,-53.04292
24590.,32.03534,-2.699702,-2.445052,-1.114617,-2.521215,-36.64564,-53.04434
24600.,32.03417,-2.701452,-2.446795,-1.116377,-2.522964,-36.64714,-53.04577
24610.,32.03299,-2.7032,-2.448537,-1.118136,-2.524711,-36.64865,-53.04719
24620.,32.03182,-2.704946,-2.450277,-1.119893,-2.526456,-36.65015,-53.04861
24630.,32.03065,-2.706691,-2.452015,-1.121648,-2.528199,-36.65165,-53.05003
24640.,32.02948,-2.708434,-2.453751,-1.123402,-2.529941,-36.65315,-53.05145
24650.,32.02831,-2.710175,-2.455486,-1.125153,-2.531681,-36.65465,-53.05287
24660.,32.02714,-2.711914,-2.457218,-1.126903,-2.533418,-36.65615,-53.05428
24670.,32.02597,-2.713651,-2.458949,-1.128651,-2.535155,-36.65764,-53.0557
24680.,32.02481,-2.715387,-2.460678,-1.130397,-2.536889,-36.65914,-53.05711
24690.,32.02364,-2.717121,-2.462406,-1.132141,-2.538622,-36.66063,-53.05852
24700.,32.02248,-2.718853,-2.464131,-1.133884,-2.540353,-36.66212,-53.05993
24710.,32.02132,-2.720583,-2.465855,-1.135624,-2.542082,-36.66361,-53.06134
24720.,32.02016,-2.722312,-2.467577,-1.137363,-2.543809,-36.66509,-53.06275
24730.,32.019,-2.724039,-2.469297,-1.139101,-2.545534,-36.66658,-53.06415
24740.,32.01784,-2.725764,-2.471016,-1.140836,-2.547258,-36.66806,-53.06556
24750.,32.01668,-2.727487,-2.472733,-1.14257,-2.54898,-36.66955,-53.06696
24760.,32.01552,-2.729209,-2.474448,-1.144301,-2.5507,-36.67103,-53.06836
24770.,32.01437,-2.730928,-2.476161,-1.146031,-2.552419,-36.67251,-53.06976
24780.,32.01322,-2.732646,-2.477872,-1.14776,-2.554135,-36.67399,-53.07116
24790.,32.01206,-2.734362,-2.479582,-1.149486,-2.55585,-36.67546,-53.07256
24800.,32.01091,-2.736077,-2.48129,-1.151211,-2.557563,-36.67694,-53.07395
24810.,32.00976,-2.737789,-2.482996,-1.152934,-2.559275,-36.67841,-53.07535
24820.,32.00861,-2.7395,-2.484701,-1.154655,-2.560985,-36.67989,-53.07674
24830.,32.00746,-2.74121,-2.486403,-1.156375,-2.562692,-36.68136,-53.07813
24840.,32.00632,-2.742917,-2.488104,-1.158092,-2.564399,-36.68283,-53.07952
24850.,32.00517,-2.744623,-2.489804,-1.159808,-2.566103,-36.68429,-53.08091
24860.,32.00403,-2.746326,-2.491501,-1.161522,-2.567806,-36.68576,-53.0823
24870.,32.00289,-2.748029,-2.493197,-1.163235,-2.569506,-36.68722,-53.08368
24880.,32.00174,-2.749729,-2.494891,-1.164945,-2.571206,-36.68869,-53.08507
24890.,32.0006,-2.751428,-2.496583,-1.166654,-2.572903,-36.69015,-53.08645
24900.,31.99946,-2.753125,-2.498273,-1.168361,-2.574599,-36.69161,-53.08783
24910.,31.99832,-2.75482,-2.499962,-1.170067,-2.576292,-36.69307,-53.08921
24920.,31.99719,-2.756513,-2.501649,-1.17177,-2.577985,-36.69453,-53.09059
24930.,31.99605,-2.758205,-2.503334,-1.173472,-2.579675,-36.69598,-53.09196
24940.,31.99492,-2.759895,-2.505018,-1.175172,-2.581364,-36.69744,-53.09334
24950.,31.99378,-2.761583,-2.5067,-1.176871,-2.583051,-36.69889,-53.09471
24960.,31.99265,-2.763269,-2.50838,-1.178567,-2.584736,-36.70034,-53.09609
24970.,31.99152,-2.764954,-2.510058,-1.180262,-2.586419,-36.70179,-53.09746
24980.,31.99039,-2.766637,-2.511735,-1.181955,-2.588101,-36.70324,-53.09883
24990.,31.98926,-2.768318,-2.51341,-1.183647,-2.589781,-36.70468,-53.1002
25000.,31.98813,-2.769998,-2.515083,-1.185336,-2.59146,-36.70613,-53.10156
25010.,31.98701,-2.771676,-2.516755,-1.187024,-2.593136,-36.70757,-53.10293
25020.,31.98588,-2.773352,-2.518425,-1.18871,-2.594811,-36.70902,-53.10429
25030.,31.98476,-2.775026,-2.520093,-1.190395,-2.596484,-36.71046,-53.10566
25040.,31.98363,-2.776699,-2.521759,-1.192078,-2.598156,-36.7119,-53.10702
25050.,31.98251,-2.77837,-2.523424,-1.193759,-2.599825,-36.71333,-53.10838
25060.,31.98139,-2.780039,-2.525087,-1.195438,-2.601493,-36.71477,-53.10974
25070.,31.98027,-2.781707,-2.526748,-1.197115,-2.60316,-36.71621,-53.11109
25080.,31.97915,-2.783373,-2.528407,-1.198791,-2.604824,-36.71764,-53.11245
25090.,31.97804,-2.785037,-2.530065,-1.200465,-2.606487,-36.71907,-53.1138
25100.,31.97692,-2.786699,-2.531721,-1.202138,-2.608148,-36.7205,-53.11516
25110.,31.9758,-2.78836,-2.533376,-1.203809,-2.609808,-36.72193,-53.11651
25120.,31.97469,-2.790019,-2.535028,-1.205478,-2.611466,-36.72336,-53.11786
25130.,31.97358,-2.791676,-2.53668,-1.207145,-2.613122,-36.72478,-53.11921
25140.,31.97247,-2.793332,-2.538329,-1.20881,-2.614776,-36.72621,-53.12056
25150.,31.97136,-2.794986,-2.539977,-1.210474,-2.616429,-36.72763,-53.1219
25160.,31.97025,-2.796638,-2.541622,-1.212136,-2.61808,-36.72905,-53.12325
25170.,31.96914,-2.798288,-2.543267,-1.213797,-2.619729,-36.73047,-53.12459
25180.,31.96803,-2.799937,-2.544909,-1.215455,-2.621377,-36.73189,-53.12593
25190.,31.96693,-2.801584,-2.54655,-1.217113,-2.623022,-36.73331,-53.12727
25200.,31.96582,-2.80323,-2.548189,-1.218768,-2.624667,-36.73473,-53.12861
25210.,31.96472,-2.804873,-2.549827,-1.220421,-2.626309,-36.73614,-53.12995
25220.,31.96361,-2.806516,-2.551463,-1.222073,-2.62795,-36.73755,-53.13129
25230.,31.96251,-2.808156,-2.553097,-1.223724,-2.629589,-36.73897,-53.13262
25240.,31.96141,-2.809795,-2.55473,-1.225372,-2.631227,-36.74038,-53.13396
25250.,31.96031,-2.811432,-2.55636,-1.227019,-2.632862,-36.74178,-53.13529
25260.,31.95922,-2.813067,-2.557989,-1.228664,-2.634497,-36.74319,-53.13662
25270.,31.95812,-2.814701,-2.559617,-1.230308,-2.636129,-36.7446,-53.13795
25280.,31.95702,-2.816333,-2.561243,-1.231949,-2.63776,-36.746,-53.13928
25290.,31.95593,-2.817963,-2.562867,-1.23359,-2.639389,-36.7474,-53.14061
25300.,31.95484,-2.819591,-2.564489,-1.235228,-2.641016,-36.74881,-53.14193
25310.,31.95374,-2.821218,-2.56611,-1.236865,-2.642642,-36.75021,-53.14326
25320.,31.95265,-2.822844,-2.567729,-1.2385,-2.644266,-36.7516,-53.14458
25330.,31.95156,-2.824467,-2.569347,-1.240133,-2.645888,-36.753,-53.1459
25340.,31.95048,-2.826089,-2.570963,-1.241765,-2.647509,-36.7544,-53.14722
25350.,31.94939,-2.82771,-2.572577,-1.243395,-2.649128,-36.75579,-53.14854
25360.,31.9483,-2.829328,-2.574189,-1.245023,-2.650746,-36.75718,-53.14986
25370.,31.94722,-2.830945,-2.5758,-1.24665,-2.652362,-36.75858,-53.15117
25380.,31.94613,-2.832561,-2.577409,-1.248275,-2.653976,-36.75997,-53.15249
25390.,31.94505,-2.834174,-2.579017,-1.249898,-2.655588,-36.76135,-53.1538
25400.,31.94397,-2.835786,-2.580623,-1.25152,-2.657199,-36.76274,-53.15511
25410.,31.94289,-2.837397,-2.582227,-1.25314,-2.658808,-36.76413,-53.15642
25420.,31.94181,-2.839005,-2.58383,-1.254759,-2.660416,-36.76551,-53.15773
25430.,31.94073,-2.840612,-2.585431,-1.256375,-2.662021,-36.76689,-53.15904
25440.,31.93965,-2.842218,-2.58703,-1.25799,-2.663626,-36.76828,-53.16035
25450.,31.93857,-2.843821,-2.588628,-1.259604,-2.665228,-36.76966,-53.16165
25460.,31.9375,-2.845424,-2.590224,-1.261215,-2.666829,-36.77103,-53.16296
25470.,31.93642,-2.847024,-2.591818,-1.262826,-2.668428,-36.77241,-53.16426
25480.,31.93535,-2.848623,-2.593411,-1.264434,-2.670026,-36.77379,-53.16556
25490.,31.93428,-2.85022,-2.595002,-1.266041,-2.671622,-36.77516,-53.16686
25500.,31.93321,-2.851816,-2.596592,-1.267646,-2.673216,-36.77654,-53.16816
25510.,31.93214,-2.853409,-2.59818,-1.269249,-2.674809,-36.77791,-53.16946
25520.,31.93107,-2.855002,-2.599766,-1.270851,-2.6764,-36.77928,-53.17075
25530.,31.93,-2.856592,-2.60135,-1.272451,-2.67799,-36.78065,-53.17205
25540.,31.92893,-2.858181,-2.602933,-1.27405,-2.679577,-36.78201,-53.17334
25550.,31.92787,-2.859769,-2.604515,-1.275647,-2.681164,-36.78338,-53.17463
25560.,31.9268,-2.861354,-2.606095,-1.277242,-2.682748,-36.78474,-53.17593
25570.,31.92574,-2.862939,-2.607673,-1.278836,-2.684331,-36.78611,-53.17722
25580.,31.92468,-2.864521,-2.609249,-1.280428,-2.685913,-36.78747,-53.1785
25590.,31.92362,-2.866102,-2.610824,-1.282018,-2.687492,-36.78883,-53.17979
25600.,31.92256,-2.867681,-2.612397,-1.283607,-2.68907,-36.79019,-53.18108
25610.,31.9215,-2.869259,-2.613969,-1.285194,-2.690647,-36.79155,-53.18236
25620.,31.92044,-2.870835,-2.615539,-1.28678,-2.692222,-36.7929,-53.18364
25630.,31.91939,-2.872409,-2.617108,-1.288364,-2.693795,-36.79426,-53.18492
25640.,31.91833,-2.873982,-2.618674,-1.289946,-2.695366,-36.79561,-53.1862
25650.,31.91728,-2.875553,-2.62024,-1.291526,-2.696936,-36.79696,-53.18748
25660.,31.91622,-2.877123,-2.621803,-1.293106,-2.698505,-36.79831,-53.18876
25670.,31.91517,-2.878691,-2.623365,-1.294683,-2.700072,-36.79966,-53.19004
25680.,31.91412,-2.880257,-2.624926,-1.296259,-2.701637,-36.80101,-53.19131
25690.,31.91307,-2.881822,-2.626485,-1.297833,-2.7032,-36.80236,-53.19259
25700.,31.91202,-2.883385,-2.628042,-1.299405,-2.704762,-36.8037,-53.19386
25710.,31.91097,-2.884947,-2.629597,-1.300976,-2.706323,-36.80504,-53.19513
25720.,31.90993,-2.886507,-2.631151,-1.302546,-2.707882,-36.80639,-53.1964
25730.,31.90888,-2.888065,-2.632704,-1.304113,-2.709439,-36.80773,-53.19767
25740.,31.90784,-2.889622,-2.634255,-1.305679,-2.710994,-36.80907,-53.19893
25750.,31.90679,-2.891177,-2.635804,-1.307244,-2.712548,-36.81041,-53.2002
25760.,31.90575,-2.89273,-2.637352,-1.308807,-2.714101,-36.81174,-53.20146
25770.,31.90471,-2.894282,-2.638898,-1.310368,-2.715652,-36.81308,-53.20273
25780.,31.90367,-2.895833,-2.640442,-1.311928,-2.717201,-36.81441,-53.20399
25790.,31.90263,-2.897381,-2.641985,-1.313486,-2.718748,-36.81575,-53.20525
25800.,31.90159,-2.898929,-2.643527,-1.315042,-2.720294,-36.81708,-53.20651
25810.,31.90055,-2.900474,-2.645066,-1.316597,-2.721839,-36.81841,-53.20777
25820.,31.89952,-2.902018,-2.646605,-1.318151,-2.723382,-36.81974,-53.20902
25830.,31.89848,-2.903561,-2.648141,-1.319702,-2.724923,-36.82106,-53.21028
25840.,31.89745,-2.905102,-2.649676,-1.321253,-2.726463,-36.82239,-53.21153
25850.,31.89642,-2.906641,-2.65121,-1.322801,-2.728001,-36.82371,-53.21279
25860.,31.89538,-2.908179,-2.652741,-1.324348,-2.729537,-36.82504,-53.21404
25870.,31.89435,-2.909715,-2.654272,-1.325893,-2.731072,-36.82636,-53.21529
25880.,31.89332,-2.911249,-2.655801,-1.327437,-2.732606,-36.82768,-53.21654
25890.,31.89229,-2.912782,-2.657328,-1.328979,-2.734138,-36.829,-53.21779
25900.,31.89127,-2.914314,-2.658853,-1.33052,-2.735668,-36.83032,-53.21903
25910.,31.89024,-2.915843,-2.660377,-1.332059,-2.737197,-36.83163,-53.22028
25920.,31.88922,-2.917372,-2.6619,-1.333597,-2.738724,-36.83295,-53.22152
25930.,31.88819,-2.918898,-2.663421,-1.335132,-2.740249,-36.83426,-53.22276
25940.,31.88717,-2.920424,-2.66494,-1.336667,-2.741773,-36.83557,-53.22401
25950.,31.88615,-2.921947,-2.666458,-1.338199,-2.743296,-36.83688,-53.22525
25960.,31.88512,-2.923469,-2.667974,-1.339731,-2.744817,-36.83819,-53.22649
25970.,31.8841,-2.92499,-2.669489,-1.34126,-2.746336,-36.8395,-53.22772
25980.,31.88309,-2.926509,-2.671002,-1.342788,-2.747854,-36.84081,-53.22896
25990.,31.88207,-2.928026,-2.672514,-1.344315,-2.74937,-36.84211,-53.23019
26000.,31.88105,-2.929542,-2.674024,-1.34584,-2.750885,-36.84342,-53.23143
26010.,31.88003,-2.931056,-2.675532,-1.347363,-2.752398,-36.84472,-53.23266
26020.,31.87902,-2.932569,-2.677039,-1.348885,-2.753909,-36.84602,-53.23389
26030.,31.87801,-2.93408,-2.678545,-1.350405,-2.755419,-36.84732,-53.23512
26040.,31.87699,-2.935589,-2.680048,-1.351924,-2.756928,-36.84862,-53.23635
26050.,31.87598,-2.937097,-2.681551,-1.353441,-2.758435,-36.84992,-53.23758
26060.,31.87497,-2.938604,-2.683052,-1.354956,-2.75994,-36.85122,-53.2388
26070.,31.87396,-2.940109,-2.684551,-1.35647,-2.761444,-36.85251,-53.24003
26080.,31.87295,-2.941612,-2.686049,-1.357983,-2.762946,-36.85381,-53.24125
26090.,31.87194,-2.943114,-2.687545,-1.359494,-2.764447,-36.8551,-53.24248
26100.,31.87094,-2.944614,-2.689039,-1.361003,-2.765946,-36.85639,-53.2437
26110.,31.86993,-2.946113,-2.690532,-1.362511,-2.767444,-36.85768,-53.24492
26120.,31.86893,-2.94761,-2.692024,-1.364017,-2.76894,-36.85897,-53.24614
26130.,31.86793,-2.949106,-2.693514,-1.365522,-2.770435,-36.86025,-53.24735
26140.,31.86692,-2.9506,-2.695003,-1.367025,-2.771928,-36.86154,-53.24857
26150.,31.86592,-2.952093,-2.69649,-1.368527,-2.773419,-36.86282,-53.24978
26160.,31.86492,-2.953584,-2.697975,-1.370027,-2.774909,-36.86411,-53.251
26170.,31.86392,-2.955074,-2.699459,-1.371525,-2.776398,-36.86539,-53.25221
26180.,31.86292,-2.956562,-2.700942,-1.373022,-2.777885,-36.86667,-53.25342
26190.,31.86193,-2.958048,-2.702422,-1.374518,-2.77937,-36.86795,-53.25463
26200.,31.86093,-2.959533,-2.703902,-1.376012,-2.780854,-36.86923,-53.25584
26210.,31.85994,-2.961017,-2.70538,-1.377504,-2.782337,-36.8705,-53.25705
26220.,31.85894,-2.962499,-2.706856,-1.378995,-2.783817,-36.87178,-53.25825
26230.,31.85795,-2.963979,-2.708331,-1.380485,-2.785297,-36.87305,-53.25946
26240.,31.85696,-2.965458,-2.709804,-1.381972,-2.786775,-36.87432,-53.26066
26250.,31.85597,-2.966936,-2.711276,-1.383459,-2.788251,-36.8756,-53.26187
26260.,31.85498,-2.968412,-2.712747,-1.384944,-2.789726,-36.87687,-53.26307
26270.,31.85399,-2.969886,-2.714215,-1.386427,-2.791199,-36.87813,-53.26427
26280.,31.853,-2.971359,-2.715683,-1.387909,-2.792671,-36.8794,-53.26547
26290.,31.85201,-2.97283,-2.717149,-1.389389,-2.794141,-36.88067,-53.26666
26300.,31.85103,-2.9743,-2.718613,-1.390868,-2.79561,-36.88193,-53.26786
26310.,31.85004,-2.975769,-2.720076,-1.392345,-2.797077,-36.8832,-53.26906
26320.,31.84906,-2.977236,-2.721537,-1.39382,-2.798543,-36.88446,-53.27025
26330.,31.84807,-2.978701,-2.722997,-1.395295,-2.800007,-36.88572,-53.27144
26340.,31.84709,-2.980165,-2.724455,-1.396767,-2.80147,-36.88698,-53.27263
26350.,31.84611,-2.981627,-2.725912,-1.398239,-2.802931,-36.88824,-53.27382
26360.,31.84513,-2.983088,-2.727367,-1.399708,-2.804391,-36.88949,-53.27501
26370.,31.84415,-2.984547,-2.728821,-1.401176,-2.80585,-36.89075,-53.2762
26380.,31.84317,-2.986005,-2.730274,-1.402643,-2.807306,-36.89201,-53.27739
26390.,31.8422,-2.987462,-2.731724,-1.404108,-2.808762,-36.89326,-53.27857
26400.,31.84122,-2.988917,-2.733174,-1.405572,-2.810215,-36.89451,-53.27976
26410.,31.84025,-2.99037,-2.734622,-1.407034,-2.811668,-36.89576,-53.28094
26420.,31.83927,-2.991822,-2.736068,-1.408495,-2.813119,-36.89701,-53.28212
26430.,31.8383,-2.993272,-2.737513,-1.409954,-2.814568,-36.89826,-53.2833
26440.,31.83733,-2.994721,-2.738956,-1.411411,-2.816016,-36.89951,-53.28448
26450.,31.83636,-2.996169,-2.740398,-1.412868,-2.817462,-36.90075,-53.28566
26460.,31.83539,-2.997615,-2.741839,-1.414322,-2.818907,-36.90199,-53.28684
26470.,31.83442,-2.999059,-2.743278,-1.415776,-2.820351,-36.90324,-53.28801
26480.,31.83345,-3.000502,-2.744716,-1.417227,-2.821793,-36.90448,-53.28919
26490.,31.83249,-3.001944,-2.746152,-1.418677,-2.823233,-36.90572,-53.29036
26500.,31.83152,-3.003384,-2.747586,-1.420126,-2.824672,-36.90696,-53.29153
26510.,31.83055,-3.004823,-2.749019,-1.421573,-2.82611,-36.9082,-53.2927
26520.,31.82959,-3.00626,-2.750451,-1.423019,-2.827546,-36.90943,-53.29387
26530.,31.82863,-3.007695,-2.751881,-1.424464,-2.82898,-36.91067,-53.29504
26540.,31.82767,-3.00913,-2.75331,-1.425906,-2.830413,-36.9119,-53.29621
26550.,31.82671,-3.010562,-2.754737,-1.427348,-2.831845,-36.91314,-53.29738
26560.,31.82575,-3.011994,-2.756163,-1.428788,-2.833275,-36.91437,-53.29854
26570.,31.82479,-3.013423,-2.757588,-1.430226,-2.834704,-36.9156,-53.29971
26580.,31.82383,-3.014852,-2.75901,-1.431663,-2.836131,-36.91683,-53.30087
26590.,31.82287,-3.016279,-2.760432,-1.433098,-2.837557,-36.91805,-53.30203
26600.,31.82192,-3.017704,-2.761852,-1.434532,-2.838981,-36.91928,-53.30319
26610.,31.82096,-3.019128,-2.76327,-1.435965,-2.840404,-36.92051,-53.30435
26620.,31.82001,-3.02055,-2.764687,-1.437396,-2.841825,-36.92173,-53.30551
26630.,31.81906,-3.021971,-2.766103,-1.438825,-2.843245,-36.92295,-53.30666
26640.,31.8181,-3.023391,-2.767517,-1.440253,-2.844664,-36.92417,-53.30782
26650.,31.81715,-3.024809,-2.76893,-1.44168,-2.846081,-36.92539,-53.30897
26660.,31.8162,-3.026226,-2.770341,-1.443105,-2.847497,-36.92661,-53.31013
26670.,31.81525,-3.027641,-2.771751,-1.444529,-2.848911,-36.92783,-53.31128
26680.,31.81431,-3.029055,-2.77316,-1.445951,-2.850324,-36.92905,-53.31243
26690.,31.81336,-3.030467,-2.774567,-1.447372,-2.851735,-36.93026,-53.31358
26700.,31.81241,-3.031878,-2.775972,-1.448792,-2.853145,-36.93148,-53.31473
26710.,31.81147,-3.033287,-2.777376,-1.450209,-2.854553,-36.93269,-53.31587
26720.,31.81052,-3.034695,-2.778779,-1.451626,-2.85596,-36.9339,-53.31702
26730.,31.80958,-3.036102,-2.78018,-1.453041,-2.857365,-36.93511,-53.31817
26740.,31.80864,-3.037507,-2.78158,-1.454454,-2.858769,-36.93632,-53.31931
26750.,31.8077,-3.038911,-2.782978,-1.455867,-2.860172,-36.93753,-53.32045
26760.,31.80676,-3.040313,-2.784375,-1.457277,-2.861573,-36.93874,-53.32159
26770.,31.80582,-3.041714,-2.78577,-1.458686,-2.862973,-36.93994,-53.32273
26780.,31.80488,-3.043113,-2.787165,-1.460094,-2.864371,-36.94115,-53.32387
26790.,31.80394,-3.044511,-2.788557,-1.461501,-2.865768,-36.94235,-53.32501
26800.,31.80301,-3.045907,-2.789948,-1.462905,-2.867164,-36.94355,-53.32615
26810.,31.80207,-3.047302,-2.791338,-1.464309,-2.868558,-36.94475,-53.32728
26820.,31.80114,-3.048696,-2.792726,-1.465711,-2.86995,-36.94595,-53.32842
26830.,31.8002,-3.050088,-2.794113,-1.467112,-2.871341,-36.94715,-53.32955
26840.,31.79927,-3.051479,-2.795499,-1.468511,-2.872731,-36.94834,-53.33068
26850.,31.79834,-3.052868,-2.796883,-1.469908,-2.87412,-36.94954,-53.33181
26860.,31.79741,-3.054256,-2.798266,-1.471305,-2.875506,-36.95073,-53.33294
26870.,31.79648,-3.055643,-2.799647,-1.4727,-2.876892,-36.95193,-53.33407
26880.,31.79555,-3.057028,-2.801027,-1.474093,-2.878276,-36.95312,-53.3352
26890.,31.79462,-3.058412,-2.802405,-1.475485,-2.879659,-36.95431,-53.33633
26900.,31.7937,-3.059794,-2.803782,-1.476876,-2.88104,-36.9555,-53.33745
26910.,31.79277,-3.061175,-2.805158,-1.478265,-2.88242,-36.95669,-53.33857
26920.,31.79184,-3.062554,-2.806532,-1.479653,-2.883798,-36.95787,-53.3397
26930.,31.79092,-3.063932,-2.807905,-1.481039,-2.885175,-36.95906,-53.34082
26940.,31.79,-3.065309,-2.809276,-1.482424,-2.886551,-36.96024,-53.34194
26950.,31.78908,-3.066684,-2.810646,-1.483807,-2.887925,-36.96143,-53.34306
26960.,31.78815,-3.068058,-2.812015,-1.485189,-2.889298,-36.96261,-53.34418
26970.,31.78723,-3.06943,-2.813382,-1.48657,-2.890669,-36.96379,-53.34529
26980.,31.78632,-3.070801,-2.814748,-1.487949,-2.892039,-36.96497,-53.34641
26990.,31.7854,-3.072171,-2.816112,-1.489327,-2.893408,-36.96615,-53.34752
27000.,31.78448,-3.073539,-2.817475,-1.490703,-2.894775,-36.96733,-53.34864
27010.,31.78356,-3.074906,-2.818837,-1.492078,-2.896141,-36.9685,-53.34975
27020.,31.78265,-3.076271,-2.820197,-1.493452,-2.897505,-36.96968,-53.35086
27030.,31.78173,-3.077635,-2.821556,-1.494824,-2.898868,-36.97085,-53.35197
27040.,31.78082,-3.078998,-2.822913,-1.496195,-2.900229,-36.97202,-53.35308
27050.,31.77991,-3.080359,-2.824269,-1.497564,-2.90159,-36.97319,-53.35419
27060.,31.779,-3.081719,-2.825624,-1.498932,-2.902948,-36.97436,-53.3553
27070.,31.77809,-3.083077,-2.826977,-1.500299,-2.904306,-36.97553,-53.3564
27080.,31.77718,-3.084434,-2.828329,-1.501664,-2.905662,-36.9767,-53.35751
27090.,31.77627,-3.08579,-2.82968,-1.503028,-2.907016,-36.97787,-53.35861
27100.,31.77536,-3.087144,-2.831029,-1.50439,-2.90837,-36.97903,-53.35971
27110.,31.77445,-3.088497,-2.832376,-1.505751,-2.909722,-36.9802,-53.36081
27120.,31.77355,-3.089849,-2.833723,-1.507111,-2.911072,-36.98136,-53.36191
27130.,31.77264,-3.091199,-2.835068,-1.508469,-2.912421,-36.98252,-53.36301
27140.,31.77174,-3.092548,-2.836411,-1.509826,-2.913769,-36.98368,-53.36411
27150.,31.77084,-3.093895,-2.837754,-1.511182,-2.915115,-36.98484,-53.36521
27160.,31.76993,-3.095241,-2.839094,-1.512536,-2.91646,-36.986,-53.3663
27170.,31.76903,-3.096585,-2.840434,-1.513888,-2.917804,-36.98716,-53.3674
27180.,31.76813,-3.097929,-2.841772,-1.51524,-2.919146,-36.98831,-53.36849
27190.,31.76723,-3.09927,-2.843109,-1.51659,-2.920487,-36.98947,-53.36958
27200.,31.76633,-3.100611,-2.844444,-1.517938,-2.921826,-36.99062,-53.37067
27210.,31.76544,-3.10195,-2.845778,-1.519285,-2.923164,-36.99177,-53.37176
27220.,31.76454,-3.103288,-2.847111,-1.520631,-2.924501,-36.99292,-53.37285
27230.,31.76364,-3.104624,-2.848442,-1.521975,-2.925836,-36.99407,-53.37394
27240.,31.76275,-3.105959,-2.849772,-1.523318,-2.92717,-36.99522,-53.37503
27250.,31.76185,-3.107293,-2.851101,-1.52466,-2.928503,-36.99637,-53.37611
27260.,31.76096,-3.108625,-2.852428,-1.526,-2.929834,-36.99752,-53.3772
27270.,31.76007,-3.109956,-2.853754,-1.527339,-2.931164,-36.99866,-53.37828
27280.,31.75918,-3.111285,-2.855078,-1.528677,-2.932493,-36.9998,-53.37936
27290.,31.75829,-3.112614,-2.856401,-1.530013,-2.93382,-37.00095,-53.38044
27300.,31.7574,-3.11394,-2.857723,-1.531348,-2.935146,-37.00209,-53.38152
27310.,31.75651,-3.115266,-2.859043,-1.532681,-2.93647,-37.00323,-53.3826
27320.,31.75562,-3.11659,-2.860363,-1.534013,-2.937793,-37.00437,-53.38368
27330.,31.75474,-3.117913,-2.86168,-1.535344,-2.939115,-37.00551,-53.38476
27340.,31.75385,-3.119234,-2.862997,-1.536673,-2.940436,-37.00664,-53.38583
27350.,31.75297,-3.120554,-2.864312,-1.538001,-2.941755,-37.00778,-53.38691
27360.,31.75208,-3.121873,-2.865625,-1.539328,-2.943072,-37.00891,-53.38798
27370.,31.7512,-3.12319,-2.866938,-1.540653,-2.944389,-37.01005,-53.38905
27380.,31.75032,-3.124506,-2.868249,-1.541977,-2.945704,-37.01118,-53.39012
27390.,31.74944,-3.125821,-2.869558,-1.5433,-2.947017,-37.01231,-53.39119
27400.,31.74856,-3.127134,-2.870867,-1.544621,-2.94833,-37.01344,-53.39226
27410.,31.74768,-3.128446,-2.872174,-1.545941,-2.949641,-37.01457,-53.39333
27420.,31.7468,-3.129757,-2.873479,-1.547259,-2.95095,-37.0157,-53.3944
27430.,31.74592,-3.131066,-2.874784,-1.548576,-2.952259,-37.01683,-53.39546
27440.,31.74505,-3.132374,-2.876087,-1.549892,-2.953566,-37.01795,-53.39653
27450.,31.74417,-3.133681,-2.877388,-1.551207,-2.954871,-37.01907,-53.39759
27460.,31.74329,-3.134986,-2.878688,-1.55252,-2.956175,-37.0202,-53.39865
27470.,31.74242,-3.13629,-2.879987,-1.553832,-2.957478,-37.02132,-53.39972
27480.,31.74155,-3.137592,-2.881285,-1.555142,-2.95878,-37.02244,-53.40078
27490.,31.74068,-3.138894,-2.882581,-1.556451,-2.96008,-37.02356,-53.40184
27500.,31.7398,-3.140194,-2.883876,-1.557759,-2.961379,-37.02468,-53.40289
27510.,31.73893,-3.141492,-2.88517,-1.559065,-2.962677,-37.0258,-53.40395
27520.,31.73807,-3.14279,-2.886462,-1.56037,-2.963973,-37.02691,-53.40501
27530.,31.7372,-3.144085,-2.887754,-1.561674,-2.965268,-37.02803,-53.40606
27540.,31.73633,-3.14538,-2.889043,-1.562977,-2.966562,-37.02914,-53.40712
27550.,31.73546,-3.146673,-2.890332,-1.564278,-2.967854,-37.03025,-53.40817
27560.,31.7346,-3.147965,-2.891619,-1.565577,-2.969145,-37.03137,-53.40922
27570.,31.73373,-3.149256,-2.892904,-1.566876,-2.970435,-37.03248,-53.41027
27580.,31.73287,-3.150545,-2.894189,-1.568173,-2.971723,-37.03359,-53.41132
27590.,31.732,-3.151833,-2.895472,-1.569469,-2.97301,-37.03469,-53.41237
27600.,31.73114,-3.15312,-2.896754,-1.570763,-2.974296,-37.0358,-53.41342
27610.,31.73028,-3.154406,-2.898034,-1.572056,-2.975581,-37.03691,-53.41446
27620.,31.72942,-3.15569,-2.899314,-1.573348,-2.976864,-37.03801,-53.41551
27630.,31.72856,-3.156972,-2.900591,-1.574639,-2.978146,-37.03912,-53.41655
27640.,31.7277,-3.158254,-2.901868,-1.575928,-2.979426,-37.04022,-53.41759
27650.,31.72684,-3.159534,-2.903143,-1.577216,-2.980705,-37.04132,-53.41864
27660.,31.72599,-3.160813,-2.904417,-1.578502,-2.981983,-37.04242,-53.41968
27670.,31.72513,-3.16209,-2.90569,-1.579787,-2.98326,-37.04352,-53.42072
27680.,31.72428,-3.163367,-2.906961,-1.581071,-2.984535,-37.04462,-53.42176
27690.,31.72342,-3.164642,-2.908231,-1.582354,-2.985809,-37.04572,-53.42279
27700.,31.72257,-3.165915,-2.9095,-1.583635,-2.987082,-37.04681,-53.42383
27710.,31.72172,-3.167187,-2.910768,-1.584915,-2.988353,-37.04791,-53.42487
27720.,31.72086,-3.168458,-2.912034,-1.586194,-2.989623,-37.049,-53.4259
27730.,31.72001,-3.169728,-2.913299,-1.587471,-2.990892,-37.05009,-53.42693
27740.,31.71916,-3.170997,-2.914562,-1.588747,-2.992159,-37.05118,-53.42797
27750.,31.71832,-3.172264,-2.915825,-1.590022,-2.993425,-37.05227,-53.429
27760.,31.71747,-3.17353,-2.917086,-1.591295,-2.99469,-37.05336,-53.43003
27770.,31.71662,-3.174794,-2.918345,-1.592568,-2.995954,-37.05445,-53.43106
27780.,31.71577,-3.176057,-2.919604,-1.593838,-2.997216,-37.05554,-53.43209
27790.,31.71493,-3.177319,-2.920861,-1.595108,-2.998477,-37.05662,-53.43311
27800.,31.71408,-3.17858,-2.922117,-1.596376,-2.999737,-37.05771,-53.43414
27810.,31.71324,-3.179839,-2.923371,-1.597643,-3.000995,-37.05879,-53.43516
27820.,31.7124,-3.181097,-2.924625,-1.598909,-3.002252,-37.05987,-53.43619
27830.,31.71155,-3.182354,-2.925877,-1.600173,-3.003508,-37.06096,-53.43721
27840.,31.71071,-3.18361,-2.927127,-1.601436,-3.004763,-37.06204,-53.43823
27850.,31.70987,-3.184864,-2.928377,-1.602698,-3.006016,-37.06312,-53.43925
27860.,31.70903,-3.186117,-2.929625,-1.603958,-3.007268,-37.06419,-53.44027
27870.,31.7082,-3.187369,-2.930872,-1.605218,-3.008519,-37.06527,-53.44129
27880.,31.70736,-3.188619,-2.932118,-1.606476,-3.009768,-37.06635,-53.44231
27890.,31.70652,-3.189868,-2.933362,-1.607732,-3.011016,-37.06742,-53.44333
27900.,31.70568,-3.191116,-2.934605,-1.608987,-3.012263,-37.06849,-53.44434
27910.,31.70485,-3.192362,-2.935847,-1.610242,-3.013509,-37.06957,-53.44536
27920.,31.70402,-3.193608,-2.937087,-1.611494,-3.014753,-37.07064,-53.44637
27930.,31.70318,-3.194852,-2.938327,-1.612746,-3.015996,-37.07171,-53.44738
27940.,31.70235,-3.196094,-2.939565,-1.613996,-3.017238,-37.07278,-53.4484
27950.,31.70152,-3.197336,-2.940801,-1.615245,-3.018479,-37.07385,-53.44941
27960.,31.70069,-3.198576,-2.942037,-1.616493,-3.019718,-37.07491,-53.45042
27970.,31.69986,-3.199815,-2.943271,-1.617739,-3.020956,-37.07598,-53.45142
27980.,31.69903,-3.201053,-2.944504,-1.618984,-3.022193,-37.07704,-53.45243
27990.,31.6982,-3.202289,-2.945736,-1.620228,-3.023428,-37.07811,-53.45344
28000.,31.69737,-3.203524,-2.946966,-1.621471,-3.024662,-37.07917,-53.45444
28010.,31.69655,-3.204758,-2.948195,-1.622712,-3.025895,-37.08023,-53.45545
28020.,31.69572,-3.205991,-2.949423,-1.623952,-3.027127,-37.08129,-53.45645
28030.,31.69489,-3.207222,-2.95065,-1.625191,-3.028357,-37.08235,-53.45745
28040.,31.69407,-3.208452,-2.951875,-1.626428,-3.029587,-37.08341,-53.45845
28050.,31.69325,-3.209681,-2.953099,-1.627664,-3.030815,-37.08447,-53.45945
28060.,31.69243,-3.210909,-2.954322,-1.628899,-3.032041,-37.08553,-53.46045
28070.,31.6916,-3.212135,-2.955544,-1.630133,-3.033267,-37.08658,-53.46145
28080.,31.69078,-3.21336,-2.956764,-1.631365,-3.034491,-37.08763,-53.46245
28090.,31.68996,-3.214584,-2.957984,-1.632597,-3.035714,-37.08869,-53.46345
28100.,31.68914,-3.215806,-2.959201,-1.633827,-3.036935,-37.08974,-53.46444
28110.,31.68833,-3.217028,-2.960418,-1.635055,-3.038156,-37.09079,-53.46543
28120.,31.68751,-3.218248,-2.961634,-1.636283,-3.039375,-37.09184,-53.46643
28130.,31.68669,-3.219467,-2.962848,-1.637509,-3.040593,-37.09289,-53.46742
28140.,31.68588,-3.220684,-2.964061,-1.638734,-3.04181,-37.09394,-53.46841
28150.,31.68506,-3.221901,-2.965272,-1.639957,-3.043025,-37.09498,-53.4694
28160.,31.68425,-3.223116,-2.966483,-1.64118,-3.044239,-37.09603,-53.47039
28170.,31.68343,-3.224329,-2.967692,-1.642401,-3.045452,-37.09707,-53.47138
28180.,31.68262,-3.225542,-2.9689,-1.643621,-3.046664,-37.09812,-53.47236
28190.,31.68181,-3.226753,-2.970107,-1.64484,-3.047874,-37.09916,-53.47335
28200.,31.681,-3.227964,-2.971312,-1.646057,-3.049083,-37.1002,-53.47434
28210.,31.68019,-3.229173,-2.972517,-1.647273,-3.050291,-37.10124,-53.47532
28220.,31.67938,-3.23038,-2.97372,-1.648488,-3.051498,-37.10228,-53.4763
28230.,31.67857,-3.231587,-2.974922,-1.649702,-3.052704,-37.10332,-53.47729
28240.,31.67777,-3.232792,-2.976122,-1.650914,-3.053908,-37.10435,-53.47827
28250.,31.67696,-3.233996,-2.977322,-1.652125,-3.055111,-37.10539,-53.47925
28260.,31.67615,-3.235199,-2.97852,-1.653335,-3.056313,-37.10643,-53.48023
28270.,31.67535,-3.2364,-2.979717,-1.654544,-3.057514,-37.10746,-53.4812
28280.,31.67455,-3.2376,-2.980912,-1.655752,-3.058713,-37.10849,-53.48218
28290.,31.67374,-3.238799,-2.982107,-1.656958,-3.059911,-37.10952,-53.48316
28300.,31.67294,-3.239997,-2.9833,-1.658163,-3.061108,-37.11055,-53.48413
28310.,31.67214,-3.241194,-2.984492,-1.659367,-3.062304,-37.11158,-53.48511
28320.,31.67134,-3.242389,-2.985683,-1.660569,-3.063498,-37.11261,-53.48608
28330.,31.67054,-3.243583,-2.986873,-1.661771,-3.064691,-37.11364,-53.48705
28340.,31.66974,-3.244776,-2.988061,-1.662971,-3.065884,-37.11467,-53.48802
28350.,31.66894,-3.245968,-2.989248,-1.66417,-3.067074,-37.11569,-53.48899
28360.,31.66814,-3.247159,-2.990434,-1.665367,-3.068264,-37.11672,-53.48996
28370.,31.66735,-3.248348,-2.991619,-1.666564,-3.069452,-37.11774,-53.49093
28380.,31.66655,-3.249536,-2.992803,-1.667759,-3.07064,-37.11876,-53.4919
28390.,31.66576,-3.250723,-2.993985,-1.668953,-3.071826,-37.11978,-53.49286
28400.,31.66496,-3.251908,-2.995166,-1.670146,-3.07301,-37.1208,-53.49383
28410.,31.66417,-3.253093,-2.996346,-1.671337,-3.074194,-37.12182,-53.49479
28420.,31.66338,-3.254276,-2.997525,-1.672528,-3.075376,-37.12284,-53.49575
28430.,31.66259,-3.255458,-2.998702,-1.673717,-3.076557,-37.12386,-53.49672
28440.,31.66179,-3.256639,-2.999879,-1.674905,-3.077737,-37.12487,-53.49768
28450.,31.661,-3.257819,-3.001054,-1.676092,-3.078916,-37.12589,-53.49864
28460.,31.66022,-3.258997,-3.002228,-1.677277,-3.080093,-37.1269,-53.4996
28470.,31.65943,-3.260174,-3.0034,-1.678461,-3.08127,-37.12791,-53.50055
28480.,31.65864,-3.26135,-3.004572,-1.679644,-3.082445,-37.12893,-53.50151
28490.,31.65785,-3.262525,-3.005742,-1.680826,-3.083619,-37.12994,-53.50247
28500.,31.65707,-3.263699,-3.006911,-1.682007,-3.084792,-37.13095,-53.50342
28510.,31.65628,-3.264871,-3.008079,-1.683186,-3.085963,-37.13196,-53.50438
28520.,31.6555,-3.266042,-3.009246,-1.684365,-3.087133,-37.13296,-53.50533
28530.,31.65471,-3.267212,-3.010411,-1.685542,-3.088303,-37.13397,-53.50628
28540.,31.65393,-3.268381,-3.011576,-1.686718,-3.08947,-37.13498,-53.50723
28550.,31.65315,-3.269549,-3.012739,-1.687892,-3.090637,-37.13598,-53.50819
28560.,31.65237,-3.270715,-3.013901,-1.689066,-3.091803,-37.13698,-53.50913
28570.,31.65159,-3.27188,-3.015062,-1.690238,-3.092967,-37.13799,-53.51008
28580.,31.65081,-3.273044,-3.016221,-1.691409,-3.09413,-37.13899,-53.51103
28590.,31.65003,-3.274207,-3.01738,-1.692579,-3.095292,-37.13999,-53.51198
28600.,31.64925,-3.275369,-3.018537,-1.693747,-3.096453,-37.14099,-53.51292
28610.,31.64847,-3.276529,-3.019693,-1.694915,-3.097613,-37.14199,-53.51387
28620.,31.6477,-3.277689,-3.020848,-1.696081,-3.098771,-37.14298,-53.51481
28630.,31.64692,-3.278847,-3.022002,-1.697246,-3.099928,-37.14398,-53.51575
28640.,31.64615,-3.280004,-3.023154,-1.69841,-3.101084,-37.14498,-53.5167
28650.,31.64537,-3.281159,-3.024306,-1.699573,-3.102239,-37.14597,-53.51764
28660.,31.6446,-3.282314,-3.025456,-1.700734,-3.103393,-37.14696,-53.51858
28670.,31.64383,-3.283467,-3.026605,-1.701895,-3.104545,-37.14796,-53.51951
28680.,31.64306,-3.28462,-3.027752,-1.703054,-3.105697,-37.14895,-53.52045
28690.,31.64229,-3.285771,-3.028899,-1.704212,-3.106847,-37.14994,-53.52139
28700.,31.64152,-3.28692,-3.030045,-1.705369,-3.107996,-37.15093,-53.52233
28710.,31.64075,-3.288069,-3.031189,-1.706524,-3.109144,-37.15192,-53.52326
28720.,31.63998,-3.289217,-3.032332,-1.707679,-3.11029,-37.1529,-53.52419
28730.,31.63921,-3.290363,-3.033474,-1.708832,-3.111436,-37.15389,-53.52513
28740.,31.63844,-3.291508,-3.034615,-1.709984,-3.11258,-37.15488,-53.52606
28750.,31.63768,-3.292652,-3.035754,-1.711135,-3.113723,-37.15586,-53.52699
28760.,31.63691,-3.293795,-3.036893,-1.712284,-3.114865,-37.15684,-53.52792
28770.,31.63615,-3.294937,-3.03803,-1.713433,-3.116006,-37.15783,-53.52885
28780.,31.63539,-3.296077,-3.039166,-1.71458,-3.117146,-37.15881,-53.52978
28790.,31.63462,-3.297217,-3.040301,-1.715727,-3.118284,-37.15979,-53.53071
28800.,31.63386,-3.298355,-3.041435,-1.716872,-3.119422,-37.16077,-53.53163
28810.,31.6331,-3.299492,-3.042568,-1.718015,-3.120558,-37.16174,-53.53256
28820.,31.63234,-3.300628,-3.043699,-1.719158,-3.121693,-37.16272,-53.53348
28830.,31.63158,-3.301762,-3.04483,-1.7203,-3.122827,-37.1637,-53.53441
28840.,31.63082,-3.302896,-3.045959,-1.72144,-3.123959,-37.16467,-53.53533
28850.,31.63006,-3.304028,-3.047087,-1.722579,-3.125091,-37.16565,-53.53625
28860.,31.6293,-3.305159,-3.048214,-1.723717,-3.126221,-37.16662,-53.53717
28870.,31.62855,-3.306289,-3.04934,-1.724854,-3.12735,-37.16759,-53.53809
28880.,31.62779,-3.307418,-3.050464,-1.72599,-3.128478,-37.16856,-53.53901
28890.,31.62704,-3.308546,-3.051588,-1.727124,-3.129605,-37.16954,-53.53993
28900.,31.62628,-3.309673,-3.05271,-1.728258,-3.130731,-37.1705,-53.54085
28910.,31.62553,-3.310798,-3.053831,-1.72939,-3.131856,-37.17147,-53.54176
28920.,31.62478,-3.311922,-3.054951,-1.730521,-3.132979,-37.17244,-53.54268
28930.,31.62402,-3.313046,-3.05607,-1.731651,-3.134101,-37.17341,-53.54359
28940.,31.62327,-3.314168,-3.057188,-1.73278,-3.135223,-37.17437,-53.5445
28950.,31.62252,-3.315289,-3.058304,-1.733907,-3.136343,-37.17534,-53.54542
28960.,31.62177,-3.316408,-3.05942,-1.735034,-3.137462,-37.1763,-53.54633
28970.,31.62102,-3.317527,-3.060534,-1.736159,-3.138579,-37.17726,-53.54724
28980.,31.62028,-3.318644,-3.061647,-1.737283,-3.139696,-37.17822,-53.54815
28990.,31.61953,-3.319761,-3.062759,-1.738406,-3.140811,-37.17918,-53.54906
29000.,31.61878,-3.320876,-3.06387,-1.739528,-3.141926,-37.18014,-53.54996
29010.,31.61804,-3.32199,-3.06498,-1.740649,-3.143039,-37.1811,-53.55087
29020.,31.61729,-3.323103,-3.066089,-1.741768,-3.144151,-37.18206,-53.55178
29030.,31.61655,-3.324214,-3.067196,-1.742887,-3.145262,-37.18302,-53.55268
29040.,31.6158,-3.325325,-3.068303,-1.744004,-3.146372,-37.18397,-53.55359
29050.,31.61506,-3.326434,-3.069408,-1.74512,-3.14748,-37.18493,-53.55449
29060.,31.61432,-3.327543,-3.070512,-1.746235,-3.148588,-37.18588,-53.55539
29070.,31.61358,-3.32865,-3.071615,-1.747349,-3.149694,-37.18683,-53.55629
29080.,31.61284,-3.329756,-3.072717,-1.748462,-3.150799,-37.18778,-53.55719
29090.,31.6121,-3.330861,-3.073818,-1.749574,-3.151904,-37.18874,-53.55809
29100.,31.61136,-3.331965,-3.074917,-1.750684,-3.153006,-37.18968,-53.55899
29110.,31.61062,-3.333068,-3.076016,-1.751793,-3.154108,-37.19063,-53.55989
29120.,31.60988,-3.334169,-3.077113,-1.752902,-3.155209,-37.19158,-53.56078
29130.,31.60915,-3.33527,-3.078209,-1.754009,-3.156309,-37.19253,-53.56168
29140.,31.60841,-3.336369,-3.079304,-1.755115,-3.157407,-37.19347,-53.56258
29150.,31.60767,-3.337467,-3.080398,-1.756219,-3.158505,-37.19442,-53.56347
29160.,31.60694,-3.338564,-3.081491,-1.757323,-3.159601,-37.19536,-53.56436
29170.,31.60621,-3.33966,-3.082583,-1.758426,-3.160696,-37.19631,-53.56525
29180.,31.60547,-3.340755,-3.083674,-1.759527,-3.16179,-37.19725,-53.56615
29190.,31.60474,-3.341849,-3.084763,-1.760627,-3.162883,-37.19819,-53.56704
29200.,31.60401,-3.342941,-3.085852,-1.761727,-3.163975,-37.19913,-53.56793
29210.,31.60328,-3.344033,-3.086939,-1.762825,-3.165065,-37.20007,-53.56881
29220.,31.60255,-3.345123,-3.088025,-1.763922,-3.166155,-37.20101,-53.5697
29230.,31.60182,-3.346213,-3.089111,-1.765017,-3.167243,-37.20194,-53.57059
29240.,31.60109,-3.347301,-3.090195,-1.766112,-3.168331,-37.20288,-53.57147
29250.,31.60036,-3.348388,-3.091277,-1.767206,-3.169417,-37.20382,-53.57236
29260.,31.59964,-3.349474,-3.092359,-1.768298,-3.170502,-37.20475,-53.57324
29270.,31.59891,-3.350559,-3.09344,-1.76939,-3.171586,-37.20568,-53.57413
29280.,31.59819,-3.351642,-3.09452,-1.77048,-3.172669,-37.20662,-53.57501
29290.,31.59746,-3.352725,-3.095598,-1.771569,-3.173751,-37.20755,-53.57589
29300.,31.59674,-3.353806,-3.096675,-1.772657,-3.174832,-37.20848,-53.57677
29310.,31.59601,-3.354887,-3.097752,-1.773744,-3.175911,-37.20941,-53.57765
29320.,31.59529,-3.355966,-3.098827,-1.77483,-3.17699,-37.21034,-53.57853
29330.,31.59457,-3.357044,-3.099901,-1.775914,-3.178067,-37.21126,-53.5794
29340.,31.59385,-3.358121,-3.100974,-1.776998,-3.179143,-37.21219,-53.58028
29350.,31.59313,-3.359197,-3.102046,-1.77808,-3.180219,-37.21312,-53.58116
29360.,31.59241,-3.360272,-3.103117,-1.779162,-3.181293,-37.21404,-53.58203
29370.,31.59169,-3.361346,-3.104186,-1.780242,-3.182366,-37.21496,-53.58291
29380.,31.59097,-3.362419,-3.105255,-1.781321,-3.183438,-37.21589,-53.58378
29390.,31.59025,-3.363491,-3.106323,-1.782399,-3.184508,-37.21681,-53.58465
29400.,31.58954,-3.364561,-3.107389,-1.783476,-3.185578,-37.21773,-53.58552
29410.,31.58882,-3.365631,-3.108454,-1.784552,-3.186647,-37.21865,-53.58639
29420.,31.58811,-3.366699,-3.109519,-1.785627,-3.187714,-37.21957,-53.58726
29430.,31.58739,-3.367766,-3.110582,-1.786701,-3.188781,-37.22049,-53.58813
29440.,31.58668,-3.368832,-3.111644,-1.787773,-3.189846,-37.22141,-53.589
29450.,31.58597,-3.369897,-3.112705,-1.788845,-3.19091,-37.22232,-53.58987
29460.,31.58525,-3.370961,-3.113765,-1.789915,-3.191974,-37.22324,-53.59073
29470.,31.58454,-3.372024,-3.114824,-1.790984,-3.193036,-37.22415,-53.5916
29480.,31.58383,-3.373086,-3.115881,-1.792053,-3.194097,-37.22507,-53.59246
29490.,31.58312,-3.374147,-3.116938,-1.79312,-3.195157,-37.22598,-53.59333
29500.,31.58241,-3.375206,-3.117994,-1.794186,-3.196216,-37.22689,-53.59419
29510.,31.5817,-3.376265,-3.119048,-1.795251,-3.197273,-37.2278,-53.59505
29520.,31.581,-3.377323,-3.120102,-1.796315,-3.19833,-37.22871,-53.59591
29530.,31.58029,-3.378379,-3.121154,-1.797377,-3.199386,-37.22962,-53.59677
29540.,31.57958,-3.379434,-3.122205,-1.798439,-3.20044,-37.23053,-53.59763
29550.,31.57888,-3.380489,-3.123256,-1.7995,-3.201494,-37.23143,-53.59849
29560.,31.57817,-3.381542,-3.124305,-1.800559,-3.202546,-37.23234,-53.59934
29570.,31.57747,-3.382594,-3.125353,-1.801618,-3.203597,-37.23325,-53.6002
29580.,31.57677,-3.383645,-3.1264,-1.802675,-3.204648,-37.23415,-53.60106
29590.,31.57606,-3.384695,-3.127446,-1.803731,-3.205697,-37.23505,-53.60191
29600.,31.57536,-3.385744,-3.128491,-1.804787,-3.206745,-37.23596,-53.60277
29610.,31.57466,-3.386792,-3.129535,-1.805841,-3.207792,-37.23686,-53.60362
29620.,31.57396,-3.387838,-3.130577,-1.806894,-3.208838,-37.23776,-53.60447
29630.,31.57326,-3.388884,-3.131619,-1.807946,-3.209883,-37.23866,-53.60532
29640.,31.57256,-3.389929,-3.13266,-1.808997,-3.210927,-37.23956,-53.60617
29650.,31.57186,-3.390972,-3.133699,-1.810046,-3.211969,-37.24046,-53.60702
29660.,31.57116,-3.392015,-3.134738,-1.811095,-3.213011,-37.24135,-53.60787
29670.,31.57047,-3.393056,-3.135775,-1.812143,-3.214052,-37.24225,-53.60872
29680.,31.56977,-3.394097,-3.136812,-1.81319,-3.215091,-37.24314,-53.60956
29690.,31.56908,-3.395136,-3.137847,-1.814235,-3.21613,-37.24404,-53.61041
29700.,31.56838,-3.396174,-3.138881,-1.81528,-3.217167,-37.24493,-53.61126
29710.,31.56769,-3.397211,-3.139915,-1.816323,-3.218204,-37.24582,-53.6121
29720.,31.56699,-3.398247,-3.140947,-1.817365,-3.219239,-37.24671,-53.61294
29730.,31.5663,-3.399283,-3.141978,-1.818407,-3.220273,-37.24761,-53.61379
29740.,31.56561,-3.400317,-3.143008,-1.819447,-3.221307,-37.24849,-53.61463
29750.,31.56492,-3.40135,-3.144037,-1.820486,-3.222339,-37.24938,-53.61547
29760.,31.56423,-3.402381,-3.145065,-1.821524,-3.22337,-37.25027,-53.61631
29770.,31.56354,-3.403412,-3.146092,-1.822561,-3.2244,-37.25116,-53.61715
29780.,31.56285,-3.404442,-3.147118,-1.823597,-3.225429,-37.25204,-53.61799
29790.,31.56216,-3.405471,-3.148142,-1.824632,-3.226457,-37.25293,-53.61882
29800.,31.56147,-3.406499,-3.149166,-1.825666,-3.227484,-37.25381,-53.61966
29810.,31.56078,-3.407525,-3.150189,-1.826699,-3.22851,-37.2547,-53.62049
29820.,31.5601,-3.408551,-3.151211,-1.827731,-3.229535,-37.25558,-53.62133
29830.,31.55941,-3.409575,-3.152231,-1.828761,-3.230558,-37.25646,-53.62216
29840.,31.55873,-3.410599,-3.153251,-1.829791,-3.231581,-37.25734,-53.623
29850.,31.55804,-3.411621,-3.15427,-1.83082,-3.232603,-37.25822,-53.62383
29860.,31.55736,-3.412643,-3.155287,-1.831847,-3.233624,-37.2591,-53.62466
29870.,31.55668,-3.413663,-3.156304,-1.832874,-3.234643,-37.25998,-53.62549
29880.,31.556,-3.414683,-3.157319,-1.833899,-3.235662,-37.26086,-53.62632
29890.,31.55531,-3.415701,-3.158333,-1.834924,-3.236679,-37.26173,-53.62715
29900.,31.55463,-3.416718,-3.159347,-1.835947,-3.237696,-37.26261,-53.62798
29910.,31.55395,-3.417734,-3.160359,-1.83697,-3.238711,-37.26348,-53.6288
29920.,31.55327,-3.41875,-3.16137,-1.837991,-3.239726,-37.26435,-53.62963
29930.,31.5526,-3.419764,-3.162381,-1.839011,-3.240739,-37.26523,-53.63046
29940.,31.55192,-3.420777,-3.16339,-1.84003,-3.241752,-37.2661,-53.63128
29950.,31.55124,-3.421789,-3.164398,-1.841049,-3.242763,-37.26697,-53.63211
29960.,31.55056,-3.4228,-3.165405,-1.842066,-3.243773,-37.26784,-53.63293
29970.,31.54989,-3.42381,-3.166412,-1.843082,-3.244782,-37.26871,-53.63375
29980.,31.54921,-3.424819,-3.167417,-1.844097,-3.245791,-37.26958,-53.63457
29990.,31.54854,-3.425827,-3.168421,-1.845111,-3.246798,-37.27044,-53.63539
30000.,31.54786,-3.426834,-3.169424,-1.846124,-3.247804,-37.27131,-53.63621
30010.,31.54719,-3.42784,-3.170426,-1.847136,-3.248809,-37.27218,-53.63703
30020.,31.54652,-3.428845,-3.171427,-1.848147,-3.249813,-37.27304,-53.63785
30030.,31.54585,-3.429849,-3.172427,-1.849157,-3.250816,-37.2739,-53.63867
30040.,31.54518,-3.430852,-3.173426,-1.850166,-3.251819,-37.27477,-53.63948
30050.,31.54451,-3.431853,-3.174424,-1.851174,-3.25282,-37.27563,-53.6403
30060.,31.54384,-3.432854,-3.175421,-1.85218,-3.25382,-37.27649,-53.64111
30070.,31.54317,-3.433854,-3.176417,-1.853186,-3.254819,-37.27735,-53.64193
30080.,31.5425,-3.434853,-3.177412,-1.854191,-3.255817,-37.27821,-53.64274
30090.,31.54183,-3.435851,-3.178406,-1.855195,-3.256814,-37.27907,-53.64355
30100.,31.54116,-3.436847,-3.179399,-1.856197,-3.25781,-37.27993,-53.64436
30110.,31.5405,-3.437843,-3.180391,-1.857199,-3.258805,-37.28078,-53.64517
30120.,31.53983,-3.438838,-3.181382,-1.8582,-3.259799,-37.28164,-53.64598
30130.,31.53917,-3.439831,-3.182372,-1.8592,-3.260791,-37.28249,-53.6465
30140.,31.5385,-3.440824,-3.18336,-1.860198,-3.261783,-37.28334,-53.64726
30150.,31.53784,-3.441815,-3.184348,-1.861196,-3.262774,-37.2842,-53.64806
30160.,31.53717,-3.442806,-3.185335,-1.862193,-3.263764,-37.28505,-53.64887
30170.,31.53651,-3.443796,-3.186321,-1.863188,-3.264753,-37.2859,-53.64967
30180.,31.53585,-3.444784,-3.187306,-1.864183,-3.265741,-37.28675,-53.65048
30190.,31.53518,-3.445772,-3.188289,-1.865176,-3.266728,-37.2876,-53.65128
30200.,31.53452,-3.446758,-3.189272,-1.866169,-3.267713,-37.28844,-53.65209
30210.,31.53386,-3.447744,-3.190254,-1.867161,-3.268698,-37.28929,-53.65289
30220.,31.5332,-3.448729,-3.191235,-1.868151,-3.269682,-37.29014,-53.65369
30230.,31.53254,-3.449712,-3.192215,-1.869141,-3.270665,-37.29098,-53.65449
30240.,31.53188,-3.450695,-3.193193,-1.870129,-3.271647,-37.29182,-53.65529
30250.,31.53122,-3.451676,-3.194171,-1.871117,-3.272628,-37.29267,-53.65609
30260.,31.53057,-3.452657,-3.195148,-1.872104,-3.273607,-37.29351,-53.65689
30270.,31.52991,-3.453636,-3.196124,-1.873089,-3.274586,-37.29435,-53.65769
30280.,31.52926,-3.454615,-3.197099,-1.874074,-3.275564,-37.29519,-53.65848
30290.,31.5286,-3.455593,-3.198073,-1.875057,-3.276541,-37.29603,-53.65928
30300.,31.52795,-3.456569,-3.199045,-1.87604,-3.277517,-37.29687,-53.66008
30310.,31.52729,-3.457545,-3.200017,-1.877021,-3.278492,-37.29771,-53.66087
30320.,31.52664,-3.458519,-3.200988,-1.878002,-3.279465,-37.29855,-53.66166
30330.,31.52599,-3.459493,-3.201958,-1.878981,-3.280438,-37.29938,-53.66246
30340.,31.52533,-3.460465,-3.202927,-1.87996,-3.28141,-37.30022,-53.66325
30350.,31.52468,-3.461437,-3.203895,-1.880937,-3.282381,-37.30106,-53.66404
30360.,31.52403,-3.462408,-3.204862,-1.881914,-3.283351,-37.30189,-53.66483
30370.,31.52338,-3.463377,-3.205828,-1.88289,-3.28432,-37.30272,-53.66562
30380.,31.52273,-3.464346,-3.206793,-1.883864,-3.285288,-37.30356,-53.66641
30390.,31.52209,-3.465314,-3.207757,-1.884838,-3.286255,-37.30439,-53.6672
30400.,31.52144,-3.46628,-3.20872,-1.88581,-3.287221,-37.30522,-53.66798
30410.,31.52079,-3.467246,-3.209682,-1.886782,-3.288186,-37.30605,-53.66877
30420.,31.52014,-3.468211,-3.210643,-1.887752,-3.28915,-37.30688,-53.66956
30430.,31.5195,-3.469175,-3.211603,-1.888722,-3.290113,-37.30771,-53.67034
30440.,31.51885,-3.470137,-3.212562,-1.889691,-3.291075,-37.30853,-53.67113
30450.,31.51821,-3.471099,-3.21352,-1.890658,-3.292036,-37.30936,-53.67191
30460.,31.51757,-3.47206,-3.214477,-1.891625,-3.292996,-37.31019,-53.67269
30470.,31.51692,-3.47302,-3.215433,-1.892591,-3.293955,-37.31101,-53.67347
30480.,31.51628,-3.473979,-3.216388,-1.893555,-3.294913,-37.31183,-53.67425
30490.,31.51564,-3.474936,-3.217343,-1.894519,-3.29587,-37.31266,-53.67503
30500.,31.515,-3.475893,-3.218296,-1.895482,-3.296826,-37.31348,-53.67581
30510.,31.51436,-3.476849,-3.219248,-1.896443,-3.297782,-37.3143,-53.67659
30520.,31.51372,-3.477804,-3.220199,-1.897404,-3.298736,-37.31512,-53.67737
30530.,31.51308,-3.478758,-3.22115,-1.898364,-3.299689,-37.31594,-53.67815
30540.,31.51244,-3.479711,-3.222099,-1.899323,-3.300641,-37.31676,-53.67892
30550.,31.5118,-3.480663,-3.223047,-1.900281,-3.301593,-37.31758,-53.6797
30560.,31.51117,-3.481614,-3.223995,-1.901238,-3.302543,-37.3184,-53.68047
30570.,31.51053,-3.482564,-3.224941,-1.902193,-3.303492,-37.31921,-53.68125
30580.,31.50989,-3.483513,-3.225887,-1.903148,-3.304441,-37.32003,-53.68202
30590.,31.50926,-3.484462,-3.226831,-1.904102,-3.305388,-37.32084,-53.68279
30600.,31.50862,-3.485409,-3.227775,-1.905055,-3.306335,-37.32166,-53.68356
30610.,31.50799,-3.486355,-3.228718,-1.906007,-3.30728,-37.32247,-53.68433
30620.,31.50736,-3.4873,-3.229659,-1.906958,-3.308225,-37.32328,-53.6851
30630.,31.50672,-3.488245,-3.2306,-1.907908,-3.309168,-37.3241,-53.68587
30640.,31.50609,-3.489188,-3.23154,-1.908857,-3.310111,-37.32491,-53.68664
30650.,31.50546,-3.49013,-3.232478,-1.909805,-3.311053,-37.32572,-53.68741
30660.,31.50483,-3.491072,-3.233416,-1.910753,-3.311993,-37.32653,-53.68817
30670.,31.5042,-3.492012,-3.234353,-1.911699,-3.312933,-37.32734,-53.68894
30680.,31.50357,-3.492952,-3.235289,-1.912644,-3.313872,-37.32814,-53.68971
30690.,31.50294,-3.49389,-3.236224,-1.913588,-3.31481,-37.32895,-53.69047
30700.,31.50232,-3.494828,-3.237158,-1.914532,-3.315747,-37.32976,-53.69123
30710.,31.50169,-3.495765,-3.238091,-1.915474,-3.316683,-37.33056,-53.692
30720.,31.50106,-3.4967,-3.239023,-1.916415,-3.317618,-37.33137,-53.69276
30730.,31.50044,-3.497635,-3.239954,-1.917356,-3.318552,-37.33217,-53.69352
30740.,31.49981,-3.498569,-3.240885,-1.918295,-3.319485,-37.33297,-53.69428
30750.,31.49919,-3.499502,-3.241814,-1.919234,-3.320417,-37.33377,-53.69504
30760.,31.49856,-3.500433,-3.242742,-1.920171,-3.321348,-37.33458,-53.6958
30770.,31.49794,-3.501364,-3.24367,-1.921108,-3.322278,-37.33538,-53.69656
30780.,31.49732,-3.502294,-3.244596,-1.922043,-3.323208,-37.33618,-53.69731
30790.,31.4967,-3.503223,-3.245521,-1.922978,-3.324136,-37.33697,-53.69807
30800.,31.49607,-3.504152,-3.246446,-1.923912,-3.325063,-37.33777,-53.69883
30810.,31.49545,-3.505079,-3.24737,-1.924845,-3.32599,-37.33857,-53.69958
30820.,31.49483,-3.506005,-3.248292,-1.925776,-3.326915,-37.33937,-53.70034
30830.,31.49421,-3.50693,-3.249214,-1.926707,-3.32784,-37.34016,-53.70109
30840.,31.4936,-3.507854,-3.250135,-1.927637,-3.328763,-37.34096,-53.70184
30850.,31.49298,-3.508778,-3.251055,-1.928566,-3.329686,-37.34175,-53.70259
30860.,31.49236,-3.5097,-3.251974,-1.929494,-3.330608,-37.34254,-53.70335
30870.,31.49174,-3.510622,-3.252892,-1.930421,-3.331529,-37.34333,-53.7041
30880.,31.49113,-3.511542,-3.253809,-1.931348,-3.332449,-37.34413,-53.70485
30890.,31.49051,-3.512462,-3.254725,-1.932273,-3.333368,-37.34492,-53.70559
30900.,31.4899,-3.513381,-3.25564,-1.933197,-3.334286,-37.34571,-53.70634
30910.,31.48928,-3.514298,-3.256554,-1.93412,-3.335203,-37.3465,-53.70709
30920.,31.48867,-3.515215,-3.257467,-1.935043,-3.336119,-37.34728,-53.70784
30930.,31.48806,-3.516131,-3.25838,-1.935964,-3.337034,-37.34807,-53.70858
30940.,31.48744,-3.517046,-3.259291,-1.936885,-3.337948,-37.34886,-53.70933
30950.,31.48683,-3.51796,-3.260202,-1.937804,-3.338862,-37.34964,-53.71007
30960.,31.48622,-3.518873,-3.261111,-1.938723,-3.339774,-37.35043,-53.71082
30970.,31.48561,-3.519785,-3.26202,-1.939641,-3.340685,-37.35121,-53.71156
30980.,31.485,-3.520697,-3.262928,-1.940557,-3.341596,-37.352,-53.7123
30990.,31.48439,-3.521607,-3.263835,-1.941473,-3.342506,-37.35278,-53.71304
31000.,31.48378,-3.522516,-3.264741,-1.942388,-3.343414,-37.35356,-53.71378
31010.,31.48317,-3.523425,-3.265646,-1.943302,-3.344322,-37.35434,-53.71452
31020.,31.48257,-3.524332,-3.26655,-1.944215,-3.345229,-37.35512,-53.71526
31030.,31.48196,-3.525239,-3.267453,-1.945127,-3.346135,-37.3559,-53.716
31040.,31.48135,-3.526145,-3.268355,-1.946038,-3.34704,-37.35668,-53.71674
31050.,31.48075,-3.527049,-3.269256,-1.946949,-3.347944,-37.35746,-53.71747
31060.,31.48014,-3.527953,-3.270157,-1.947858,-3.348847,-37.35824,-53.71821
31070.,31.47954,-3.528856,-3.271056,-1.948766,-3.349749,-37.35901,-53.71895
31080.,31.47894,-3.529758,-3.271955,-1.949674,-3.350651,-37.35979,-53.71968
31090.,31.47833,-3.530659,-3.272852,-1.95058,-3.351551,-37.36056,-53.72041
31100.,31.47773,-3.531559,-3.273749,-1.951486,-3.35245,-37.36134,-53.72115
31110.,31.47713,-3.532459,-3.274645,-1.952391,-3.353349,-37.36211,-53.72188
31120.,31.47653,-3.533357,-3.27554,-1.953294,-3.354247,-37.36288,-53.72261
31130.,31.47593,-3.534254,-3.276434,-1.954197,-3.355143,-37.36366,-53.72334
31140.,31.47533,-3.535151,-3.277327,-1.955099,-3.356039,-37.36443,-53.72407
31150.,31.47473,-3.536046,-3.278219,-1.956,-3.356934,-37.3652,-53.7248
31160.,31.47413,-3.536941,-3.27911,-1.9569,-3.357828,-37.36597,-53.72553
31170.,31.47353,-3.537835,-3.280001,-1.957799,-3.358721,-37.36674,-53.72626
31180.,31.47293,-3.538728,-3.28089,-1.958698,-3.359613,-37.3675,-53.72698
31190.,31.47234,-3.53962,-3.281779,-1.959595,-3.360505,-37.36827,-53.72771
31200.,31.47174,-3.540511,-3.282666,-1.960491,-3.361395,-37.36904,-53.72844
31210.,31.47115,-3.541401,-3.283553,-1.961387,-3.362285,-37.3698,-53.72916
31220.,31.47055,-3.54229,-3.284439,-1.962282,-3.363173,-37.37057,-53.72989
31230.,31.46996,-3.543178,-3.285324,-1.963175,-3.364061,-37.37133,-53.73061
31240.,31.46936,-3.544066,-3.286208,-1.964068,-3.364948,-37.37209,-53.73133
31250.,31.46877,-3.544952,-3.287091,-1.96496,-3.365833,-37.37286,-53.73205
31260.,31.46818,-3.545838,-3.287973,-1.965851,-3.366718,-37.37362,-53.73277
31270.,31.46759,-3.546723,-3.288854,-1.966741,-3.367602,-37.37438,-53.73349
31280.,31.46699,-3.547607,-3.289735,-1.96763,-3.368486,-37.37514,-53.73421
31290.,31.4664,-3.548489,-3.290614,-1.968518,-3.369368,-37.3759,-53.73493
31300.,31.46581,-3.549371,-3.291493,-1.969406,-3.370249,-37.37666,-53.73565
31310.,31.46522,-3.550253,-3.292371,-1.970292,-3.37113,-37.37741,-53.73637
31320.,31.46464,-3.551133,-3.293248,-1.971178,-3.372009,-37.37817,-53.73709
31330.,31.46405,-3.552012,-3.294124,-1.972062,-3.372888,-37.37893,-53.7378
31340.,31.46346,-3.552891,-3.294999,-1.972946,-3.373766,-37.37968,-53.73852
31350.,31.46287,-3.553768,-3.295873,-1.973829,-3.374642,-37.38044,-53.73923
31360.,31.46229,-3.554645,-3.296746,-1.974711,-3.375518,-37.38119,-53.73995
31370.,31.4617,-3.55552,-3.297618,-1.975592,-3.376393,-37.38195,-53.74066
31380.,31.46112,-3.556395,-3.29849,-1.976472,-3.377268,-37.3827,-53.74137
31390.,31.46053,-3.557269,-3.299361,-1.977351,-3.378141,-37.38345,-53.74208
31400.,31.45995,-3.558142,-3.30023,-1.97823,-3.379013,-37.3842,-53.74279
31410.,31.45936,-3.559015,-3.301099,-1.979107,-3.379885,-37.38495,-53.7435
31420.,31.45878,-3.559886,-3.301967,-1.979984,-3.380756,-37.3857,-53.74421
31430.,31.4582,-3.560756,-3.302834,-1.980859,-3.381625,-37.38645,-53.74492
31440.,31.45762,-3.561626,-3.3037,-1.981734,-3.382494,-37.3872,-53.74563
31450.,31.45704,-3.562494,-3.304566,-1.982608,-3.383362,-37.38794,-53.74634
31460.,31.45646,-3.563362,-3.30543,-1.983481,-3.384229,-37.38869,-53.74705
31470.,31.45588,-3.564229,-3.306294,-1.984353,-3.385095,-37.38944,-53.74775
31480.,31.4553,-3.565095,-3.307156,-1.985224,-3.385961,-37.39018,-53.74846
31490.,31.45472,-3.56596,-3.308018,-1.986095,-3.386825,-37.39092,-53.74916
31500.,31.45414,-3.566824,-3.308879,-1.986964,-3.387689,-37.39167,-53.74986
31510.,31.45356,-3.567688,-3.309739,-1.987833,-3.388552,-37.39241,-53.75057
31520.,31.45299,-3.56855,-3.310598,-1.9887,-3.389413,-37.39315,-53.75127
31530.,31.45241,-3.569412,-3.311457,-1.989567,-3.390274,-37.39389,-53.75197
31540.,31.45183,-3.570272,-3.312314,-1.990433,-3.391134,-37.39463,-53.75267
31550.,31.45126,-3.571132,-3.313171,-1.991298,-3.391994,-37.39537,-53.75337
31560.,31.45069,-3.571991,-3.314026,-1.992162,-3.392852,-37.39611,-53.75407
31570.,31.45011,-3.572849,-3.314881,-1.993026,-3.393709,-37.39685,-53.75477
31580.,31.44954,-3.573707,-3.315735,-1.993888,-3.394566,-37.39759,-53.75547
31590.,31.44897,-3.574563,-3.316588,-1.99475,-3.395422,-37.39832,-53.75617
31600.,31.44839,-3.575418,-3.31744,-1.99561,-3.396276,-37.39906,-53.75686
31610.,31.44782,-3.576273,-3.318292,-1.99647,-3.39713,-37.3998,-53.75756
31620.,31.44725,-3.577127,-3.319142,-1.997329,-3.397983,-37.40053,-53.75825
31630.,31.44668,-3.57798,-3.319992,-1.998187,-3.398836,-37.40126,-53.75895
31640.,31.44611,-3.578832,-3.32084,-1.999044,-3.399687,-37.402,-53.75964
31650.,31.44554,-3.579683,-3.321688,-1.9999,-3.400537,-37.40273,-53.76034
31660.,31.44497,-3.580533,-3.322535,-2.000756,-3.401387,-37.40346,-53.76103
31670.,31.44441,-3.581382,-3.323381,-2.00161,-3.402236,-37.40419,-53.76172
31680.,31.44384,-3.582231,-3.324227,-2.002464,-3.403084,-37.40492,-53.76241
31690.,31.44327,-3.583079,-3.325071,-2.003317,-3.403931,-37.40565,-53.7631
31700.,31.4427,-3.583925,-3.325915,-2.004168,-3.404777,-37.40638,-53.76379
31710.,31.44214,-3.584771,-3.326757,-2.00502,-3.405622,-37.40711,-53.76448
31720.,31.44157,-3.585616,-3.327599,-2.00587,-3.406467,-37.40783,-53.76517
31730.,31.44101,-3.586461,-3.32844,-2.006719,-3.40731,-37.40856,-53.76586
31740.,31.44045,-3.587304,-3.32928,-2.007567,-3.408153,-37.40928,-53.76654
31750.,31.43988,-3.588146,-3.33012,-2.008415,-3.408995,-37.41001,-53.76723
31760.,31.43932,-3.588988,-3.330958,-2.009262,-3.409836,-37.41073,-53.76791
31770.,31.43876,-3.589829,-3.331795,-2.010108,-3.410676,-37.41146,-53.7686
31780.,31.4382,-3.590669,-3.332632,-2.010953,-3.411515,-37.41218,-53.76928
31790.,31.43763,-3.591508,-3.333468,-2.011797,-3.412354,-37.4129,-53.76997
31800.,31.43707,-3.592346,-3.334303,-2.01264,-3.413191,-37.41362,-53.77065
31810.,31.43651,-3.593183,-3.335137,-2.013482,-3.414028,-37.41434,-53.77133
31820.,31.43596,-3.59402,-3.335971,-2.014324,-3.414864,-37.41506,-53.77201
31830.,31.4354,-3.594856,-3.336803,-2.015165,-3.415699,-37.41578,-53.77269
31840.,31.43484,-3.59569,-3.337635,-2.016005,-3.416533,-37.4165,-53.77337
31850.,31.43428,-3.596524,-3.338465,-2.016844,-3.417366,-37.41722,-53.77405
31860.,31.43372,-3.597358,-3.339295,-2.017682,-3.418199,-37.41793,-53.77473
31870.,31.43317,-3.59819,-3.340124,-2.018519,-3.419031,-37.41865,-53.77541
31880.,31.43261,-3.599021,-3.340953,-2.019355,-3.419861,-37.41936,-53.77608
31890.,31.43206,-3.599852,-3.34178,-2.020191,-3.420691,-37.42008,-53.77676
31900.,31.4315,-3.600682,-3.342607,-2.021026,-3.42152,-37.42079,-53.77744
31910.,31.43095,-3.60151,-3.343432,-2.02186,-3.422349,-37.4215,-53.77811
31920.,31.43039,-3.602338,-3.344257,-2.022693,-3.423176,-37.42222,-53.77879
31930.,31.42984,-3.603166,-3.345081,-2.023525,-3.424003,-37.42293,-53.77946
31940.,31.42929,-3.603992,-3.345904,-2.024356,-3.424828,-37.42364,-53.78013
31950.,31.42874,-3.604818,-3.346727,-2.025187,-3.425653,-37.42435,-53.7808
31960.,31.42819,-3.605642,-3.347548,-2.026016,-3.426477,-37.42506,-53.78148
31970.,31.42763,-3.606466,-3.348369,-2.026845,-3.427301,-37.42577,-53.78215
31980.,31.42708,-3.607289,-3.349189,-2.027673,-3.428123,-37.42648,-53.78282
31990.,31.42653,-3.608111,-3.350008,-2.0285,-3.428944,-37.42718,-53.78349
32000.,31.42599,-3.608932,-3.350826,-2.029326,-3.429765,-37.42789,-53.78416
32010.,31.42544,-3.609753,-3.351643,-2.030152,-3.430585,-37.4286,-53.78482
32020.,31.42489,-3.610573,-3.35246,-2.030977,-3.431404,-37.4293,-53.78549
32030.,31.42434,-3.611391,-3.353275,-2.0318,-3.432222,-37.43,-53.78616
32040.,31.4238,-3.612209,-3.35409,-2.032623,-3.43304,-37.43071,-53.78682
32050.,31.42325,-3.613027,-3.354904,-2.033445,-3.433856,-37.43141,-53.78749
32060.,31.4227,-3.613843,-3.355717,-2.034266,-3.434672,-37.43211,-53.78815
32070.,31.42216,-3.614658,-3.35653,-2.035087,-3.435487,-37.43281,-53.78882
32080.,31.42161,-3.615473,-3.357341,-2.035906,-3.436301,-37.43352,-53.78948
32090.,31.42107,-3.616287,-3.358152,-2.036725,-3.437114,-37.43422,-53.79014
32100.,31.42053,-3.6171,-3.358962,-2.037543,-3.437926,-37.43492,-53.79081
32110.,31.41998,-3.617912,-3.359771,-2.03836,-3.438738,-37.43561,-53.79147
32120.,31.41944,-3.618723,-3.360579,-2.039176,-3.439549,-37.43631,-53.79213
32130.,31.4189,-3.619534,-3.361387,-2.039992,-3.440358,-37.43701,-53.79279
32140.,31.41836,-3.620344,-3.362193,-2.040806,-3.441168,-37.43771,-53.79345
32150.,31.41782,-3.621152,-3.362999,-2.04162,-3.441976,-37.4384,-53.79411
32160.,31.41728,-3.621961,-3.363804,-2.042433,-3.442783,-37.4391,-53.79476
32170.,31.41674,-3.622768,-3.364608,-2.043245,-3.44359,-37.43979,-53.79542
32180.,31.4162,-3.623574,-3.365411,-2.044056,-3.444396,-37.44049,-53.79608
32190.,31.41566,-3.62438,-3.366214,-2.044867,-3.445201,-37.44118,-53.79673
32200.,31.41512,-3.625185,-3.367016,-2.045676,-3.446005,-37.44187,-53.79739
32210.,31.41458,-3.625988,-3.367816,-2.046485,-3.446808,-37.44256,-53.79804
32220.,31.41405,-3.626792,-3.368617,-2.047293,-3.447611,-37.44325,-53.7987
32230.,31.41351,-3.627594,-3.369416,-2.0481,-3.448412,-37.44394,-53.79935
32240.,31.41298,-3.628395,-3.370214,-2.048907,-3.449213,-37.44463,-53.8
32250.,31.41244,-3.629196,-3.371012,-2.049712,-3.450013,-37.44532,-53.80066
32260.,31.41191,-3.629996,-3.371809,-2.050517,-3.450813,-37.44601,-53.80131
32270.,31.41137,-3.630795,-3.372605,-2.051321,-3.451611,-37.4467,-53.80196
32280.,31.41084,-3.631593,-3.3734,-2.052124,-3.452409,-37.44738,-53.80261
32290.,31.41031,-3.632391,-3.374194,-2.052926,-3.453205,-37.44807,-53.80326
32300.,31.40977,-3.633187,-3.374988,-2.053727,-3.454001,-37.44876,-53.80391
32310.,31.40924,-3.633983,-3.37578,-2.054528,-3.454797,-37.44944,-53.80456
32320.,31.40871,-3.634778,-3.376572,-2.055328,-3.455591,-37.45012,-53.8052
32330.,31.40818,-3.635572,-3.377363,-2.056127,-3.456385,-37.45081,-53.80585
32340.,31.40765,-3.636366,-3.378154,-2.056925,-3.457177,-37.45149,-53.8065
32350.,31.40712,-3.637158,-3.378943,-2.057722,-3.457969,-37.45217,-53.80714
32360.,31.40659,-3.63795,-3.379732,-2.058519,-3.458761,-37.45285,-53.80779
32370.,31.40606,-3.638741,-3.38052,-2.059315,-3.459551,-37.45353,-53.80843
32380.,31.40553,-3.639531,-3.381307,-2.060109,-3.46034,-37.45421,-53.80907
32390.,31.40501,-3.64032,-3.382093,-2.060904,-3.461129,-37.45489,-53.80972
32400.,31.40448,-3.641109,-3.382879,-2.061697,-3.461917,-37.45557,-53.81036
32410.,31.40395,-3.641897,-3.383664,-2.062489,-3.462704,-37.45625,-53.811
32420.,31.40343,-3.642684,-3.384448,-2.063281,-3.463491,-37.45693,-53.81164
32430.,31.4029,-3.64347,-3.385231,-2.064072,-3.464276,-37.4576,-53.81228
32440.,31.40238,-3.644255,-3.386013,-2.064862,-3.465061,-37.45828,-53.81292
32450.,31.40185,-3.64504,-3.386795,-2.065651,-3.465845,-37.45895,-53.81356
32460.,31.40133,-3.645823,-3.387575,-2.06644,-3.466628,-37.45963,-53.8142
32470.,31.40081,-3.646606,-3.388355,-2.067227,-3.46741,-37.4603,-53.81483
32480.,31.40028,-3.647388,-3.389134,-2.068014,-3.468192,-37.46097,-53.81547
32490.,31.39976,-3.64817,-3.389913,-2.0688,-3.468973,-37.46165,-53.81611
32500.,31.39924,-3.64895,-3.39069,-2.069585,-3.469753,-37.46232,-53.81674
32510.,31.39872,-3.64973,-3.391467,-2.07037,-3.470532,-37.46299,-53.81738
32520.,31.3982,-3.650509,-3.392243,-2.071154,-3.47131,-37.46366,-53.81801
32530.,31.39768,-3.651287,-3.393018,-2.071936,-3.472088,-37.46433,-53.81865
32540.,31.39716,-3.652065,-3.393793,-2.072719,-3.472865,-37.465,-53.81928
32550.,31.39664,-3.652841,-3.394566,-2.0735,-3.473641,-37.46566,-53.81991
32560.,31.39612,-3.653617,-3.395339,-2.07428,-3.474416,-37.46633,-53.82054
32570.,31.3956,-3.654392,-3.396111,-2.07506,-3.47519,-37.467,-53.82117
32580.,31.39508,-3.655166,-3.396882,-2.075839,-3.475964,-37.46766,-53.82181
32590.,31.39457,-3.65594,-3.397653,-2.076617,-3.476737,-37.46833,-53.82244
32600.,31.39405,-3.656712,-3.398423,-2.077394,-3.477509,-37.46899,-53.82306
32610.,31.39354,-3.657484,-3.399191,-2.078171,-3.47828,-37.46966,-53.82369
32620.,31.39302,-3.658255,-3.39996,-2.078946,-3.479051,-37.47032,-53.82432
32630.,31.39251,-3.659026,-3.400727,-2.079721,-3.47982,-37.47098,-53.82495
32640.,31.39199,-3.659795,-3.401493,-2.080496,-3.480589,-37.47165,-53.82557
32650.,31.39148,-3.660564,-3.402259,-2.081269,-3.481357,-37.47231,-53.8262
32660.,31.39096,-3.661332,-3.403024,-2.082041,-3.482125,-37.47297,-53.82683
32670.,31.39045,-3.662099,-3.403788,-2.082813,-3.482891,-37.47363,-53.82745
32680.,31.38994,-3.662865,-3.404552,-2.083584,-3.483657,-37.47429,-53.82807
32690.,31.38943,-3.663631,-3.405315,-2.084354,-3.484422,-37.47495,-53.8287
32700.,31.38892,-3.664396,-3.406076,-2.085124,-3.485186,-37.47561,-53.82932
32710.,31.38841,-3.66516,-3.406838,-2.085893,-3.48595,-37.47626,-53.82994
32720.,31.3879,-3.665923,-3.407598,-2.08666,-3.486713,-37.47692,-53.83056
32730.,31.38739,-3.666686,-3.408357,-2.087427,-3.487474,-37.47758,-53.83119
32740.,31.38688,-3.667447,-3.409116,-2.088194,-3.488236,-37.47823,-53.83181
32750.,31.38637,-3.668208,-3.409874,-2.088959,-3.488996,-37.47889,-53.83243
32760.,31.38586,-3.668968,-3.410632,-2.089724,-3.489756,-37.47954,-53.83304
32770.,31.38535,-3.669728,-3.411388,-2.090488,-3.490514,-37.48019,-53.83366
32780.,31.38485,-3.670486,-3.412144,-2.091251,-3.491272,-37.48085,-53.83428
32790.,31.38434,-3.671244,-3.412899,-2.092014,-3.49203,-37.4815,-53.8349
32800.,31.38384,-3.672001,-3.413653,-2.092775,-3.492786,-37.48215,-53.83551
32810.,31.38333,-3.672758,-3.414406,-2.093536,-3.493542,-37.4828,-53.83613
32820.,31.38283,-3.673513,-3.415159,-2.094296,-3.494297,-37.48345,-53.83675
32830.,31.38232,-3.674268,-3.415911,-2.095056,-3.495051,-37.4841,-53.83736
32840.,31.38182,-3.675022,-3.416662,-2.095814,-3.495805,-37.48475,-53.83797
32850.,31.38131,-3.675775,-3.417412,-2.096572,-3.496557,-37.4854,-53.83859
32860.,31.38081,-3.676528,-3.418162,-2.097329,-3.497309,-37.48604,-53.8392
32870.,31.38031,-3.677279,-3.418911,-2.098085,-3.49806,-37.48669,-53.83981
32880.,31.37981,-3.67803,-3.419659,-2.098841,-3.498811,-37.48734,-53.84042
32890.,31.37931,-3.678781,-3.420406,-2.099595,-3.49956,-37.48798,-53.84104
32900.,31.37881,-3.67953,-3.421152,-2.100349,-3.500309,-37.48863,-53.84165
32910.,31.37831,-3.680279,-3.421898,-2.101102,-3.501057,-37.48927,-53.84226
32920.,31.37781,-3.681027,-3.422643,-2.101855,-3.501804,-37.48991,-53.84286
32930.,31.37731,-3.681774,-3.423388,-2.102606,-3.502551,-37.49056,-53.84347
32940.,31.37681,-3.68252,-3.424131,-2.103357,-3.503297,-37.4912,-53.84408
32950.,31.37631,-3.683266,-3.424874,-2.104107,-3.504042,-37.49184,-53.84469
32960.,31.37581,-3.684011,-3.425616,-2.104857,-3.504786,-37.49248,-53.84529
32970.,31.37531,-3.684755,-3.426357,-2.105605,-3.50553,-37.49312,-53.8459
32980.,31.37482,-3.685498,-3.427098,-2.106353,-3.506272,-37.49376,-53.84651
32990.,31.37432,-3.686241,-3.427837,-2.1071,-3.507014,-37.4944,-53.84711
33000.,31.37383,-3.686982,-3.428576,-2.107846,-3.507756,-37.49504,-53.84771
33010.,31.37333,-3.687723,-3.429314,-2.108592,-3.508496,-37.49568,-53.84832
33020.,31.37284,-3.688464,-3.430052,-2.109337,-3.509236,-37.49631,-53.84892
33030.,31.37234,-3.689203,-3.430789,-2.110081,-3.509975,-37.49695,-53.84952
33040.,31.37185,-3.689942,-3.431525,-2.110824,-3.510713,-37.49758,-53.85012
33050.,31.37136,-3.69068,-3.43226,-2.111566,-3.511451,-37.49822,-53.85073
33060.,31.37086,-3.691418,-3.432994,-2.112308,-3.512187,-37.49885,-53.85133
33070.,31.37037,-3.692154,-3.433728,-2.113049,-3.512923,-37.49949,-53.85193
33080.,31.36988,-3.69289,-3.434461,-2.113789,-3.513659,-37.50012,-53.85252
33090.,31.36939,-3.693625,-3.435193,-2.114529,-3.514393,-37.50075,-53.85312
33100.,31.3689,-3.694359,-3.435925,-2.115268,-3.515127,-37.50138,-53.85372
33110.,31.36841,-3.695093,-3.436656,-2.116006,-3.51586,-37.50202,-53.85432
33120.,31.36792,-3.695826,-3.437386,-2.116743,-3.516592,-37.50265,-53.85492
33130.,31.36743,-3.696558,-3.438115,-2.117479,-3.517324,-37.50328,-53.85551
33140.,31.36694,-3.697289,-3.438843,-2.118215,-3.518055,-37.50391,-53.85611
33150.,31.36645,-3.69802,-3.439571,-2.11895,-3.518785,-37.50453,-53.8567
33160.,31.36597,-3.69875,-3.440298,-2.119684,-3.519514,-37.50516,-53.8573
33170.,31.36548,-3.699479,-3.441024,-2.120418,-3.520242,-37.50579,-53.85789
33180.,31.36499,-3.700207,-3.44175,-2.121151,-3.52097,-37.50642,-53.85848
33190.,31.36451,-3.700935,-3.442475,-2.121883,-3.521697,-37.50704,-53.85908
33200.,31.36402,-3.701661,-3.443199,-2.122614,-3.522424,-37.50767,-53.85967
33210.,31.36354,-3.702388,-3.443922,-2.123344,-3.523149,-37.50829,-53.86026
33220.,31.36305,-3.703113,-3.444645,-2.124074,-3.523874,-37.50892,-53.86085
33230.,31.36257,-3.703838,-3.445367,-2.124803,-3.524598,-37.50954,-53.86144
33240.,31.36208,-3.704562,-3.446088,-2.125531,-3.525322,-37.51016,-53.86203
33250.,31.3616,-3.705285,-3.446808,-2.126259,-3.526044,-37.51079,-53.86262
33260.,31.36112,-3.706007,-3.447528,-2.126986,-3.526766,-37.51141,-53.86321
33270.,31.36064,-3.706729,-3.448247,-2.127712,-3.527487,-37.51203,-53.86379
33280.,31.36015,-3.70745,-3.448965,-2.128437,-3.528208,-37.51265,-53.86438
33290.,31.35967,-3.70817,-3.449683,-2.129162,-3.528927,-37.51327,-53.86497
33300.,31.35919,-3.70889,-3.450399,-2.129886,-3.529646,-37.51389,-53.86555
33310.,31.35871,-3.709609,-3.451115,-2.130609,-3.530365,-37.51451,-53.86614
33320.,31.35823,-3.710327,-3.451831,-2.131331,-3.531082,-37.51512,-53.86672
33330.,31.35775,-3.711044,-3.452545,-2.132053,-3.531799,-37.51574,-53.86731
33340.,31.35727,-3.711761,-3.453259,-2.132774,-3.532515,-37.51636,-53.86789
33350.,31.3568,-3.712476,-3.453972,-2.133494,-3.53323,-37.51697,-53.86847
33360.,31.35632,-3.713192,-3.454685,-2.134213,-3.533945,-37.51759,-53.86906
33370.,31.35584,-3.713906,-3.455396,-2.134932,-3.534659,-37.5182,-53.86964
33380.,31.35536,-3.71462,-3.456107,-2.13565,-3.535372,-37.51882,-53.87022
33390.,31.35489,-3.715333,-3.456818,-2.136367,-3.536084,-37.51943,-53.8708
33400.,31.35441,-3.716045,-3.457527,-2.137084,-3.536796,-37.52004,-53.87138
33410.,31.35394,-3.716756,-3.458236,-2.137799,-3.537507,-37.52066,-53.87196
33420.,31.35346,-3.717467,-3.458944,-2.138515,-3.538217,-37.52127,-53.87254
33430.,31.35299,-3.718177,-3.459651,-2.139229,-3.538927,-37.52188,-53.87312
33440.,31.35251,-3.718887,-3.460358,-2.139942,-3.539636,-37.52249,-53.87369
33450.,31.35204,-3.719595,-3.461064,-2.140655,-3.540344,-37.5231,-53.87427
33460.,31.35157,-3.720303,-3.461769,-2.141368,-3.541051,-37.52371,-53.87485
33470.,31.3511,-3.72101,-3.462473,-2.142079,-3.541758,-37.52432,-53.87542
33480.,31.35062,-3.721717,-3.463177,-2.14279,-3.542464,-37.52492,-53.876
33490.,31.35015,-3.722423,-3.46388,-2.1435,-3.543169,-37.52553,-53.87657
33500.,31.34968,-3.723128,-3.464583,-2.144209,-3.543873,-37.52614,-53.87715
33510.,31.34921,-3.723832,-3.465284,-2.144917,-3.544577,-37.52674,-53.87772
33520.,31.34874,-3.724535,-3.465985,-2.145625,-3.54528,-37.52735,-53.87829
33530.,31.34827,-3.725238,-3.466685,-2.146332,-3.545983,-37.52795,-53.87887
33540.,31.3478,-3.725941,-3.467385,-2.147039,-3.546684,-37.52856,-53.87944
33550.,31.34733,-3.726642,-3.468083,-2.147744,-3.547385,-37.52916,-53.88001
33560.,31.34687,-3.727343,-3.468781,-2.148449,-3.548085,-37.52976,-53.88058
33570.,31.3464,-3.728043,-3.469479,-2.149154,-3.548785,-37.53037,-53.88115
33580.,31.34593,-3.728742,-3.470175,-2.149857,-3.549484,-37.53097,-53.88172
33590.,31.34546,-3.729441,-3.470871,-2.15056,-3.550182,-37.53157,-53.88229
33600.,31.345,-3.730139,-3.471567,-2.151262,-3.550879,-37.53217,-53.88286
33610.,31.34453,-3.730836,-3.472261,-2.151963,-3.551576,-37.53277,-53.88343
33620.,31.34407,-3.731532,-3.472955,-2.152664,-3.552272,-37.53337,-53.88399
33630.,31.3436,-3.732228,-3.473648,-2.153364,-3.552967,-37.53397,-53.88456
33640.,31.34314,-3.732923,-3.47434,-2.154063,-3.553661,-37.53457,-53.88512
33650.,31.34268,-3.733617,-3.475032,-2.154762,-3.554355,-37.53516,-53.88569
33660.,31.34221,-3.734311,-3.475723,-2.15546,-3.555048,-37.53576,-53.88626
33670.,31.34175,-3.735004,-3.476413,-2.156157,-3.555741,-37.53636,-53.88682
33680.,31.34129,-3.735696,-3.477103,-2.156853,-3.556433,-37.53695,-53.88738
33690.,31.34082,-3.736388,-3.477792,-2.157549,-3.557124,-37.53755,-53.88795
33700.,31.34036,-3.737079,-3.47848,-2.158244,-3.557814,-37.53814,-53.88851
33710.,31.3399,-3.737769,-3.479167,-2.158938,-3.558503,-37.53873,-53.88907
33720.,31.33944,-3.738458,-3.479854,-2.159632,-3.559192,-37.53933,-53.88963
33730.,31.33898,-3.739147,-3.48054,-2.160325,-3.559881,-37.53992,-53.89019
33740.,31.33852,-3.739835,-3.481226,-2.161017,-3.560568,-37.54051,-53.89075
33750.,31.33806,-3.740522,-3.48191,-2.161708,-3.561255,-37.5411,-53.89131
33760.,31.3376,-3.741209,-3.482594,-2.162399,-3.561941,-37.54169,-53.89187
33770.,31.33715,-3.741895,-3.483278,-2.163089,-3.562626,-37.54228,-53.89243
33780.,31.33669,-3.74258,-3.48396,-2.163778,-3.563311,-37.54287,-53.89299
33790.,31.33623,-3.743265,-3.484642,-2.164467,-3.563995,-37.54346,-53.89355
33800.,31.33578,-3.743948,-3.485323,-2.165155,-3.564678,-37.54405,-53.8941
33810.,31.33532,-3.744632,-3.486004,-2.165842,-3.565361,-37.54464,-53.89466
33820.,31.33486,-3.745314,-3.486684,-2.166529,-3.566043,-37.54523,-53.89522
33830.,31.33441,-3.745996,-3.487363,-2.167215,-3.566724,-37.54581,-53.89577
33840.,31.33395,-3.746677,-3.488041,-2.1679,-3.567405,-37.5464,-53.89632
33850.,31.3335,-3.747357,-3.488719,-2.168584,-3.568085,-37.54698,-53.89688
33860.,31.33304,-3.748037,-3.489396,-2.169268,-3.568764,-37.54757,-53.89743
33870.,31.33259,-3.748716,-3.490072,-2.169951,-3.569442,-37.54815,-53.89799
33880.,31.33214,-3.749394,-3.490748,-2.170633,-3.57012,-37.54874,-53.89854
33890.,31.33169,-3.750072,-3.491423,-2.171315,-3.570797,-37.54932,-53.89909
33900.,31.33123,-3.750749,-3.492097,-2.171996,-3.571474,-37.5499,-53.89964
33910.,31.33078,-3.751425,-3.492771,-2.172676,-3.572149,-37.55048,-53.90019
33920.,31.33033,-3.752101,-3.493444,-2.173356,-3.572824,-37.55107,-53.90074
33930.,31.32988,-3.752775,-3.494116,-2.174035,-3.573499,-37.55165,-53.90129
33940.,31.32943,-3.75345,-3.494788,-2.174713,-3.574172,-37.55223,-53.90184
33950.,31.32898,-3.754123,-3.495459,-2.175391,-3.574845,-37.55281,-53.90239
33960.,31.32853,-3.754796,-3.496129,-2.176068,-3.575518,-37.55339,-53.90294
33970.,31.32808,-3.755468,-3.496798,-2.176744,-3.576189,-37.55396,-53.90348
33980.,31.32763,-3.756139,-3.497467,-2.177419,-3.57686,-37.55454,-53.90403
33990.,31.32719,-3.75681,-3.498136,-2.178094,-3.57753,-37.55512,-53.90458
34000.,31.32674,-3.75748,-3.498803,-2.178768,-3.5782,-37.55569,-53.90512
34010.,31.32629,-3.75815,-3.49947,-2.179441,-3.578869,-37.55627,-53.90567
34020.,31.32584,-3.758818,-3.500136,-2.180114,-3.579537,-37.55685,-53.90621
34030.,31.3254,-3.759486,-3.500801,-2.180786,-3.580204,-37.55742,-53.90676
34040.,31.32495,-3.760154,-3.501466,-2.181458,-3.580871,-37.558,-53.9073
34050.,31.32451,-3.76082,-3.50213,-2.182128,-3.581537,-37.55857,-53.90784
34060.,31.32406,-3.761486,-3.502794,-2.182798,-3.582203,-37.55914,-53.90838
34070.,31.32362,-3.762152,-3.503456,-2.183468,-3.582868,-37.55971,-53.90893
34080.,31.32318,-3.762816,-3.504119,-2.184136,-3.583532,-37.56029,-53.90947
34090.,31.32273,-3.76348,-3.50478,-2.184804,-3.584195,-37.56086,-53.91001
34100.,31.32229,-3.764144,-3.505441,-2.185471,-3.584858,-37.56143,-53.91055
34110.,31.32185,-3.764806,-3.506101,-2.186138,-3.58552,-37.562,-53.91109
34120.,31.3214,-3.765468,-3.50676,-2.186804,-3.586182,-37.56257,-53.91163
34130.,31.32096,-3.766129,-3.507419,-2.187469,-3.586842,-37.56314,-53.91217
34140.,31.32052,-3.76679,-3.508077,-2.188134,-3.587503,-37.56371,-53.9127
34150.,31.32008,-3.76745,-3.508734,-2.188798,-3.588162,-37.56427,-53.91324
34160.,31.31964,-3.768109,-3.509391,-2.189461,-3.588821,-37.56484,-53.91378
34170.,31.3192,-3.768768,-3.510047,-2.190123,-3.589479,-37.56541,-53.91431
34180.,31.31876,-3.769426,-3.510703,-2.190785,-3.590136,-37.56597,-53.91485
34190.,31.31832,-3.770083,-3.511357,-2.191447,-3.590793,-37.56654,-53.91539
34200.,31.31788,-3.77074,-3.512011,-2.192107,-3.591449,-37.5671,-53.91592
34210.,31.31745,-3.771395,-3.512665,-2.192767,-3.592104,-37.56767,-53.91645
34220.,31.31701,-3.772051,-3.513317,-2.193426,-3.592759,-37.56823,-53.91699
34230.,31.31657,-3.772705,-3.513969,-2.194085,-3.593413,-37.56879,-53.91752
34240.,31.31614,-3.773359,-3.514621,-2.194742,-3.594067,-37.56936,-53.91805
34250.,31.3157,-3.774012,-3.515272,-2.1954,-3.594719,-37.56992,-53.91858
34260.,31.31526,-3.774665,-3.515922,-2.196056,-3.595372,-37.57048,-53.91912
34270.,31.31483,-3.775317,-3.516571,-2.196712,-3.596023,-37.57104,-53.91965
34280.,31.31439,-3.775968,-3.51722,-2.197367,-3.596674,-37.5716,-53.92018
34290.,31.31396,-3.776619,-3.517868,-2.198022,-3.597324,-37.57216,-53.92071
34300.,31.31352,-3.777269,-3.518515,-2.198676,-3.597973,-37.57272,-53.92124
34310.,31.31309,-3.777918,-3.519162,-2.199329,-3.598622,-37.57328,-53.92177
34320.,31.31266,-3.778567,-3.519808,-2.199981,-3.59927,-37.57384,-53.92229
34330.,31.31223,-3.779215,-3.520454,-2.200633,-3.599918,-37.5744,-53.92282
34340.,31.31179,-3.779862,-3.521099,-2.201284,-3.600564,-37.57495,-53.92335
34350.,31.31136,-3.780509,-3.521743,-2.201935,-3.601211,-37.57551,-53.92387
34360.,31.31093,-3.781155,-3.522386,-2.202585,-3.601856,-37.57606,-53.9244
34370.,31.3105,-3.7818,-3.523029,-2.203234,-3.602501,-37.57662,-53.92493
34380.,31.31007,-3.782445,-3.523671,-2.203882,-3.603145,-37.57717,-53.92545
34390.,31.30964,-3.783089,-3.524313,-2.20453,-3.603789,-37.57773,-53.92598
34400.,31.30921,-3.783732,-3.524954,-2.205178,-3.604432,-37.57828,-53.9265
34410.,31.30878,-3.784375,-3.525594,-2.205824,-3.605074,-37.57884,-53.92702
34420.,31.30835,-3.785017,-3.526233,-2.20647,-3.605715,-37.57939,-53.92755
34430.,31.30792,-3.785658,-3.526872,-2.207115,-3.606356,-37.57994,-53.92807
34440.,31.3075,-3.786299,-3.527511,-2.20776,-3.606997,-37.58049,-53.92859
34450.,31.30707,-3.786939,-3.528148,-2.208404,-3.607636,-37.58104,-53.92911
34460.,31.30664,-3.787578,-3.528785,-2.209047,-3.608275,-37.58159,-53.92963
34470.,31.30621,-3.788217,-3.529422,-2.20969,-3.608913,-37.58214,-53.93015
34480.,31.30579,-3.788855,-3.530057,-2.210332,-3.609551,-37.58269,-53.93067
34490.,31.30536,-3.789493,-3.530692,-2.210973,-3.610188,-37.58324,-53.93119
34500.,31.30494,-3.79013,-3.531327,-2.211614,-3.610824,-37.58379,-53.93171
34510.,31.30451,-3.790766,-3.531961,-2.212254,-3.61146,-37.58433,-53.93223
34520.,31.30409,-3.791401,-3.532594,-2.212893,-3.612095,-37.58488,-53.93275
34530.,31.30366,-3.792036,-3.533226,-2.213532,-3.61273,-37.58543,-53.93326
34540.,31.30324,-3.792671,-3.533858,-2.21417,-3.613363,-37.58597,-53.93378
34550.,31.30282,-3.793304,-3.534489,-2.214807,-3.613997,-37.58652,-53.93429
34560.,31.3024,-3.793937,-3.53512,-2.215444,-3.614629,-37.58706,-53.93481
34570.,31.30197,-3.79457,-3.53575,-2.21608,-3.615261,-37.58761,-53.93533
34580.,31.30155,-3.795201,-3.536379,-2.216716,-3.615892,-37.58815,-53.93584
34590.,31.30113,-3.795832,-3.537008,-2.217351,-3.616523,-37.58869,-53.93635
34600.,31.30071,-3.796463,-3.537635,-2.217985,-3.617153,-37.58924,-53.93687
34610.,31.30029,-3.797093,-3.538263,-2.218618,-3.617782,-37.58978,-53.93738
34620.,31.29987,-3.797722,-3.53889,-2.219251,-3.618411,-37.59032,-53.93789
34630.,31.29945,-3.79835,-3.539516,-2.219884,-3.619039,-37.59086,-53.9384
34640.,31.29903,-3.798978,-3.540141,-2.220515,-3.619666,-37.5914,-53.93892
34650.,31.29861,-3.799605,-3.540766,-2.221146,-3.620293,-37.59194,-53.93943
34660.,31.29819,-3.800232,-3.54139,-2.221777,-3.620919,-37.59248,-53.93994
34670.,31.29777,-3.800858,-3.542014,-2.222406,-3.621544,-37.59302,-53.94045
34680.,31.29736,-3.801483,-3.542636,-2.223035,-3.622169,-37.59356,-53.94095
34690.,31.29694,-3.802108,-3.543259,-2.223664,-3.622793,-37.59409,-53.94146
34700.,31.29652,-3.802732,-3.54388,-2.224292,-3.623417,-37.59463,-53.94197
34710.,31.29611,-3.803355,-3.544501,-2.224919,-3.62404,-37.59517,-53.94248
34720.,31.29569,-3.803978,-3.545122,-2.225545,-3.624662,-37.5957,-53.94299
34730.,31.29528,-3.8046,-3.545741,-2.226171,-3.625284,-37.59624,-53.94349
34740.,31.29486,-3.805222,-3.546361,-2.226796,-3.625905,-37.59677,-53.944
34750.,31.29445,-3.805843,-3.546979,-2.227421,-3.626525,-37.59731,-53.9445
34760.,31.29403,-3.806463,-3.547597,-2.228045,-3.627145,-37.59784,-53.94501
34770.,31.29362,-3.807082,-3.548214,-2.228668,-3.627764,-37.59837,-53.94551
34780.,31.29321,-3.807701,-3.548831,-2.229291,-3.628383,-37.59891,-53.94602
34790.,31.29279,-3.80832,-3.549447,-2.229913,-3.629001,-37.59944,-53.94652
34800.,31.29238,-3.808937,-3.550062,-2.230534,-3.629618,-37.59997,-53.94703
34810.,31.29197,-3.809555,-3.550677,-2.231155,-3.630234,-37.6005,-53.94753
34820.,31.29156,-3.810171,-3.551291,-2.231775,-3.63085,-37.60103,-53.94803
34830.,31.29115,-3.810787,-3.551904,-2.232395,-3.631466,-37.60156,-53.94853
34840.,31.29074,-3.811402,-3.552517,-2.233014,-3.632081,-37.60209,-53.94903
34850.,31.29033,-3.812017,-3.553129,-2.233632,-3.632695,-37.60262,-53.94953
34860.,31.28992,-3.812631,-3.553741,-2.23425,-3.633308,-37.60315,-53.95003
34870.,31.28951,-3.813244,-3.554352,-2.234867,-3.633921,-37.60368,-53.95053
34880.,31.2891,-3.813857,-3.554962,-2.235483,-3.634533,-37.6042,-53.95103
34890.,31.28869,-3.814469,-3.555572,-2.236099,-3.635145,-37.60473,-53.95153
34900.,31.28828,-3.81508,-3.556181,-2.236714,-3.635756,-37.60526,-53.95203
34910.,31.28787,-3.815691,-3.55679,-2.237329,-3.636366,-37.60578,-53.95252
34920.,31.28746,-3.816301,-3.557398,-2.237943,-3.636976,-37.60631,-53.95302
34930.,31.28706,-3.816911,-3.558005,-2.238556,-3.637585,-37.60683,-53.95352
34940.,31.28665,-3.81752,-3.558612,-2.239169,-3.638194,-37.60735,-53.95401
34950.,31.28625,-3.818128,-3.559218,-2.239781,-3.638802,-37.60788,-53.95451
34960.,31.28584,-3.818736,-3.559823,-2.240392,-3.639409,-37.6084,-53.955
34970.,31.28543,-3.819343,-3.560428,-2.241003,-3.640016,-37.60892,-53.9555
34980.,31.28503,-3.81995,-3.561032,-2.241613,-3.640622,-37.60945,-53.95599
34990.,31.28462,-3.820556,-3.561636,-2.242223,-3.641227,-37.60997,-53.95649
35000.,31.28422,-3.821161,-3.562239,-2.242831,-3.641832,-37.61049,-53.95698
35010.,31.28382,-3.821766,-3.562841,-2.24344,-3.642436,-37.61101,-53.95747
35020.,31.28341,-3.82237,-3.563443,-2.244047,-3.64304,-37.61153,-53.95796
35030.,31.28301,-3.822973,-3.564044,-2.244655,-3.643643,-37.61205,-53.95845
35040.,31.28261,-3.823576,-3.564644,-2.245261,-3.644245,-37.61257,-53.95895
35050.,31.28221,-3.824178,-3.565244,-2.245867,-3.644847,-37.61308,-53.95944
35060.,31.2818,-3.82478,-3.565843,-2.246472,-3.645448,-37.6136,-53.95993
35070.,31.2814,-3.825381,-3.566442,-2.247077,-3.646049,-37.61412,-53.96042
35080.,31.281,-3.825981,-3.56704,-2.247681,-3.646649,-37.61464,-53.9609
35090.,31.2806,-3.826581,-3.567638,-2.248284,-3.647248,-37.61515,-53.96139
35100.,31.2802,-3.82718,-3.568235,-2.248887,-3.647847,-37.61567,-53.96188
35110.,31.2798,-3.827779,-3.568831,-2.249489,-3.648445,-37.61618,-53.96237
35120.,31.2794,-3.828377,-3.569427,-2.250091,-3.649042,-37.6167,-53.96286
35130.,31.27901,-3.828974,-3.570022,-2.250692,-3.649639,-37.61721,-53.96334
35140.,31.27861,-3.829571,-3.570616,-2.251292,-3.650235,-37.61772,-53.96383
35150.,31.27821,-3.830167,-3.57121,-2.251892,-3.650831,-37.61824,-53.96431
35160.,31.27781,-3.830763,-3.571803,-2.252491,-3.651426,-37.61875,-53.9648
35170.,31.27741,-3.831357,-3.572396,-2.253089,-3.652021,-37.61926,-53.96528
35180.,31.27702,-3.831952,-3.572988,-2.253687,-3.652615,-37.61977,-53.96577
35190.,31.27662,-3.832546,-3.573579,-2.254284,-3.653208,-37.62028,-53.96625
35200.,31.27623,-3.833139,-3.57417,-2.254881,-3.6538,-37.62079,-53.96673
35210.,31.27583,-3.833731,-3.57476,-2.255477,-3.654393,-37.6213,-53.96722
35220.,31.27543,-3.834323,-3.57535,-2.256073,-3.654984,-37.62181,-53.9677
35230.,31.27504,-3.834914,-3.575939,-2.256667,-3.655575,-37.62232,-53.96818
35240.,31.27465,-3.835505,-3.576527,-2.257262,-3.656165,-37.62283,-53.96866
35250.,31.27425,-3.836095,-3.577115,-2.257855,-3.656755,-37.62334,-53.96914
35260.,31.27386,-3.836685,-3.577702,-2.258448,-3.657344,-37.62384,-53.96962
35270.,31.27347,-3.837274,-3.578289,-2.259041,-3.657932,-37.62435,-53.9701
35280.,31.27307,-3.837862,-3.578875,-2.259633,-3.65852,-37.62486,-53.97058
35290.,31.27268,-3.83845,-3.579461,-2.260224,-3.659107,-37.62536,-53.97106
35300.,31.27229,-3.839037,-3.580045,-2.260815,-3.659694,-37.62587,-53.97154
35310.,31.2719,-3.839623,-3.58063,-2.261405,-3.66028,-37.62637,-53.97201
35320.,31.27151,-3.840209,-3.581213,-2.261994,-3.660866,-37.62688,-53.97249
35330.,31.27111,-3.840795,-3.581796,-2.262583,-3.661451,-37.62738,-53.97297
35340.,31.27072,-3.841379,-3.582379,-2.263171,-3.662035,-37.62788,-53.97344
35350.,31.27033,-3.841963,-3.582961,-2.263759,-3.662619,-37.62839,-53.97392
35360.,31.26995,-3.842547,-3.583542,-2.264346,-3.663202,-37.62889,-53.97439
35370.,31.26956,-3.84313,-3.584123,-2.264932,-3.663784,-37.62939,-53.97487
35380.,31.26917,-3.843712,-3.584703,-2.265518,-3.664366,-37.62989,-53.97534
35390.,31.26878,-3.844294,-3.585282,-2.266104,-3.664947,-37.63039,-53.97582
35400.,31.26839,-3.844875,-3.585861,-2.266688,-3.665528,-37.63089,-53.97629
35410.,31.268,-3.845456,-3.58644,-2.267272,-3.666108,-37.63139,-53.97676
35420.,31.26762,-3.846036,-3.587018,-2.267856,-3.666688,-37.63189,-53.97724
35430.,31.26723,-3.846615,-3.587595,-2.268439,-3.667267,-37.63239,-53.97771
35440.,31.26684,-3.847194,-3.588171,-2.269021,-3.667845,-37.63289,-53.97818
35450.,31.26646,-3.847772,-3.588747,-2.269603,-3.668423,-37.63338,-53.97865
35460.,31.26607,-3.84835,-3.589323,-2.270184,-3.669,-37.63388,-53.97912
35470.,31.26569,-3.848927,-3.589898,-2.270764,-3.669577,-37.63438,-53.97959
35480.,31.2653,-3.849504,-3.590472,-2.271344,-3.670153,-37.63487,-53.98006
35490.,31.26492,-3.850079,-3.591045,-2.271924,-3.670728,-37.63537,-53.98053
35500.,31.26453,-3.850655,-3.591619,-2.272502,-3.671303,-37.63586,-53.981
35510.,31.26415,-3.851229,-3.592191,-2.273081,-3.671877,-37.63636,-53.98146
35520.,31.26377,-3.851804,-3.592763,-2.273658,-3.672451,-37.63685,-53.98193
35530.,31.26338,-3.852377,-3.593334,-2.274235,-3.673024,-37.63735,-53.9824
35540.,31.263,-3.85295,-3.593905,-2.274812,-3.673597,-37.63784,-53.98287
35550.,31.26262,-3.853523,-3.594475,-2.275387,-3.674169,-37.63833,-53.98333
35560.,31.26224,-3.854094,-3.595045,-2.275963,-3.67474,-37.63882,-53.9838
35570.,31.26186,-3.854666,-3.595614,-2.276537,-3.675311,-37.63932,-53.98426
35580.,31.26148,-3.855236,-3.596182,-2.277111,-3.675881,-37.63981,-53.98473
35590.,31.2611,-3.855806,-3.59675,-2.277685,-3.676451,-37.6403,-53.98519
35600.,31.26072,-3.856376,-3.597318,-2.278258,-3.67702,-37.64079,-53.98566
35610.,31.26034,-3.856945,-3.597884,-2.27883,-3.677588,-37.64128,-53.98612
35620.,31.25996,-3.857513,-3.59845,-2.279402,-3.678156,-37.64177,-53.98658
35630.,31.25958,-3.858081,-3.599016,-2.279973,-3.678724,-37.64225,-53.98704
35640.,31.2592,-3.858648,-3.599581,-2.280544,-3.67929,-37.64274,-53.98751
35650.,31.25882,-3.859215,-3.600145,-2.281114,-3.679856,-37.64323,-53.98797
35660.,31.25844,-3.859781,-3.600709,-2.281683,-3.680422,-37.64372,-53.98843
35670.,31.25807,-3.860346,-3.601273,-2.282252,-3.680987,-37.6442,-53.98889
35680.,31.25769,-3.860911,-3.601835,-2.28282,-3.681552,-37.64469,-53.98935
35690.,31.25731,-3.861475,-3.602397,-2.283388,-3.682115,-37.64518,-53.98981
35700.,31.25694,-3.862039,-3.602959,-2.283955,-3.682679,-37.64566,-53.99027
35710.,31.25656,-3.862602,-3.60352,-2.284522,-3.683241,-37.64614,-53.99073
35720.,31.25618,-3.863165,-3.60408,-2.285088,-3.683804,-37.64663,-53.99118
35730.,31.25581,-3.863727,-3.60464,-2.285653,-3.684365,-37.64711,-53.99164
35740.,31.25543,-3.864288,-3.6052,-2.286218,-3.684926,-37.6476,-53.9921
35750.,31.25506,-3.864849,-3.605758,-2.286782,-3.685487,-37.64808,-53.99256
35760.,31.25469,-3.865409,-3.606316,-2.287346,-3.686047,-37.64856,-53.99301
35770.,31.25431,-3.865969,-3.606874,-2.287909,-3.686606,-37.64904,-53.99347
35780.,31.25394,-3.866528,-3.607431,-2.288471,-3.687165,-37.64952,-53.99392
35790.,31.25357,-3.867087,-3.607987,-2.289033,-3.687723,-37.65,-53.99438
35800.,31.25319,-3.867645,-3.608543,-2.289595,-3.68828,-37.65048,-53.99483
35810.,31.25282,-3.868202,-3.609099,-2.290156,-3.688837,-37.65096,-53.99529
35820.,31.25245,-3.868759,-3.609653,-2.290716,-3.689394,-37.65144,-53.99574
35830.,31.25208,-3.869316,-3.610208,-2.291275,-3.68995,-37.65192,-53.99619
35840.,31.25171,-3.869872,-3.610761,-2.291835,-3.690505,-37.6524,-53.99665
35850.,31.25134,-3.870427,-3.611314,-2.292393,-3.69106,-37.65288,-53.9971
35860.,31.25097,-3.870981,-3.611867,-2.292951,-3.691614,-37.65335,-53.99755
35870.,31.2506,-3.871535,-3.612419,-2.293509,-3.692168,-37.65383,-53.998
35880.,31.25023,-3.872089,-3.61297,-2.294065,-3.692721,-37.65431,-53.99845
35890.,31.24986,-3.872642,-3.613521,-2.294622,-3.693274,-37.65478,-53.9989
35900.,31.24949,-3.873194,-3.614071,-2.295177,-3.693825,-37.65526,-53.99935
35910.,31.24912,-3.873746,-3.614621,-2.295732,-3.694377,-37.65573,-53.9998
35920.,31.24875,-3.874297,-3.61517,-2.296287,-3.694928,-37.65621,-54.00025
35930.,31.24839,-3.874848,-3.615719,-2.296841,-3.695478,-37.65668,-54.0007
35940.,31.24802,-3.875398,-3.616267,-2.297395,-3.696028,-37.65715,-54.00115
35950.,31.24765,-3.875948,-3.616814,-2.297947,-3.696577,-37.65763,-54.00159
35960.,31.24729,-3.876497,-3.617361,-2.2985,-3.697126,-37.6581,-54.00204
35970.,31.24692,-3.877045,-3.617907,-2.299052,-3.697674,-37.65857,-54.00249
35980.,31.24655,-3.877593,-3.618453,-2.299603,-3.698221,-37.65904,-54.00293
35990.,31.24619,-3.878141,-3.618999,-2.300153,-3.698768,-37.65951,-54.00338
36000.,31.24582,-3.878688,-3.619543,-2.300704,-3.699315,-37.65999,-54.00382
36010.,31.24546,-3.879234,-3.620087,-2.301253,-3.69986,-37.66046,-54.00427
36020.,31.2451,-3.87978,-3.620631,-2.301802,-3.700406,-37.66092,-54.00471
36030.,31.24473,-3.880325,-3.621174,-2.302351,-3.70095,-37.66139,-54.00516
36040.,31.24437,-3.880869,-3.621717,-2.302898,-3.701495,-37.66186,-54.0056
36050.,31.24401,-3.881413,-3.622258,-2.303446,-3.702038,-37.66233,-54.00604
36060.,31.24364,-3.881957,-3.6228,-2.303992,-3.702581,-37.6628,-54.00649
36070.,31.24328,-3.8825,-3.623341,-2.304539,-3.703124,-37.66327,-54.00693
36080.,31.24292,-3.883042,-3.623881,-2.305084,-3.703666,-37.66373,-54.00737
36090.,31.24256,-3.883584,-3.624421,-2.305629,-3.704207,-37.6642,-54.00781
36100.,31.2422,-3.884125,-3.62496,-2.306174,-3.704748,-37.66466,-54.00825
36110.,31.24184,-3.884666,-3.625499,-2.306718,-3.705288,-37.66513,-54.00869
36120.,31.24147,-3.885206,-3.626037,-2.307261,-3.705828,-37.66559,-54.00913
36130.,31.24111,-3.885746,-3.626574,-2.307804,-3.706367,-37.66606,-54.00957
36140.,31.24075,-3.886285,-3.627111,-2.308347,-3.706906,-37.66652,-54.01001
36150.,31.2404,-3.886823,-3.627648,-2.308888,-3.707444,-37.66699,-54.01045
36160.,31.24004,-3.887361,-3.628184,-2.30943,-3.707982,-37.66745,-54.01089
36170.,31.23968,-3.887899,-3.628719,-2.30997,-3.708519,-37.66791,-54.01133
36180.,31.23932,-3.888436,-3.629254,-2.31051,-3.709055,-37.66837,-54.01176
36190.,31.23896,-3.888972,-3.629788,-2.31105,-3.709591,-37.66883,-54.0122
36200.,31.2386,-3.889508,-3.630322,-2.311589,-3.710127,-37.6693,-54.01264
36210.,31.23825,-3.890043,-3.630855,-2.312128,-3.710662,-37.66976,-54.01307
36220.,31.23789,-3.890578,-3.631388,-2.312665,-3.711196,-37.67022,-54.01351
36230.,31.23753,-3.891112,-3.63192,-2.313203,-3.71173,-37.67068,-54.01394
36240.,31.23718,-3.891646,-3.632452,-2.31374,-3.712263,-37.67113,-54.01438
36250.,31.23682,-3.892179,-3.632983,-2.314276,-3.712796,-37.67159,-54.01481
36260.,31.23647,-3.892712,-3.633513,-2.314812,-3.713328,-37.67205,-54.01524
36270.,31.23611,-3.893244,-3.634043,-2.315347,-3.713859,-37.67251,-54.01568
36280.,31.23576,-3.893775,-3.634572,-2.315882,-3.71439,-37.67297,-54.01611
36290.,31.2354,-3.894306,-3.635101,-2.316416,-3.714921,-37.67342,-54.01654
36300.,31.23505,-3.894836,-3.63563,-2.316949,-3.715451,-37.67388,-54.01697
36310.,31.23469,-3.895366,-3.636158,-2.317482,-3.71598,-37.67434,-54.01741
36320.,31.23434,-3.895896,-3.636685,-2.318015,-3.716509,-37.67479,-54.01784
36330.,31.23399,-3.896424,-3.637212,-2.318547,-3.717038,-37.67525,-54.01827
36340.,31.23364,-3.896953,-3.637738,-2.319078,-3.717566,-37.6757,-54.0187
36350.,31.23328,-3.89748,-3.638263,-2.319609,-3.718093,-37.67615,-54.01913
36360.,31.23293,-3.898008,-3.638789,-2.32014,-3.71862,-37.67661,-54.01956
36370.,31.23258,-3.898534,-3.639313,-2.320669,-3.719146,-37.67706,-54.01999
36380.,31.23223,-3.89906,-3.639837,-2.321199,-3.719672,-37.67751,-54.02041
36390.,31.23188,-3.899586,-3.640361,-2.321727,-3.720197,-37.67797,-54.02084
36400.,31.23153,-3.900111,-3.640884,-2.322256,-3.720721,-37.67842,-54.02127
36410.,31.23118,-3.900635,-3.641406,-2.322783,-3.721246,-37.67887,-54.0217
36420.,31.23083,-3.901159,-3.641928,-2.32331,-3.721769,-37.67932,-54.02212
36430.,31.23048,-3.901683,-3.64245,-2.323837,-3.722292,-37.67977,-54.02255
36440.,31.23013,-3.902206,-3.642971,-2.324363,-3.722815,-37.68022,-54.02298
36450.,31.22978,-3.902728,-3.643491,-2.324889,-3.723337,-37.68067,-54.0234
36460.,31.22943,-3.90325,-3.644011,-2.325414,-3.723858,-37.68112,-54.02383
36470.,31.22909,-3.903771,-3.64453,-2.325938,-3.724379,-37.68157,-54.02425
36480.,31.22874,-3.904292,-3.645049,-2.326462,-3.724899,-37.68202,-54.02467
36490.,31.22839,-3.904812,-3.645567,-2.326985,-3.725419,-37.68246,-54.0251
36500.,31.22804,-3.905332,-3.646085,-2.327508,-3.725939,-37.68291,-54.02552
36510.,31.2277,-3.905851,-3.646602,-2.328031,-3.726457,-37.68336,-54.02594
36520.,31.22735,-3.90637,-3.647119,-2.328552,-3.726976,-37.6838,-54.02637
36530.,31.22701,-3.906888,-3.647635,-2.329074,-3.727494,-37.68425,-54.02679
36540.,31.22666,-3.907406,-3.648151,-2.329594,-3.728011,-37.68469,-54.02721
36550.,31.22632,-3.907923,-3.648666,-2.330115,-3.728527,-37.68514,-54.02763
36560.,31.22597,-3.90844,-3.64918,-2.330634,-3.729044,-37.68558,-54.02805
36570.,31.22563,-3.908956,-3.649694,-2.331153,-3.729559,-37.68603,-54.02847
36580.,31.22528,-3.909471,-3.650208,-2.331672,-3.730074,-37.68647,-54.02889
36590.,31.22494,-3.909986,-3.650721,-2.33219,-3.730589,-37.68692,-54.02931
36600.,31.2246,-3.910501,-3.651233,-2.332708,-3.731103,-37.68736,-54.02973
36610.,31.22425,-3.911015,-3.651745,-2.333225,-3.731617,-37.6878,-54.03015
36620.,31.22391,-3.911528,-3.652257,-2.333741,-3.73213,-37.68824,-54.03057
36630.,31.22357,-3.912041,-3.652768,-2.334257,-3.732642,-37.68868,-54.03098
36640.,31.22323,-3.912553,-3.653278,-2.334773,-3.733154,-37.68912,-54.0314
36650.,31.22289,-3.913065,-3.653788,-2.335288,-3.733666,-37.68956,-54.03182
36660.,31.22254,-3.913577,-3.654298,-2.335802,-3.734177,-37.69,-54.03224
36670.,31.2222,-3.914087,-3.654806,-2.336316,-3.734687,-37.69044,-54.03265
36680.,31.22186,-3.914598,-3.655315,-2.336829,-3.735197,-37.69088,-54.03307
36690.,31.22152,-3.915108,-3.655823,-2.337342,-3.735707,-37.69132,-54.03348
36700.,31.22118,-3.915617,-3.65633,-2.337855,-3.736215,-37.69176,-54.0339
36710.,31.22084,-3.916126,-3.656837,-2.338367,-3.736724,-37.6922,-54.03431
36720.,31.2205,-3.916634,-3.657343,-2.338878,-3.737232,-37.69263,-54.03472
36730.,31.22017,-3.917142,-3.657849,-2.339389,-3.737739,-37.69307,-54.03514
36740.,31.21983,-3.917649,-3.658354,-2.339899,-3.738246,-37.69351,-54.03555
36750.,31.21949,-3.918156,-3.658859,-2.340409,-3.738752,-37.69394,-54.03596
36760.,31.21915,-3.918662,-3.659363,-2.340918,-3.739258,-37.69438,-54.03638
36770.,31.21881,-3.919167,-3.659867,-2.341427,-3.739763,-37.69481,-54.03679
36780.,31.21848,-3.919673,-3.66037,-2.341935,-3.740268,-37.69525,-54.0372
36790.,31.21814,-3.920177,-3.660873,-2.342442,-3.740772,-37.69568,-54.03761
36800.,31.2178,-3.920681,-3.661375,-2.34295,-3.741276,-37.69612,-54.03802
36810.,31.21747,-3.921185,-3.661877,-2.343456,-3.741779,-37.69655,-54.03843
36820.,31.21713,-3.921688,-3.662378,-2.343962,-3.742282,-37.69698,-54.03884
36830.,31.2168,-3.922191,-3.662879,-2.344468,-3.742784,-37.69742,-54.03925
36840.,31.21646,-3.922693,-3.663379,-2.344973,-3.743286,-37.69785,-54.03966
36850.,31.21613,-3.923194,-3.663878,-2.345478,-3.743787,-37.69828,-54.04007
36860.,31.21579,-3.923696,-3.664377,-2.345982,-3.744288,-37.69871,-54.04048
36870.,31.21546,-3.924196,-3.664876,-2.346485,-3.744788,-37.69914,-54.04088
36880.,31.21513,-3.924696,-3.665374,-2.346989,-3.745288,-37.69957,-54.04129
36890.,31.21479,-3.925196,-3.665872,-2.347491,-3.745787,-37.7,-54.0417
36900.,31.21446,-3.925695,-3.666369,-2.347993,-3.746286,-37.70043,-54.0421
36910.,31.21413,-3.926193,-3.666866,-2.348495,-3.746784,-37.70086,-54.04251
36920.,31.21379,-3.926691,-3.667362,-2.348996,-3.747282,-37.70129,-54.04291
36930.,31.21346,-3.927189,-3.667857,-2.349496,-3.747779,-37.70172,-54.04332
36940.,31.21313,-3.927686,-3.668352,-2.349996,-3.748275,-37.70214,-54.04372
36950.,31.2128,-3.928183,-3.668847,-2.350496,-3.748771,-37.70257,-54.04413
36960.,31.21247,-3.928679,-3.669341,-2.350995,-3.749267,-37.703,-54.04453
36970.,31.21214,-3.929174,-3.669835,-2.351493,-3.749762,-37.70342,-54.04494
36980.,31.21181,-3.929669,-3.670328,-2.351991,-3.750257,-37.70385,-54.04534
36990.,31.21148,-3.930164,-3.670821,-2.352489,-3.750751,-37.70428,-54.04574
37000.,31.21115,-3.930658,-3.671313,-2.352986,-3.751245,-37.7047,-54.04614
37010.,31.21082,-3.931151,-3.671804,-2.353482,-3.751738,-37.70513,-54.04655
37020.,31.21049,-3.931644,-3.672295,-2.353978,-3.75223,-37.70555,-54.04695
37030.,31.21016,-3.932137,-3.672786,-2.354474,-3.752723,-37.70597,-54.04735
37040.,31.20983,-3.932629,-3.673276,-2.354969,-3.753214,-37.7064,-54.04775
37050.,31.20951,-3.93312,-3.673766,-2.355463,-3.753705,-37.70682,-54.04815
37060.,31.20918,-3.933611,-3.674255,-2.355957,-3.754196,-37.70724,-54.04855
37070.,31.20885,-3.934102,-3.674743,-2.35645,-3.754686,-37.70766,-54.04895
37080.,31.20852,-3.934592,-3.675232,-2.356943,-3.755176,-37.70809,-54.04935
37090.,31.2082,-3.935081,-3.675719,-2.357436,-3.755665,-37.70851,-54.04975
37100.,31.20787,-3.93557,-3.676206,-2.357928,-3.756154,-37.70893,-54.05014
37110.,31.20754,-3.936059,-3.676693,-2.358419,-3.756642,-37.70935,-54.05054
37120.,31.20722,-3.936547,-3.677179,-2.35891,-3.757129,-37.70977,-54.05094
37130.,31.20689,-3.937034,-3.677665,-2.359401,-3.757616,-37.71019,-54.05134
37140.,31.20657,-3.937521,-3.67815,-2.359891,-3.758103,-37.71061,-54.05173
37150.,31.20624,-3.938008,-3.678635,-2.36038,-3.758589,-37.71103,-54.05213
37160.,31.20592,-3.938494,-3.679119,-2.360869,-3.759075,-37.71144,-54.05253
37170.,31.2056,-3.938979,-3.679602,-2.361358,-3.75956,-37.71186,-54.05292
37180.,31.20527,-3.939465,-3.680086,-2.361846,-3.760045,-37.71228,-54.05332
37190.,31.20495,-3.939949,-3.680568,-2.362333,-3.760529,-37.7127,-54.05371
37200.,31.20463,-3.940433,-3.68105,-2.36282,-3.761013,-37.71311,-54.0541
37210.,31.2043,-3.940917,-3.681532,-2.363307,-3.761496,-37.71353,-54.0545
37220.,31.20398,-3.9414,-3.682013,-2.363793,-3.761979,-37.71394,-54.05489
37230.,31.20366,-3.941883,-3.682494,-2.364278,-3.762461,-37.71436,-54.05529
37240.,31.20334,-3.942365,-3.682974,-2.364763,-3.762943,-37.71477,-54.05568
37250.,31.20302,-3.942846,-3.683454,-2.365248,-3.763424,-37.71519,-54.05607
37260.,31.2027,-3.943327,-3.683933,-2.365732,-3.763905,-37.7156,-54.05646
37270.,31.20237,-3.943808,-3.684412,-2.366215,-3.764385,-37.71602,-54.05685
37280.,31.20205,-3.944288,-3.684891,-2.366698,-3.764865,-37.71643,-54.05724
37290.,31.20173,-3.944768,-3.685368,-2.367181,-3.765344,-37.71684,-54.05763
37300.,31.20141,-3.945247,-3.685846,-2.367663,-3.765823,-37.71725,-54.05803
37310.,31.2011,-3.945726,-3.686323,-2.368144,-3.766301,-37.71767,-54.05841
37320.,31.20078,-3.946204,-3.686799,-2.368626,-3.766779,-37.71808,-54.0588
37330.,31.20046,-3.946682,-3.687275,-2.369106,-3.767257,-37.71849,-54.05919
37340.,31.20014,-3.947159,-3.68775,-2.369586,-3.767733,-37.7189,-54.05958
37350.,31.19982,-3.947636,-3.688225,-2.370066,-3.76821,-37.71931,-54.05997
37360.,31.1995,-3.948112,-3.6887,-2.370545,-3.768686,-37.71972,-54.06036
37370.,31.19919,-3.948588,-3.689174,-2.371024,-3.769161,-37.72013,-54.06075
37380.,31.19887,-3.949063,-3.689647,-2.371502,-3.769636,-37.72054,-54.06113
37390.,31.19855,-3.949538,-3.69012,-2.37198,-3.770111,-37.72095,-54.06152
37400.,31.19824,-3.950012,-3.690593,-2.372457,-3.770585,-37.72135,-54.06191
37410.,31.19792,-3.950486,-3.691065,-2.372933,-3.771058,-37.72176,-54.06229
37420.,31.1976,-3.95096,-3.691536,-2.37341,-3.771531,-37.72217,-54.06268
37430.,31.19729,-3.951433,-3.692007,-2.373885,-3.772004,-37.72258,-54.06306
37440.,31.19697,-3.951905,-3.692478,-2.374361,-3.772476,-37.72298,-54.06345
37450.,31.19666,-3.952377,-3.692948,-2.374836,-3.772947,-37.72339,-54.06383
37460.,31.19634,-3.952848,-3.693418,-2.37531,-3.773418,-37.72379,-54.06421
37470.,31.19603,-3.953319,-3.693887,-2.375784,-3.773889,-37.7242,-54.0646
37480.,31.19572,-3.95379,-3.694356,-2.376257,-3.774359,-37.7246,-54.06498
37490.,31.1954,-3.95426,-3.694824,-2.37673,-3.774829,-37.72501,-54.06536
37500.,31.19509,-3.95473,-3.695292,-2.377202,-3.775298,-37.72541,-54.06575
37510.,31.19478,-3.955199,-3.695759,-2.377674,-3.775767,-37.72582,-54.06613
37520.,31.19446,-3.955667,-3.696226,-2.378146,-3.776235,-37.72622,-54.06651
37530.,31.19415,-3.956135,-3.696692,-2.378617,-3.776703,-37.72662,-54.06689
37540.,31.19384,-3.956603,-3.697158,-2.379087,-3.77717,-37.72702,-54.06727
37550.,31.19353,-3.95707,-3.697623,-2.379557,-3.777637,-37.72743,-54.06765
37560.,31.19322,-3.957537,-3.698088,-2.380026,-3.778103,-37.72783,-54.06803
37570.,31.19291,-3.958003,-3.698553,-2.380496,-3.778569,-37.72823,-54.06841
37580.,31.19259,-3.958469,-3.699016,-2.380964,-3.779035,-37.72863,-54.06879
37590.,31.19228,-3.958934,-3.69948,-2.381432,-3.7795,-37.72903,-54.06917
37600.,31.19197,-3.959399,-3.699943,-2.3819,-3.779964,-37.72943,-54.06955
37610.,31.19166,-3.959863,-3.700406,-2.382367,-3.780428,-37.72983,-54.06993
37620.,31.19136,-3.960327,-3.700868,-2.382834,-3.780892,-37.73023,-54.07031
37630.,31.19105,-3.960791,-3.701329,-2.3833,-3.781355,-37.73063,-54.07068
37640.,31.19074,-3.961254,-3.70179,-2.383765,-3.781817,-37.73103,-54.07106
37650.,31.19043,-3.961716,-3.702251,-2.384231,-3.782279,-37.73142,-54.07144
37660.,31.19012,-3.962178,-3.702711,-2.384696,-3.782741,-37.73182,-54.07181
37670.,31.18981,-3.96264,-3.703171,-2.38516,-3.783202,-37.73222,-54.07219
37680.,31.18951,-3.963101,-3.70363,-2.385624,-3.783663,-37.73262,-54.07256
37690.,31.1892,-3.963561,-3.704089,-2.386087,-3.784123,-37.73301,-54.07294
37700.,31.18889,-3.964021,-3.704547,-2.38655,-3.784583,-37.73341,-54.07331
37710.,31.18858,-3.964481,-3.705005,-2.387012,-3.785042,-37.7338,-54.07369
37720.,31.18828,-3.96494,-3.705463,-2.387474,-3.785501,-37.7342,-54.07406
37730.,31.18797,-3.965399,-3.70592,-2.387936,-3.785959,-37.73459,-54.07444
37740.,31.18767,-3.965857,-3.706376,-2.388397,-3.786417,-37.73499,-54.07481
37750.,31.18736,-3.966315,-3.706832,-2.388857,-3.786875,-37.73538,-54.07518
37760.,31.18706,-3.966772,-3.707288,-2.389317,-3.787332,-37.73577,-54.07555
37770.,31.18675,-3.967229,-3.707743,-2.389777,-3.787788,-37.73617,-54.07593
37780.,31.18645,-3.967686,-3.708198,-2.390236,-3.788244,-37.73656,-54.0763
37790.,31.18614,-3.968142,-3.708652,-2.390695,-3.7887,-37.73695,-54.07667
37800.,31.18584,-3.968597,-3.709105,-2.391153,-3.789155,-37.73734,-54.07704
37810.,31.18554,-3.969052,-3.709559,-2.391611,-3.78961,-37.73774,-54.07741
37820.,31.18523,-3.969507,-3.710012,-2.392068,-3.790064,-37.73813,-54.07778
37830.,31.18493,-3.969961,-3.710464,-2.392525,-3.790518,-37.73852,-54.07815
37840.,31.18463,-3.970414,-3.710916,-2.392981,-3.790971,-37.73891,-54.07852
37850.,31.18432,-3.970868,-3.711367,-2.393437,-3.791424,-37.7393,-54.07889
37860.,31.18402,-3.97132,-3.711818,-2.393893,-3.791876,-37.73969,-54.07926
37870.,31.18372,-3.971772,-3.712269,-2.394348,-3.792328,-37.74008,-54.07963
37880.,31.18342,-3.972224,-3.712719,-2.394802,-3.792779,-37.74047,-54.07999
37890.,31.18312,-3.972676,-3.713168,-2.395256,-3.79323,-37.74085,-54.08036
37900.,31.18282,-3.973127,-3.713617,-2.39571,-3.793681,-37.74124,-54.08073
37910.,31.18252,-3.973577,-3.714066,-2.396163,-3.794131,-37.74163,-54.08109
37920.,31.18222,-3.974027,-3.714514,-2.396616,-3.794581,-37.74202,-54.08146
37930.,31.18192,-3.974476,-3.714962,-2.397068,-3.79503,-37.7424,-54.08183
37940.,31.18162,-3.974925,-3.715409,-2.397519,-3.795479,-37.74279,-54.08219
37950.,31.18132,-3.975374,-3.715856,-2.397971,-3.795927,-37.74318,-54.08256
37960.,31.18102,-3.975822,-3.716303,-2.398422,-3.796375,-37.74356,-54.08292
37970.,31.18072,-3.97627,-3.716749,-2.398872,-3.796822,-37.74395,-54.08329
37980.,31.18042,-3.976717,-3.717194,-2.399322,-3.797269,-37.74433,-54.08365
37990.,31.18013,-3.977164,-3.717639,-2.399771,-3.797715,-37.74472,-54.08402
38000.,31.17983,-3.97761,-3.718084,-2.40022,-3.798161,-37.7451,-54.08438
38010.,31.17953,-3.978056,-3.718528,-2.400669,-3.798607,-37.74548,-54.08474
38020.,31.17923,-3.978502,-3.718972,-2.401117,-3.799052,-37.74587,-54.0851
38030.,31.17894,-3.978947,-3.719415,-2.401565,-3.799496,-37.74625,-54.08547
38040.,31.17864,-3.979391,-3.719858,-2.402012,-3.799941,-37.74663,-54.08583
38050.,31.17834,-3.979835,-3.7203,-2.402459,-3.800384,-37.74701,-54.08619
38060.,31.17805,-3.980279,-3.720742,-2.402905,-3.800828,-37.7474,-54.08655
38070.,31.17775,-3.980722,-3.721183,-2.403351,-3.801271,-37.74778,-54.08691
38080.,31.17746,-3.981165,-3.721624,-2.403796,-3.801713,-37.74816,-54.08727
38090.,31.17716,-3.981607,-3.722065,-2.404241,-3.802155,-37.74854,-54.08763
38100.,31.17687,-3.982049,-3.722505,-2.404685,-3.802596,-37.74892,-54.08799
38110.,31.17657,-3.98249,-3.722945,-2.40513,-3.803037,-37.7493,-54.08835
38120.,31.17628,-3.982931,-3.723384,-2.405573,-3.803478,-37.74968,-54.08871
38130.,31.17598,-3.983371,-3.723823,-2.406016,-3.803918,-37.75006,-54.08907
38140.,31.17569,-3.983812,-3.724261,-2.406459,-3.804358,-37.75044,-54.08943
38150.,31.1754,-3.984251,-3.724699,-2.406901,-3.804797,-37.75081,-54.08979
38160.,31.17511,-3.98469,-3.725136,-2.407343,-3.805236,-37.75119,-54.09014
38170.,31.17481,-3.985129,-3.725573,-2.407784,-3.805674,-37.75157,-54.0905
38180.,31.17452,-3.985567,-3.72601,-2.408225,-3.806112,-37.75195,-54.09086
38190.,31.17423,-3.986005,-3.726446,-2.408666,-3.80655,-37.75232,-54.09121
38200.,31.17394,-3.986442,-3.726882,-2.409106,-3.806987,-37.7527,-54.09157
38210.,31.17365,-3.986879,-3.727317,-2.409545,-3.807423,-37.75307,-54.09193
38220.,31.17335,-3.987316,-3.727752,-2.409984,-3.807859,-37.75345,-54.09228
38230.,31.17306,-3.987752,-3.728186,-2.410423,-3.808295,-37.75383,-54.09264
38240.,31.17277,-3.988187,-3.72862,-2.410861,-3.80873,-37.7542,-54.09299
38250.,31.17248,-3.988623,-3.729054,-2.411299,-3.809165,-37.75457,-54.09335
38260.,31.17219,-3.989057,-3.729487,-2.411736,-3.809599,-37.75495,-54.0937
38270.,31.1719,-3.989492,-3.729919,-2.412173,-3.810033,-37.75532,-54.09405
38280.,31.17161,-3.989925,-3.730351,-2.412609,-3.810467,-37.7557,-54.09441
38290.,31.17132,-3.990359,-3.730783,-2.413045,-3.8109,-37.75607,-54.09476
38300.,31.17104,-3.990792,-3.731214,-2.413481,-3.811333,-37.75644,-54.09511
38310.,31.17075,-3.991224,-3.731645,-2.413916,-3.811765,-37.75681,-54.09547
38320.,31.17046,-3.991656,-3.732075,-2.414351,-3.812196,-37.75719,-54.09582
38330.,31.17017,-3.992088,-3.732505,-2.414785,-3.812628,-37.75756,-54.09617
38340.,31.16988,-3.992519,-3.732935,-2.415219,-3.813059,-37.75793,-54.09652
38350.,31.1696,-3.99295,-3.733364,-2.415652,-3.813489,-37.7583,-54.09687
38360.,31.16931,-3.99338,-3.733793,-2.416085,-3.813919,-37.75867,-54.09722
38370.,31.16902,-3.99381,-3.734221,-2.416517,-3.814349,-37.75904,-54.09757
38380.,31.16874,-3.994239,-3.734649,-2.416949,-3.814778,-37.75941,-54.09792
38390.,31.16845,-3.994668,-3.735076,-2.417381,-3.815206,-37.75978,-54.09827
38400.,31.16816,-3.995097,-3.735503,-2.417812,-3.815635,-37.76015,-54.09862
38410.,31.16788,-3.995525,-3.735929,-2.418243,-3.816062,-37.76051,-54.09897
38420.,31.16759,-3.995953,-3.736356,-2.418673,-3.81649,-37.76088,-54.09932
38430.,31.16731,-3.99638,-3.736781,-2.419103,-3.816917,-37.76125,-54.09966
38440.,31.16702,-3.996807,-3.737206,-2.419532,-3.817343,-37.76162,-54.10001
38450.,31.16674,-3.997233,-3.737631,-2.419961,-3.817769,-37.76198,-54.10036
38460.,31.16646,-3.997659,-3.738055,-2.42039,-3.818195,-37.76235,-54.10071
38470.,31.16617,-3.998085,-3.738479,-2.420818,-3.81862,-37.76272,-54.10105
38480.,31.16589,-3.99851,-3.738903,-2.421246,-3.819045,-37.76308,-54.1014
38490.,31.16561,-3.998935,-3.739326,-2.421673,-3.819469,-37.76345,-54.10174
38500.,31.16532,-3.999359,-3.739748,-2.4221,-3.819893,-37.76381,-54.10209
38510.,31.16504,-3.999783,-3.740171,-2.422526,-3.820317,-37.76418,-54.10243
38520.,31.16476,-4.000206,-3.740592,-2.422952,-3.82074,-37.76454,-54.10278
38530.,31.16448,-4.000629,-3.741014,-2.423378,-3.821162,-37.76491,-54.10312
38540.,31.16419,-4.001052,-3.741435,-2.423803,-3.821585,-37.76527,-54.10347
38550.,31.16391,-4.001474,-3.741855,-2.424227,-3.822006,-37.76563,-54.10381
38560.,31.16363,-4.001895,-3.742275,-2.424651,-3.822428,-37.76599,-54.10415
38570.,31.16335,-4.002317,-3.742695,-2.425075,-3.822849,-37.76636,-54.1045
38580.,31.16307,-4.002738,-3.743114,-2.425499,-3.823269,-37.76672,-54.10484
38590.,31.16279,-4.003158,-3.743533,-2.425921,-3.823689,-37.76708,-54.10518
38600.,31.16251,-4.003578,-3.743951,-2.426344,-3.824109,-37.76744,-54.10552
38610.,31.16223,-4.003997,-3.744369,-2.426766,-3.824528,-37.7678,-54.10587
38620.,31.16195,-4.004417,-3.744786,-2.427188,-3.824947,-37.76816,-54.10621
38630.,31.16167,-4.004835,-3.745204,-2.427609,-3.825365,-37.76852,-54.10655
38640.,31.16139,-4.005253,-3.74562,-2.42803,-3.825783,-37.76888,-54.10689
38650.,31.16111,-4.005671,-3.746036,-2.42845,-3.826201,-37.76924,-54.10723
38660.,31.16083,-4.006089,-3.746452,-2.42887,-3.826618,-37.7696,-54.10757
38670.,31.16056,-4.006506,-3.746868,-2.429289,-3.827035,-37.76996,-54.10791
38680.,31.16028,-4.006922,-3.747283,-2.429708,-3.827451,-37.77032,-54.10825
38690.,31.16,-4.007338,-3.747697,-2.430127,-3.827867,-37.77068,-54.10859
38700.,31.15972,-4.007754,-3.748111,-2.430545,-3.828282,-37.77104,-54.10893
38710.,31.15945,-4.00817,-3.748525,-2.430963,-3.828697,-37.77139,-54.10926
38720.,31.15917,-4.008584,-3.748938,-2.431381,-3.829112,-37.77175,-54.1096
38730.,31.15889,-4.008999,-3.749351,-2.431797,-3.829526,-37.77211,-54.10994
38740.,31.15862,-4.009413,-3.749763,-2.432214,-3.829939,-37.77246,-54.11028
38750.,31.15834,-4.009827,-3.750175,-2.43263,-3.830353,-37.77282,-54.11061
38760.,31.15807,-4.01024,-3.750587,-2.433046,-3.830766,-37.77317,-54.11095
38770.,31.15779,-4.010653,-3.750998,-2.433461,-3.831178,-37.77353,-54.11129
38780.,31.15752,-4.011065,-3.751409,-2.433876,-3.83159,-37.77388,-54.11162
38790.,31.15724,-4.011477,-3.751819,-2.43429,-3.832002,-37.77424,-54.11196
38800.,31.15697,-4.011888,-3.752229,-2.434704,-3.832413,-37.77459,-54.11229
38810.,31.15669,-4.012299,-3.752639,-2.435118,-3.832824,-37.77495,-54.11263
38820.,31.15642,-4.01271,-3.753048,-2.435531,-3.833234,-37.7753,-54.11296
38830.,31.15615,-4.01312,-3.753457,-2.435944,-3.833644,-37.77565,-54.1133
38840.,31.15587,-4.01353,-3.753865,-2.436356,-3.834054,-37.77601,-54.11363
38850.,31.1556,-4.01394,-3.754273,-2.436768,-3.834463,-37.77636,-54.11396
38860.,31.15533,-4.014349,-3.75468,-2.43718,-3.834872,-37.77671,-54.1143
38870.,31.15505,-4.014757,-3.755087,-2.437591,-3.83528,-37.77706,-54.11463
38880.,31.15478,-4.015166,-3.755494,-2.438001,-3.835688,-37.77741,-54.11496
38890.,31.15451,-4.015573,-3.7559,-2.438412,-3.836095,-37.77776,-54.11529
38900.,31.15424,-4.015981,-3.756306,-2.438821,-3.836502,-37.77811,-54.11562
38910.,31.15397,-4.016388,-3.756711,-2.439231,-3.836909,-37.77846,-54.11596
38920.,31.1537,-4.016794,-3.757116,-2.43964,-3.837315,-37.77881,-54.11629
38930.,31.15342,-4.0172,-3.757521,-2.440048,-3.837721,-37.77916,-54.11662
38940.,31.15315,-4.017606,-3.757925,-2.440457,-3.838126,-37.77951,-54.11695
38950.,31.15288,-4.018011,-3.758329,-2.440864,-3.838531,-37.77986,-54.11728
38960.,31.15261,-4.018416,-3.758732,-2.441272,-3.838936,-37.78021,-54.11761
38970.,31.15234,-4.018821,-3.759135,-2.441679,-3.83934,-37.78056,-54.11794
38980.,31.15207,-4.019225,-3.759538,-2.442085,-3.839744,-37.78091,-54.11827
38990.,31.15181,-4.019629,-3.75994,-2.442491,-3.840147,-37.78125,-54.1186
39000.,31.15154,-4.020032,-3.760341,-2.442897,-3.84055,-37.7816,-54.11892
39010.,31.15127,-4.020435,-3.760743,-2.443302,-3.840953,-37.78195,-54.11925
39020.,31.151,-4.020837,-3.761144,-2.443707,-3.841355,-37.78229,-54.11958
39030.,31.15073,-4.021239,-3.761544,-2.444111,-3.841757,-37.78264,-54.11991
39040.,31.15046,-4.021641,-3.761944,-2.444515,-3.842158,-37.78298,-54.12023
39050.,31.1502,-4.022042,-3.762344,-2.444919,-3.842559,-37.78333,-54.12056
39060.,31.14993,-4.022443,-3.762743,-2.445322,-3.842959,-37.78367,-54.12089
39070.,31.14966,-4.022843,-3.763142,-2.445725,-3.84336,-37.78402,-54.12121
39080.,31.14939,-4.023243,-3.76354,-2.446128,-3.843759,-37.78436,-54.12154
39090.,31.14913,-4.023643,-3.763938,-2.44653,-3.844159,-37.78471,-54.12186
39100.,31.14886,-4.024042,-3.764336,-2.446931,-3.844557,-37.78505,-54.12219
39110.,31.1486,-4.024441,-3.764733,-2.447332,-3.844956,-37.78539,-54.12251
39120.,31.14833,-4.024839,-3.76513,-2.447733,-3.845354,-37.78574,-54.12284
39130.,31.14807,-4.025237,-3.765527,-2.448133,-3.845752,-37.78608,-54.12316
39140.,31.1478,-4.025635,-3.765923,-2.448533,-3.846149,-37.78642,-54.12349
39150.,31.14754,-4.026032,-3.766318,-2.448933,-3.846546,-37.78676,-54.12381
39160.,31.14727,-4.026429,-3.766714,-2.449332,-3.846942,-37.7871,-54.12413
39170.,31.14701,-4.026825,-3.767108,-2.449731,-3.847338,-37.78744,-54.12446
39180.,31.14674,-4.027221,-3.767503,-2.450129,-3.847734,-37.78779,-54.12478
39190.,31.14648,-4.027617,-3.767897,-2.450527,-3.848129,-37.78813,-54.1251
39200.,31.14621,-4.028012,-3.768291,-2.450925,-3.848524,-37.78847,-54.12542
39210.,31.14595,-4.028407,-3.768684,-2.451322,-3.848919,-37.78881,-54.12574
39220.,31.14569,-4.028801,-3.769077,-2.451719,-3.849313,-37.78914,-54.12606
39230.,31.14543,-4.029195,-3.769469,-2.452115,-3.849706,-37.78948,-54.12639
39240.,31.14516,-4.029589,-3.769861,-2.452511,-3.8501,-37.78982,-54.12671
39250.,31.1449,-4.029982,-3.770253,-2.452906,-3.850492,-37.79016,-54.12703
39260.,31.14464,-4.030375,-3.770644,-2.453302,-3.850885,-37.7905,-54.12735
39270.,31.14438,-4.030767,-3.771035,-2.453696,-3.851277,-37.79084,-54.12767
39280.,31.14412,-4.031159,-3.771425,-2.454091,-3.851669,-37.79117,-54.12798
39290.,31.14386,-4.03155,-3.771815,-2.454485,-3.85206,-37.79151,-54.1283
39300.,31.14359,-4.031942,-3.772205,-2.454878,-3.852451,-37.79185,-54.12862
39310.,31.14333,-4.032332,-3.772594,-2.455271,-3.852841,-37.79218,-54.12894
39320.,31.14307,-4.032723,-3.772983,-2.455664,-3.853231,-37.79252,-54.12926
39330.,31.14281,-4.033113,-3.773372,-2.456056,-3.853621,-37.79285,-54.12958
39340.,31.14255,-4.033502,-3.77376,-2.456448,-3.85401,-37.79319,-54.12989
39350.,31.14229,-4.033892,-3.774147,-2.45684,-3.854399,-37.79352,-54.13021
39360.,31.14204,-4.03428,-3.774535,-2.457231,-3.854788,-37.79386,-54.13053
39370.,31.14178,-4.034669,-3.774922,-2.457622,-3.855176,-37.79419,-54.13084
39380.,31.14152,-4.035057,-3.775308,-2.458012,-3.855564,-37.79453,-54.13116
39390.,31.14126,-4.035444,-3.775694,-2.458402,-3.855951,-37.79486,-54.13147
39400.,31.141,-4.035832,-3.77608,-2.458791,-3.856338,-37.79519,-54.13179
39410.,31.14074,-4.036219,-3.776465,-2.459181,-3.856724,-37.79553,-54.1321
39420.,31.14049,-4.036605,-3.77685,-2.459569,-3.857111,-37.79586,-54.13242
39430.,31.14023,-4.036991,-3.777235,-2.459958,-3.857496,-37.79619,-54.13273
39440.,31.13997,-4.037377,-3.777619,-2.460346,-3.857882,-37.79652,-54.13305
39450.,31.13971,-4.037762,-3.778003,-2.460733,-3.858267,-37.79685,-54.13336
39460.,31.13946,-4.038147,-3.778386,-2.461121,-3.858651,-37.79719,-54.13368
39470.,31.1392,-4.038531,-3.778769,-2.461507,-3.859035,-37.79752,-54.13399
39480.,31.13894,-4.038915,-3.779152,-2.461894,-3.859419,-37.79785,-54.1343
39490.,31.13869,-4.039299,-3.779534,-2.46228,-3.859803,-37.79818,-54.13461
39500.,31.13843,-4.039683,-3.779916,-2.462665,-3.860186,-37.79851,-54.13493
39510.,31.13818,-4.040065,-3.780297,-2.463051,-3.860568,-37.79884,-54.13524
39520.,31.13792,-4.040448,-3.780678,-2.463436,-3.860951,-37.79917,-54.13555
39530.,31.13767,-4.04083,-3.781059,-2.46382,-3.861333,-37.79949,-54.13586
39540.,31.13741,-4.041212,-3.781439,-2.464204,-3.861714,-37.79982,-54.13617
39550.,31.13716,-4.041593,-3.781819,-2.464588,-3.862095,-37.80015,-54.13648
39560.,31.13691,-4.041974,-3.782199,-2.464971,-3.862476,-37.80048,-54.13679
39570.,31.13665,-4.042355,-3.782578,-2.465354,-3.862856,-37.80081,-54.1371
39580.,31.1364,-4.042735,-3.782957,-2.465736,-3.863236,-37.80113,-54.13741
39590.,31.13614,-4.043115,-3.783335,-2.466119,-3.863616,-37.80146,-54.13772
39600.,31.13589,-4.043494,-3.783713,-2.4665,-3.863995,-37.80179,-54.13803
39610.,31.13564,-4.043874,-3.784091,-2.466882,-3.864374,-37.80211,-54.13834
39620.,31.13539,-4.044252,-3.784468,-2.467263,-3.864752,-37.80244,-54.13865
39630.,31.13513,-4.044631,-3.784845,-2.467643,-3.86513,-37.80276,-54.13895
39640.,31.13488,-4.045008,-3.785221,-2.468023,-3.865508,-37.80309,-54.13926
39650.,31.13463,-4.045386,-3.785597,-2.468403,-3.865885,-37.80341,-54.13957
39660.,31.13438,-4.045763,-3.785973,-2.468783,-3.866262,-37.80374,-54.13988
39670.,31.13413,-4.04614,-3.786348,-2.469162,-3.866638,-37.80406,-54.14018
39680.,31.13388,-4.046516,-3.786723,-2.46954,-3.867014,-37.80439,-54.14049
39690.,31.13363,-4.046892,-3.787098,-2.469919,-3.86739,-37.80471,-54.1408
39700.,31.13338,-4.047268,-3.787472,-2.470296,-3.867765,-37.80503,-54.1411
39710.,31.13313,-4.047643,-3.787846,-2.470674,-3.86814,-37.80536,-54.14141
39720.,31.13288,-4.048018,-3.788219,-2.471051,-3.868515,-37.80568,-54.14171
39730.,31.13263,-4.048393,-3.788592,-2.471428,-3.868889,-37.806,-54.14202
39740.,31.13238,-4.048767,-3.788965,-2.471804,-3.869263,-37.80632,-54.14232
39750.,31.13213,-4.04914,-3.789337,-2.47218,-3.869636,-37.80664,-54.14263
39760.,31.13188,-4.049514,-3.789709,-2.472556,-3.870009,-37.80697,-54.14293
39770.,31.13163,-4.049887,-3.790081,-2.472931,-3.870382,-37.80729,-54.14324
39780.,31.13138,-4.050259,-3.790452,-2.473306,-3.870754,-37.80761,-54.14354
39790.,31.13113,-4.050632,-3.790823,-2.47368,-3.871126,-37.80793,-54.14384
39800.,31.13089,-4.051003,-3.791193,-2.474054,-3.871498,-37.80825,-54.14414
39810.,31.13064,-4.051375,-3.791563,-2.474428,-3.871869,-37.80857,-54.14445
39820.,31.13039,-4.051746,-3.791933,-2.474801,-3.87224,-37.80889,-54.14475
39830.,31.13014,-4.052117,-3.792302,-2.475174,-3.87261,-37.80921,-54.14505
39840.,31.1299,-4.052487,-3.792671,-2.475547,-3.87298,-37.80952,-54.14535
39850.,31.12965,-4.052857,-3.793039,-2.475919,-3.87335,-37.80984,-54.14565
39860.,31.1294,-4.053226,-3.793407,-2.476291,-3.873719,-37.81016,-54.14595
39870.,31.12916,-4.053596,-3.793775,-2.476662,-3.874088,-37.81048,-54.14626
39880.,31.12891,-4.053965,-3.794143,-2.477033,-3.874457,-37.81079,-54.14656
39890.,31.12867,-4.054333,-3.79451,-2.477404,-3.874825,-37.81111,-54.14686
39900.,31.12842,-4.054701,-3.794876,-2.477774,-3.875193,-37.81143,-54.14716
39910.,31.12817,-4.055069,-3.795243,-2.478144,-3.87556,-37.81175,-54.14746
39920.,31.12793,-4.055436,-3.795609,-2.478514,-3.875927,-37.81206,-54.14775
39930.,31.12769,-4.055803,-3.795974,-2.478883,-3.876294,-37.81238,-54.14805
39940.,31.12744,-4.05617,-3.796339,-2.479252,-3.87666,-37.81269,-54.14835
39950.,31.1272,-4.056536,-3.796704,-2.47962,-3.877026,-37.81301,-54.14865
39960.,31.12695,-4.056902,-3.797069,-2.479988,-3.877392,-37.81332,-54.14895
39970.,31.12671,-4.057267,-3.797433,-2.480356,-3.877757,-37.81364,-54.14925
39980.,31.12647,-4.057632,-3.797796,-2.480723,-3.878122,-37.81395,-54.14954
39990.,31.12622,-4.057997,-3.79816,-2.48109,-3.878486,-37.81426,-54.14984
40000.,31.12598,-4.058361,-3.798523,-2.481457,-3.87885,-37.81458,-54.15014