Times,MAIN_PNL_PX.1,MAIN_PNL_MX.1,MAIN_PNL_PY.1,MAIN_PNL_MY.1,MAIN_PNL_PZ.1,MAIN_PNL_MZ.1,MAIN_PNL_MY.20001
0.,20.,20.,20.,20.,20.,20.,20.
10.,19.96558,19.96523,20.2413,19.98515,20.24288,19.34704,-35.97238
20.,19.93112,19.93041,20.47922,19.96995,20.4824,18.70679,-35.98468
30.,19.89664,19.89557,20.71382,19.95448,20.71862,18.07891,-35.9972
40.,19.86217,19.86071,20.94514,19.93877,20.95159,17.46311,-36.00991
50.,19.82771,19.82585,21.17324,19.92284,21.18136,16.85908,-36.0228
60.,19.79328,19.79103,21.39817,19.90672,21.40798,16.26655,-36.03584
70.,19.75891,19.75625,21.61998,19.89041,21.6315,15.68521,-36.04903
80.,19.72461,19.72152,21.83872,19.87395,21.85197,15.11482,-36.06235
90.,19.69039,19.68688,22.05444,19.85735,22.06943,14.5551,-36.07579
100.,19.65627,19.65231,22.26717,19.84062,22.28393,14.0058,-36.08932
110.,19.62226,19.61785,22.47698,19.82378,22.49551,13.46669,-36.10295
120.,19.58838,19.58351,22.6839,19.80685,22.70423,12.93751,-36.11664
130.,19.55462,19.54929,22.88798,19.78984,22.91011,12.41804,-36.13041
140.,19.52102,19.51521,23.08926,19.77277,23.11321,11.90805,-36.14422
150.,19.48757,19.48128,23.28778,19.75564,23.31356,11.40734,-36.15808
160.,19.45429,19.44751,23.48359,19.73848,23.51121,10.91569,-36.17197
170.,19.42118,19.4139,23.67672,19.72128,23.7062,10.43289,-36.18588
180.,19.38826,19.38048,23.86722,19.70407,23.89855,9.958754,-36.1998
190.,19.35553,19.34723,24.05512,19.68686,24.08832,9.493083,-36.21373
200.,19.323,19.31419,24.24046,19.66965,24.27555,9.035693,-36.22765
210.,19.29068,19.28134,24.42328,19.65246,24.46025,8.586401,-36.24156
220.,19.25857,19.2487,24.60362,19.63529,24.64249,8.145034,-36.25546
230.,19.22669,19.21628,24.78152,19.61815,24.82228,7.711419,-36.26932
240.,19.19503,19.18408,24.957,19.60106,24.99966,7.285391,-36.28315
250.,19.1636,19.1521,25.13011,19.58401,25.17468,6.866789,-36.29695
260.,19.13242,19.12036,25.30087,19.56702,25.34736,6.455455,-36.31069
270.,19.10147,19.08885,25.46933,19.55009,25.51773,6.051236,-36.32439
280.,19.07077,19.05759,25.63552,19.53324,25.68583,5.653984,-36.33803
290.,19.04032,19.02657,25.79946,19.51646,25.8517,5.263555,-36.3516
300.,19.01013,18.9958,25.96119,19.49977,26.01535,4.879807,-36.36511
310.,18.98019,18.96528,26.12075,19.48316,26.17683,4.502604,-36.37855
320.,18.95052,18.93502,26.27816,19.46664,26.33617,4.131812,-36.39191
330.,18.92111,18.90502,26.43346,19.45023,26.49339,3.767302,-36.40519
340.,18.89196,18.87529,26.58667,19.43392,26.64852,3.408946,-36.41839
350.,18.86309,18.84581,26.73782,19.41772,26.8016,3.056622,-36.4315
360.,18.83449,18.81661,26.88695,19.40163,26.95264,2.710209,-36.44451
370.,18.80616,18.78768,27.03407,19.38565,27.10169,2.36959,-36.45744
380.,18.7781,18.75901,27.17923,19.3698,27.24877,2.034651,-36.47026
390.,18.75033,18.73062,27.32245,19.35407,27.3939,1.70528,-36.48299
400.,18.72283,18.70251,27.46375,19.33847,27.53711,1.38137,-36.49562
410.,18.69561,18.67467,27.60316,19.323,27.67843,1.062813,-36.50813
420.,18.66867,18.64711,27.74071,19.30766,27.81789,0.7495078,-36.52055
430.,18.64201,18.61983,27.87642,19.29245,27.95551,0.4413521,-36.53285
440.,18.61563,18.59282,28.01033,19.27739,28.09131,0.1382478,-36.54504
450.,18.58953,18.5661,28.14245,19.26246,28.22532,-0.1599011,-36.55711
460.,18.56372,18.53965,28.27281,19.24768,28.35757,-0.4531883,-36.56908
470.,18.53819,18.51349,28.40143,19.23304,28.48808,-0.7417055,-36.58092
480.,18.51294,18.4876,28.52835,19.21855,28.61687,-1.025542,-36.59265
490.,18.48797,18.462,28.65357,19.2042,28.74397,-1.304785,-36.60425
500.,18.46328,18.43668,28.77713,19.19,28.86939,-1.57952,-36.61574
510.,18.43888,18.41163,28.89906,19.17596,28.99317,-1.849831,-36.6271
520.,18.41476,18.38687,29.01936,19.16207,29.11533,-2.115798,-36.63834
530.,18.39091,18.36238,29.13806,19.14833,29.23588,-2.377502,-36.64946
540.,18.36735,18.33818,29.2552,19.13474,29.35485,-2.63502,-36.66045
550.,18.34407,18.31425,29.37078,19.12131,29.47226,-2.888428,-36.67132
560.,18.32107,18.2906,29.48482,19.10803,29.58814,-3.137801,-36.68206
570.,18.29834,18.26722,29.59736,19.09491,29.70249,-3.383211,-36.69268
580.,18.27589,18.24412,29.70841,19.08195,29.81535,-3.62473,-36.70316
590.,18.25371,18.2213,29.81799,19.06915,29.92673,-3.862426,-36.71353
600.,18.23181,18.19875,29.92613,19.0565,30.03666,-4.096369,-36.72376
610.,18.21018,18.17647,30.03283,19.04401,30.14514,-4.326625,-36.73386
620.,18.18883,18.15446,30.13812,19.03168,30.25221,-4.553258,-36.74384
630.,18.16774,18.13273,30.24203,19.0195,30.35789,-4.776333,-36.75369
640.,18.14693,18.11126,30.34456,19.00749,30.46218,-4.995912,-36.76341
650.,18.12638,18.09006,30.44575,18.99563,30.56511,-5.212056,-36.77301
660.,18.10609,18.06912,30.5456,18.98393,30.6667,-5.424824,-36.78247
670.,18.08608,18.04845,30.64413,18.97239,30.76696,-5.634277,-36.79181
680.,18.06632,18.02805,30.74137,18.96101,30.86592,-5.840469,-36.80102
690.,18.04683,18.0079,30.83732,18.94978,30.96359,-6.043459,-36.8101
700.,18.02759,17.98801,30.93202,18.93871,31.05998,-6.243301,-36.81906
710.,18.00861,17.96839,31.02547,18.9278,31.15512,-6.440048,-36.82789
720.,17.98989,17.94902,31.11769,18.91704,31.24903,-6.633753,-36.83659
730.,17.97143,17.9299,31.2087,18.90644,31.34171,-6.824469,-36.84517
740.,17.95321,17.91104,31.29851,18.896,31.43319,-7.012246,-36.85362
750.,17.93525,17.89243,31.38715,18.88571,31.52347,-7.197133,-36.86195
760.,17.91753,17.87406,31.47463,18.87557,31.61259,-7.379179,-36.87015
770.,17.90006,17.85595,31.56095,18.86558,31.70055,-7.558431,-36.87823
780.,17.88284,17.83808,31.64615,18.85575,31.78737,-7.734937,-36.88619
790.,17.86586,17.82046,31.73023,18.84607,31.87306,-7.908743,-36.89402
800.,17.84912,17.80307,31.81321,18.83654,31.95764,-8.079892,-36.90173
810.,17.83262,17.78593,31.89511,18.82716,32.04112,-8.248429,-36.90932
820.,17.81636,17.76903,31.97593,18.81793,32.12352,-8.414398,-36.91679
830.,17.80033,17.75236,32.0557,18.80885,32.20486,-8.577841,-36.92414
840.,17.78454,17.73593,32.13442,18.79991,32.28514,-8.738799,-36.93136
850.,17.76897,17.71973,32.21212,18.79112,32.36439,-8.897312,-36.93848
860.,17.75364,17.70376,32.2888,18.78248,32.44261,-9.053422,-36.94547
870.,17.73853,17.68801,32.36448,18.77398,32.51981,-9.207167,-36.95235
880.,17.72365,17.6725,32.43918,18.76563,32.59602,-9.358585,-36.95911
890.,17.70899,17.65721,32.5129,18.75741,32.67125,-9.507714,-36.96575
900.,17.69455,17.64214,32.58567,18.74934,32.74551,-9.654592,-36.97228
910.,17.68033,17.62729,32.65748,18.74141,32.8188,-9.799254,-36.9787
920.,17.66633,17.61266,32.72836,18.73362,32.89115,-9.941737,-36.985
930.,17.65254,17.59825,32.79832,18.72596,32.96257,-10.08208,-36.9912
940.,17.63896,17.58405,32.86737,18.71845,33.03307,-10.2203,-36.99728
950.,17.6256,17.57006,32.93552,18.71107,33.10266,-10.35645,-37.00325
960.,17.61244,17.55629,33.00279,18.70382,33.17136,-10.49056,-37.00911
970.,17.59949,17.54272,33.06919,18.69671,33.23917,-10.62266,-37.01487
980.,17.58674,17.52936,33.13472,18.68973,33.30611,-10.75277,-37.02052
990.,17.5742,17.5162,33.19941,18.68288,33.37219,-10.88094,-37.02606
1000.,17.56185,17.50325,33.26325,18.67616,33.43742,-11.0072,-37.03149
1010.,17.54971,17.49049,33.32627,18.66957,33.50181,-11.13156,-37.03682
1020.,17.53776,17.47794,33.38848,18.66311,33.56538,-11.25407,-37.04205
1030.,17.526,17.46558,33.44988,18.65678,33.62813,-11.37475,-37.04718
1040.,17.51444,17.45341,33.51049,18.65057,33.69008,-11.49363,-37.0522
1050.,17.50307,17.44144,33.57031,18.64449,33.75123,-11.61074,-37.05712
1060.,17.49188,17.42966,33.62936,18.63852,33.8116,-11.7261,-37.06195
1070.,17.48088,17.41806,33.68765,18.63269,33.8712,-11.83975,-37.06667
1080.,17.47007,17.40666,33.74519,18.62697,33.93003,-11.95171,-37.0713
1090.,17.45943,17.39543,33.80198,18.62137,33.98812,-12.06201,-37.07583
1100.,17.44898,17.38439,33.85805,18.61589,34.04546,-12.17067,-37.08026
1110.,17.4387,17.37353,33.91339,18.61052,34.10207,-12.27771,-37.0846
1120.,17.4286,17.36285,33.96803,18.60528,34.15795,-12.38317,-37.08885
1130.,17.41868,17.35234,34.02195,18.60015,34.21313,-12.48706,-37.093
1140.,17.40893,17.34201,34.07519,18.59513,34.2676,-12.58942,-37.09706
1150.,17.39935,17.33186,34.12775,18.59022,34.32137,-12.69026,-37.10103
1160.,17.38993,17.32187,34.17962,18.58543,34.37446,-12.7896,-37.10491
1170.,17.38069,17.31205,34.23084,18.58074,34.42688,-12.88748,-37.1087
1180.,17.3716,17.3024,34.2814,18.57616,34.47863,-12.98391,-37.1124
1190.,17.36268,17.29292,34.33131,18.5717,34.52972,-13.07891,-37.11602
1200.,17.35392,17.2836,34.38058,18.56734,34.58016,-13.17251,-37.11954
1210.,17.34532,17.27444,34.42922,18.56308,34.62996,-13.26473,-37.12299
1220.,17.33688,17.26544,34.47724,18.55893,34.67913,-13.35559,-37.12635
1230.,17.3286,17.2566,34.52465,18.55488,34.72768,-13.4451,-37.12962
1240.,17.32046,17.24791,34.57145,18.55093,34.77561,-13.5333,-37.13282
1250.,17.31248,17.23938,34.61766,18.54708,34.82294,-13.62019,-37.13593
1260.,17.30465,17.23101,34.66328,18.54334,34.86967,-13.7058,-37.13896
1270.,17.29697,17.22278,34.70832,18.53969,34.9158,-13.79016,-37.14191
1280.,17.28943,17.2147,34.75278,18.53614,34.96136,-13.87326,-37.14479
1290.,17.28204,17.20677,34.79668,18.53268,35.00634,-13.95515,-37.14758
1300.,17.27479,17.19899,34.84002,18.52933,35.05075,-14.03583,-37.1503
1310.,17.26768,17.19135,34.88281,18.52606,35.0946,-14.11532,-37.15294
1320.,17.26071,17.18385,34.92506,18.52289,35.1379,-14.19364,-37.15551
1330.,17.25388,17.1765,34.96678,18.51981,35.18065,-14.27081,-37.158
1340.,17.24719,17.16928,35.00796,18.51682,35.22287,-14.34684,-37.16042
1350.,17.24063,17.1622,35.04863,18.51391,35.26456,-14.42175,-37.16277
1360.,17.2342,17.15526,35.08878,18.5111,35.30572,-14.49556,-37.16504
1370.,17.22791,17.14845,35.12842,18.50838,35.34636,-14.56829,-37.16725
1380.,17.22174,17.14177,35.16757,18.50574,35.3865,-14.63994,-37.16938
1390.,17.21571,17.13522,35.20622,18.50319,35.42613,-14.71055,-37.17145
1400.,17.2098,17.12881,35.24438,18.50072,35.46527,-14.78011,-37.17345
1410.,17.20401,17.12252,35.28206,18.49833,35.50392,-14.84865,-37.17538
1420.,17.19835,17.11636,35.31927,18.49603,35.54209,-14.91618,-37.17724
1430.,17.19281,17.11032,35.35602,18.49381,35.57978,-14.98272,-37.17904
1440.,17.18739,17.1044,35.3923,18.49166,35.61699,-15.04829,-37.18077
1450.,17.18209,17.09861,35.42812,18.4896,35.65375,-15.11288,-37.18244
1460.,17.1769,17.09294,35.4635,18.48762,35.69005,-15.17653,-37.18405
1470.,17.17184,17.08739,35.49844,18.48571,35.72589,-15.23924,-37.18559
1480.,17.16688,17.08195,35.53293,18.48388,35.76129,-15.30103,-37.18707
1490.,17.16204,17.07663,35.567,18.48212,35.79625,-15.36191,-37.18849
1500.,17.15731,17.07142,35.60064,18.48044,35.83078,-15.42189,-37.18985
1510.,17.1527,17.06633,35.63387,18.47883,35.86488,-15.481,-37.19116
1520.,17.14819,17.06135,35.66668,18.47729,35.89855,-15.53923,-37.1924
1530.,17.14378,17.05648,35.69908,18.47583,35.93181,-15.5966,-37.19359
1540.,17.13949,17.05172,35.73108,18.47443,35.96466,-15.65314,-37.19471
1550.,17.1353,17.04706,35.76268,18.47311,35.99711,-15.70883,-37.19579
1560.,17.13121,17.04252,35.79389,18.47185,36.02915,-15.76371,-37.1968
1570.,17.12722,17.03807,35.82471,18.47066,36.0608,-15.81778,-37.19777
1580.,17.12333,17.03373,35.85515,18.46954,36.09206,-15.87106,-37.19867
1590.,17.11955,17.0295,35.88522,18.46848,36.12293,-15.92354,-37.19953
1600.,17.11586,17.02536,35.91491,18.46749,36.15343,-15.97526,-37.20033
1610.,17.11227,17.02132,35.94424,18.46656,36.18355,-16.02621,-37.20108
1620.,17.10877,17.01738,35.97321,18.4657,36.2133,-16.07641,-37.20178
1630.,17.10537,17.01354,36.00182,18.4649,36.24269,-16.12587,-37.20243
1640.,17.10206,17.0098,36.03008,18.46416,36.27172,-16.1746,-37.20303
1650.,17.09884,17.00615,36.05799,18.46348,36.30039,-16.22261,-37.20358
1660.,17.09571,17.00259,36.08556,18.46286,36.32871,-16.26992,-37.20408
1670.,17.09268,16.99912,36.11279,18.4623,36.35669,-16.31652,-37.20453
1680.,17.08973,16.99575,36.13969,18.46179,36.38433,-16.36243,-37.20494
1690.,17.08686,16.99246,36.16626,18.46135,36.41163,-16.40767,-37.2053
1700.,17.08409,16.98927,36.19251,18.46096,36.4386,-16.45223,-37.20561
1710.,17.08139,16.98616,36.21844,18.46063,36.46524,-16.49614,-37.20588
1720.,17.07879,16.98314,36.24405,18.46035,36.49156,-16.53939,-37.20611
1730.,17.07626,16.9802,36.26935,18.46013,36.51756,-16.58201,-37.20629
1740.,17.07381,16.97735,36.29434,18.45996,36.54325,-16.62399,-37.20642
1750.,17.07145,16.97458,36.31903,18.45984,36.56863,-16.66535,-37.20652
1760.,17.06916,16.97189,36.34342,18.45978,36.5937,-16.7061,-37.20657
1770.,17.06696,16.96929,36.36752,18.45977,36.61847,-16.74624,-37.20658
1780.,17.06483,16.96676,36.39132,18.45981,36.64294,-16.78578,-37.20655
1790.,17.06277,16.96431,36.41484,18.45989,36.66712,-16.82474,-37.20648
1800.,17.06079,16.96194,36.43808,18.46003,36.691,-16.86312,-37.20637
1810.,17.05889,16.95965,36.46103,18.46022,36.7146,-16.90092,-37.20622
1820.,17.05705,16.95743,36.48371,18.46045,36.73792,-16.93817,-37.20603
1830.,17.05529,16.95529,36.50612,18.46073,36.76096,-16.97486,-37.2058
1840.,17.0536,16.95322,36.52826,18.46106,36.78373,-17.011,-37.20554
1850.,17.05198,16.95122,36.55014,18.46143,36.80622,-17.0466,-37.20523
1860.,17.05043,16.9493,36.57175,18.46185,36.82845,-17.08167,-37.2049
1870.,17.04895,16.94744,36.59311,18.46231,36.85041,-17.11621,-37.20452
1880.,17.04754,16.94566,36.61421,18.46281,36.87212,-17.15024,-37.20411
1890.,17.04619,16.94394,36.63507,18.46336,36.89356,-17.18376,-37.20367
1900.,17.0449,16.94229,36.65567,18.46396,36.91475,-17.21677,-37.20319
1910.,17.04368,16.94071,36.67603,18.46459,36.93569,-17.24929,-37.20268
1920.,17.04253,16.9392,36.69615,18.46526,36.95639,-17.28133,-37.20213
1930.,17.04143,16.93775,36.71603,18.46598,36.97684,-17.31288,-37.20155
1940.,17.0404,16.93637,36.73568,18.46673,36.99705,-17.34395,-37.20094
1950.,17.03943,16.93505,36.7551,18.46753,37.01702,-17.37456,-37.2003
1960.,17.03852,16.93379,36.77429,18.46836,37.03676,-17.40471,-37.19962
1970.,17.03767,16.93259,36.79325,18.46924,37.05627,-17.4344,-37.19892
1980.,17.03687,16.93145,36.812,18.47015,37.07555,-17.46365,-37.19818
1990.,17.03614,16.93038,36.83052,18.47109,37.09461,-17.49245,-37.19742
2000.,17.03546,16.92936,36.84883,18.47208,37.11344,-17.52082,-37.19662
2010.,17.03483,16.9284,36.86692,18.47309,37.13206,-17.54876,-37.1958
2020.,17.03426,16.9275,36.88481,18.47415,37.15046,-17.57627,-37.19494
2030.,17.03375,16.92666,36.90248,18.47524,37.16865,-17.60337,-37.19406
2040.,17.03329,16.92587,36.91995,18.47636,37.18662,-17.63005,-37.19315
2050.,17.03288,16.92514,36.93722,18.47752,37.20439,-17.65633,-37.19221
2060.,17.03253,16.92446,36.95429,18.47871,37.22195,-17.68221,-37.19125
2070.,17.03222,16.92384,36.97117,18.47994,37.23932,-17.70769,-37.19026
2080.,17.03197,16.92327,36.98785,18.48119,37.25648,-17.73279,-37.18924
2090.,17.03176,16.92275,37.00434,18.48248,37.27345,-17.7575,-37.1882
2100.,17.03161,16.92229,37.02064,18.4838,37.29022,-17.78183,-37.18713
2110.,17.0315,16.92187,37.03675,18.48515,37.3068,-17.80579,-37.18604
2120.,17.03144,16.9215,37.05268,18.48653,37.32319,-17.82938,-37.18492
2130.,17.03143,16.92119,37.06843,18.48795,37.3394,-17.85261,-37.18378
2140.,17.03146,16.92092,37.084,18.48939,37.35542,-17.87549,-37.18261
2150.,17.03154,16.9207,37.09939,18.49085,37.37126,-17.89801,-37.18143
2160.,17.03167,16.92053,37.11461,18.49235,37.38692,-17.92018,-37.18021
2170.,17.03184,16.9204,37.12966,18.49388,37.4024,-17.94201,-37.17898
2180.,17.03205,16.92032,37.14454,18.49543,37.41772,-17.9635,-37.17772
2190.,17.03231,16.92029,37.15925,18.49701,37.43285,-17.98466,-37.17644
2200.,17.03261,16.9203,37.17379,18.49862,37.44782,-18.00549,-37.17514
2210.,17.03295,16.92036,37.18817,18.50025,37.46262,-18.026,-37.17382
2220.,17.03333,16.92046,37.2024,18.50191,37.47726,-18.04619,-37.17248
2230.,17.03375,16.9206,37.21646,18.5036,37.49173,-18.06606,-37.17112
2240.,17.03421,16.92078,37.23037,18.50531,37.50604,-18.08562,-37.16973
2250.,17.03472,16.92101,37.24412,18.50704,37.5202,-18.10488,-37.16833
2260.,17.03526,16.92127,37.25772,18.5088,37.53419,-18.12383,-37.16691
2270.,17.03584,16.92158,37.27117,18.51058,37.54803,-18.14249,-37.16547
2280.,17.03645,16.92193,37.28447,18.51239,37.56172,-18.16085,-37.164
2290.,17.03711,16.92231,37.29763,18.51422,37.57526,-18.17893,-37.16252
2300.,17.0378,16.92274,37.31064,18.51607,37.58865,-18.19672,-37.16103
2310.,17.03852,16.9232,37.32351,18.51794,37.6019,-18.21423,-37.15951
2320.,17.03928,16.9237,37.33624,18.51984,37.615,-18.23146,-37.15798
2330.,17.04008,16.92424,37.34883,18.52175,37.62795,-18.24841,-37.15643
2340.,17.04091,16.92482,37.36128,18.52369,37.64077,-18.2651,-37.15486
2350.,17.04178,16.92543,37.3736,18.52565,37.65344,-18.28152,-37.15327
2360.,17.04267,16.92607,37.38579,18.52763,37.66598,-18.29768,-37.15167
2370.,17.04361,16.92675,37.39784,18.52963,37.67839,-18.31358,-37.15005
2380.,17.04457,16.92747,37.40977,18.53165,37.69066,-18.32923,-37.14842
2390.,17.04556,16.92822,37.42157,18.53369,37.7028,-18.34462,-37.14677
2400.,17.04659,16.929,37.43324,18.53574,37.71481,-18.35977,-37.14511
2410.,17.04765,16.92982,37.44478,18.53782,37.72669,-18.37467,-37.14343
2420.,17.04874,16.93067,37.45621,18.53991,37.73844,-18.38933,-37.14173
2430.,17.04986,16.93155,37.46751,18.54203,37.75007,-18.40375,-37.14002
2440.,17.051,16.93246,37.47869,18.54416,37.76158,-18.41794,-37.1383
2450.,17.05218,16.9334,37.48976,18.54631,37.77296,-18.4319,-37.13656
2460.,17.05338,16.93438,37.50071,18.54847,37.78422,-18.44563,-37.13481
2470.,17.05462,16.93538,37.51154,18.55065,37.79537,-18.45913,-37.13304
2480.,17.05588,16.93642,37.52226,18.55285,37.8064,-18.47242,-37.13126
2490.,17.05717,16.93748,37.53287,18.55507,37.81731,-18.48548,-37.12947
2500.,17.05848,16.93857,37.54337,18.5573,37.82811,-18.49833,-37.12767
2510.,17.05983,16.93969,37.55376,18.55955,37.8388,-18.51097,-37.12585
2520.,17.06119,16.94084,37.56404,18.56181,37.84938,-18.5234,-37.12402
2530.,17.06259,16.94202,37.57421,18.56409,37.85984,-18.53562,-37.12217
2540.,17.06401,16.94322,37.58428,18.56638,37.8702,-18.54763,-37.12032
2550.,17.06545,16.94445,37.59425,18.56868,37.88045,-18.55945,-37.11845
2560.,17.06692,16.9457,37.60412,18.571,37.8906,-18.57107,-37.11658
2570.,17.06841,16.94699,37.61388,18.57334,37.90065,-18.58249,-37.11469
2580.,17.06993,16.94829,37.62355,18.57569,37.91059,-18.59372,-37.11279
2590.,17.07146,16.94963,37.63312,18.57805,37.92043,-18.60476,-37.11087
2600.,17.07303,16.95098,37.64259,18.58043,37.93017,-18.61562,-37.10895
2610.,17.07461,16.95237,37.65197,18.58282,37.93981,-18.62629,-37.10702
2620.,17.07622,16.95377,37.66125,18.58522,37.94936,-18.63677,-37.10508
2630.,17.07785,16.9552,37.67044,18.58763,37.9588,-18.64708,-37.10312
2640.,17.0795,16.95665,37.67954,18.59006,37.96816,-18.65721,-37.10116
2650.,17.08117,16.95813,37.68854,18.59249,37.97742,-18.66717,-37.09919
2660.,17.08286,16.95963,37.69746,18.59494,37.98659,-18.67695,-37.09721
2670.,17.08457,16.96115,37.70629,18.59741,37.99567,-18.68657,-37.09521
2680.,17.08631,16.96269,37.71504,18.59988,38.00466,-18.69601,-37.09321
2690.,17.08806,16.96425,37.7237,18.60236,38.01356,-18.70529,-37.0912
2700.,17.08983,16.96584,37.73227,18.60486,38.02237,-18.71441,-37.08918
2710.,17.09162,16.96744,37.74076,18.60736,38.0311,-18.72337,-37.08716
2720.,17.09343,16.96907,37.74917,18.60988,38.03974,-18.73217,-37.08512
2730.,17.09526,16.97071,37.75749,18.61241,38.04829,-18.74082,-37.08308
2740.,17.09711,16.97238,37.76574,18.61494,38.05677,-18.74931,-37.08102
2750.,17.09897,16.97406,37.77391,18.61749,38.06516,-18.75764,-37.07896
2760.,17.10085,16.97577,37.78199,18.62005,38.07347,-18.76583,-37.0769
2770.,17.10275,16.97749,37.79001,18.62261,38.08171,-18.77388,-37.07482
2780.,17.10467,16.97924,37.79794,18.62519,38.08986,-18.78177,-37.07274
2790.,17.1066,16.981,37.8058,18.62777,38.09794,-18.78952,-37.07065
2800.,17.10855,16.98277,37.81359,18.63036,38.10594,-18.79714,-37.06855
2810.,17.11052,16.98457,37.8213,18.63296,38.11386,-18.80461,-37.06644
2820.,17.1125,16.98638,37.82894,18.63557,38.12171,-18.81194,-37.06433
2830.,17.11449,16.98822,37.83651,18.63819,38.12948,-18.81914,-37.06221
2840.,17.11651,16.99006,37.84401,18.64082,38.13719,-18.82621,-37.06009
2850.,17.11853,16.99193,37.85144,18.64345,38.14482,-18.83314,-37.05796
2860.,17.12058,16.99381,37.85881,18.64609,38.15238,-18.83994,-37.05582
2870.,17.12263,16.9957,37.8661,18.64874,38.15987,-18.84662,-37.05368
2880.,17.12471,16.99762,37.87333,18.6514,38.16729,-18.85317,-37.05153
2890.,17.12679,16.99955,37.88049,18.65407,38.17464,-18.85959,-37.04937
2900.,17.12889,17.00149,37.88759,18.65674,38.18193,-18.86589,-37.04721
2910.,17.131,17.00345,37.89462,18.65942,38.18915,-18.87207,-37.04504
2920.,17.13313,17.00542,37.90159,18.6621,38.1963,-18.87813,-37.04287
2930.,17.13527,17.00741,37.9085,18.66479,38.20339,-18.88408,-37.04069
2940.,17.13742,17.00941,37.91534,18.66749,38.21042,-18.8899,-37.03851
2950.,17.13958,17.01142,37.92213,18.6702,38.21738,-18.89562,-37.03632
2960.,17.14176,17.01345,37.92885,18.67291,38.22428,-18.90121,-37.03413
2970.,17.14395,17.0155,37.93552,18.67562,38.23112,-18.9067,-37.03193
2980.,17.14615,17.01755,37.94212,18.67835,38.2379,-18.91208,-37.02973
2990.,17.14836,17.01962,37.94867,18.68107,38.24462,-18.91735,-37.02752
3000.,17.15059,17.02171,37.95516,18.68381,38.25128,-18.92251,-37.02531
3010.,17.15282,17.0238,37.9616,18.68655,38.25788,-18.92757,-37.02309
3020.,17.15507,17.02591,37.96798,18.68929,38.26443,-18.93253,-37.02087
3030.,17.15733,17.02803,37.97431,18.69204,38.27091,-18.93738,-37.01864
3040.,17.1596,17.03016,37.98058,18.6948,38.27734,-18.94213,-37.01642
3050.,17.16188,17.0323,37.9868,18.69756,38.28372,-18.94678,-37.01418
3060.,17.16417,17.03446,37.99296,18.70032,38.29004,-18.95134,-37.01195
3070.,17.16646,17.03662,37.99907,18.70309,38.29631,-18.95579,-37.00971
3080.,17.16877,17.0388,38.00514,18.70586,38.30252,-18.96016,-37.00746
3090.,17.17109,17.04099,38.01115,18.70864,38.30869,-18.96442,-37.00521
3100.,17.17342,17.04319,38.01711,18.71142,38.3148,-18.9686,-37.00296
3110.,17.17576,17.0454,38.02302,18.71421,38.32086,-18.97268,-37.00071
3120.,17.17811,17.04762,38.02888,18.717,38.32686,-18.97668,-36.99845
3130.,17.18046,17.04985,38.0347,18.71979,38.33282,-18.98058,-36.99619
3140.,17.18283,17.05209,38.04047,18.72259,38.33873,-18.9844,-36.99392
3150.,17.1852,17.05434,38.04619,18.72539,38.34459,-18.98813,-36.99166
3160.,17.18758,17.0566,38.05186,18.7282,38.35041,-18.99178,-36.98939
3170.,17.18997,17.05887,38.05749,18.73101,38.35617,-18.99534,-36.98712
3180.,17.19237,17.06115,38.06307,18.73382,38.36189,-18.99882,-36.98484
3190.,17.19478,17.06344,38.06861,18.73664,38.36756,-19.00221,-36.98256
3200.,17.19719,17.06573,38.07411,18.73945,38.37319,-19.00553,-36.98028
3210.,17.19961,17.06804,38.07956,18.74228,38.37877,-19.00877,-36.978
3220.,17.20204,17.07035,38.08497,18.7451,38.38431,-19.01193,-36.97571
3230.,17.20448,17.07268,38.09033,18.74793,38.3898,-19.01501,-36.97343
3240.,17.20692,17.07501,38.09566,18.75076,38.39525,-19.01802,-36.97114
3250.,17.20937,17.07734,38.10094,18.75359,38.40066,-19.02095,-36.96884
3260.,17.21183,17.07969,38.10618,18.75643,38.40603,-19.02381,-36.96655
3270.,17.21429,17.08205,38.11139,18.75926,38.41135,-19.0266,-36.96426
3280.,17.21676,17.08441,38.11655,18.7621,38.41663,-19.02931,-36.96196
3290.,17.21924,17.08678,38.12167,18.76494,38.42187,-19.03195,-36.95966
3300.,17.22172,17.08915,38.12676,18.76779,38.42708,-19.03453,-36.95736
3310.,17.22421,17.09154,38.13181,18.77063,38.43224,-19.03703,-36.95505
3320.,17.22671,17.09393,38.13681,18.77348,38.43736,-19.03947,-36.95275
3330.,17.22921,17.09633,38.14179,18.77633,38.44245,-19.04184,-36.95044
3340.,17.23171,17.09873,38.14672,18.77919,38.44749,-19.04414,-36.94814
3350.,17.23423,17.10114,38.15162,18.78204,38.4525,-19.04638,-36.94583
3360.,17.23675,17.10356,38.15648,18.78489,38.45747,-19.04855,-36.94352
3370.,17.23927,17.10599,38.16131,18.78775,38.46241,-19.05067,-36.94121
3380.,17.2418,17.10842,38.1661,18.79061,38.46731,-19.05272,-36.93889
3390.,17.24433,17.11085,38.17086,18.79347,38.47217,-19.05471,-36.93658
3400.,17.24687,17.1133,38.17559,18.79633,38.477,-19.05663,-36.93426
3410.,17.24941,17.11574,38.18028,18.79919,38.48179,-19.0585,-36.93195
3420.,17.25196,17.1182,38.18493,18.80206,38.48655,-19.06031,-36.92963
3430.,17.25451,17.12066,38.18956,18.80492,38.49127,-19.06206,-36.92731
3440.,17.25707,17.12312,38.19415,18.80778,38.49596,-19.06376,-36.925
3450.,17.25963,17.12559,38.19871,18.81065,38.50062,-19.0654,-36.92268
3460.,17.2622,17.12807,38.20324,18.81352,38.50524,-19.06698,-36.92036
3470.,17.26477,17.13055,38.20773,18.81639,38.50983,-19.06851,-36.91804
3480.,17.26734,17.13303,38.2122,18.81926,38.51439,-19.06998,-36.91571
3490.,17.26992,17.13552,38.21664,18.82212,38.51892,-19.0714,-36.91339
3500.,17.2725,17.13802,38.22104,18.82499,38.52342,-19.07277,-36.91107
3510.,17.27509,17.14052,38.22542,18.82786,38.52789,-19.07409,-36.90875
3520.,17.27768,17.14302,38.22976,18.83074,38.53232,-19.07536,-36.90643
3530.,17.28027,17.14553,38.23408,18.83361,38.53673,-19.07658,-36.9041
3540.,17.28287,17.14804,38.23837,18.83648,38.5411,-19.07774,-36.90178
3550.,17.28547,17.15056,38.24263,18.83935,38.54545,-19.07886,-36.89946
3560.,17.28807,17.15308,38.24687,18.84222,38.54977,-19.07993,-36.89713
3570.,17.29068,17.15561,38.25107,18.8451,38.55406,-19.08095,-36.89481
3580.,17.29329,17.15813,38.25525,18.84797,38.55832,-19.08193,-36.89248
3590.,17.2959,17.16067,38.2594,18.85084,38.56255,-19.08286,-36.89016
3600.,17.29851,17.1632,38.26353,18.85371,38.56676,-19.08375,-36.88783
3610.,17.30113,17.16574,38.26763,18.85659,38.57094,-19.08459,-36.88551
3620.,17.30375,17.16829,38.2717,18.85946,38.57509,-19.08539,-36.88319
3630.,17.30637,17.17083,38.27575,18.86233,38.57921,-19.08614,-36.88086
3640.,17.309,17.17338,38.27977,18.8652,38.58331,-19.08685,-36.87854
3650.,17.31163,17.17594,38.28376,18.86807,38.58739,-19.08752,-36.87622
3660.,17.31426,17.17849,38.28774,18.87094,38.59143,-19.08815,-36.87389
3670.,17.31689,17.18105,38.29169,18.87381,38.59545,-19.08873,-36.87157
3680.,17.31953,17.18361,38.29561,18.87669,38.59945,-19.08928,-36.86925
3690.,17.32216,17.18618,38.29951,18.87955,38.60342,-19.08979,-36.86693
3700.,17.3248,17.18875,38.30339,18.88242,38.60737,-19.09025,-36.8646
3710.,17.32744,17.19132,38.30724,18.88529,38.6113,-19.09068,-36.86228
3720.,17.33008,17.19389,38.31107,18.88816,38.6152,-19.09107,-36.85996
3730.,17.33273,17.19647,38.31488,18.89103,38.61907,-19.09143,-36.85764
3740.,17.33537,17.19904,38.31866,18.89389,38.62293,-19.09174,-36.85532
3750.,17.33802,17.20162,38.32243,18.89676,38.62676,-19.09202,-36.853
3760.,17.34067,17.20421,38.32617,18.89963,38.63056,-19.09227,-36.85069
3770.,17.34332,17.20679,38.32989,18.90249,38.63435,-19.09248,-36.84837
3780.,17.34597,17.20938,38.33359,18.90535,38.63811,-19.09265,-36.84605
3790.,17.34863,17.21197,38.33727,18.90822,38.64185,-19.09279,-36.84374
3800.,17.35128,17.21456,38.34092,18.91108,38.64557,-19.0929,-36.84142
3810.,17.35394,17.21715,38.34456,18.91394,38.64927,-19.09297,-36.83911
3820.,17.3566,17.21975,38.34818,18.9168,38.65295,-19.09301,-36.83679
3830.,17.35925,17.22234,38.35177,18.91965,38.65661,-19.09302,-36.83448
3840.,17.36191,17.22494,38.35535,18.92251,38.66024,-19.093,-36.83217
3850.,17.36457,17.22754,38.3589,18.92537,38.66386,-19.09294,-36.82986
3860.,17.36723,17.23014,38.36244,18.92822,38.66745,-19.09286,-36.82755
3870.,17.3699,17.23274,38.36596,18.93108,38.67103,-19.09274,-36.82524
3880.,17.37256,17.23535,38.36946,18.93393,38.67458,-19.09259,-36.82293
3890.,17.37522,17.23795,38.37294,18.93678,38.67812,-19.09242,-36.82063
3900.,17.37789,17.24056,38.3764,18.93963,38.68164,-19.09221,-36.81832
3910.,17.38055,17.24317,38.37985,18.94248,38.68514,-19.09198,-36.81602
3920.,17.38322,17.24577,38.38327,18.94532,38.68861,-19.09172,-36.81371
3930.,17.38588,17.24838,38.38668,18.94817,38.69208,-19.09143,-36.81141
3940.,17.38855,17.251,38.39007,18.95101,38.69552,-19.09111,-36.80911
3950.,17.39122,17.25361,38.39344,18.95385,38.69894,-19.09077,-36.80681
3960.,17.39388,17.25622,38.3968,18.95669,38.70235,-19.0904,-36.80451
3970.,17.39655,17.25883,38.40014,18.95953,38.70574,-19.09,-36.80222
3980.,17.39922,17.26145,38.40346,18.96237,38.70911,-19.08958,-36.79992
3990.,17.40188,17.26406,38.40676,18.96521,38.71246,-19.08913,-36.79763
4000.,17.40455,17.26668,38.41005,18.96804,38.7158,-19.08866,-36.79533
4010.,17.40722,17.2693,38.41332,18.97087,38.71912,-19.08816,-36.79304
4020.,17.40989,17.27191,38.41658,18.9737,38.72243,-19.08764,-36.79075
4030.,17.41255,17.27453,38.41982,18.97653,38.72571,-19.0871,-36.78846
4040.,17.41522,17.27715,38.42305,18.97936,38.72898,-19.08653,-36.78617
4050.,17.41789,17.27977,38.42625,18.98218,38.73224,-19.08594,-36.78389
4060.,17.42056,17.28238,38.42945,18.98501,38.73548,-19.08532,-36.7816
4070.,17.42322,17.285,38.43263,18.98783,38.7387,-19.08468,-36.77932
4080.,17.42589,17.28762,38.43579,18.99065,38.74191,-19.08403,-36.77704
4090.,17.42856,17.29024,38.43894,18.99347,38.7451,-19.08334,-36.77476
4100.,17.43122,17.29286,38.44207,18.99628,38.74828,-19.08264,-36.77248
4110.,17.43389,17.29548,38.44519,18.99909,38.75144,-19.08192,-36.77021
4120.,17.43655,17.2981,38.4483,19.00191,38.75459,-19.08117,-36.76793
4130.,17.43922,17.30072,38.45139,19.00472,38.75772,-19.08041,-36.76566
4140.,17.44188,17.30334,38.45447,19.00752,38.76084,-19.07962,-36.76339
4150.,17.44454,17.30596,38.45753,19.01033,38.76394,-19.07882,-36.76112
4160.,17.44721,17.30858,38.46058,19.01313,38.76703,-19.078,-36.75885
4170.,17.44987,17.3112,38.46362,19.01593,38.7701,-19.07715,-36.75658
4180.,17.45253,17.31382,38.46664,19.01873,38.77316,-19.07629,-36.75432
4190.,17.45519,17.31644,38.46965,19.02153,38.77621,-19.07541,-36.75205
4200.,17.45785,17.31905,38.47264,19.02433,38.77924,-19.07451,-36.74979
4210.,17.46051,17.32167,38.47563,19.02712,38.78226,-19.07359,-36.74753
4220.,17.46317,17.32429,38.4786,19.02991,38.78527,-19.07266,-36.74527
4230.,17.46583,17.32691,38.48156,19.0327,38.78827,-19.0717,-36.74302
4240.,17.46848,17.32952,38.4845,19.03548,38.79125,-19.07073,-36.74076
4250.,17.47114,17.33214,38.48743,19.03827,38.79421,-19.06975,-36.73851
4260.,17.4738,17.33476,38.49036,19.04105,38.79717,-19.06874,-36.73626
4270.,17.47645,17.33737,38.49326,19.04383,38.80011,-19.06772,-36.73401
4280.,17.4791,17.33999,38.49616,19.04661,38.80304,-19.06669,-36.73176
4290.,17.48175,17.3426,38.49904,19.04938,38.80596,-19.06564,-36.72952
4300.,17.4844,17.34521,38.50192,19.05215,38.80886,-19.06457,-36.72728
4310.,17.48705,17.34783,38.50478,19.05492,38.81176,-19.06349,-36.72503
4320.,17.4897,17.35044,38.50763,19.05769,38.81464,-19.06239,-36.7228
4330.,17.49235,17.35305,38.51047,19.06046,38.81751,-19.06128,-36.72056
4340.,17.495,17.35566,38.51329,19.06322,38.82037,-19.06015,-36.71832
4350.,17.49764,17.35827,38.51611,19.06598,38.82321,-19.05901,-36.71609
4360.,17.50028,17.36088,38.51891,19.06874,38.82605,-19.05785,-36.71386
4370.,17.50293,17.36349,38.52171,19.07149,38.82887,-19.05668,-36.71163
4380.,17.50557,17.36609,38.52449,19.07424,38.83168,-19.0555,-36.7094
4390.,17.50821,17.3687,38.52726,19.07699,38.83449,-19.0543,-36.70718
4400.,17.51084,17.3713,38.53003,19.07974,38.83728,-19.05309,-36.70495
4410.,17.51348,17.37391,38.53278,19.08249,38.84006,-19.05186,-36.70273
4420.,17.51611,17.37651,38.53552,19.08523,38.84283,-19.05063,-36.70051
4430.,17.51875,17.37911,38.53825,19.08797,38.84558,-19.04938,-36.69829
4440.,17.52138,17.38171,38.54097,19.09071,38.84833,-19.04812,-36.69608
4450.,17.52401,17.38431,38.54368,19.09344,38.85107,-19.04684,-36.69387
4460.,17.52664,17.38691,38.54638,19.09618,38.8538,-19.04556,-36.69166
4470.,17.52927,17.3895,38.54907,19.09891,38.85651,-19.04426,-36.68945
4480.,17.53189,17.3921,38.55175,19.10163,38.85922,-19.04295,-36.68724
4490.,17.53452,17.39469,38.55442,19.10436,38.86192,-19.04163,-36.68504
4500.,17.53714,17.39729,38.55709,19.10708,38.8646,-19.0403,-36.68283
4510.,17.53976,17.39988,38.55974,19.1098,38.86728,-19.03895,-36.68063
4520.,17.54238,17.40247,38.56238,19.11252,38.86995,-19.0376,-36.67843
4530.,17.545,17.40506,38.56502,19.11523,38.87261,-19.03623,-36.67624
4540.,17.54761,17.40765,38.56764,19.11794,38.87525,-19.03486,-36.67404
4550.,17.55023,17.41023,38.57026,19.12065,38.87789,-19.03347,-36.67185
4560.,17.55284,17.41282,38.57286,19.12336,38.88052,-19.03208,-36.66966
4570.,17.55545,17.4154,38.57546,19.12606,38.88314,-19.03067,-36.66748
4580.,17.55806,17.41798,38.57805,19.12876,38.88575,-19.02926,-36.66529
4590.,17.56067,17.42056,38.58063,19.13146,38.88836,-19.02783,-36.66311
4600.,17.56327,17.42314,38.5832,19.13416,38.89095,-19.0264,-36.66093
4610.,17.56588,17.42572,38.58577,19.13685,38.89354,-19.02495,-36.65875
4620.,17.56848,17.42829,38.58832,19.13954,38.89611,-19.0235,-36.65657
4630.,17.57108,17.43087,38.59087,19.14223,38.89868,-19.02204,-36.6544
4640.,17.57367,17.43344,38.5934,19.14491,38.90124,-19.02057,-36.65223
4650.,17.57627,17.43601,38.59593,19.14759,38.90379,-19.01909,-36.65006
4660.,17.57886,17.43858,38.59846,19.15027,38.90633,-19.0176,-36.64789
4670.,17.58145,17.44114,38.60097,19.15295,38.90886,-19.0161,-36.64572
4680.,17.58404,17.44371,38.60348,19.15562,38.91139,-19.0146,-36.64356
4690.,17.58663,17.44627,38.60597,19.15829,38.9139,-19.01309,-36.6414
4700.,17.58922,17.44884,38.60846,19.16096,38.91641,-19.01157,-36.63924
4710.,17.5918,17.4514,38.61094,19.16362,38.91891,-19.01004,-36.63709
4720.,17.59438,17.45395,38.61342,19.16628,38.92141,-19.0085,-36.63493
4730.,17.59696,17.45651,38.61589,19.16894,38.92389,-19.00696,-36.63278
4740.,17.59954,17.45907,38.61835,19.1716,38.92637,-19.00541,-36.63063
4750.,17.60211,17.46162,38.6208,19.17425,38.92884,-19.00385,-36.62848
4760.,17.60469,17.46417,38.62324,19.1769,38.9313,-19.00229,-36.62634
4770.,17.60726,17.46672,38.62568,19.17955,38.93375,-19.00072,-36.6242
4780.,17.60983,17.46927,38.62811,19.1822,38.9362,-18.99914,-36.62206
4790.,17.61239,17.47181,38.63053,19.18484,38.93864,-18.99755,-36.61992
4800.,17.61496,17.47436,38.63295,19.18748,38.94107,-18.99596,-36.61778
4810.,17.61752,17.4769,38.63535,19.19011,38.94349,-18.99436,-36.61565
4820.,17.62008,17.47944,38.63776,19.19275,38.94591,-18.99276,-36.61352
4830.,17.62264,17.48197,38.64015,19.19538,38.94832,-18.99115,-36.61139
4840.,17.62519,17.48451,38.64254,19.198,38.95072,-18.98953,-36.60927
4850.,17.62775,17.48704,38.64492,19.20063,38.95312,-18.98791,-36.60714
4860.,17.6303,17.48958,38.64729,19.20325,38.95551,-18.98628,-36.60502
4870.,17.63285,17.49211,38.64966,19.20587,38.95789,-18.98464,-36.6029
4880.,17.63539,17.49463,38.65202,19.20848,38.96027,-18.983,-36.60079
4890.,17.63794,17.49716,38.65437,19.2111,38.96263,-18.98136,-36.59867
4900.,17.64048,17.49968,38.65672,19.21371,38.965,-18.97971,-36.59656
4910.,17.64302,17.5022,38.65906,19.21632,38.96735,-18.97805,-36.59445
4920.,17.64556,17.50472,38.6614,19.21892,38.9697,-18.97639,-36.59234
4930.,17.64809,17.50724,38.66373,19.22152,38.97204,-18.97472,-36.59024
4940.,17.65062,17.50975,38.66605,19.22412,38.97438,-18.97305,-36.58814
4950.,17.65315,17.51227,38.66836,19.22671,38.97671,-18.97138,-36.58604
4960.,17.65568,17.51478,38.67067,19.22931,38.97903,-18.9697,-36.58394
4970.,17.65821,17.51729,38.67298,19.2319,38.98134,-18.96801,-36.58184
4980.,17.66073,17.51979,38.67527,19.23448,38.98365,-18.96632,-36.57975
4990.,17.66325,17.5223,38.67756,19.23707,38.98596,-18.96463,-36.57766
5000.,17.66577,17.5248,38.67985,19.23965,38.98825,-18.96293,-36.57557
5010.,17.66828,17.5273,38.68213,19.24223,38.99054,-18.96122,-36.57349
5020.,17.6708,17.5298,38.6844,19.2448,38.99283,-18.95952,-36.5714
5030.,17.67331,17.53229,38.68667,19.24737,38.99511,-18.95781,-36.56932
5040.,17.67582,17.53479,38.68893,19.24994,38.99738,-18.95609,-36.56724
5050.,17.67832,17.53728,38.69119,19.25251,38.99965,-18.95437,-36.56517
5060.,17.68083,17.53977,38.69344,19.25507,39.00191,-18.95265,-36.56309
5070.,17.68333,17.54225,38.69568,19.25763,39.00417,-18.95092,-36.56102
5080.,17.68583,17.54474,38.69792,19.26019,39.00642,-18.94919,-36.55895
5090.,17.68832,17.54722,38.70015,19.26274,39.00866,-18.94746,-36.55689
5100.,17.69082,17.5497,38.70238,19.26529,39.0109,-18.94572,-36.55482
5110.,17.69331,17.55217,38.7046,19.26784,39.01313,-18.94398,-36.55276
5120.,17.6958,17.55465,38.70682,19.27038,39.01536,-18.94223,-36.5507
5130.,17.69828,17.55712,38.70903,19.27293,39.01758,-18.94049,-36.54865
5140.,17.70077,17.55959,38.71124,19.27547,39.01979,-18.93874,-36.54659
5150.,17.70325,17.56206,38.71344,19.278,39.022,-18.93698,-36.54454
5160.,17.70573,17.56452,38.71563,19.28053,39.02421,-18.93523,-36.54249
5170.,17.7082,17.56699,38.71782,19.28307,39.02641,-18.93347,-36.54044
5180.,17.71068,17.56945,38.72001,19.28559,39.0286,-18.9317,-36.5384
5190.,17.71315,17.57191,38.72219,19.28812,39.03079,-18.92994,-36.53636
5200.,17.71562,17.57436,38.72436,19.29064,39.03298,-18.92817,-36.53432
5210.,17.71808,17.57682,38.72653,19.29316,39.03515,-18.9264,-36.53228
5220.,17.72055,17.57927,38.7287,19.29567,39.03733,-18.92463,-36.53024
5230.,17.72301,17.58172,38.73086,19.29818,39.0395,-18.92285,-36.52821
5240.,17.72547,17.58416,38.73301,19.30069,39.04166,-18.92107,-36.52618
5250.,17.72792,17.58661,38.73516,19.3032,39.04382,-18.91929,-36.52415
5260.,17.73038,17.58905,38.73731,19.3057,39.04597,-18.91751,-36.52213
5270.,17.73283,17.59149,38.73945,19.3082,39.04812,-18.91572,-36.5201
5280.,17.73527,17.59392,38.74158,19.3107,39.05026,-18.91394,-36.51808
5290.,17.73772,17.59636,38.74371,19.31319,39.0524,-18.91215,-36.51607
5300.,17.74016,17.59879,38.74584,19.31568,39.05453,-18.91036,-36.51405
5310.,17.7426,17.60122,38.74796,19.31817,39.05666,-18.90856,-36.51204
5320.,17.74504,17.60365,38.75007,19.32066,39.05878,-18.90677,-36.51003
5330.,17.74747,17.60607,38.75219,19.32314,39.0609,-18.90497,-36.50802
5340.,17.74991,17.60849,38.75429,19.32562,39.06302,-18.90317,-36.50601
5350.,17.75234,17.61091,38.7564,19.32809,39.06512,-18.90137,-36.50401
5360.,17.75476,17.61333,38.75849,19.33057,39.06723,-18.89957,-36.50201
5370.,17.75719,17.61574,38.76059,19.33304,39.06933,-18.89777,-36.50001
5380.,17.75961,17.61815,38.76268,19.33551,39.07142,-18.89596,-36.49801
5390.,17.76203,17.62056,38.76476,19.33797,39.07352,-18.89415,-36.49602
5400.,17.76444,17.62297,38.76684,19.34043,39.0756,-18.89235,-36.49403
5410.,17.76686,17.62537,38.76892,19.34289,39.07768,-18.89054,-36.49204
5420.,17.76927,17.62778,38.77099,19.34534,39.07976,-18.88872,-36.49005
5430.,17.77168,17.63018,38.77305,19.3478,39.08183,-18.88691,-36.48807
5440.,17.77408,17.63257,38.77512,19.35025,39.0839,-18.8851,-36.48609
5450.,17.77649,17.63497,38.77717,19.35269,39.08597,-18.88328,-36.48411
5460.,17.77889,17.63736,38.77923,19.35513,39.08802,-18.88147,-36.48213
5470.,17.78128,17.63975,38.78128,19.35758,39.09008,-18.87965,-36.48016
5480.,17.78368,17.64213,38.78332,19.36001,39.09213,-18.87783,-36.47818
5490.,17.78607,17.64452,38.78536,19.36245,39.09418,-18.87601,-36.47621
5500.,17.78846,17.6469,38.7874,19.36488,39.09622,-18.87419,-36.47425
5510.,17.79085,17.64928,38.78943,19.36731,39.09826,-18.87237,-36.47228
5520.,17.79323,17.65165,38.79146,19.36973,39.10029,-18.87055,-36.47032
5530.,17.79562,17.65403,38.79349,19.37215,39.10232,-18.86873,-36.46836
5540.,17.79799,17.6564,38.79551,19.37457,39.10435,-18.8669,-36.4664
5550.,17.80037,17.65877,38.79752,19.37699,39.10637,-18.86508,-36.46445
5560.,17.80274,17.66113,38.79954,19.3794,39.10839,-18.86325,-36.4625
5570.,17.80511,17.6635,38.80155,19.38181,39.1104,-18.86143,-36.46055
5580.,17.80748,17.66586,38.80355,19.38422,39.11241,-18.8596,-36.4586
5590.,17.80985,17.66822,38.80555,19.38662,39.11441,-18.85778,-36.45665
5600.,17.81221,17.67057,38.80755,19.38903,39.11642,-18.85595,-36.45471
5610.,17.81457,17.67292,38.80954,19.39142,39.11841,-18.85412,-36.45277
5620.,17.81693,17.67528,38.81153,19.39382,39.12041,-18.85229,-36.45083
5630.,17.81928,17.67762,38.81352,19.39621,39.1224,-18.85046,-36.4489
5640.,17.82164,17.67997,38.8155,19.3986,39.12438,-18.84863,-36.44696
5650.,17.82398,17.68231,38.81748,19.40099,39.12636,-18.84681,-36.44503
5660.,17.82633,17.68465,38.81945,19.40337,39.12834,-18.84498,-36.4431
5670.,17.82867,17.68699,38.82142,19.40575,39.13031,-18.84315,-36.44118
5680.,17.83102,17.68932,38.82339,19.40813,39.13229,-18.84132,-36.43925
5690.,17.83335,17.69166,38.82535,19.4105,39.13425,-18.83949,-36.43733
5700.,17.83569,17.69398,38.82731,19.41287,39.13621,-18.83766,-36.43541
5710.,17.83802,17.69631,38.82926,19.41524,39.13817,-18.83582,-36.4335
5720.,17.84035,17.69864,38.83122,19.41761,39.14013,-18.83399,-36.43158
5730.,17.84268,17.70096,38.83316,19.41997,39.14208,-18.83216,-36.42967
5740.,17.84501,17.70328,38.83511,19.42233,39.14403,-18.83033,-36.42776
5750.,17.84733,17.70559,38.83705,19.42469,39.14597,-18.8285,-36.42585
5760.,17.84965,17.70791,38.83899,19.42704,39.14791,-18.82667,-36.42395
5770.,17.85196,17.71022,38.84092,19.42939,39.14985,-18.82484,-36.42205
5780.,17.85428,17.71253,38.84285,19.43174,39.15178,-18.82301,-36.42015
5790.,17.85659,17.71483,38.84478,19.43409,39.15371,-18.82118,-36.41825
5800.,17.8589,17.71714,38.8467,19.43643,39.15564,-18.81935,-36.41636
5810.,17.8612,17.71944,38.84862,19.43877,39.15756,-18.81752,-36.41446
5820.,17.86351,17.72173,38.85054,19.4411,39.15948,-18.81569,-36.41257
5830.,17.86581,17.72403,38.85245,19.44344,39.1614,-18.81386,-36.41069
5840.,17.8681,17.72632,38.85436,19.44577,39.16331,-18.81203,-36.4088
5850.,17.8704,17.72861,38.85627,19.44809,39.16522,-18.8102,-36.40692
5860.,17.87269,17.7309,38.85817,19.45042,39.16712,-18.80837,-36.40504
5870.,17.87498,17.73318,38.86007,19.45274,39.16902,-18.80655,-36.40316
5880.,17.87727,17.73547,38.86196,19.45506,39.17092,-18.80472,-36.40128
5890.,17.87955,17.73775,38.86386,19.45737,39.17282,-18.80289,-36.39941
5900.,17.88183,17.74002,38.86575,19.45969,39.17471,-18.80106,-36.39754
5910.,17.88411,17.7423,38.86763,19.462,39.1766,-18.79924,-36.39567
5920.,17.88638,17.74457,38.86952,19.4643,39.17848,-18.79741,-36.3938
5930.,17.88866,17.74684,38.8714,19.46661,39.18036,-18.79559,-36.39194
5940.,17.89093,17.7491,38.87327,19.46891,39.18224,-18.79376,-36.39008
5950.,17.8932,17.75137,38.87514,19.47121,39.18412,-18.79194,-36.38822
5960.,17.89546,17.75363,38.87701,19.4735,39.18599,-18.79011,-36.38636
5970.,17.89772,17.75588,38.87888,19.47579,39.18786,-18.78829,-36.38451
5980.,17.89998,17.75814,38.88074,19.47808,39.18972,-18.78647,-36.38265
5990.,17.90224,17.76039,38.88261,19.48037,39.19158,-18.78465,-36.3808
6000.,17.90449,17.76264,38.88446,19.48265,39.19344,-18.78282,-36.37896
6010.,17.90674,17.76489,38.88632,19.48493,39.1953,-18.781,-36.37711
6020.,17.90899,17.76714,38.88817,19.48721,39.19715,-18.77918,-36.37527
6030.,17.91124,17.76938,38.89001,19.48948,39.199,-18.77737,-36.37343
6040.,17.91348,17.77162,38.89186,19.49176,39.20085,-18.77555,-36.37159
6050.,17.91572,17.77385,38.8937,19.49403,39.20269,-18.77373,-36.36975
6060.,17.91796,17.77609,38.89554,19.49629,39.20453,-18.77191,-36.36792
6070.,17.92019,17.77832,38.89737,19.49855,39.20637,-18.7701,-36.36609
6080.,17.92242,17.78055,38.89921,19.50081,39.2082,-18.76828,-36.36426
6090.,17.92465,17.78278,38.90104,19.50307,39.21003,-18.76647,-36.36243
6100.,17.92688,17.785,38.90286,19.50533,39.21186,-18.76466,-36.36061
6110.,17.9291,17.78722,38.90469,19.50758,39.21368,-18.76284,-36.35879
6120.,17.93133,17.78944,38.90651,19.50983,39.2155,-18.76103,-36.35697
6130.,17.93354,17.79165,38.90832,19.51207,39.21732,-18.75922,-36.35515
6140.,17.93576,17.79387,38.91014,19.51432,39.21914,-18.75741,-36.35334
6150.,17.93797,17.79608,38.91195,19.51656,39.22095,-18.75561,-36.35152
6160.,17.94018,17.79829,38.91376,19.51879,39.22276,-18.7538,-36.34971
6170.,17.94239,17.80049,38.91556,19.52103,39.22456,-18.75199,-36.34791
6180.,17.9446,17.80269,38.91737,19.52326,39.22637,-18.75019,-36.3461
6190.,17.9468,17.80489,38.91917,19.52549,39.22817,-18.74838,-36.3443
6200.,17.949,17.80709,38.92096,19.52771,39.22997,-18.74658,-36.3425
6210.,17.95119,17.80928,38.92276,19.52994,39.23176,-18.74478,-36.3407
6220.,17.95339,17.81148,38.92455,19.53216,39.23355,-18.74298,-36.3389
6230.,17.95558,17.81367,38.92633,19.53437,39.23534,-18.74118,-36.33711
6240.,17.95777,17.81585,38.92812,19.53659,39.23713,-18.73938,-36.33532
6250.,17.95995,17.81804,38.9299,19.5388,39.23891,-18.73758,-36.33353
6260.,17.96214,17.82022,38.93168,19.54101,39.24069,-18.73578,-36.33174
6270.,17.96432,17.8224,38.93346,19.54322,39.24247,-18.73399,-36.32995
6280.,17.9665,17.82457,38.93523,19.54542,39.24424,-18.73219,-36.32817
6290.,17.96867,17.82675,38.937,19.54762,39.24601,-18.7304,-36.32639
6300.,17.97084,17.82892,38.93877,19.54982,39.24778,-18.72861,-36.32461
6310.,17.97301,17.83108,38.94054,19.55201,39.24955,-18.72682,-36.32284
6320.,17.97518,17.83325,38.9423,19.5542,39.25131,-18.72503,-36.32106
6330.,17.97735,17.83541,38.94406,19.55639,39.25307,-18.72324,-36.31929
6340.,17.97951,17.83757,38.94582,19.55858,39.25483,-18.72146,-36.31752
6350.,17.98167,17.83973,38.94757,19.56076,39.25658,-18.71967,-36.31576
6360.,17.98382,17.84188,38.94932,19.56294,39.25834,-18.71789,-36.31399
6370.,17.98598,17.84404,38.95107,19.56512,39.26008,-18.7161,-36.31223
6380.,17.98813,17.84619,38.95282,19.56729,39.26183,-18.71432,-36.31047
6390.,17.99028,17.84833,38.95456,19.56947,39.26357,-18.71254,-36.30871
6400.,17.99242,17.85048,38.9563,19.57164,39.26532,-18.71076,-36.30696
6410.,17.99456,17.85262,38.95804,19.5738,39.26705,-18.70899,-36.30521
6420.,17.9967,17.85476,38.95978,19.57597,39.26879,-18.70721,-36.30345
6430.,17.99884,17.85689,38.96151,19.57813,39.27052,-18.70544,-36.30171
6440.,18.00098,17.85903,38.96324,19.58029,39.27225,-18.70366,-36.29996
6450.,18.00311,17.86116,38.96497,19.58244,39.27398,-18.70189,-36.29822
6460.,18.00524,17.86329,38.96669,19.58459,39.27571,-18.70012,-36.29647
6470.,18.00737,17.86541,38.96842,19.58674,39.27743,-18.69835,-36.29473
6480.,18.00949,17.86754,38.97014,19.58889,39.27915,-18.69658,-36.293
6490.,18.01161,17.86966,38.97185,19.59104,39.28086,-18.69482,-36.29126
6500.,18.01373,17.87177,38.97357,19.59318,39.28258,-18.69305,-36.28953
6510.,18.01585,17.87389,38.97528,19.59532,39.28429,-18.69129,-36.2878
6520.,18.01796,17.876,38.97699,19.59745,39.286,-18.68953,-36.28607
6530.,18.02007,17.87811,38.9787,19.59958,39.28771,-18.68777,-36.28434
6540.,18.02218,17.88022,38.9804,19.60172,39.28941,-18.68601,-36.28262
6550.,18.02429,17.88233,38.9821,19.60384,39.29111,-18.68425,-36.2809
6560.,18.02639,17.88443,38.9838,19.60597,39.29281,-18.6825,-36.27918
6570.,18.02849,17.88653,38.9855,19.60809,39.29451,-18.68074,-36.27746
6580.,18.03059,17.88862,38.98719,19.61021,39.2962,-18.67899,-36.27575
6590.,18.03268,17.89072,38.98888,19.61233,39.29789,-18.67724,-36.27404
6600.,18.03477,17.89281,38.99057,19.61444,39.29958,-18.67549,-36.27232
6610.,18.03686,17.8949,38.99226,19.61655,39.30127,-18.67374,-36.27062
6620.,18.03895,17.89699,38.99394,19.61866,39.30295,-18.67199,-36.26891
6630.,18.04104,17.89907,38.99562,19.62077,39.30463,-18.67025,-36.26721
6640.,18.04312,17.90115,38.9973,19.62287,39.30631,-18.6685,-36.2655
6650.,18.0452,17.90323,38.99898,19.62497,39.30799,-18.66676,-36.26381
6660.,18.04727,17.90531,39.00065,19.62707,39.30966,-18.66502,-36.26211
6670.,18.04935,17.90738,39.00233,19.62916,39.31133,-18.66328,-36.26041
6680.,18.05142,17.90945,39.004,19.63126,39.313,-18.66155,-36.25872
6690.,18.05349,17.91152,39.00566,19.63334,39.31466,-18.65981,-36.25703
6700.,18.05555,17.91359,39.00733,19.63543,39.31633,-18.65808,-36.25534
6710.,18.05762,17.91565,39.00899,19.63752,39.31799,-18.65634,-36.25365
6720.,18.05968,17.91771,39.01065,19.6396,39.31965,-18.65461,-36.25197
6730.,18.06174,17.91977,39.0123,19.64168,39.3213,-18.65288,-36.25029
6740.,18.06379,17.92182,39.01396,19.64375,39.32296,-18.65116,-36.24861
6750.,18.06585,17.92388,39.01561,19.64583,39.32461,-18.64943,-36.24693
6760.,18.0679,17.92593,39.01726,19.6479,39.32626,-18.64771,-36.24526
6770.,18.06994,17.92798,39.01891,19.64996,39.3279,-18.64598,-36.24358
6780.,18.07199,17.93002,39.02055,19.65203,39.32955,-18.64426,-36.24191
6790.,18.07403,17.93206,39.0222,19.65409,39.33119,-18.64254,-36.24024
6800.,18.07607,17.9341,39.02384,19.65615,39.33283,-18.64083,-36.23858
6810.,18.07811,17.93614,39.02547,19.65821,39.33447,-18.63911,-36.23691
6820.,18.08015,17.93818,39.02711,19.66026,39.3361,-18.6374,-36.23525
6830.,18.08218,17.94021,39.02874,19.66232,39.33773,-18.63569,-36.23359
6840.,18.08421,17.94224,39.03037,19.66437,39.33936,-18.63397,-36.23193
6850.,18.08623,17.94427,39.032,19.66641,39.34099,-18.63227,-36.23027
6860.,18.08826,17.94629,39.03363,19.66846,39.34262,-18.63056,-36.22862
6870.,18.09028,17.94831,39.03525,19.6705,39.34424,-18.62885,-36.22697
6880.,18.0923,17.95033,39.03687,19.67254,39.34586,-18.62715,-36.22532
6890.,18.09432,17.95235,39.03849,19.67457,39.34748,-18.62545,-36.22367
6900.,18.09633,17.95437,39.04011,19.67661,39.34909,-18.62375,-36.22203
6910.,18.09834,17.95638,39.04172,19.67864,39.35071,-18.62205,-36.22038
6920.,18.10035,17.95839,39.04334,19.68066,39.35232,-18.62035,-36.21874
6930.,18.10236,17.96039,39.04495,19.68269,39.35393,-18.61866,-36.2171
6940.,18.10436,17.9624,39.04655,19.68471,39.35553,-18.61696,-36.21547
6950.,18.10636,17.9644,39.04816,19.68673,39.35714,-18.61527,-36.21383
6960.,18.10836,17.9664,39.04976,19.68875,39.35874,-18.61358,-36.2122
6970.,18.11036,17.9684,39.05136,19.69077,39.36034,-18.61189,-36.21057
6980.,18.11235,17.97039,39.05296,19.69278,39.36194,-18.61021,-36.20894
6990.,18.11435,17.97238,39.05456,19.69479,39.36353,-18.60852,-36.20732
7000.,18.11633,17.97437,39.05615,19.69679,39.36512,-18.60684,-36.20569
7010.,18.11832,17.97636,39.05774,19.6988,39.36672,-18.60516,-36.20407
7020.,18.1203,17.97834,39.05933,19.7008,39.3683,-18.60348,-36.20245
7030.,18.12229,17.98032,39.06092,19.7028,39.36989,-18.6018,-36.20083
7040.,18.12426,17.9823,39.0625,19.7048,39.37147,-18.60012,-36.19922
7050.,18.12624,17.98428,39.06409,19.70679,39.37305,-18.59845,-36.1976
7060.,18.12821,17.98625,39.06567,19.70878,39.37463,-18.59678,-36.19599
7070.,18.13018,17.98823,39.06725,19.71077,39.37621,-18.59511,-36.19438
7080.,18.13215,17.9902,39.06882,19.71276,39.37779,-18.59344,-36.19278
7090.,18.13412,17.99216,39.0704,19.71474,39.37936,-18.59177,-36.19117
7100.,18.13608,17.99413,39.07197,19.71672,39.38093,-18.59011,-36.18957
7110.,18.13804,17.99609,39.07354,19.7187,39.3825,-18.58844,-36.18797
7120.,18.14,17.99805,39.0751,19.72068,39.38406,-18.58678,-36.18637
7130.,18.14196,18.,39.07667,19.72265,39.38563,-18.58512,-36.18477
7140.,18.14391,18.00196,39.07823,19.72462,39.38719,-18.58346,-36.18318
7150.,18.14586,18.00391,39.07979,19.72659,39.38875,-18.58181,-36.18158
7160.,18.14781,18.00586,39.08135,19.72856,39.39031,-18.58015,-36.17999
7170.,18.14976,18.00781,39.08291,19.73052,39.39186,-18.5785,-36.1784
7180.,18.1517,18.00975,39.08446,19.73248,39.39341,-18.57685,-36.17682
7190.,18.15364,18.01169,39.08601,19.73444,39.39496,-18.5752,-36.17523
7200.,18.15558,18.01363,39.08756,19.73639,39.39651,-18.57355,-36.17365
7210.,18.15751,18.01557,39.08911,19.73835,39.39806,-18.57191,-36.17207
7220.,18.15945,18.0175,39.09066,19.7403,39.3996,-18.57027,-36.17049
7230.,18.16138,18.01943,39.0922,19.74225,39.40115,-18.56862,-36.16892
7240.,18.16331,18.02136,39.09374,19.74419,39.40269,-18.56698,-36.16734
7250.,18.16523,18.02329,39.09528,19.74613,39.40422,-18.56535,-36.16577
7260.,18.16716,18.02522,39.09682,19.74807,39.40576,-18.56371,-36.1642
7270.,18.16908,18.02714,39.09835,19.75001,39.40729,-18.56208,-36.16263
7280.,18.171,18.02906,39.09989,19.75195,39.40882,-18.56044,-36.16107
7290.,18.17291,18.03097,39.10142,19.75388,39.41035,-18.55881,-36.1595
7300.,18.17483,18.03289,39.10295,19.75581,39.41188,-18.55719,-36.15794
7310.,18.17674,18.0348,39.10447,19.75774,39.41341,-18.55556,-36.15638
7320.,18.17865,18.03671,39.106,19.75966,39.41493,-18.55393,-36.15482
7330.,18.18055,18.03862,39.10752,19.76159,39.41645,-18.55231,-36.15327
7340.,18.18246,18.04052,39.10904,19.76351,39.41797,-18.55069,-36.15172
7350.,18.18436,18.04243,39.11056,19.76542,39.41948,-18.54907,-36.15016
7360.,18.18626,18.04433,39.11207,19.76734,39.421,-18.54745,-36.14861
7370.,18.18815,18.04622,39.11359,19.76925,39.42251,-18.54584,-36.14707
7380.,18.19005,18.04812,39.1151,19.77116,39.42402,-18.54422,-36.14552
7390.,18.19194,18.05001,39.11661,19.77307,39.42553,-18.54261,-36.14398
7400.,18.19383,18.0519,39.11812,19.77497,39.42704,-18.541,-36.14244
7410.,18.19571,18.05379,39.11962,19.77688,39.42854,-18.53939,-36.1409
7420.,18.1976,18.05567,39.12113,19.77878,39.43004,-18.53778,-36.13936
7430.,18.19948,18.05756,39.12263,19.78068,39.43154,-18.53618,-36.13782
7440.,18.20136,18.05944,39.12413,19.78257,39.43304,-18.53458,-36.13629
7450.,18.20324,18.06132,39.12562,19.78446,39.43454,-18.53298,-36.13476
7460.,18.20511,18.06319,39.12712,19.78635,39.43603,-18.53138,-36.13323
7470.,18.20698,18.06507,39.12861,19.78824,39.43752,-18.52978,-36.1317
7480.,18.20885,18.06694,39.1301,19.79013,39.43901,-18.52818,-36.13018
7490.,18.21072,18.0688,39.13159,19.79201,39.4405,-18.52659,-36.12865
7500.,18.21258,18.07067,39.13308,19.79389,39.44199,-18.525,-36.12713
7510.,18.21445,18.07253,39.13457,19.79577,39.44347,-18.52341,-36.12561
7520.,18.21631,18.0744,39.13605,19.79764,39.44495,-18.52182,-36.12409
7530.,18.21817,18.07626,39.13753,19.79952,39.44643,-18.52024,-36.12258
7540.,18.22002,18.07811,39.13901,19.80139,39.44791,-18.51865,-36.12106
7550.,18.22187,18.07997,39.14049,19.80326,39.44939,-18.51707,-36.11955
7560.,18.22372,18.08182,39.14196,19.80512,39.45086,-18.51549,-36.11804
7570.,18.22557,18.08367,39.14344,19.80699,39.45233,-18.51391,-36.11654
7580.,18.22742,18.08551,39.14491,19.80885,39.4538,-18.51233,-36.11503
7590.,18.22926,18.08736,39.14638,19.81071,39.45527,-18.51076,-36.11353
7600.,18.2311,18.0892,39.14784,19.81256,39.45673,-18.50919,-36.11202
7610.,18.23294,18.09104,39.14931,19.81442,39.4582,-18.50761,-36.11052
7620.,18.23478,18.09288,39.15077,19.81627,39.45966,-18.50605,-36.10903
7630.,18.23661,18.09471,39.15223,19.81812,39.46112,-18.50448,-36.10753
7640.,18.23844,18.09655,39.15369,19.81996,39.46258,-18.50291,-36.10604
7650.,18.24027,18.09838,39.15515,19.82181,39.46403,-18.50135,-36.10454
7660.,18.2421,18.10021,39.15661,19.82365,39.46549,-18.49979,-36.10305
7670.,18.24392,18.10203,39.15806,19.82549,39.46694,-18.49823,-36.10157
7680.,18.24574,18.10386,39.15951,19.82732,39.46839,-18.49667,-36.10008
7690.,18.24756,18.10568,39.16096,19.82916,39.46984,-18.49511,-36.0986
7700.,18.24938,18.10749,39.16241,19.83099,39.47128,-18.49356,-36.09711
7710.,18.2512,18.10931,39.16385,19.83282,39.47273,-18.49201,-36.09563
7720.,18.25301,18.11113,39.1653,19.83465,39.47417,-18.49046,-36.09415
7730.,18.25482,18.11294,39.16674,19.83647,39.47561,-18.48891,-36.09268
7740.,18.25663,18.11475,39.16818,19.8383,39.47705,-18.48736,-36.0912
7750.,18.25843,18.11655,39.16962,19.84012,39.47848,-18.48581,-36.08973
7760.,18.26023,18.11836,39.17105,19.84193,39.47992,-18.48427,-36.08826
7770.,18.26204,18.12016,39.17249,19.84375,39.48135,-18.48273,-36.08679
7780.,18.26383,18.12196,39.17392,19.84556,39.48278,-18.48119,-36.08532
7790.,18.26563,18.12376,39.17535,19.84737,39.48421,-18.47965,-36.08386
7800.,18.26742,18.12555,39.17678,19.84918,39.48563,-18.47812,-36.0824
7810.,18.26922,18.12735,39.1782,19.85099,39.48706,-18.47658,-36.08093
7820.,18.271,18.12914,39.17963,19.85279,39.48848,-18.47505,-36.07947
7830.,18.27279,18.13093,39.18105,19.85459,39.4899,-18.47352,-36.07802
7840.,18.27458,18.13271,39.18247,19.85639,39.49132,-18.47199,-36.07656
7850.,18.27636,18.1345,39.18389,19.85819,39.49274,-18.47047,-36.07511
7860.,18.27814,18.13628,39.18531,19.85998,39.49415,-18.46894,-36.07366
7870.,18.27992,18.13806,39.18672,19.86177,39.49557,-18.46742,-36.07221
7880.,18.28169,18.13983,39.18813,19.86356,39.49698,-18.4659,-36.07076
7890.,18.28346,18.14161,39.18954,19.86535,39.49839,-18.46438,-36.06931
7900.,18.28523,18.14338,39.19095,19.86713,39.49979,-18.46286,-36.06787
7910.,18.287,18.14515,39.19236,19.86892,39.5012,-18.46135,-36.06643
7920.,18.28877,18.14692,39.19377,19.8707,39.5026,-18.45983,-36.06499
7930.,18.29053,18.14868,39.19517,19.87247,39.50401,-18.45832,-36.06355
7940.,18.29229,18.15045,39.19657,19.87425,39.50541,-18.45681,-36.06211
7950.,18.29405,18.15221,39.19797,19.87602,39.5068,-18.45531,-36.06068
7960.,18.29581,18.15397,39.19937,19.87779,39.5082,-18.4538,-36.05924
7970.,18.29757,18.15572,39.20077,19.87956,39.50959,-18.45229,-36.05781
7980.,18.29932,18.15748,39.20216,19.88133,39.51099,-18.45079,-36.05638
7990.,18.30107,18.15923,39.20355,19.88309,39.51238,-18.44929,-36.05496
8000.,18.30282,18.16098,39.20494,19.88485,39.51377,-18.44779,-36.05353
8010.,18.30456,18.16273,39.20633,19.88661,39.51515,-18.4463,-36.05211
8020.,18.3063,18.16447,39.20772,19.88837,39.51654,-18.4448,-36.05069
8030.,18.30805,18.16621,39.2091,19.89013,39.51792,-18.44331,-36.04927
8040.,18.30978,18.16795,39.21049,19.89188,39.5193,-18.44182,-36.04785
8050.,18.31152,18.16969,39.21187,19.89363,39.52068,-18.44033,-36.04643
8060.,18.31325,18.17143,39.21325,19.89538,39.52206,-18.43884,-36.04502
8070.,18.31499,18.17316,39.21463,19.89712,39.52344,-18.43735,-36.04361
8080.,18.31672,18.17489,39.216,19.89887,39.52481,-18.43587,-36.04219
8090.,18.31844,18.17662,39.21737,19.90061,39.52618,-18.43439,-36.04079
8100.,18.32017,18.17835,39.21875,19.90235,39.52755,-18.43291,-36.03938
8110.,18.32189,18.18007,39.22012,19.90408,39.52892,-18.43143,-36.03797
8120.,18.32361,18.1818,39.22149,19.90582,39.53029,-18.42995,-36.03657
8130.,18.32533,18.18352,39.22285,19.90755,39.53165,-18.42848,-36.03517
8140.,18.32705,18.18524,39.22422,19.90928,39.53302,-18.42701,-36.03377
8150.,18.32876,18.18695,39.22558,19.91101,39.53438,-18.42554,-36.03237
8160.,18.33047,18.18866,39.22694,19.91273,39.53574,-18.42407,-36.03098
8170.,18.33218,18.19038,39.2283,19.91445,39.53709,-18.4226,-36.02958
8180.,18.33389,18.19209,39.22966,19.91617,39.53845,-18.42113,-36.02819
8190.,18.3356,18.19379,39.23101,19.91789,39.5398,-18.41967,-36.0268
8200.,18.3373,18.1955,39.23237,19.91961,39.54116,-18.41821,-36.02541
8210.,18.339,18.1972,39.23372,19.92132,39.54251,-18.41675,-36.02402
8220.,18.3407,18.1989,39.23507,19.92303,39.54386,-18.41529,-36.02264
8230.,18.34239,18.2006,39.23642,19.92474,39.5452,-18.41383,-36.02126
8240.,18.34409,18.20229,39.23777,19.92645,39.54655,-18.41238,-36.01987
8250.,18.34578,18.20399,39.23911,19.92816,39.54789,-18.41093,-36.0185
8260.,18.34747,18.20568,39.24046,19.92986,39.54923,-18.40948,-36.01712
8270.,18.34916,18.20737,39.2418,19.93156,39.55057,-18.40803,-36.01574
8280.,18.35084,18.20906,39.24314,19.93326,39.55191,-18.40658,-36.01437
8290.,18.35253,18.21074,39.24447,19.93495,39.55325,-18.40513,-36.013
8300.,18.35421,18.21242,39.24581,19.93665,39.55458,-18.40369,-36.01162
8310.,18.35589,18.2141,39.24714,19.93834,39.55591,-18.40225,-36.01026
8320.,18.35756,18.21578,39.24848,19.94003,39.55724,-18.40081,-36.00889
8330.,18.35924,18.21746,39.24981,19.94172,39.55857,-18.39937,-36.00752
8340.,18.36091,18.21913,39.25114,19.9434,39.5599,-18.39793,-36.00616
8350.,18.36258,18.2208,39.25247,19.94508,39.56123,-18.3965,-36.0048
8360.,18.36425,18.22247,39.25379,19.94677,39.56255,-18.39507,-36.00344
8370.,18.36591,18.22414,39.25511,19.94844,39.56387,-18.39364,-36.00208
8380.,18.36758,18.22581,39.25644,19.95012,39.56519,-18.39221,-36.00072
8390.,18.36924,18.22747,39.25776,19.95179,39.56651,-18.39078,-35.99937
8400.,18.3709,18.22913,39.25908,19.95347,39.56783,-18.38935,-35.99802
8410.,18.37255,18.23079,39.26039,19.95514,39.56914,-18.38793,-35.99667
8420.,18.37421,18.23245,39.26171,19.9568,39.57046,-18.38651,-35.99532
8430.,18.37586,18.2341,39.26302,19.95847,39.57177,-18.38509,-35.99397
8440.,18.37751,18.23575,39.26433,19.96013,39.57308,-18.38367,-35.99262
8450.,18.37916,18.2374,39.26564,19.96179,39.57439,-18.38225,-35.99128
8460.,18.38081,18.23905,39.26695,19.96345,39.57569,-18.38084,-35.98994
8470.,18.38245,18.2407,39.26826,19.96511,39.577,-18.37942,-35.9886
8480.,18.38409,18.24234,39.26956,19.96676,39.5783,-18.37801,-35.98726
8490.,18.38573,18.24398,39.27087,19.96841,39.5796,-18.3766,-35.98592
8500.,18.38737,18.24562,39.27217,19.97007,39.5809,-18.3752,-35.98459
8510.,18.38901,18.24726,39.27347,19.97171,39.5822,-18.37379,-35.98325
8520.,18.39064,18.2489,39.27476,19.97336,39.5835,-18.37239,-35.98192
8530.,18.39227,18.25053,39.27606,19.975,39.58479,-18.37098,-35.98059
8540.,18.3939,18.25216,39.27736,19.97664,39.58608,-18.36958,-35.97926
8550.,18.39553,18.25379,39.27865,19.97828,39.58737,-18.36818,-35.97794
8560.,18.39715,18.25542,39.27994,19.97992,39.58866,-18.36679,-35.97661
8570.,18.39877,18.25704,39.28123,19.98156,39.58995,-18.36539,-35.97529
8580.,18.4004,18.25866,39.28252,19.98319,39.59124,-18.364,-35.97397
8590.,18.40201,18.26028,39.2838,19.98482,39.59252,-18.36261,-35.97265
8600.,18.40363,18.2619,39.28509,19.98645,39.5938,-18.36122,-35.97133
8610.,18.40524,18.26352,39.28637,19.98808,39.59509,-18.35983,-35.97001
8620.,18.40686,18.26513,39.28765,19.9897,39.59636,-18.35844,-35.9687
8630.,18.40847,18.26674,39.28893,19.99132,39.59764,-18.35706,-35.96739
8640.,18.41008,18.26835,39.29021,19.99294,39.59892,-18.35568,-35.96608
8650.,18.41168,18.26996,39.29148,19.99456,39.60019,-18.35429,-35.96477
8660.,18.41328,18.27157,39.29276,19.99618,39.60146,-18.35292,-35.96346
8670.,18.41489,18.27317,39.29403,19.99779,39.60274,-18.35154,-35.96215
8680.,18.41649,18.27477,39.2953,19.9994,39.604,-18.35016,-35.96085
8690.,18.41808,18.27637,39.29657,20.00101,39.60527,-18.34879,-35.95955
8700.,18.41968,18.27797,39.29784,20.00262,39.60654,-18.34742,-35.95825
8710.,18.42127,18.27957,39.2991,20.00422,39.6078,-18.34605,-35.95695
8720.,18.42286,18.28116,39.30037,20.00583,39.60906,-18.34468,-35.95565
8730.,18.42445,18.28275,39.30163,20.00743,39.61032,-18.34331,-35.95436
8740.,18.42604,18.28434,39.30289,20.00903,39.61158,-18.34194,-35.95306
8750.,18.42763,18.28593,39.30415,20.01063,39.61284,-18.34058,-35.95177
8760.,18.42921,18.28751,39.30541,20.01222,39.6141,-18.33922,-35.95048
8770.,18.43079,18.28909,39.30666,20.01381,39.61535,-18.33786,-35.94919
8780.,18.43237,18.29067,39.30792,20.0154,39.6166,-18.3365,-35.9479
8790.,18.43395,18.29225,39.30917,20.01699,39.61785,-18.33514,-35.94662
8800.,18.43552,18.29383,39.31042,20.01858,39.6191,-18.33379,-35.94533
8810.,18.43709,18.29541,39.31167,20.02016,39.62035,-18.33244,-35.94405
8820.,18.43866,18.29698,39.31292,20.02175,39.6216,-18.33108,-35.94277
8830.,18.44023,18.29855,39.31416,20.02333,39.62284,-18.32973,-35.94149
8840.,18.4418,18.30012,39.31541,20.02491,39.62408,-18.32839,-35.94022
8850.,18.44336,18.30168,39.31665,20.02648,39.62533,-18.32704,-35.93894
8860.,18.44493,18.30325,39.31789,20.02806,39.62656,-18.3257,-35.93767
8870.,18.44649,18.30481,39.31913,20.02963,39.6278,-18.32435,-35.93639
8880.,18.44805,18.30637,39.32037,20.0312,39.62904,-18.32301,-35.93512
8890.,18.4496,18.30793,39.32161,20.03277,39.63027,-18.32167,-35.93385
8900.,18.45116,18.30949,39.32284,20.03433,39.63151,-18.32034,-35.93259
8910.,18.45271,18.31104,39.32407,20.0359,39.63274,-18.319,-35.93132
8920.,18.45426,18.31259,39.3253,20.03746,39.63397,-18.31767,-35.93006
8930.,18.45581,18.31414,39.32653,20.03902,39.6352,-18.31633,-35.9288
8940.,18.45735,18.31569,39.32776,20.04058,39.63642,-18.315,-35.92754
8950.,18.4589,18.31724,39.32899,20.04213,39.63765,-18.31367,-35.92628
8960.,18.46044,18.31878,39.33021,20.04369,39.63887,-18.31235,-35.92502
8970.,18.46198,18.32032,39.33144,20.04524,39.64009,-18.31102,-35.92376
8980.,18.46352,18.32186,39.33266,20.04679,39.64131,-18.3097,-35.92251
8990.,18.46506,18.3234,39.33388,20.04833,39.64253,-18.30837,-35.92126
9000.,18.46659,18.32494,39.3351,20.04988,39.64375,-18.30705,-35.92001
9010.,18.46812,18.32647,39.33631,20.05142,39.64496,-18.30573,-35.91876
9020.,18.46965,18.328,39.33753,20.05297,39.64618,-18.30442,-35.91751
9030.,18.47118,18.32953,39.33874,20.05451,39.64739,-18.3031,-35.91627
9040.,18.47271,18.33106,39.33996,20.05604,39.6486,-18.30179,-35.91502
9050.,18.47423,18.33259,39.34117,20.05758,39.64981,-18.30048,-35.91378
9060.,18.47575,18.33411,39.34237,20.05911,39.65101,-18.29917,-35.91254
9070.,18.47727,18.33563,39.34358,20.06064,39.65222,-18.29786,-35.9113
9080.,18.47879,18.33715,39.34479,20.06217,39.65342,-18.29655,-35.91006
9090.,18.48031,18.33867,39.34599,20.0637,39.65463,-18.29525,-35.90883
9100.,18.48182,18.34019,39.34719,20.06523,39.65583,-18.29394,-35.90759
9110.,18.48333,18.3417,39.3484,20.06675,39.65703,-18.29264,-35.90636
9120.,18.48484,18.34322,39.3496,20.06827,39.65822,-18.29134,-35.90513
9130.,18.48635,18.34473,39.35079,20.06979,39.65942,-18.29004,-35.9039
9140.,18.48786,18.34623,39.35199,20.07131,39.66062,-18.28874,-35.90267
9150.,18.48936,18.34774,39.35318,20.07282,39.66181,-18.28745,-35.90144
9160.,18.49087,18.34924,39.35438,20.07434,39.663,-18.28616,-35.90022
9170.,18.49237,18.35075,39.35557,20.07585,39.66419,-18.28486,-35.899
9180.,18.49387,18.35225,39.35676,20.07736,39.66538,-18.28357,-35.89777
9190.,18.49536,18.35375,39.35795,20.07887,39.66656,-18.28228,-35.89655
9200.,18.49686,18.35524,39.35913,20.08037,39.66775,-18.281,-35.89534
9210.,18.49835,18.35674,39.36032,20.08188,39.66893,-18.27971,-35.89412
9220.,18.49984,18.35823,39.3615,20.08338,39.67012,-18.27843,-35.8929
9230.,18.50133,18.35972,39.36269,20.08488,39.6713,-18.27715,-35.89169
9240.,18.50282,18.36121,39.36387,20.08638,39.67248,-18.27587,-35.89048
9250.,18.5043,18.3627,39.36505,20.08787,39.67365,-18.27459,-35.88927
9260.,18.50578,18.36418,39.36622,20.08937,39.67483,-18.27331,-35.88806
9270.,18.50726,18.36566,39.3674,20.09086,39.676,-18.27204,-35.88685
9280.,18.50874,18.36714,39.36857,20.09235,39.67718,-18.27076,-35.88565
9290.,18.51022,18.36862,39.36975,20.09384,39.67835,-18.26949,-35.88444
9300.,18.5117,18.3701,39.37092,20.09532,39.67952,-18.26822,-35.88324
9310.,18.51317,18.37158,39.37209,20.09681,39.68069,-18.26695,-35.88204
9320.,18.51464,18.37305,39.37326,20.09829,39.68185,-18.26568,-35.88084
9330.,18.51611,18.37452,39.37442,20.09977,39.68302,-18.26442,-35.87964
9340.,18.51758,18.37599,39.37559,20.10125,39.68418,-18.26316,-35.87845
9350.,18.51904,18.37746,39.37675,20.10272,39.68534,-18.26189,-35.87725
9360.,18.52051,18.37892,39.37792,20.1042,39.6865,-18.26063,-35.87606
9370.,18.52197,18.38039,39.37908,20.10567,39.68766,-18.25937,-35.87487
9380.,18.52343,18.38185,39.38024,20.10714,39.68882,-18.25812,-35.87368
9390.,18.52489,18.38331,39.38139,20.10861,39.68998,-18.25686,-35.87249
9400.,18.52634,18.38477,39.38255,20.11008,39.69113,-18.25561,-35.8713
9410.,18.5278,18.38622,39.38371,20.11154,39.69229,-18.25435,-35.87012
9420.,18.52925,18.38768,39.38486,20.113,39.69344,-18.2531,-35.86893
9430.,18.5307,18.38913,39.38601,20.11447,39.69459,-18.25185,-35.86775
9440.,18.53215,18.39058,39.38716,20.11592,39.69574,-18.25061,-35.86657
9450.,18.5336,18.39203,39.38831,20.11738,39.69688,-18.24936,-35.86539
9460.,18.53504,18.39347,39.38946,20.11884,39.69803,-18.24812,-35.86421
9470.,18.53648,18.39492,39.3906,20.12029,39.69917,-18.24687,-35.86304
9480.,18.53792,18.39636,39.39175,20.12174,39.70032,-18.24563,-35.86186
9490.,18.53936,18.3978,39.39289,20.12319,39.70146,-18.24439,-35.86069
9500.,18.5408,18.39924,39.39403,20.12464,39.7026,-18.24316,-35.85952
9510.,18.54223,18.40068,39.39517,20.12609,39.70373,-18.24192,-35.85835
9520.,18.54367,18.40211,39.39631,20.12753,39.70487,-18.24068,-35.85718
9530.,18.5451,18.40355,39.39744,20.12897,39.70601,-18.23945,-35.85601
9540.,18.54653,18.40498,39.39858,20.13041,39.70714,-18.23822,-35.85485
9550.,18.54796,18.40641,39.39971,20.13185,39.70827,-18.23699,-35.85369
9560.,18.54938,18.40784,39.40085,20.13329,39.7094,-18.23576,-35.85252
9570.,18.55081,18.40926,39.40198,20.13472,39.71053,-18.23454,-35.85136
9580.,18.55223,18.41069,39.40311,20.13615,39.71166,-18.23331,-35.8502
9590.,18.55365,18.41211,39.40423,20.13758,39.71279,-18.23209,-35.84905
9600.,18.55507,18.41353,39.40536,20.13901,39.71391,-18.23087,-35.84789
9610.,18.55648,18.41495,39.40649,20.14044,39.71503,-18.22964,-35.84674
9620.,18.5579,18.41636,39.40761,20.14186,39.71616,-18.22843,-35.84558
9630.,18.55931,18.41778,39.40873,20.14329,39.71728,-18.22721,-35.84443
9640.,18.56072,18.41919,39.40985,20.14471,39.71839,-18.22599,-35.84328
9650.,18.56213,18.4206,39.41097,20.14613,39.71951,-18.22478,-35.84213
9660.,18.56354,18.42201,39.41209,20.14755,39.72063,-18.22357,-35.84099
9670.,18.56495,18.42342,39.4132,20.14896,39.72174,-18.22236,-35.83984
9680.,18.56635,18.42482,39.41432,20.15038,39.72286,-18.22115,-35.8387
9690.,18.56775,18.42623,39.41543,20.15179,39.72397,-18.21994,-35.83755
9700.,18.56915,18.42763,39.41654,20.1532,39.72508,-18.21873,-35.83641
9710.,18.57055,18.42903,39.41765,20.15461,39.72619,-18.21753,-35.83527
9720.,18.57195,18.43043,39.41876,20.15601,39.72729,-18.21633,-35.83413
9730.,18.57334,18.43183,39.41987,20.15742,39.7284,-18.21512,-35.833
9740.,18.57473,18.43322,39.42098,20.15882,39.7295,-18.21392,-35.83186
9750.,18.57612,18.43461,39.42208,20.16022,39.73061,-18.21273,-35.83073
9760.,18.57751,18.436,39.42318,20.16162,39.73171,-18.21153,-35.8296
9770.,18.5789,18.43739,39.42429,20.16302,39.73281,-18.21033,-35.82847
9780.,18.58029,18.43878,39.42539,20.16442,39.73391,-18.20914,-35.82734
9790.,18.58167,18.44017,39.42648,20.16581,39.735,-18.20795,-35.82621
9800.,18.58305,18.44155,39.42758,20.1672,39.7361,-18.20676,-35.82508
9810.,18.58443,18.44293,39.42868,20.16859,39.73719,-18.20557,-35.82396
9820.,18.58581,18.44431,39.42977,20.16998,39.73829,-18.20438,-35.82283
9830.,18.58719,18.44569,39.43086,20.17137,39.73938,-18.2032,-35.82171
9840.,18.58856,18.44707,39.43196,20.17275,39.74047,-18.20201,-35.82059
9850.,18.58993,18.44844,39.43305,20.17413,39.74156,-18.20083,-35.81947
9860.,18.5913,18.44981,39.43414,20.17551,39.74264,-18.19965,-35.81836
9870.,18.59267,18.45118,39.43522,20.17689,39.74373,-18.19847,-35.81724
9880.,18.59404,18.45255,39.43631,20.17827,39.74481,-18.19729,-35.81613
9890.,18.59541,18.45392,39.43739,20.17965,39.7459,-18.19611,-35.81501
9900.,18.59677,18.45529,39.43848,20.18102,39.74698,-18.19494,-35.8139
9910.,18.59813,18.45665,39.43956,20.18239,39.74806,-18.19376,-35.81279
9920.,18.59949,18.45801,39.44064,20.18376,39.74914,-18.19259,-35.81168
9930.,18.60085,18.45937,39.44172,20.18513,39.75021,-18.19142,-35.81058
9940.,18.60221,18.46073,39.44279,20.1865,39.75129,-18.19025,-35.80947
9950.,18.60356,18.46209,39.44387,20.18786,39.75236,-18.18908,-35.80837
9960.,18.60492,18.46344,39.44494,20.18923,39.75344,-18.18792,-35.80726
9970.,18.60627,18.4648,39.44602,20.19059,39.75451,-18.18675,-35.80616
9980.,18.60762,18.46615,39.44709,20.19195,39.75558,-18.18559,-35.80506
9990.,18.60897,18.4675,39.44816,20.1933,39.75665,-18.18443,-35.80396
10000.,18.61031,18.46885,39.44923,20.19466,39.75771,-18.18327,-35.80287
10010.,18.61166,18.47019,39.4503,20.19601,39.75878,-18.18211,-35.80177
10020.,18.613,18.47154,39.45136,20.19737,39.75985,-18.18095,-35.80068
10030.,18.61434,18.47288,39.45243,20.19872,39.76091,-18.1798,-35.79958
10040.,18.61568,18.47422,39.45349,20.20007,39.76197,-18.17865,-35.79849
10050.,18.61702,18.47556,39.45455,20.20141,39.76303,-18.17749,-35.7974
10060.,18.61835,18.4769,39.45561,20.20276,39.76409,-18.17634,-35.79631
10070.,18.61969,18.47823,39.45667,20.2041,39.76515,-18.17519,-35.79523
10080.,18.62102,18.47957,39.45773,20.20544,39.7662,-18.17405,-35.79414
10090.,18.62235,18.4809,39.45879,20.20678,39.76726,-18.1729,-35.79306
10100.,18.62368,18.48223,39.45984,20.20812,39.76831,-18.17175,-35.79197
10110.,18.625,18.48356,39.4609,20.20946,39.76936,-18.17061,-35.79089
10120.,18.62633,18.48488,39.46195,20.21079,39.77042,-18.16947,-35.78981
10130.,18.62765,18.48621,39.463,20.21213,39.77146,-18.16833,-35.78873
10140.,18.62897,18.48753,39.46405,20.21346,39.77251,-18.16719,-35.78766
10150.,18.63029,18.48885,39.4651,20.21479,39.77356,-18.16605,-35.78658
10160.,18.63161,18.49017,39.46614,20.21611,39.7746,-18.16492,-35.78551
10170.,18.63293,18.49149,39.46719,20.21744,39.77565,-18.16378,-35.78443
10180.,18.63424,18.49281,39.46823,20.21877,39.77669,-18.16265,-35.78336
10190.,18.63556,18.49412,39.46928,20.22009,39.77773,-18.16152,-35.78229
10200.,18.63687,18.49544,39.47032,20.22141,39.77877,-18.16039,-35.78122
10210.,18.63818,18.49675,39.47136,20.22273,39.77981,-18.15926,-35.78016
10220.,18.63949,18.49806,39.4724,20.22405,39.78085,-18.15813,-35.77909
10230.,18.64079,18.49937,39.47343,20.22536,39.78188,-18.15701,-35.77803
10240.,18.6421,18.50067,39.47447,20.22667,39.78292,-18.15588,-35.77696
10250.,18.6434,18.50198,39.4755,20.22799,39.78395,-18.15476,-35.7759
10260.,18.6447,18.50328,39.47654,20.2293,39.78498,-18.15364,-35.77484
10270.,18.646,18.50458,39.47757,20.23061,39.78601,-18.15252,-35.77378
10280.,18.6473,18.50588,39.4786,20.23191,39.78704,-18.1514,-35.77272
10290.,18.64859,18.50718,39.47963,20.23322,39.78807,-18.15028,-35.77167
10300.,18.64989,18.50847,39.48066,20.23452,39.7891,-18.14917,-35.77061
10310.,18.65118,18.50977,39.48168,20.23582,39.79012,-18.14805,-35.76956
10320.,18.65247,18.51106,39.48271,20.23712,39.79114,-18.14694,-35.76851
10330.,18.65376,18.51235,39.48373,20.23842,39.79217,-18.14583,-35.76746
10340.,18.65505,18.51364,39.48475,20.23972,39.79319,-18.14472,-35.76641
10350.,18.65633,18.51493,39.48577,20.24102,39.79421,-18.14361,-35.76536
10360.,18.65762,18.51621,39.48679,20.24231,39.79523,-18.14251,-35.76431
10370.,18.6589,18.5175,39.48781,20.2436,39.79624,-18.1414,-35.76327
10380.,18.66018,18.51878,39.48883,20.24489,39.79726,-18.1403,-35.76222
10390.,18.66146,18.52006,39.48985,20.24618,39.79827,-18.13919,-35.76118
10400.,18.66274,18.52134,39.49086,20.24747,39.79929,-18.13809,-35.76014
10410.,18.66401,18.52262,39.49187,20.24875,39.8003,-18.13699,-35.7591
10420.,18.66529,18.52389,39.49289,20.25003,39.80131,-18.1359,-35.75806
10430.,18.66656,18.52517,39.4939,20.25132,39.80232,-18.1348,-35.75702
10440.,18.66783,18.52644,39.49491,20.2526,39.80332,-18.1337,-35.75599
10450.,18.6691,18.52771,39.49591,20.25387,39.80433,-18.13261,-35.75496
10460.,18.67037,18.52898,39.49692,20.25515,39.80534,-18.13152,-35.75392
10470.,18.67163,18.53025,39.49792,20.25643,39.80634,-18.13043,-35.75289
10480.,18.6729,18.53151,39.49893,20.2577,39.80734,-18.12934,-35.75186
10490.,18.67416,18.53278,39.49993,20.25897,39.80834,-18.12825,-35.75083
10500.,18.67542,18.53404,39.50093,20.26024,39.80934,-18.12716,-35.7498
10510.,18.67668,18.5353,39.50193,20.26151,39.81034,-18.12608,-35.74878
10520.,18.67794,18.53656,39.50293,20.26278,39.81134,-18.12499,-35.74775
10530.,18.67919,18.53782,39.50393,20.26404,39.81233,-18.12391,-35.74673
10540.,18.68045,18.53907,39.50492,20.2653,39.81333,-18.12283,-35.74571
10550.,18.6817,18.54033,39.50592,20.26657,39.81432,-18.12175,-35.74469
10560.,18.68295,18.54158,39.50691,20.26783,39.81531,-18.12067,-35.74367
10570.,18.6842,18.54283,39.50791,20.26908,39.81631,-18.1196,-35.74265
10580.,18.68545,18.54408,39.5089,20.27034,39.8173,-18.11852,-35.74163
10590.,18.68669,18.54533,39.50989,20.2716,39.81828,-18.11745,-35.74062
10600.,18.68794,18.54657,39.51087,20.27285,39.81927,-18.11637,-35.7396
10610.,18.68918,18.54782,39.51186,20.2741,39.82026,-18.1153,-35.73859
10620.,18.69042,18.54906,39.51285,20.27535,39.82124,-18.11423,-35.73758
10630.,18.69166,18.5503,39.51383,20.2766,39.82222,-18.11316,-35.73657
10640.,18.6929,18.55154,39.51481,20.27785,39.8232,-18.1121,-35.73556
10650.,18.69413,18.55278,39.5158,20.27909,39.82418,-18.11103,-35.73455
10660.,18.69537,18.55402,39.51678,20.28033,39.82516,-18.10997,-35.73355
10670.,18.6966,18.55525,39.51776,20.28158,39.82614,-18.10891,-35.73254
10680.,18.69783,18.55648,39.51873,20.28282,39.82712,-18.10784,-35.73154
10690.,18.69906,18.55772,39.51971,20.28406,39.82809,-18.10678,-35.73053
10700.,18.70029,18.55895,39.52069,20.28529,39.82907,-18.10573,-35.72953
10710.,18.70152,18.56017,39.52166,20.28653,39.83004,-18.10467,-35.72853
10720.,18.70274,18.5614,39.52263,20.28776,39.83101,-18.10361,-35.72754
10730.,18.70397,18.56263,39.5236,20.28899,39.83198,-18.10256,-35.72654
10740.,18.70519,18.56385,39.52458,20.29022,39.83295,-18.1015,-35.72554
10750.,18.70641,18.56507,39.52554,20.29145,39.83392,-18.10045,-35.72455
10760.,18.70763,18.56629,39.52651,20.29268,39.83489,-18.0994,-35.72356
10770.,18.70884,18.56751,39.52748,20.29391,39.83585,-18.09835,-35.72256
10780.,18.71006,18.56873,39.52844,20.29513,39.83681,-18.09731,-35.72157
10790.,18.71127,18.56994,39.52941,20.29635,39.83778,-18.09626,-35.72058
10800.,18.71248,18.57116,39.53037,20.29757,39.83874,-18.09522,-35.7196
10810.,18.7137,18.57237,39.53133,20.29879,39.8397,-18.09417,-35.71861
10820.,18.7149,18.57358,39.53229,20.30001,39.84066,-18.09313,-35.71762
10830.,18.71611,18.57479,39.53325,20.30123,39.84161,-18.09209,-35.71664
10840.,18.71732,18.576,39.53421,20.30244,39.84257,-18.09105,-35.71566
10850.,18.71852,18.5772,39.53517,20.30366,39.84353,-18.09001,-35.71468
10860.,18.71972,18.57841,39.53612,20.30487,39.84448,-18.08898,-35.7137
10870.,18.72093,18.57961,39.53708,20.30608,39.84543,-18.08794,-35.71272
10880.,18.72213,18.58081,39.53803,20.30728,39.84638,-18.08691,-35.71174
10890.,18.72332,18.58201,39.53898,20.30849,39.84733,-18.08587,-35.71076
10900.,18.72452,18.58321,39.53993,20.3097,39.84828,-18.08484,-35.70979
10910.,18.72571,18.5844,39.54088,20.3109,39.84923,-18.08381,-35.70881
10920.,18.72691,18.5856,39.54183,20.3121,39.85018,-18.08278,-35.70784
10930.,18.7281,18.58679,39.54277,20.3133,39.85112,-18.08176,-35.70687
10940.,18.72929,18.58798,39.54372,20.3145,39.85207,-18.08073,-35.7059
10950.,18.73048,18.58917,39.54466,20.3157,39.85301,-18.07971,-35.70493
10960.,18.73167,18.59036,39.54561,20.31689,39.85395,-18.07868,-35.70397
10970.,18.73285,18.59155,39.54655,20.31809,39.85489,-18.07766,-35.703
10980.,18.73403,18.59274,39.54749,20.31928,39.85583,-18.07664,-35.70203
10990.,18.73522,18.59392,39.54843,20.32047,39.85677,-18.07562,-35.70107
11000.,18.7364,18.5951,39.54936,20.32166,39.8577,-18.0746,-35.70011
11010.,18.73758,18.59628,39.5503,20.32285,39.85864,-18.07359,-35.69915
11020.,18.73876,18.59746,39.55124,20.32403,39.85957,-18.07257,-35.69819
11030.,18.73993,18.59864,39.55217,20.32522,39.86051,-18.07156,-35.69723
11040.,18.74111,18.59982,39.5531,20.3264,39.86144,-18.07055,-35.69627
11050.,18.74228,18.60099,39.55404,20.32758,39.86237,-18.06953,-35.69532
11060.,18.74345,18.60216,39.55497,20.32876,39.8633,-18.06852,-35.69436
11070.,18.74462,18.60334,39.5559,20.32994,39.86423,-18.06752,-35.69341
11080.,18.74579,18.60451,39.55682,20.33112,39.86515,-18.06651,-35.69246
11090.,18.74696,18.60567,39.55775,20.33229,39.86608,-18.0655,-35.6915
11100.,18.74812,18.60684,39.55868,20.33347,39.867,-18.0645,-35.69055
11110.,18.74929,18.60801,39.5596,20.33464,39.86793,-18.06349,-35.68961
11120.,18.75045,18.60917,39.56052,20.33581,39.86885,-18.06249,-35.68866
11130.,18.75161,18.61033,39.56145,20.33698,39.86977,-18.06149,-35.68771
11140.,18.75277,18.61149,39.56237,20.33815,39.87069,-18.06049,-35.68677
11150.,18.75393,18.61265,39.56329,20.33931,39.87161,-18.05949,-35.68582
11160.,18.75508,18.61381,39.56421,20.34048,39.87252,-18.0585,-35.68488
11170.,18.75624,18.61497,39.56512,20.34164,39.87344,-18.0575,-35.68394
11180.,18.75739,18.61612,39.56604,20.3428,39.87435,-18.05651,-35.683
11190.,18.75854,18.61728,39.56695,20.34396,39.87527,-18.05552,-35.68206
11200.,18.75969,18.61843,39.56787,20.34512,39.87618,-18.05452,-35.68112
11210.,18.76084,18.61958,39.56878,20.34628,39.87709,-18.05353,-35.68019
11220.,18.76199,18.62073,39.56969,20.34744,39.878,-18.05255,-35.67925
11230.,18.76313,18.62187,39.5706,20.34859,39.87891,-18.05156,-35.67832
11240.,18.76428,18.62302,39.57151,20.34974,39.87982,-18.05057,-35.67739
11250.,18.76542,18.62416,39.57242,20.35089,39.88072,-18.04959,-35.67646
11260.,18.76656,18.62531,39.57332,20.35204,39.88163,-18.0486,-35.67553
11270.,18.7677,18.62645,39.57423,20.35319,39.88253,-18.04762,-35.6746
11280.,18.76884,18.62759,39.57513,20.35434,39.88344,-18.04664,-35.67367
11290.,18.76998,18.62873,39.57604,20.35548,39.88434,-18.04566,-35.67274
11300.,18.77111,18.62986,39.57694,20.35663,39.88524,-18.04468,-35.67182
11310.,18.77225,18.631,39.57784,20.35777,39.88614,-18.0437,-35.67089
11320.,18.77338,18.63213,39.57874,20.35891,39.88704,-18.04273,-35.66997
11330.,18.77451,18.63327,39.57964,20.36005,39.88793,-18.04175,-35.66905
11340.,18.77564,18.6344,39.58053,20.36118,39.88883,-18.04078,-35.66813
11350.,18.77677,18.63553,39.58143,20.36232,39.88972,-18.03981,-35.66721
11360.,18.77789,18.63665,39.58232,20.36345,39.89062,-18.03884,-35.66629
11370.,18.77902,18.63778,39.58322,20.36459,39.89151,-18.03787,-35.66538
11380.,18.78014,18.6389,39.58411,20.36572,39.8924,-18.0369,-35.66446
11390.,18.78126,18.64003,39.585,20.36685,39.89329,-18.03593,-35.66355
11400.,18.78238,18.64115,39.58589,20.36798,39.89418,-18.03496,-35.66263
11410.,18.7835,18.64227,39.58678,20.3691,39.89507,-18.034,-35.66172
11420.,18.78462,18.64339,39.58767,20.37023,39.89595,-18.03304,-35.66081
11430.,18.78574,18.64451,39.58856,20.37135,39.89684,-18.03207,-35.6599
11440.,18.78685,18.64562,39.58944,20.37248,39.89772,-18.03111,-35.65899
11450.,18.78796,18.64674,39.59033,20.3736,39.8986,-18.03015,-35.65809
11460.,18.78908,18.64785,39.59121,20.37472,39.89949,-18.0292,-35.65718
11470.,18.79019,18.64896,39.59209,20.37584,39.90037,-18.02824,-35.65627
11480.,18.79129,18.65007,39.59297,20.37695,39.90125,-18.02728,-35.65537
11490.,18.7924,18.65118,39.59385,20.37807,39.90213,-18.02633,-35.65447
11500.,18.79351,18.65229,39.59473,20.37918,39.903,-18.02537,-35.65357
11510.,18.79461,18.6534,39.59561,20.38029,39.90388,-18.02442,-35.65267
11520.,18.79572,18.6545,39.59648,20.38141,39.90475,-18.02347,-35.65177
11530.,18.79682,18.6556,39.59736,20.38252,39.90563,-18.02252,-35.65087
11540.,18.79792,18.6567,39.59823,20.38362,39.9065,-18.02157,-35.64997
11550.,18.79902,18.65781,39.5991,20.38473,39.90737,-18.02063,-35.64908
11560.,18.80011,18.6589,39.59998,20.38584,39.90824,-18.01968,-35.64818
11570.,18.80121,18.66,39.60085,20.38694,39.90911,-18.01874,-35.64729
11580.,18.8023,18.6611,39.60172,20.38804,39.90998,-18.01779,-35.6464
11590.,18.8034,18.66219,39.60258,20.38914,39.91085,-18.01685,-35.64551
11600.,18.80449,18.66328,39.60345,20.39024,39.91171,-18.01591,-35.64462
11610.,18.80558,18.66438,39.60432,20.39134,39.91258,-18.01497,-35.64373
11620.,18.80667,18.66547,39.60518,20.39244,39.91344,-18.01403,-35.64284
11630.,18.80775,18.66655,39.60605,20.39353,39.9143,-18.01309,-35.64196
11640.,18.80884,18.66764,39.60691,20.39462,39.91516,-18.01216,-35.64107
11650.,18.80992,18.66873,39.60777,20.39572,39.91602,-18.01122,-35.64019
11660.,18.81101,18.66981,39.60863,20.39681,39.91688,-18.01029,-35.63931
11670.,18.81209,18.6709,39.60949,20.3979,39.91774,-18.00936,-35.63843
11680.,18.81317,18.67198,39.61035,20.39898,39.9186,-18.00843,-35.63755
11690.,18.81425,18.67306,39.6112,20.40007,39.91945,-18.0075,-35.63667
11700.,18.81532,18.67414,39.61206,20.40116,39.92031,-18.00657,-35.63579
11710.,18.8164,18.67521,39.61292,20.40224,39.92116,-18.00564,-35.63491
11720.,18.81747,18.67629,39.61377,20.40332,39.92201,-18.00472,-35.63404
11730.,18.81855,18.67736,39.61462,20.4044,39.92287,-18.00379,-35.63316
11740.,18.81962,18.67844,39.61547,20.40548,39.92372,-18.00287,-35.63229
11750.,18.82069,18.67951,39.61632,20.40656,39.92456,-18.00194,-35.63142
11760.,18.82176,18.68058,39.61717,20.40764,39.92541,-18.00102,-35.63055
11770.,18.82282,18.68165,39.61802,20.40871,39.92626,-18.0001,-35.62968
11780.,18.82389,18.68271,39.61887,20.40978,39.92711,-17.99918,-35.62881
11790.,18.82496,18.68378,39.61971,20.41086,39.92795,-17.99827,-35.62794
11800.,18.82602,18.68485,39.62056,20.41193,39.92879,-17.99735,-35.62707
11810.,18.82708,18.68591,39.6214,20.413,39.92964,-17.99643,-35.62621
11820.,18.82814,18.68697,39.62224,20.41407,39.93048,-17.99552,-35.62534
11830.,18.8292,18.68803,39.62309,20.41513,39.93132,-17.99461,-35.62448
11840.,18.83026,18.68909,39.62393,20.4162,39.93216,-17.99369,-35.62362
11850.,18.83131,18.69015,39.62476,20.41726,39.93299,-17.99278,-35.62276
11860.,18.83237,18.6912,39.6256,20.41832,39.93383,-17.99187,-35.6219
11870.,18.83342,18.69226,39.62644,20.41938,39.93467,-17.99097,-35.62104
11880.,18.83447,18.69331,39.62728,20.42044,39.9355,-17.99006,-35.62018
11890.,18.83552,18.69436,39.62811,20.4215,39.93633,-17.98915,-35.61933
11900.,18.83657,18.69542,39.62894,20.42256,39.93717,-17.98825,-35.61847
11910.,18.83762,18.69646,39.62978,20.42361,39.938,-17.98735,-35.61762
11920.,18.83867,18.69751,39.63061,20.42467,39.93883,-17.98644,-35.61676
11930.,18.83971,18.69856,39.63144,20.42572,39.93966,-17.98554,-35.61591
11940.,18.84076,18.6996,39.63227,20.42677,39.94049,-17.98464,-35.61506
11950.,18.8418,18.70065,39.6331,20.42782,39.94131,-17.98374,-35.61421
11960.,18.84284,18.70169,39.63392,20.42887,39.94214,-17.98285,-35.61336
11970.,18.84388,18.70273,39.63475,20.42992,39.94296,-17.98195,-35.61252
11980.,18.84492,18.70377,39.63557,20.43096,39.94379,-17.98106,-35.61167
11990.,18.84596,18.70481,39.6364,20.43201,39.94461,-17.98016,-35.61082
12000.,18.84699,18.70585,39.63722,20.43305,39.94543,-17.97927,-35.60998
12010.,18.84803,18.70688,39.63804,20.43409,39.94625,-17.97838,-35.60914
12020.,18.84906,18.70792,39.63886,20.43513,39.94707,-17.97749,-35.6083
12030.,18.85009,18.70895,39.63968,20.43617,39.94789,-17.9766,-35.60746
12040.,18.85112,18.70998,39.6405,20.43721,39.94871,-17.97571,-35.60662
12050.,18.85215,18.71101,39.64132,20.43825,39.94952,-17.97482,-35.60578
12060.,18.85318,18.71204,39.64214,20.43928,39.95034,-17.97394,-35.60494
12070.,18.8542,18.71307,39.64295,20.44032,39.95115,-17.97305,-35.6041
12080.,18.85523,18.7141,39.64377,20.44135,39.95197,-17.97217,-35.60327
12090.,18.85625,18.71512,39.64458,20.44238,39.95278,-17.97129,-35.60243
12100.,18.85727,18.71614,39.64539,20.44341,39.95359,-17.9704,-35.6016
12110.,18.85829,18.71717,39.6462,20.44444,39.9544,-17.96952,-35.60077
12120.,18.85931,18.71819,39.64701,20.44546,39.95521,-17.96865,-35.59994
12130.,18.86033,18.71921,39.64782,20.44649,39.95602,-17.96777,-35.59911
12140.,18.86135,18.72022,39.64863,20.44751,39.95682,-17.96689,-35.59828
12150.,18.86236,18.72124,39.64944,20.44854,39.95763,-17.96602,-35.59745
12160.,18.86338,18.72226,39.65024,20.44956,39.95843,-17.96514,-35.59663
12170.,18.86439,18.72327,39.65105,20.45058,39.95924,-17.96427,-35.5958
12180.,18.8654,18.72428,39.65185,20.4516,39.96004,-17.9634,-35.59498
12190.,18.86641,18.7253,39.65265,20.45261,39.96084,-17.96253,-35.59415
12200.,18.86742,18.72631,39.65345,20.45363,39.96164,-17.96166,-35.59333
12210.,18.86843,18.72731,39.65426,20.45464,39.96244,-17.96079,-35.59251
12220.,18.86944,18.72832,39.65506,20.45566,39.96324,-17.95992,-35.59169
12230.,18.87044,18.72933,39.65585,20.45667,39.96404,-17.95905,-35.59087
12240.,18.87144,18.73033,39.65665,20.45768,39.96483,-17.95819,-35.59005
12250.,18.87245,18.73134,39.65745,20.45869,39.96563,-17.95732,-35.58924
12260.,18.87345,18.73234,39.65824,20.4597,39.96642,-17.95646,-35.58842
12270.,18.87445,18.73334,39.65904,20.46071,39.96722,-17.9556,-35.58761
12280.,18.87545,18.73434,39.65983,20.46171,39.96801,-17.95474,-35.58679
12290.,18.87644,18.73534,39.66062,20.46271,39.9688,-17.95388,-35.58598
12300.,18.87744,18.73634,39.66141,20.46372,39.96959,-17.95302,-35.58517
12310.,18.87843,18.73733,39.6622,20.46472,39.97038,-17.95216,-35.58436
12320.,18.87943,18.73833,39.66299,20.46572,39.97117,-17.95131,-35.58355
12330.,18.88042,18.73932,39.66378,20.46672,39.97195,-17.95046,-35.58304
12340.,18.88141,18.74031,39.66457,20.46772,39.97274,-17.9496,-35.58227
12350.,18.8824,18.7413,39.66536,20.46871,39.97353,-17.94875,-35.58147
12360.,18.88338,18.74229,39.66614,20.46971,39.97431,-17.9479,-35.58067
12370.,18.88437,18.74328,39.66693,20.4707,39.9751,-17.94705,-35.57986
12380.,18.88536,18.74426,39.66771,20.47169,39.97588,-17.94621,-35.57906
12390.,18.88634,18.74525,39.66849,20.47268,39.97666,-17.94536,-35.57826
12400.,18.88732,18.74623,39.66928,20.47367,39.97744,-17.94451,-35.57746
12410.,18.8883,18.74722,39.67006,20.47466,39.97822,-17.94367,-35.57666
12420.,18.88928,18.7482,39.67084,20.47565,39.979,-17.94283,-35.57586
12430.,18.89026,18.74918,39.67162,20.47664,39.97978,-17.94198,-35.57506
12440.,18.89124,18.75016,39.67239,20.47762,39.98055,-17.94114,-35.57426
12450.,18.89222,18.75113,39.67317,20.4786,39.98133,-17.9403,-35.57347
12460.,18.89319,18.75211,39.67395,20.47959,39.9821,-17.93946,-35.57267
12470.,18.89416,18.75309,39.67472,20.48057,39.98288,-17.93862,-35.57188
12480.,18.89514,18.75406,39.67549,20.48155,39.98365,-17.93779,-35.57108
12490.,18.89611,18.75503,39.67627,20.48252,39.98442,-17.93695,-35.57029
12500.,18.89708,18.756,39.67704,20.4835,39.98519,-17.93612,-35.5695
12510.,18.89805,18.75697,39.67781,20.48448,39.98596,-17.93528,-35.56871
12520.,18.89901,18.75794,39.67858,20.48545,39.98673,-17.93445,-35.56792
12530.,18.89998,18.75891,39.67935,20.48642,39.9875,-17.93362,-35.56713
12540.,18.90094,18.75987,39.68011,20.4874,39.98826,-17.93279,-35.56635
12550.,18.90191,18.76084,39.68088,20.48837,39.98903,-17.93196,-35.56556
12560.,18.90287,18.7618,39.68165,20.48934,39.98979,-17.93113,-35.56478
12570.,18.90383,18.76276,39.68241,20.4903,39.99055,-17.9303,-35.56399
12580.,18.90479,18.76373,39.68317,20.49127,39.99132,-17.92948,-35.56321
12590.,18.90575,18.76469,39.68394,20.49224,39.99208,-17.92865,-35.56243
12600.,18.90671,18.76564,39.6847,20.4932,39.99284,-17.92783,-35.56165
12610.,18.90766,18.7666,39.68546,20.49416,39.9936,-17.927,-35.56087
12620.,18.90862,18.76756,39.68622,20.49512,39.99436,-17.92618,-35.56009
12630.,18.90957,18.76851,39.68697,20.49608,39.99511,-17.92536,-35.55931
12640.,18.91052,18.76947,39.68773,20.49704,39.99587,-17.92454,-35.55854
12650.,18.91147,18.77042,39.68849,20.498,39.99662,-17.92372,-35.55776
12660.,18.91242,18.77137,39.68924,20.49896,39.99738,-17.92291,-35.55699
12670.,18.91337,18.77232,39.69,20.49991,39.99813,-17.92209,-35.55621
12680.,18.91432,18.77327,39.69075,20.50087,39.99888,-17.92127,-35.55544
12690.,18.91526,18.77421,39.6915,20.50182,39.99964,-17.92046,-35.55467
12700.,18.91621,18.77516,39.69226,20.50277,40.00039,-17.91965,-35.5539
12710.,18.91715,18.7761,39.69301,20.50372,40.00114,-17.91883,-35.55313
12720.,18.9181,18.77705,39.69376,20.50467,40.00188,-17.91802,-35.55236
12730.,18.91904,18.77799,39.6945,20.50562,40.00263,-17.91721,-35.55159
12740.,18.91998,18.77893,39.69525,20.50657,40.00338,-17.9164,-35.55083
12750.,18.92091,18.77987,39.696,20.50751,40.00412,-17.91559,-35.55006
12760.,18.92185,18.78081,39.69674,20.50846,40.00487,-17.91479,-35.5493
12770.,18.92279,18.78175,39.69749,20.5094,40.00561,-17.91398,-35.54854
12780.,18.92372,18.78268,39.69823,20.51034,40.00635,-17.91317,-35.54777
12790.,18.92466,18.78362,39.69897,20.51128,40.00709,-17.91237,-35.54701
12800.,18.92559,18.78455,39.69972,20.51222,40.00783,-17.91157,-35.54625
12810.,18.92652,18.78548,39.70046,20.51316,40.00857,-17.91077,-35.54549
12820.,18.92745,18.78642,39.7012,20.51409,40.00931,-17.90996,-35.54473
12830.,18.92838,18.78735,39.70193,20.51503,40.01005,-17.90916,-35.54398
12840.,18.92931,18.78827,39.70267,20.51596,40.01079,-17.90837,-35.54322
12850.,18.93023,18.7892,39.70341,20.5169,40.01152,-17.90757,-35.54246
12860.,18.93116,18.79013,39.70414,20.51783,40.01226,-17.90677,-35.54171
12870.,18.93208,18.79105,39.70488,20.51876,40.01299,-17.90598,-35.54096
12880.,18.933,18.79198,39.70561,20.51969,40.01372,-17.90518,-35.5402
12890.,18.93393,18.7929,39.70635,20.52062,40.01445,-17.90439,-35.53945
12900.,18.93485,18.79382,39.70708,20.52154,40.01519,-17.90359,-35.5387
12910.,18.93576,18.79474,39.70781,20.52247,40.01592,-17.9028,-35.53795
12920.,18.93668,18.79566,39.70854,20.52339,40.01664,-17.90201,-35.5372
12930.,18.9376,18.79658,39.70927,20.52432,40.01737,-17.90122,-35.53646
12940.,18.93851,18.7975,39.70999,20.52524,40.0181,-17.90043,-35.53571
12950.,18.93943,18.79841,39.71072,20.52616,40.01883,-17.89965,-35.53497
12960.,18.94034,18.79933,39.71145,20.52708,40.01955,-17.89886,-35.53422
12970.,18.94125,18.80024,39.71217,20.528,40.02027,-17.89807,-35.53348
12980.,18.94216,18.80115,39.7129,20.52892,40.021,-17.89729,-35.53273
12990.,18.94307,18.80206,39.71362,20.52983,40.02172,-17.89651,-35.53199
13000.,18.94398,18.80297,39.71434,20.53075,40.02244,-17.89572,-35.53125
13010.,18.94489,18.80388,39.71506,20.53166,40.02316,-17.89494,-35.53051
13020.,18.9458,18.80479,39.71578,20.53257,40.02388,-17.89416,-35.52977
13030.,18.9467,18.80569,39.7165,20.53348,40.0246,-17.89338,-35.52904
13040.,18.9476,18.8066,39.71722,20.53439,40.02532,-17.8926,-35.5283
13050.,18.94851,18.8075,39.71794,20.5353,40.02603,-17.89183,-35.52756
13060.,18.94941,18.8084,39.71866,20.53621,40.02675,-17.89105,-35.52683
13070.,18.95031,18.8093,39.71937,20.53712,40.02746,-17.89027,-35.5261
13080.,18.95121,18.8102,39.72009,20.53802,40.02818,-17.8895,-35.52536
13090.,18.9521,18.8111,39.7208,20.53893,40.02889,-17.88873,-35.52463
13100.,18.953,18.812,39.72151,20.53983,40.0296,-17.88795,-35.5239
13110.,18.9539,18.8129,39.72222,20.54073,40.03031,-17.88718,-35.52317
13120.,18.95479,18.81379,39.72294,20.54163,40.03102,-17.88641,-35.52244
13130.,18.95568,18.81469,39.72365,20.54253,40.03173,-17.88564,-35.52171
13140.,18.95657,18.81558,39.72435,20.54343,40.03244,-17.88488,-35.52099
13150.,18.95746,18.81647,39.72506,20.54433,40.03315,-17.88411,-35.52026
13160.,18.95835,18.81736,39.72577,20.54522,40.03385,-17.88334,-35.51953
13170.,18.95924,18.81825,39.72648,20.54612,40.03456,-17.88258,-35.51881
13180.,18.96013,18.81914,39.72718,20.54701,40.03526,-17.88181,-35.51809
13190.,18.96101,18.82003,39.72789,20.5479,40.03596,-17.88105,-35.51736
13200.,18.9619,18.82091,39.72859,20.54879,40.03667,-17.88029,-35.51664
13210.,18.96278,18.8218,39.72929,20.54968,40.03737,-17.87953,-35.51592
13220.,18.96367,18.82268,39.72999,20.55057,40.03807,-17.87876,-35.5152
13230.,18.96455,18.82356,39.73069,20.55146,40.03877,-17.87801,-35.51448
13240.,18.96543,18.82445,39.73139,20.55235,40.03947,-17.87725,-35.51377
13250.,18.96631,18.82533,39.73209,20.55323,40.04016,-17.87649,-35.51305
13260.,18.96718,18.8262,39.73279,20.55412,40.04086,-17.87573,-35.51233
13270.,18.96806,18.82708,39.73349,20.555,40.04156,-17.87498,-35.51162
13280.,18.96894,18.82796,39.73418,20.55588,40.04225,-17.87422,-35.5109
13290.,18.96981,18.82883,39.73488,20.55676,40.04295,-17.87347,-35.51019
13300.,18.97068,18.82971,39.73557,20.55764,40.04364,-17.87272,-35.50948
13310.,18.97156,18.83058,39.73627,20.55852,40.04433,-17.87197,-35.50877
13320.,18.97243,18.83145,39.73696,20.5594,40.04502,-17.87122,-35.50806
13330.,18.9733,18.83233,39.73765,20.56027,40.04571,-17.87047,-35.50735
13340.,18.97416,18.8332,39.73834,20.56115,40.0464,-17.86972,-35.50664
13350.,18.97503,18.83406,39.73903,20.56202,40.04709,-17.86897,-35.50593
13360.,18.9759,18.83493,39.73972,20.56289,40.04778,-17.86822,-35.50523
13370.,18.97676,18.8358,39.74041,20.56377,40.04847,-17.86748,-35.50452
13380.,18.97763,18.83666,39.74109,20.56464,40.04915,-17.86673,-35.50382
13390.,18.97849,18.83753,39.74178,20.56551,40.04984,-17.86599,-35.50311
13400.,18.97935,18.83839,39.74247,20.56637,40.05052,-17.86525,-35.50241
13410.,18.98021,18.83925,39.74315,20.56724,40.05121,-17.8645,-35.50171
13420.,18.98107,18.84011,39.74383,20.56811,40.05189,-17.86376,-35.50101
13430.,18.98193,18.84097,39.74452,20.56897,40.05257,-17.86302,-35.50031
13440.,18.98279,18.84183,39.7452,20.56983,40.05325,-17.86229,-35.49961
13450.,18.98364,18.84269,39.74588,20.5707,40.05393,-17.86155,-35.49891
13460.,18.9845,18.84354,39.74656,20.57156,40.05461,-17.86081,-35.49821
13470.,18.98535,18.8444,39.74724,20.57242,40.05529,-17.86007,-35.49752
13480.,18.98621,18.84525,39.74792,20.57328,40.05596,-17.85934,-35.49682
13490.,18.98706,18.84611,39.74859,20.57413,40.05664,-17.85861,-35.49613
13500.,18.98791,18.84696,39.74927,20.57499,40.05732,-17.85787,-35.49543
13510.,18.98876,18.84781,39.74994,20.57585,40.05799,-17.85714,-35.49474
13520.,18.98961,18.84866,39.75062,20.5767,40.05866,-17.85641,-35.49405
13530.,18.99045,18.84951,39.75129,20.57755,40.05934,-17.85568,-35.49336
13540.,18.9913,18.85035,39.75196,20.57841,40.06001,-17.85495,-35.49267
13550.,18.99214,18.8512,39.75264,20.57926,40.06068,-17.85422,-35.49198
13560.,18.99299,18.85205,39.75331,20.58011,40.06135,-17.85349,-35.49129
13570.,18.99383,18.85289,39.75398,20.58096,40.06202,-17.85277,-35.4906
13580.,18.99467,18.85373,39.75465,20.5818,40.06269,-17.85204,-35.48992
13590.,18.99551,18.85457,39.75532,20.58265,40.06335,-17.85132,-35.48923
13600.,18.99635,18.85541,39.75598,20.5835,40.06402,-17.85059,-35.48855
13610.,18.99719,18.85625,39.75665,20.58434,40.06469,-17.84987,-35.48786
13620.,18.99803,18.85709,39.75731,20.58518,40.06535,-17.84915,-35.48718
13630.,18.99887,18.85793,39.75798,20.58603,40.06601,-17.84843,-35.4865
13640.,18.9997,18.85877,39.75864,20.58687,40.06668,-17.84771,-35.48582
13650.,19.00053,18.8596,39.75931,20.58771,40.06734,-17.84699,-35.48514
13660.,19.00137,18.86043,39.75997,20.58855,40.068,-17.84627,-35.48446
13670.,19.0022,18.86127,39.76063,20.58938,40.06866,-17.84556,-35.48378
13680.,19.00303,18.8621,39.76129,20.59022,40.06932,-17.84484,-35.4831
13690.,19.00386,18.86293,39.76195,20.59106,40.06998,-17.84412,-35.48243
13700.,19.00469,18.86376,39.76261,20.59189,40.07064,-17.84341,-35.48175
13710.,19.00551,18.86459,39.76327,20.59272,40.07129,-17.8427,-35.48108
13720.,19.00634,18.86542,39.76392,20.59356,40.07195,-17.84198,-35.4804
13730.,19.00717,18.86624,39.76458,20.59439,40.0726,-17.84127,-35.47973
13740.,19.00799,18.86707,39.76523,20.59522,40.07326,-17.84056,-35.47906
13750.,19.00881,18.86789,39.76589,20.59605,40.07391,-17.83985,-35.47839
13760.,19.00964,18.86871,39.76654,20.59687,40.07456,-17.83915,-35.47772
13770.,19.01046,18.86954,39.7672,20.5977,40.07522,-17.83844,-35.47705
13780.,19.01128,18.87036,39.76785,20.59853,40.07587,-17.83773,-35.47638
13790.,19.0121,18.87118,39.7685,20.59935,40.07652,-17.83703,-35.47571
13800.,19.01291,18.872,39.76915,20.60018,40.07717,-17.83632,-35.47505
13810.,19.01373,18.87281,39.7698,20.601,40.07781,-17.83562,-35.47438
13820.,19.01455,18.87363,39.77045,20.60182,40.07846,-17.83491,-35.47371
13830.,19.01536,18.87445,39.77109,20.60264,40.07911,-17.83421,-35.47305
13840.,19.01617,18.87526,39.77174,20.60346,40.07975,-17.83351,-35.47239
13850.,19.01699,18.87607,39.77239,20.60428,40.0804,-17.83281,-35.47173
13860.,19.0178,18.87689,39.77303,20.60509,40.08104,-17.83211,-35.47106
13870.,19.01861,18.8777,39.77368,20.60591,40.08169,-17.83141,-35.4704
13880.,19.01942,18.87851,39.77432,20.60673,40.08233,-17.83071,-35.46974
13890.,19.02022,18.87932,39.77496,20.60754,40.08297,-17.83002,-35.46908
13900.,19.02103,18.88013,39.7756,20.60835,40.08361,-17.82932,-35.46843
13910.,19.02184,18.88093,39.77624,20.60916,40.08425,-17.82863,-35.46777
13920.,19.02264,18.88174,39.77688,20.60997,40.08489,-17.82793,-35.46711
13930.,19.02345,18.88254,39.77752,20.61078,40.08553,-17.82724,-35.46646
13940.,19.02425,18.88335,39.77816,20.61159,40.08617,-17.82655,-35.4658
13950.,19.02505,18.88415,39.7788,20.6124,40.0868,-17.82586,-35.46515
13960.,19.02585,18.88495,39.77943,20.61321,40.08744,-17.82517,-35.4645
13970.,19.02665,18.88575,39.78007,20.61401,40.08807,-17.82448,-35.46384
13980.,19.02745,18.88655,39.78071,20.61482,40.08871,-17.82379,-35.46319
13990.,19.02825,18.88735,39.78134,20.61562,40.08934,-17.8231,-35.46254
14000.,19.02904,18.88815,39.78197,20.61642,40.08997,-17.82242,-35.46189
14010.,19.02984,18.88895,39.7826,20.61722,40.0906,-17.82173,-35.46124
14020.,19.03063,18.88974,39.78324,20.61802,40.09123,-17.82104,-35.4606
14030.,19.03143,18.89054,39.78387,20.61882,40.09186,-17.82036,-35.45995
14040.,19.03222,18.89133,39.7845,20.61962,40.09249,-17.81968,-35.4593
14050.,19.03301,18.89212,39.78513,20.62042,40.09312,-17.819,-35.45866
14060.,19.0338,18.89291,39.78575,20.62121,40.09375,-17.81831,-35.45801
14070.,19.03459,18.8937,39.78638,20.62201,40.09437,-17.81763,-35.45737
14080.,19.03538,18.89449,39.78701,20.6228,40.095,-17.81695,-35.45673
14090.,19.03616,18.89528,39.78763,20.62359,40.09563,-17.81628,-35.45609
14100.,19.03695,18.89607,39.78826,20.62439,40.09625,-17.8156,-35.45545
14110.,19.03774,18.89685,39.78888,20.62518,40.09687,-17.81492,-35.45481
14120.,19.03852,18.89764,39.78951,20.62597,40.09749,-17.81425,-35.45417
14130.,19.0393,18.89842,39.79013,20.62676,40.09812,-17.81357,-35.45353
14140.,19.04009,18.89921,39.79075,20.62754,40.09874,-17.8129,-35.45289
14150.,19.04087,18.89999,39.79137,20.62833,40.09936,-17.81222,-35.45225
14160.,19.04165,18.90077,39.79199,20.62912,40.09998,-17.81155,-35.45162
14170.,19.04242,18.90155,39.79261,20.6299,40.10059,-17.81088,-35.45098
14180.,19.0432,18.90233,39.79323,20.63068,40.10121,-17.81021,-35.45035
14190.,19.04398,18.90311,39.79385,20.63147,40.10183,-17.80954,-35.44971
14200.,19.04476,18.90388,39.79446,20.63225,40.10244,-17.80887,-35.44908
14210.,19.04553,18.90466,39.79508,20.63303,40.10306,-17.8082,-35.44845
14220.,19.0463,18.90543,39.7957,20.63381,40.10367,-17.80753,-35.44782
14230.,19.04708,18.90621,39.79631,20.63459,40.10429,-17.80687,-35.44719
14240.,19.04785,18.90698,39.79692,20.63536,40.1049,-17.8062,-35.44656
14250.,19.04862,18.90775,39.79754,20.63614,40.10551,-17.80554,-35.44593
14260.,19.04939,18.90852,39.79815,20.63691,40.10612,-17.80487,-35.4453
14270.,19.05016,18.90929,39.79876,20.63769,40.10673,-17.80421,-35.44468
14280.,19.05093,18.91006,39.79937,20.63846,40.10734,-17.80355,-35.44405
14290.,19.05169,18.91083,39.79998,20.63923,40.10795,-17.80289,-35.44343
14300.,19.05246,18.9116,39.80059,20.64,40.10856,-17.80223,-35.4428
14310.,19.05322,18.91236,39.8012,20.64078,40.10917,-17.80157,-35.44218
14320.,19.05399,18.91313,39.8018,20.64154,40.10977,-17.80091,-35.44156
14330.,19.05475,18.91389,39.80241,20.64231,40.11038,-17.80025,-35.44093
14340.,19.05551,18.91465,39.80301,20.64308,40.11098,-17.7996,-35.44031
14350.,19.05627,18.91541,39.80362,20.64385,40.11159,-17.79894,-35.43969
14360.,19.05703,18.91618,39.80422,20.64461,40.11219,-17.79829,-35.43907
14370.,19.05779,18.91693,39.80483,20.64537,40.11279,-17.79763,-35.43845
14380.,19.05855,18.91769,39.80543,20.64614,40.11339,-17.79698,-35.43784
14390.,19.0593,18.91845,39.80603,20.6469,40.11399,-17.79633,-35.43722
14400.,19.06006,18.91921,39.80663,20.64766,40.11459,-17.79568,-35.4366
14410.,19.06081,18.91996,39.80723,20.64842,40.11519,-17.79502,-35.43599
14420.,19.06157,18.92072,39.80783,20.64918,40.11579,-17.79437,-35.43537
14430.,19.06232,18.92147,39.80843,20.64994,40.11639,-17.79373,-35.43476
14440.,19.06307,18.92222,39.80903,20.6507,40.11699,-17.79308,-35.43415
14450.,19.06382,18.92298,39.80962,20.65145,40.11758,-17.79243,-35.43353
14460.,19.06457,18.92373,39.81022,20.65221,40.11818,-17.79178,-35.43292
14470.,19.06532,18.92448,39.81082,20.65296,40.11877,-17.79114,-35.43231
14480.,19.06607,18.92523,39.81141,20.65371,40.11937,-17.79049,-35.4317
14490.,19.06682,18.92597,39.812,20.65447,40.11996,-17.78985,-35.43109
14500.,19.06756,18.92672,39.8126,20.65522,40.12055,-17.78921,-35.43049
14510.,19.06831,18.92747,39.81319,20.65597,40.12114,-17.78856,-35.42988
14520.,19.06905,18.92821,39.81378,20.65672,40.12173,-17.78792,-35.42927
14530.,19.06979,18.92896,39.81437,20.65747,40.12232,-17.78728,-35.42867
14540.,19.07054,18.9297,39.81496,20.65821,40.12291,-17.78664,-35.42806
14550.,19.07128,18.93044,39.81555,20.65896,40.1235,-17.786,-35.42746
14560.,19.07202,18.93118,39.81614,20.6597,40.12409,-17.78537,-35.42685
14570.,19.07276,18.93192,39.81673,20.66045,40.12467,-17.78473,-35.42625
14580.,19.07349,18.93266,39.81731,20.66119,40.12526,-17.78409,-35.42565
14590.,19.07423,18.9334,39.8179,20.66193,40.12585,-17.78346,-35.42505
14600.,19.07497,18.93414,39.81848,20.66268,40.12643,-17.78282,-35.42445
14610.,19.0757,18.93487,39.81907,20.66342,40.12701,-17.78219,-35.42385
14620.,19.07644,18.93561,39.81965,20.66416,40.1276,-17.78156,-35.42325
14630.,19.07717,18.93634,39.82023,20.66489,40.12818,-17.78092,-35.42265
14640.,19.0779,18.93707,39.82082,20.66563,40.12876,-17.78029,-35.42206
14650.,19.07863,18.93781,39.8214,20.66637,40.12934,-17.77966,-35.42146
14660.,19.07936,18.93854,39.82198,20.6671,40.12992,-17.77903,-35.42086
14670.,19.08009,18.93927,39.82256,20.66784,40.1305,-17.7784,-35.42027
14680.,19.08082,18.94,39.82314,20.66857,40.13108,-17.77777,-35.41967
14690.,19.08155,18.94073,39.82372,20.6693,40.13165,-17.77715,-35.41908
14700.,19.08227,18.94145,39.82429,20.67004,40.13223,-17.77652,-35.41849
14710.,19.083,18.94218,39.82487,20.67077,40.13281,-17.7759,-35.4179
14720.,19.08372,18.94291,39.82545,20.6715,40.13338,-17.77527,-35.41731
14730.,19.08445,18.94363,39.82602,20.67223,40.13396,-17.77465,-35.41672
14740.,19.08517,18.94435,39.8266,20.67295,40.13453,-17.77402,-35.41613
14750.,19.08589,18.94508,39.82717,20.67368,40.1351,-17.7734,-35.41554
14760.,19.08661,18.9458,39.82774,20.67441,40.13568,-17.77278,-35.41495
14770.,19.08733,18.94652,39.82832,20.67513,40.13625,-17.77216,-35.41436
14780.,19.08805,18.94724,39.82889,20.67585,40.13682,-17.77154,-35.41378
14790.,19.08877,18.94796,39.82946,20.67658,40.13739,-17.77092,-35.41319
14800.,19.08949,18.94868,39.83003,20.6773,40.13796,-17.7703,-35.41261
14810.,19.0902,18.94939,39.8306,20.67802,40.13853,-17.76969,-35.41202
14820.,19.09092,18.95011,39.83117,20.67874,40.13909,-17.76907,-35.41144
14830.,19.09163,18.95082,39.83173,20.67946,40.13966,-17.76845,-35.41086
14840.,19.09235,18.95154,39.8323,20.68018,40.14023,-17.76784,-35.41028
14850.,19.09306,18.95225,39.83287,20.6809,40.14079,-17.76722,-35.4097
14860.,19.09377,18.95296,39.83343,20.68161,40.14136,-17.76661,-35.40912
14870.,19.09448,18.95368,39.834,20.68233,40.14192,-17.766,-35.40854
14880.,19.09519,18.95439,39.83456,20.68304,40.14248,-17.76539,-35.40796
14890.,19.0959,18.95509,39.83513,20.68376,40.14305,-17.76478,-35.40738
14900.,19.0966,18.9558,39.83569,20.68447,40.14361,-17.76417,-35.4068
14910.,19.09731,18.95651,39.83625,20.68518,40.14417,-17.76356,-35.40623
14920.,19.09802,18.95722,39.83681,20.68589,40.14473,-17.76295,-35.40565
14930.,19.09872,18.95792,39.83737,20.6866,40.14529,-17.76234,-35.40508
14940.,19.09943,18.95863,39.83793,20.68731,40.14585,-17.76173,-35.4045
14950.,19.10013,18.95933,39.83849,20.68802,40.14641,-17.76113,-35.40393
14960.,19.10083,18.96004,39.83905,20.68873,40.14696,-17.76052,-35.40336
14970.,19.10153,18.96074,39.83961,20.68943,40.14752,-17.75992,-35.40279
14980.,19.10223,18.96144,39.84016,20.69014,40.14808,-17.75931,-35.40222
14990.,19.10293,18.96214,39.84072,20.69084,40.14863,-17.75871,-35.40165
15000.,19.10363,18.96284,39.84127,20.69154,40.14919,-17.75811,-35.40108
15010.,19.10433,18.96354,39.84183,20.69225,40.14974,-17.75751,-35.40051
15020.,19.10502,18.96423,39.84238,20.69295,40.15029,-17.75691,-35.39994
15030.,19.10572,18.96493,39.84294,20.69365,40.15085,-17.75631,-35.39937
15040.,19.10641,18.96563,39.84349,20.69435,40.1514,-17.75571,-35.39881
15050.,19.10711,18.96632,39.84404,20.69505,40.15195,-17.75511,-35.39824
15060.,19.1078,18.96701,39.84459,20.69575,40.1525,-17.75451,-35.39768
15070.,19.10849,18.96771,39.84514,20.69644,40.15305,-17.75391,-35.39711
15080.,19.10918,18.9684,39.84569,20.69714,40.1536,-17.75332,-35.39655
15090.,19.10987,18.96909,39.84624,20.69783,40.15414,-17.75272,-35.39599
15100.,19.11056,18.96978,39.84679,20.69853,40.15469,-17.75213,-35.39542
15110.,19.11125,18.97047,39.84733,20.69922,40.15524,-17.75154,-35.39486
15120.,19.11194,18.97116,39.84788,20.69991,40.15578,-17.75094,-35.3943
15130.,19.11263,18.97185,39.84843,20.7006,40.15633,-17.75035,-35.39374
15140.,19.11331,18.97253,39.84897,20.7013,40.15687,-17.74976,-35.39318
15150.,19.114,18.97322,39.84952,20.70199,40.15742,-17.74917,-35.39262
15160.,19.11468,18.9739,39.85006,20.70267,40.15796,-17.74858,-35.39207
15170.,19.11536,18.97459,39.8506,20.70336,40.1585,-17.74799,-35.39151
15180.,19.11604,18.97527,39.85115,20.70405,40.15904,-17.7474,-35.39095
15190.,19.11673,18.97595,39.85169,20.70473,40.15958,-17.74682,-35.3904
15200.,19.11741,18.97663,39.85223,20.70542,40.16012,-17.74623,-35.38984
15210.,19.11809,18.97731,39.85277,20.7061,40.16066,-17.74564,-35.38929
15220.,19.11876,18.97799,39.85331,20.70679,40.1612,-17.74506,-35.38874
15230.,19.11944,18.97867,39.85385,20.70747,40.16174,-17.74447,-35.38818
15240.,19.12012,18.97935,39.85438,20.70815,40.16228,-17.74389,-35.38763
15250.,19.12079,18.98003,39.85492,20.70883,40.16281,-17.74331,-35.38708
15260.,19.12147,18.9807,39.85546,20.70951,40.16335,-17.74273,-35.38653
15270.,19.12214,18.98138,39.85599,20.71019,40.16388,-17.74214,-35.38598
15280.,19.12282,18.98205,39.85653,20.71087,40.16442,-17.74156,-35.38543
15290.,19.12349,18.98272,39.85706,20.71155,40.16495,-17.74098,-35.38488
15300.,19.12416,18.9834,39.8576,20.71222,40.16549,-17.74041,-35.38434
15310.,19.12483,18.98407,39.85813,20.7129,40.16602,-17.73983,-35.38379
15320.,19.1255,18.98474,39.85866,20.71357,40.16655,-17.73925,-35.38324
15330.,19.12617,18.98541,39.85919,20.71424,40.16708,-17.73867,-35.3827
15340.,19.12684,18.98608,39.85973,20.71492,40.16761,-17.7381,-35.38216
15350.,19.1275,18.98674,39.86026,20.71559,40.16814,-17.73752,-35.38161
15360.,19.12817,18.98741,39.86079,20.71626,40.16867,-17.73695,-35.38107
15370.,19.12883,18.98808,39.86131,20.71693,40.1692,-17.73638,-35.38053
15380.,19.1295,18.98874,39.86184,20.7176,40.16973,-17.7358,-35.37998
15390.,19.13016,18.98941,39.86237,20.71827,40.17025,-17.73523,-35.37944
15400.,19.13082,18.99007,39.8629,20.71893,40.17078,-17.73466,-35.3789
15410.,19.13149,18.99073,39.86342,20.7196,40.1713,-17.73409,-35.37836
15420.,19.13215,18.99139,39.86395,20.72027,40.17183,-17.73352,-35.37782
15430.,19.13281,18.99206,39.86447,20.72093,40.17235,-17.73295,-35.37729
15440.,19.13347,18.99272,39.865,20.72159,40.17288,-17.73238,-35.37675
15450.,19.13412,18.99337,39.86552,20.72226,40.1734,-17.73181,-35.37621
15460.,19.13478,18.99403,39.86604,20.72292,40.17392,-17.73125,-35.37568
15470.,19.13544,18.99469,39.86657,20.72358,40.17444,-17.73068,-35.37514
15480.,19.13609,18.99535,39.86709,20.72424,40.17496,-17.73012,-35.37461
15490.,19.13675,18.996,39.86761,20.7249,40.17548,-17.72955,-35.37407
15500.,19.1374,18.99666,39.86813,20.72556,40.176,-17.72899,-35.37354
15510.,19.13806,18.99731,39.86865,20.72622,40.17652,-17.72842,-35.37301
15520.,19.13871,18.99796,39.86917,20.72687,40.17704,-17.72786,-35.37248
15530.,19.13936,18.99862,39.86968,20.72753,40.17755,-17.7273,-35.37194
15540.,19.14001,18.99927,39.8702,20.72819,40.17807,-17.72674,-35.37141
15550.,19.14066,18.99992,39.87072,20.72884,40.17859,-17.72618,-35.37088
15560.,19.14131,19.00057,39.87123,20.72949,40.1791,-17.72562,-35.37036
15570.,19.14196,19.00122,39.87175,20.73015,40.17962,-17.72506,-35.36983
15580.,19.1426,19.00186,39.87226,20.7308,40.18013,-17.7245,-35.3693
15590.,19.14325,19.00251,39.87278,20.73145,40.18064,-17.72395,-35.36877
15600.,19.14389,19.00316,39.87329,20.7321,40.18116,-17.72339,-35.36825
15610.,19.14454,19.0038,39.8738,20.73275,40.18167,-17.72283,-35.36772
15620.,19.14518,19.00445,39.87431,20.7334,40.18218,-17.72228,-35.3672
15630.,19.14583,19.00509,39.87483,20.73404,40.18269,-17.72172,-35.36667
15640.,19.14647,19.00573,39.87534,20.73469,40.1832,-17.72117,-35.36615
15650.,19.14711,19.00638,39.87585,20.73534,40.18371,-17.72062,-35.36563
15660.,19.14775,19.00702,39.87636,20.73598,40.18422,-17.72007,-35.3651
15670.,19.14839,19.00766,39.87686,20.73662,40.18472,-17.71951,-35.36458
15680.,19.14903,19.0083,39.87737,20.73727,40.18523,-17.71896,-35.36406
15690.,19.14966,19.00894,39.87788,20.73791,40.18574,-17.71841,-35.36354
15700.,19.1503,19.00957,39.87839,20.73855,40.18624,-17.71786,-35.36302
15710.,19.15094,19.01021,39.87889,20.73919,40.18675,-17.71732,-35.3625
15720.,19.15157,19.01085,39.8794,20.73983,40.18725,-17.71677,-35.36199
15730.,19.15221,19.01148,39.8799,20.74047,40.18776,-17.71622,-35.36147
15740.,19.15284,19.01212,39.8804,20.74111,40.18826,-17.71567,-35.36095
15750.,19.15347,19.01275,39.88091,20.74175,40.18876,-17.71513,-35.36044
15760.,19.15411,19.01338,39.88141,20.74238,40.18926,-17.71458,-35.35992
15770.,19.15474,19.01401,39.88191,20.74302,40.18977,-17.71404,-35.35941
15780.,19.15537,19.01465,39.88241,20.74365,40.19027,-17.7135,-35.35889
15790.,19.156,19.01528,39.88291,20.74429,40.19077,-17.71295,-35.35838
15800.,19.15662,19.01591,39.88341,20.74492,40.19126,-17.71241,-35.35787
15810.,19.15725,19.01653,39.88391,20.74555,40.19176,-17.71187,-35.35735
15820.,19.15788,19.01716,39.88441,20.74618,40.19226,-17.71133,-35.35684
15830.,19.15851,19.01779,39.88491,20.74681,40.19276,-17.71079,-35.35633
15840.,19.15913,19.01842,39.88541,20.74744,40.19325,-17.71025,-35.35582
15850.,19.15976,19.01904,39.8859,20.74807,40.19375,-17.70971,-35.35531
15860.,19.16038,19.01966,39.8864,20.7487,40.19425,-17.70917,-35.35481
15870.,19.161,19.02029,39.88689,20.74933,40.19474,-17.70864,-35.3543
15880.,19.16162,19.02091,39.88739,20.74995,40.19523,-17.7081,-35.35379
15890.,19.16224,19.02153,39.88788,20.75058,40.19573,-17.70756,-35.35328
15900.,19.16287,19.02215,39.88838,20.75121,40.19622,-17.70703,-35.35278
15910.,19.16348,19.02278,39.88887,20.75183,40.19671,-17.7065,-35.35227
15920.,19.1641,19.02339,39.88936,20.75245,40.1972,-17.70596,-35.35177
15930.,19.16472,19.02401,39.88985,20.75307,40.19769,-17.70543,-35.35126
15940.,19.16534,19.02463,39.89034,20.7537,40.19818,-17.7049,-35.35076
15950.,19.16595,19.02525,39.89083,20.75432,40.19867,-17.70437,-35.35026
15960.,19.16657,19.02587,39.89132,20.75494,40.19916,-17.70383,-35.34976
15970.,19.16718,19.02648,39.89181,20.75556,40.19965,-17.7033,-35.34926
15980.,19.1678,19.0271,39.8923,20.75617,40.20014,-17.70278,-35.34876
15990.,19.16841,19.02771,39.89279,20.75679,40.20062,-17.70225,-35.34826
16000.,19.16902,19.02832,39.89327,20.75741,40.20111,-17.70172,-35.34776
16010.,19.16964,19.02893,39.89376,20.75802,40.2016,-17.70119,-35.34726
16020.,19.17025,19.02955,39.89425,20.75864,40.20208,-17.70067,-35.34676
16030.,19.17086,19.03016,39.89473,20.75925,40.20257,-17.70014,-35.34626
16040.,19.17147,19.03077,39.89522,20.75987,40.20305,-17.69961,-35.34577
16050.,19.17207,19.03138,39.8957,20.76048,40.20353,-17.69909,-35.34527
16060.,19.17268,19.03198,39.89618,20.76109,40.20401,-17.69857,-35.34477
16070.,19.17329,19.03259,39.89667,20.7617,40.2045,-17.69804,-35.34428
16080.,19.17389,19.0332,39.89715,20.76231,40.20498,-17.69752,-35.34379
16090.,19.1745,19.0338,39.89763,20.76292,40.20546,-17.697,-35.34329
16100.,19.1751,19.03441,39.89811,20.76353,40.20594,-17.69648,-35.3428
16110.,19.17571,19.03501,39.89859,20.76414,40.20642,-17.69596,-35.34231
16120.,19.17631,19.03562,39.89907,20.76475,40.2069,-17.69544,-35.34182
16130.,19.17691,19.03622,39.89955,20.76535,40.20737,-17.69492,-35.34133
16140.,19.17751,19.03682,39.90002,20.76596,40.20785,-17.6944,-35.34084
16150.,19.17811,19.03742,39.9005,20.76656,40.20833,-17.69388,-35.34035
16160.,19.17871,19.03802,39.90098,20.76717,40.2088,-17.69337,-35.33986
16170.,19.17931,19.03862,39.90146,20.76777,40.20928,-17.69285,-35.33937
16180.,19.17991,19.03922,39.90193,20.76837,40.20975,-17.69233,-35.33888
16190.,19.18051,19.03982,39.90241,20.76897,40.21023,-17.69182,-35.33839
16200.,19.1811,19.04042,39.90288,20.76957,40.2107,-17.6913,-35.33791
16210.,19.1817,19.04101,39.90335,20.77017,40.21118,-17.69079,-35.33742
16220.,19.18229,19.04161,39.90383,20.77077,40.21165,-17.69028,-35.33694
16230.,19.18289,19.0422,39.9043,20.77137,40.21212,-17.68977,-35.33645
16240.,19.18348,19.0428,39.90477,20.77197,40.21259,-17.68925,-35.33597
16250.,19.18407,19.04339,39.90524,20.77256,40.21306,-17.68874,-35.33549
16260.,19.18466,19.04398,39.90571,20.77316,40.21353,-17.68823,-35.335
16270.,19.18525,19.04457,39.90618,20.77375,40.214,-17.68772,-35.33452
16280.,19.18584,19.04517,39.90665,20.77435,40.21447,-17.68721,-35.33404
16290.,19.18643,19.04576,39.90712,20.77494,40.21494,-17.68671,-35.33356
16300.,19.18702,19.04635,39.90759,20.77554,40.2154,-17.6862,-35.33308
16310.,19.18761,19.04693,39.90806,20.77613,40.21587,-17.68569,-35.3326
16320.,19.1882,19.04752,39.90852,20.77672,40.21634,-17.68519,-35.33212
16330.,19.18878,19.04811,39.90899,20.77731,40.2168,-17.68468,-35.33164
16340.,19.18937,19.04869,39.90945,20.7779,40.21727,-17.68418,-35.33117
16350.,19.18995,19.04928,39.90992,20.77849,40.21773,-17.68367,-35.33069
16360.,19.19054,19.04987,39.91038,20.77908,40.2182,-17.68317,-35.33021
16370.,19.19112,19.05045,39.91085,20.77966,40.21866,-17.68266,-35.32974
16380.,19.1917,19.05103,39.91131,20.78025,40.21912,-17.68216,-35.32926
16390.,19.19228,19.05161,39.91177,20.78084,40.21958,-17.68166,-35.32879
16400.,19.19287,19.0522,39.91224,20.78142,40.22004,-17.68116,-35.32832
16410.,19.19345,19.05278,39.9127,20.782,40.2205,-17.68066,-35.32784
16420.,19.19402,19.05336,39.91316,20.78259,40.22097,-17.68016,-35.32737
16430.,19.1946,19.05394,39.91362,20.78317,40.22142,-17.67966,-35.3269
16440.,19.19518,19.05452,39.91408,20.78375,40.22188,-17.67916,-35.32643
16450.,19.19576,19.05509,39.91454,20.78433,40.22234,-17.67867,-35.32596
16460.,19.19633,19.05567,39.91499,20.78491,40.2228,-17.67817,-35.32549
16470.,19.19691,19.05625,39.91545,20.78549,40.22326,-17.67767,-35.32502
16480.,19.19748,19.05682,39.91591,20.78607,40.22371,-17.67718,-35.32455
16490.,19.19806,19.0574,39.91637,20.78665,40.22417,-17.67668,-35.32408
16500.,19.19863,19.05797,39.91682,20.78723,40.22462,-17.67619,-35.32361
16510.,19.1992,19.05854,39.91728,20.78781,40.22508,-17.67569,-35.32315
16520.,19.19978,19.05912,39.91773,20.78838,40.22553,-17.6752,-35.32268
16530.,19.20035,19.05969,39.91819,20.78896,40.22599,-17.67471,-35.32222
16540.,19.20092,19.06026,39.91864,20.78953,40.22644,-17.67422,-35.32175
16550.,19.20149,19.06083,39.91909,20.7901,40.22689,-17.67373,-35.32129
16560.,19.20206,19.0614,39.91955,20.79068,40.22734,-17.67323,-35.32082
16570.,19.20262,19.06197,39.92,20.79125,40.22779,-17.67274,-35.32036
16580.,19.20319,19.06254,39.92045,20.79182,40.22824,-17.67226,-35.3199
16590.,19.20376,19.0631,39.9209,20.79239,40.22869,-17.67177,-35.31944
16600.,19.20432,19.06367,39.92135,20.79296,40.22914,-17.67128,-35.31897
16610.,19.20489,19.06424,39.9218,20.79353,40.22959,-17.67079,-35.31851
16620.,19.20545,19.0648,39.92225,20.7941,40.23004,-17.67031,-35.31805
16630.,19.20602,19.06537,39.9227,20.79467,40.23049,-17.66982,-35.31759
16640.,19.20658,19.06593,39.92314,20.79523,40.23094,-17.66933,-35.31713
16650.,19.20714,19.06649,39.92359,20.7958,40.23138,-17.66885,-35.31668
16660.,19.2077,19.06705,39.92404,20.79636,40.23183,-17.66837,-35.31622
16670.,19.20826,19.06762,39.92448,20.79693,40.23227,-17.66788,-35.31576
16680.,19.20882,19.06818,39.92493,20.79749,40.23272,-17.6674,-35.31531
16690.,19.20938,19.06874,39.92537,20.79806,40.23316,-17.66692,-35.31485
16700.,19.20994,19.06929,39.92582,20.79862,40.2336,-17.66644,-35.31439
16710.,19.2105,19.06985,39.92626,20.79918,40.23405,-17.66595,-35.31394
16720.,19.21105,19.07041,39.9267,20.79974,40.23449,-17.66547,-35.31349
16730.,19.21161,19.07097,39.92714,20.8003,40.23493,-17.665,-35.31303
16740.,19.21217,19.07152,39.92759,20.80086,40.23537,-17.66452,-35.31258
16750.,19.21272,19.07208,39.92803,20.80142,40.23581,-17.66404,-35.31213
16760.,19.21328,19.07263,39.92847,20.80198,40.23625,-17.66356,-35.31168
16770.,19.21383,19.07319,39.92891,20.80253,40.23669,-17.66308,-35.31122
16780.,19.21438,19.07374,39.92935,20.80309,40.23713,-17.66261,-35.31077
16790.,19.21493,19.07429,39.92979,20.80365,40.23757,-17.66213,-35.31032
16800.,19.21548,19.07485,39.93023,20.8042,40.23801,-17.66166,-35.30987
16810.,19.21603,19.0754,39.93066,20.80476,40.23844,-17.66118,-35.30943
16820.,19.21658,19.07595,39.9311,20.80531,40.23888,-17.66071,-35.30898
16830.,19.21713,19.0765,39.93154,20.80586,40.23932,-17.66023,-35.30853
16840.,19.21768,19.07705,39.93197,20.80641,40.23975,-17.65976,-35.30808
16850.,19.21823,19.07759,39.93241,20.80697,40.24019,-17.65929,-35.30764
16860.,19.21877,19.07814,39.93284,20.80752,40.24062,-17.65882,-35.30719
16870.,19.21932,19.07869,39.93328,20.80807,40.24106,-17.65835,-35.30675
16880.,19.21987,19.07923,39.93371,20.80861,40.24149,-17.65788,-35.3063
16890.,19.22041,19.07978,39.93414,20.80916,40.24192,-17.65741,-35.30586
16900.,19.22095,19.08032,39.93458,20.80971,40.24235,-17.65694,-35.30541
16910.,19.2215,19.08087,39.93501,20.81026,40.24278,-17.65647,-35.30497
16920.,19.22204,19.08141,39.93544,20.8108,40.24321,-17.656,-35.30453
16930.,19.22258,19.08195,39.93587,20.81135,40.24365,-17.65553,-35.30409
16940.,19.22312,19.0825,39.9363,20.8119,40.24407,-17.65507,-35.30365
16950.,19.22366,19.08304,39.93673,20.81244,40.2445,-17.6546,-35.3032
16960.,19.2242,19.08358,39.93716,20.81298,40.24493,-17.65414,-35.30276
16970.,19.22474,19.08412,39.93759,20.81353,40.24536,-17.65367,-35.30233
16980.,19.22528,19.08466,39.93802,20.81407,40.24579,-17.65321,-35.30189
16990.,19.22582,19.08519,39.93844,20.81461,40.24621,-17.65274,-35.30145
17000.,19.22635,19.08573,39.93887,20.81515,40.24664,-17.65228,-35.30101
17010.,19.22689,19.08627,39.9393,20.81569,40.24707,-17.65182,-35.30057
17020.,19.22743,19.0868,39.93972,20.81623,40.24749,-17.65136,-35.30014
17030.,19.22796,19.08734,39.94015,20.81677,40.24792,-17.6509,-35.2997
17040.,19.22849,19.08787,39.94057,20.8173,40.24834,-17.65044,-35.29927
17050.,19.22903,19.08841,39.941,20.81784,40.24876,-17.64998,-35.29883
17060.,19.22956,19.08894,39.94142,20.81838,40.24919,-17.64952,-35.2984
17070.,19.23009,19.08947,39.94184,20.81891,40.24961,-17.64906,-35.29796
17080.,19.23062,19.09001,39.94227,20.81945,40.25003,-17.6486,-35.29753
17090.,19.23115,19.09054,39.94269,20.81998,40.25045,-17.64814,-35.2971
17100.,19.23168,19.09107,39.94311,20.82052,40.25087,-17.64769,-35.29667
17110.,19.23221,19.0916,39.94353,20.82105,40.25129,-17.64723,-35.29623
17120.,19.23274,19.09213,39.94395,20.82158,40.25171,-17.64677,-35.2958
17130.,19.23327,19.09265,39.94437,20.82211,40.25213,-17.64632,-35.29537
17140.,19.23379,19.09318,39.94479,20.82264,40.25255,-17.64587,-35.29494
17150.,19.23432,19.09371,39.94521,20.82317,40.25297,-17.64541,-35.29451
17160.,19.23485,19.09423,39.94563,20.8237,40.25339,-17.64496,-35.29409
17170.,19.23537,19.09476,39.94604,20.82423,40.2538,-17.64451,-35.29366
17180.,19.2359,19.09529,39.94646,20.82476,40.25422,-17.64405,-35.29323
17190.,19.23642,19.09581,39.94688,20.82529,40.25464,-17.6436,-35.2928
17200.,19.23694,19.09633,39.94729,20.82581,40.25505,-17.64315,-35.29238
17210.,19.23746,19.09686,39.94771,20.82634,40.25546,-17.6427,-35.29195
17220.,19.23799,19.09738,39.94812,20.82686,40.25588,-17.64225,-35.29153
17230.,19.23851,19.0979,39.94854,20.82739,40.25629,-17.6418,-35.2911
17240.,19.23903,19.09842,39.94895,20.82791,40.25671,-17.64135,-35.29068
17250.,19.23955,19.09894,39.94936,20.82844,40.25712,-17.64091,-35.29026
17260.,19.24006,19.09946,39.94978,20.82896,40.25753,-17.64046,-35.28983
17270.,19.24058,19.09998,39.95019,20.82948,40.25794,-17.64001,-35.28941
17280.,19.2411,19.1005,39.9506,20.83,40.25835,-17.63957,-35.28899
17290.,19.24162,19.10101,39.95101,20.83052,40.25876,-17.63912,-35.28857
17300.,19.24213,19.10153,39.95142,20.83104,40.25917,-17.63868,-35.28815
17310.,19.24265,19.10205,39.95183,20.83156,40.25958,-17.63823,-35.28773
17320.,19.24316,19.10256,39.95224,20.83208,40.25999,-17.63779,-35.28731
17330.,19.24368,19.10308,39.95265,20.8326,40.2604,-17.63734,-35.28689
17340.,19.24419,19.10359,39.95306,20.83311,40.26081,-17.6369,-35.28647
17350.,19.2447,19.1041,39.95347,20.83363,40.26121,-17.63646,-35.28605
17360.,19.24521,19.10462,39.95387,20.83414,40.26162,-17.63602,-35.28563
17370.,19.24572,19.10513,39.95428,20.83466,40.26203,-17.63558,-35.28522
17380.,19.24624,19.10564,39.95469,20.83517,40.26243,-17.63514,-35.2848
17390.,19.24674,19.10615,39.95509,20.83569,40.26284,-17.6347,-35.28438
17400.,19.24725,19.10666,39.9555,20.8362,40.26324,-17.63426,-35.28397
17410.,19.24776,19.10717,39.9559,20.83671,40.26365,-17.63382,-35.28355
17420.,19.24827,19.10768,39.9563,20.83722,40.26405,-17.63338,-35.28314
17430.,19.24878,19.10819,39.95671,20.83773,40.26445,-17.63294,-35.28273
17440.,19.24928,19.10869,39.95711,20.83824,40.26485,-17.63251,-35.28231
17450.,19.24979,19.1092,39.95751,20.83875,40.26526,-17.63207,-35.2819
17460.,19.2503,19.10971,39.95792,20.83926,40.26566,-17.63164,-35.28149
17470.,19.2508,19.11021,39.95832,20.83977,40.26606,-17.6312,-35.28108
17480.,19.2513,19.11071,39.95872,20.84028,40.26646,-17.63077,-35.28067
17490.,19.25181,19.11122,39.95912,20.84078,40.26686,-17.63033,-35.28026
17500.,19.25231,19.11172,39.95952,20.84129,40.26726,-17.6299,-35.27985
17510.,19.25281,19.11222,39.95992,20.8418,40.26766,-17.62947,-35.27944
17520.,19.25331,19.11273,39.96032,20.8423,40.26805,-17.62903,-35.27903
17530.,19.25381,19.11323,39.96071,20.84281,40.26845,-17.6286,-35.27862
17540.,19.25431,19.11373,39.96111,20.84331,40.26885,-17.62817,-35.27821
17550.,19.25481,19.11423,39.96151,20.84381,40.26924,-17.62774,-35.27781
17560.,19.25531,19.11473,39.9619,20.84431,40.26964,-17.62731,-35.2774
17570.,19.25581,19.11523,39.9623,20.84482,40.27004,-17.62688,-35.27699
17580.,19.25631,19.11572,39.9627,20.84532,40.27043,-17.62645,-35.27659
17590.,19.2568,19.11622,39.96309,20.84582,40.27083,-17.62602,-35.27618
17600.,19.2573,19.11672,39.96349,20.84632,40.27122,-17.6256,-35.27578
17610.,19.25779,19.11721,39.96388,20.84681,40.27161,-17.62517,-35.27538
17620.,19.25829,19.11771,39.96427,20.84731,40.27201,-17.62474,-35.27497
17630.,19.25878,19.1182,39.96467,20.84781,40.2724,-17.62432,-35.27457
17640.,19.25928,19.1187,39.96506,20.84831,40.27279,-17.62389,-35.27417
17650.,19.25977,19.11919,39.96545,20.8488,40.27318,-17.62347,-35.27377
17660.,19.26026,19.11968,39.96584,20.8493,40.27357,-17.62304,-35.27336
17670.,19.26075,19.12018,39.96623,20.84979,40.27396,-17.62262,-35.27296
17680.,19.26124,19.12067,39.96662,20.85029,40.27435,-17.6222,-35.27256
17690.,19.26173,19.12116,39.96701,20.85078,40.27474,-17.62177,-35.27216
17700.,19.26222,19.12165,39.9674,20.85127,40.27513,-17.62135,-35.27176
17710.,19.26271,19.12214,39.96779,20.85177,40.27552,-17.62093,-35.27137
17720.,19.2632,19.12263,39.96818,20.85226,40.27591,-17.62051,-35.27097
17730.,19.26369,19.12312,39.96857,20.85275,40.27629,-17.62009,-35.27057
17740.,19.26417,19.1236,39.96896,20.85324,40.27668,-17.61967,-35.27017
17750.,19.26466,19.12409,39.96934,20.85373,40.27707,-17.61925,-35.26978
17760.,19.26515,19.12458,39.96973,20.85422,40.27745,-17.61883,-35.26938
17770.,19.26563,19.12506,39.97011,20.85471,40.27784,-17.61841,-35.26899
17780.,19.26612,19.12555,39.9705,20.8552,40.27822,-17.61799,-35.26859
17790.,19.2666,19.12603,39.97088,20.85568,40.27861,-17.61758,-35.2682
17800.,19.26708,19.12651,39.97127,20.85617,40.27899,-17.61716,-35.2678
17810.,19.26756,19.127,39.97165,20.85665,40.27937,-17.61674,-35.26741
17820.,19.26805,19.12748,39.97204,20.85714,40.27976,-17.61633,-35.26702
17830.,19.26853,19.12796,39.97242,20.85762,40.28014,-17.61591,-35.26662
17840.,19.26901,19.12844,39.9728,20.85811,40.28052,-17.6155,-35.26623
17850.,19.26949,19.12892,39.97318,20.85859,40.2809,-17.61509,-35.26584
17860.,19.26997,19.1294,39.97356,20.85907,40.28128,-17.61467,-35.26545
17870.,19.27045,19.12988,39.97394,20.85956,40.28166,-17.61426,-35.26506
17880.,19.27092,19.13036,39.97432,20.86004,40.28204,-17.61385,-35.26467
17890.,19.2714,19.13084,39.9747,20.86052,40.28242,-17.61344,-35.26428
17900.,19.27188,19.13132,39.97508,20.861,40.2828,-17.61302,-35.26389
17910.,19.27235,19.13179,39.97546,20.86148,40.28318,-17.61261,-35.2635
17920.,19.27283,19.13227,39.97584,20.86196,40.28356,-17.6122,-35.26312
17930.,19.2733,19.13275,39.97622,20.86244,40.28393,-17.61179,-35.26273
17940.,19.27378,19.13322,39.9766,20.86291,40.28431,-17.61139,-35.26234
17950.,19.27425,19.13369,39.97697,20.86339,40.28469,-17.61098,-35.26196
17960.,19.27472,19.13417,39.97735,20.86387,40.28506,-17.61057,-35.26157
17970.,19.2752,19.13464,39.97772,20.86434,40.28544,-17.61016,-35.26119
17980.,19.27567,19.13511,39.9781,20.86482,40.28581,-17.60975,-35.2608
17990.,19.27614,19.13559,39.97847,20.86529,40.28619,-17.60935,-35.26042
18000.,19.27661,19.13606,39.97885,20.86577,40.28656,-17.60894,-35.26003
18010.,19.27708,19.13653,39.97922,20.86624,40.28693,-17.60854,-35.25965
18020.,19.27755,19.137,39.9796,20.86671,40.28731,-17.60813,-35.25927
18030.,19.27802,19.13747,39.97997,20.86718,40.28768,-17.60773,-35.25889
18040.,19.27849,19.13793,39.98034,20.86766,40.28805,-17.60733,-35.2585
18050.,19.27895,19.1384,39.98071,20.86813,40.28842,-17.60692,-35.25812
18060.,19.27942,19.13887,39.98108,20.8686,40.28879,-17.60652,-35.25774
18070.,19.27989,19.13934,39.98146,20.86907,40.28916,-17.60612,-35.25736
18080.,19.28035,19.1398,39.98183,20.86953,40.28953,-17.60572,-35.25698
18090.,19.28082,19.14027,39.9822,20.87,40.2899,-17.60532,-35.2566
18100.,19.28128,19.14073,39.98257,20.87047,40.29027,-17.60491,-35.25622
18110.,19.28175,19.1412,39.98293,20.87094,40.29064,-17.60451,-35.25585
18120.,19.28221,19.14166,39.9833,20.8714,40.29101,-17.60412,-35.25547
18130.,19.28267,19.14213,39.98367,20.87187,40.29137,-17.60372,-35.25509
18140.,19.28313,19.14259,39.98404,20.87234,40.29174,-17.60332,-35.25472
18150.,19.28359,19.14305,39.9844,20.8728,40.29211,-17.60292,-35.25434
18160.,19.28406,19.14351,39.98477,20.87326,40.29247,-17.60252,-35.25396
18170.,19.28452,19.14397,39.98514,20.87373,40.29284,-17.60213,-35.25359
18180.,19.28497,19.14443,39.9855,20.87419,40.2932,-17.60173,-35.25321
18190.,19.28543,19.14489,39.98587,20.87465,40.29357,-17.60133,-35.25284
18200.,19.28589,19.14535,39.98623,20.87511,40.29393,-17.60094,-35.25247
18210.,19.28635,19.14581,39.9866,20.87557,40.2943,-17.60054,-35.25209
18220.,19.28681,19.14627,39.98696,20.87604,40.29466,-17.60015,-35.25172
18230.,19.28726,19.14672,39.98732,20.87649,40.29502,-17.59976,-35.25135
18240.,19.28772,19.14718,39.98769,20.87695,40.29538,-17.59936,-35.25098
18250.,19.28817,19.14764,39.98805,20.87741,40.29575,-17.59897,-35.2506
18260.,19.28863,19.14809,39.98841,20.87787,40.29611,-17.59858,-35.25023
18270.,19.28908,19.14855,39.98877,20.87833,40.29647,-17.59819,-35.24986
18280.,19.28954,19.149,39.98913,20.87878,40.29683,-17.5978,-35.24949
18290.,19.28999,19.14945,39.98949,20.87924,40.29719,-17.59741,-35.24912
18300.,19.29044,19.14991,39.98985,20.8797,40.29755,-17.59702,-35.24876
18310.,19.29089,19.15036,39.99021,20.88015,40.29791,-17.59663,-35.24839
18320.,19.29134,19.15081,39.99057,20.88061,40.29826,-17.59624,-35.24802
18330.,19.29179,19.15126,39.99093,20.88106,40.29862,-17.59585,-35.24765
18340.,19.29224,19.15171,39.99129,20.88151,40.29898,-17.59546,-35.24729
18350.,19.29269,19.15216,39.99164,20.88196,40.29934,-17.59507,-35.24692
18360.,19.29314,19.15261,39.992,20.88242,40.29969,-17.59469,-35.24655
18370.,19.29359,19.15306,39.99236,20.88287,40.30005,-17.5943,-35.24619
18380.,19.29404,19.15351,39.99271,20.88332,40.3004,-17.59391,-35.24582
18390.,19.29449,19.15396,39.99307,20.88377,40.30076,-17.59353,-35.24546
18400.,19.29493,19.1544,39.99342,20.88422,40.30111,-17.59314,-35.2451
18410.,19.29538,19.15485,39.99378,20.88467,40.30147,-17.59276,-35.24473
18420.,19.29582,19.15529,39.99413,20.88512,40.30182,-17.59238,-35.24437
18430.,19.29627,19.15574,39.99449,20.88556,40.30218,-17.59199,-35.24401
18440.,19.29671,19.15618,39.99484,20.88601,40.30253,-17.59161,-35.24364
18450.,19.29715,19.15663,39.99519,20.88646,40.30288,-17.59123,-35.24328
18460.,19.2976,19.15707,39.99555,20.8869,40.30323,-17.59084,-35.24292
18470.,19.29804,19.15751,39.9959,20.88735,40.30358,-17.59046,-35.24256
18480.,19.29848,19.15796,39.99625,20.88779,40.30393,-17.59008,-35.2422
18490.,19.29892,19.1584,39.9966,20.88824,40.30428,-17.5897,-35.24184
18500.,19.29936,19.15884,39.99695,20.88868,40.30463,-17.58932,-35.24148
18510.,19.2998,19.15928,39.9973,20.88912,40.30498,-17.58894,-35.24112
18520.,19.30024,19.15972,39.99765,20.88957,40.30533,-17.58856,-35.24076
18530.,19.30068,19.16016,39.998,20.89001,40.30568,-17.58819,-35.24041
18540.,19.30112,19.1606,39.99835,20.89045,40.30603,-17.58781,-35.24005
18550.,19.30156,19.16104,39.9987,20.89089,40.30638,-17.58743,-35.23969
18560.,19.30199,19.16147,39.99904,20.89133,40.30672,-17.58705,-35.23934
18570.,19.30243,19.16191,39.99939,20.89177,40.30707,-17.58668,-35.23898
18580.,19.30287,19.16235,39.99974,20.89221,40.30742,-17.5863,-35.23863
18590.,19.3033,19.16278,40.00008,20.89265,40.30776,-17.58593,-35.23827
18600.,19.30374,19.16322,40.00043,20.89309,40.30811,-17.58555,-35.23792
18610.,19.30417,19.16365,40.00077,20.89352,40.30845,-17.58518,-35.23756
18620.,19.3046,19.16409,40.00112,20.89396,40.3088,-17.5848,-35.23721
18630.,19.30504,19.16452,40.00146,20.8944,40.30914,-17.58443,-35.23686
18640.,19.30547,19.16495,40.00181,20.89483,40.30949,-17.58406,-35.2365
18650.,19.3059,19.16539,40.00215,20.89527,40.30983,-17.58368,-35.23615
18660.,19.30633,19.16582,40.0025,20.8957,40.31017,-17.58331,-35.2358
18670.,19.30676,19.16625,40.00284,20.89614,40.31051,-17.58294,-35.23545
18680.,19.30719,19.16668,40.00318,20.89657,40.31086,-17.58257,-35.2351
18690.,19.30762,19.16711,40.00352,20.897,40.3112,-17.5822,-35.23475
18700.,19.30805,19.16754,40.00386,20.89743,40.31154,-17.58183,-35.2344
18710.,19.30848,19.16797,40.0042,20.89786,40.31188,-17.58146,-35.23405
18720.,19.30891,19.1684,40.00454,20.8983,40.31222,-17.58109,-35.2337
18730.,19.30934,19.16883,40.00488,20.89873,40.31256,-17.58072,-35.23335
18740.,19.30976,19.16925,40.00522,20.89916,40.3129,-17.58035,-35.233
18750.,19.31019,19.16968,40.00556,20.89959,40.31324,-17.57999,-35.23265
18760.,19.31061,19.17011,40.0059,20.90001,40.31357,-17.57962,-35.23231
18770.,19.31104,19.17053,40.00624,20.90044,40.31391,-17.57925,-35.23196
18780.,19.31146,19.17096,40.00658,20.90087,40.31425,-17.57889,-35.23161
18790.,19.31189,19.17138,40.00692,20.9013,40.31459,-17.57852,-35.23127
18800.,19.31231,19.17181,40.00725,20.90172,40.31492,-17.57816,-35.23092
18810.,19.31273,19.17223,40.00759,20.90215,40.31526,-17.57779,-35.23058
18820.,19.31316,19.17265,40.00792,20.90257,40.31559,-17.57743,-35.23023
18830.,19.31358,19.17308,40.00826,20.903,40.31593,-17.57706,-35.22989
18840.,19.314,19.1735,40.0086,20.90342,40.31626,-17.5767,-35.22955
18850.,19.31442,19.17392,40.00893,20.90385,40.3166,-17.57634,-35.2292
18860.,19.31484,19.17434,40.00926,20.90427,40.31693,-17.57597,-35.22886
18870.,19.31526,19.17476,40.0096,20.90469,40.31726,-17.57561,-35.22852
18880.,19.31568,19.17518,40.00993,20.90511,40.3176,-17.57525,-35.22818
18890.,19.3161,19.1756,40.01026,20.90554,40.31793,-17.57489,-35.22784
18900.,19.31652,19.17602,40.0106,20.90596,40.31826,-17.57453,-35.2275
18910.,19.31693,19.17643,40.01093,20.90638,40.31859,-17.57417,-35.22716
18920.,19.31735,19.17685,40.01126,20.9068,40.31892,-17.57381,-35.22682
18930.,19.31777,19.17727,40.01159,20.90722,40.31926,-17.57345,-35.22648
18940.,19.31818,19.17768,40.01192,20.90764,40.31959,-17.57309,-35.22614
18950.,19.3186,19.1781,40.01225,20.90805,40.31992,-17.57274,-35.2258
18960.,19.31901,19.17852,40.01258,20.90847,40.32024,-17.57238,-35.22546
18970.,19.31943,19.17893,40.01291,20.90889,40.32057,-17.57202,-35.22512
18980.,19.31984,19.17934,40.01324,20.9093,40.3209,-17.57166,-35.22479
18990.,19.32025,19.17976,40.01357,20.90972,40.32123,-17.57131,-35.22445
19000.,19.32066,19.18017,40.0139,20.91014,40.32156,-17.57095,-35.22411
19010.,19.32108,19.18058,40.01423,20.91055,40.32189,-17.5706,-35.22378
19020.,19.32149,19.18099,40.01455,20.91096,40.32221,-17.57024,-35.22344
19030.,19.3219,19.18141,40.01488,20.91138,40.32254,-17.56989,-35.22311
19040.,19.32231,19.18182,40.01521,20.91179,40.32286,-17.56953,-35.22277
19050.,19.32272,19.18223,40.01553,20.9122,40.32319,-17.56918,-35.22244
19060.,19.32313,19.18264,40.01586,20.91262,40.32351,-17.56883,-35.2221
19070.,19.32354,19.18305,40.01618,20.91303,40.32384,-17.56848,-35.22177
19080.,19.32394,19.18345,40.01651,20.91344,40.32416,-17.56812,-35.22144
19090.,19.32435,19.18386,40.01683,20.91385,40.32449,-17.56777,-35.22111
19100.,19.32476,19.18427,40.01716,20.91426,40.32481,-17.56742,-35.22077
19110.,19.32517,19.18468,40.01748,20.91467,40.32513,-17.56707,-35.22044
19120.,19.32557,19.18508,40.0178,20.91508,40.32546,-17.56672,-35.22011
19130.,19.32598,19.18549,40.01812,20.91549,40.32578,-17.56637,-35.21978
19140.,19.32638,19.1859,40.01845,20.91589,40.3261,-17.56602,-35.21945
19150.,19.32679,19.1863,40.01877,20.9163,40.32642,-17.56567,-35.21912
19160.,19.32719,19.1867,40.01909,20.91671,40.32674,-17.56533,-35.21879
19170.,19.32759,19.18711,40.01941,20.91711,40.32706,-17.56498,-35.21846
19180.,19.328,19.18751,40.01973,20.91752,40.32738,-17.56463,-35.21814
19190.,19.3284,19.18791,40.02005,20.91792,40.3277,-17.56428,-35.21781
19200.,19.3288,19.18832,40.02037,20.91833,40.32802,-17.56394,-35.21748
19210.,19.3292,19.18872,40.02069,20.91873,40.32834,-17.56359,-35.21715
19220.,19.3296,19.18912,40.02101,20.91914,40.32866,-17.56325,-35.21683
19230.,19.33,19.18952,40.02133,20.91954,40.32898,-17.5629,-35.2165
19240.,19.3304,19.18992,40.02165,20.91994,40.32929,-17.56256,-35.21617
19250.,19.3308,19.19032,40.02196,20.92034,40.32961,-17.56221,-35.21585
19260.,19.3312,19.19072,40.02228,20.92075,40.32993,-17.56187,-35.21552
19270.,19.3316,19.19112,40.0226,20.92115,40.33024,-17.56152,-35.2152
19280.,19.33199,19.19152,40.02291,20.92155,40.33056,-17.56118,-35.21488
19290.,19.33239,19.19191,40.02323,20.92195,40.33087,-17.56084,-35.21455
19300.,19.33279,19.19231,40.02354,20.92235,40.33119,-17.5605,-35.21423
19310.,19.33318,19.19271,40.02386,20.92274,40.3315,-17.56016,-35.21391
19320.,19.33358,19.1931,40.02417,20.92314,40.33182,-17.55982,-35.21358
19330.,19.33397,19.1935,40.02449,20.92354,40.33213,-17.55948,-35.21326
19340.,19.33437,19.19389,40.0248,20.92394,40.33245,-17.55913,-35.21294
19350.,19.33476,19.19429,40.02511,20.92433,40.33276,-17.5588,-35.21262
19360.,19.33516,19.19468,40.02543,20.92473,40.33307,-17.55846,-35.2123
19370.,19.33555,19.19507,40.02574,20.92513,40.33338,-17.55812,-35.21198
19380.,19.33594,19.19547,40.02605,20.92552,40.33369,-17.55778,-35.21166
19390.,19.33633,19.19586,40.02636,20.92592,40.33401,-17.55744,-35.21134
19400.,19.33672,19.19625,40.02668,20.92631,40.33432,-17.5571,-35.21102
19410.,19.33711,19.19664,40.02699,20.9267,40.33463,-17.55677,-35.2107
19420.,19.3375,19.19703,40.0273,20.9271,40.33494,-17.55643,-35.21038
19430.,19.33789,19.19742,40.02761,20.92749,40.33525,-17.55609,-35.21006
19440.,19.33828,19.19781,40.02792,20.92788,40.33556,-17.55576,-35.20975
19450.,19.33867,19.1982,40.02823,20.92827,40.33587,-17.55542,-35.20943
19460.,19.33906,19.19859,40.02853,20.92866,40.33617,-17.55509,-35.20911
19470.,19.33945,19.19898,40.02884,20.92905,40.33648,-17.55475,-35.2088
19480.,19.33983,19.19937,40.02915,20.92944,40.33679,-17.55442,-35.20848
19490.,19.34022,19.19975,40.02946,20.92983,40.3371,-17.55409,-35.20817
19500.,19.34061,19.20014,40.02977,20.93022,40.3374,-17.55375,-35.20785
19510.,19.34099,19.20053,40.03007,20.93061,40.33771,-17.55342,-35.20754
19520.,19.34138,19.20091,40.03038,20.931,40.33802,-17.55309,-35.20722
19530.,19.34176,19.2013,40.03069,20.93139,40.33832,-17.55276,-35.20691
19540.,19.34215,19.20168,40.03099,20.93177,40.33863,-17.55243,-35.2066
19550.,19.34253,19.20207,40.0313,20.93216,40.33893,-17.5521,-35.20628
19560.,19.34291,19.20245,40.0316,20.93254,40.33924,-17.55177,-35.20597
19570.,19.3433,19.20283,40.03191,20.93293,40.33954,-17.55144,-35.20566
19580.,19.34368,19.20322,40.03221,20.93331,40.33984,-17.55111,-35.20535
19590.,19.34406,19.2036,40.03251,20.9337,40.34015,-17.55078,-35.20504
19600.,19.34444,19.20398,40.03282,20.93408,40.34045,-17.55045,-35.20473
19610.,19.34482,19.20436,40.03312,20.93447,40.34075,-17.55012,-35.20442
19620.,19.3452,19.20474,40.03342,20.93485,40.34105,-17.54979,-35.20411
19630.,19.34558,19.20512,40.03372,20.93523,40.34135,-17.54947,-35.2038
19640.,19.34596,19.2055,40.03403,20.93561,40.34166,-17.54914,-35.20349
19650.,19.34634,19.20588,40.03433,20.93599,40.34196,-17.54881,-35.20318
19660.,19.34672,19.20626,40.03463,20.93637,40.34226,-17.54849,-35.20287
19670.,19.34709,19.20664,40.03493,20.93676,40.34256,-17.54816,-35.20256
19680.,19.34747,19.20701,40.03523,20.93713,40.34286,-17.54784,-35.20226
19690.,19.34785,19.20739,40.03553,20.93751,40.34316,-17.54751,-35.20195
19700.,19.34822,19.20777,40.03583,20.93789,40.34345,-17.54719,-35.20164
19710.,19.3486,19.20814,40.03613,20.93827,40.34375,-17.54686,-35.20134
19720.,19.34897,19.20852,40.03642,20.93865,40.34405,-17.54654,-35.20103
19730.,19.34935,19.20889,40.03672,20.93903,40.34435,-17.54622,-35.20072
19740.,19.34972,19.20927,40.03702,20.9394,40.34465,-17.54589,-35.20042
19750.,19.3501,19.20964,40.03732,20.93978,40.34494,-17.54557,-35.20011
19760.,19.35047,19.21002,40.03761,20.94016,40.34524,-17.54525,-35.19981
19770.,19.35084,19.21039,40.03791,20.94053,40.34554,-17.54493,-35.19951
19780.,19.35121,19.21076,40.03821,20.94091,40.34583,-17.54461,-35.1992
19790.,19.35159,19.21114,40.0385,20.94128,40.34613,-17.54429,-35.1989
19800.,19.35196,19.21151,40.0388,20.94165,40.34642,-17.54397,-35.1986
19810.,19.35233,19.21188,40.03909,20.94203,40.34672,-17.54365,-35.1983
19820.,19.3527,19.21225,40.03939,20.9424,40.34701,-17.54333,-35.19799
19830.,19.35307,19.21262,40.03968,20.94277,40.3473,-17.54301,-35.19769
19840.,19.35344,19.21299,40.03998,20.94314,40.3476,-17.54269,-35.19739
19850.,19.35381,19.21336,40.04027,20.94351,40.34789,-17.54237,-35.19709
19860.,19.35417,19.21373,40.04056,20.94389,40.34818,-17.54205,-35.19679
19870.,19.35454,19.21409,40.04085,20.94426,40.34847,-17.54174,-35.19649
19880.,19.35491,19.21446,40.04115,20.94463,40.34877,-17.54142,-35.19619
19890.,19.35528,19.21483,40.04144,20.945,40.34906,-17.5411,-35.19589
19900.,19.35564,19.2152,40.04173,20.94536,40.34935,-17.54079,-35.19559
19910.,19.35601,19.21556,40.04202,20.94573,40.34964,-17.54047,-35.1953
19920.,19.35637,19.21593,40.04231,20.9461,40.34993,-17.54016,-35.195
19930.,19.35674,19.21629,40.0426,20.94647,40.35022,-17.53984,-35.1947
19940.,19.3571,19.21666,40.04289,20.94684,40.35051,-17.53953,-35.1944
19950.,19.35747,19.21702,40.04318,20.9472,40.3508,-17.53922,-35.19411
19960.,19.35783,19.21739,40.04347,20.94757,40.35109,-17.5389,-35.19381
19970.,19.35819,19.21775,40.04376,20.94793,40.35138,-17.53859,-35.19351
19980.,19.35856,19.21811,40.04405,20.9483,40.35166,-17.53828,-35.19322
19990.,19.35892,19.21848,40.04434,20.94866,40.35195,-17.53796,-35.19292
20000.,19.35928,19.21884,40.04462,20.94903,40.35224,-17.53765,-35.19263
20010.,19.35964,19.2192,40.04491,20.94939,40.35253,-17.53734,-35.19233
20020.,19.36,19.21956,40.0452,20.94975,40.35281,-17.53703,-35.19204
20030.,19.36036,19.21992,40.04548,20.95012,40.3531,-17.53672,-35.19175
20040.,19.36072,19.22028,40.04577,20.95048,40.35338,-17.53641,-35.19145
20050.,19.36108,19.22064,40.04606,20.95084,40.35367,-17.5361,-35.19116
20060.,19.36144,19.221,40.04634,20.9512,40.35395,-17.53579,-35.19087
20070.,19.3618,19.22136,40.04663,20.95156,40.35424,-17.53548,-35.19058
20080.,19.36215,19.22172,40.04691,20.95192,40.35452,-17.53517,-35.19028
20090.,19.36251,19.22207,40.0472,20.95228,40.35481,-17.53487,-35.18999
20100.,19.36287,19.22243,40.04748,20.95264,40.35509,-17.53456,-35.1897
20110.,19.36322,19.22279,40.04776,20.953,40.35537,-17.53425,-35.18941
20120.,19.36358,19.22314,40.04805,20.95336,40.35566,-17.53394,-35.18912
20130.,19.36394,19.2235,40.04833,20.95372,40.35594,-17.53364,-35.18883
20140.,19.36429,19.22386,40.04861,20.95407,40.35622,-17.53333,-35.18854
20150.,19.36464,19.22421,40.04889,20.95443,40.3565,-17.53303,-35.18825
20160.,19.365,19.22457,40.04917,20.95479,40.35678,-17.53272,-35.18796
20170.,19.36535,19.22492,40.04946,20.95514,40.35706,-17.53242,-35.18768
20180.,19.3657,19.22527,40.04974,20.9555,40.35734,-17.53211,-35.18739
20190.,19.36606,19.22563,40.05002,20.95585,40.35762,-17.53181,-35.1871
20200.,19.36641,19.22598,40.0503,20.95621,40.3579,-17.5315,-35.18681
20210.,19.36676,19.22633,40.05058,20.95656,40.35818,-17.5312,-35.18653
20220.,19.36711,19.22668,40.05086,20.95692,40.35846,-17.5309,-35.18624
20230.,19.36746,19.22703,40.05114,20.95727,40.35874,-17.5306,-35.18596
20240.,19.36781,19.22738,40.05141,20.95762,40.35902,-17.53029,-35.18567
20250.,19.36816,19.22773,40.05169,20.95797,40.3593,-17.52999,-35.18538
20260.,19.36851,19.22808,40.05197,20.95833,40.35958,-17.52969,-35.1851
20270.,19.36886,19.22843,40.05225,20.95868,40.35985,-17.52939,-35.18482
20280.,19.36921,19.22878,40.05253,20.95903,40.36013,-17.52909,-35.18453
20290.,19.36956,19.22913,40.0528,20.95938,40.36041,-17.52879,-35.18425
20300.,19.36991,19.22948,40.05308,20.95973,40.36068,-17.52849,-35.18396
20310.,19.37025,19.22983,40.05336,20.96008,40.36096,-17.52819,-35.18368
20320.,19.3706,19.23017,40.05363,20.96043,40.36123,-17.52789,-35.1834
20330.,19.37094,19.23052,40.05391,20.96078,40.36151,-17.52759,-35.18312
20340.,19.37129,19.23087,40.05418,20.96112,40.36178,-17.52729,-35.18283
20350.,19.37164,19.23121,40.05446,20.96147,40.36206,-17.527,-35.18255
20360.,19.37198,19.23156,40.05473,20.96182,40.36233,-17.5267,-35.18227
20370.,19.37232,19.2319,40.055,20.96217,40.3626,-17.5264,-35.18199
20380.,19.37267,19.23225,40.05528,20.96251,40.36288,-17.52611,-35.18171
20390.,19.37301,19.23259,40.05555,20.96286,40.36315,-17.52581,-35.18143
20400.,19.37335,19.23293,40.05582,20.9632,40.36342,-17.52551,-35.18115
20410.,19.3737,19.23328,40.0561,20.96355,40.3637,-17.52522,-35.18087
20420.,19.37404,19.23362,40.05637,20.96389,40.36397,-17.52492,-35.18059
20430.,19.37438,19.23396,40.05664,20.96424,40.36424,-17.52463,-35.18031
20440.,19.37472,19.2343,40.05691,20.96458,40.36451,-17.52434,-35.18004
20450.,19.37506,19.23464,40.05718,20.96492,40.36478,-17.52404,-35.17976
20460.,19.3754,19.23498,40.05745,20.96527,40.36505,-17.52375,-35.17948
20470.,19.37574,19.23532,40.05772,20.96561,40.36532,-17.52346,-35.1792
20480.,19.37608,19.23566,40.05799,20.96595,40.36559,-17.52316,-35.17893
20490.,19.37642,19.236,40.05826,20.96629,40.36586,-17.52287,-35.17865
20500.,19.37676,19.23634,40.05853,20.96663,40.36613,-17.52258,-35.17838
20510.,19.3771,19.23668,40.0588,20.96697,40.3664,-17.52229,-35.1781
20520.,19.37743,19.23702,40.05907,20.96731,40.36667,-17.522,-35.17782
20530.,19.37777,19.23736,40.05934,20.96765,40.36693,-17.52171,-35.17755
20540.,19.37811,19.23769,40.05961,20.96799,40.3672,-17.52141,-35.17728
20550.,19.37844,19.23803,40.05987,20.96833,40.36747,-17.52112,-35.177
20560.,19.37878,19.23837,40.06014,20.96867,40.36773,-17.52084,-35.17673
20570.,19.37912,19.2387,40.06041,20.96901,40.368,-17.52055,-35.17645
20580.,19.37945,19.23904,40.06068,20.96934,40.36827,-17.52026,-35.17618
20590.,19.37979,19.23937,40.06094,20.96968,40.36853,-17.51997,-35.17591
20600.,19.38012,19.23971,40.06121,20.97002,40.3688,-17.51968,-35.17564
20610.,19.38045,19.24004,40.06147,20.97035,40.36906,-17.51939,-35.17536
20620.,19.38079,19.24037,40.06174,20.97069,40.36933,-17.51911,-35.17509
20630.,19.38112,19.24071,40.062,20.97102,40.36959,-17.51882,-35.17482
20640.,19.38145,19.24104,40.06227,20.97136,40.36986,-17.51853,-35.17455
20650.,19.38178,19.24137,40.06253,20.97169,40.37012,-17.51825,-35.17428
20660.,19.38211,19.2417,40.06279,20.97203,40.37038,-17.51796,-35.17401
20670.,19.38244,19.24204,40.06306,20.97236,40.37065,-17.51768,-35.17374
20680.,19.38278,19.24237,40.06332,20.97269,40.37091,-17.51739,-35.17347
20690.,19.38311,19.2427,40.06358,20.97302,40.37117,-17.51711,-35.1732
20700.,19.38343,19.24303,40.06385,20.97336,40.37143,-17.51682,-35.17293
20710.,19.38376,19.24336,40.06411,20.97369,40.3717,-17.51654,-35.17266
20720.,19.38409,19.24369,40.06437,20.97402,40.37196,-17.51625,-35.1724
20730.,19.38442,19.24401,40.06463,20.97435,40.37222,-17.51597,-35.17213
20740.,19.38475,19.24434,40.06489,20.97468,40.37248,-17.51569,-35.17186
20750.,19.38508,19.24467,40.06515,20.97501,40.37274,-17.51541,-35.17159
20760.,19.3854,19.245,40.06541,20.97534,40.373,-17.51512,-35.17133
20770.,19.38573,19.24533,40.06567,20.97567,40.37326,-17.51484,-35.17106
20780.,19.38606,19.24565,40.06593,20.976,40.37352,-17.51456,-35.1708
20790.,19.38638,19.24598,40.06619,20.97632,40.37378,-17.51428,-35.17053
20800.,19.38671,19.2463,40.06645,20.97665,40.37403,-17.514,-35.17026
20810.,19.38703,19.24663,40.06671,20.97698,40.37429,-17.51372,-35.17
20820.,19.38736,19.24695,40.06697,20.97731,40.37455,-17.51344,-35.16973
20830.,19.38768,19.24728,40.06723,20.97763,40.37481,-17.51316,-35.16947
20840.,19.388,19.2476,40.06748,20.97796,40.37506,-17.51288,-35.16921
20850.,19.38833,19.24793,40.06774,20.97828,40.37532,-17.5126,-35.16894
20860.,19.38865,19.24825,40.068,20.97861,40.37558,-17.51232,-35.16868
20870.,19.38897,19.24857,40.06825,20.97893,40.37583,-17.51205,-35.16842
20880.,19.38929,19.24889,40.06851,20.97926,40.37609,-17.51177,-35.16815
20890.,19.38962,19.24922,40.06877,20.97958,40.37635,-17.51149,-35.16789
20900.,19.38994,19.24954,40.06902,20.9799,40.3766,-17.51121,-35.16763
20910.,19.39026,19.24986,40.06928,20.98023,40.37686,-17.51094,-35.16737
20920.,19.39058,19.25018,40.06953,20.98055,40.37711,-17.51066,-35.16711
20930.,19.3909,19.2505,40.06979,20.98087,40.37736,-17.51039,-35.16685
20940.,19.39122,19.25082,40.07004,20.98119,40.37762,-17.51011,-35.16659
20950.,19.39154,19.25114,40.07029,20.98151,40.37787,-17.50984,-35.16633
20960.,19.39185,19.25146,40.07055,20.98184,40.37812,-17.50956,-35.16607
20970.,19.39217,19.25178,40.0708,20.98216,40.37838,-17.50929,-35.16581
20980.,19.39249,19.25209,40.07105,20.98248,40.37863,-17.50901,-35.16555
20990.,19.39281,19.25241,40.07131,20.9828,40.37888,-17.50874,-35.16529
21000.,19.39312,19.25273,40.07156,20.98311,40.37913,-17.50847,-35.16503
21010.,19.39344,19.25305,40.07181,20.98343,40.37938,-17.50819,-35.16477
21020.,19.39376,19.25336,40.07206,20.98375,40.37964,-17.50792,-35.16452
21030.,19.39407,19.25368,40.07231,20.98407,40.37989,-17.50765,-35.16426
21040.,19.39439,19.25399,40.07256,20.98439,40.38014,-17.50738,-35.164
21050.,19.3947,19.25431,40.07281,20.9847,40.38039,-17.5071,-35.16375
21060.,19.39502,19.25462,40.07306,20.98502,40.38064,-17.50683,-35.16349
21070.,19.39533,19.25494,40.07331,20.98534,40.38089,-17.50656,-35.16323
21080.,19.39564,19.25525,40.07356,20.98565,40.38114,-17.50629,-35.16298
21090.,19.39596,19.25557,40.07381,20.98597,40.38138,-17.50602,-35.16272
21100.,19.39627,19.25588,40.07406,20.98628,40.38163,-17.50575,-35.16247
21110.,19.39658,19.25619,40.07431,20.9866,40.38188,-17.50548,-35.16221
21120.,19.39689,19.2565,40.07456,20.98691,40.38213,-17.50521,-35.16196
21130.,19.39721,19.25682,40.07481,20.98723,40.38238,-17.50495,-35.1617
21140.,19.39752,19.25713,40.07505,20.98754,40.38262,-17.50468,-35.16145
21150.,19.39783,19.25744,40.0753,20.98785,40.38287,-17.50441,-35.1612
21160.,19.39814,19.25775,40.07555,20.98816,40.38312,-17.50414,-35.16094
21170.,19.39845,19.25806,40.07579,20.98848,40.38336,-17.50388,-35.16069
21180.,19.39876,19.25837,40.07604,20.98879,40.38361,-17.50361,-35.16044
21190.,19.39907,19.25868,40.07629,20.9891,40.38385,-17.50334,-35.16019
21200.,19.39937,19.25899,40.07653,20.98941,40.3841,-17.50308,-35.15994
21210.,19.39968,19.2593,40.07678,20.98972,40.38434,-17.50281,-35.15968
21220.,19.39999,19.2596,40.07702,20.99003,40.38459,-17.50254,-35.15943
21230.,19.4003,19.25991,40.07727,20.99034,40.38483,-17.50228,-35.15918
21240.,19.4006,19.26022,40.07751,20.99065,40.38508,-17.50201,-35.15893
21250.,19.40091,19.26053,40.07775,20.99096,40.38532,-17.50175,-35.15868
21260.,19.40122,19.26083,40.078,20.99127,40.38556,-17.50149,-35.15843
21270.,19.40152,19.26114,40.07824,20.99157,40.38581,-17.50122,-35.15818
21280.,19.40183,19.26145,40.07848,20.99188,40.38605,-17.50096,-35.15794
21290.,19.40213,19.26175,40.07873,20.99219,40.38629,-17.5007,-35.15769
21300.,19.40244,19.26206,40.07897,20.99249,40.38653,-17.50043,-35.15744
21310.,19.40274,19.26236,40.07921,20.9928,40.38678,-17.50017,-35.15719
21320.,19.40305,19.26266,40.07945,20.99311,40.38702,-17.49991,-35.15694
21330.,19.40335,19.26297,40.07969,20.99341,40.38726,-17.49965,-35.1567
21340.,19.40365,19.26327,40.07994,20.99372,40.3875,-17.49939,-35.15645
21350.,19.40395,19.26357,40.08018,20.99402,40.38774,-17.49913,-35.1562
21360.,19.40426,19.26388,40.08042,20.99433,40.38798,-17.49887,-35.15596
21370.,19.40456,19.26418,40.08066,20.99463,40.38822,-17.4986,-35.15571
21380.,19.40486,19.26448,40.0809,20.99493,40.38846,-17.49835,-35.15546
21390.,19.40516,19.26478,40.08114,20.99524,40.3887,-17.49809,-35.15522
21400.,19.40546,19.26508,40.08138,20.99554,40.38894,-17.49783,-35.15497
21410.,19.40576,19.26538,40.08161,20.99584,40.38918,-17.49757,-35.15473
21420.,19.40606,19.26568,40.08185,20.99614,40.38941,-17.49731,-35.15448
21430.,19.40636,19.26598,40.08209,20.99645,40.38965,-17.49705,-35.15424
21440.,19.40666,19.26628,40.08233,20.99675,40.38989,-17.49679,-35.154
21450.,19.40696,19.26658,40.08257,20.99705,40.39013,-17.49654,-35.15375
21460.,19.40726,19.26688,40.0828,20.99735,40.39036,-17.49628,-35.15351
21470.,19.40755,19.26718,40.08304,20.99765,40.3906,-17.49602,-35.15327
21480.,19.40785,19.26748,40.08328,20.99795,40.39084,-17.49577,-35.15302
21490.,19.40815,19.26777,40.08351,20.99825,40.39107,-17.49551,-35.15278
21500.,19.40845,19.26807,40.08375,20.99855,40.39131,-17.49525,-35.15254
21510.,19.40874,19.26837,40.08399,20.99884,40.39154,-17.495,-35.1523
21520.,19.40904,19.26866,40.08422,20.99914,40.39178,-17.49474,-35.15206
21530.,19.40933,19.26896,40.08446,20.99944,40.39201,-17.49449,-35.15182
21540.,19.40963,19.26926,40.08469,20.99974,40.39225,-17.49423,-35.15158
21550.,19.40992,19.26955,40.08493,21.00003,40.39248,-17.49398,-35.15134
21560.,19.41022,19.26985,40.08516,21.00033,40.39272,-17.49373,-35.1511
21570.,19.41051,19.27014,40.08539,21.00063,40.39295,-17.49347,-35.15086
21580.,19.4108,19.27043,40.08563,21.00092,40.39318,-17.49322,-35.15062
21590.,19.4111,19.27073,40.08586,21.00122,40.39342,-17.49297,-35.15038
21600.,19.41139,19.27102,40.08609,21.00151,40.39365,-17.49271,-35.15014
21610.,19.41168,19.27131,40.08633,21.00181,40.39388,-17.49246,-35.1499
21620.,19.41197,19.27161,40.08656,21.0021,40.39411,-17.49221,-35.14966
21630.,19.41227,19.2719,40.08679,21.00239,40.39434,-17.49196,-35.14942
21640.,19.41256,19.27219,40.08702,21.00269,40.39458,-17.49171,-35.14919
21650.,19.41285,19.27248,40.08725,21.00298,40.39481,-17.49146,-35.14895
21660.,19.41314,19.27277,40.08749,21.00327,40.39504,-17.49121,-35.14871
21670.,19.41343,19.27306,40.08772,21.00356,40.39527,-17.49096,-35.14848
21680.,19.41372,19.27335,40.08795,21.00386,40.3955,-17.49071,-35.14824
21690.,19.41401,19.27364,40.08818,21.00415,40.39573,-17.49046,-35.148
21700.,19.4143,19.27393,40.08841,21.00444,40.39596,-17.49021,-35.14777
21710.,19.41458,19.27422,40.08864,21.00473,40.39619,-17.48996,-35.14753
21720.,19.41487,19.27451,40.08887,21.00502,40.39642,-17.48971,-35.1473
21730.,19.41516,19.2748,40.0891,21.00531,40.39665,-17.48946,-35.14706
21740.,19.41545,19.27508,40.08932,21.0056,40.39687,-17.48921,-35.14683
21750.,19.41573,19.27537,40.08955,21.00589,40.3971,-17.48897,-35.1466
21760.,19.41602,19.27566,40.08978,21.00618,40.39733,-17.48872,-35.14636
21770.,19.41631,19.27594,40.09001,21.00646,40.39756,-17.48847,-35.14613
21780.,19.41659,19.27623,40.09024,21.00675,40.39778,-17.48823,-35.1459
21790.,19.41688,19.27652,40.09046,21.00704,40.39801,-17.48798,-35.14566
21800.,19.41716,19.2768,40.09069,21.00733,40.39824,-17.48773,-35.14543
21810.,19.41745,19.27709,40.09092,21.00761,40.39846,-17.48749,-35.1452
21820.,19.41773,19.27737,40.09114,21.0079,40.39869,-17.48724,-35.14497
21830.,19.41802,19.27766,40.09137,21.00819,40.39892,-17.487,-35.14474
21840.,19.4183,19.27794,40.09159,21.00847,40.39914,-17.48675,-35.1445
21850.,19.41858,19.27822,40.09182,21.00876,40.39937,-17.48651,-35.14427
21860.,19.41887,19.27851,40.09205,21.00904,40.39959,-17.48627,-35.14404
21870.,19.41915,19.27879,40.09227,21.00933,40.39982,-17.48602,-35.14381
21880.,19.41943,19.27907,40.09249,21.00961,40.40004,-17.48578,-35.14358
21890.,19.41971,19.27936,40.09272,21.00989,40.40026,-17.48554,-35.14335
21900.,19.41999,19.27964,40.09294,21.01018,40.40049,-17.48529,-35.14312
21910.,19.42028,19.27992,40.09317,21.01046,40.40071,-17.48505,-35.14289
21920.,19.42056,19.2802,40.09339,21.01074,40.40093,-17.48481,-35.14266
21930.,19.42084,19.28048,40.09361,21.01103,40.40116,-17.48457,-35.14244
21940.,19.42112,19.28076,40.09384,21.01131,40.40138,-17.48433,-35.14221
21950.,19.4214,19.28104,40.09406,21.01159,40.4016,-17.48408,-35.14198
21960.,19.42168,19.28132,40.09428,21.01187,40.40182,-17.48384,-35.14175
21970.,19.42195,19.2816,40.0945,21.01215,40.40204,-17.4836,-35.14153
21980.,19.42223,19.28188,40.09472,21.01243,40.40227,-17.48336,-35.1413
21990.,19.42251,19.28216,40.09495,21.01271,40.40249,-17.48312,-35.14107
22000.,19.42279,19.28243,40.09517,21.01299,40.40271,-17.48288,-35.14085
22010.,19.42307,19.28271,40.09539,21.01327,40.40293,-17.48264,-35.14062
22020.,19.42334,19.28299,40.09561,21.01355,40.40315,-17.48241,-35.14039
22030.,19.42362,19.28327,40.09583,21.01383,40.40337,-17.48217,-35.14017
22040.,19.4239,19.28354,40.09605,21.01411,40.40359,-17.48193,-35.13994
22050.,19.42417,19.28382,40.09627,21.01438,40.40381,-17.48169,-35.13972
22060.,19.42445,19.28409,40.09649,21.01466,40.40403,-17.48145,-35.13949
22070.,19.42472,19.28437,40.09671,21.01494,40.40424,-17.48122,-35.13927
22080.,19.425,19.28465,40.09692,21.01522,40.40446,-17.48098,-35.13904
22090.,19.42527,19.28492,40.09714,21.01549,40.40468,-17.48074,-35.13882
22100.,19.42555,19.28519,40.09736,21.01577,40.4049,-17.48051,-35.1386
22110.,19.42582,19.28547,40.09758,21.01604,40.40512,-17.48027,-35.13837
22120.,19.42609,19.28574,40.0978,21.01632,40.40533,-17.48003,-35.13815
22130.,19.42637,19.28602,40.09801,21.01659,40.40555,-17.4798,-35.13793
22140.,19.42664,19.28629,40.09823,21.01687,40.40577,-17.47956,-35.13771
22150.,19.42691,19.28656,40.09845,21.01714,40.40598,-17.47933,-35.13748
22160.,19.42718,19.28683,40.09866,21.01742,40.4062,-17.47909,-35.13726
22170.,19.42745,19.28711,40.09888,21.01769,40.40642,-17.47886,-35.13704
22180.,19.42772,19.28738,40.0991,21.01796,40.40663,-17.47863,-35.13682
22190.,19.428,19.28765,40.09931,21.01824,40.40685,-17.47839,-35.1366
22200.,19.42827,19.28792,40.09953,21.01851,40.40706,-17.47816,-35.13638
22210.,19.42854,19.28819,40.09974,21.01878,40.40728,-17.47793,-35.13616
22220.,19.42881,19.28846,40.09996,21.01905,40.40749,-17.47769,-35.13594
22230.,19.42908,19.28873,40.10017,21.01932,40.4077,-17.47746,-35.13572
22240.,19.42934,19.289,40.10038,21.01959,40.40792,-17.47723,-35.1355
22250.,19.42961,19.28927,40.1006,21.01986,40.40813,-17.477,-35.13528
22260.,19.42988,19.28954,40.10081,21.02013,40.40834,-17.47677,-35.13506
22270.,19.43015,19.28981,40.10102,21.0204,40.40856,-17.47654,-35.13484
22280.,19.43042,19.29007,40.10124,21.02067,40.40877,-17.47631,-35.13463
22290.,19.43068,19.29034,40.10145,21.02094,40.40898,-17.47607,-35.13441
22300.,19.43095,19.29061,40.10166,21.02121,40.4092,-17.47584,-35.13419
22310.,19.43122,19.29087,40.10188,21.02148,40.40941,-17.47561,-35.13397
22320.,19.43148,19.29114,40.10209,21.02175,40.40962,-17.47538,-35.13376
22330.,19.43175,19.29141,40.1023,21.02202,40.40983,-17.47516,-35.13354
22340.,19.43202,19.29167,40.10251,21.02228,40.41004,-17.47493,-35.13332
22350.,19.43228,19.29194,40.10272,21.02255,40.41025,-17.4747,-35.13311
22360.,19.43255,19.2922,40.10293,21.02282,40.41046,-17.47447,-35.13289
22370.,19.43281,19.29247,40.10314,21.02308,40.41067,-17.47424,-35.13267
22380.,19.43307,19.29273,40.10335,21.02335,40.41088,-17.47401,-35.13246
22390.,19.43334,19.293,40.10356,21.02362,40.41109,-17.47379,-35.13224
22400.,19.4336,19.29326,40.10377,21.02388,40.4113,-17.47356,-35.13203
22410.,19.43386,19.29352,40.10398,21.02415,40.41151,-17.47333,-35.13181
22420.,19.43413,19.29379,40.10419,21.02441,40.41172,-17.47311,-35.1316
22430.,19.43439,19.29405,40.1044,21.02468,40.41193,-17.47288,-35.13139
22440.,19.43465,19.29431,40.10461,21.02494,40.41214,-17.47265,-35.13117
22450.,19.43491,19.29458,40.10482,21.0252,40.41234,-17.47243,-35.13096
22460.,19.43517,19.29484,40.10502,21.02547,40.41255,-17.4722,-35.13075
22470.,19.43544,19.2951,40.10523,21.02573,40.41276,-17.47198,-35.13053
22480.,19.4357,19.29536,40.10544,21.02599,40.41297,-17.47175,-35.13032
22490.,19.43596,19.29562,40.10565,21.02625,40.41317,-17.47153,-35.13011
22500.,19.43622,19.29588,40.10585,21.02652,40.41338,-17.4713,-35.1299
22510.,19.43648,19.29614,40.10606,21.02678,40.41359,-17.47108,-35.12968
22520.,19.43674,19.2964,40.10627,21.02704,40.41379,-17.47086,-35.12947
22530.,19.43699,19.29666,40.10647,21.0273,40.414,-17.47063,-35.12926
22540.,19.43725,19.29692,40.10668,21.02756,40.4142,-17.47041,-35.12905
22550.,19.43751,19.29718,40.10688,21.02782,40.41441,-17.47019,-35.12884
22560.,19.43777,19.29744,40.10709,21.02808,40.41461,-17.46996,-35.12863
22570.,19.43803,19.29769,40.10729,21.02834,40.41482,-17.46974,-35.12842
22580.,19.43828,19.29795,40.1075,21.0286,40.41502,-17.46952,-35.12821
22590.,19.43854,19.29821,40.1077,21.02886,40.41523,-17.4693,-35.128
22600.,19.4388,19.29846,40.10791,21.02911,40.41543,-17.46908,-35.12779
22610.,19.43905,19.29872,40.10811,21.02937,40.41563,-17.46886,-35.12758
22620.,19.43931,19.29898,40.10832,21.02963,40.41584,-17.46864,-35.12737
22630.,19.43956,19.29923,40.10852,21.02989,40.41604,-17.46842,-35.12717
22640.,19.43982,19.29949,40.10872,21.03014,40.41624,-17.4682,-35.12696
22650.,19.44007,19.29974,40.10893,21.0304,40.41645,-17.46798,-35.12675
22660.,19.44033,19.3,40.10913,21.03066,40.41665,-17.46776,-35.12654
22670.,19.44058,19.30025,40.10933,21.03091,40.41685,-17.46754,-35.12634
22680.,19.44084,19.30051,40.10953,21.03117,40.41705,-17.46732,-35.12613
22690.,19.44109,19.30076,40.10973,21.03142,40.41725,-17.4671,-35.12592
22700.,19.44134,19.30102,40.10994,21.03168,40.41746,-17.46688,-35.12572
22710.,19.4416,19.30127,40.11014,21.03193,40.41766,-17.46666,-35.12551
22720.,19.44185,19.30152,40.11034,21.03219,40.41786,-17.46645,-35.1253
22730.,19.4421,19.30177,40.11054,21.03244,40.41806,-17.46623,-35.1251
22740.,19.44235,19.30203,40.11074,21.0327,40.41826,-17.46601,-35.12489
22750.,19.44261,19.30228,40.11094,21.03295,40.41846,-17.46579,-35.12469
22760.,19.44286,19.30253,40.11114,21.0332,40.41866,-17.46558,-35.12448
22770.,19.44311,19.30278,40.11134,21.03346,40.41886,-17.46536,-35.12428
22780.,19.44336,19.30303,40.11154,21.03371,40.41906,-17.46515,-35.12407
22790.,19.44361,19.30328,40.11174,21.03396,40.41925,-17.46493,-35.12387
22800.,19.44386,19.30353,40.11194,21.03421,40.41945,-17.46471,-35.12367
22810.,19.44411,19.30378,40.11213,21.03446,40.41965,-17.4645,-35.12346
22820.,19.44436,19.30403,40.11233,21.03471,40.41985,-17.46428,-35.12326
22830.,19.44461,19.30428,40.11253,21.03496,40.42005,-17.46407,-35.12306
22840.,19.44485,19.30453,40.11273,21.03522,40.42025,-17.46385,-35.12285
22850.,19.4451,19.30478,40.11293,21.03547,40.42044,-17.46364,-35.12265
22860.,19.44535,19.30503,40.11312,21.03571,40.42064,-17.46343,-35.12245
22870.,19.4456,19.30527,40.11332,21.03596,40.42084,-17.46321,-35.12225
22880.,19.44585,19.30552,40.11352,21.03621,40.42103,-17.463,-35.12205
22890.,19.44609,19.30577,40.11371,21.03646,40.42123,-17.46279,-35.12184
22900.,19.44634,19.30602,40.11391,21.03671,40.42143,-17.46257,-35.12164
22910.,19.44658,19.30626,40.11411,21.03696,40.42162,-17.46236,-35.12144
22920.,19.44683,19.30651,40.1143,21.03721,40.42182,-17.46215,-35.12124
22930.,19.44708,19.30676,40.1145,21.03745,40.42201,-17.46194,-35.12104
22940.,19.44732,19.307,40.11469,21.0377,40.42221,-17.46173,-35.12084
22950.,19.44757,19.30725,40.11489,21.03795,40.4224,-17.46152,-35.12064
22960.,19.44781,19.30749,40.11508,21.03819,40.4226,-17.4613,-35.12044
22970.,19.44806,19.30774,40.11528,21.03844,40.42279,-17.46109,-35.12024
22980.,19.4483,19.30798,40.11547,21.03869,40.42298,-17.46088,-35.12004
22990.,19.44854,19.30822,40.11567,21.03893,40.42318,-17.46067,-35.11985
23000.,19.44879,19.30847,40.11586,21.03918,40.42337,-17.46046,-35.11965
23010.,19.44903,19.30871,40.11605,21.03942,40.42356,-17.46025,-35.11945
23020.,19.44927,19.30895,40.11625,21.03967,40.42376,-17.46004,-35.11925
23030.,19.44952,19.3092,40.11644,21.03991,40.42395,-17.45984,-35.11905
23040.,19.44976,19.30944,40.11663,21.04015,40.42414,-17.45963,-35.11886
23050.,19.45,19.30968,40.11682,21.0404,40.42433,-17.45942,-35.11866
23060.,19.45024,19.30992,40.11702,21.04064,40.42453,-17.45921,-35.11846
23070.,19.45048,19.31017,40.11721,21.04088,40.42472,-17.459,-35.11827
23080.,19.45072,19.31041,40.1174,21.04113,40.42491,-17.45879,-35.11807
23090.,19.45096,19.31065,40.11759,21.04137,40.4251,-17.45859,-35.11787
23100.,19.4512,19.31089,40.11778,21.04161,40.42529,-17.45838,-35.11768
23110.,19.45144,19.31113,40.11797,21.04185,40.42548,-17.45817,-35.11748
23120.,19.45168,19.31137,40.11816,21.04209,40.42567,-17.45797,-35.11729
23130.,19.45192,19.31161,40.11835,21.04233,40.42586,-17.45776,-35.11709
23140.,19.45216,19.31185,40.11855,21.04257,40.42605,-17.45755,-35.1169
23150.,19.4524,19.31209,40.11873,21.04281,40.42624,-17.45735,-35.1167
23160.,19.45264,19.31232,40.11892,21.04305,40.42643,-17.45714,-35.11651
23170.,19.45288,19.31256,40.11911,21.04329,40.42662,-17.45694,-35.11631
23180.,19.45311,19.3128,40.1193,21.04353,40.42681,-17.45673,-35.11612
23190.,19.45335,19.31304,40.11949,21.04377,40.427,-17.45653,-35.11593
23200.,19.45359,19.31328,40.11968,21.04401,40.42719,-17.45632,-35.11573
23210.,19.45382,19.31351,40.11987,21.04425,40.42737,-17.45612,-35.11554
23220.,19.45406,19.31375,40.12006,21.04449,40.42756,-17.45592,-35.11535
23230.,19.4543,19.31399,40.12025,21.04473,40.42775,-17.45571,-35.11515
23240.,19.45453,19.31422,40.12043,21.04496,40.42794,-17.45551,-35.11496
23250.,19.45477,19.31446,40.12062,21.0452,40.42812,-17.45531,-35.11477
23260.,19.455,19.31469,40.12081,21.04544,40.42831,-17.4551,-35.11458
23270.,19.45524,19.31493,40.12099,21.04567,40.4285,-17.4549,-35.11439
23280.,19.45547,19.31516,40.12118,21.04591,40.42868,-17.4547,-35.1142
23290.,19.45571,19.3154,40.12137,21.04615,40.42887,-17.4545,-35.114
23300.,19.45594,19.31563,40.12155,21.04638,40.42906,-17.45429,-35.11381
23310.,19.45617,19.31587,40.12174,21.04662,40.42924,-17.45409,-35.11362
23320.,19.45641,19.3161,40.12193,21.04685,40.42943,-17.45389,-35.11343
23330.,19.45664,19.31633,40.12211,21.04709,40.42961,-17.45369,-35.11324
23340.,19.45687,19.31657,40.1223,21.04732,40.4298,-17.45349,-35.11305
23350.,19.45711,19.3168,40.12248,21.04755,40.42998,-17.45329,-35.11286
23360.,19.45734,19.31703,40.12267,21.04779,40.43017,-17.45309,-35.11267
23370.,19.45757,19.31726,40.12285,21.04802,40.43035,-17.45289,-35.11249
23380.,19.4578,19.31749,40.12303,21.04825,40.43054,-17.45269,-35.1123
23390.,19.45803,19.31773,40.12322,21.04849,40.43072,-17.45249,-35.11211
23400.,19.45826,19.31796,40.1234,21.04872,40.4309,-17.45229,-35.11192
23410.,19.45849,19.31819,40.12359,21.04895,40.43109,-17.45209,-35.11173
23420.,19.45872,19.31842,40.12377,21.04918,40.43127,-17.45189,-35.11154
23430.,19.45895,19.31865,40.12395,21.04942,40.43145,-17.4517,-35.11136
23440.,19.45918,19.31888,40.12414,21.04965,40.43163,-17.4515,-35.11117
23450.,19.45941,19.31911,40.12432,21.04988,40.43182,-17.4513,-35.11098
23460.,19.45964,19.31934,40.1245,21.05011,40.432,-17.4511,-35.1108
23470.,19.45987,19.31957,40.12468,21.05034,40.43218,-17.4509,-35.11061
23480.,19.4601,19.3198,40.12486,21.05057,40.43236,-17.45071,-35.11042
23490.,19.46033,19.32002,40.12505,21.0508,40.43254,-17.45051,-35.11024
23500.,19.46056,19.32025,40.12523,21.05103,40.43272,-17.45031,-35.11005
23510.,19.46078,19.32048,40.12541,21.05126,40.43291,-17.45012,-35.10987
23520.,19.46101,19.32071,40.12559,21.05149,40.43309,-17.44992,-35.10968
23530.,19.46124,19.32094,40.12577,21.05172,40.43327,-17.44973,-35.1095
23540.,19.46146,19.32116,40.12595,21.05194,40.43345,-17.44953,-35.10931
23550.,19.46169,19.32139,40.12613,21.05217,40.43363,-17.44934,-35.10913
23560.,19.46192,19.32162,40.12631,21.0524,40.43381,-17.44914,-35.10894
23570.,19.46214,19.32184,40.12649,21.05263,40.43399,-17.44895,-35.10876
23580.,19.46237,19.32207,40.12667,21.05285,40.43417,-17.44875,-35.10857
23590.,19.46259,19.32229,40.12685,21.05308,40.43434,-17.44856,-35.10839
23600.,19.46282,19.32252,40.12703,21.05331,40.43452,-17.44836,-35.10821
23610.,19.46304,19.32274,40.12721,21.05353,40.4347,-17.44817,-35.10802
23620.,19.46327,19.32297,40.12738,21.05376,40.43488,-17.44798,-35.10784
23630.,19.46349,19.32319,40.12756,21.05398,40.43506,-17.44778,-35.10766
23640.,19.46371,19.32342,40.12774,21.05421,40.43524,-17.44759,-35.10748
23650.,19.46394,19.32364,40.12792,21.05443,40.43541,-17.4474,-35.10729
23660.,19.46416,19.32386,40.1281,21.05466,40.43559,-17.44721,-35.10711
23670.,19.46438,19.32409,40.12827,21.05488,40.43577,-17.44701,-35.10693
23680.,19.46461,19.32431,40.12845,21.05511,40.43594,-17.44682,-35.10675
23690.,19.46483,19.32453,40.12863,21.05533,40.43612,-17.44663,-35.10657
23700.,19.46505,19.32475,40.1288,21.05555,40.4363,-17.44644,-35.10639
23710.,19.46527,19.32497,40.12898,21.05578,40.43647,-17.44625,-35.10621
23720.,19.46549,19.3252,40.12916,21.056,40.43665,-17.44606,-35.10603
23730.,19.46571,19.32542,40.12933,21.05622,40.43682,-17.44587,-35.10585
23740.,19.46593,19.32564,40.12951,21.05645,40.437,-17.44568,-35.10567
23750.,19.46615,19.32586,40.12968,21.05667,40.43718,-17.44549,-35.10549
23760.,19.46637,19.32608,40.12986,21.05689,40.43735,-17.4453,-35.10531
23770.,19.46659,19.3263,40.13003,21.05711,40.43753,-17.44511,-35.10513
23780.,19.46681,19.32652,40.13021,21.05733,40.4377,-17.44492,-35.10495
23790.,19.46703,19.32674,40.13038,21.05755,40.43787,-17.44473,-35.10477
23800.,19.46725,19.32696,40.13056,21.05777,40.43805,-17.44454,-35.10459
23810.,19.46747,19.32718,40.13073,21.05799,40.43822,-17.44435,-35.10441
23820.,19.46769,19.3274,40.13091,21.05821,40.4384,-17.44416,-35.10423
23830.,19.46791,19.32761,40.13108,21.05843,40.43857,-17.44397,-35.10406
23840.,19.46813,19.32783,40.13125,21.05865,40.43874,-17.44379,-35.10388
23850.,19.46834,19.32805,40.13143,21.05887,40.43892,-17.4436,-35.1037
23860.,19.46856,19.32827,40.1316,21.05909,40.43909,-17.44341,-35.10352
23870.,19.46878,19.32849,40.13177,21.05931,40.43926,-17.44322,-35.10335
23880.,19.46899,19.3287,40.13194,21.05953,40.43943,-17.44304,-35.10317
23890.,19.46921,19.32892,40.13212,21.05975,40.4396,-17.44285,-35.10299
23900.,19.46943,19.32914,40.13229,21.05996,40.43978,-17.44266,-35.10282
23910.,19.46964,19.32935,40.13246,21.06018,40.43995,-17.44248,-35.10264
23920.,19.46986,19.32957,40.13263,21.0604,40.44012,-17.44229,-35.10247
23930.,19.47007,19.32978,40.1328,21.06061,40.44029,-17.44211,-35.10229
23940.,19.47029,19.33,40.13297,21.06083,40.44046,-17.44192,-35.10212
23950.,19.4705,19.33021,40.13315,21.06105,40.44063,-17.44174,-35.10194
23960.,19.47072,19.33043,40.13332,21.06126,40.4408,-17.44155,-35.10177
23970.,19.47093,19.33064,40.13349,21.06148,40.44097,-17.44137,-35.10159
23980.,19.47115,19.33086,40.13366,21.06169,40.44114,-17.44118,-35.10142
23990.,19.47136,19.33107,40.13383,21.06191,40.44131,-17.441,-35.10124
24000.,19.47157,19.33128,40.134,21.06212,40.44148,-17.44081,-35.10107
24010.,19.47179,19.3315,40.13417,21.06234,40.44165,-17.44063,-35.10089
24020.,19.472,19.33171,40.13434,21.06255,40.44182,-17.44045,-35.10072
24030.,19.47221,19.33192,40.1345,21.06277,40.44199,-17.44026,-35.10055
24040.,19.47242,19.33214,40.13467,21.06298,40.44216,-17.44008,-35.10038
24050.,19.47263,19.33235,40.13484,21.06319,40.44233,-17.4399,-35.1002
24060.,19.47285,19.33256,40.13501,21.06341,40.44249,-17.43971,-35.10003
24070.,19.47306,19.33277,40.13518,21.06362,40.44266,-17.43953,-35.09986
24080.,19.47327,19.33298,40.13535,21.06383,40.44283,-17.43935,-35.09969
24090.,19.47348,19.33319,40.13551,21.06405,40.443,-17.43917,-35.09951
24100.,19.47369,19.3334,40.13568,21.06426,40.44317,-17.43899,-35.09934
24110.,19.4739,19.33362,40.13585,21.06447,40.44333,-17.43881,-35.09917
24120.,19.47411,19.33383,40.13602,21.06468,40.4435,-17.43862,-35.099
24130.,19.47432,19.33404,40.13618,21.06489,40.44367,-17.43844,-35.09883
24140.,19.47453,19.33425,40.13635,21.0651,40.44383,-17.43826,-35.09866
24150.,19.47474,19.33445,40.13652,21.06531,40.444,-17.43808,-35.09849
24160.,19.47495,19.33466,40.13668,21.06552,40.44416,-17.4379,-35.09832
24170.,19.47516,19.33487,40.13685,21.06573,40.44433,-17.43772,-35.09815
24180.,19.47536,19.33508,40.13702,21.06594,40.4445,-17.43754,-35.09798
24190.,19.47557,19.33529,40.13718,21.06615,40.44466,-17.43736,-35.09781
24200.,19.47578,19.3355,40.13735,21.06636,40.44483,-17.43719,-35.09764
24210.,19.47599,19.33571,40.13751,21.06657,40.44499,-17.43701,-35.09747
24220.,19.47619,19.33591,40.13768,21.06678,40.44516,-17.43683,-35.0973
24230.,19.4764,19.33612,40.13784,21.06699,40.44532,-17.43665,-35.09713
24240.,19.47661,19.33633,40.13801,21.0672,40.44548,-17.43647,-35.09696
24250.,19.47681,19.33653,40.13817,21.0674,40.44565,-17.43629,-35.09679
24260.,19.47702,19.33674,40.13833,21.06761,40.44581,-17.43612,-35.09663
24270.,19.47723,19.33695,40.1385,21.06782,40.44598,-17.43594,-35.09646
24280.,19.47743,19.33715,40.13866,21.06803,40.44614,-17.43576,-35.09629
24290.,19.47764,19.33736,40.13882,21.06823,40.4463,-17.43558,-35.09612
24300.,19.47784,19.33756,40.13899,21.06844,40.44647,-17.43541,-35.09596
24310.,19.47805,19.33777,40.13915,21.06865,40.44663,-17.43523,-35.09579
24320.,19.47825,19.33797,40.13931,21.06885,40.44679,-17.43505,-35.09562
24330.,19.47846,19.33818,40.13948,21.06906,40.44695,-17.43488,-35.09546
24340.,19.47866,19.33838,40.13964,21.06926,40.44712,-17.4347,-35.09529
24350.,19.47886,19.33859,40.1398,21.06947,40.44728,-17.43453,-35.09512
24360.,19.47907,19.33879,40.13996,21.06967,40.44744,-17.43435,-35.09496
24370.,19.47927,19.33899,40.14012,21.06988,40.4476,-17.43418,-35.09479
24380.,19.47947,19.3392,40.14029,21.07008,40.44776,-17.434,-35.09463
24390.,19.47967,19.3394,40.14045,21.07029,40.44792,-17.43383,-35.09446
24400.,19.47988,19.3396,40.14061,21.07049,40.44808,-17.43365,-35.0943
24410.,19.48008,19.3398,40.14077,21.07069,40.44824,-17.43348,-35.09413
24420.,19.48028,19.34001,40.14093,21.0709,40.4484,-17.4333,-35.09397
24430.,19.48048,19.34021,40.14109,21.0711,40.44856,-17.43313,-35.0938
24440.,19.48068,19.34041,40.14125,21.0713,40.44872,-17.43296,-35.09364
24450.,19.48088,19.34061,40.14141,21.0715,40.44888,-17.43278,-35.09348
24460.,19.48109,19.34081,40.14157,21.07171,40.44904,-17.43261,-35.09331
24470.,19.48129,19.34101,40.14173,21.07191,40.4492,-17.43244,-35.09315
24480.,19.48149,19.34121,40.14189,21.07211,40.44936,-17.43226,-35.09299
24490.,19.48169,19.34141,40.14205,21.07231,40.44952,-17.43209,-35.09282
24500.,19.48189,19.34161,40.14221,21.07251,40.44968,-17.43192,-35.09266
24510.,19.48209,19.34181,40.14237,21.07271,40.44984,-17.43175,-35.0925
24520.,19.48228,19.34201,40.14252,21.07291,40.45,-17.43158,-35.09233
24530.,19.48248,19.34221,40.14268,21.07311,40.45015,-17.4314,-35.09217
24540.,19.48268,19.34241,40.14284,21.07331,40.45031,-17.43123,-35.09201
24550.,19.48288,19.34261,40.143,21.07351,40.45047,-17.43106,-35.09185
24560.,19.48308,19.34281,40.14316,21.07371,40.45063,-17.43089,-35.09169
24570.,19.48328,19.343,40.14331,21.07391,40.45079,-17.43072,-35.09153
24580.,19.48347,19.3432,40.14347,21.07411,40.45094,-17.43055,-35.09136
24590.,19.48367,19.3434,40.14363,21.07431,40.4511,-17.43038,-35.0912
24600.,19.48387,19.3436,40.14379,21.07451,40.45126,-17.43021,-35.09104
24610.,19.48406,19.34379,40.14394,21.07471,40.45141,-17.43004,-35.09088
24620.,19.48426,19.34399,40.1441,21.0749,40.45157,-17.42987,-35.09072
24630.,19.48446,19.34419,40.14425,21.0751,40.45172,-17.4297,-35.09056
24640.,19.48465,19.34438,40.14441,21.0753,40.45188,-17.42953,-35.0904
24650.,19.48485,19.34458,40.14457,21.0755,40.45204,-17.42936,-35.09024
24660.,19.48504,19.34478,40.14472,21.07569,40.45219,-17.42919,-35.09008
24670.,19.48524,19.34497,40.14488,21.07589,40.45235,-17.42903,-35.08992
24680.,19.48544,19.34517,40.14503,21.07609,40.4525,-17.42886,-35.08977
24690.,19.48563,19.34536,40.14519,21.07628,40.45266,-17.42869,-35.08961
24700.,19.48582,19.34556,40.14534,21.07648,40.45281,-17.42852,-35.08945
24710.,19.48602,19.34575,40.1455,21.07667,40.45297,-17.42835,-35.08929
24720.,19.48621,19.34594,40.14565,21.07687,40.45312,-17.42819,-35.08913
24730.,19.48641,19.34614,40.14581,21.07706,40.45327,-17.42802,-35.08897
24740.,19.4866,19.34633,40.14596,21.07726,40.45343,-17.42785,-35.08882
24750.,19.48679,19.34653,40.14611,21.07745,40.45358,-17.42769,-35.08866
24760.,19.48699,19.34672,40.14627,21.07765,40.45373,-17.42752,-35.0885
24770.,19.48718,19.34691,40.14642,21.07784,40.45389,-17.42735,-35.08834
24780.,19.48737,19.3471,40.14657,21.07804,40.45404,-17.42719,-35.08819
24790.,19.48756,19.3473,40.14673,21.07823,40.45419,-17.42702,-35.08803
24800.,19.48775,19.34749,40.14688,21.07842,40.45435,-17.42686,-35.08787
24810.,19.48795,19.34768,40.14703,21.07862,40.4545,-17.42669,-35.08772
24820.,19.48814,19.34787,40.14718,21.07881,40.45465,-17.42653,-35.08756
24830.,19.48833,19.34806,40.14734,21.079,40.4548,-17.42636,-35.08741
24840.,19.48852,19.34826,40.14749,21.07919,40.45495,-17.4262,-35.08725
24850.,19.48871,19.34845,40.14764,21.07939,40.45511,-17.42603,-35.08709
24860.,19.4889,19.34864,40.14779,21.07958,40.45526,-17.42587,-35.08694
24870.,19.48909,19.34883,40.14794,21.07977,40.45541,-17.4257,-35.08678
24880.,19.48928,19.34902,40.14809,21.07996,40.45556,-17.42554,-35.08663
24890.,19.48947,19.34921,40.14825,21.08015,40.45571,-17.42538,-35.08647
24900.,19.48966,19.3494,40.1484,21.08034,40.45586,-17.42521,-35.08632
24910.,19.48985,19.34959,40.14855,21.08053,40.45601,-17.42505,-35.08617
24920.,19.49004,19.34978,40.1487,21.08072,40.45616,-17.42489,-35.08601
24930.,19.49023,19.34996,40.14885,21.08091,40.45631,-17.42473,-35.08586
24940.,19.49042,19.35015,40.149,21.0811,40.45646,-17.42456,-35.0857
24950.,19.4906,19.35034,40.14915,21.08129,40.45661,-17.4244,-35.08555
24960.,19.49079,19.35053,40.1493,21.08148,40.45676,-17.42424,-35.0854
24970.,19.49098,19.35072,40.14945,21.08167,40.45691,-17.42408,-35.08524
24980.,19.49117,19.35091,40.1496,21.08186,40.45706,-17.42392,-35.08509
24990.,19.49135,19.35109,40.14974,21.08205,40.45721,-17.42375,-35.08494
25000.,19.49154,19.35128,40.14989,21.08224,40.45736,-17.42359,-35.08479
25010.,19.49173,19.35147,40.15004,21.08242,40.4575,-17.42343,-35.08463
25020.,19.49191,19.35165,40.15019,21.08261,40.45765,-17.42327,-35.08448
25030.,19.4921,19.35184,40.15034,21.0828,40.4578,-17.42311,-35.08433
25040.,19.49229,19.35203,40.15049,21.08299,40.45795,-17.42295,-35.08418
25050.,19.49247,19.35221,40.15063,21.08317,40.4581,-17.42279,-35.08403
25060.,19.49266,19.3524,40.15078,21.08336,40.45824,-17.42263,-35.08388
25070.,19.49284,19.35258,40.15093,21.08355,40.45839,-17.42247,-35.08373
25080.,19.49303,19.35277,40.15108,21.08373,40.45854,-17.42231,-35.08357
25090.,19.49321,19.35295,40.15122,21.08392,40.45868,-17.42215,-35.08342
25100.,19.4934,19.35314,40.15137,21.08411,40.45883,-17.42199,-35.08327
25110.,19.49358,19.35332,40.15152,21.08429,40.45898,-17.42183,-35.08312
25120.,19.49376,19.35351,40.15166,21.08448,40.45912,-17.42167,-35.08297
25130.,19.49395,19.35369,40.15181,21.08466,40.45927,-17.42152,-35.08282
25140.,19.49413,19.35388,40.15196,21.08485,40.45941,-17.42136,-35.08267
25150.,19.49432,19.35406,40.1521,21.08503,40.45956,-17.4212,-35.08252
25160.,19.4945,19.35424,40.15225,21.08521,40.45971,-17.42104,-35.08238
25170.,19.49468,19.35442,40.15239,21.0854,40.45985,-17.42088,-35.08223
25180.,19.49486,19.35461,40.15254,21.08558,40.46,-17.42073,-35.08208
25190.,19.49505,19.35479,40.15268,21.08577,40.46014,-17.42057,-35.08193
25200.,19.49523,19.35497,40.15283,21.08595,40.46029,-17.42041,-35.08178
25210.,19.49541,19.35515,40.15297,21.08613,40.46043,-17.42026,-35.08163
25220.,19.49559,19.35534,40.15312,21.08632,40.46057,-17.4201,-35.08148
25230.,19.49577,19.35552,40.15326,21.0865,40.46072,-17.41994,-35.08134
25240.,19.49595,19.3557,40.15341,21.08668,40.46086,-17.41979,-35.08119
25250.,19.49613,19.35588,40.15355,21.08686,40.46101,-17.41963,-35.08104
25260.,19.49632,19.35606,40.15369,21.08704,40.46115,-17.41948,-35.08089
25270.,19.4965,19.35624,40.15384,21.08723,40.46129,-17.41932,-35.08075
25280.,19.49668,19.35642,40.15398,21.08741,40.46144,-17.41916,-35.0806
25290.,19.49686,19.3566,40.15412,21.08759,40.46158,-17.41901,-35.08045
25300.,19.49704,19.35678,40.15427,21.08777,40.46172,-17.41885,-35.08031
25310.,19.49721,19.35696,40.15441,21.08795,40.46187,-17.4187,-35.08016
25320.,19.49739,19.35714,40.15455,21.08813,40.46201,-17.41854,-35.08001
25330.,19.49757,19.35732,40.1547,21.08831,40.46215,-17.41839,-35.07987
25340.,19.49775,19.3575,40.15484,21.08849,40.46229,-17.41824,-35.07972
25350.,19.49793,19.35768,40.15498,21.08867,40.46243,-17.41808,-35.07958
25360.,19.49811,19.35786,40.15512,21.08885,40.46258,-17.41793,-35.07943
25370.,19.49829,19.35804,40.15526,21.08903,40.46272,-17.41778,-35.07929
25380.,19.49846,19.35821,40.1554,21.08921,40.46286,-17.41762,-35.07914
25390.,19.49864,19.35839,40.15555,21.08939,40.463,-17.41747,-35.079
25400.,19.49882,19.35857,40.15569,21.08957,40.46314,-17.41732,-35.07885
25410.,19.499,19.35875,40.15583,21.08974,40.46328,-17.41716,-35.07871
25420.,19.49917,19.35892,40.15597,21.08992,40.46342,-17.41701,-35.07856
25430.,19.49935,19.3591,40.15611,21.0901,40.46356,-17.41686,-35.07842
25440.,19.49953,19.35928,40.15625,21.09028,40.4637,-17.41671,-35.07828
25450.,19.4997,19.35945,40.15639,21.09046,40.46384,-17.41655,-35.07813
25460.,19.49988,19.35963,40.15653,21.09063,40.46398,-17.4164,-35.07799
25470.,19.50005,19.3598,40.15667,21.09081,40.46412,-17.41625,-35.07785
25480.,19.50023,19.35998,40.15681,21.09099,40.46426,-17.4161,-35.0777
25490.,19.5004,19.36016,40.15695,21.09116,40.4644,-17.41595,-35.07756
25500.,19.50058,19.36033,40.15709,21.09134,40.46454,-17.4158,-35.07742
25510.,19.50075,19.36051,40.15723,21.09152,40.46468,-17.41565,-35.07727
25520.,19.50093,19.36068,40.15737,21.09169,40.46482,-17.4155,-35.07713
25530.,19.5011,19.36086,40.15751,21.09187,40.46496,-17.41535,-35.07699
25540.,19.50128,19.36103,40.15764,21.09204,40.46509,-17.4152,-35.07685
25550.,19.50145,19.3612,40.15778,21.09222,40.46523,-17.41505,-35.07671
25560.,19.50162,19.36138,40.15792,21.09239,40.46537,-17.4149,-35.07657
25570.,19.5018,19.36155,40.15806,21.09257,40.46551,-17.41475,-35.07642
25580.,19.50197,19.36172,40.1582,21.09274,40.46565,-17.4146,-35.07628
25590.,19.50214,19.3619,40.15833,21.09292,40.46578,-17.41445,-35.07614
25600.,19.50232,19.36207,40.15847,21.09309,40.46592,-17.4143,-35.076
25610.,19.50249,19.36224,40.15861,21.09326,40.46606,-17.41415,-35.07586
25620.,19.50266,19.36242,40.15875,21.09344,40.4662,-17.414,-35.07572
25630.,19.50283,19.36259,40.15888,21.09361,40.46633,-17.41385,-35.07558
25640.,19.503,19.36276,40.15902,21.09378,40.46647,-17.41371,-35.07544
25650.,19.50318,19.36293,40.15916,21.09396,40.4666,-17.41356,-35.0753
25660.,19.50335,19.3631,40.15929,21.09413,40.46674,-17.41341,-35.07516
25670.,19.50352,19.36327,40.15943,21.0943,40.46688,-17.41326,-35.07502
25680.,19.50369,19.36345,40.15957,21.09447,40.46701,-17.41312,-35.07488
25690.,19.50386,19.36362,40.1597,21.09464,40.46715,-17.41297,-35.07474
25700.,19.50403,19.36379,40.15984,21.09482,40.46728,-17.41282,-35.0746
25710.,19.5042,19.36396,40.15997,21.09499,40.46742,-17.41267,-35.07446
25720.,19.50437,19.36413,40.16011,21.09516,40.46755,-17.41253,-35.07433
25730.,19.50454,19.3643,40.16024,21.09533,40.46769,-17.41238,-35.07419
25740.,19.50471,19.36447,40.16038,21.0955,40.46782,-17.41224,-35.07405
25750.,19.50488,19.36464,40.16051,21.09567,40.46796,-17.41209,-35.07391
25760.,19.50505,19.36481,40.16065,21.09584,40.46809,-17.41194,-35.07377
25770.,19.50522,19.36498,40.16078,21.09601,40.46823,-17.4118,-35.07364
25780.,19.50539,19.36514,40.16092,21.09618,40.46836,-17.41165,-35.0735
25790.,19.50555,19.36531,40.16105,21.09635,40.4685,-17.41151,-35.07336
25800.,19.50572,19.36548,40.16118,21.09652,40.46863,-17.41136,-35.07322
25810.,19.50589,19.36565,40.16132,21.09669,40.46876,-17.41122,-35.07309
25820.,19.50606,19.36582,40.16145,21.09686,40.4689,-17.41107,-35.07295
25830.,19.50623,19.36599,40.16158,21.09703,40.46903,-17.41093,-35.07281
25840.,19.50639,19.36615,40.16172,21.0972,40.46916,-17.41078,-35.07268
25850.,19.50656,19.36632,40.16185,21.09736,40.4693,-17.41064,-35.07254
25860.,19.50673,19.36649,40.16198,21.09753,40.46943,-17.4105,-35.0724
25870.,19.50689,19.36665,40.16212,21.0977,40.46956,-17.41035,-35.07227
25880.,19.50706,19.36682,40.16225,21.09787,40.46969,-17.41021,-35.07213
25890.,19.50723,19.36699,40.16238,21.09803,40.46982,-17.41007,-35.072
25900.,19.50739,19.36715,40.16251,21.0982,40.46996,-17.40992,-35.07186
25910.,19.50756,19.36732,40.16265,21.09837,40.47009,-17.40978,-35.07173
25920.,19.50772,19.36749,40.16278,21.09854,40.47022,-17.40964,-35.07159
25930.,19.50789,19.36765,40.16291,21.0987,40.47035,-17.40949,-35.07146
25940.,19.50805,19.36782,40.16304,21.09887,40.47048,-17.40935,-35.07132
25950.,19.50822,19.36798,40.16317,21.09903,40.47061,-17.40921,-35.07119
25960.,19.50838,19.36815,40.1633,21.0992,40.47074,-17.40907,-35.07105
25970.,19.50855,19.36831,40.16343,21.09937,40.47088,-17.40893,-35.07092
25980.,19.50871,19.36848,40.16356,21.09953,40.47101,-17.40878,-35.07079
25990.,19.50888,19.36864,40.16369,21.0997,40.47114,-17.40864,-35.07065
26000.,19.50904,19.3688,40.16383,21.09986,40.47127,-17.4085,-35.07052
26010.,19.5092,19.36897,40.16396,21.10003,40.4714,-17.40836,-35.07038
26020.,19.50937,19.36913,40.16409,21.10019,40.47153,-17.40822,-35.07025
26030.,19.50953,19.36929,40.16422,21.10035,40.47166,-17.40808,-35.07012
26040.,19.50969,19.36946,40.16435,21.10052,40.47179,-17.40794,-35.06999
26050.,19.50986,19.36962,40.16447,21.10068,40.47192,-17.4078,-35.06985
26060.,19.51002,19.36978,40.1646,21.10085,40.47204,-17.40766,-35.06972
26070.,19.51018,19.36995,40.16473,21.10101,40.47217,-17.40752,-35.06959
26080.,19.51034,19.37011,40.16486,21.10117,40.4723,-17.40738,-35.06946
26090.,19.51051,19.37027,40.16499,21.10134,40.47243,-17.40724,-35.06932
26100.,19.51067,19.37043,40.16512,21.1015,40.47256,-17.4071,-35.06919
26110.,19.51083,19.37059,40.16525,21.10166,40.47269,-17.40696,-35.06906
26120.,19.51099,19.37076,40.16538,21.10182,40.47282,-17.40682,-35.06893
26130.,19.51115,19.37092,40.1655,21.10199,40.47294,-17.40668,-35.0688
26140.,19.51131,19.37108,40.16563,21.10215,40.47307,-17.40654,-35.06867
26150.,19.51147,19.37124,40.16576,21.10231,40.4732,-17.4064,-35.06854
26160.,19.51163,19.3714,40.16589,21.10247,40.47333,-17.40627,-35.06841
26170.,19.51179,19.37156,40.16602,21.10263,40.47345,-17.40613,-35.06827
26180.,19.51195,19.37172,40.16614,21.10279,40.47358,-17.40599,-35.06814
26190.,19.51211,19.37188,40.16627,21.10295,40.47371,-17.40585,-35.06801
26200.,19.51227,19.37204,40.1664,21.10312,40.47384,-17.40571,-35.06788
26210.,19.51243,19.3722,40.16652,21.10328,40.47396,-17.40558,-35.06775
26220.,19.51259,19.37236,40.16665,21.10344,40.47409,-17.40544,-35.06762
26230.,19.51275,19.37252,40.16678,21.1036,40.47421,-17.4053,-35.06749
26240.,19.51291,19.37268,40.1669,21.10376,40.47434,-17.40517,-35.06737
26250.,19.51307,19.37284,40.16703,21.10392,40.47447,-17.40503,-35.06724
26260.,19.51322,19.37299,40.16716,21.10408,40.47459,-17.40489,-35.06711
26270.,19.51338,19.37315,40.16728,21.10423,40.47472,-17.40476,-35.06698
26280.,19.51354,19.37331,40.16741,21.10439,40.47484,-17.40462,-35.06685
26290.,19.5137,19.37347,40.16753,21.10455,40.47497,-17.40448,-35.06672
26300.,19.51386,19.37363,40.16766,21.10471,40.47509,-17.40435,-35.06659
26310.,19.51401,19.37378,40.16778,21.10487,40.47522,-17.40421,-35.06646
26320.,19.51417,19.37394,40.16791,21.10503,40.47534,-17.40408,-35.06634
26330.,19.51433,19.3741,40.16803,21.10519,40.47547,-17.40394,-35.06621
26340.,19.51448,19.37425,40.16816,21.10534,40.47559,-17.40381,-35.06608
26350.,19.51464,19.37441,40.16828,21.1055,40.47572,-17.40367,-35.06595
26360.,19.5148,19.37457,40.16841,21.10566,40.47584,-17.40354,-35.06583
26370.,19.51495,19.37472,40.16853,21.10581,40.47597,-17.4034,-35.0657
26380.,19.51511,19.37488,40.16866,21.10597,40.47609,-17.40327,-35.06557
26390.,19.51526,19.37504,40.16878,21.10613,40.47621,-17.40313,-35.06544
26400.,19.51542,19.37519,40.1689,21.10629,40.47634,-17.403,-35.06532
26410.,19.51557,19.37535,40.16903,21.10644,40.47646,-17.40287,-35.06519
26420.,19.51573,19.3755,40.16915,21.1066,40.47658,-17.40273,-35.06506
26430.,19.51588,19.37566,40.16927,21.10675,40.47671,-17.4026,-35.06494
26440.,19.51604,19.37581,40.1694,21.10691,40.47683,-17.40247,-35.06481
26450.,19.51619,19.37597,40.16952,21.10706,40.47695,-17.40233,-35.06469
26460.,19.51635,19.37612,40.16964,21.10722,40.47707,-17.4022,-35.06456
26470.,19.5165,19.37627,40.16976,21.10737,40.4772,-17.40207,-35.06444
26480.,19.51665,19.37643,40.16989,21.10753,40.47732,-17.40193,-35.06431
26490.,19.51681,19.37658,40.17001,21.10768,40.47744,-17.4018,-35.06418
26500.,19.51696,19.37674,40.17013,21.10784,40.47756,-17.40167,-35.06406
26510.,19.51711,19.37689,40.17025,21.10799,40.47769,-17.40154,-35.06394
26520.,19.51727,19.37704,40.17037,21.10815,40.47781,-17.40141,-35.06381
26530.,19.51742,19.3772,40.1705,21.1083,40.47793,-17.40127,-35.06369
26540.,19.51757,19.37735,40.17062,21.10845,40.47805,-17.40114,-35.06356
26550.,19.51773,19.3775,40.17074,21.10861,40.47817,-17.40101,-35.06344
26560.,19.51788,19.37765,40.17086,21.10876,40.47829,-17.40088,-35.06331
26570.,19.51803,19.3778,40.17098,21.10891,40.47841,-17.40075,-35.06319
26580.,19.51818,19.37796,40.1711,21.10907,40.47853,-17.40062,-35.06307
26590.,19.51833,19.37811,40.17122,21.10922,40.47865,-17.40049,-35.06294
26600.,19.51848,19.37826,40.17134,21.10937,40.47877,-17.40036,-35.06282
26610.,19.51863,19.37841,40.17146,21.10952,40.47889,-17.40023,-35.0627
26620.,19.51879,19.37856,40.17158,21.10968,40.47901,-17.4001,-35.06257
26630.,19.51894,19.37871,40.1717,21.10983,40.47913,-17.39997,-35.06245
26640.,19.51909,19.37886,40.17182,21.10998,40.47925,-17.39984,-35.06233
26650.,19.51924,19.37901,40.17194,21.11013,40.47937,-17.39971,-35.0622
26660.,19.51939,19.37917,40.17206,21.11028,40.47949,-17.39958,-35.06208
26670.,19.51954,19.37932,40.17218,21.11043,40.47961,-17.39945,-35.06196
26680.,19.51969,19.37947,40.1723,21.11058,40.47973,-17.39932,-35.06184
26690.,19.51984,19.37962,40.17242,21.11073,40.47985,-17.39919,-35.06172
26700.,19.51999,19.37976,40.17254,21.11089,40.47997,-17.39906,-35.06159
26710.,19.52014,19.37991,40.17266,21.11104,40.48009,-17.39893,-35.06147
26720.,19.52028,19.38006,40.17278,21.11119,40.48021,-17.3988,-35.06135
26730.,19.52043,19.38021,40.1729,21.11134,40.48032,-17.39868,-35.06123
26740.,19.52058,19.38036,40.17301,21.11148,40.48044,-17.39855,-35.06111
26750.,19.52073,19.38051,40.17313,21.11163,40.48056,-17.39842,-35.06099
26760.,19.52088,19.38066,40.17325,21.11178,40.48068,-17.39829,-35.06087
26770.,19.52103,19.38081,40.17337,21.11193,40.4808,-17.39816,-35.06075
26780.,19.52117,19.38095,40.17349,21.11208,40.48091,-17.39804,-35.06063
26790.,19.52132,19.3811,40.1736,21.11223,40.48103,-17.39791,-35.0605
26800.,19.52147,19.38125,40.17372,21.11238,40.48115,-17.39778,-35.06038
26810.,19.52162,19.3814,40.17384,21.11253,40.48126,-17.39766,-35.06026
26820.,19.52176,19.38154,40.17395,21.11267,40.48138,-17.39753,-35.06014
26830.,19.52191,19.38169,40.17407,21.11282,40.4815,-17.3974,-35.06003
26840.,19.52206,19.38184,40.17419,21.11297,40.48161,-17.39728,-35.05991
26850.,19.5222,19.38198,40.1743,21.11312,40.48173,-17.39715,-35.05979
26860.,19.52235,19.38213,40.17442,21.11327,40.48185,-17.39702,-35.05967
26870.,19.5225,19.38228,40.17454,21.11341,40.48196,-17.3969,-35.05955
26880.,19.52264,19.38242,40.17465,21.11356,40.48208,-17.39677,-35.05943
26890.,19.52279,19.38257,40.17477,21.11371,40.48219,-17.39665,-35.05931
26900.,19.52293,19.38271,40.17489,21.11385,40.48231,-17.39652,-35.05919
26910.,19.52308,19.38286,40.175,21.114,40.48243,-17.3964,-35.05907
26920.,19.52322,19.38301,40.17512,21.11414,40.48254,-17.39627,-35.05895
26930.,19.52337,19.38315,40.17523,21.11429,40.48266,-17.39615,-35.05884
26940.,19.52351,19.3833,40.17535,21.11444,40.48277,-17.39602,-35.05872
26950.,19.52366,19.38344,40.17546,21.11458,40.48289,-17.3959,-35.0586
26960.,19.5238,19.38358,40.17558,21.11473,40.483,-17.39577,-35.05848
26970.,19.52395,19.38373,40.17569,21.11487,40.48312,-17.39565,-35.05837
26980.,19.52409,19.38387,40.17581,21.11502,40.48323,-17.39552,-35.05825
26990.,19.52423,19.38402,40.17592,21.11516,40.48334,-17.3954,-35.05813
27000.,19.52438,19.38416,40.17603,21.11531,40.48346,-17.39528,-35.05801
27010.,19.52452,19.3843,40.17615,21.11545,40.48357,-17.39515,-35.0579
27020.,19.52466,19.38445,40.17626,21.1156,40.48369,-17.39503,-35.05778
27030.,19.52481,19.38459,40.17638,21.11574,40.4838,-17.3949,-35.05766
27040.,19.52495,19.38473,40.17649,21.11588,40.48391,-17.39478,-35.05755
27050.,19.52509,19.38488,40.1766,21.11603,40.48403,-17.39466,-35.05743
27060.,19.52523,19.38502,40.17672,21.11617,40.48414,-17.39454,-35.05731
27070.,19.52538,19.38516,40.17683,21.11631,40.48425,-17.39441,-35.0572
27080.,19.52552,19.3853,40.17694,21.11646,40.48437,-17.39429,-35.05708
27090.,19.52566,19.38545,40.17706,21.1166,40.48448,-17.39417,-35.05697
27100.,19.5258,19.38559,40.17717,21.11674,40.48459,-17.39405,-35.05685
27110.,19.52594,19.38573,40.17728,21.11688,40.4847,-17.39392,-35.05674
27120.,19.52608,19.38587,40.17739,21.11703,40.48482,-17.3938,-35.05662
27130.,19.52623,19.38601,40.17751,21.11717,40.48493,-17.39368,-35.05651
27140.,19.52637,19.38615,40.17762,21.11731,40.48504,-17.39356,-35.05639
27150.,19.52651,19.38629,40.17773,21.11745,40.48515,-17.39344,-35.05628
27160.,19.52665,19.38644,40.17784,21.11759,40.48526,-17.39332,-35.05616
27170.,19.52679,19.38658,40.17795,21.11774,40.48538,-17.3932,-35.05605
27180.,19.52693,19.38672,40.17807,21.11788,40.48549,-17.39307,-35.05593
27190.,19.52707,19.38686,40.17818,21.11802,40.4856,-17.39295,-35.05582
27200.,19.52721,19.387,40.17829,21.11816,40.48571,-17.39283,-35.05571
27210.,19.52735,19.38714,40.1784,21.1183,40.48582,-17.39271,-35.05559
27220.,19.52749,19.38728,40.17851,21.11844,40.48593,-17.39259,-35.05548
27230.,19.52763,19.38742,40.17862,21.11858,40.48604,-17.39247,-35.05536
27240.,19.52777,19.38755,40.17873,21.11872,40.48615,-17.39235,-35.05525
27250.,19.5279,19.38769,40.17884,21.11886,40.48626,-17.39223,-35.05514
27260.,19.52804,19.38783,40.17895,21.119,40.48637,-17.39211,-35.05502
27270.,19.52818,19.38797,40.17906,21.11914,40.48648,-17.39199,-35.05491
27280.,19.52832,19.38811,40.17917,21.11928,40.48659,-17.39187,-35.0548
27290.,19.52846,19.38825,40.17928,21.11942,40.4867,-17.39176,-35.05469
27300.,19.5286,19.38839,40.17939,21.11956,40.48681,-17.39164,-35.05457
27310.,19.52873,19.38852,40.1795,21.1197,40.48692,-17.39152,-35.05446
27320.,19.52887,19.38866,40.17961,21.11983,40.48703,-17.3914,-35.05435
27330.,19.52901,19.3888,40.17972,21.11997,40.48714,-17.39128,-35.05424
27340.,19.52915,19.38894,40.17983,21.12011,40.48725,-17.39116,-35.05412
27350.,19.52928,19.38907,40.17994,21.12025,40.48736,-17.39104,-35.05401
27360.,19.52942,19.38921,40.18005,21.12039,40.48747,-17.39093,-35.0539
27370.,19.52956,19.38935,40.18016,21.12052,40.48758,-17.39081,-35.05379
27380.,19.52969,19.38949,40.18027,21.12066,40.48769,-17.39069,-35.05368
27390.,19.52983,19.38962,40.18038,21.1208,40.48779,-17.39057,-35.05357
27400.,19.52997,19.38976,40.18049,21.12094,40.4879,-17.39045,-35.05346
27410.,19.5301,19.38989,40.18059,21.12107,40.48801,-17.39034,-35.05335
27420.,19.53024,19.39003,40.1807,21.12121,40.48812,-17.39022,-35.05323
27430.,19.53037,19.39017,40.18081,21.12135,40.48823,-17.3901,-35.05312
27440.,19.53051,19.3903,40.18092,21.12148,40.48833,-17.38999,-35.05301
27450.,19.53064,19.39044,40.18103,21.12162,40.48844,-17.38987,-35.0529
27460.,19.53078,19.39057,40.18113,21.12176,40.48855,-17.38975,-35.05279
27470.,19.53091,19.39071,40.18124,21.12189,40.48866,-17.38964,-35.05268
27480.,19.53105,19.39084,40.18135,21.12203,40.48876,-17.38952,-35.05257
27490.,19.53118,19.39098,40.18145,21.12216,40.48887,-17.3894,-35.05246
27500.,19.53132,19.39111,40.18156,21.1223,40.48898,-17.38929,-35.05235
27510.,19.53145,19.39125,40.18167,21.12243,40.48908,-17.38917,-35.05224
27520.,19.53159,19.39138,40.18178,21.12257,40.48919,-17.38906,-35.05214
27530.,19.53172,19.39151,40.18188,21.1227,40.4893,-17.38894,-35.05203
27540.,19.53185,19.39165,40.18199,21.12284,40.4894,-17.38883,-35.05192
27550.,19.53199,19.39178,40.18209,21.12297,40.48951,-17.38871,-35.05181
27560.,19.53212,19.39192,40.1822,21.12311,40.48962,-17.3886,-35.0517
27570.,19.53225,19.39205,40.18231,21.12324,40.48972,-17.38848,-35.05159
27580.,19.53239,19.39218,40.18241,21.12337,40.48983,-17.38837,-35.05148
27590.,19.53252,19.39231,40.18252,21.12351,40.48993,-17.38825,-35.05137
27600.,19.53265,19.39245,40.18262,21.12364,40.49004,-17.38814,-35.05127
27610.,19.53278,19.39258,40.18273,21.12377,40.49014,-17.38802,-35.05116
27620.,19.53292,19.39271,40.18283,21.12391,40.49025,-17.38791,-35.05105
27630.,19.53305,19.39284,40.18294,21.12404,40.49035,-17.3878,-35.05094
27640.,19.53318,19.39298,40.18304,21.12417,40.49046,-17.38768,-35.05084
27650.,19.53331,19.39311,40.18315,21.12431,40.49056,-17.38757,-35.05073
27660.,19.53344,19.39324,40.18325,21.12444,40.49067,-17.38746,-35.05062
27670.,19.53358,19.39337,40.18336,21.12457,40.49077,-17.38734,-35.05051
27680.,19.53371,19.3935,40.18346,21.1247,40.49088,-17.38723,-35.05041
27690.,19.53384,19.39363,40.18357,21.12484,40.49098,-17.38712,-35.0503
27700.,19.53397,19.39377,40.18367,21.12497,40.49108,-17.387,-35.05019
27710.,19.5341,19.3939,40.18378,21.1251,40.49119,-17.38689,-35.05009
27720.,19.53423,19.39403,40.18388,21.12523,40.49129,-17.38678,-35.04998
27730.,19.53436,19.39416,40.18398,21.12536,40.4914,-17.38667,-35.04987
27740.,19.53449,19.39429,40.18409,21.12549,40.4915,-17.38655,-35.04977
27750.,19.53462,19.39442,40.18419,21.12562,40.4916,-17.38644,-35.04966
27760.,19.53475,19.39455,40.18429,21.12575,40.49171,-17.38633,-35.04956
27770.,19.53488,19.39468,40.1844,21.12589,40.49181,-17.38622,-35.04945
27780.,19.53501,19.39481,40.1845,21.12602,40.49191,-17.38611,-35.04934
27790.,19.53514,19.39494,40.1846,21.12615,40.49201,-17.38599,-35.04924
27800.,19.53527,19.39507,40.18471,21.12628,40.49212,-17.38588,-35.04913
27810.,19.5354,19.3952,40.18481,21.12641,40.49222,-17.38577,-35.04903
27820.,19.53553,19.39533,40.18491,21.12654,40.49232,-17.38566,-35.04892
27830.,19.53565,19.39545,40.18501,21.12667,40.49242,-17.38555,-35.04882
27840.,19.53578,19.39558,40.18512,21.12679,40.49253,-17.38544,-35.04871
27850.,19.53591,19.39571,40.18522,21.12692,40.49263,-17.38533,-35.04861
27860.,19.53604,19.39584,40.18532,21.12705,40.49273,-17.38522,-35.0485
27870.,19.53617,19.39597,40.18542,21.12718,40.49283,-17.38511,-35.0484
27880.,19.5363,19.3961,40.18552,21.12731,40.49293,-17.385,-35.0483
27890.,19.53642,19.39622,40.18563,21.12744,40.49304,-17.38489,-35.04819
27900.,19.53655,19.39635,40.18573,21.12757,40.49314,-17.38478,-35.04809
27910.,19.53668,19.39648,40.18583,21.1277,40.49324,-17.38467,-35.04798
27920.,19.5368,19.39661,40.18593,21.12782,40.49334,-17.38456,-35.04788
27930.,19.53693,19.39673,40.18603,21.12795,40.49344,-17.38445,-35.04778
27940.,19.53706,19.39686,40.18613,21.12808,40.49354,-17.38434,-35.04767
27950.,19.53718,19.39699,40.18623,21.12821,40.49364,-17.38423,-35.04757
27960.,19.53731,19.39711,40.18633,21.12833,40.49374,-17.38412,-35.04747
27970.,19.53744,19.39724,40.18643,21.12846,40.49384,-17.38401,-35.04736
27980.,19.53756,19.39737,40.18653,21.12859,40.49394,-17.3839,-35.04726
27990.,19.53769,19.39749,40.18663,21.12872,40.49404,-17.38379,-35.04716
28000.,19.53782,19.39762,40.18674,21.12884,40.49414,-17.38369,-35.04706
28010.,19.53794,19.39774,40.18684,21.12897,40.49424,-17.38358,-35.04695
28020.,19.53807,19.39787,40.18694,21.1291,40.49434,-17.38347,-35.04685
28030.,19.53819,19.398,40.18703,21.12922,40.49444,-17.38336,-35.04675
28040.,19.53832,19.39812,40.18713,21.12935,40.49454,-17.38325,-35.04665
28050.,19.53844,19.39825,40.18723,21.12947,40.49464,-17.38314,-35.04655
28060.,19.53857,19.39837,40.18733,21.1296,40.49474,-17.38304,-35.04644
28070.,19.53869,19.3985,40.18743,21.12972,40.49484,-17.38293,-35.04634
28080.,19.53882,19.39862,40.18753,21.12985,40.49494,-17.38282,-35.04624
28090.,19.53894,19.39874,40.18763,21.12998,40.49504,-17.38272,-35.04614
28100.,19.53906,19.39887,40.18773,21.1301,40.49514,-17.38261,-35.04604
28110.,19.53919,19.39899,40.18783,21.13023,40.49523,-17.3825,-35.04594
28120.,19.53931,19.39912,40.18793,21.13035,40.49533,-17.38239,-35.04584
28130.,19.53944,19.39924,40.18803,21.13047,40.49543,-17.38229,-35.04573
28140.,19.53956,19.39936,40.18812,21.1306,40.49553,-17.38218,-35.04563
28150.,19.53968,19.39949,40.18822,21.13072,40.49563,-17.38207,-35.04553
28160.,19.53981,19.39961,40.18832,21.13085,40.49573,-17.38197,-35.04543
28170.,19.53993,19.39973,40.18842,21.13097,40.49582,-17.38186,-35.04533
28180.,19.54005,19.39986,40.18852,21.13109,40.49592,-17.38176,-35.04523
28190.,19.54017,19.39998,40.18861,21.13122,40.49602,-17.38165,-35.04513
28200.,19.5403,19.4001,40.18871,21.13134,40.49612,-17.38155,-35.04503
28210.,19.54042,19.40023,40.18881,21.13146,40.49621,-17.38144,-35.04493
28220.,19.54054,19.40035,40.18891,21.13159,40.49631,-17.38133,-35.04483
28230.,19.54066,19.40047,40.189,21.13171,40.49641,-17.38123,-35.04473
28240.,19.54079,19.40059,40.1891,21.13183,40.4965,-17.38112,-35.04463
28250.,19.54091,19.40071,40.1892,21.13196,40.4966,-17.38102,-35.04454
28260.,19.54103,19.40084,40.18929,21.13208,40.4967,-17.38091,-35.04444
28270.,19.54115,19.40096,40.18939,21.1322,40.49679,-17.38081,-35.04434
28280.,19.54127,19.40108,40.18949,21.13232,40.49689,-17.3807,-35.04424
28290.,19.54139,19.4012,40.18958,21.13244,40.49699,-17.3806,-35.04414
28300.,19.54151,19.40132,40.18968,21.13257,40.49708,-17.3805,-35.04404
28310.,19.54163,19.40144,40.18978,21.13269,40.49718,-17.38039,-35.04394
28320.,19.54175,19.40156,40.18987,21.13281,40.49728,-17.38029,-35.04384
28330.,19.54188,19.40168,40.18997,21.13293,40.49737,-17.38018,-35.04375
28340.,19.542,19.4018,40.19006,21.13305,40.49747,-17.38008,-35.04365
28350.,19.54212,19.40192,40.19016,21.13317,40.49756,-17.37998,-35.04355
28360.,19.54224,19.40204,40.19025,21.13329,40.49766,-17.37987,-35.04345
28370.,19.54236,19.40216,40.19035,21.13341,40.49775,-17.37977,-35.04335
28380.,19.54248,19.40228,40.19045,21.13354,40.49785,-17.37967,-35.04326
28390.,19.54259,19.4024,40.19054,21.13366,40.49794,-17.37956,-35.04316
28400.,19.54271,19.40252,40.19064,21.13378,40.49804,-17.37946,-35.04306
28410.,19.54283,19.40264,40.19073,21.1339,40.49813,-17.37936,-35.04297
28420.,19.54295,19.40276,40.19082,21.13402,40.49823,-17.37926,-35.04287
28430.,19.54307,19.40288,40.19092,21.13414,40.49832,-17.37915,-35.04277
28440.,19.54319,19.403,40.19101,21.13425,40.49842,-17.37905,-35.04267
28450.,19.54331,19.40312,40.19111,21.13437,40.49851,-17.37895,-35.04258
28460.,19.54343,19.40324,40.1912,21.13449,40.4986,-17.37885,-35.04248
28470.,19.54354,19.40336,40.1913,21.13461,40.4987,-17.37874,-35.04238
28480.,19.54366,19.40347,40.19139,21.13473,40.49879,-17.37864,-35.04229
28490.,19.54378,19.40359,40.19148,21.13485,40.49889,-17.37854,-35.04219
28500.,19.5439,19.40371,40.19158,21.13497,40.49898,-17.37844,-35.0421
28510.,19.54402,19.40383,40.19167,21.13509,40.49907,-17.37834,-35.042
28520.,19.54413,19.40394,40.19177,21.13521,40.49917,-17.37824,-35.0419
28530.,19.54425,19.40406,40.19186,21.13532,40.49926,-17.37814,-35.04181
28540.,19.54437,19.40418,40.19195,21.13544,40.49935,-17.37803,-35.04171
28550.,19.54449,19.4043,40.19205,21.13556,40.49945,-17.37793,-35.04162
28560.,19.5446,19.40441,40.19214,21.13568,40.49954,-17.37783,-35.04152
28570.,19.54472,19.40453,40.19223,21.13579,40.49963,-17.37773,-35.04143
28580.,19.54484,19.40465,40.19232,21.13591,40.49972,-17.37763,-35.04133
28590.,19.54495,19.40476,40.19242,21.13603,40.49982,-17.37753,-35.04124
28600.,19.54507,19.40488,40.19251,21.13615,40.49991,-17.37743,-35.04114
28610.,19.54518,19.405,40.1926,21.13626,40.5,-17.37733,-35.04105
28620.,19.5453,19.40511,40.19269,21.13638,40.50009,-17.37723,-35.04095
28630.,19.54542,19.40523,40.19279,21.1365,40.50019,-17.37713,-35.04086
28640.,19.54553,19.40534,40.19288,21.13661,40.50028,-17.37703,-35.04077
28650.,19.54565,19.40546,40.19297,21.13673,40.50037,-17.37693,-35.04067
28660.,19.54576,19.40558,40.19306,21.13685,40.50046,-17.37683,-35.04058
28670.,19.54588,19.40569,40.19315,21.13696,40.50055,-17.37673,-35.04048
28680.,19.54599,19.40581,40.19325,21.13708,40.50064,-17.37663,-35.04039
28690.,19.54611,19.40592,40.19334,21.13719,40.50074,-17.37653,-35.0403
28700.,19.54622,19.40604,40.19343,21.13731,40.50083,-17.37644,-35.0402
28710.,19.54634,19.40615,40.19352,21.13742,40.50092,-17.37634,-35.04011
28720.,19.54645,19.40626,40.19361,21.13754,40.50101,-17.37624,-35.04002
28730.,19.54656,19.40638,40.1937,21.13765,40.5011,-17.37614,-35.03992
28740.,19.54668,19.40649,40.19379,21.13777,40.50119,-17.37604,-35.03983
28750.,19.54679,19.40661,40.19388,21.13788,40.50128,-17.37594,-35.03974
28760.,19.54691,19.40672,40.19397,21.138,40.50137,-17.37585,-35.03964
28770.,19.54702,19.40684,40.19406,21.13811,40.50146,-17.37575,-35.03955
28780.,19.54713,19.40695,40.19415,21.13823,40.50155,-17.37565,-35.03946
28790.,19.54725,19.40706,40.19424,21.13834,40.50164,-17.37555,-35.03937
28800.,19.54736,19.40718,40.19433,21.13846,40.50173,-17.37545,-35.03927
28810.,19.54747,19.40729,40.19442,21.13857,40.50182,-17.37536,-35.03918
28820.,19.54759,19.4074,40.19451,21.13868,40.50191,-17.37526,-35.03909
28830.,19.5477,19.40752,40.1946,21.1388,40.502,-17.37516,-35.039
28840.,19.54781,19.40763,40.19469,21.13891,40.50209,-17.37506,-35.03891
28850.,19.54792,19.40774,40.19478,21.13902,40.50218,-17.37497,-35.03881
28860.,19.54804,19.40785,40.19487,21.13914,40.50227,-17.37487,-35.03872
28870.,19.54815,19.40797,40.19496,21.13925,40.50236,-17.37477,-35.03863
28880.,19.54826,19.40808,40.19505,21.13936,40.50245,-17.37468,-35.03854
28890.,19.54837,19.40819,40.19514,21.13947,40.50254,-17.37458,-35.03845
28900.,19.54848,19.4083,40.19523,21.13959,40.50263,-17.37448,-35.03836
28910.,19.5486,19.40841,40.19532,21.1397,40.50271,-17.37439,-35.03827
28920.,19.54871,19.40852,40.19541,21.13981,40.5028,-17.37429,-35.03818
28930.,19.54882,19.40864,40.1955,21.13992,40.50289,-17.3742,-35.03809
28940.,19.54893,19.40875,40.19558,21.14004,40.50298,-17.3741,-35.03799
28950.,19.54904,19.40886,40.19567,21.14015,40.50307,-17.37401,-35.0379
28960.,19.54915,19.40897,40.19576,21.14026,40.50316,-17.37391,-35.03781
28970.,19.54926,19.40908,40.19585,21.14037,40.50324,-17.37381,-35.03772
28980.,19.54937,19.40919,40.19594,21.14048,40.50333,-17.37372,-35.03763
28990.,19.54948,19.4093,40.19602,21.14059,40.50342,-17.37362,-35.03754
29000.,19.54959,19.40941,40.19611,21.1407,40.50351,-17.37353,-35.03745
29010.,19.5497,19.40952,40.1962,21.14081,40.50359,-17.37343,-35.03736
29020.,19.54981,19.40963,40.19629,21.14093,40.50368,-17.37334,-35.03727
29030.,19.54992,19.40974,40.19638,21.14104,40.50377,-17.37324,-35.03718
29040.,19.55003,19.40985,40.19646,21.14115,40.50386,-17.37315,-35.0371
29050.,19.55014,19.40996,40.19655,21.14126,40.50394,-17.37306,-35.03701
29060.,19.55025,19.41007,40.19664,21.14137,40.50403,-17.37296,-35.03692
29070.,19.55036,19.41018,40.19672,21.14148,40.50412,-17.37287,-35.03683
29080.,19.55047,19.41029,40.19681,21.14159,40.5042,-17.37277,-35.03674
29090.,19.55058,19.4104,40.1969,21.1417,40.50429,-17.37268,-35.03665
29100.,19.55069,19.41051,40.19698,21.14181,40.50438,-17.37258,-35.03656
29110.,19.5508,19.41062,40.19707,21.14192,40.50446,-17.37249,-35.03647
29120.,19.5509,19.41072,40.19716,21.14202,40.50455,-17.3724,-35.03638
29130.,19.55101,19.41083,40.19724,21.14213,40.50464,-17.3723,-35.0363
29140.,19.55112,19.41094,40.19733,21.14224,40.50472,-17.37221,-35.03621
29150.,19.55123,19.41105,40.19742,21.14235,40.50481,-17.37212,-35.03612
29160.,19.55134,19.41116,40.1975,21.14246,40.50489,-17.37202,-35.03603
29170.,19.55144,19.41127,40.19759,21.14257,40.50498,-17.37193,-35.03594
29180.,19.55155,19.41137,40.19767,21.14268,40.50506,-17.37184,-35.03586
29190.,19.55166,19.41148,40.19776,21.14279,40.50515,-17.37175,-35.03577
29200.,19.55177,19.41159,40.19784,21.14289,40.50524,-17.37165,-35.03568
29210.,19.55187,19.4117,40.19793,21.143,40.50532,-17.37156,-35.03559
29220.,19.55198,19.4118,40.19801,21.14311,40.50541,-17.37147,-35.03551
29230.,19.55209,19.41191,40.1981,21.14322,40.50549,-17.37138,-35.03542
29240.,19.5522,19.41202,40.19818,21.14333,40.50558,-17.37128,-35.03533
29250.,19.5523,19.41212,40.19827,21.14343,40.50566,-17.37119,-35.03524
29260.,19.55241,19.41223,40.19835,21.14354,40.50575,-17.3711,-35.03516
29270.,19.55251,19.41234,40.19844,21.14365,40.50583,-17.37101,-35.03507
29280.,19.55262,19.41244,40.19852,21.14375,40.50591,-17.37092,-35.03498
29290.,19.55273,19.41255,40.19861,21.14386,40.506,-17.37083,-35.0349
29300.,19.55283,19.41266,40.19869,21.14397,40.50608,-17.37073,-35.03481
29310.,19.55294,19.41276,40.19878,21.14407,40.50617,-17.37064,-35.03473
29320.,19.55304,19.41287,40.19886,21.14418,40.50625,-17.37055,-35.03464
29330.,19.55315,19.41297,40.19894,21.14429,40.50634,-17.37046,-35.03455
29340.,19.55326,19.41308,40.19903,21.14439,40.50642,-17.37037,-35.03447
29350.,19.55336,19.41318,40.19911,21.1445,40.5065,-17.37028,-35.03438
29360.,19.55347,19.41329,40.1992,21.1446,40.50659,-17.37019,-35.0343
29370.,19.55357,19.4134,40.19928,21.14471,40.50667,-17.3701,-35.03421
29380.,19.55368,19.4135,40.19936,21.14482,40.50675,-17.37001,-35.03412
29390.,19.55378,19.41361,40.19945,21.14492,40.50684,-17.36992,-35.03404
29400.,19.55389,19.41371,40.19953,21.14503,40.50692,-17.36983,-35.03395
29410.,19.55399,19.41381,40.19961,21.14513,40.507,-17.36974,-35.03387
29420.,19.55409,19.41392,40.1997,21.14524,40.50709,-17.36965,-35.03378
29430.,19.5542,19.41402,40.19978,21.14534,40.50717,-17.36956,-35.0337
29440.,19.5543,19.41413,40.19986,21.14545,40.50725,-17.36947,-35.03361
29450.,19.55441,19.41423,40.19994,21.14555,40.50733,-17.36938,-35.03353
29460.,19.55451,19.41434,40.20003,21.14566,40.50742,-17.36929,-35.03344
29470.,19.55461,19.41444,40.20011,21.14576,40.5075,-17.3692,-35.03336
29480.,19.55472,19.41454,40.20019,21.14586,40.50758,-17.36911,-35.03328
29490.,19.55482,19.41465,40.20027,21.14597,40.50766,-17.36902,-35.03319
29500.,19.55492,19.41475,40.20036,21.14607,40.50775,-17.36893,-35.03311
29510.,19.55503,19.41485,40.20044,21.14618,40.50783,-17.36884,-35.03302
29520.,19.55513,19.41496,40.20052,21.14628,40.50791,-17.36875,-35.03294
29530.,19.55523,19.41506,40.2006,21.14638,40.50799,-17.36867,-35.03286
29540.,19.55533,19.41516,40.20068,21.14649,40.50807,-17.36858,-35.03277
29550.,19.55544,19.41526,40.20077,21.14659,40.50815,-17.36849,-35.03269
29560.,19.55554,19.41537,40.20085,21.14669,40.50824,-17.3684,-35.0326
29570.,19.55564,19.41547,40.20093,21.1468,40.50832,-17.36831,-35.03252
29580.,19.55574,19.41557,40.20101,21.1469,40.5084,-17.36822,-35.03244
29590.,19.55585,19.41567,40.20109,21.147,40.50848,-17.36814,-35.03235
29600.,19.55595,19.41578,40.20117,21.1471,40.50856,-17.36805,-35.03227
29610.,19.55605,19.41588,40.20125,21.14721,40.50864,-17.36796,-35.03219
29620.,19.55615,19.41598,40.20133,21.14731,40.50872,-17.36787,-35.03211
29630.,19.55625,19.41608,40.20142,21.14741,40.5088,-17.36779,-35.03202
29640.,19.55635,19.41618,40.2015,21.14751,40.50888,-17.3677,-35.03194
29650.,19.55645,19.41628,40.20158,21.14762,40.50896,-17.36761,-35.03186
29660.,19.55656,19.41638,40.20166,21.14772,40.50904,-17.36752,-35.03178
29670.,19.55666,19.41649,40.20174,21.14782,40.50912,-17.36744,-35.03169
29680.,19.55676,19.41659,40.20182,21.14792,40.5092,-17.36735,-35.03161
29690.,19.55686,19.41669,40.2019,21.14802,40.50928,-17.36726,-35.03153
29700.,19.55696,19.41679,40.20198,21.14812,40.50936,-17.36718,-35.03145
29710.,19.55706,19.41689,40.20206,21.14822,40.50944,-17.36709,-35.03137
29720.,19.55716,19.41699,40.20214,21.14832,40.50952,-17.367,-35.03128
29730.,19.55726,19.41709,40.20222,21.14843,40.5096,-17.36692,-35.0312
29740.,19.55736,19.41719,40.2023,21.14853,40.50968,-17.36683,-35.03112
29750.,19.55746,19.41729,40.20238,21.14863,40.50976,-17.36674,-35.03104
29760.,19.55756,19.41739,40.20246,21.14873,40.50984,-17.36666,-35.03096
29770.,19.55766,19.41749,40.20253,21.14883,40.50992,-17.36657,-35.03088
29780.,19.55776,19.41759,40.20261,21.14893,40.51,-17.36649,-35.0308
29790.,19.55786,19.41769,40.20269,21.14903,40.51008,-17.3664,-35.03071
29800.,19.55796,19.41779,40.20277,21.14913,40.51016,-17.36632,-35.03063
29810.,19.55806,19.41789,40.20285,21.14923,40.51024,-17.36623,-35.03055
29820.,19.55815,19.41799,40.20293,21.14933,40.51031,-17.36614,-35.03047
29830.,19.55825,19.41808,40.20301,21.14943,40.51039,-17.36606,-35.03039
29840.,19.55835,19.41818,40.20309,21.14953,40.51047,-17.36597,-35.03031
29850.,19.55845,19.41828,40.20317,21.14963,40.51055,-17.36589,-35.03023
29860.,19.55855,19.41838,40.20324,21.14972,40.51063,-17.3658,-35.03015
29870.,19.55865,19.41848,40.20332,21.14982,40.51071,-17.36572,-35.03007
29880.,19.55875,19.41858,40.2034,21.14992,40.51078,-17.36564,-35.02999
29890.,19.55884,19.41867,40.20348,21.15002,40.51086,-17.36555,-35.02991
29900.,19.55894,19.41877,40.20356,21.15012,40.51094,-17.36547,-35.02983
29910.,19.55904,19.41887,40.20363,21.15022,40.51102,-17.36538,-35.02975
29920.,19.55914,19.41897,40.20371,21.15032,40.5111,-17.3653,-35.02967
29930.,19.55923,19.41907,40.20379,21.15041,40.51117,-17.36521,-35.02959
29940.,19.55933,19.41916,40.20387,21.15051,40.51125,-17.36513,-35.02951
29950.,19.55943,19.41926,40.20394,21.15061,40.51133,-17.36505,-35.02943
29960.,19.55953,19.41936,40.20402,21.15071,40.5114,-17.36496,-35.02935
29970.,19.55962,19.41946,40.2041,21.15081,40.51148,-17.36488,-35.02928
29980.,19.55972,19.41955,40.20418,21.1509,40.51156,-17.36479,-35.0292
29990.,19.55982,19.41965,40.20425,21.151,40.51164,-17.36471,-35.02912
30000.,19.55991,19.41975,40.20433,21.1511,40.51171,-17.36463,-35.02904
30010.,19.56001,19.41984,40.20441,21.1512,40.51179,-17.36455,-35.02896
30020.,19.56011,19.41994,40.20448,21.15129,40.51187,-17.36446,-35.02888
30030.,19.5602,19.42004,40.20456,21.15139,40.51194,-17.36438,-35.0288
30040.,19.5603,19.42013,40.20464,21.15149,40.51202,-17.3643,-35.02872
30050.,19.56039,19.42023,40.20471,21.15158,40.5121,-17.36421,-35.02865
30060.,19.56049,19.42032,40.20479,21.15168,40.51217,-17.36413,-35.02857
30070.,19.56059,19.42042,40.20487,21.15178,40.51225,-17.36405,-35.02849
30080.,19.56068,19.42052,40.20494,21.15187,40.51232,-17.36397,-35.02841
30090.,19.56078,19.42061,40.20502,21.15197,40.5124,-17.36388,-35.02833
30100.,19.56087,19.42071,40.20509,21.15206,40.51248,-17.3638,-35.02826
30110.,19.56097,19.4208,40.20517,21.15216,40.51255,-17.36372,-35.02818
30120.,19.56106,19.4209,40.20525,21.15226,40.51263,-17.36364,-35.0281
30130.,19.56116,19.42099,40.20532,21.15235,40.5127,-17.36356,-35.02802
30140.,19.56125,19.42109,40.2054,21.15245,40.51278,-17.36347,-35.02795
30150.,19.56135,19.42118,40.20547,21.15254,40.51285,-17.36339,-35.02787
30160.,19.56144,19.42128,40.20555,21.15264,40.51293,-17.36331,-35.02779
30170.,19.56154,19.42137,40.20562,21.15273,40.513,-17.36323,-35.02772
30180.,19.56163,19.42147,40.2057,21.15283,40.51308,-17.36315,-35.02764
30190.,19.56172,19.42156,40.20577,21.15292,40.51315,-17.36307,-35.02756
30200.,19.56182,19.42165,40.20585,21.15302,40.51323,-17.36298,-35.02749
30210.,19.56191,19.42175,40.20592,21.15311,40.5133,-17.3629,-35.02741
30220.,19.56201,19.42184,40.206,21.15321,40.51338,-17.36282,-35.02733
30230.,19.5621,19.42194,40.20607,21.1533,40.51345,-17.36274,-35.02726
30240.,19.56219,19.42203,40.20615,21.1534,40.51353,-17.36266,-35.02718
30250.,19.56229,19.42212,40.20622,21.15349,40.5136,-17.36258,-35.0271
30260.,19.56238,19.42222,40.20629,21.15358,40.51367,-17.3625,-35.02703
30270.,19.56247,19.42231,40.20637,21.15368,40.51375,-17.36242,-35.02695
30280.,19.56257,19.4224,40.20644,21.15377,40.51382,-17.36234,-35.02687
30290.,19.56266,19.4225,40.20652,21.15386,40.5139,-17.36226,-35.0268
30300.,19.56275,19.42259,40.20659,21.15396,40.51397,-17.36218,-35.02672
30310.,19.56285,19.42268,40.20666,21.15405,40.51404,-17.3621,-35.02665
30320.,19.56294,19.42278,40.20674,21.15414,40.51412,-17.36202,-35.02657
30330.,19.56303,19.42287,40.20681,21.15424,40.51419,-17.36194,-35.0265
30340.,19.56312,19.42296,40.20689,21.15433,40.51426,-17.36186,-35.02642
30350.,19.56322,19.42305,40.20696,21.15442,40.51434,-17.36178,-35.02635
30360.,19.56331,19.42314,40.20703,21.15452,40.51441,-17.3617,-35.02627
30370.,19.5634,19.42324,40.20711,21.15461,40.51448,-17.36162,-35.0262
30380.,19.56349,19.42333,40.20718,21.1547,40.51456,-17.36154,-35.02612
30390.,19.56358,19.42342,40.20725,21.15479,40.51463,-17.36146,-35.02605
30400.,19.56367,19.42351,40.20733,21.15489,40.5147,-17.36138,-35.02597
30410.,19.56377,19.4236,40.2074,21.15498,40.51478,-17.36131,-35.0259
30420.,19.56386,19.4237,40.20747,21.15507,40.51485,-17.36123,-35.02582
30430.,19.56395,19.42379,40.20754,21.15516,40.51492,-17.36115,-35.02575
30440.,19.56404,19.42388,40.20762,21.15525,40.51499,-17.36107,-35.02567
30450.,19.56413,19.42397,40.20769,21.15535,40.51507,-17.36099,-35.0256
30460.,19.56422,19.42406,40.20776,21.15544,40.51514,-17.36091,-35.02553
30470.,19.56431,19.42415,40.20783,21.15553,40.51521,-17.36083,-35.02545
30480.,19.5644,19.42424,40.20791,21.15562,40.51528,-17.36076,-35.02538
30490.,19.56449,19.42433,40.20798,21.15571,40.51535,-17.36068,-35.0253
30500.,19.56458,19.42442,40.20805,21.1558,40.51543,-17.3606,-35.02523
30510.,19.56467,19.42451,40.20812,21.15589,40.5155,-17.36052,-35.02516
30520.,19.56476,19.4246,40.20819,21.15598,40.51557,-17.36044,-35.02508
30530.,19.56485,19.42469,40.20826,21.15608,40.51564,-17.36037,-35.02501
30540.,19.56494,19.42478,40.20834,21.15617,40.51571,-17.36029,-35.02494
30550.,19.56503,19.42487,40.20841,21.15626,40.51578,-17.36021,-35.02486
30560.,19.56512,19.42496,40.20848,21.15635,40.51586,-17.36013,-35.02479
30570.,19.56521,19.42505,40.20855,21.15644,40.51593,-17.36006,-35.02472
30580.,19.5653,19.42514,40.20862,21.15653,40.516,-17.35998,-35.02464
30590.,19.56539,19.42523,40.20869,21.15662,40.51607,-17.3599,-35.02457
30600.,19.56548,19.42532,40.20876,21.15671,40.51614,-17.35983,-35.0245
30610.,19.56557,19.42541,40.20884,21.1568,40.51621,-17.35975,-35.02443
30620.,19.56566,19.4255,40.20891,21.15689,40.51628,-17.35967,-35.02435
30630.,19.56575,19.42559,40.20898,21.15698,40.51635,-17.3596,-35.02428
30640.,19.56584,19.42568,40.20905,21.15707,40.51642,-17.35952,-35.02421
30650.,19.56593,19.42577,40.20912,21.15715,40.51649,-17.35944,-35.02414
30660.,19.56602,19.42586,40.20919,21.15724,40.51656,-17.35937,-35.02406
30670.,19.5661,19.42594,40.20926,21.15733,40.51663,-17.35929,-35.02399
30680.,19.56619,19.42603,40.20933,21.15742,40.5167,-17.35921,-35.02392
30690.,19.56628,19.42612,40.2094,21.15751,40.51677,-17.35914,-35.02385
30700.,19.56637,19.42621,40.20947,21.1576,40.51684,-17.35906,-35.02378
30710.,19.56646,19.4263,40.20954,21.15769,40.51691,-17.35899,-35.0237
30720.,19.56654,19.42639,40.20961,21.15778,40.51698,-17.35891,-35.02363
30730.,19.56663,19.42647,40.20968,21.15786,40.51705,-17.35883,-35.02356
30740.,19.56672,19.42656,40.20975,21.15795,40.51712,-17.35876,-35.02349
30750.,19.56681,19.42665,40.20982,21.15804,40.51719,-17.35868,-35.02342
30760.,19.56689,19.42674,40.20989,21.15813,40.51726,-17.35861,-35.02335
30770.,19.56698,19.42682,40.20996,21.15822,40.51733,-17.35853,-35.02328
30780.,19.56707,19.42691,40.21003,21.1583,40.5174,-17.35846,-35.0232
30790.,19.56716,19.427,40.2101,21.15839,40.51747,-17.35838,-35.02313
30800.,19.56724,19.42709,40.21017,21.15848,40.51754,-17.35831,-35.02306
30810.,19.56733,19.42717,40.21024,21.15857,40.51761,-17.35823,-35.02299
30820.,19.56742,19.42726,40.2103,21.15865,40.51768,-17.35816,-35.02292
30830.,19.5675,19.42735,40.21037,21.15874,40.51775,-17.35808,-35.02285
30840.,19.56759,19.42743,40.21044,21.15883,40.51782,-17.35801,-35.02278
30850.,19.56768,19.42752,40.21051,21.15892,40.51788,-17.35793,-35.02271
30860.,19.56776,19.42761,40.21058,21.159,40.51795,-17.35786,-35.02264
30870.,19.56785,19.42769,40.21065,21.15909,40.51802,-17.35779,-35.02257
30880.,19.56793,19.42778,40.21072,21.15918,40.51809,-17.35771,-35.0225
30890.,19.56802,19.42786,40.21078,21.15926,40.51816,-17.35764,-35.02243
30900.,19.56811,19.42795,40.21085,21.15935,40.51823,-17.35756,-35.02236
30910.,19.56819,19.42804,40.21092,21.15944,40.51829,-17.35749,-35.02229
30920.,19.56828,19.42812,40.21099,21.15952,40.51836,-17.35742,-35.02222
30930.,19.56836,19.42821,40.21106,21.15961,40.51843,-17.35734,-35.02215
30940.,19.56845,19.42829,40.21113,21.15969,40.5185,-17.35727,-35.02208
30950.,19.56853,19.42838,40.21119,21.15978,40.51857,-17.35719,-35.02201
30960.,19.56862,19.42846,40.21126,21.15986,40.51863,-17.35712,-35.02194
30970.,19.5687,19.42855,40.21133,21.15995,40.5187,-17.35705,-35.02187
30980.,19.56879,19.42863,40.2114,21.16004,40.51877,-17.35698,-35.0218
30990.,19.56887,19.42872,40.21146,21.16012,40.51884,-17.3569,-35.02173
31000.,19.56896,19.4288,40.21153,21.16021,40.5189,-17.35683,-35.02166
31010.,19.56904,19.42889,40.2116,21.16029,40.51897,-17.35676,-35.0216
31020.,19.56913,19.42897,40.21167,21.16038,40.51904,-17.35668,-35.02153
31030.,19.56921,19.42906,40.21173,21.16046,40.5191,-17.35661,-35.02146
31040.,19.56929,19.42914,40.2118,21.16055,40.51917,-17.35654,-35.02139
31050.,19.56938,19.42922,40.21187,21.16063,40.51924,-17.35647,-35.02132
31060.,19.56946,19.42931,40.21193,21.16072,40.51931,-17.35639,-35.02125
31070.,19.56955,19.42939,40.212,21.1608,40.51937,-17.35632,-35.02118
31080.,19.56963,19.42948,40.21207,21.16088,40.51944,-17.35625,-35.02112
31090.,19.56971,19.42956,40.21213,21.16097,40.51951,-17.35618,-35.02105
31100.,19.5698,19.42964,40.2122,21.16105,40.51957,-17.3561,-35.02098
31110.,19.56988,19.42973,40.21227,21.16114,40.51964,-17.35603,-35.02091
31120.,19.56996,19.42981,40.21233,21.16122,40.5197,-17.35596,-35.02084
31130.,19.57005,19.42989,40.2124,21.1613,40.51977,-17.35589,-35.02078
31140.,19.57013,19.42998,40.21247,21.16139,40.51984,-17.35582,-35.02071
31150.,19.57021,19.43006,40.21253,21.16147,40.5199,-17.35575,-35.02064
31160.,19.5703,19.43014,40.2126,21.16156,40.51997,-17.35567,-35.02057
31170.,19.57038,19.43023,40.21266,21.16164,40.52003,-17.3556,-35.02051
31180.,19.57046,19.43031,40.21273,21.16172,40.5201,-17.35553,-35.02044
31190.,19.57054,19.43039,40.2128,21.16181,40.52017,-17.35546,-35.02037
31200.,19.57063,19.43047,40.21286,21.16189,40.52023,-17.35539,-35.0203
31210.,19.57071,19.43056,40.21293,21.16197,40.5203,-17.35532,-35.02024
31220.,19.57079,19.43064,40.21299,21.16205,40.52036,-17.35525,-35.02017
31230.,19.57087,19.43072,40.21306,21.16214,40.52043,-17.35518,-35.0201
31240.,19.57096,19.4308,40.21312,21.16222,40.52049,-17.35511,-35.02004
31250.,19.57104,19.43089,40.21319,21.1623,40.52056,-17.35503,-35.01997
31260.,19.57112,19.43097,40.21325,21.16238,40.52062,-17.35496,-35.0199
31270.,19.5712,19.43105,40.21332,21.16247,40.52069,-17.35489,-35.01984
31280.,19.57128,19.43113,40.21338,21.16255,40.52075,-17.35482,-35.01977
31290.,19.57136,19.43121,40.21345,21.16263,40.52082,-17.35475,-35.0197
31300.,19.57145,19.43129,40.21351,21.16271,40.52088,-17.35468,-35.01964
31310.,19.57153,19.43138,40.21358,21.16279,40.52095,-17.35461,-35.01957
31320.,19.57161,19.43146,40.21364,21.16288,40.52101,-17.35454,-35.0195
31330.,19.57169,19.43154,40.21371,21.16296,40.52108,-17.35447,-35.01944
31340.,19.57177,19.43162,40.21377,21.16304,40.52114,-17.3544,-35.01937
31350.,19.57185,19.4317,40.21384,21.16312,40.5212,-17.35433,-35.01931
31360.,19.57193,19.43178,40.2139,21.1632,40.52127,-17.35426,-35.01924
31370.,19.57201,19.43186,40.21396,21.16328,40.52133,-17.35419,-35.01917
31380.,19.57209,19.43194,40.21403,21.16336,40.5214,-17.35412,-35.01911
31390.,19.57217,19.43202,40.21409,21.16345,40.52146,-17.35406,-35.01904
31400.,19.57225,19.4321,40.21416,21.16353,40.52152,-17.35399,-35.01898
31410.,19.57233,19.43218,40.21422,21.16361,40.52159,-17.35392,-35.01891
31420.,19.57241,19.43226,40.21428,21.16369,40.52165,-17.35385,-35.01885
31430.,19.57249,19.43234,40.21435,21.16377,40.52172,-17.35378,-35.01878
31440.,19.57257,19.43242,40.21441,21.16385,40.52178,-17.35371,-35.01872
31450.,19.57265,19.4325,40.21447,21.16393,40.52184,-17.35364,-35.01865
31460.,19.57273,19.43258,40.21454,21.16401,40.52191,-17.35357,-35.01859
31470.,19.57281,19.43266,40.2146,21.16409,40.52197,-17.3535,-35.01852
31480.,19.57289,19.43274,40.21466,21.16417,40.52203,-17.35344,-35.01846
31490.,19.57297,19.43282,40.21473,21.16425,40.5221,-17.35337,-35.01839
31500.,19.57305,19.4329,40.21479,21.16433,40.52216,-17.3533,-35.01833
31510.,19.57313,19.43298,40.21485,21.16441,40.52222,-17.35323,-35.01826
31520.,19.57321,19.43306,40.21492,21.16449,40.52228,-17.35316,-35.0182
31530.,19.57329,19.43314,40.21498,21.16457,40.52235,-17.35309,-35.01813
31540.,19.57337,19.43322,40.21504,21.16465,40.52241,-17.35303,-35.01807
31550.,19.57344,19.4333,40.21511,21.16473,40.52247,-17.35296,-35.01801
31560.,19.57352,19.43337,40.21517,21.16481,40.52253,-17.35289,-35.01794
31570.,19.5736,19.43345,40.21523,21.16488,40.5226,-17.35282,-35.01788
31580.,19.57368,19.43353,40.21529,21.16496,40.52266,-17.35276,-35.01781
31590.,19.57376,19.43361,40.21535,21.16504,40.52272,-17.35269,-35.01775
31600.,19.57384,19.43369,40.21542,21.16512,40.52278,-17.35262,-35.01769
31610.,19.57391,19.43377,40.21548,21.1652,40.52285,-17.35255,-35.01762
31620.,19.57399,19.43384,40.21554,21.16528,40.52291,-17.35249,-35.01756
31630.,19.57407,19.43392,40.2156,21.16536,40.52297,-17.35242,-35.0175
31640.,19.57415,19.434,40.21567,21.16544,40.52303,-17.35235,-35.01743
31650.,19.57423,19.43408,40.21573,21.16551,40.52309,-17.35228,-35.01737
31660.,19.5743,19.43416,40.21579,21.16559,40.52316,-17.35222,-35.01731
31670.,19.57438,19.43423,40.21585,21.16567,40.52322,-17.35215,-35.01724
31680.,19.57446,19.43431,40.21591,21.16575,40.52328,-17.35208,-35.01718
31690.,19.57454,19.43439,40.21597,21.16583,40.52334,-17.35202,-35.01712
31700.,19.57461,19.43447,40.21604,21.1659,40.5234,-17.35195,-35.01705
31710.,19.57469,19.43454,40.2161,21.16598,40.52346,-17.35188,-35.01699
31720.,19.57477,19.43462,40.21616,21.16606,40.52352,-17.35182,-35.01693
31730.,19.57484,19.4347,40.21622,21.16614,40.52358,-17.35175,-35.01686
31740.,19.57492,19.43477,40.21628,21.16621,40.52365,-17.35169,-35.0168
31750.,19.575,19.43485,40.21634,21.16629,40.52371,-17.35162,-35.01674
31760.,19.57507,19.43493,40.2164,21.16637,40.52377,-17.35155,-35.01668
31770.,19.57515,19.435,40.21646,21.16644,40.52383,-17.35149,-35.01661
31780.,19.57523,19.43508,40.21652,21.16652,40.52389,-17.35142,-35.01655
31790.,19.5753,19.43516,40.21658,21.1666,40.52395,-17.35136,-35.01649
31800.,19.57538,19.43523,40.21665,21.16668,40.52401,-17.35129,-35.01643
31810.,19.57546,19.43531,40.21671,21.16675,40.52407,-17.35122,-35.01637
31820.,19.57553,19.43539,40.21677,21.16683,40.52413,-17.35116,-35.0163
31830.,19.57561,19.43546,40.21683,21.1669,40.52419,-17.35109,-35.01624
31840.,19.57568,19.43554,40.21689,21.16698,40.52425,-17.35103,-35.01618
31850.,19.57576,19.43561,40.21695,21.16706,40.52431,-17.35096,-35.01612
31860.,19.57583,19.43569,40.21701,21.16713,40.52437,-17.3509,-35.01606
31870.,19.57591,19.43576,40.21707,21.16721,40.52443,-17.35083,-35.016
31880.,19.57599,19.43584,40.21713,21.16729,40.52449,-17.35077,-35.01593
31890.,19.57606,19.43592,40.21719,21.16736,40.52455,-17.3507,-35.01587
31900.,19.57614,19.43599,40.21725,21.16744,40.52461,-17.35064,-35.01581
31910.,19.57621,19.43607,40.21731,21.16751,40.52467,-17.35057,-35.01575
31920.,19.57629,19.43614,40.21737,21.16759,40.52473,-17.35051,-35.01569
31930.,19.57636,19.43622,40.21743,21.16766,40.52479,-17.35044,-35.01563
31940.,19.57644,19.43629,40.21749,21.16774,40.52485,-17.35038,-35.01557
31950.,19.57651,19.43637,40.21755,21.16781,40.52491,-17.35032,-35.01551
31960.,19.57658,19.43644,40.21761,21.16789,40.52497,-17.35025,-35.01545
31970.,19.57666,19.43651,40.21766,21.16796,40.52503,-17.35019,-35.01538
31980.,19.57673,19.43659,40.21772,21.16804,40.52509,-17.35012,-35.01532
31990.,19.57681,19.43666,40.21778,21.16811,40.52515,-17.35006,-35.01526
32000.,19.57688,19.43674,40.21784,21.16819,40.5252,-17.34999,-35.0152
32010.,19.57696,19.43681,40.2179,21.16826,40.52526,-17.34993,-35.01514
32020.,19.57703,19.43689,40.21796,21.16834,40.52532,-17.34987,-35.01508
32030.,19.5771,19.43696,40.21802,21.16841,40.52538,-17.3498,-35.01502
32040.,19.57718,19.43703,40.21808,21.16849,40.52544,-17.34974,-35.01496
32050.,19.57725,19.43711,40.21814,21.16856,40.5255,-17.34968,-35.0149
32060.,19.57732,19.43718,40.21819,21.16863,40.52556,-17.34961,-35.01484
32070.,19.5774,19.43726,40.21825,21.16871,40.52562,-17.34955,-35.01478
32080.,19.57747,19.43733,40.21831,21.16878,40.52567,-17.34949,-35.01472
32090.,19.57754,19.4374,40.21837,21.16886,40.52573,-17.34942,-35.01466
32100.,19.57762,19.43748,40.21843,21.16893,40.52579,-17.34936,-35.0146
32110.,19.57769,19.43755,40.21849,21.169,40.52585,-17.3493,-35.01454
32120.,19.57776,19.43762,40.21854,21.16908,40.52591,-17.34923,-35.01448
32130.,19.57784,19.43769,40.2186,21.16915,40.52596,-17.34917,-35.01442
32140.,19.57791,19.43777,40.21866,21.16922,40.52602,-17.34911,-35.01436
32150.,19.57798,19.43784,40.21872,21.1693,40.52608,-17.34904,-35.01431
32160.,19.57806,19.43791,40.21878,21.16937,40.52614,-17.34898,-35.01425
32170.,19.57813,19.43799,40.21883,21.16944,40.5262,-17.34892,-35.01419
32180.,19.5782,19.43806,40.21889,21.16952,40.52625,-17.34886,-35.01413
32190.,19.57827,19.43813,40.21895,21.16959,40.52631,-17.34879,-35.01407
32200.,19.57834,19.4382,40.21901,21.16966,40.52637,-17.34873,-35.01401
32210.,19.57842,19.43828,40.21906,21.16973,40.52643,-17.34867,-35.01395
32220.,19.57849,19.43835,40.21912,21.16981,40.52648,-17.34861,-35.01389
32230.,19.57856,19.43842,40.21918,21.16988,40.52654,-17.34855,-35.01383
32240.,19.57863,19.43849,40.21924,21.16995,40.5266,-17.34848,-35.01378
32250.,19.5787,19.43856,40.21929,21.17002,40.52665,-17.34842,-35.01372
32260.,19.57878,19.43864,40.21935,21.1701,40.52671,-17.34836,-35.01366
32270.,19.57885,19.43871,40.21941,21.17017,40.52677,-17.3483,-35.0136
32280.,19.57892,19.43878,40.21946,21.17024,40.52683,-17.34824,-35.01354
32290.,19.57899,19.43885,40.21952,21.17031,40.52688,-17.34818,-35.01348
32300.,19.57906,19.43892,40.21958,21.17038,40.52694,-17.34811,-35.01343
32310.,19.57913,19.43899,40.21964,21.17046,40.527,-17.34805,-35.01337
32320.,19.5792,19.43906,40.21969,21.17053,40.52705,-17.34799,-35.01331
32330.,19.57928,19.43913,40.21975,21.1706,40.52711,-17.34793,-35.01325
32340.,19.57935,19.43921,40.2198,21.17067,40.52716,-17.34787,-35.01319
32350.,19.57942,19.43928,40.21986,21.17074,40.52722,-17.34781,-35.01314
32360.,19.57949,19.43935,40.21992,21.17081,40.52728,-17.34775,-35.01308
32370.,19.57956,19.43942,40.21997,21.17088,40.52733,-17.34769,-35.01302
32380.,19.57963,19.43949,40.22003,21.17096,40.52739,-17.34762,-35.01296
32390.,19.5797,19.43956,40.22009,21.17103,40.52745,-17.34756,-35.01291
32400.,19.57977,19.43963,40.22014,21.1711,40.5275,-17.3475,-35.01285
32410.,19.57984,19.4397,40.2202,21.17117,40.52756,-17.34744,-35.01279
32420.,19.57991,19.43977,40.22025,21.17124,40.52761,-17.34738,-35.01273
32430.,19.57998,19.43984,40.22031,21.17131,40.52767,-17.34732,-35.01268
32440.,19.58005,19.43991,40.22037,21.17138,40.52772,-17.34726,-35.01262
32450.,19.58012,19.43998,40.22042,21.17145,40.52778,-17.3472,-35.01256
32460.,19.58019,19.44005,40.22048,21.17152,40.52784,-17.34714,-35.01251
32470.,19.58026,19.44012,40.22053,21.17159,40.52789,-17.34708,-35.01245
32480.,19.58033,19.44019,40.22059,21.17166,40.52795,-17.34702,-35.01239
32490.,19.5804,19.44026,40.22064,21.17173,40.528,-17.34696,-35.01234
32500.,19.58047,19.44033,40.2207,21.1718,40.52806,-17.3469,-35.01228
32510.,19.58054,19.4404,40.22075,21.17187,40.52811,-17.34684,-35.01222
32520.,19.58061,19.44047,40.22081,21.17194,40.52817,-17.34678,-35.01217
32530.,19.58068,19.44054,40.22086,21.17201,40.52822,-17.34672,-35.01211
32540.,19.58075,19.44061,40.22092,21.17208,40.52828,-17.34666,-35.01205
32550.,19.58081,19.44068,40.22097,21.17215,40.52833,-17.3466,-35.012
32560.,19.58088,19.44074,40.22103,21.17222,40.52839,-17.34654,-35.01194
32570.,19.58095,19.44081,40.22108,21.17229,40.52844,-17.34648,-35.01188
32580.,19.58102,19.44088,40.22114,21.17236,40.5285,-17.34642,-35.01183
32590.,19.58109,19.44095,40.22119,21.17243,40.52855,-17.34637,-35.01177
32600.,19.58116,19.44102,40.22125,21.1725,40.52861,-17.34631,-35.01172
32610.,19.58123,19.44109,40.2213,21.17256,40.52866,-17.34625,-35.01166
32620.,19.58129,19.44116,40.22136,21.17263,40.52871,-17.34619,-35.0116
32630.,19.58136,19.44123,40.22141,21.1727,40.52877,-17.34613,-35.01155
32640.,19.58143,19.44129,40.22146,21.17277,40.52882,-17.34607,-35.01149
32650.,19.5815,19.44136,40.22152,21.17284,40.52888,-17.34601,-35.01144
32660.,19.58157,19.44143,40.22157,21.17291,40.52893,-17.34595,-35.01138
32670.,19.58164,19.4415,40.22163,21.17298,40.52898,-17.3459,-35.01133
32680.,19.5817,19.44157,40.22168,21.17304,40.52904,-17.34584,-35.01127
32690.,19.58177,19.44163,40.22174,21.17311,40.52909,-17.34578,-35.01122
32700.,19.58184,19.4417,40.22179,21.17318,40.52915,-17.34572,-35.01116
32710.,19.58191,19.44177,40.22184,21.17325,40.5292,-17.34566,-35.01111
32720.,19.58197,19.44184,40.2219,21.17332,40.52925,-17.3456,-35.01105
32730.,19.58204,19.4419,40.22195,21.17338,40.52931,-17.34555,-35.011
32740.,19.58211,19.44197,40.222,21.17345,40.52936,-17.34549,-35.01094
32750.,19.58218,19.44204,40.22206,21.17352,40.52941,-17.34543,-35.01089
32760.,19.58224,19.44211,40.22211,21.17359,40.52947,-17.34537,-35.01083
32770.,19.58231,19.44217,40.22216,21.17365,40.52952,-17.34531,-35.01078
32780.,19.58238,19.44224,40.22222,21.17372,40.52957,-17.34526,-35.01072
32790.,19.58244,19.44231,40.22227,21.17379,40.52963,-17.3452,-35.01067
32800.,19.58251,19.44237,40.22232,21.17386,40.52968,-17.34514,-35.01061
32810.,19.58258,19.44244,40.22238,21.17392,40.52973,-17.34508,-35.01056
32820.,19.58264,19.44251,40.22243,21.17399,40.52979,-17.34503,-35.01051
32830.,19.58271,19.44257,40.22248,21.17406,40.52984,-17.34497,-35.01045
32840.,19.58278,19.44264,40.22254,21.17412,40.52989,-17.34491,-35.0104
32850.,19.58284,19.44271,40.22259,21.17419,40.52994,-17.34485,-35.01034
32860.,19.58291,19.44277,40.22264,21.17426,40.53,-17.3448,-35.01029
32870.,19.58297,19.44284,40.22269,21.17432,40.53005,-17.34474,-35.01024
32880.,19.58304,19.4429,40.22275,21.17439,40.5301,-17.34468,-35.01018
32890.,19.58311,19.44297,40.2228,21.17446,40.53015,-17.34463,-35.01013
32900.,19.58317,19.44304,40.22285,21.17452,40.53021,-17.34457,-35.01007
32910.,19.58324,19.4431,40.2229,21.17459,40.53026,-17.34451,-35.01002
32920.,19.5833,19.44317,40.22296,21.17466,40.53031,-17.34446,-35.00997
32930.,19.58337,19.44323,40.22301,21.17472,40.53036,-17.3444,-35.00991
32940.,19.58343,19.4433,40.22306,21.17479,40.53042,-17.34434,-35.00986
32950.,19.5835,19.44337,40.22311,21.17485,40.53047,-17.34429,-35.00981
32960.,19.58357,19.44343,40.22316,21.17492,40.53052,-17.34423,-35.00975
32970.,19.58363,19.4435,40.22322,21.17499,40.53057,-17.34417,-35.0097
32980.,19.5837,19.44356,40.22327,21.17505,40.53062,-17.34412,-35.00965
32990.,19.58376,19.44363,40.22332,21.17512,40.53068,-17.34406,-35.00959
33000.,19.58383,19.44369,40.22337,21.17518,40.53073,-17.34401,-35.00954
33010.,19.58389,19.44376,40.22342,21.17525,40.53078,-17.34395,-35.00949
33020.,19.58396,19.44382,40.22348,21.17531,40.53083,-17.34389,-35.00944
33030.,19.58402,19.44389,40.22353,21.17538,40.53088,-17.34384,-35.00938
33040.,19.58409,19.44395,40.22358,21.17544,40.53093,-17.34378,-35.00933
33050.,19.58415,19.44402,40.22363,21.17551,40.53098,-17.34373,-35.00928
33060.,19.58421,19.44408,40.22368,21.17557,40.53104,-17.34367,-35.00922
33070.,19.58428,19.44414,40.22373,21.17564,40.53109,-17.34362,-35.00917
33080.,19.58434,19.44421,40.22378,21.1757,40.53114,-17.34356,-35.00912
33090.,19.58441,19.44427,40.22383,21.17577,40.53119,-17.3435,-35.00907
33100.,19.58447,19.44434,40.22389,21.17583,40.53124,-17.34345,-35.00901
33110.,19.58454,19.4444,40.22394,21.1759,40.53129,-17.34339,-35.00896
33120.,19.5846,19.44447,40.22399,21.17596,40.53134,-17.34334,-35.00891
33130.,19.58466,19.44453,40.22404,21.17603,40.53139,-17.34328,-35.00886
33140.,19.58473,19.44459,40.22409,21.17609,40.53144,-17.34323,-35.00881
33150.,19.58479,19.44466,40.22414,21.17615,40.53149,-17.34317,-35.00875
33160.,19.58485,19.44472,40.22419,21.17622,40.53154,-17.34312,-35.0087
33170.,19.58492,19.44479,40.22424,21.17628,40.5316,-17.34306,-35.00865
33180.,19.58498,19.44485,40.22429,21.17635,40.53165,-17.34301,-35.0086
33190.,19.58505,19.44491,40.22434,21.17641,40.5317,-17.34295,-35.00855
33200.,19.58511,19.44498,40.22439,21.17647,40.53175,-17.3429,-35.0085
33210.,19.58517,19.44504,40.22444,21.17654,40.5318,-17.34285,-35.00844
33220.,19.58523,19.4451,40.22449,21.1766,40.53185,-17.34279,-35.00839
33230.,19.5853,19.44517,40.22454,21.17666,40.5319,-17.34274,-35.00834
33240.,19.58536,19.44523,40.22459,21.17673,40.53195,-17.34268,-35.00829
33250.,19.58542,19.44529,40.22464,21.17679,40.532,-17.34263,-35.00824
33260.,19.58549,19.44535,40.22469,21.17685,40.53205,-17.34257,-35.00819
33270.,19.58555,19.44542,40.22474,21.17692,40.5321,-17.34252,-35.00814
33280.,19.58561,19.44548,40.22479,21.17698,40.53215,-17.34247,-35.00809
33290.,19.58567,19.44554,40.22484,21.17704,40.5322,-17.34241,-35.00803
33300.,19.58574,19.4456,40.22489,21.17711,40.53225,-17.34236,-35.00798
33310.,19.5858,19.44567,40.22494,21.17717,40.5323,-17.3423,-35.00793
33320.,19.58586,19.44573,40.22499,21.17723,40.53235,-17.34225,-35.00788
33330.,19.58592,19.44579,40.22504,21.17729,40.53239,-17.3422,-35.00783
33340.,19.58599,19.44585,40.22509,21.17736,40.53244,-17.34214,-35.00778
33350.,19.58605,19.44592,40.22514,21.17742,40.53249,-17.34209,-35.00773
33360.,19.58611,19.44598,40.22519,21.17748,40.53254,-17.34204,-35.00768
33370.,19.58617,19.44604,40.22524,21.17754,40.53259,-17.34198,-35.00763
33380.,19.58623,19.4461,40.22529,21.17761,40.53264,-17.34193,-35.00758
33390.,19.5863,19.44616,40.22534,21.17767,40.53269,-17.34188,-35.00753
33400.,19.58636,19.44623,40.22539,21.17773,40.53274,-17.34182,-35.00748
33410.,19.58642,19.44629,40.22544,21.17779,40.53279,-17.34177,-35.00743
33420.,19.58648,19.44635,40.22549,21.17786,40.53284,-17.34172,-35.00738
33430.,19.58654,19.44641,40.22553,21.17792,40.53289,-17.34166,-35.00733
33440.,19.5866,19.44647,40.22558,21.17798,40.53293,-17.34161,-35.00728
33450.,19.58666,19.44653,40.22563,21.17804,40.53298,-17.34156,-35.00723
33460.,19.58673,19.44659,40.22568,21.1781,40.53303,-17.34151,-35.00718
33470.,19.58679,19.44666,40.22573,21.17816,40.53308,-17.34145,-35.00713
33480.,19.58685,19.44672,40.22578,21.17823,40.53313,-17.3414,-35.00708
33490.,19.58691,19.44678,40.22583,21.17829,40.53318,-17.34135,-35.00703
33500.,19.58697,19.44684,40.22587,21.17835,40.53323,-17.34129,-35.00698
33510.,19.58703,19.4469,40.22592,21.17841,40.53327,-17.34124,-35.00693
33520.,19.58709,19.44696,40.22597,21.17847,40.53332,-17.34119,-35.00688
33530.,19.58715,19.44702,40.22602,21.17853,40.53337,-17.34114,-35.00683
33540.,19.58721,19.44708,40.22607,21.17859,40.53342,-17.34109,-35.00678
33550.,19.58727,19.44714,40.22612,21.17865,40.53347,-17.34103,-35.00673
33560.,19.58733,19.4472,40.22616,21.17871,40.53352,-17.34098,-35.00668
33570.,19.58739,19.44726,40.22621,21.17877,40.53356,-17.34093,-35.00663
33580.,19.58745,19.44732,40.22626,21.17884,40.53361,-17.34088,-35.00658
33590.,19.58751,19.44738,40.22631,21.1789,40.53366,-17.34083,-35.00653
33600.,19.58757,19.44744,40.22636,21.17896,40.53371,-17.34077,-35.00649
33610.,19.58763,19.4475,40.2264,21.17902,40.53375,-17.34072,-35.00644
33620.,19.58769,19.44756,40.22645,21.17908,40.5338,-17.34067,-35.00639
33630.,19.58775,19.44762,40.2265,21.17914,40.53385,-17.34062,-35.00634
33640.,19.58781,19.44768,40.22655,21.1792,40.5339,-17.34057,-35.00629
33650.,19.58787,19.44774,40.22659,21.17926,40.53394,-17.34052,-35.00624
33660.,19.58793,19.4478,40.22664,21.17932,40.53399,-17.34046,-35.00619
33670.,19.58799,19.44786,40.22669,21.17938,40.53404,-17.34041,-35.00614
33680.,19.58805,19.44792,40.22674,21.17944,40.53409,-17.34036,-35.0061
33690.,19.58811,19.44798,40.22678,21.1795,40.53413,-17.34031,-35.00605
33700.,19.58817,19.44804,40.22683,21.17956,40.53418,-17.34026,-35.006
33710.,19.58823,19.4481,40.22688,21.17962,40.53423,-17.34021,-35.00595
33720.,19.58829,19.44816,40.22692,21.17968,40.53427,-17.34016,-35.0059
33730.,19.58835,19.44822,40.22697,21.17974,40.53432,-17.34011,-35.00586
33740.,19.58841,19.44828,40.22702,21.17979,40.53437,-17.34006,-35.00581
33750.,19.58846,19.44834,40.22707,21.17985,40.53442,-17.34001,-35.00576
33760.,19.58852,19.4484,40.22711,21.17991,40.53446,-17.33995,-35.00571
33770.,19.58858,19.44845,40.22716,21.17997,40.53451,-17.3399,-35.00566
33780.,19.58864,19.44851,40.22721,21.18003,40.53456,-17.33985,-35.00562
33790.,19.5887,19.44857,40.22725,21.18009,40.5346,-17.3398,-35.00557
33800.,19.58876,19.44863,40.2273,21.18015,40.53465,-17.33975,-35.00552
33810.,19.58882,19.44869,40.22735,21.18021,40.53469,-17.3397,-35.00547
33820.,19.58887,19.44875,40.22739,21.18027,40.53474,-17.33965,-35.00542
33830.,19.58893,19.44881,40.22744,21.18033,40.53479,-17.3396,-35.00538
33840.,19.58899,19.44886,40.22748,21.18038,40.53483,-17.33955,-35.00533
33850.,19.58905,19.44892,40.22753,21.18044,40.53488,-17.3395,-35.00528
33860.,19.58911,19.44898,40.22758,21.1805,40.53493,-17.33945,-35.00524
33870.,19.58917,19.44904,40.22762,21.18056,40.53497,-17.3394,-35.00519
33880.,19.58922,19.4491,40.22767,21.18062,40.53502,-17.33935,-35.00514
33890.,19.58928,19.44915,40.22772,21.18068,40.53506,-17.3393,-35.00509
33900.,19.58934,19.44921,40.22776,21.18073,40.53511,-17.33925,-35.00505
33910.,19.5894,19.44927,40.22781,21.18079,40.53516,-17.3392,-35.005
33920.,19.58945,19.44933,40.22785,21.18085,40.5352,-17.33915,-35.00495
33930.,19.58951,19.44938,40.2279,21.18091,40.53525,-17.3391,-35.00491
33940.,19.58957,19.44944,40.22794,21.18097,40.53529,-17.33905,-35.00486
33950.,19.58963,19.4495,40.22799,21.18102,40.53534,-17.339,-35.00481
33960.,19.58968,19.44956,40.22804,21.18108,40.53538,-17.33895,-35.00477
33970.,19.58974,19.44961,40.22808,21.18114,40.53543,-17.33891,-35.00472
33980.,19.5898,19.44967,40.22813,21.1812,40.53548,-17.33886,-35.00467
33990.,19.58985,19.44973,40.22817,21.18125,40.53552,-17.33881,-35.00463
34000.,19.58991,19.44979,40.22822,21.18131,40.53557,-17.33876,-35.00458
34010.,19.58997,19.44984,40.22826,21.18137,40.53561,-17.33871,-35.00453
34020.,19.59003,19.4499,40.22831,21.18143,40.53566,-17.33866,-35.00449
34030.,19.59008,19.44996,40.22835,21.18148,40.5357,-17.33861,-35.00444
34040.,19.59014,19.45001,40.2284,21.18154,40.53575,-17.33856,-35.00439
34050.,19.5902,19.45007,40.22844,21.1816,40.53579,-17.33851,-35.00435
34060.,19.59025,19.45013,40.22849,21.18165,40.53584,-17.33846,-35.0043
34070.,19.59031,19.45018,40.22853,21.18171,40.53588,-17.33842,-35.00426
34080.,19.59036,19.45024,40.22858,21.18177,40.53593,-17.33837,-35.00421
34090.,19.59042,19.4503,40.22862,21.18182,40.53597,-17.33832,-35.00416
34100.,19.59048,19.45035,40.22867,21.18188,40.53602,-17.33827,-35.00412
34110.,19.59053,19.45041,40.22871,21.18194,40.53606,-17.33822,-35.00407
34120.,19.59059,19.45046,40.22876,21.18199,40.5361,-17.33817,-35.00403
34130.,19.59065,19.45052,40.2288,21.18205,40.53615,-17.33812,-35.00398
34140.,19.5907,19.45058,40.22885,21.18211,40.53619,-17.33808,-35.00394
34150.,19.59076,19.45063,40.22889,21.18216,40.53624,-17.33803,-35.00389
34160.,19.59081,19.45069,40.22894,21.18222,40.53628,-17.33798,-35.00384
34170.,19.59087,19.45074,40.22898,21.18227,40.53633,-17.33793,-35.0038
34180.,19.59092,19.4508,40.22902,21.18233,40.53637,-17.33788,-35.00375
34190.,19.59098,19.45085,40.22907,21.18239,40.53642,-17.33784,-35.00371
34200.,19.59103,19.45091,40.22911,21.18244,40.53646,-17.33779,-35.00366
34210.,19.59109,19.45097,40.22916,21.1825,40.5365,-17.33774,-35.00362
34220.,19.59115,19.45102,40.2292,21.18255,40.53655,-17.33769,-35.00357
34230.,19.5912,19.45108,40.22924,21.18261,40.53659,-17.33765,-35.00353
34240.,19.59126,19.45113,40.22929,21.18267,40.53664,-17.3376,-35.00348
34250.,19.59131,19.45119,40.22933,21.18272,40.53668,-17.33755,-35.00344
34260.,19.59137,19.45124,40.22938,21.18278,40.53672,-17.3375,-35.00339
34270.,19.59142,19.4513,40.22942,21.18283,40.53677,-17.33746,-35.00335
34280.,19.59148,19.45135,40.22946,21.18289,40.53681,-17.33741,-35.0033
34290.,19.59153,19.45141,40.22951,21.18294,40.53685,-17.33736,-35.00326
34300.,19.59159,19.45146,40.22955,21.183,40.5369,-17.33731,-35.00321
34310.,19.59164,19.45152,40.22959,21.18305,40.53694,-17.33727,-35.00317
34320.,19.59169,19.45157,40.22964,21.18311,40.53698,-17.33722,-35.00313
34330.,19.59175,19.45163,40.22968,21.18316,40.53703,-17.33717,-35.00308
34340.,19.5918,19.45168,40.22973,21.18322,40.53707,-17.33713,-35.00304
34350.,19.59186,19.45173,40.22977,21.18327,40.53711,-17.33708,-35.00299
34360.,19.59191,19.45179,40.22981,21.18333,40.53716,-17.33703,-35.00295
34370.,19.59197,19.45184,40.22985,21.18338,40.5372,-17.33698,-35.0029
34380.,19.59202,19.4519,40.2299,21.18344,40.53724,-17.33694,-35.00286
34390.,19.59208,19.45195,40.22994,21.18349,40.53729,-17.33689,-35.00282
34400.,19.59213,19.45201,40.22998,21.18354,40.53733,-17.33684,-35.00277
34410.,19.59218,19.45206,40.23003,21.1836,40.53737,-17.3368,-35.00273
34420.,19.59224,19.45211,40.23007,21.18365,40.53742,-17.33675,-35.00268
34430.,19.59229,19.45217,40.23011,21.18371,40.53746,-17.33671,-35.00264
34440.,19.59234,19.45222,40.23016,21.18376,40.5375,-17.33666,-35.0026
34450.,19.5924,19.45228,40.2302,21.18382,40.53754,-17.33661,-35.00255
34460.,19.59245,19.45233,40.23024,21.18387,40.53759,-17.33657,-35.00251
34470.,19.59251,19.45238,40.23028,21.18392,40.53763,-17.33652,-35.00246
34480.,19.59256,19.45244,40.23033,21.18398,40.53767,-17.33647,-35.00242
34490.,19.59261,19.45249,40.23037,21.18403,40.53771,-17.33643,-35.00238
34500.,19.59267,19.45254,40.23041,21.18408,40.53776,-17.33638,-35.00233
34510.,19.59272,19.4526,40.23045,21.18414,40.5378,-17.33634,-35.00229
34520.,19.59277,19.45265,40.2305,21.18419,40.53784,-17.33629,-35.00225
34530.,19.59283,19.4527,40.23054,21.18425,40.53788,-17.33624,-35.0022
34540.,19.59288,19.45276,40.23058,21.1843,40.53792,-17.3362,-35.00216
34550.,19.59293,19.45281,40.23062,21.18435,40.53797,-17.33615,-35.00212
34560.,19.59298,19.45286,40.23066,21.18441,40.53801,-17.33611,-35.00207
34570.,19.59304,19.45291,40.23071,21.18446,40.53805,-17.33606,-35.00203
34580.,19.59309,19.45297,40.23075,21.18451,40.53809,-17.33602,-35.00199
34590.,19.59314,19.45302,40.23079,21.18457,40.53813,-17.33597,-35.00194
34600.,19.59319,19.45307,40.23083,21.18462,40.53818,-17.33593,-35.0019
34610.,19.59325,19.45313,40.23087,21.18467,40.53822,-17.33588,-35.00186
34620.,19.5933,19.45318,40.23092,21.18472,40.53826,-17.33584,-35.00182
34630.,19.59335,19.45323,40.23096,21.18478,40.5383,-17.33579,-35.00177
34640.,19.5934,19.45328,40.231,21.18483,40.53834,-17.33574,-35.00173
34650.,19.59346,19.45334,40.23104,21.18488,40.53839,-17.3357,-35.00169
34660.,19.59351,19.45339,40.23108,21.18493,40.53843,-17.33565,-35.00165
34670.,19.59356,19.45344,40.23112,21.18499,40.53847,-17.33561,-35.0016
34680.,19.59361,19.45349,40.23117,21.18504,40.53851,-17.33556,-35.00156
34690.,19.59367,19.45354,40.23121,21.18509,40.53855,-17.33552,-35.00152
34700.,19.59372,19.4536,40.23125,21.18514,40.53859,-17.33548,-35.00148
34710.,19.59377,19.45365,40.23129,21.1852,40.53863,-17.33543,-35.00143
34720.,19.59382,19.4537,40.23133,21.18525,40.53867,-17.33539,-35.00139
34730.,19.59387,19.45375,40.23137,21.1853,40.53872,-17.33534,-35.00135
34740.,19.59392,19.4538,40.23141,21.18535,40.53876,-17.3353,-35.00131
34750.,19.59398,19.45386,40.23145,21.1854,40.5388,-17.33525,-35.00127
34760.,19.59403,19.45391,40.2315,21.18546,40.53884,-17.33521,-35.00122
34770.,19.59408,19.45396,40.23154,21.18551,40.53888,-17.33516,-35.00118
34780.,19.59413,19.45401,40.23158,21.18556,40.53892,-17.33512,-35.00114
34790.,19.59418,19.45406,40.23162,21.18561,40.53896,-17.33507,-35.0011
34800.,19.59423,19.45411,40.23166,21.18566,40.539,-17.33503,-35.00106
34810.,19.59428,19.45416,40.2317,21.18572,40.53904,-17.33499,-35.00101
34820.,19.59434,19.45421,40.23174,21.18577,40.53908,-17.33494,-35.00097
34830.,19.59439,19.45427,40.23178,21.18582,40.53912,-17.3349,-35.00093
34840.,19.59444,19.45432,40.23182,21.18587,40.53916,-17.33485,-35.00089
34850.,19.59449,19.45437,40.23186,21.18592,40.53921,-17.33481,-35.00085
34860.,19.59454,19.45442,40.2319,21.18597,40.53925,-17.33477,-35.00081
34870.,19.59459,19.45447,40.23194,21.18602,40.53929,-17.33472,-35.00076
34880.,19.59464,19.45452,40.23198,21.18607,40.53933,-17.33468,-35.00072
34890.,19.59469,19.45457,40.23202,21.18612,40.53937,-17.33464,-35.00068
34900.,19.59474,19.45462,40.23206,21.18618,40.53941,-17.33459,-35.00064
34910.,19.59479,19.45467,40.2321,21.18623,40.53945,-17.33455,-35.0006
34920.,19.59484,19.45472,40.23214,21.18628,40.53949,-17.3345,-35.00056
34930.,19.59489,19.45477,40.23218,21.18633,40.53953,-17.33446,-35.00052
34940.,19.59494,19.45482,40.23222,21.18638,40.53957,-17.33442,-35.00048
34950.,19.59499,19.45487,40.23227,21.18643,40.53961,-17.33437,-35.00044
34960.,19.59504,19.45492,40.2323,21.18648,40.53965,-17.33433,-35.00039
34970.,19.59509,19.45497,40.23234,21.18653,40.53969,-17.33429,-35.00035
34980.,19.59514,19.45502,40.23238,21.18658,40.53973,-17.33425,-35.00031
34990.,19.59519,19.45507,40.23242,21.18663,40.53977,-17.3342,-35.00027
35000.,19.59524,19.45512,40.23246,21.18668,40.53981,-17.33416,-35.00023
35010.,19.59529,19.45517,40.2325,21.18673,40.53985,-17.33412,-35.00019
35020.,19.59534,19.45522,40.23254,21.18678,40.53989,-17.33407,-35.00015
35030.,19.59539,19.45527,40.23258,21.18683,40.53992,-17.33403,-35.00011
35040.,19.59544,19.45532,40.23262,21.18688,40.53996,-17.33399,-35.00007
35050.,19.59549,19.45537,40.23266,21.18693,40.54,-17.33394,-35.00003
35060.,19.59554,19.45542,40.2327,21.18698,40.54004,-17.3339,-34.99999
35070.,19.59559,19.45547,40.23274,21.18703,40.54008,-17.33386,-34.99995
35080.,19.59564,19.45552,40.23278,21.18708,40.54012,-17.33382,-34.99991
35090.,19.59569,19.45557,40.23282,21.18713,40.54016,-17.33377,-34.99987
35100.,19.59574,19.45562,40.23286,21.18718,40.5402,-17.33373,-34.99983
35110.,19.59579,19.45567,40.2329,21.18723,40.54024,-17.33369,-34.99979
35120.,19.59584,19.45572,40.23294,21.18728,40.54028,-17.33365,-34.99975
35130.,19.59589,19.45577,40.23298,21.18733,40.54032,-17.3336,-34.99971
35140.,19.59594,19.45582,40.23302,21.18738,40.54036,-17.33356,-34.99967
35150.,19.59598,19.45587,40.23305,21.18743,40.5404,-17.33352,-34.99963
35160.,19.59603,19.45592,40.23309,21.18748,40.54043,-17.33348,-34.99959
35170.,19.59608,19.45596,40.23313,21.18753,40.54047,-17.33344,-34.99955
35180.,19.59613,19.45601,40.23317,21.18758,40.54051,-17.33339,-34.99951
35190.,19.59618,19.45606,40.23321,21.18762,40.54055,-17.33335,-34.99947
35200.,19.59623,19.45611,40.23325,21.18767,40.54059,-17.33331,-34.99943
35210.,19.59628,19.45616,40.23329,21.18772,40.54063,-17.33327,-34.99939
35220.,19.59633,19.45621,40.23333,21.18777,40.54067,-17.33323,-34.99935
35230.,19.59637,19.45626,40.23336,21.18782,40.5407,-17.33318,-34.99931
35240.,19.59642,19.4563,40.2334,21.18787,40.54074,-17.33314,-34.99927
35250.,19.59647,19.45635,40.23344,21.18792,40.54078,-17.3331,-34.99923
35260.,19.59652,19.4564,40.23348,21.18797,40.54082,-17.33306,-34.99919
35270.,19.59657,19.45645,40.23352,21.18801,40.54086,-17.33302,-34.99915
35280.,19.59661,19.4565,40.23356,21.18806,40.5409,-17.33298,-34.99911
35290.,19.59666,19.45655,40.23359,21.18811,40.54093,-17.33294,-34.99907
35300.,19.59671,19.45659,40.23363,21.18816,40.54097,-17.33289,-34.99904
35310.,19.59676,19.45664,40.23367,21.18821,40.54101,-17.33285,-34.999
35320.,19.59681,19.45669,40.23371,21.18826,40.54105,-17.33281,-34.99896
35330.,19.59685,19.45674,40.23375,21.1883,40.54109,-17.33277,-34.99892
35340.,19.5969,19.45679,40.23378,21.18835,40.54112,-17.33273,-34.99888
35350.,19.59695,19.45683,40.23382,21.1884,40.54116,-17.33269,-34.99884
35360.,19.597,19.45688,40.23386,21.18845,40.5412,-17.33265,-34.9988
35370.,19.59704,19.45693,40.2339,21.1885,40.54124,-17.33261,-34.99876
35380.,19.59709,19.45698,40.23394,21.18854,40.54128,-17.33256,-34.99872
35390.,19.59714,19.45702,40.23397,21.18859,40.54131,-17.33252,-34.99869
35400.,19.59719,19.45707,40.23401,21.18864,40.54135,-17.33248,-34.99865
35410.,19.59723,19.45712,40.23405,21.18869,40.54139,-17.33244,-34.99861
35420.,19.59728,19.45717,40.23409,21.18873,40.54143,-17.3324,-34.99857
35430.,19.59733,19.45721,40.23412,21.18878,40.54146,-17.33236,-34.99853
35440.,19.59738,19.45726,40.23416,21.18883,40.5415,-17.33232,-34.99849
35450.,19.59742,19.45731,40.2342,21.18888,40.54154,-17.33228,-34.99845
35460.,19.59747,19.45735,40.23424,21.18892,40.54158,-17.33224,-34.99842
35470.,19.59752,19.4574,40.23427,21.18897,40.54161,-17.3322,-34.99838
35480.,19.59756,19.45745,40.23431,21.18902,40.54165,-17.33216,-34.99834
35490.,19.59761,19.45749,40.23435,21.18907,40.54169,-17.33212,-34.9983
35500.,19.59766,19.45754,40.23439,21.18911,40.54173,-17.33208,-34.99826
35510.,19.5977,19.45759,40.23442,21.18916,40.54176,-17.33204,-34.99823
35520.,19.59775,19.45763,40.23446,21.18921,40.5418,-17.332,-34.99819
35530.,19.5978,19.45768,40.2345,21.18925,40.54184,-17.33196,-34.99815
35540.,19.59784,19.45773,40.23453,21.1893,40.54187,-17.33192,-34.99811
35550.,19.59789,19.45777,40.23457,21.18935,40.54191,-17.33188,-34.99807
35560.,19.59794,19.45782,40.23461,21.18939,40.54195,-17.33184,-34.99804
35570.,19.59798,19.45787,40.23465,21.18944,40.54198,-17.3318,-34.998
35580.,19.59803,19.45791,40.23468,21.18949,40.54202,-17.33176,-34.99796
35590.,19.59807,19.45796,40.23472,21.18953,40.54206,-17.33172,-34.99792
35600.,19.59812,19.45801,40.23476,21.18958,40.54209,-17.33168,-34.99789
35610.,19.59817,19.45805,40.23479,21.18963,40.54213,-17.33164,-34.99785
35620.,19.59821,19.4581,40.23483,21.18967,40.54217,-17.3316,-34.99781
35630.,19.59826,19.45814,40.23487,21.18972,40.5422,-17.33156,-34.99777
35640.,19.5983,19.45819,40.2349,21.18976,40.54224,-17.33152,-34.99774
35650.,19.59835,19.45824,40.23494,21.18981,40.54228,-17.33148,-34.9977
35660.,19.5984,19.45828,40.23497,21.18986,40.54231,-17.33144,-34.99766
35670.,19.59844,19.45833,40.23501,21.1899,40.54235,-17.3314,-34.99762
35680.,19.59849,19.45837,40.23505,21.18995,40.54239,-17.33136,-34.99759
35690.,19.59853,19.45842,40.23508,21.18999,40.54242,-17.33132,-34.99755
35700.,19.59858,19.45846,40.23512,21.19004,40.54246,-17.33128,-34.99751
35710.,19.59862,19.45851,40.23516,21.19009,40.54249,-17.33124,-34.99748
35720.,19.59867,19.45856,40.23519,21.19013,40.54253,-17.3312,-34.99744
35730.,19.59871,19.4586,40.23523,21.19018,40.54257,-17.33117,-34.9974
35740.,19.59876,19.45865,40.23526,21.19022,40.5426,-17.33113,-34.99736
35750.,19.59881,19.45869,40.2353,21.19027,40.54264,-17.33109,-34.99733
35760.,19.59885,19.45874,40.23534,21.19031,40.54267,-17.33105,-34.99729
35770.,19.5989,19.45878,40.23537,21.19036,40.54271,-17.33101,-34.99725
35780.,19.59894,19.45883,40.23541,21.1904,40.54275,-17.33097,-34.99722
35790.,19.59899,19.45887,40.23544,21.19045,40.54278,-17.33093,-34.99718
35800.,19.59903,19.45892,40.23548,21.1905,40.54282,-17.33089,-34.99714
35810.,19.59908,19.45896,40.23552,21.19054,40.54285,-17.33085,-34.99711
35820.,19.59912,19.45901,40.23555,21.19059,40.54289,-17.33082,-34.99707
35830.,19.59916,19.45905,40.23559,21.19063,40.54292,-17.33078,-34.99703
35840.,19.59921,19.4591,40.23562,21.19068,40.54296,-17.33074,-34.997
35850.,19.59925,19.45914,40.23566,21.19072,40.543,-17.3307,-34.99696
35860.,19.5993,19.45919,40.23569,21.19077,40.54303,-17.33066,-34.99693
35870.,19.59934,19.45923,40.23573,21.19081,40.54307,-17.33062,-34.99689
35880.,19.59939,19.45927,40.23576,21.19086,40.5431,-17.33059,-34.99685
35890.,19.59943,19.45932,40.2358,21.1909,40.54314,-17.33055,-34.99682
35900.,19.59948,19.45936,40.23583,21.19094,40.54317,-17.33051,-34.99678
35910.,19.59952,19.45941,40.23587,21.19099,40.54321,-17.33047,-34.99674
35920.,19.59956,19.45945,40.23591,21.19103,40.54324,-17.33043,-34.99671
35930.,19.59961,19.4595,40.23594,21.19108,40.54328,-17.33039,-34.99667
35940.,19.59965,19.45954,40.23598,21.19112,40.54331,-17.33036,-34.99664
35950.,19.5997,19.45958,40.23601,21.19117,40.54335,-17.33032,-34.9966
35960.,19.59974,19.45963,40.23605,21.19121,40.54338,-17.33028,-34.99656
35970.,19.59978,19.45967,40.23608,21.19126,40.54342,-17.33024,-34.99653
35980.,19.59983,19.45972,40.23612,21.1913,40.54345,-17.3302,-34.99649
35990.,19.59987,19.45976,40.23615,21.19134,40.54349,-17.33017,-34.99646
36000.,19.59992,19.4598,40.23619,21.19139,40.54352,-17.33013,-34.99642
36010.,19.59996,19.45985,40.23622,21.19143,40.54356,-17.33009,-34.99639
36020.,19.6,19.45989,40.23625,21.19148,40.54359,-17.33005,-34.99635
36030.,19.60005,19.45993,40.23629,21.19152,40.54363,-17.33002,-34.99632
36040.,19.60009,19.45998,40.23632,21.19156,40.54366,-17.32998,-34.99628
36050.,19.60013,19.46002,40.23636,21.19161,40.54369,-17.32994,-34.99624
36060.,19.60018,19.46007,40.23639,21.19165,40.54373,-17.3299,-34.99621
36070.,19.60022,19.46011,40.23643,21.19169,40.54376,-17.32987,-34.99617
36080.,19.60026,19.46015,40.23646,21.19174,40.5438,-17.32983,-34.99614
36090.,19.60031,19.4602,40.2365,21.19178,40.54383,-17.32979,-34.9961
36100.,19.60035,19.46024,40.23653,21.19182,40.54387,-17.32975,-34.99607
36110.,19.60039,19.46028,40.23657,21.19187,40.5439,-17.32972,-34.99603
36120.,19.60044,19.46032,40.2366,21.19191,40.54394,-17.32968,-34.996
36130.,19.60048,19.46037,40.23663,21.19195,40.54397,-17.32964,-34.99596
36140.,19.60052,19.46041,40.23667,21.192,40.544,-17.32961,-34.99593
36150.,19.60057,19.46045,40.2367,21.19204,40.54404,-17.32957,-34.99589
36160.,19.60061,19.4605,40.23674,21.19208,40.54407,-17.32953,-34.99586
36170.,19.60065,19.46054,40.23677,21.19213,40.54411,-17.3295,-34.99582
36180.,19.60069,19.46058,40.2368,21.19217,40.54414,-17.32946,-34.99579
36190.,19.60074,19.46062,40.23684,21.19221,40.54417,-17.32942,-34.99575
36200.,19.60078,19.46067,40.23687,21.19226,40.54421,-17.32939,-34.99572
36210.,19.60082,19.46071,40.23691,21.1923,40.54424,-17.32935,-34.99568
36220.,19.60086,19.46075,40.23694,21.19234,40.54428,-17.32931,-34.99565
36230.,19.60091,19.4608,40.23697,21.19238,40.54431,-17.32928,-34.99561
36240.,19.60095,19.46084,40.23701,21.19243,40.54434,-17.32924,-34.99558
36250.,19.60099,19.46088,40.23704,21.19247,40.54438,-17.3292,-34.99555
36260.,19.60103,19.46092,40.23707,21.19251,40.54441,-17.32917,-34.99551
36270.,19.60108,19.46096,40.23711,21.19256,40.54444,-17.32913,-34.99548
36280.,19.60112,19.46101,40.23714,21.1926,40.54448,-17.32909,-34.99544
36290.,19.60116,19.46105,40.23718,21.19264,40.54451,-17.32906,-34.99541
36300.,19.6012,19.46109,40.23721,21.19268,40.54454,-17.32902,-34.99537
36310.,19.60124,19.46113,40.23724,21.19272,40.54458,-17.32898,-34.99534
36320.,19.60129,19.46117,40.23728,21.19277,40.54461,-17.32895,-34.99531
36330.,19.60133,19.46122,40.23731,21.19281,40.54464,-17.32891,-34.99527
36340.,19.60137,19.46126,40.23734,21.19285,40.54468,-17.32888,-34.99524
36350.,19.60141,19.4613,40.23738,21.19289,40.54471,-17.32884,-34.9952
36360.,19.60145,19.46134,40.23741,21.19294,40.54474,-17.3288,-34.99517
36370.,19.60149,19.46138,40.23744,21.19298,40.54478,-17.32877,-34.99513
36380.,19.60154,19.46143,40.23748,21.19302,40.54481,-17.32873,-34.9951
36390.,19.60158,19.46147,40.23751,21.19306,40.54484,-17.3287,-34.99507
36400.,19.60162,19.46151,40.23754,21.1931,40.54488,-17.32866,-34.99503
36410.,19.60166,19.46155,40.23757,21.19314,40.54491,-17.32862,-34.995
36420.,19.6017,19.46159,40.23761,21.19319,40.54494,-17.32859,-34.99497
36430.,19.60174,19.46163,40.23764,21.19323,40.54497,-17.32855,-34.99493
36440.,19.60178,19.46167,40.23767,21.19327,40.54501,-17.32852,-34.9949
36450.,19.60183,19.46172,40.23771,21.19331,40.54504,-17.32848,-34.99486
36460.,19.60187,19.46176,40.23774,21.19335,40.54507,-17.32845,-34.99483
36470.,19.60191,19.4618,40.23777,21.19339,40.54511,-17.32841,-34.9948
36480.,19.60195,19.46184,40.2378,21.19343,40.54514,-17.32838,-34.99476
36490.,19.60199,19.46188,40.23784,21.19348,40.54517,-17.32834,-34.99473
36500.,19.60203,19.46192,40.23787,21.19352,40.5452,-17.32831,-34.9947
36510.,19.60207,19.46196,40.2379,21.19356,40.54524,-17.32827,-34.99466
36520.,19.60211,19.462,40.23793,21.1936,40.54527,-17.32824,-34.99463
36530.,19.60215,19.46204,40.23797,21.19364,40.5453,-17.3282,-34.9946
36540.,19.60219,19.46208,40.238,21.19368,40.54533,-17.32816,-34.99456
36550.,19.60223,19.46213,40.23803,21.19372,40.54537,-17.32813,-34.99453
36560.,19.60228,19.46217,40.23806,21.19376,40.5454,-17.32809,-34.9945
36570.,19.60232,19.46221,40.2381,21.1938,40.54543,-17.32806,-34.99447
36580.,19.60236,19.46225,40.23813,21.19385,40.54546,-17.32802,-34.99443
36590.,19.6024,19.46229,40.23816,21.19389,40.54549,-17.32799,-34.9944
36600.,19.60244,19.46233,40.23819,21.19393,40.54553,-17.32795,-34.99437
36610.,19.60248,19.46237,40.23823,21.19397,40.54556,-17.32792,-34.99433
36620.,19.60252,19.46241,40.23826,21.19401,40.54559,-17.32789,-34.9943
36630.,19.60256,19.46245,40.23829,21.19405,40.54562,-17.32785,-34.99427
36640.,19.6026,19.46249,40.23832,21.19409,40.54565,-17.32782,-34.99423
36650.,19.60264,19.46253,40.23835,21.19413,40.54569,-17.32778,-34.9942
36660.,19.60268,19.46257,40.23839,21.19417,40.54572,-17.32775,-34.99417
36670.,19.60272,19.46261,40.23842,21.19421,40.54575,-17.32771,-34.99414
36680.,19.60276,19.46265,40.23845,21.19425,40.54578,-17.32768,-34.9941
36690.,19.6028,19.46269,40.23848,21.19429,40.54581,-17.32764,-34.99407
36700.,19.60284,19.46273,40.23851,21.19433,40.54585,-17.32761,-34.99404
36710.,19.60288,19.46277,40.23854,21.19437,40.54588,-17.32757,-34.99401
36720.,19.60292,19.46281,40.23858,21.19441,40.54591,-17.32754,-34.99397
36730.,19.60296,19.46285,40.23861,21.19445,40.54594,-17.32751,-34.99394
36740.,19.603,19.46289,40.23864,21.19449,40.54597,-17.32747,-34.99391
36750.,19.60304,19.46293,40.23867,21.19453,40.546,-17.32744,-34.99388
36760.,19.60308,19.46297,40.2387,21.19457,40.54603,-17.3274,-34.99384
36770.,19.60312,19.46301,40.23873,21.19461,40.54607,-17.32737,-34.99381
36780.,19.60316,19.46305,40.23877,21.19465,40.5461,-17.32734,-34.99378
36790.,19.60319,19.46309,40.2388,21.19469,40.54613,-17.3273,-34.99375
36800.,19.60323,19.46313,40.23883,21.19473,40.54616,-17.32727,-34.99372
36810.,19.60327,19.46317,40.23886,21.19477,40.54619,-17.32723,-34.99368
36820.,19.60331,19.4632,40.23889,21.19481,40.54622,-17.3272,-34.99365
36830.,19.60335,19.46324,40.23892,21.19485,40.54625,-17.32717,-34.99362
36840.,19.60339,19.46328,40.23895,21.19489,40.54628,-17.32713,-34.99359
36850.,19.60343,19.46332,40.23898,21.19493,40.54632,-17.3271,-34.99356
36860.,19.60347,19.46336,40.23901,21.19497,40.54635,-17.32707,-34.99352
36870.,19.60351,19.4634,40.23905,21.19501,40.54638,-17.32703,-34.99349
36880.,19.60355,19.46344,40.23908,21.19504,40.54641,-17.327,-34.99346
36890.,19.60359,19.46348,40.23911,21.19508,40.54644,-17.32696,-34.99343
36900.,19.60362,19.46352,40.23914,21.19512,40.54647,-17.32693,-34.9934
36910.,19.60366,19.46356,40.23917,21.19516,40.5465,-17.3269,-34.99337
36920.,19.6037,19.4636,40.2392,21.1952,40.54653,-17.32686,-34.99333
36930.,19.60374,19.46363,40.23923,21.19524,40.54656,-17.32683,-34.9933
36940.,19.60378,19.46367,40.23926,21.19528,40.54659,-17.3268,-34.99327
36950.,19.60382,19.46371,40.23929,21.19532,40.54662,-17.32676,-34.99324
36960.,19.60386,19.46375,40.23932,21.19536,40.54666,-17.32673,-34.99321
36970.,19.6039,19.46379,40.23935,21.1954,40.54669,-17.3267,-34.99318
36980.,19.60393,19.46383,40.23938,21.19543,40.54672,-17.32666,-34.99315
36990.,19.60397,19.46387,40.23942,21.19547,40.54675,-17.32663,-34.99311
37000.,19.60401,19.4639,40.23945,21.19551,40.54678,-17.3266,-34.99308
37010.,19.60405,19.46394,40.23948,21.19555,40.54681,-17.32657,-34.99305
37020.,19.60409,19.46398,40.23951,21.19559,40.54684,-17.32653,-34.99302
37030.,19.60413,19.46402,40.23954,21.19563,40.54687,-17.3265,-34.99299
37040.,19.60416,19.46406,40.23957,21.19567,40.5469,-17.32647,-34.99296
37050.,19.6042,19.46409,40.2396,21.1957,40.54693,-17.32643,-34.99293
37060.,19.60424,19.46413,40.23963,21.19574,40.54696,-17.3264,-34.9929
37070.,19.60428,19.46417,40.23966,21.19578,40.54699,-17.32637,-34.99287
37080.,19.60432,19.46421,40.23969,21.19582,40.54702,-17.32634,-34.99283
37090.,19.60435,19.46425,40.23972,21.19586,40.54705,-17.3263,-34.9928
37100.,19.60439,19.46428,40.23975,21.19589,40.54708,-17.32627,-34.99277
37110.,19.60443,19.46432,40.23978,21.19593,40.54711,-17.32624,-34.99274
37120.,19.60447,19.46436,40.23981,21.19597,40.54714,-17.32621,-34.99271
37130.,19.6045,19.4644,40.23984,21.19601,40.54717,-17.32617,-34.99268
37140.,19.60454,19.46444,40.23987,21.19605,40.5472,-17.32614,-34.99265
37150.,19.60458,19.46447,40.2399,21.19608,40.54723,-17.32611,-34.99262
37160.,19.60462,19.46451,40.23993,21.19612,40.54726,-17.32608,-34.99259
37170.,19.60465,19.46455,40.23996,21.19616,40.54729,-17.32604,-34.99256
37180.,19.60469,19.46459,40.23999,21.1962,40.54732,-17.32601,-34.99253
37190.,19.60473,19.46462,40.24002,21.19623,40.54735,-17.32598,-34.9925
37200.,19.60477,19.46466,40.24005,21.19627,40.54738,-17.32595,-34.99247
37210.,19.6048,19.4647,40.24008,21.19631,40.54741,-17.32591,-34.99244
37220.,19.60484,19.46474,40.24011,21.19635,40.54744,-17.32588,-34.99241
37230.,19.60488,19.46477,40.24014,21.19638,40.54747,-17.32585,-34.99238
37240.,19.60492,19.46481,40.24017,21.19642,40.5475,-17.32582,-34.99235
37250.,19.60495,19.46485,40.2402,21.19646,40.54753,-17.32579,-34.99232
37260.,19.60499,19.46488,40.24023,21.1965,40.54756,-17.32575,-34.99229
37270.,19.60503,19.46492,40.24025,21.19653,40.54759,-17.32572,-34.99226
37280.,19.60506,19.46496,40.24028,21.19657,40.54761,-17.32569,-34.99223
37290.,19.6051,19.46499,40.24031,21.19661,40.54764,-17.32566,-34.9922
37300.,19.60514,19.46503,40.24034,21.19665,40.54767,-17.32563,-34.99216
37310.,19.60517,19.46507,40.24037,21.19668,40.5477,-17.3256,-34.99213
37320.,19.60521,19.46511,40.2404,21.19672,40.54773,-17.32556,-34.99211
37330.,19.60525,19.46514,40.24043,21.19676,40.54776,-17.32553,-34.99208
37340.,19.60528,19.46518,40.24046,21.19679,40.54779,-17.3255,-34.99205
37350.,19.60532,19.46522,40.24049,21.19683,40.54782,-17.32547,-34.99202
37360.,19.60536,19.46525,40.24052,21.19687,40.54785,-17.32544,-34.99199
37370.,19.60539,19.46529,40.24055,21.1969,40.54788,-17.32541,-34.99196
37380.,19.60543,19.46532,40.24058,21.19694,40.54791,-17.32537,-34.99193
37390.,19.60547,19.46536,40.24061,21.19698,40.54794,-17.32534,-34.9919
37400.,19.6055,19.4654,40.24063,21.19701,40.54796,-17.32531,-34.99187
37410.,19.60554,19.46543,40.24066,21.19705,40.54799,-17.32528,-34.99184
37420.,19.60558,19.46547,40.24069,21.19709,40.54802,-17.32525,-34.99181
37430.,19.60561,19.46551,40.24072,21.19712,40.54805,-17.32522,-34.99178
37440.,19.60565,19.46554,40.24075,21.19716,40.54808,-17.32519,-34.99175
37450.,19.60568,19.46558,40.24078,21.1972,40.54811,-17.32516,-34.99172
37460.,19.60572,19.46562,40.24081,21.19723,40.54814,-17.32512,-34.99169
37470.,19.60576,19.46565,40.24084,21.19727,40.54817,-17.32509,-34.99166
37480.,19.60579,19.46569,40.24086,21.19731,40.54819,-17.32506,-34.99163
37490.,19.60583,19.46572,40.24089,21.19734,40.54822,-17.32503,-34.9916
37500.,19.60586,19.46576,40.24092,21.19738,40.54825,-17.325,-34.99157
37510.,19.6059,19.46579,40.24095,21.19741,40.54828,-17.32497,-34.99154
37520.,19.60594,19.46583,40.24098,21.19745,40.54831,-17.32494,-34.99151
37530.,19.60597,19.46587,40.24101,21.19749,40.54834,-17.32491,-34.99149
37540.,19.60601,19.4659,40.24104,21.19752,40.54836,-17.32488,-34.99146
37550.,19.60604,19.46594,40.24106,21.19756,40.54839,-17.32485,-34.99143
37560.,19.60608,19.46597,40.24109,21.19759,40.54842,-17.32482,-34.9914
37570.,19.60611,19.46601,40.24112,21.19763,40.54845,-17.32478,-34.99137
37580.,19.60615,19.46604,40.24115,21.19766,40.54848,-17.32475,-34.99134
37590.,19.60618,19.46608,40.24118,21.1977,40.54851,-17.32472,-34.99131
37600.,19.60622,19.46612,40.24121,21.19774,40.54853,-17.32469,-34.99128
37610.,19.60626,19.46615,40.24123,21.19777,40.54856,-17.32466,-34.99125
37620.,19.60629,19.46619,40.24126,21.19781,40.54859,-17.32463,-34.99122
37630.,19.60633,19.46622,40.24129,21.19784,40.54862,-17.3246,-34.9912
37640.,19.60636,19.46626,40.24132,21.19788,40.54865,-17.32457,-34.99117
37650.,19.6064,19.46629,40.24135,21.19791,40.54867,-17.32454,-34.99114
37660.,19.60643,19.46633,40.24137,21.19795,40.5487,-17.32451,-34.99111
37670.,19.60647,19.46636,40.2414,21.19798,40.54873,-17.32448,-34.99108
37680.,19.6065,19.4664,40.24143,21.19802,40.54876,-17.32445,-34.99105
37690.,19.60654,19.46643,40.24146,21.19805,40.54879,-17.32442,-34.99102
37700.,19.60657,19.46647,40.24149,21.19809,40.54881,-17.32439,-34.991
37710.,19.60661,19.4665,40.24151,21.19813,40.54884,-17.32436,-34.99097
37720.,19.60664,19.46654,40.24154,21.19816,40.54887,-17.32433,-34.99094
37730.,19.60668,19.46657,40.24157,21.1982,40.5489,-17.3243,-34.99091
37740.,19.60671,19.46661,40.2416,21.19823,40.54892,-17.32427,-34.99088
37750.,19.60675,19.46664,40.24162,21.19827,40.54895,-17.32424,-34.99085
37760.,19.60678,19.46668,40.24165,21.1983,40.54898,-17.32421,-34.99083
37770.,19.60681,19.46671,40.24168,21.19834,40.54901,-17.32418,-34.9908
37780.,19.60685,19.46675,40.24171,21.19837,40.54903,-17.32415,-34.99077
37790.,19.60688,19.46678,40.24173,21.1984,40.54906,-17.32412,-34.99074
37800.,19.60692,19.46681,40.24176,21.19844,40.54909,-17.32409,-34.99071
37810.,19.60695,19.46685,40.24179,21.19847,40.54912,-17.32406,-34.99068
37820.,19.60699,19.46688,40.24182,21.19851,40.54914,-17.32403,-34.99066
37830.,19.60702,19.46692,40.24184,21.19854,40.54917,-17.324,-34.99063
37840.,19.60706,19.46695,40.24187,21.19858,40.5492,-17.32397,-34.9906
37850.,19.60709,19.46699,40.2419,21.19861,40.54923,-17.32394,-34.99057
37860.,19.60712,19.46702,40.24193,21.19865,40.54925,-17.32391,-34.99054
37870.,19.60716,19.46706,40.24195,21.19868,40.54928,-17.32388,-34.99052
37880.,19.60719,19.46709,40.24198,21.19872,40.54931,-17.32385,-34.99049
37890.,19.60723,19.46712,40.24201,21.19875,40.54933,-17.32382,-34.99046
37900.,19.60726,19.46716,40.24203,21.19878,40.54936,-17.3238,-34.99043
37910.,19.60729,19.46719,40.24206,21.19882,40.54939,-17.32377,-34.99041
37920.,19.60733,19.46723,40.24209,21.19885,40.54942,-17.32374,-34.99038
37930.,19.60736,19.46726,40.24212,21.19889,40.54944,-17.32371,-34.99035
37940.,19.6074,19.46729,40.24214,21.19892,40.54947,-17.32368,-34.99032
37950.,19.60743,19.46733,40.24217,21.19895,40.5495,-17.32365,-34.9903
37960.,19.60746,19.46736,40.2422,21.19899,40.54952,-17.32362,-34.99027
37970.,19.6075,19.46739,40.24222,21.19902,40.54955,-17.32359,-34.99024
37980.,19.60753,19.46743,40.24225,21.19906,40.54958,-17.32356,-34.99021
37990.,19.60756,19.46746,40.24228,21.19909,40.5496,-17.32353,-34.99019
38000.,19.6076,19.4675,40.2423,21.19912,40.54963,-17.3235,-34.99016
38010.,19.60763,19.46753,40.24233,21.19916,40.54966,-17.32348,-34.99013
38020.,19.60767,19.46756,40.24236,21.19919,40.54968,-17.32345,-34.9901
38030.,19.6077,19.4676,40.24238,21.19923,40.54971,-17.32342,-34.99008
38040.,19.60773,19.46763,40.24241,21.19926,40.54974,-17.32339,-34.99005
38050.,19.60777,19.46766,40.24244,21.19929,40.54976,-17.32336,-34.99002
38060.,19.6078,19.4677,40.24246,21.19933,40.54979,-17.32333,-34.98999
38070.,19.60783,19.46773,40.24249,21.19936,40.54982,-17.3233,-34.98997
38080.,19.60787,19.46776,40.24252,21.19939,40.54984,-17.32327,-34.98994
38090.,19.6079,19.4678,40.24254,21.19943,40.54987,-17.32325,-34.98991
38100.,19.60793,19.46783,40.24257,21.19946,40.5499,-17.32322,-34.98989
38110.,19.60796,19.46786,40.24259,21.19949,40.54992,-17.32319,-34.98986
38120.,19.608,19.4679,40.24262,21.19953,40.54995,-17.32316,-34.98983
38130.,19.60803,19.46793,40.24265,21.19956,40.54997,-17.32313,-34.98981
38140.,19.60806,19.46796,40.24267,21.19959,40.55,-17.3231,-34.98978
38150.,19.6081,19.468,40.2427,21.19963,40.55003,-17.32307,-34.98975
38160.,19.60813,19.46803,40.24273,21.19966,40.55005,-17.32305,-34.98973
38170.,19.60816,19.46806,40.24275,21.19969,40.55008,-17.32302,-34.9897
38180.,19.6082,19.46809,40.24278,21.19973,40.55011,-17.32299,-34.98967
38190.,19.60823,19.46813,40.2428,21.19976,40.55013,-17.32296,-34.98964
38200.,19.60826,19.46816,40.24283,21.19979,40.55016,-17.32293,-34.98962
38210.,19.60829,19.46819,40.24286,21.19982,40.55018,-17.3229,-34.98959
38220.,19.60833,19.46822,40.24288,21.19986,40.55021,-17.32288,-34.98956
38230.,19.60836,19.46826,40.24291,21.19989,40.55023,-17.32285,-34.98954
38240.,19.60839,19.46829,40.24293,21.19992,40.55026,-17.32282,-34.98951
38250.,19.60842,19.46832,40.24296,21.19996,40.55029,-17.32279,-34.98949
38260.,19.60846,19.46835,40.24299,21.19999,40.55031,-17.32276,-34.98946
38270.,19.60849,19.46839,40.24301,21.20002,40.55034,-17.32274,-34.98943
38280.,19.60852,19.46842,40.24304,21.20005,40.55036,-17.32271,-34.98941
38290.,19.60855,19.46845,40.24306,21.20009,40.55039,-17.32268,-34.98938
38300.,19.60859,19.46848,40.24309,21.20012,40.55042,-17.32265,-34.98935
38310.,19.60862,19.46852,40.24311,21.20015,40.55044,-17.32263,-34.98933
38320.,19.60865,19.46855,40.24314,21.20018,40.55047,-17.3226,-34.9893
38330.,19.60868,19.46858,40.24317,21.20022,40.55049,-17.32257,-34.98927
38340.,19.60871,19.46861,40.24319,21.20025,40.55052,-17.32254,-34.98925
38350.,19.60875,19.46865,40.24322,21.20028,40.55054,-17.32251,-34.98922
38360.,19.60878,19.46868,40.24324,21.20031,40.55057,-17.32249,-34.9892
38370.,19.60881,19.46871,40.24327,21.20034,40.55059,-17.32246,-34.98917
38380.,19.60884,19.46874,40.24329,21.20038,40.55062,-17.32243,-34.98914
38390.,19.60887,19.46877,40.24332,21.20041,40.55064,-17.3224,-34.98912
38400.,19.60891,19.46881,40.24334,21.20044,40.55067,-17.32238,-34.98909
38410.,19.60894,19.46884,40.24337,21.20047,40.5507,-17.32235,-34.98907
38420.,19.60897,19.46887,40.24339,21.20051,40.55072,-17.32232,-34.98904
38430.,19.609,19.4689,40.24342,21.20054,40.55075,-17.32229,-34.98901
38440.,19.60903,19.46893,40.24345,21.20057,40.55077,-17.32227,-34.98899
38450.,19.60906,19.46896,40.24347,21.2006,40.5508,-17.32224,-34.98896
38460.,19.6091,19.469,40.2435,21.20063,40.55082,-17.32221,-34.98894
38470.,19.60913,19.46903,40.24352,21.20066,40.55085,-17.32219,-34.98891
38480.,19.60916,19.46906,40.24355,21.2007,40.55087,-17.32216,-34.98889
38490.,19.60919,19.46909,40.24357,21.20073,40.5509,-17.32213,-34.98886
38500.,19.60922,19.46912,40.2436,21.20076,40.55092,-17.3221,-34.98883
38510.,19.60925,19.46915,40.24362,21.20079,40.55095,-17.32208,-34.98881
38520.,19.60928,19.46918,40.24365,21.20082,40.55097,-17.32205,-34.98878
38530.,19.60932,19.46922,40.24367,21.20085,40.551,-17.32202,-34.98876
38540.,19.60935,19.46925,40.2437,21.20089,40.55102,-17.322,-34.98873
38550.,19.60938,19.46928,40.24372,21.20092,40.55105,-17.32197,-34.98871
38560.,19.60941,19.46931,40.24375,21.20095,40.55107,-17.32194,-34.98868
38570.,19.60944,19.46934,40.24377,21.20098,40.5511,-17.32192,-34.98866
38580.,19.60947,19.46937,40.2438,21.20101,40.55112,-17.32189,-34.98863
38590.,19.6095,19.4694,40.24382,21.20104,40.55115,-17.32186,-34.98861
38600.,19.60953,19.46943,40.24384,21.20107,40.55117,-17.32183,-34.98858
38610.,19.60956,19.46947,40.24387,21.20111,40.55119,-17.32181,-34.98855
38620.,19.6096,19.4695,40.24389,21.20114,40.55122,-17.32178,-34.98853
38630.,19.60963,19.46953,40.24392,21.20117,40.55124,-17.32175,-34.9885
38640.,19.60966,19.46956,40.24394,21.2012,40.55127,-17.32173,-34.98848
38650.,19.60969,19.46959,40.24397,21.20123,40.55129,-17.3217,-34.98845
38660.,19.60972,19.46962,40.24399,21.20126,40.55132,-17.32168,-34.98843
38670.,19.60975,19.46965,40.24402,21.20129,40.55134,-17.32165,-34.9884
38680.,19.60978,19.46968,40.24404,21.20132,40.55137,-17.32162,-34.98838
38690.,19.60981,19.46971,40.24407,21.20135,40.55139,-17.3216,-34.98835
38700.,19.60984,19.46974,40.24409,21.20138,40.55141,-17.32157,-34.98833
38710.,19.60987,19.46977,40.24411,21.20142,40.55144,-17.32154,-34.9883
38720.,19.6099,19.4698,40.24414,21.20145,40.55146,-17.32152,-34.98828
38730.,19.60993,19.46983,40.24416,21.20148,40.55149,-17.32149,-34.98825
38740.,19.60996,19.46987,40.24419,21.20151,40.55151,-17.32146,-34.98823
38750.,19.60999,19.4699,40.24421,21.20154,40.55154,-17.32144,-34.9882
38760.,19.61002,19.46993,40.24424,21.20157,40.55156,-17.32141,-34.98818
38770.,19.61006,19.46996,40.24426,21.2016,40.55158,-17.32139,-34.98815
38780.,19.61009,19.46999,40.24428,21.20163,40.55161,-17.32136,-34.98813
38790.,19.61012,19.47002,40.24431,21.20166,40.55163,-17.32133,-34.98811
38800.,19.61015,19.47005,40.24433,21.20169,40.55166,-17.32131,-34.98808
38810.,19.61018,19.47008,40.24436,21.20172,40.55168,-17.32128,-34.98806
38820.,19.61021,19.47011,40.24438,21.20175,40.5517,-17.32126,-34.98803
38830.,19.61024,19.47014,40.2444,21.20178,40.55173,-17.32123,-34.98801
38840.,19.61027,19.47017,40.24443,21.20181,40.55175,-17.3212,-34.98798
38850.,19.6103,19.4702,40.24445,21.20184,40.55178,-17.32118,-34.98796
38860.,19.61033,19.47023,40.24448,21.20187,40.5518,-17.32115,-34.98793
38870.,19.61036,19.47026,40.2445,21.2019,40.55182,-17.32113,-34.98791
38880.,19.61039,19.47029,40.24452,21.20193,40.55185,-17.3211,-34.98789
38890.,19.61042,19.47032,40.24455,21.20196,40.55187,-17.32107,-34.98786
38900.,19.61045,19.47035,40.24457,21.20199,40.55189,-17.32105,-34.98784
38910.,19.61048,19.47038,40.24459,21.20202,40.55192,-17.32102,-34.98781
38920.,19.61051,19.47041,40.24462,21.20205,40.55194,-17.321,-34.98779
38930.,19.61054,19.47044,40.24464,21.20208,40.55197,-17.32097,-34.98776
38940.,19.61056,19.47047,40.24467,21.20211,40.55199,-17.32095,-34.98774
38950.,19.61059,19.4705,40.24469,21.20214,40.55201,-17.32092,-34.98772
38960.,19.61062,19.47053,40.24471,21.20217,40.55204,-17.32089,-34.98769
38970.,19.61065,19.47056,40.24474,21.2022,40.55206,-17.32087,-34.98767
38980.,19.61068,19.47058,40.24476,21.20223,40.55208,-17.32084,-34.98764
38990.,19.61071,19.47061,40.24478,21.20226,40.55211,-17.32082,-34.98762
39000.,19.61074,19.47064,40.24481,21.20229,40.55213,-17.32079,-34.9876
39010.,19.61077,19.47067,40.24483,21.20232,40.55215,-17.32077,-34.98757
39020.,19.6108,19.4707,40.24485,21.20235,40.55218,-17.32074,-34.98755
39030.,19.61083,19.47073,40.24488,21.20238,40.5522,-17.32072,-34.98752
39040.,19.61086,19.47076,40.2449,21.20241,40.55222,-17.32069,-34.9875
39050.,19.61089,19.47079,40.24492,21.20244,40.55225,-17.32067,-34.98748
39060.,19.61092,19.47082,40.24495,21.20247,40.55227,-17.32064,-34.98745
39070.,19.61095,19.47085,40.24497,21.2025,40.55229,-17.32062,-34.98743
39080.,19.61098,19.47088,40.24499,21.20253,40.55232,-17.32059,-34.9874
39090.,19.611,19.47091,40.24502,21.20256,40.55234,-17.32057,-34.98738
39100.,19.61103,19.47094,40.24504,21.20258,40.55236,-17.32054,-34.98736
39110.,19.61106,19.47097,40.24506,21.20261,40.55239,-17.32052,-34.98733
39120.,19.61109,19.47099,40.24509,21.20264,40.55241,-17.32049,-34.98731
39130.,19.61112,19.47102,40.24511,21.20267,40.55243,-17.32047,-34.98729
39140.,19.61115,19.47105,40.24513,21.2027,40.55245,-17.32044,-34.98726
39150.,19.61118,19.47108,40.24515,21.20273,40.55248,-17.32042,-34.98724
39160.,19.61121,19.47111,40.24518,21.20276,40.5525,-17.32039,-34.98722
39170.,19.61124,19.47114,40.2452,21.20279,40.55252,-17.32037,-34.98719
39180.,19.61126,19.47117,40.24522,21.20282,40.55255,-17.32034,-34.98717
39190.,19.61129,19.4712,40.24525,21.20285,40.55257,-17.32032,-34.98715
39200.,19.61132,19.47123,40.24527,21.20288,40.55259,-17.32029,-34.98712
39210.,19.61135,19.47125,40.24529,21.2029,40.55261,-17.32027,-34.9871
39220.,19.61138,19.47128,40.24531,21.20293,40.55264,-17.32024,-34.98708
39230.,19.61141,19.47131,40.24534,21.20296,40.55266,-17.32022,-34.98705
39240.,19.61144,19.47134,40.24536,21.20299,40.55268,-17.32019,-34.98703
39250.,19.61146,19.47137,40.24538,21.20302,40.55271,-17.32017,-34.98701
39260.,19.61149,19.4714,40.24541,21.20305,40.55273,-17.32014,-34.98698
39270.,19.61152,19.47142,40.24543,21.20308,40.55275,-17.32012,-34.98696
39280.,19.61155,19.47145,40.24545,21.2031,40.55277,-17.3201,-34.98694
39290.,19.61158,19.47148,40.24547,21.20313,40.5528,-17.32007,-34.98691
39300.,19.61161,19.47151,40.2455,21.20316,40.55282,-17.32005,-34.98689
39310.,19.61163,19.47154,40.24552,21.20319,40.55284,-17.32002,-34.98687
39320.,19.61166,19.47157,40.24554,21.20322,40.55286,-17.32,-34.98684
39330.,19.61169,19.47159,40.24556,21.20325,40.55289,-17.31997,-34.98682
39340.,19.61172,19.47162,40.24559,21.20328,40.55291,-17.31995,-34.9868
39350.,19.61175,19.47165,40.24561,21.2033,40.55293,-17.31993,-34.98677
39360.,19.61178,19.47168,40.24563,21.20333,40.55295,-17.3199,-34.98675
39370.,19.6118,19.47171,40.24565,21.20336,40.55297,-17.31988,-34.98673
39380.,19.61183,19.47174,40.24567,21.20339,40.553,-17.31985,-34.98671
39390.,19.61186,19.47176,40.2457,21.20342,40.55302,-17.31983,-34.98668
39400.,19.61189,19.47179,40.24572,21.20344,40.55304,-17.31981,-34.98666
39410.,19.61192,19.47182,40.24574,21.20347,40.55306,-17.31978,-34.98664
39420.,19.61194,19.47185,40.24576,21.2035,40.55309,-17.31976,-34.98662
39430.,19.61197,19.47187,40.24579,21.20353,40.55311,-17.31973,-34.98659
39440.,19.612,19.4719,40.24581,21.20356,40.55313,-17.31971,-34.98657
39450.,19.61203,19.47193,40.24583,21.20358,40.55315,-17.31969,-34.98655
39460.,19.61205,19.47196,40.24585,21.20361,40.55317,-17.31966,-34.98652
39470.,19.61208,19.47199,40.24587,21.20364,40.5532,-17.31964,-34.9865
39480.,19.61211,19.47201,40.2459,21.20367,40.55322,-17.31961,-34.98648
39490.,19.61214,19.47204,40.24592,21.2037,40.55324,-17.31959,-34.98646
39500.,19.61216,19.47207,40.24594,21.20372,40.55326,-17.31957,-34.98643
39510.,19.61219,19.4721,40.24596,21.20375,40.55328,-17.31954,-34.98641
39520.,19.61222,19.47212,40.24598,21.20378,40.55331,-17.31952,-34.98639
39530.,19.61225,19.47215,40.24601,21.20381,40.55333,-17.3195,-34.98637
39540.,19.61227,19.47218,40.24603,21.20383,40.55335,-17.31947,-34.98635
39550.,19.6123,19.47221,40.24605,21.20386,40.55337,-17.31945,-34.98632
39560.,19.61233,19.47223,40.24607,21.20389,40.55339,-17.31942,-34.9863
39570.,19.61236,19.47226,40.24609,21.20392,40.55341,-17.3194,-34.98628
39580.,19.61238,19.47229,40.24611,21.20394,40.55344,-17.31938,-34.98626
39590.,19.61241,19.47232,40.24614,21.20397,40.55346,-17.31935,-34.98623
39600.,19.61244,19.47234,40.24616,21.204,40.55348,-17.31933,-34.98621
39610.,19.61247,19.47237,40.24618,21.20403,40.5535,-17.31931,-34.98619
39620.,19.61249,19.4724,40.2462,21.20405,40.55352,-17.31928,-34.98617
39630.,19.61252,19.47242,40.24622,21.20408,40.55354,-17.31926,-34.98615
39640.,19.61255,19.47245,40.24624,21.20411,40.55357,-17.31924,-34.98612
39650.,19.61257,19.47248,40.24627,21.20414,40.55359,-17.31921,-34.9861
39660.,19.6126,19.47251,40.24629,21.20416,40.55361,-17.31919,-34.98608
39670.,19.61263,19.47253,40.24631,21.20419,40.55363,-17.31917,-34.98606
39680.,19.61265,19.47256,40.24633,21.20422,40.55365,-17.31914,-34.98604
39690.,19.61268,19.47259,40.24635,21.20424,40.55367,-17.31912,-34.98601
39700.,19.61271,19.47261,40.24637,21.20427,40.55369,-17.3191,-34.98599
39710.,19.61273,19.47264,40.24639,21.2043,40.55372,-17.31907,-34.98597
39720.,19.61276,19.47267,40.24642,21.20432,40.55374,-17.31905,-34.98595
39730.,19.61279,19.47269,40.24644,21.20435,40.55376,-17.31903,-34.98593
39740.,19.61281,19.47272,40.24646,21.20438,40.55378,-17.31901,-34.9859
39750.,19.61284,19.47275,40.24648,21.20441,40.5538,-17.31898,-34.98588
39760.,19.61287,19.47277,40.2465,21.20443,40.55382,-17.31896,-34.98586
39770.,19.61289,19.4728,40.24652,21.20446,40.55384,-17.31894,-34.98584
39780.,19.61292,19.47283,40.24654,21.20449,40.55386,-17.31891,-34.98582
39790.,19.61295,19.47285,40.24656,21.20451,40.55388,-17.31889,-34.9858
39800.,19.61297,19.47288,40.24658,21.20454,40.55391,-17.31887,-34.98577
39810.,19.613,19.47291,40.24661,21.20457,40.55393,-17.31885,-34.98575
39820.,19.61303,19.47293,40.24663,21.20459,40.55395,-17.31882,-34.98573
39830.,19.61305,19.47296,40.24665,21.20462,40.55397,-17.3188,-34.98571
39840.,19.61308,19.47299,40.24667,21.20465,40.55399,-17.31878,-34.98569
39850.,19.61311,19.47301,40.24669,21.20467,40.55401,-17.31875,-34.98567
39860.,19.61313,19.47304,40.24671,21.2047,40.55403,-17.31873,-34.98565
39870.,19.61316,19.47306,40.24673,21.20472,40.55405,-17.31871,-34.98562
39880.,19.61318,19.47309,40.24675,21.20475,40.55407,-17.31869,-34.9856
39890.,19.61321,19.47312,40.24677,21.20478,40.55409,-17.31866,-34.98558
39900.,19.61324,19.47314,40.24679,21.2048,40.55411,-17.31864,-34.98556
39910.,19.61326,19.47317,40.24681,21.20483,40.55414,-17.31862,-34.98554
39920.,19.61329,19.47319,40.24684,21.20486,40.55416,-17.3186,-34.98552
39930.,19.61332,19.47322,40.24686,21.20488,40.55418,-17.31857,-34.9855
39940.,19.61334,19.47325,40.24688,21.20491,40.5542,-17.31855,-34.98548
39950.,19.61337,19.47327,40.2469,21.20493,40.55422,-17.31853,-34.98545
39960.,19.61339,19.4733,40.24692,21.20496,40.55424,-17.31851,-34.98543
39970.,19.61342,19.47332,40.24694,21.20499,40.55426,-17.31848,-34.98541
39980.,19.61344,19.47335,40.24696,21.20501,40.55428,-17.31846,-34.98539
39990.,19.61347,19.47338,40.24698,21.20504,40.5543,-17.31844,-34.98537
40000.,19.6135,19.4734,40.247,21.20506,40.55432,-17.31842,-34.98535