Times,MAIN_PNL_PX.1,MAIN_PNL_MX.1,MAIN_PNL_PY.1,MAIN_PNL_MY.1,MAIN_PNL_PZ.1,MAIN_PNL_MZ.1,MAIN_PNL_MY.20001
0.,20.,20.,20.,20.,20.,20.,20.
10.,20.23996,19.96523,20.24191,19.98514,19.96565,19.34704,-35.97239
20.,20.47659,19.93041,20.48044,19.96989,19.93125,18.70679,-35.98472
30.,20.70994,19.89557,20.71564,19.95436,19.89683,18.07892,-35.99729
40.,20.94007,19.86071,20.94757,19.93857,19.86241,17.46313,-36.01007
50.,21.16702,19.82586,21.17628,19.92253,19.828,16.85911,-36.02305
60.,21.39085,19.79103,21.40183,19.90627,19.79363,16.26658,-36.03621
70.,21.61161,19.75625,21.62425,19.88981,19.7593,15.68526,-36.04953
80.,21.82934,19.72153,21.8436,19.87316,19.72504,15.11488,-36.06299
90.,22.04408,19.68688,22.05993,19.85636,19.69085,14.55517,-36.07659
100.,22.2559,19.65232,22.27328,19.8394,19.65676,14.00589,-36.09031
110.,22.46482,19.61786,22.4837,19.82232,19.62278,13.46679,-36.10413
120.,22.6709,19.58352,22.69124,19.80512,19.58891,12.93763,-36.11804
130.,22.87418,19.5493,22.89593,19.78782,19.55517,12.41817,-36.13204
140.,23.07469,19.51522,23.09782,19.77044,19.52158,11.90821,-36.1461
150.,23.27249,19.48129,23.29695,19.75299,19.48813,11.40752,-36.16022
160.,23.46761,19.44751,23.49337,19.73548,19.45485,10.91588,-36.17439
170.,23.66009,19.41391,23.68711,19.71792,19.42174,10.43311,-36.1886
180.,23.84997,19.38048,23.87822,19.70033,19.3888,9.95899,-36.20283
190.,24.03728,19.34723,24.06673,19.68271,19.35606,9.49334,-36.21709
200.,24.22208,19.31418,24.25268,19.66508,19.3235,9.035971,-36.23135
210.,24.40438,19.28133,24.4361,19.64745,19.29116,8.586701,-36.24561
220.,24.58424,19.24869,24.61705,19.62983,19.25902,8.145356,-36.25987
230.,24.76168,19.21626,24.79554,19.61223,19.22709,7.711763,-36.27412
240.,24.93674,19.18405,24.97162,19.59465,19.19539,7.285757,-36.28834
250.,25.10945,19.15207,25.14533,19.5771,19.16391,6.867177,-36.30254
260.,25.27985,19.12031,25.31669,19.55959,19.13266,6.455865,-36.3167
270.,25.44797,19.0888,25.48574,19.54214,19.10165,6.051668,-36.33083
280.,25.61385,19.05752,25.65252,19.52473,19.07089,5.654438,-36.34491
290.,25.77751,19.02649,25.81705,19.50739,19.04036,5.26403,-36.35894
300.,25.93899,18.99571,25.97937,19.49012,19.01009,4.880304,-36.37291
310.,26.09831,18.96518,26.13951,19.47293,18.98007,4.503122,-36.38682
320.,26.25552,18.9349,26.2975,19.45582,18.9503,4.13235,-36.40067
330.,26.41063,18.90489,26.45337,19.43879,18.9208,3.76786,-36.41445
340.,26.56368,18.87513,26.60715,19.42185,18.89155,3.409524,-36.42815
350.,26.71469,18.84565,26.75888,19.40501,18.86257,3.057219,-36.44178
360.,26.86371,18.81642,26.90857,19.38827,18.83385,2.710825,-36.45532
370.,27.01074,18.78747,27.05626,19.37163,18.8054,2.370224,-36.46878
380.,27.15583,18.75878,27.20198,19.3551,18.77722,2.035302,-36.48216
390.,27.29899,18.73037,27.34576,19.33869,18.74931,1.705949,-36.49544
400.,27.44026,18.70223,27.48761,19.32239,18.72167,1.382054,-36.50863
410.,27.57966,18.67437,27.62757,19.30621,18.69431,1.063513,-36.52172
420.,27.71721,18.64678,27.76567,19.29015,18.66722,0.7502223,-36.53471
430.,27.85295,18.61947,27.90193,19.27422,18.64041,0.4420803,-36.5476
440.,27.9869,18.59243,28.03637,19.25842,18.61387,0.1389889,-36.56038
450.,28.11907,18.56568,28.16903,19.24275,18.58761,-0.1591479,-36.57306
460.,28.24951,18.5392,28.29992,19.22721,18.56163,-0.4524239,-36.58564
470.,28.37822,18.513,28.42907,19.21181,18.53592,-0.7409308,-36.5981
480.,28.50524,18.48708,28.55651,19.19654,18.51049,-1.024758,-36.61045
490.,28.63059,18.46144,28.68226,19.18141,18.48534,-1.303993,-36.62269
500.,28.75429,18.43608,28.80633,19.16643,18.46047,-1.578721,-36.63482
510.,28.87636,18.41099,28.92877,19.15158,18.43587,-1.849025,-36.64682
520.,28.99682,18.38619,29.04958,19.13689,18.41154,-2.114987,-36.65872
530.,29.11571,18.36166,29.16879,19.12233,18.3875,-2.376687,-36.67049
540.,29.23303,18.33741,29.28642,19.10793,18.36373,-2.634202,-36.68215
550.,29.34881,18.31343,29.40249,19.09367,18.34023,-2.887608,-36.69368
560.,29.46307,18.28973,29.51703,19.07956,18.317,-3.13698,-36.7051
570.,29.57583,18.26631,29.63005,19.0656,18.29405,-3.382391,-36.7164
580.,29.68712,18.24316,29.74159,19.05179,18.27137,-3.623911,-36.72757
590.,29.79695,18.22028,29.85164,19.03813,18.24897,-3.861611,-36.73862
600.,29.90534,18.19768,29.96025,19.02463,18.22683,-4.095558,-36.74955
610.,30.01231,18.17535,30.06742,19.01127,18.20496,-4.325819,-36.76035
620.,30.11788,18.15328,30.17318,18.99807,18.18335,-4.552459,-36.77103
630.,30.22207,18.13149,30.27754,18.98502,18.16202,-4.775541,-36.78159
640.,30.3249,18.10996,30.38053,18.97213,18.14095,-4.995129,-36.79203
650.,30.42638,18.0887,30.48216,18.95938,18.12014,-5.211284,-36.80234
660.,30.52654,18.0677,30.58246,18.94679,18.09959,-5.424065,-36.81252
670.,30.6254,18.04696,30.68143,18.93436,18.07931,-5.63353,-36.82258
680.,30.72296,18.02649,30.7791,18.92208,18.05928,-5.839737,-36.83252
690.,30.81925,18.00628,30.87549,18.90995,18.03951,-6.042743,-36.84234
700.,30.91428,17.98632,30.97061,18.89797,18.01999,-6.242602,-36.85203
710.,31.00808,17.96662,31.06449,18.88615,18.00073,-6.439368,-36.86159
720.,31.10066,17.94718,31.15712,18.87447,17.98173,-6.633093,-36.87104
730.,31.19203,17.92799,31.24855,18.86295,17.96297,-6.823831,-36.88036
740.,31.28221,17.90905,31.33877,18.85159,17.94446,-7.01163,-36.88956
750.,31.37121,17.89036,31.42781,18.84037,17.9262,-7.196541,-36.89863
760.,31.45906,17.87192,31.51568,18.8293,17.90818,-7.378613,-36.90758
770.,31.54577,17.85372,31.6024,18.81839,17.89041,-7.557893,-36.91642
780.,31.63135,17.83577,31.68799,18.80762,17.87288,-7.734428,-36.92513
790.,31.71582,17.81806,31.77245,18.797,17.85558,-7.908263,-36.93372
800.,31.7992,17.80059,31.85581,18.78654,17.83853,-8.079444,-36.94219
810.,31.88149,17.78336,31.93808,18.77621,17.82171,-8.248015,-36.95054
820.,31.96271,17.76637,32.01927,18.76604,17.80513,-8.414018,-36.95877
830.,32.04288,17.74961,32.09941,18.75601,17.78878,-8.577497,-36.96689
840.,32.12202,17.73308,32.17849,18.74613,17.77265,-8.738492,-36.97488
850.,32.20012,17.71679,32.25654,18.73639,17.75676,-8.897045,-36.98276
860.,32.27722,17.70072,32.33358,18.7268,17.74109,-9.053195,-36.99052
870.,32.35332,17.68488,32.40961,18.71734,17.72565,-9.206982,-36.99817
880.,32.42843,17.66927,32.48464,18.70804,17.71043,-9.358444,-37.0057
890.,32.50258,17.65388,32.5587,18.69887,17.69542,-9.507618,-37.01312
900.,32.57576,17.63871,32.6318,18.68984,17.68064,-9.654543,-37.02043
910.,32.648,17.62375,32.70394,18.68095,17.66607,-9.799253,-37.02762
920.,32.71931,17.60902,32.77514,18.6722,17.65172,-9.941786,-37.0347
930.,32.78969,17.5945,32.84542,18.66359,17.63758,-10.08217,-37.04167
940.,32.85917,17.58019,32.91478,18.65511,17.62365,-10.22046,-37.04853
950.,32.92775,17.5661,32.98324,18.64677,17.60992,-10.35666,-37.05528
960.,32.99545,17.55221,33.05082,18.63856,17.59641,-10.49082,-37.06192
970.,33.06228,17.53853,33.11751,18.63049,17.58309,-10.62298,-37.06845
980.,33.12824,17.52505,33.18334,18.62254,17.56998,-10.75315,-37.07488
990.,33.19336,17.51178,33.24831,18.61473,17.55707,-10.88138,-37.0812
1000.,33.25764,17.4987,33.31245,18.60705,17.54436,-11.0077,-37.08741
1010.,33.32109,17.48583,33.37575,18.5995,17.53184,-11.13213,-37.09352
1020.,33.38373,17.47315,33.43823,18.59208,17.51952,-11.2547,-37.09953
1030.,33.44556,17.46067,33.4999,18.58478,17.50739,-11.37545,-37.10543
1040.,33.5066,17.44838,33.56077,18.57761,17.49545,-11.49439,-37.11123
1050.,33.56686,17.43628,33.62086,18.57056,17.4837,-11.61157,-37.11693
1060.,33.62634,17.42437,33.68017,18.56364,17.47213,-11.72701,-37.12253
1070.,33.68506,17.41264,33.73871,18.55684,17.46075,-11.84073,-37.12804
1080.,33.74303,17.40111,33.7965,18.55016,17.44955,-11.95276,-37.13344
1090.,33.80025,17.38975,33.85354,18.5436,17.43853,-12.06314,-37.13875
1100.,33.85674,17.37858,33.90984,18.53716,17.42769,-12.17187,-37.14396
1110.,33.91251,17.36758,33.96542,18.53084,17.41702,-12.27899,-37.14907
1120.,33.96757,17.35676,34.02029,18.52464,17.40653,-12.38453,-37.15409
1130.,34.02192,17.34612,34.07444,18.51855,17.39621,-12.48851,-37.15902
1140.,34.07558,17.33565,34.1279,18.51257,17.38607,-12.59095,-37.16385
1150.,34.12856,17.32535,34.18067,18.50671,17.37609,-12.69187,-37.1686
1160.,34.18085,17.31522,34.23277,18.50096,17.36628,-12.7913,-37.17325
1170.,34.23249,17.30526,34.28419,18.49533,17.35663,-12.88927,-37.17781
1180.,34.28346,17.29546,34.33496,18.4898,17.34715,-12.98578,-37.18228
1190.,34.33378,17.28583,34.38507,18.48438,17.33783,-13.08088,-37.18666
1200.,34.38347,17.27636,34.43454,18.47907,17.32867,-13.17457,-37.19096
1210.,34.43252,17.26705,34.48337,18.47387,17.31966,-13.26688,-37.19517
1220.,34.48095,17.2579,34.53158,18.46877,17.31081,-13.35784,-37.1993
1230.,34.52876,17.24891,34.57917,18.46378,17.30212,-13.44745,-37.20334
1240.,34.57597,17.24007,34.62616,18.45889,17.29358,-13.53574,-37.20729
1250.,34.62258,17.23138,34.67254,18.4541,17.28519,-13.62273,-37.21117
1260.,34.66859,17.22285,34.71833,18.44941,17.27695,-13.70845,-37.21496
1270.,34.71403,17.21446,34.76354,18.44483,17.26885,-13.7929,-37.21867
1280.,34.75888,17.20622,34.80817,18.44034,17.2609,-13.87612,-37.2223
1290.,34.80317,17.19813,34.85223,18.43595,17.2531,-13.95811,-37.22585
1300.,34.8469,17.19019,34.89572,18.43166,17.24544,-14.03889,-37.22932
1310.,34.89008,17.18238,34.93867,18.42746,17.23791,-14.11849,-37.23272
1320.,34.93271,17.17472,34.98107,18.42336,17.23053,-14.19692,-37.23603
1330.,34.97481,17.1672,35.02292,18.41935,17.22328,-14.2742,-37.23928
1340.,35.01637,17.15981,35.06425,18.41544,17.21617,-14.35034,-37.24244
1350.,35.05741,17.15256,35.10505,18.41162,17.2092,-14.42537,-37.24554
1360.,35.09793,17.14545,35.14534,18.40788,17.20235,-14.4993,-37.24856
1370.,35.13794,17.13846,35.18511,18.40424,17.19564,-14.57214,-37.2515
1380.,35.17745,17.13161,35.22438,18.40069,17.18905,-14.64391,-37.25438
1390.,35.21647,17.12489,35.26315,18.39722,17.18259,-14.71464,-37.25719
1400.,35.25499,17.1183,35.30144,18.39384,17.17626,-14.78432,-37.25992
1410.,35.29303,17.11183,35.33923,18.39055,17.17005,-14.85298,-37.26259
1420.,35.33059,17.10549,35.37655,18.38734,17.16397,-14.92064,-37.26518
1430.,35.36768,17.09927,35.4134,18.38421,17.158,-14.98731,-37.26771
1440.,35.40431,17.09318,35.44979,18.38116,17.15216,-15.05299,-37.27018
1450.,35.44048,17.0872,35.48572,18.3782,17.14644,-15.11772,-37.27257
1460.,35.4762,17.08135,35.52119,18.37532,17.14083,-15.18149,-37.27491
1470.,35.51147,17.07561,35.55622,18.37252,17.13533,-15.24434,-37.27717
1480.,35.5463,17.06999,35.59081,18.36979,17.12995,-15.30626,-37.27938
1490.,35.5807,17.06448,35.62496,18.36715,17.12469,-15.36727,-37.28152
1500.,35.61466,17.05908,35.65869,18.36458,17.11953,-15.42739,-37.2836
1510.,35.64821,17.0538,35.69199,18.36208,17.11449,-15.48663,-37.28562
1520.,35.68134,17.04863,35.72487,18.35966,17.10955,-15.545,-37.28757
1530.,35.71406,17.04357,35.75735,18.35732,17.10472,-15.60251,-37.28947
1540.,35.74637,17.03861,35.78942,18.35505,17.1,-15.65918,-37.29131
1550.,35.77828,17.03376,35.82108,18.35285,17.09538,-15.71502,-37.29309
1560.,35.80979,17.02902,35.85236,18.35072,17.09086,-15.77004,-37.29481
1570.,35.84092,17.02438,35.88324,18.34866,17.08645,-15.82425,-37.29648
1580.,35.87166,17.01984,35.91374,18.34667,17.08213,-15.87767,-37.29809
1590.,35.90202,17.01541,35.94386,18.34475,17.07792,-15.9303,-37.29964
1600.,35.932,17.01107,35.9736,18.3429,17.0738,-15.98217,-37.30114
1610.,35.96162,17.00683,36.00298,18.34111,17.06978,-16.03327,-37.30258
1620.,35.99087,17.00269,36.03199,18.33939,17.06585,-16.08362,-37.30397
1630.,36.01976,16.99864,36.06064,18.33774,17.06202,-16.13323,-37.30531
1640.,36.04829,16.99469,36.08893,18.33615,17.05828,-16.18211,-37.3066
1650.,36.07648,16.99084,36.11688,18.33462,17.05463,-16.23027,-37.30783
1660.,36.10432,16.98707,36.14448,18.33316,17.05108,-16.27773,-37.30902
1670.,36.13182,16.9834,36.17174,18.33176,17.04761,-16.32449,-37.31015
1680.,36.15898,16.97982,36.19867,18.33042,17.04423,-16.37056,-37.31124
1690.,36.18581,16.97632,36.22526,18.32914,17.04094,-16.41595,-37.31227
1700.,36.21231,16.97292,36.25153,18.32791,17.03773,-16.46067,-37.31326
1710.,36.23849,16.96959,36.27747,18.32675,17.03461,-16.50474,-37.3142
1720.,36.26434,16.96636,36.3031,18.32565,17.03157,-16.54816,-37.3151
1730.,36.28989,16.96321,36.32841,18.3246,17.02862,-16.59093,-37.31594
1740.,36.31512,16.96014,36.35341,18.32361,17.02574,-16.63308,-37.31674
1750.,36.34005,16.95716,36.3781,18.32268,17.02295,-16.6746,-37.3175
1760.,36.36467,16.95425,36.4025,18.3218,17.02023,-16.71551,-37.31821
1770.,36.389,16.95143,36.4266,18.32097,17.0176,-16.75582,-37.31888
1780.,36.41303,16.94868,36.4504,18.3202,17.01504,-16.79554,-37.3195
1790.,36.43677,16.94601,36.47391,18.31948,17.01255,-16.83466,-37.32009
1800.,36.46022,16.94342,36.49714,18.31881,17.01015,-16.87321,-37.32063
1810.,36.4834,16.94091,36.52008,18.3182,17.00781,-16.91118,-37.32113
1820.,36.50629,16.93847,36.54275,18.31763,17.00555,-16.9486,-37.32158
1830.,36.5289,16.9361,36.56514,18.31712,17.00336,-16.98546,-37.322
1840.,36.55125,16.93381,36.58727,18.31665,17.00125,-17.02177,-37.32238
1850.,36.57333,16.93159,36.60912,18.31623,16.9992,-17.05755,-37.32271
1860.,36.59514,16.92943,36.63071,18.31586,16.99722,-17.0928,-37.32301
1870.,36.61669,16.92735,36.65204,18.31554,16.99531,-17.12752,-37.32327
1880.,36.63798,16.92534,36.67312,18.31527,16.99347,-17.16172,-37.32349
1890.,36.65902,16.9234,36.69394,18.31504,16.99169,-17.19542,-37.32368
1900.,36.67981,16.92152,36.71451,18.31485,16.98998,-17.22862,-37.32383
1910.,36.70035,16.91971,36.73484,18.31472,16.98834,-17.26132,-37.32394
1920.,36.72065,16.91796,36.75492,18.31462,16.98676,-17.29353,-37.32402
1930.,36.7407,16.91628,36.77476,18.31457,16.98524,-17.32527,-37.32406
1940.,36.76052,16.91466,36.79437,18.31456,16.98378,-17.35653,-37.32406
1950.,36.7801,16.91311,36.81374,18.3146,16.98239,-17.38732,-37.32404
1960.,36.79945,16.91162,36.83289,18.31467,16.98105,-17.41765,-37.32398
1970.,36.81858,16.91018,36.8518,18.31479,16.97977,-17.44753,-37.32388
1980.,36.83748,16.90881,36.87049,18.31495,16.97856,-17.47696,-37.32375
1990.,36.85615,16.9075,36.88896,18.31515,16.9774,-17.50595,-37.32359
2000.,36.87461,16.90624,36.90721,18.31538,16.9763,-17.53451,-37.3234
2010.,36.89285,16.90505,36.92525,18.31566,16.97525,-17.56264,-37.32318
2020.,36.91087,16.90391,36.94307,18.31597,16.97426,-17.59034,-37.32292
2030.,36.92869,16.90282,36.96069,18.31633,16.97332,-17.61763,-37.32264
2040.,36.9463,16.9018,36.97809,18.31672,16.97244,-17.64451,-37.32232
2050.,36.9637,16.90082,36.9953,18.31714,16.97162,-17.67098,-37.32198
2060.,36.9809,16.8999,37.0123,18.31761,16.97084,-17.69705,-37.3216
2070.,36.9979,16.89904,37.0291,18.3181,16.97012,-17.72273,-37.3212
2080.,37.0147,16.89822,37.04571,18.31864,16.96944,-17.74802,-37.32077
2090.,37.03131,16.89746,37.06213,18.31921,16.96882,-17.77293,-37.32031
2100.,37.04772,16.89675,37.07835,18.31981,16.96825,-17.79746,-37.31982
2110.,37.06395,16.89609,37.09438,18.32045,16.96772,-17.82162,-37.31931
2120.,37.07999,16.89547,37.11023,18.32111,16.96725,-17.84541,-37.31876
2130.,37.09584,16.89491,37.1259,18.32182,16.96682,-17.86884,-37.3182
2140.,37.11152,16.89439,37.14138,18.32255,16.96643,-17.89191,-37.3176
2150.,37.12701,16.89393,37.15669,18.32332,16.9661,-17.91464,-37.31698
2160.,37.14232,16.89351,37.17182,18.32411,16.96581,-17.93701,-37.31634
2170.,37.15747,16.89313,37.18678,18.32494,16.96556,-17.95904,-37.31567
2180.,37.17243,16.8928,37.20157,18.3258,16.96536,-17.98074,-37.31497
2190.,37.18723,16.89252,37.21618,18.32669,16.96521,-18.0021,-37.31425
2200.,37.20186,16.89228,37.23063,18.32761,16.96509,-18.02314,-37.31351
2210.,37.21633,16.89208,37.24492,18.32855,16.96502,-18.04385,-37.31275
2220.,37.23063,16.89192,37.25904,18.32953,16.96499,-18.06425,-37.31196
2230.,37.24477,16.89181,37.27301,18.33053,16.965,-18.08433,-37.31114
2240.,37.25875,16.89174,37.28681,18.33156,16.96505,-18.1041,-37.31031
2250.,37.27257,16.89171,37.30046,18.33262,16.96514,-18.12356,-37.30945
2260.,37.28624,16.89172,37.31396,18.33371,16.96527,-18.14273,-37.30857
2270.,37.29975,16.89177,37.3273,18.33482,16.96544,-18.16159,-37.30767
2280.,37.31311,16.89187,37.34049,18.33596,16.96565,-18.18017,-37.30675
2290.,37.32633,16.89199,37.35354,18.33712,16.96589,-18.19845,-37.30581
2300.,37.3394,16.89216,37.36644,18.33831,16.96618,-18.21645,-37.30485
2310.,37.35232,16.89237,37.3792,18.33952,16.96649,-18.23418,-37.30387
2320.,37.3651,16.89261,37.39181,18.34076,16.96685,-18.25162,-37.30287
2330.,37.37774,16.89289,37.40429,18.34203,16.96724,-18.26879,-37.30184
2340.,37.39023,16.8932,37.41662,18.34331,16.96767,-18.28569,-37.3008
2350.,37.40259,16.89355,37.42882,18.34462,16.96813,-18.30233,-37.29974
2360.,37.41482,16.89394,37.44089,18.34596,16.96862,-18.3187,-37.29866
2370.,37.42691,16.89436,37.45282,18.34731,16.96915,-18.33482,-37.29757
2380.,37.43887,16.89481,37.46462,18.34869,16.96971,-18.35068,-37.29645
2390.,37.4507,16.8953,37.47629,18.35009,16.9703,-18.36629,-37.29532
2400.,37.4624,16.89582,37.48784,18.35151,16.97092,-18.38166,-37.29417
2410.,37.47397,16.89638,37.49925,18.35295,16.97158,-18.39678,-37.293
2420.,37.48541,16.89696,37.51055,18.35442,16.97227,-18.41166,-37.29182
2430.,37.49674,16.89758,37.52172,18.3559,16.97299,-18.4263,-37.29062
2440.,37.50794,16.89822,37.53277,18.35741,16.97373,-18.44071,-37.2894
2450.,37.51902,16.8989,37.5437,18.35893,16.97451,-18.45489,-37.28816
2460.,37.52998,16.89961,37.55452,18.36048,16.97532,-18.46884,-37.28691
2470.,37.54082,16.90035,37.56522,18.36204,16.97616,-18.48256,-37.28565
2480.,37.55155,16.90112,37.5758,18.36363,16.97702,-18.49607,-37.28437
2490.,37.56217,16.90191,37.58627,18.36523,16.97791,-18.50936,-37.28307
2500.,37.57267,16.90274,37.59663,18.36685,16.97883,-18.52243,-37.28176
2510.,37.58306,16.90359,37.60688,18.36849,16.97978,-18.53529,-37.28044
2520.,37.59334,16.90447,37.61702,18.37014,16.98075,-18.54794,-37.27909
2530.,37.60351,16.90538,37.62705,18.37182,16.98175,-18.56039,-37.27774
2540.,37.61357,16.90631,37.63697,18.37351,16.98278,-18.57263,-37.27637
2550.,37.62353,16.90727,37.6468,18.37522,16.98383,-18.58468,-37.27499
2560.,37.63339,16.90826,37.65652,18.37694,16.9849,-18.59652,-37.27359
2570.,37.64314,16.90927,37.66613,18.37868,16.986,-18.60817,-37.27219
2580.,37.65279,16.91031,37.67565,18.38044,16.98713,-18.61963,-37.27076
2590.,37.66234,16.91137,37.68507,18.38221,16.98828,-18.6309,-37.26933
2600.,37.67179,16.91246,37.69439,18.384,16.98945,-18.64198,-37.26788
2610.,37.68115,16.91357,37.70361,18.38581,16.99064,-18.65288,-37.26642
2620.,37.6904,16.9147,37.71274,18.38762,16.99186,-18.66359,-37.26495
2630.,37.69957,16.91586,37.72178,18.38946,16.9931,-18.67413,-37.26347
2640.,37.70864,16.91704,37.73072,18.39131,16.99437,-18.68449,-37.26197
2650.,37.71761,16.91824,37.73957,18.39317,16.99565,-18.69467,-37.26046
2660.,37.7265,16.91947,37.74833,18.39505,16.99696,-18.70469,-37.25894
2670.,37.73529,16.92071,37.757,18.39694,16.99828,-18.71453,-37.25741
2680.,37.744,16.92198,37.76559,18.39884,16.99963,-18.72421,-37.25587
2690.,37.75262,16.92327,37.77409,18.40076,17.001,-18.73372,-37.25432
2700.,37.76115,16.92458,37.7825,18.40269,17.00239,-18.74307,-37.25276
2710.,37.7696,16.92591,37.79083,18.40464,17.0038,-18.75227,-37.25119
2720.,37.77796,16.92726,37.79907,18.40659,17.00522,-18.7613,-37.2496
2730.,37.78624,16.92864,37.80723,18.40856,17.00667,-18.77018,-37.24801
2740.,37.79444,16.93003,37.81531,18.41054,17.00814,-18.7789,-37.24641
2750.,37.80255,16.93144,37.82331,18.41254,17.00962,-18.78747,-37.24479
2760.,37.81059,16.93286,37.83123,18.41454,17.01112,-18.79589,-37.24317
2770.,37.81855,16.93431,37.83908,18.41656,17.01264,-18.80417,-37.24154
2780.,37.82642,16.93578,37.84685,18.41859,17.01418,-18.8123,-37.2399
2790.,37.83423,16.93726,37.85454,18.42063,17.01574,-18.82029,-37.23825
2800.,37.84195,16.93876,37.86215,18.42268,17.01731,-18.82814,-37.23659
2810.,37.8496,16.94028,37.86969,18.42474,17.0189,-18.83584,-37.23492
2820.,37.85718,16.94182,37.87716,18.42681,17.02051,-18.84341,-37.23324
2830.,37.86468,16.94337,37.88456,18.42889,17.02213,-18.85085,-37.23156
2840.,37.87212,16.94494,37.89189,18.43099,17.02377,-18.85815,-37.22986
2850.,37.87948,16.94653,37.89914,18.43309,17.02542,-18.86532,-37.22816
2860.,37.88677,16.94813,37.90633,18.4352,17.02709,-18.87236,-37.22645
2870.,37.89399,16.94975,37.91345,18.43732,17.02877,-18.87927,-37.22474
2880.,37.90114,16.95138,37.9205,18.43946,17.03047,-18.88606,-37.22301
2890.,37.90823,16.95303,37.92748,18.4416,17.03219,-18.89272,-37.22128
2900.,37.91525,16.9547,37.9344,18.44375,17.03391,-18.89926,-37.21954
2910.,37.9222,16.95638,37.94125,18.44591,17.03566,-18.90568,-37.21779
2920.,37.92909,16.95807,37.94804,18.44807,17.03741,-18.91198,-37.21604
2930.,37.93591,16.95978,37.95477,18.45025,17.03918,-18.91816,-37.21428
2940.,37.94267,16.9615,37.96144,18.45243,17.04097,-18.92423,-37.21251
2950.,37.94937,16.96323,37.96804,18.45463,17.04276,-18.93018,-37.21074
2960.,37.95601,16.96498,37.97458,18.45683,17.04457,-18.93602,-37.20896
2970.,37.96258,16.96675,37.98106,18.45904,17.0464,-18.94174,-37.20717
2980.,37.9691,16.96852,37.98749,18.46125,17.04823,-18.94736,-37.20538
2990.,37.97556,16.97031,37.99385,18.46348,17.05008,-18.95287,-37.20358
3000.,37.98195,16.97211,38.00016,18.46571,17.05194,-18.95828,-37.20177
3010.,37.9883,16.97393,38.00641,18.46795,17.05381,-18.96358,-37.19996
3020.,37.99458,16.97575,38.0126,18.4702,17.0557,-18.96877,-37.19814
3030.,38.00081,16.97759,38.01874,18.47245,17.05759,-18.97386,-37.19632
3040.,38.00698,16.97944,38.02482,18.47471,17.0595,-18.97886,-37.19449
3050.,38.0131,16.98131,38.03085,18.47698,17.06141,-18.98375,-37.19266
3060.,38.01916,16.98318,38.03683,18.47925,17.06334,-18.98854,-37.19082
3070.,38.02517,16.98506,38.04276,18.48153,17.06528,-18.99324,-37.18897
3080.,38.03112,16.98696,38.04863,18.48382,17.06723,-18.99785,-37.18712
3090.,38.03703,16.98887,38.05445,18.48611,17.06919,-19.00236,-37.18527
3100.,38.04288,16.99078,38.06022,18.48841,17.07116,-19.00677,-37.18341
3110.,38.04868,16.99271,38.06594,18.49071,17.07314,-19.0111,-37.18154
3120.,38.05444,16.99465,38.07161,18.49302,17.07513,-19.01534,-37.17967
3130.,38.06014,16.9966,38.07723,18.49534,17.07713,-19.01948,-37.1778
3140.,38.06579,16.99856,38.08281,18.49766,17.07914,-19.02354,-37.17592
3150.,38.0714,17.00052,38.08834,18.49998,17.08116,-19.02752,-37.17404
3160.,38.07696,17.0025,38.09382,18.50232,17.08318,-19.03141,-37.17215
3170.,38.08247,17.00449,38.09925,18.50465,17.08522,-19.03521,-37.17026
3180.,38.08794,17.00648,38.10464,18.507,17.08727,-19.03893,-37.16837
3190.,38.09336,17.00849,38.10998,18.50934,17.08932,-19.04258,-37.16647
3200.,38.09873,17.0105,38.11528,18.51169,17.09138,-19.04614,-37.16456
3210.,38.10406,17.01252,38.12054,18.51405,17.09345,-19.04962,-37.16266
3220.,38.10935,17.01456,38.12575,18.51641,17.09553,-19.05302,-37.16075
3230.,38.11459,17.01659,38.13092,18.51878,17.09761,-19.05635,-37.15883
3240.,38.11979,17.01864,38.13604,18.52115,17.09971,-19.0596,-37.15692
3250.,38.12494,17.0207,38.14113,18.52352,17.10181,-19.06278,-37.15499
3260.,38.13006,17.02276,38.14617,18.5259,17.10392,-19.06588,-37.15307
3270.,38.13513,17.02483,38.15118,18.52828,17.10603,-19.06891,-37.15114
3280.,38.14017,17.02691,38.15614,18.53067,17.10816,-19.07186,-37.14921
3290.,38.14516,17.029,38.16107,18.53306,17.11029,-19.07475,-37.14728
3300.,38.15011,17.03109,38.16595,18.53545,17.11242,-19.07757,-37.14534
3310.,38.15503,17.03319,38.1708,18.53785,17.11457,-19.08032,-37.1434
3320.,38.1599,17.0353,38.17561,18.54025,17.11672,-19.083,-37.14146
3330.,38.16474,17.03742,38.18038,18.54266,17.11887,-19.08561,-37.13951
3340.,38.16954,17.03954,38.18511,18.54506,17.12104,-19.08816,-37.13756
3350.,38.1743,17.04166,38.18981,18.54747,17.12321,-19.09065,-37.13561
3360.,38.17902,17.0438,38.19447,18.54989,17.12538,-19.09307,-37.13366
3370.,38.18371,17.04594,38.19909,18.55231,17.12756,-19.09542,-37.1317
3380.,38.18837,17.04809,38.20368,18.55473,17.12975,-19.09772,-37.12975
3390.,38.19298,17.05024,38.20824,18.55715,17.13194,-19.09995,-37.12779
3400.,38.19756,17.0524,38.21276,18.55958,17.13414,-19.10212,-37.12582
3410.,38.20211,17.05456,38.21725,18.562,17.13634,-19.10424,-37.12386
3420.,38.20663,17.05673,38.2217,18.56443,17.13855,-19.10629,-37.12189
3430.,38.21111,17.05891,38.22612,18.56687,17.14077,-19.10829,-37.11992
3440.,38.21555,17.06109,38.23051,18.5693,17.14299,-19.11023,-37.11795
3450.,38.21997,17.06328,38.23486,18.57174,17.14521,-19.11211,-37.11598
3460.,38.22435,17.06547,38.23919,18.57418,17.14744,-19.11394,-37.114
3470.,38.2287,17.06767,38.24348,18.57663,17.14967,-19.11571,-37.11203
3480.,38.23301,17.06987,38.24774,18.57907,17.15191,-19.11743,-37.11005
3490.,38.2373,17.07208,38.25197,18.58152,17.15415,-19.1191,-37.10807
3500.,38.24155,17.07429,38.25617,18.58397,17.1564,-19.12071,-37.10609
3510.,38.24578,17.07651,38.26034,18.58642,17.15865,-19.12228,-37.1041
3520.,38.24997,17.07873,38.26448,18.58887,17.16091,-19.12379,-37.10212
3530.,38.25414,17.08095,38.26859,18.59133,17.16317,-19.12525,-37.10013
3540.,38.25828,17.08318,38.27267,18.59378,17.16543,-19.12666,-37.09815
3550.,38.26238,17.08542,38.27673,18.59624,17.1677,-19.12803,-37.09616
3560.,38.26646,17.08765,38.28075,18.5987,17.16997,-19.12934,-37.09417
3570.,38.27051,17.0899,38.28475,18.60116,17.17225,-19.13061,-37.09218
3580.,38.27453,17.09214,38.28872,18.60362,17.17453,-19.13183,-37.09018
3590.,38.27853,17.09439,38.29266,18.60609,17.17681,-19.13301,-37.08819
3600.,38.28249,17.09665,38.29658,18.60855,17.17909,-19.13414,-37.08619
3610.,38.28643,17.0989,38.30047,18.61102,17.18138,-19.13522,-37.0842
3620.,38.29035,17.10116,38.30433,18.61349,17.18368,-19.13627,-37.0822
3630.,38.29423,17.10343,38.30817,18.61596,17.18597,-19.13726,-37.08021
3640.,38.29809,17.1057,38.31199,18.61843,17.18827,-19.13822,-37.07821
3650.,38.30193,17.10797,38.31577,18.6209,17.19057,-19.13913,-37.07621
3660.,38.30574,17.11024,38.31954,18.62337,17.19288,-19.14001,-37.07421
3670.,38.30952,17.11252,38.32328,18.62584,17.19518,-19.14084,-37.07221
3680.,38.31329,17.1148,38.32699,18.62831,17.19749,-19.14163,-37.07021
3690.,38.31702,17.11708,38.33068,18.63079,17.19981,-19.14238,-37.06821
3700.,38.32073,17.11937,38.33435,18.63326,17.20212,-19.14309,-37.0662
3710.,38.32442,17.12165,38.33799,18.63574,17.20444,-19.14376,-37.0642
3720.,38.32809,17.12395,38.34161,18.63821,17.20676,-19.1444,-37.0622
3730.,38.33173,17.12624,38.34521,18.64069,17.20908,-19.145,-37.06019
3740.,38.33535,17.12854,38.34878,18.64317,17.2114,-19.14556,-37.05819
3750.,38.33894,17.13083,38.35234,18.64564,17.21373,-19.14608,-37.05619
3760.,38.34252,17.13314,38.35587,18.64812,17.21606,-19.14657,-37.05418
3770.,38.34607,17.13544,38.35938,18.6506,17.21839,-19.14702,-37.05218
3780.,38.3496,17.13775,38.36287,18.65308,17.22072,-19.14744,-37.05017
3790.,38.35311,17.14005,38.36633,18.65555,17.22306,-19.14783,-37.04817
3800.,38.35659,17.14236,38.36978,18.65803,17.22539,-19.14818,-37.04616
3810.,38.36006,17.14467,38.3732,18.66051,17.22773,-19.14849,-37.04416
3820.,38.3635,17.14699,38.37661,18.66299,17.23007,-19.14878,-37.04215
3830.,38.36693,17.1493,38.37999,18.66547,17.23241,-19.14903,-37.04014
3840.,38.37033,17.15162,38.38336,18.66795,17.23476,-19.14925,-37.03814
3850.,38.37371,17.15394,38.3867,18.67043,17.2371,-19.14944,-37.03613
3860.,38.37708,17.15626,38.39003,18.6729,17.23945,-19.14959,-37.03413
3870.,38.38042,17.15858,38.39334,18.67538,17.24179,-19.14972,-37.03212
3880.,38.38375,17.16091,38.39662,18.67786,17.24414,-19.14982,-37.03012
3890.,38.38705,17.16323,38.39989,18.68034,17.24649,-19.14989,-37.02811
3900.,38.39034,17.16556,38.40314,18.68282,17.24884,-19.14992,-37.02611
3910.,38.39361,17.16789,38.40637,18.68529,17.25119,-19.14993,-37.0241
3920.,38.39686,17.17022,38.40959,18.68777,17.25355,-19.14991,-37.0221
3930.,38.40009,17.17255,38.41278,18.69025,17.2559,-19.14987,-37.0201
3940.,38.4033,17.17488,38.41596,18.69272,17.25825,-19.14979,-37.01809
3950.,38.4065,17.17721,38.41912,18.6952,17.26061,-19.14969,-37.01609
3960.,38.40967,17.17955,38.42226,18.69767,17.26297,-19.14956,-37.01409
3970.,38.41283,17.18188,38.42539,18.70015,17.26532,-19.14941,-37.01208
3980.,38.41598,17.18422,38.4285,18.70262,17.26768,-19.14923,-37.01008
3990.,38.4191,17.18655,38.43159,18.7051,17.27004,-19.14902,-37.00808
4000.,38.42221,17.18889,38.43467,18.70757,17.2724,-19.14879,-37.00608
4010.,38.42531,17.19123,38.43773,18.71004,17.27476,-19.14854,-37.00408
4020.,38.42838,17.19357,38.44077,18.71251,17.27712,-19.14826,-37.00208
4030.,38.43144,17.19591,38.4438,18.71498,17.27948,-19.14795,-37.00008
4040.,38.43449,17.19825,38.44681,18.71745,17.28184,-19.14763,-36.99808
4050.,38.43751,17.20059,38.44981,18.71992,17.2842,-19.14727,-36.99609
4060.,38.44053,17.20293,38.45279,18.72239,17.28656,-19.1469,-36.99409
4070.,38.44352,17.20527,38.45576,18.72486,17.28893,-19.1465,-36.99209
4080.,38.4465,17.20761,38.45871,18.72732,17.29129,-19.14609,-36.9901
4090.,38.44947,17.20996,38.46165,18.72979,17.29365,-19.14565,-36.9881
4100.,38.45242,17.2123,38.46457,18.73225,17.29601,-19.14518,-36.98611
4110.,38.45536,17.21464,38.46748,18.73471,17.29838,-19.1447,-36.98412
4120.,38.45828,17.21699,38.47037,18.73718,17.30074,-19.1442,-36.98212
4130.,38.46119,17.21933,38.47325,18.73964,17.3031,-19.14367,-36.98013
4140.,38.46408,17.22167,38.47611,18.7421,17.30546,-19.14313,-36.97814
4150.,38.46696,17.22402,38.47896,18.74456,17.30783,-19.14256,-36.97615
4160.,38.46983,17.22636,38.4818,18.74701,17.31019,-19.14198,-36.97416
4170.,38.47268,17.2287,38.48462,18.74947,17.31255,-19.14137,-36.97218
4180.,38.47551,17.23105,38.48744,18.75193,17.31491,-19.14075,-36.97019
4190.,38.47834,17.23339,38.49023,18.75438,17.31727,-19.14011,-36.96821
4200.,38.48115,17.23574,38.49302,18.75683,17.31964,-19.13945,-36.96622
4210.,38.48395,17.23808,38.49579,18.75929,17.322,-19.13877,-36.96424
4220.,38.48673,17.24042,38.49855,18.76174,17.32436,-19.13807,-36.96225
4230.,38.4895,17.24277,38.50129,18.76418,17.32672,-19.13736,-36.96027
4240.,38.49226,17.24511,38.50403,18.76663,17.32908,-19.13663,-36.95829
4250.,38.49501,17.24745,38.50675,18.76908,17.33144,-19.13588,-36.95631
4260.,38.49774,17.24979,38.50945,18.77152,17.3338,-19.13511,-36.95434
4270.,38.50046,17.25213,38.51215,18.77397,17.33615,-19.13433,-36.95236
4280.,38.50317,17.25448,38.51484,18.77641,17.33851,-19.13353,-36.95038
4290.,38.50587,17.25682,38.51751,18.77885,17.34087,-19.13272,-36.94841
4300.,38.50855,17.25916,38.52017,18.78129,17.34322,-19.13189,-36.94644
4310.,38.51123,17.2615,38.52282,18.78372,17.34558,-19.13104,-36.94446
4320.,38.51389,17.26384,38.52546,18.78616,17.34794,-19.13018,-36.94249
4330.,38.51654,17.26617,38.52808,18.78859,17.35029,-19.1293,-36.94052
4340.,38.51918,17.26851,38.5307,18.79103,17.35264,-19.12841,-36.93855
4350.,38.5218,17.27085,38.5333,18.79346,17.355,-19.12751,-36.93659
4360.,38.52442,17.27319,38.5359,18.79589,17.35735,-19.12659,-36.93462
4370.,38.52703,17.27552,38.53848,18.79831,17.3597,-19.12565,-36.93266
4380.,38.52962,17.27786,38.54105,18.80074,17.36205,-19.1247,-36.93069
4390.,38.5322,17.28019,38.54361,18.80317,17.3644,-19.12374,-36.92873
4400.,38.53477,17.28253,38.54617,18.80559,17.36675,-19.12277,-36.92677
4410.,38.53734,17.28486,38.54871,18.80801,17.36909,-19.12178,-36.92481
4420.,38.53989,17.28719,38.55124,18.81043,17.37144,-19.12078,-36.92286
4430.,38.54243,17.28952,38.55376,18.81285,17.37379,-19.11976,-36.9209
4440.,38.54496,17.29185,38.55627,18.81526,17.37613,-19.11874,-36.91895
4450.,38.54748,17.29418,38.55877,18.81768,17.37847,-19.1177,-36.91699
4460.,38.54999,17.29651,38.56126,18.82009,17.38082,-19.11664,-36.91504
4470.,38.55249,17.29884,38.56374,18.8225,17.38316,-19.11558,-36.91309
4480.,38.55498,17.30116,38.56621,18.82491,17.3855,-19.11451,-36.91114
4490.,38.55746,17.30349,38.56867,18.82731,17.38784,-19.11342,-36.9092
4500.,38.55993,17.30581,38.57112,18.82972,17.39017,-19.11232,-36.90725
4510.,38.56239,17.30813,38.57356,18.83212,17.39251,-19.11121,-36.90531
4520.,38.56485,17.31046,38.576,18.83452,17.39484,-19.11009,-36.90336
4530.,38.56729,17.31278,38.57842,18.83692,17.39718,-19.10896,-36.90142
4540.,38.56972,17.3151,38.58084,18.83932,17.39951,-19.10782,-36.89948
4550.,38.57215,17.31741,38.58324,18.84171,17.40184,-19.10666,-36.89754
4560.,38.57456,17.31973,38.58564,18.84411,17.40417,-19.1055,-36.89561
4570.,38.57697,17.32205,38.58803,18.8465,17.4065,-19.10433,-36.89367
4580.,38.57937,17.32436,38.59041,18.84889,17.40883,-19.10314,-36.89174
4590.,38.58176,17.32668,38.59278,18.85127,17.41115,-19.10195,-36.88981
4600.,38.58414,17.32899,38.59514,18.85366,17.41347,-19.10075,-36.88788
4610.,38.58651,17.3313,38.5975,18.85604,17.4158,-19.09953,-36.88595
4620.,38.58887,17.33361,38.59984,18.85842,17.41812,-19.09831,-36.88402
4630.,38.59123,17.33592,38.60218,18.8608,17.42044,-19.09708,-36.8821
4640.,38.59357,17.33822,38.60451,18.86318,17.42276,-19.09584,-36.88018
4650.,38.59591,17.34053,38.60683,18.86555,17.42507,-19.09459,-36.87825
4660.,38.59824,17.34283,38.60915,18.86793,17.42739,-19.09334,-36.87633
4670.,38.60056,17.34513,38.61145,18.8703,17.4297,-19.09207,-36.87442
4680.,38.60287,17.34743,38.61375,18.87267,17.43201,-19.09079,-36.8725
4690.,38.60518,17.34973,38.61604,18.87503,17.43432,-19.08951,-36.87058
4700.,38.60748,17.35203,38.61832,18.8774,17.43663,-19.08822,-36.86867
4710.,38.60977,17.35433,38.62059,18.87976,17.43894,-19.08692,-36.86676
4720.,38.61205,17.35662,38.62286,18.88212,17.44125,-19.08562,-36.86485
4730.,38.61432,17.35891,38.62512,18.88448,17.44355,-19.0843,-36.86294
4740.,38.61659,17.36121,38.62737,18.88683,17.44585,-19.08298,-36.86104
4750.,38.61885,17.3635,38.62962,18.88919,17.44815,-19.08165,-36.85913
4760.,38.6211,17.36578,38.63186,18.89154,17.45045,-19.08031,-36.85723
4770.,38.62335,17.36807,38.63409,18.89389,17.45275,-19.07897,-36.85533
4780.,38.62559,17.37036,38.63631,18.89623,17.45504,-19.07762,-36.85343
4790.,38.62782,17.37264,38.63853,18.89858,17.45734,-19.07626,-36.85153
4800.,38.63004,17.37492,38.64073,18.90092,17.45963,-19.0749,-36.84964
4810.,38.63225,17.3772,38.64294,18.90326,17.46192,-19.07353,-36.84774
4820.,38.63446,17.37948,38.64513,18.9056,17.46421,-19.07215,-36.84585
4830.,38.63667,17.38176,38.64732,18.90794,17.46649,-19.07076,-36.84396
4840.,38.63886,17.38403,38.6495,18.91027,17.46878,-19.06937,-36.84207
4850.,38.64105,17.3863,38.65168,18.9126,17.47106,-19.06798,-36.84019
4860.,38.64323,17.38857,38.65385,18.91493,17.47334,-19.06658,-36.8383
4870.,38.64541,17.39084,38.65601,18.91726,17.47562,-19.06517,-36.83642
4880.,38.64757,17.39311,38.65816,18.91958,17.4779,-19.06375,-36.83454
4890.,38.64974,17.39538,38.66031,18.9219,17.48017,-19.06233,-36.83266
4900.,38.65189,17.39764,38.66246,18.92422,17.48244,-19.06091,-36.83078
4910.,38.65404,17.3999,38.66459,18.92654,17.48472,-19.05948,-36.82891
4920.,38.65618,17.40216,38.66672,18.92886,17.48698,-19.05804,-36.82704
4930.,38.65832,17.40442,38.66885,18.93117,17.48925,-19.0566,-36.82517
4940.,38.66045,17.40668,38.67096,18.93348,17.49152,-19.05515,-36.8233
4950.,38.66257,17.40893,38.67307,18.93579,17.49378,-19.0537,-36.82143
4960.,38.66469,17.41119,38.67518,18.93809,17.49604,-19.05224,-36.81956
4970.,38.6668,17.41344,38.67728,18.9404,17.4983,-19.05078,-36.8177
4980.,38.66891,17.41569,38.67937,18.9427,17.50056,-19.04931,-36.81584
4990.,38.671,17.41793,38.68146,18.945,17.50281,-19.04784,-36.81398
5000.,38.6731,17.42018,38.68354,18.94729,17.50507,-19.04637,-36.81212
5010.,38.67519,17.42242,38.68562,18.94959,17.50732,-19.04489,-36.81026
5020.,38.67727,17.42466,38.68769,18.95188,17.50957,-19.0434,-36.80841
5030.,38.67934,17.4269,38.68975,18.95417,17.51182,-19.04191,-36.80656
5040.,38.68141,17.42914,38.69181,18.95645,17.51406,-19.04042,-36.80471
5050.,38.68348,17.43138,38.69387,18.95874,17.51631,-19.03892,-36.80286
5060.,38.68554,17.43361,38.69592,18.96102,17.51855,-19.03742,-36.80101
5070.,38.68759,17.43584,38.69796,18.9633,17.52079,-19.03591,-36.79917
5080.,38.68964,17.43807,38.7,18.96558,17.52302,-19.0344,-36.79732
5090.,38.69168,17.4403,38.70203,18.96785,17.52526,-19.03289,-36.79548
5100.,38.69371,17.44252,38.70405,18.97012,17.52749,-19.03137,-36.79365
5110.,38.69575,17.44475,38.70607,18.97239,17.52972,-19.02985,-36.79181
5120.,38.69777,17.44697,38.70809,18.97466,17.53195,-19.02833,-36.78997
5130.,38.69979,17.44919,38.7101,18.97693,17.53418,-19.0268,-36.78814
5140.,38.70181,17.4514,38.71211,18.97919,17.5364,-19.02527,-36.78631
5150.,38.70382,17.45362,38.71411,18.98145,17.53862,-19.02374,-36.78448
5160.,38.70582,17.45583,38.7161,18.98371,17.54084,-19.0222,-36.78266
5170.,38.70782,17.45804,38.71809,18.98596,17.54306,-19.02066,-36.78083
5180.,38.70981,17.46025,38.72008,18.98822,17.54528,-19.01911,-36.77901
5190.,38.7118,17.46246,38.72206,18.99047,17.54749,-19.01757,-36.77719
5200.,38.71379,17.46466,38.72403,18.99271,17.5497,-19.01602,-36.77537
5210.,38.71577,17.46686,38.726,18.99496,17.55191,-19.01447,-36.77355
5220.,38.71774,17.46906,38.72797,18.9972,17.55412,-19.01291,-36.77174
5230.,38.71971,17.47126,38.72993,18.99944,17.55632,-19.01135,-36.76992
5240.,38.72168,17.47346,38.73188,19.00168,17.55852,-19.00979,-36.76811
5250.,38.72364,17.47565,38.73383,19.00392,17.56072,-19.00823,-36.7663
5260.,38.72559,17.47784,38.73578,19.00615,17.56292,-19.00666,-36.7645
5270.,38.72754,17.48003,38.73772,19.00838,17.56512,-19.00509,-36.76269
5280.,38.72949,17.48222,38.73966,19.01061,17.56731,-19.00352,-36.76089
5290.,38.73143,17.4844,38.74159,19.01283,17.5695,-19.00195,-36.75909
5300.,38.73336,17.48659,38.74352,19.01506,17.57169,-19.00038,-36.75729
5310.,38.73529,17.48877,38.74544,19.01728,17.57388,-18.9988,-36.75549
5320.,38.73722,17.49094,38.74736,19.0195,17.57606,-18.99722,-36.7537
5330.,38.73914,17.49312,38.74928,19.02171,17.57825,-18.99564,-36.75191
5340.,38.74106,17.49529,38.75119,19.02392,17.58043,-18.99405,-36.75012
5350.,38.74298,17.49747,38.75309,19.02614,17.5826,-18.99247,-36.74833
5360.,38.74488,17.49964,38.75499,19.02834,17.58478,-18.99088,-36.74654
5370.,38.74679,17.5018,38.75689,19.03055,17.58695,-18.98929,-36.74476
5380.,38.74869,17.50397,38.75878,19.03275,17.58912,-18.9877,-36.74297
5390.,38.75058,17.50613,38.76067,19.03495,17.59129,-18.9861,-36.74119
5400.,38.75248,17.50829,38.76255,19.03715,17.59346,-18.98451,-36.73941
5410.,38.75436,17.51045,38.76443,19.03935,17.59562,-18.98291,-36.73764
5420.,38.75625,17.51261,38.76631,19.04154,17.59778,-18.98131,-36.73586
5430.,38.75812,17.51476,38.76818,19.04373,17.59994,-18.97972,-36.73409
5440.,38.76,17.51691,38.77005,19.04592,17.6021,-18.97811,-36.73232
5450.,38.76187,17.51906,38.77191,19.0481,17.60425,-18.97651,-36.73055
5460.,38.76374,17.52121,38.77377,19.05029,17.60641,-18.97491,-36.72879
5470.,38.7656,17.52335,38.77563,19.05247,17.60856,-18.9733,-36.72702
5480.,38.76746,17.52549,38.77748,19.05464,17.6107,-18.9717,-36.72526
5490.,38.76931,17.52763,38.77932,19.05682,17.61285,-18.97009,-36.7235
5500.,38.77116,17.52977,38.78117,19.05899,17.61499,-18.96848,-36.72174
5510.,38.77301,17.53191,38.78301,19.06116,17.61713,-18.96687,-36.71999
5520.,38.77485,17.53404,38.78484,19.06333,17.61927,-18.96526,-36.71823
5530.,38.77669,17.53617,38.78667,19.0655,17.62141,-18.96364,-36.71648
5540.,38.77852,17.5383,38.7885,19.06766,17.62354,-18.96203,-36.71473
5550.,38.78035,17.54043,38.79032,19.06982,17.62567,-18.96042,-36.71298
5560.,38.78218,17.54255,38.79214,19.07198,17.6278,-18.9588,-36.71124
5570.,38.784,17.54467,38.79396,19.07413,17.62993,-18.95719,-36.70949
5580.,38.78582,17.54679,38.79577,19.07628,17.63205,-18.95557,-36.70775
5590.,38.78763,17.54891,38.79758,19.07843,17.63418,-18.95395,-36.70601
5600.,38.78944,17.55102,38.79939,19.08058,17.6363,-18.95233,-36.70427
5610.,38.79125,17.55314,38.80119,19.08273,17.63841,-18.95071,-36.70254
5620.,38.79305,17.55525,38.80299,19.08487,17.64053,-18.94909,-36.7008
5630.,38.79485,17.55735,38.80478,19.08701,17.64264,-18.94747,-36.69907
5640.,38.79665,17.55946,38.80657,19.08915,17.64475,-18.94585,-36.69734
5650.,38.79844,17.56156,38.80836,19.09128,17.64686,-18.94423,-36.69562
5660.,38.80023,17.56366,38.81014,19.09341,17.64896,-18.94261,-36.69389
5670.,38.80202,17.56576,38.81192,19.09554,17.65107,-18.94098,-36.69217
5680.,38.8038,17.56786,38.8137,19.09767,17.65317,-18.93936,-36.69045
5690.,38.80558,17.56995,38.81547,19.0998,17.65527,-18.93774,-36.68873
5700.,38.80735,17.57204,38.81724,19.10192,17.65736,-18.93611,-36.68701
5710.,38.80912,17.57413,38.81901,19.10404,17.65946,-18.93449,-36.6853
5720.,38.81089,17.57622,38.82077,19.10615,17.66155,-18.93286,-36.68358
5730.,38.81266,17.5783,38.82253,19.10827,17.66364,-18.93124,-36.68187
5740.,38.81442,17.58039,38.82428,19.11038,17.66572,-18.92961,-36.68016
5750.,38.81617,17.58246,38.82603,19.11249,17.66781,-18.92799,-36.67846
5760.,38.81793,17.58454,38.82778,19.1146,17.66989,-18.92636,-36.67675
5770.,38.81968,17.58662,38.82953,19.1167,17.67197,-18.92473,-36.67505
5780.,38.82143,17.58869,38.83127,19.1188,17.67404,-18.92311,-36.67335
5790.,38.82317,17.59076,38.83301,19.1209,17.67612,-18.92148,-36.67165
5800.,38.82491,17.59283,38.83474,19.123,17.67819,-18.91985,-36.66995
5810.,38.82665,17.59489,38.83648,19.12509,17.68026,-18.91823,-36.66826
5820.,38.82838,17.59696,38.83821,19.12719,17.68233,-18.9166,-36.66657
5830.,38.83011,17.59902,38.83993,19.12928,17.68439,-18.91498,-36.66488
5840.,38.83184,17.60108,38.84165,19.13136,17.68645,-18.91335,-36.66319
5850.,38.83356,17.60313,38.84337,19.13345,17.68851,-18.91172,-36.6615
5860.,38.83529,17.60518,38.84509,19.13553,17.69057,-18.9101,-36.65982
5870.,38.837,17.60724,38.8468,19.13761,17.69263,-18.90847,-36.65813
5880.,38.83872,17.60928,38.84851,19.13968,17.69468,-18.90684,-36.65645
5890.,38.84043,17.61133,38.85022,19.14176,17.69673,-18.90522,-36.65478
5900.,38.84214,17.61338,38.85192,19.14383,17.69878,-18.90359,-36.6531
5910.,38.84384,17.61542,38.85362,19.1459,17.70082,-18.90197,-36.65143
5920.,38.84554,17.61746,38.85532,19.14796,17.70287,-18.90034,-36.64975
5930.,38.84724,17.61949,38.85702,19.15003,17.70491,-18.89872,-36.64808
5940.,38.84894,17.62153,38.85871,19.15209,17.70694,-18.89709,-36.64642
5950.,38.85063,17.62356,38.8604,19.15415,17.70898,-18.89547,-36.64475
5960.,38.85232,17.62559,38.86208,19.1562,17.71101,-18.89385,-36.64309
5970.,38.85401,17.62762,38.86376,19.15826,17.71305,-18.89222,-36.64142
5980.,38.85569,17.62964,38.86544,19.16031,17.71507,-18.8906,-36.63977
5990.,38.85737,17.63167,38.86712,19.16236,17.7171,-18.88898,-36.63811
6000.,38.85905,17.63369,38.86879,19.1644,17.71912,-18.88736,-36.63645
6010.,38.86072,17.6357,38.87046,19.16645,17.72115,-18.88573,-36.6348
6020.,38.8624,17.63772,38.87213,19.16849,17.72316,-18.88411,-36.63315
6030.,38.86407,17.63973,38.8738,19.17053,17.72518,-18.88249,-36.6315
6040.,38.86573,17.64174,38.87546,19.17256,17.7272,-18.88087,-36.62985
6050.,38.86739,17.64375,38.87712,19.1746,17.72921,-18.87925,-36.6282
6060.,38.86905,17.64576,38.87877,19.17663,17.73122,-18.87763,-36.62656
6070.,38.87071,17.64776,38.88043,19.17866,17.73322,-18.87601,-36.62492
6080.,38.87237,17.64976,38.88208,19.18068,17.73523,-18.8744,-36.62328
6090.,38.87402,17.65176,38.88372,19.18271,17.73723,-18.87278,-36.62164
6100.,38.87567,17.65376,38.88537,19.18473,17.73923,-18.87116,-36.62001
6110.,38.87731,17.65575,38.88701,19.18675,17.74123,-18.86955,-36.61837
6120.,38.87895,17.65774,38.88865,19.18876,17.74322,-18.86793,-36.61674
6130.,38.88059,17.65973,38.89029,19.19078,17.74522,-18.86632,-36.61511
6140.,38.88223,17.66172,38.89192,19.19279,17.74721,-18.8647,-36.61349
6150.,38.88387,17.66371,38.89355,19.1948,17.74919,-18.86309,-36.61186
6160.,38.8855,17.66569,38.89518,19.1968,17.75118,-18.86148,-36.61024
6170.,38.88713,17.66767,38.8968,19.19881,17.75316,-18.85987,-36.60862
6180.,38.88875,17.66964,38.89843,19.20081,17.75514,-18.85826,-36.607
6190.,38.89038,17.67162,38.90005,19.20281,17.75712,-18.85665,-36.60538
6200.,38.892,17.67359,38.90166,19.2048,17.7591,-18.85504,-36.60376
6210.,38.89362,17.67556,38.90328,19.2068,17.76107,-18.85343,-36.60215
6220.,38.89523,17.67753,38.90489,19.20879,17.76304,-18.85182,-36.60054
6230.,38.89684,17.6795,38.9065,19.21078,17.76501,-18.85022,-36.59893
6240.,38.89845,17.68146,38.90811,19.21276,17.76698,-18.84861,-36.59732
6250.,38.90006,17.68342,38.90971,19.21475,17.76894,-18.84701,-36.59572
6260.,38.90167,17.68538,38.91131,19.21673,17.7709,-18.8454,-36.59412
6270.,38.90327,17.68734,38.91291,19.21871,17.77286,-18.8438,-36.59252
6280.,38.90487,17.68929,38.91451,19.22068,17.77482,-18.8422,-36.59092
6290.,38.90646,17.69124,38.9161,19.22266,17.77677,-18.8406,-36.58932
6300.,38.90806,17.69319,38.91769,19.22463,17.77872,-18.839,-36.58772
6310.,38.90965,17.69514,38.91928,19.2266,17.78067,-18.8374,-36.58613
6320.,38.91124,17.69708,38.92087,19.22856,17.78262,-18.8358,-36.58454
6330.,38.91283,17.69902,38.92245,19.23053,17.78456,-18.8342,-36.58295
6340.,38.91441,17.70096,38.92403,19.23249,17.78651,-18.83261,-36.58136
6350.,38.91599,17.7029,38.92561,19.23445,17.78844,-18.83101,-36.57978
6360.,38.91757,17.70483,38.92719,19.23641,17.79038,-18.82942,-36.5782
6370.,38.91915,17.70677,38.92876,19.23836,17.79232,-18.82783,-36.57661
6380.,38.92072,17.7087,38.93033,19.24031,17.79425,-18.82623,-36.57504
6390.,38.92229,17.71062,38.9319,19.24226,17.79618,-18.82464,-36.57346
6400.,38.92386,17.71255,38.93346,19.24421,17.79811,-18.82305,-36.57188
6410.,38.92543,17.71447,38.93503,19.24615,17.80003,-18.82147,-36.57031
6420.,38.92699,17.71639,38.93659,19.24809,17.80196,-18.81988,-36.56874
6430.,38.92855,17.71831,38.93815,19.25003,17.80388,-18.81829,-36.56717
6440.,38.93011,17.72023,38.9397,19.25197,17.8058,-18.81671,-36.5656
6450.,38.93167,17.72214,38.94126,19.2539,17.80771,-18.81512,-36.56404
6460.,38.93322,17.72405,38.94281,19.25584,17.80963,-18.81354,-36.56247
6470.,38.93477,17.72596,38.94436,19.25777,17.81154,-18.81196,-36.56091
6480.,38.93632,17.72787,38.9459,19.25969,17.81345,-18.81038,-36.55935
6490.,38.93787,17.72977,38.94745,19.26162,17.81535,-18.8088,-36.5578
6500.,38.93941,17.73167,38.94899,19.26354,17.81726,-18.80722,-36.55624
6510.,38.94095,17.73357,38.95053,19.26546,17.81916,-18.80565,-36.55469
6520.,38.94249,17.73547,38.95206,19.26738,17.82106,-18.80407,-36.55314
6530.,38.94403,17.73736,38.9536,19.26929,17.82296,-18.8025,-36.55159
6540.,38.94556,17.73925,38.95513,19.27121,17.82485,-18.80092,-36.55004
6550.,38.9471,17.74114,38.95666,19.27312,17.82674,-18.79935,-36.54849
6560.,38.94863,17.74303,38.95819,19.27502,17.82863,-18.79778,-36.54695
6570.,38.95015,17.74492,38.95971,19.27693,17.83052,-18.79621,-36.54541
6580.,38.95168,17.7468,38.96123,19.27883,17.83241,-18.79465,-36.54387
6590.,38.9532,17.74868,38.96275,19.28073,17.83429,-18.79308,-36.54233
6600.,38.95472,17.75056,38.96427,19.28263,17.83617,-18.79151,-36.54079
6610.,38.95624,17.75244,38.96579,19.28453,17.83805,-18.78995,-36.53926
6620.,38.95776,17.75431,38.9673,19.28642,17.83992,-18.78839,-36.53773
6630.,38.95927,17.75618,38.96881,19.28831,17.8418,-18.78683,-36.5362
6640.,38.96078,17.75805,38.97032,19.2902,17.84367,-18.78527,-36.53467
6650.,38.96229,17.75992,38.97183,19.29209,17.84554,-18.78371,-36.53314
6660.,38.9638,17.76178,38.97333,19.29397,17.8474,-18.78215,-36.53162
6670.,38.9653,17.76364,38.97483,19.29585,17.84927,-18.78059,-36.5301
6680.,38.9668,17.7655,38.97633,19.29773,17.85113,-18.77904,-36.52858
6690.,38.9683,17.76736,38.97783,19.29961,17.85299,-18.77749,-36.52706
6700.,38.9698,17.76921,38.97933,19.30148,17.85485,-18.77594,-36.52554
6710.,38.9713,17.77107,38.98082,19.30335,17.8567,-18.77439,-36.52403
6720.,38.97279,17.77292,38.98231,19.30522,17.85855,-18.77284,-36.52252
6730.,38.97428,17.77477,38.9838,19.30709,17.8604,-18.77129,-36.52101
6740.,38.97577,17.77661,38.98529,19.30895,17.86225,-18.76974,-36.5195
6750.,38.97726,17.77845,38.98677,19.31081,17.8641,-18.7682,-36.51799
6760.,38.97874,17.7803,38.98825,19.31267,17.86594,-18.76665,-36.51649
6770.,38.98022,17.78213,38.98973,19.31453,17.86778,-18.76511,-36.51498
6780.,38.9817,17.78397,38.99121,19.31639,17.86962,-18.76357,-36.51348
6790.,38.98318,17.78581,38.99269,19.31824,17.87146,-18.76203,-36.51198
6800.,38.98466,17.78764,38.99416,19.32009,17.87329,-18.7605,-36.51049
6810.,38.98613,17.78947,38.99563,19.32194,17.87512,-18.75896,-36.50899
6820.,38.9876,17.79129,38.9971,19.32378,17.87695,-18.75743,-36.5075
6830.,38.98907,17.79312,38.99857,19.32563,17.87878,-18.75589,-36.50601
6840.,38.99054,17.79494,39.00003,19.32747,17.8806,-18.75436,-36.50452
6850.,38.992,17.79676,39.00149,19.32931,17.88242,-18.75283,-36.50303
6860.,38.99346,17.79858,39.00296,19.33114,17.88424,-18.7513,-36.50154
6870.,38.99492,17.8004,39.00441,19.33298,17.88606,-18.74977,-36.50006
6880.,38.99638,17.80221,39.00587,19.33481,17.88788,-18.74825,-36.49858
6890.,38.99784,17.80402,39.00732,19.33664,17.88969,-18.74672,-36.4971
6900.,38.99929,17.80583,39.00878,19.33846,17.8915,-18.7452,-36.49562
6910.,39.00075,17.80764,39.01023,19.34029,17.89331,-18.74368,-36.49414
6920.,39.0022,17.80944,39.01167,19.34211,17.89512,-18.74216,-36.49267
6930.,39.00364,17.81124,39.01312,19.34393,17.89692,-18.74064,-36.4912
6940.,39.00509,17.81304,39.01456,19.34575,17.89872,-18.73912,-36.48973
6950.,39.00653,17.81484,39.01601,19.34756,17.90052,-18.73761,-36.48826
6960.,39.00797,17.81664,39.01744,19.34938,17.90232,-18.7361,-36.48679
6970.,39.00941,17.81843,39.01888,19.35119,17.90411,-18.73458,-36.48532
6980.,39.01085,17.82022,39.02032,19.353,17.90591,-18.73307,-36.48386
6990.,39.01229,17.82201,39.02175,19.3548,17.9077,-18.73156,-36.4824
7000.,39.01372,17.82379,39.02318,19.35661,17.90949,-18.73006,-36.48094
7010.,39.01515,17.82558,39.02461,19.35841,17.91127,-18.72855,-36.47948
7020.,39.01658,17.82736,39.02604,19.36021,17.91305,-18.72705,-36.47803
7030.,39.01801,17.82914,39.02746,19.362,17.91484,-18.72554,-36.47657
7040.,39.01943,17.83092,39.02889,19.3638,17.91662,-18.72404,-36.47512
7050.,39.02085,17.83269,39.03031,19.36559,17.91839,-18.72254,-36.47367
7060.,39.02227,17.83446,39.03173,19.36738,17.92017,-18.72104,-36.47222
7070.,39.02369,17.83623,39.03314,19.36917,17.92194,-18.71955,-36.47078
7080.,39.02511,17.838,39.03456,19.37095,17.92371,-18.71805,-36.46933
7090.,39.02653,17.83977,39.03597,19.37273,17.92548,-18.71656,-36.46789
7100.,39.02794,17.84153,39.03738,19.37451,17.92724,-18.71507,-36.46645
7110.,39.02935,17.84329,39.03879,19.37629,17.929,-18.71357,-36.46501
7120.,39.03076,17.84505,39.0402,19.37807,17.93077,-18.71209,-36.46357
7130.,39.03216,17.84681,39.0416,19.37984,17.93252,-18.7106,-36.46214
7140.,39.03357,17.84857,39.04301,19.38161,17.93428,-18.70911,-36.46071
7150.,39.03497,17.85032,39.04441,19.38338,17.93604,-18.70763,-36.45928
7160.,39.03637,17.85207,39.04581,19.38515,17.93779,-18.70615,-36.45785
7170.,39.03777,17.85382,39.04721,19.38691,17.93954,-18.70467,-36.45642
7180.,39.03917,17.85556,39.0486,19.38868,17.94128,-18.70319,-36.45499
7190.,39.04056,17.85731,39.04999,19.39044,17.94303,-18.70171,-36.45357
7200.,39.04196,17.85905,39.05139,19.39219,17.94477,-18.70023,-36.45215
7210.,39.04335,17.86079,39.05277,19.39395,17.94651,-18.69876,-36.45073
7220.,39.04474,17.86252,39.05416,19.3957,17.94825,-18.69728,-36.44931
7230.,39.04612,17.86426,39.05555,19.39745,17.94999,-18.69581,-36.44789
7240.,39.04751,17.86599,39.05693,19.3992,17.95172,-18.69434,-36.44647
7250.,39.04889,17.86772,39.05831,19.40095,17.95345,-18.69288,-36.44506
7260.,39.05027,17.86945,39.05969,19.40269,17.95518,-18.69141,-36.44365
7270.,39.05165,17.87117,39.06107,19.40444,17.95691,-18.68994,-36.44224
7280.,39.05303,17.8729,39.06245,19.40618,17.95864,-18.68848,-36.44083
7290.,39.05441,17.87462,39.06382,19.40791,17.96036,-18.68702,-36.43943
7300.,39.05578,17.87634,39.06519,19.40965,17.96208,-18.68556,-36.43802
7310.,39.05715,17.87806,39.06656,19.41138,17.9638,-18.6841,-36.43662
7320.,39.05852,17.87977,39.06793,19.41311,17.96552,-18.68264,-36.43522
7330.,39.05989,17.88148,39.0693,19.41484,17.96723,-18.68119,-36.43382
7340.,39.06125,17.88319,39.07066,19.41657,17.96894,-18.67973,-36.43243
7350.,39.06262,17.8849,39.07202,19.41829,17.97065,-18.67828,-36.43103
7360.,39.06398,17.88661,39.07338,19.42001,17.97236,-18.67683,-36.42964
7370.,39.06534,17.88831,39.07474,19.42173,17.97407,-18.67538,-36.42825
7380.,39.0667,17.89002,39.0761,19.42345,17.97577,-18.67394,-36.42686
7390.,39.06806,17.89171,39.07745,19.42517,17.97747,-18.67249,-36.42547
7400.,39.06941,17.89341,39.07881,19.42688,17.97917,-18.67105,-36.42408
7410.,39.07076,17.89511,39.08016,19.42859,17.98087,-18.66961,-36.4227
7420.,39.07211,17.8968,39.08151,19.4303,17.98256,-18.66817,-36.42132
7430.,39.07346,17.89849,39.08286,19.432,17.98425,-18.66673,-36.41993
7440.,39.07481,17.90018,39.0842,19.43371,17.98594,-18.66529,-36.41856
7450.,39.07616,17.90187,39.08555,19.43541,17.98763,-18.66385,-36.41718
7460.,39.0775,17.90355,39.08689,19.43711,17.98932,-18.66242,-36.4158
7470.,39.07884,17.90523,39.08823,19.43881,17.991,-18.66099,-36.41443
7480.,39.08018,17.90691,39.08957,19.4405,17.99268,-18.65956,-36.41306
7490.,39.08152,17.90859,39.0909,19.4422,17.99436,-18.65813,-36.41169
7500.,39.08286,17.91027,39.09224,19.44389,17.99604,-18.6567,-36.41032
7510.,39.08419,17.91194,39.09357,19.44558,17.99771,-18.65527,-36.40895
7520.,39.08552,17.91361,39.0949,19.44726,17.99939,-18.65385,-36.40759
7530.,39.08685,17.91528,39.09623,19.44895,18.00106,-18.65243,-36.40623
7540.,39.08818,17.91695,39.09756,19.45063,18.00273,-18.65101,-36.40486
7550.,39.08951,17.91861,39.09888,19.45231,18.00439,-18.64959,-36.40351
7560.,39.09083,17.92028,39.10021,19.45399,18.00606,-18.64817,-36.40215
7570.,39.09216,17.92194,39.10153,19.45566,18.00772,-18.64675,-36.40079
7580.,39.09348,17.9236,39.10285,19.45734,18.00938,-18.64534,-36.39944
7590.,39.0948,17.92525,39.10417,19.45901,18.01104,-18.64393,-36.39809
7600.,39.09612,17.92691,39.10549,19.46068,18.01269,-18.64252,-36.39673
7610.,39.09743,17.92856,39.1068,19.46235,18.01435,-18.64111,-36.39539
7620.,39.09875,17.93021,39.10811,19.46401,18.016,-18.6397,-36.39404
7630.,39.10006,17.93186,39.10942,19.46567,18.01765,-18.63829,-36.39269
7640.,39.10137,17.9335,39.11073,19.46733,18.0193,-18.63689,-36.39135
7650.,39.10268,17.93515,39.11204,19.46899,18.02094,-18.63549,-36.39001
7660.,39.10399,17.93679,39.11335,19.47065,18.02258,-18.63409,-36.38867
7670.,39.10529,17.93843,39.11465,19.4723,18.02422,-18.63269,-36.38733
7680.,39.1066,17.94007,39.11595,19.47396,18.02586,-18.63129,-36.38599
7690.,39.1079,17.9417,39.11725,19.47561,18.0275,-18.62989,-36.38466
7700.,39.1092,17.94334,39.11855,19.47725,18.02913,-18.6285,-36.38332
7710.,39.1105,17.94497,39.11985,19.4789,18.03077,-18.62711,-36.38199
7720.,39.11179,17.9466,39.12115,19.48054,18.0324,-18.62572,-36.38066
7730.,39.11309,17.94822,39.12244,19.48218,18.03403,-18.62433,-36.37933
7740.,39.11438,17.94985,39.12373,19.48382,18.03565,-18.62294,-36.37801
7750.,39.11567,17.95147,39.12502,19.48546,18.03728,-18.62155,-36.37668
7760.,39.11696,17.95309,39.12631,19.4871,18.0389,-18.62017,-36.37536
7770.,39.11825,17.95471,39.1276,19.48873,18.04052,-18.61879,-36.37404
7780.,39.11954,17.95633,39.12888,19.49036,18.04214,-18.6174,-36.37272
7790.,39.12082,17.95794,39.13016,19.49199,18.04375,-18.61602,-36.3714
7800.,39.1221,17.95955,39.13145,19.49361,18.04536,-18.61465,-36.37009
7810.,39.12338,17.96116,39.13273,19.49524,18.04698,-18.61327,-36.36877
7820.,39.12466,17.96277,39.134,19.49686,18.04859,-18.6119,-36.36746
7830.,39.12594,17.96438,39.13528,19.49848,18.05019,-18.61052,-36.36615
7840.,39.12722,17.96598,39.13655,19.5001,18.0518,-18.60915,-36.36484
7850.,39.12849,17.96758,39.13783,19.50172,18.0534,-18.60778,-36.36353
7860.,39.12976,17.96918,39.1391,19.50333,18.055,-18.60641,-36.36223
7870.,39.13103,17.97078,39.14037,19.50494,18.0566,-18.60505,-36.36092
7880.,39.1323,17.97238,39.14164,19.50655,18.0582,-18.60368,-36.35962
7890.,39.13357,17.97397,39.1429,19.50816,18.05979,-18.60232,-36.35832
7900.,39.13483,17.97556,39.14417,19.50977,18.06139,-18.60096,-36.35702
7910.,39.1361,17.97715,39.14543,19.51137,18.06298,-18.5996,-36.35572
7920.,39.13736,17.97874,39.14669,19.51297,18.06457,-18.59824,-36.35443
7930.,39.13862,17.98033,39.14795,19.51457,18.06615,-18.59689,-36.35313
7940.,39.13988,17.98191,39.14921,19.51617,18.06774,-18.59553,-36.35184
7950.,39.14114,17.98349,39.15046,19.51776,18.06932,-18.59418,-36.35055
7960.,39.14239,17.98507,39.15172,19.51936,18.0709,-18.59283,-36.34926
7970.,39.14365,17.98665,39.15297,19.52095,18.07248,-18.59148,-36.34797
7980.,39.1449,17.98822,39.15422,19.52254,18.07406,-18.59013,-36.34669
7990.,39.14615,17.9898,39.15547,19.52412,18.07563,-18.58878,-36.3454
8000.,39.1474,17.99137,39.15672,19.52571,18.0772,-18.58744,-36.34412
8010.,39.14864,17.99294,39.15796,19.52729,18.07877,-18.58609,-36.34284
8020.,39.14989,17.9945,39.15921,19.52887,18.08034,-18.58475,-36.34156
8030.,39.15113,17.99607,39.16045,19.53045,18.08191,-18.58341,-36.34028
8040.,39.15237,17.99763,39.16169,19.53203,18.08347,-18.58207,-36.33901
8050.,39.15361,17.99919,39.16293,19.5336,18.08503,-18.58074,-36.33773
8060.,39.15485,18.00075,39.16417,19.53517,18.08659,-18.5794,-36.33646
8070.,39.15609,18.00231,39.1654,19.53674,18.08815,-18.57807,-36.33519
8080.,39.15733,18.00386,39.16664,19.53831,18.08971,-18.57674,-36.33392
8090.,39.15856,18.00542,39.16787,19.53988,18.09126,-18.57541,-36.33265
8100.,39.15979,18.00697,39.1691,19.54144,18.09282,-18.57408,-36.33139
8110.,39.16102,18.00852,39.17033,19.54301,18.09437,-18.57275,-36.33012
8120.,39.16225,18.01006,39.17156,19.54457,18.09591,-18.57143,-36.32886
8130.,39.16348,18.01161,39.17278,19.54612,18.09746,-18.5701,-36.3276
8140.,39.1647,18.01315,39.17401,19.54768,18.099,-18.56878,-36.32634
8150.,39.16593,18.01469,39.17523,19.54924,18.10055,-18.56746,-36.32508
8160.,39.16715,18.01623,39.17645,19.55079,18.10209,-18.56614,-36.32383
8170.,39.16837,18.01777,39.17767,19.55234,18.10362,-18.56483,-36.32257
8180.,39.16959,18.0193,39.17889,19.55389,18.10516,-18.56351,-36.32132
8190.,39.17081,18.02084,39.1801,19.55543,18.10669,-18.5622,-36.32007
8200.,39.17202,18.02237,39.18132,19.55698,18.10823,-18.56089,-36.31882
8210.,39.17324,18.0239,39.18253,19.55852,18.10976,-18.55958,-36.31757
8220.,39.17445,18.02542,39.18374,19.56006,18.11129,-18.55827,-36.31632
8230.,39.17566,18.02695,39.18495,19.5616,18.11281,-18.55696,-36.31508
8240.,39.17687,18.02847,39.18616,19.56313,18.11434,-18.55565,-36.31384
8250.,39.17808,18.02999,39.18737,19.56467,18.11586,-18.55435,-36.3126
8260.,39.17928,18.03151,39.18857,19.5662,18.11738,-18.55305,-36.31136
8270.,39.18049,18.03303,39.18978,19.56773,18.1189,-18.55175,-36.31012
8280.,39.18169,18.03455,39.19098,19.56926,18.12041,-18.55045,-36.30888
8290.,39.18289,18.03606,39.19218,19.57079,18.12193,-18.54915,-36.30765
8300.,39.18409,18.03757,39.19338,19.57231,18.12344,-18.54785,-36.30641
8310.,39.18529,18.03908,39.19457,19.57383,18.12495,-18.54656,-36.30518
8320.,39.18649,18.04059,39.19577,19.57535,18.12646,-18.54527,-36.30395
8330.,39.18768,18.04209,39.19696,19.57687,18.12797,-18.54398,-36.30272
8340.,39.18887,18.0436,39.19816,19.57839,18.12947,-18.54269,-36.3015
8350.,39.19007,18.0451,39.19935,19.5799,18.13097,-18.5414,-36.30027
8360.,39.19126,18.0466,39.20054,19.58141,18.13247,-18.54011,-36.29905
8370.,39.19244,18.0481,39.20172,19.58292,18.13397,-18.53883,-36.29782
8380.,39.19363,18.04959,39.20291,19.58443,18.13547,-18.53755,-36.2966
8390.,39.19482,18.05109,39.20409,19.58594,18.13696,-18.53626,-36.29539
8400.,39.196,18.05258,39.20528,19.58744,18.13846,-18.53498,-36.29417
8410.,39.19718,18.05407,39.20646,19.58895,18.13995,-18.53371,-36.29295
8420.,39.19836,18.05555,39.20764,19.59045,18.14144,-18.53243,-36.29174
8430.,39.19954,18.05704,39.20882,19.59195,18.14292,-18.53116,-36.29053
8440.,39.20072,18.05853,39.20999,19.59344,18.14441,-18.52988,-36.28931
8450.,39.2019,18.06001,39.21117,19.59494,18.14589,-18.52861,-36.2881
8460.,39.20307,18.06149,39.21234,19.59643,18.14737,-18.52734,-36.2869
8470.,39.20424,18.06297,39.21351,19.59792,18.14885,-18.52607,-36.28569
8480.,39.20542,18.06444,39.21468,19.59941,18.15033,-18.5248,-36.28449
8490.,39.20659,18.06592,39.21585,19.6009,18.15181,-18.52354,-36.28328
8500.,39.20775,18.06739,39.21702,19.60238,18.15328,-18.52228,-36.28208
8510.,39.20892,18.06886,39.21819,19.60387,18.15475,-18.52101,-36.28088
8520.,39.21009,18.07033,39.21935,19.60535,18.15622,-18.51975,-36.27968
8530.,39.21125,18.0718,39.22051,19.60683,18.15769,-18.51849,-36.27849
8540.,39.21241,18.07326,39.22168,19.6083,18.15915,-18.51724,-36.27729
8550.,39.21357,18.07472,39.22284,19.60978,18.16062,-18.51598,-36.2761
8560.,39.21473,18.07619,39.22399,19.61125,18.16208,-18.51473,-36.2749
8570.,39.21589,18.07764,39.22515,19.61273,18.16354,-18.51347,-36.27371
8580.,39.21705,18.0791,39.22631,19.61419,18.165,-18.51222,-36.27252
8590.,39.2182,18.08056,39.22746,19.61566,18.16646,-18.51097,-36.27134
8600.,39.21935,18.08201,39.22861,19.61713,18.16791,-18.50973,-36.27015
8610.,39.2205,18.08346,39.22976,19.61859,18.16936,-18.50848,-36.26897
8620.,39.22165,18.08491,39.23091,19.62005,18.17081,-18.50723,-36.26778
8630.,39.2228,18.08636,39.23206,19.62151,18.17226,-18.50599,-36.2666
8640.,39.22395,18.08781,39.2332,19.62297,18.17371,-18.50475,-36.26542
8650.,39.2251,18.08925,39.23435,19.62443,18.17516,-18.50351,-36.26424
8660.,39.22624,18.09069,39.23549,19.62588,18.1766,-18.50227,-36.26307
8670.,39.22738,18.09213,39.23663,19.62734,18.17804,-18.50104,-36.26189
8680.,39.22852,18.09357,39.23777,19.62879,18.17948,-18.4998,-36.26072
8690.,39.22966,18.09501,39.23891,19.63024,18.18092,-18.49857,-36.25954
8700.,39.2308,18.09644,39.24005,19.63168,18.18235,-18.49733,-36.25837
8710.,39.23194,18.09788,39.24118,19.63313,18.18379,-18.4961,-36.2572
8720.,39.23307,18.09931,39.24232,19.63457,18.18522,-18.49487,-36.25604
8730.,39.23421,18.10074,39.24345,19.63601,18.18665,-18.49365,-36.25487
8740.,39.23534,18.10217,39.24458,19.63745,18.18808,-18.49242,-36.25371
8750.,39.23647,18.10359,39.24571,19.63889,18.1895,-18.4912,-36.25254
8760.,39.2376,18.10501,39.24684,19.64033,18.19093,-18.48997,-36.25138
8770.,39.23872,18.10644,39.24797,19.64176,18.19235,-18.48875,-36.25022
8780.,39.23985,18.10786,39.24909,19.64319,18.19377,-18.48753,-36.24906
8790.,39.24097,18.10927,39.25021,19.64462,18.19519,-18.48632,-36.24791
8800.,39.2421,18.11069,39.25134,19.64605,18.19661,-18.4851,-36.24675
8810.,39.24322,18.11211,39.25246,19.64748,18.19802,-18.48388,-36.2456
8820.,39.24434,18.11352,39.25358,19.6489,18.19944,-18.48267,-36.24444
8830.,39.24546,18.11493,39.25469,19.65032,18.20085,-18.48146,-36.24329
8840.,39.24658,18.11634,39.25581,19.65174,18.20226,-18.48025,-36.24214
8850.,39.24769,18.11774,39.25693,19.65316,18.20367,-18.47904,-36.24099
8860.,39.24881,18.11915,39.25804,19.65458,18.20507,-18.47783,-36.23985
8870.,39.24992,18.12055,39.25915,19.656,18.20648,-18.47663,-36.2387
8880.,39.25103,18.12196,39.26026,19.65741,18.20788,-18.47542,-36.23756
8890.,39.25214,18.12336,39.26137,19.65882,18.20928,-18.47422,-36.23642
8900.,39.25325,18.12475,39.26248,19.66023,18.21068,-18.47302,-36.23528
8910.,39.25435,18.12615,39.26358,19.66164,18.21208,-18.47182,-36.23414
8920.,39.25546,18.12754,39.26469,19.66304,18.21347,-18.47062,-36.233
8930.,39.25656,18.12894,39.26579,19.66445,18.21487,-18.46942,-36.23186
8940.,39.25767,18.13033,39.26689,19.66585,18.21626,-18.46823,-36.23073
8950.,39.25877,18.13172,39.26799,19.66725,18.21765,-18.46704,-36.2296
8960.,39.25987,18.1331,39.26909,19.66865,18.21904,-18.46584,-36.22846
8970.,39.26097,18.13449,39.27019,19.67005,18.22042,-18.46465,-36.22733
8980.,39.26206,18.13587,39.27129,19.67144,18.22181,-18.46346,-36.2262
8990.,39.26316,18.13725,39.27238,19.67284,18.22319,-18.46228,-36.22508
9000.,39.26425,18.13863,39.27347,19.67423,18.22457,-18.46109,-36.22395
9010.,39.26534,18.14001,39.27457,19.67562,18.22595,-18.45991,-36.22283
9020.,39.26644,18.14139,39.27566,19.677,18.22733,-18.45872,-36.2217
9030.,39.26753,18.14276,39.27674,19.67839,18.2287,-18.45754,-36.22058
9040.,39.26861,18.14414,39.27783,19.67978,18.23008,-18.45636,-36.21946
9050.,39.2697,18.14551,39.27892,19.68116,18.23145,-18.45518,-36.21834
9060.,39.27079,18.14688,39.28,19.68254,18.23282,-18.45401,-36.21723
9070.,39.27187,18.14824,39.28109,19.68392,18.23419,-18.45283,-36.21611
9080.,39.27295,18.14961,39.28217,19.68529,18.23555,-18.45166,-36.215
9090.,39.27403,18.15097,39.28325,19.68667,18.23692,-18.45049,-36.21388
9100.,39.27511,18.15233,39.28433,19.68804,18.23828,-18.44932,-36.21277
9110.,39.27619,18.15369,39.2854,19.68941,18.23964,-18.44815,-36.21166
9120.,39.27727,18.15505,39.28648,19.69078,18.241,-18.44698,-36.21055
9130.,39.27834,18.15641,39.28755,19.69215,18.24236,-18.44581,-36.20945
9140.,39.27942,18.15777,39.28863,19.69352,18.24371,-18.44465,-36.20834
9150.,39.28049,18.15912,39.2897,19.69488,18.24507,-18.44348,-36.20724
9160.,39.28156,18.16047,39.29077,19.69625,18.24642,-18.44232,-36.20614
9170.,39.28263,18.16182,39.29184,19.69761,18.24777,-18.44116,-36.20503
9180.,39.2837,18.16317,39.29291,19.69897,18.24912,-18.44,-36.20393
9190.,39.28477,18.16451,39.29397,19.70032,18.25047,-18.43885,-36.20284
9200.,39.28583,18.16586,39.29504,19.70168,18.25181,-18.43769,-36.20174
9210.,39.2869,18.1672,39.2961,19.70303,18.25316,-18.43654,-36.20064
9220.,39.28796,18.16854,39.29716,19.70439,18.2545,-18.43538,-36.19955
9230.,39.28902,18.16988,39.29822,19.70574,18.25584,-18.43423,-36.19846
9240.,39.29008,18.17122,39.29928,19.70708,18.25718,-18.43308,-36.19737
9250.,39.29114,18.17255,39.30034,19.70843,18.25851,-18.43193,-36.19628
9260.,39.2922,18.17389,39.3014,19.70978,18.25985,-18.43079,-36.19519
9270.,39.29325,18.17522,39.30245,19.71112,18.26118,-18.42964,-36.1941
9280.,39.29431,18.17655,39.30351,19.71246,18.26251,-18.4285,-36.19302
9290.,39.29536,18.17788,39.30456,19.7138,18.26384,-18.42736,-36.19193
9300.,39.29641,18.17921,39.30561,19.71514,18.26517,-18.42621,-36.19085
9310.,39.29746,18.18053,39.30666,19.71648,18.2665,-18.42508,-36.18977
9320.,39.29851,18.18186,39.30771,19.71781,18.26782,-18.42394,-36.18869
9330.,39.29956,18.18318,39.30875,19.71914,18.26914,-18.4228,-36.18761
9340.,39.30061,18.1845,39.3098,19.72047,18.27046,-18.42167,-36.18653
9350.,39.30165,18.18582,39.31084,19.7218,18.27178,-18.42053,-36.18546
9360.,39.3027,18.18713,39.31189,19.72313,18.2731,-18.4194,-36.18438
9370.,39.30374,18.18845,39.31293,19.72446,18.27442,-18.41827,-36.18331
9380.,39.30478,18.18976,39.31397,19.72578,18.27573,-18.41714,-36.18224
9390.,39.30582,18.19107,39.31501,19.7271,18.27704,-18.41601,-36.18117
9400.,39.30686,18.19238,39.31604,19.72842,18.27835,-18.41489,-36.1801
9410.,39.30789,18.19369,39.31708,19.72974,18.27966,-18.41376,-36.17903
9420.,39.30893,18.195,39.31812,19.73106,18.28097,-18.41264,-36.17797
9430.,39.30996,18.1963,39.31915,19.73238,18.28228,-18.41151,-36.1769
9440.,39.31099,18.19761,39.32018,19.73369,18.28358,-18.41039,-36.17584
9450.,39.31203,18.19891,39.32121,19.735,18.28488,-18.40928,-36.17478
9460.,39.31306,18.20021,39.32224,19.73631,18.28618,-18.40816,-36.17372
9470.,39.31408,18.2015,39.32327,19.73762,18.28748,-18.40704,-36.17266
9480.,39.31511,18.2028,39.32429,19.73893,18.28878,-18.40593,-36.1716
9490.,39.31614,18.2041,39.32532,19.74023,18.29007,-18.40481,-36.17054
9500.,39.31716,18.20539,39.32634,19.74154,18.29137,-18.4037,-36.16949
9510.,39.31819,18.20668,39.32737,19.74284,18.29266,-18.40259,-36.16844
9520.,39.31921,18.20797,39.32839,19.74414,18.29395,-18.40148,-36.16738
9530.,39.32023,18.20926,39.32941,19.74544,18.29524,-18.40037,-36.16633
9540.,39.32125,18.21054,39.33043,19.74674,18.29652,-18.39927,-36.16528
9550.,39.32227,18.21183,39.33144,19.74803,18.29781,-18.39816,-36.16424
9560.,39.32328,18.21311,39.33246,19.74932,18.29909,-18.39706,-36.16319
9570.,39.3243,18.21439,39.33347,19.75062,18.30038,-18.39596,-36.16214
9580.,39.32531,18.21567,39.33449,19.75191,18.30166,-18.39486,-36.1611
9590.,39.32632,18.21695,39.3355,19.75319,18.30293,-18.39376,-36.16006
9600.,39.32734,18.21822,39.33651,19.75448,18.30421,-18.39266,-36.15902
9610.,39.32835,18.2195,39.33752,19.75577,18.30549,-18.39156,-36.15798
9620.,39.32935,18.22077,39.33853,19.75705,18.30676,-18.39047,-36.15694
9630.,39.33036,18.22204,39.33953,19.75833,18.30803,-18.38938,-36.1559
9640.,39.33137,18.22331,39.34054,19.75961,18.3093,-18.38828,-36.15487
9650.,39.33237,18.22458,39.34154,19.76089,18.31057,-18.38719,-36.15383
9660.,39.33338,18.22585,39.34254,19.76217,18.31184,-18.38611,-36.1528
9670.,39.33438,18.22711,39.34355,19.76344,18.3131,-18.38502,-36.15177
9680.,39.33538,18.22837,39.34455,19.76471,18.31437,-18.38393,-36.15074
9690.,39.33638,18.22964,39.34555,19.76599,18.31563,-18.38285,-36.14971
9700.,39.33738,18.2309,39.34654,19.76726,18.31689,-18.38176,-36.14868
9710.,39.33837,18.23215,39.34754,19.76852,18.31815,-18.38068,-36.14765
9720.,39.33937,18.23341,39.34853,19.76979,18.31941,-18.3796,-36.14663
9730.,39.34036,18.23466,39.34953,19.77106,18.32066,-18.37852,-36.14561
9740.,39.34136,18.23592,39.35052,19.77232,18.32191,-18.37744,-36.14458
9750.,39.34235,18.23717,39.35151,19.77358,18.32317,-18.37637,-36.14356
9760.,39.34334,18.23842,39.3525,19.77484,18.32442,-18.37529,-36.14254
9770.,39.34433,18.23967,39.35349,19.7761,18.32567,-18.37422,-36.14152
9780.,39.34532,18.24091,39.35448,19.77736,18.32691,-18.37315,-36.14051
9790.,39.3463,18.24216,39.35546,19.77861,18.32816,-18.37207,-36.13949
9800.,39.34729,18.2434,39.35645,19.77987,18.3294,-18.371,-36.13848
9810.,39.34827,18.24464,39.35743,19.78112,18.33065,-18.36994,-36.13747
9820.,39.34925,18.24588,39.35841,19.78237,18.33189,-18.36887,-36.13645
9830.,39.35024,18.24712,39.35939,19.78362,18.33313,-18.3678,-36.13544
9840.,39.35122,18.24836,39.36037,19.78486,18.33436,-18.36674,-36.13443
9850.,39.35219,18.24959,39.36135,19.78611,18.3356,-18.36568,-36.13343
9860.,39.35317,18.25083,39.36233,19.78735,18.33683,-18.36462,-36.13242
9870.,39.35415,18.25206,39.3633,19.7886,18.33807,-18.36356,-36.13142
9880.,39.35512,18.25329,39.36428,19.78984,18.3393,-18.3625,-36.13041
9890.,39.3561,18.25452,39.36525,19.79107,18.34053,-18.36144,-36.12941
9900.,39.35707,18.25575,39.36622,19.79231,18.34175,-18.36039,-36.12841
9910.,39.35804,18.25697,39.36719,19.79355,18.34298,-18.35933,-36.12741
9920.,39.35901,18.2582,39.36816,19.79478,18.34421,-18.35828,-36.12641
9930.,39.35998,18.25942,39.36913,19.79601,18.34543,-18.35723,-36.12541
9940.,39.36095,18.26064,39.37009,19.79725,18.34665,-18.35618,-36.12442
9950.,39.36191,18.26186,39.37106,19.79847,18.34787,-18.35513,-36.12342
9960.,39.36288,18.26308,39.37202,19.7997,18.34909,-18.35408,-36.12243
9970.,39.36384,18.26429,39.37299,19.80093,18.35031,-18.35303,-36.12144
9980.,39.3648,18.26551,39.37395,19.80215,18.35152,-18.35199,-36.12045
9990.,39.36576,18.26672,39.37491,19.80338,18.35273,-18.35095,-36.11946
10000.,39.36672,18.26793,39.37587,19.8046,18.35395,-18.3499,-36.11847
10010.,39.36768,18.26914,39.37683,19.80582,18.35516,-18.34886,-36.11748
10020.,39.36864,18.27035,39.37778,19.80703,18.35637,-18.34782,-36.1165
10030.,39.3696,18.27155,39.37874,19.80825,18.35757,-18.34678,-36.11551
10040.,39.37055,18.27276,39.37969,19.80947,18.35878,-18.34575,-36.11453
10050.,39.3715,18.27396,39.38065,19.81068,18.35998,-18.34471,-36.11355
10060.,39.37246,18.27516,39.3816,19.81189,18.36119,-18.34368,-36.11257
10070.,39.37341,18.27636,39.38255,19.8131,18.36239,-18.34265,-36.11159
10080.,39.37436,18.27756,39.3835,19.81431,18.36359,-18.34161,-36.11061
10090.,39.37531,18.27876,39.38444,19.81552,18.36478,-18.34058,-36.10963
10100.,39.37625,18.27996,39.38539,19.81672,18.36598,-18.33956,-36.10866
10110.,39.3772,18.28115,39.38634,19.81793,18.36717,-18.33853,-36.10768
10120.,39.37815,18.28234,39.38728,19.81913,18.36837,-18.3375,-36.10671
10130.,39.37909,18.28353,39.38822,19.82033,18.36956,-18.33648,-36.10574
10140.,39.38003,18.28472,39.38917,19.82153,18.37075,-18.33545,-36.10477
10150.,39.38097,18.28591,39.39011,19.82273,18.37194,-18.33443,-36.1038
10160.,39.38191,18.2871,39.39105,19.82392,18.37312,-18.33341,-36.10283
10170.,39.38285,18.28828,39.39198,19.82512,18.37431,-18.33239,-36.10187
10180.,39.38379,18.28946,39.39292,19.82631,18.37549,-18.33137,-36.1009
10190.,39.38473,18.29065,39.39386,19.8275,18.37668,-18.33036,-36.09994
10200.,39.38566,18.29183,39.39479,19.82869,18.37786,-18.32934,-36.09897
10210.,39.38659,18.293,39.39572,19.82988,18.37904,-18.32833,-36.09801
10220.,39.38753,18.29418,39.39666,19.83106,18.38021,-18.32732,-36.09705
10230.,39.38846,18.29536,39.39759,19.83225,18.38139,-18.3263,-36.09609
10240.,39.38939,18.29653,39.39852,19.83343,18.38256,-18.32529,-36.09514
10250.,39.39032,18.2977,39.39944,19.83462,18.38374,-18.32429,-36.09418
10260.,39.39125,18.29887,39.40037,19.8358,18.38491,-18.32328,-36.09322
10270.,39.39217,18.30004,39.4013,19.83697,18.38608,-18.32227,-36.09227
10280.,39.3931,18.30121,39.40222,19.83815,18.38725,-18.32127,-36.09132
10290.,39.39402,18.30238,39.40315,19.83933,18.38841,-18.32026,-36.09037
10300.,39.39494,18.30354,39.40407,19.8405,18.38958,-18.31926,-36.08942
10310.,39.39587,18.3047,39.40499,19.84168,18.39074,-18.31826,-36.08847
10320.,39.39679,18.30587,39.40591,19.84285,18.39191,-18.31726,-36.08752
10330.,39.39771,18.30703,39.40683,19.84402,18.39307,-18.31626,-36.08657
10340.,39.39862,18.30819,39.40775,19.84518,18.39423,-18.31527,-36.08563
10350.,39.39954,18.30934,39.40866,19.84635,18.39538,-18.31427,-36.08468
10360.,39.40046,18.3105,39.40958,19.84752,18.39654,-18.31327,-36.08374
10370.,39.40137,18.31165,39.41049,19.84868,18.3977,-18.31228,-36.0828
10380.,39.40229,18.3128,39.4114,19.84984,18.39885,-18.31129,-36.08186
10390.,39.4032,18.31396,39.41232,19.851,18.4,-18.3103,-36.08092
10400.,39.40411,18.31511,39.41323,19.85216,18.40115,-18.30931,-36.07998
10410.,39.40502,18.31625,39.41413,19.85332,18.4023,-18.30832,-36.07905
10420.,39.40593,18.3174,39.41504,19.85448,18.40345,-18.30734,-36.07811
10430.,39.40683,18.31855,39.41595,19.85563,18.40459,-18.30635,-36.07718
10440.,39.40774,18.31969,39.41686,19.85678,18.40574,-18.30537,-36.07624
10450.,39.40865,18.32083,39.41776,19.85793,18.40688,-18.30438,-36.07531
10460.,39.40955,18.32197,39.41866,19.85908,18.40802,-18.3034,-36.07438
10470.,39.41045,18.32311,39.41957,19.86023,18.40916,-18.30242,-36.07345
10480.,39.41135,18.32425,39.42047,19.86138,18.4103,-18.30144,-36.07252
10490.,39.41225,18.32538,39.42137,19.86253,18.41144,-18.30046,-36.0716
10500.,39.41315,18.32652,39.42226,19.86367,18.41257,-18.29949,-36.07067
10510.,39.41405,18.32765,39.42316,19.86481,18.41371,-18.29851,-36.06975
10520.,39.41495,18.32878,39.42406,19.86595,18.41484,-18.29754,-36.06882
10530.,39.41584,18.32991,39.42495,19.86709,18.41597,-18.29657,-36.0679
10540.,39.41674,18.33104,39.42585,19.86823,18.4171,-18.29559,-36.06698
10550.,39.41763,18.33217,39.42674,19.86937,18.41823,-18.29462,-36.06606
10560.,39.41852,18.3333,39.42763,19.8705,18.41935,-18.29366,-36.06514
10570.,39.41942,18.33442,39.42852,19.87164,18.42048,-18.29269,-36.06423
10580.,39.42031,18.33554,39.42941,19.87277,18.4216,-18.29172,-36.06331
10590.,39.42119,18.33667,39.4303,19.8739,18.42272,-18.29076,-36.0624
10600.,39.42208,18.33779,39.43119,19.87503,18.42384,-18.28979,-36.06148
10610.,39.42297,18.3389,39.43207,19.87616,18.42496,-18.28883,-36.06057
10620.,39.42385,18.34002,39.43296,19.87728,18.42608,-18.28787,-36.05966
10630.,39.42474,18.34114,39.43384,19.87841,18.4272,-18.28691,-36.05875
10640.,39.42562,18.34225,39.43472,19.87953,18.42831,-18.28595,-36.05784
10650.,39.4265,18.34336,39.4356,19.88065,18.42943,-18.28499,-36.05693
10660.,39.42738,18.34447,39.43648,19.88177,18.43054,-18.28404,-36.05602
10670.,39.42826,18.34558,39.43736,19.88289,18.43165,-18.28308,-36.05512
10680.,39.42914,18.34669,39.43824,19.88401,18.43276,-18.28213,-36.05422
10690.,39.43002,18.3478,39.43912,19.88512,18.43386,-18.28117,-36.05331
10700.,39.43089,18.34891,39.43999,19.88624,18.43497,-18.28022,-36.05241
10710.,39.43177,18.35001,39.44087,19.88735,18.43607,-18.27927,-36.05151
10720.,39.43264,18.35111,39.44174,19.88846,18.43718,-18.27832,-36.05061
10730.,39.43352,18.35221,39.44261,19.88957,18.43828,-18.27738,-36.04971
10740.,39.43439,18.35331,39.44348,19.89068,18.43938,-18.27643,-36.04882
10750.,39.43526,18.35441,39.44435,19.89179,18.44048,-18.27548,-36.04792
10760.,39.43613,18.35551,39.44522,19.8929,18.44158,-18.27454,-36.04702
10770.,39.43699,18.3566,39.44609,19.894,18.44267,-18.2736,-36.04613
10780.,39.43786,18.3577,39.44695,19.8951,18.44377,-18.27266,-36.04524
10790.,39.43873,18.35879,39.44782,19.8962,18.44486,-18.27172,-36.04435
10800.,39.43959,18.35988,39.44868,19.8973,18.44595,-18.27078,-36.04346
10810.,39.44046,18.36097,39.44955,19.8984,18.44704,-18.26984,-36.04257
10820.,39.44132,18.36206,39.45041,19.8995,18.44813,-18.2689,-36.04168
10830.,39.44218,18.36315,39.45127,19.9006,18.44922,-18.26797,-36.04079
10840.,39.44304,18.36423,39.45213,19.90169,18.4503,-18.26703,-36.03991
10850.,39.4439,18.36531,39.45299,19.90278,18.45139,-18.2661,-36.03902
10860.,39.44476,18.3664,39.45384,19.90387,18.45247,-18.26517,-36.03814
10870.,39.44561,18.36748,39.4547,19.90496,18.45355,-18.26424,-36.03726
10880.,39.44647,18.36856,39.45556,19.90605,18.45463,-18.26331,-36.03638
10890.,39.44732,18.36964,39.45641,19.90714,18.45571,-18.26238,-36.0355
10900.,39.44818,18.37071,39.45726,19.90823,18.45679,-18.26145,-36.03462
10910.,39.44903,18.37179,39.45811,19.90931,18.45787,-18.26053,-36.03374
10920.,39.44988,18.37286,39.45896,19.91039,18.45894,-18.2596,-36.03287
10930.,39.45073,18.37394,39.45981,19.91148,18.46002,-18.25868,-36.03199
10940.,39.45158,18.37501,39.46066,19.91256,18.46109,-18.25776,-36.03112
10950.,39.45243,18.37608,39.46151,19.91363,18.46216,-18.25684,-36.03025
10960.,39.45328,18.37715,39.46236,19.91471,18.46323,-18.25592,-36.02937
10970.,39.45412,18.37821,39.4632,19.91579,18.46429,-18.255,-36.0285
10980.,39.45497,18.37928,39.46405,19.91686,18.46536,-18.25408,-36.02763
10990.,39.45581,18.38034,39.46489,19.91793,18.46643,-18.25317,-36.02677
11000.,39.45665,18.38141,39.46573,19.91901,18.46749,-18.25225,-36.0259
11010.,39.45749,18.38247,39.46657,19.92008,18.46855,-18.25134,-36.02503
11020.,39.45833,18.38353,39.46741,19.92115,18.46961,-18.25043,-36.02417
11030.,39.45917,18.38459,39.46825,19.92221,18.47067,-18.24951,-36.0233
11040.,39.46001,18.38564,39.46909,19.92328,18.47173,-18.2486,-36.02244
11050.,39.46085,18.3867,39.46992,19.92434,18.47279,-18.2477,-36.02158
11060.,39.46168,18.38775,39.47076,19.92541,18.47384,-18.24679,-36.02072
11070.,39.46252,18.38881,39.47159,19.92647,18.4749,-18.24588,-36.01986
11080.,39.46335,18.38986,39.47243,19.92753,18.47595,-18.24498,-36.019
11090.,39.46418,18.39091,39.47326,19.92859,18.477,-18.24407,-36.01815
11100.,39.46502,18.39196,39.47409,19.92965,18.47805,-18.24317,-36.01729
11110.,39.46585,18.39301,39.47492,19.9307,18.4791,-18.24227,-36.01644
11120.,39.46668,18.39405,39.47575,19.93176,18.48014,-18.24137,-36.01558
11130.,39.4675,18.3951,39.47657,19.93281,18.48119,-18.24047,-36.01473
11140.,39.46833,18.39614,39.4774,19.93386,18.48223,-18.23957,-36.01388
11150.,39.46916,18.39718,39.47823,19.93491,18.48328,-18.23867,-36.01303
11160.,39.46998,18.39822,39.47905,19.93596,18.48432,-18.23778,-36.01218
11170.,39.47081,18.39926,39.47987,19.93701,18.48536,-18.23688,-36.01133
11180.,39.47163,18.4003,39.4807,19.93806,18.4864,-18.23599,-36.01048
11190.,39.47245,18.40134,39.48152,19.9391,18.48744,-18.2351,-36.00964
11200.,39.47327,18.40237,39.48234,19.94015,18.48847,-18.2342,-36.00879
11210.,39.47409,18.40341,39.48316,19.94119,18.48951,-18.23331,-36.00795
11220.,39.47491,18.40444,39.48398,19.94223,18.49054,-18.23242,-36.00711
11230.,39.47573,18.40547,39.48479,19.94327,18.49157,-18.23154,-36.00627
11240.,39.47654,18.4065,39.48561,19.94431,18.4926,-18.23065,-36.00542
11250.,39.47736,18.40753,39.48642,19.94535,18.49363,-18.22976,-36.00459
11260.,39.47817,18.40856,39.48724,19.94638,18.49466,-18.22888,-36.00375
11270.,39.47899,18.40959,39.48805,19.94742,18.49569,-18.228,-36.00291
11280.,39.4798,18.41061,39.48886,19.94845,18.49671,-18.22712,-36.00207
11290.,39.48061,18.41163,39.48967,19.94948,18.49774,-18.22623,-36.00124
11300.,39.48142,18.41266,39.49048,19.95051,18.49876,-18.22535,-36.00041
11310.,39.48223,18.41368,39.49129,19.95154,18.49978,-18.22448,-35.99957
11320.,39.48304,18.4147,39.4921,19.95257,18.5008,-18.2236,-35.99874
11330.,39.48384,18.41571,39.4929,19.9536,18.50182,-18.22272,-35.99791
11340.,39.48465,18.41673,39.49371,19.95462,18.50284,-18.22185,-35.99708
11350.,39.48545,18.41775,39.49451,19.95565,18.50385,-18.22097,-35.99625
11360.,39.48626,18.41876,39.49532,19.95667,18.50487,-18.2201,-35.99543
11370.,39.48706,18.41977,39.49612,19.95769,18.50588,-18.21923,-35.9946
11380.,39.48786,18.42078,39.49692,19.95871,18.50689,-18.21836,-35.99378
11390.,39.48866,18.42179,39.49772,19.95973,18.5079,-18.21749,-35.99295
11400.,39.48946,18.4228,39.49852,19.96074,18.50891,-18.21662,-35.99213
11410.,39.49026,18.42381,39.49932,19.96176,18.50992,-18.21575,-35.99131
11420.,39.49106,18.42482,39.50011,19.96277,18.51093,-18.21489,-35.99049
11430.,39.49186,18.42582,39.50091,19.96379,18.51193,-18.21402,-35.98967
11440.,39.49265,18.42682,39.5017,19.9648,18.51294,-18.21316,-35.98885
11450.,39.49345,18.42783,39.5025,19.96581,18.51394,-18.2123,-35.98803
11460.,39.49424,18.42883,39.50329,19.96682,18.51494,-18.21143,-35.98721
11470.,39.49503,18.42983,39.50408,19.96783,18.51594,-18.21057,-35.9864
11480.,39.49582,18.43083,39.50487,19.96883,18.51694,-18.20972,-35.98558
11490.,39.49661,18.43182,39.50566,19.96984,18.51794,-18.20886,-35.98477
11500.,39.4974,18.43282,39.50645,19.97084,18.51893,-18.208,-35.98396
11510.,39.49819,18.43381,39.50724,19.97184,18.51993,-18.20714,-35.98315
11520.,39.49898,18.43481,39.50803,19.97285,18.52092,-18.20629,-35.98234
11530.,39.49976,18.4358,39.50881,19.97385,18.52191,-18.20544,-35.98182
11540.,39.50055,18.43679,39.5096,19.97484,18.5229,-18.20459,-35.98106
11550.,39.50134,18.43778,39.51038,19.97584,18.52389,-18.20374,-35.98026
11560.,39.50212,18.43876,39.51117,19.97684,18.52488,-18.20289,-35.97945
11570.,39.5029,18.43975,39.51195,19.97783,18.52587,-18.20204,-35.97865
11580.,39.50368,18.44074,39.51273,19.97883,18.52686,-18.20119,-35.97784
11590.,39.50447,18.44172,39.51351,19.97982,18.52784,-18.20035,-35.97704
11600.,39.50525,18.4427,39.51429,19.98081,18.52882,-18.1995,-35.97624
11610.,39.50602,18.44368,39.51507,19.9818,18.52981,-18.19866,-35.97544
11620.,39.5068,18.44466,39.51584,19.98279,18.53079,-18.19782,-35.97464
11630.,39.50758,18.44564,39.51662,19.98377,18.53177,-18.19698,-35.97384
11640.,39.50835,18.44662,39.5174,19.98476,18.53274,-18.19614,-35.97304
11650.,39.50913,18.4476,39.51817,19.98574,18.53372,-18.1953,-35.97224
11660.,39.5099,18.44857,39.51894,19.98673,18.5347,-18.19446,-35.97145
11670.,39.51068,18.44955,39.51972,19.98771,18.53567,-18.19362,-35.97065
11680.,39.51145,18.45052,39.52049,19.98869,18.53664,-18.19279,-35.96986
11690.,39.51222,18.45149,39.52126,19.98967,18.53761,-18.19195,-35.96907
11700.,39.51299,18.45246,39.52203,19.99065,18.53859,-18.19112,-35.96827
11710.,39.51376,18.45343,39.52279,19.99162,18.53955,-18.19029,-35.96748
11720.,39.51452,18.4544,39.52356,19.9926,18.54052,-18.18946,-35.96669
11730.,39.51529,18.45536,39.52433,19.99357,18.54149,-18.18863,-35.96591
11740.,39.51606,18.45633,39.52509,19.99454,18.54245,-18.1878,-35.96512
11750.,39.51682,18.45729,39.52586,19.99552,18.54342,-18.18697,-35.96433
11760.,39.51758,18.45825,39.52662,19.99649,18.54438,-18.18614,-35.96355
11770.,39.51835,18.45921,39.52738,19.99746,18.54534,-18.18532,-35.96276
11780.,39.51911,18.46017,39.52814,19.99842,18.5463,-18.18449,-35.96198
11790.,39.51987,18.46113,39.5289,19.99939,18.54726,-18.18367,-35.9612
11800.,39.52063,18.46209,39.52966,20.00036,18.54822,-18.18284,-35.96041
11810.,39.52139,18.46304,39.53042,20.00132,18.54918,-18.18202,-35.95963
11820.,39.52215,18.464,39.53118,20.00228,18.55013,-18.1812,-35.95885
11830.,39.5229,18.46495,39.53193,20.00324,18.55109,-18.18038,-35.95808
11840.,39.52366,18.46591,39.53269,20.0042,18.55204,-18.17956,-35.9573
11850.,39.52441,18.46686,39.53344,20.00516,18.55299,-18.17874,-35.95652
11860.,39.52517,18.46781,39.5342,20.00612,18.55394,-18.17793,-35.95575
11870.,39.52592,18.46875,39.53495,20.00708,18.55489,-18.17711,-35.95497
11880.,39.52667,18.4697,39.5357,20.00803,18.55584,-18.1763,-35.9542
11890.,39.52742,18.47065,39.53645,20.00899,18.55679,-18.17548,-35.95343
11900.,39.52817,18.47159,39.5372,20.00994,18.55773,-18.17467,-35.95266
11910.,39.52892,18.47254,39.53795,20.01089,18.55867,-18.17386,-35.95189
11920.,39.52967,18.47348,39.53869,20.01184,18.55962,-18.17305,-35.95112
11930.,39.53041,18.47442,39.53944,20.01279,18.56056,-18.17224,-35.95035
11940.,39.53116,18.47536,39.54018,20.01374,18.5615,-18.17143,-35.94958
11950.,39.5319,18.4763,39.54093,20.01468,18.56244,-18.17063,-35.94881
11960.,39.53265,18.47724,39.54167,20.01563,18.56338,-18.16982,-35.94805
11970.,39.53339,18.47817,39.54241,20.01657,18.56431,-18.16901,-35.94728
11980.,39.53413,18.47911,39.54316,20.01752,18.56525,-18.16821,-35.94652
11990.,39.53487,18.48004,39.5439,20.01846,18.56618,-18.16741,-35.94576
12000.,39.53561,18.48097,39.54463,20.0194,18.56712,-18.16661,-35.945
12010.,39.53635,18.48191,39.54537,20.02034,18.56805,-18.1658,-35.94424
12020.,39.53709,18.48284,39.54611,20.02127,18.56898,-18.165,-35.94348
12030.,39.53783,18.48377,39.54685,20.02221,18.56991,-18.16421,-35.94272
12040.,39.53856,18.48469,39.54758,20.02315,18.57084,-18.16341,-35.94196
12050.,39.5393,18.48562,39.54832,20.02408,18.57177,-18.16261,-35.94121
12060.,39.54003,18.48654,39.54905,20.02501,18.57269,-18.16182,-35.94045
12070.,39.54077,18.48747,39.54978,20.02595,18.57362,-18.16102,-35.9397
12080.,39.5415,18.48839,39.55051,20.02688,18.57454,-18.16023,-35.93894
12090.,39.54223,18.48931,39.55125,20.02781,18.57546,-18.15943,-35.93819
12100.,39.54296,18.49023,39.55198,20.02873,18.57638,-18.15864,-35.93744
12110.,39.54369,18.49115,39.5527,20.02966,18.5773,-18.15785,-35.93669
12120.,39.54442,18.49207,39.55343,20.03059,18.57822,-18.15706,-35.93594
12130.,39.54514,18.49299,39.55416,20.03151,18.57914,-18.15627,-35.93519
12140.,39.54587,18.4939,39.55488,20.03243,18.58005,-18.15549,-35.93444
12150.,39.5466,18.49482,39.55561,20.03336,18.58097,-18.1547,-35.9337
12160.,39.54732,18.49573,39.55633,20.03428,18.58188,-18.15391,-35.93295
12170.,39.54804,18.49664,39.55706,20.0352,18.5828,-18.15313,-35.93221
12180.,39.54877,18.49756,39.55778,20.03611,18.58371,-18.15235,-35.93146
12190.,39.54949,18.49847,39.5585,20.03703,18.58462,-18.15156,-35.93072
12200.,39.55021,18.49937,39.55922,20.03795,18.58553,-18.15078,-35.92998
12210.,39.55093,18.50028,39.55994,20.03886,18.58644,-18.15,-35.92924
12220.,39.55165,18.50119,39.56066,20.03978,18.58734,-18.14922,-35.9285
12230.,39.55236,18.50209,39.56137,20.04069,18.58825,-18.14844,-35.92776
12240.,39.55308,18.503,39.56209,20.0416,18.58915,-18.14767,-35.92702
12250.,39.5538,18.5039,39.56281,20.04251,18.59005,-18.14689,-35.92629
12260.,39.55451,18.5048,39.56352,20.04342,18.59096,-18.14611,-35.92555
12270.,39.55523,18.5057,39.56423,20.04433,18.59186,-18.14534,-35.92482
12280.,39.55594,18.5066,39.56495,20.04523,18.59276,-18.14457,-35.92408
12290.,39.55665,18.5075,39.56566,20.04614,18.59366,-18.14379,-35.92335
12300.,39.55736,18.50839,39.56637,20.04704,18.59455,-18.14302,-35.92262
12310.,39.55807,18.50929,39.56708,20.04795,18.59545,-18.14225,-35.92189
12320.,39.55878,18.51018,39.56779,20.04885,18.59634,-18.14148,-35.92116
12330.,39.55949,18.51108,39.5685,20.04975,18.59724,-18.14071,-35.92043
12340.,39.5602,18.51197,39.5692,20.05065,18.59813,-18.13995,-35.9197
12350.,39.56091,18.51286,39.56991,20.05155,18.59902,-18.13918,-35.91897
12360.,39.56161,18.51375,39.57061,20.05244,18.59991,-18.13841,-35.91824
12370.,39.56232,18.51464,39.57132,20.05334,18.6008,-18.13765,-35.91752
12380.,39.56302,18.51553,39.57202,20.05423,18.60169,-18.13689,-35.9168
12390.,39.56372,18.51641,39.57272,20.05513,18.60258,-18.13612,-35.91607
12400.,39.56443,18.5173,39.57343,20.05602,18.60346,-18.13536,-35.91535
12410.,39.56513,18.51818,39.57413,20.05691,18.60435,-18.1346,-35.91463
12420.,39.56583,18.51906,39.57483,20.0578,18.60523,-18.13384,-35.91391
12430.,39.56653,18.51995,39.57553,20.05869,18.60611,-18.13308,-35.91319
12440.,39.56722,18.52083,39.57622,20.05958,18.60699,-18.13233,-35.91247
12450.,39.56792,18.52171,39.57692,20.06046,18.60787,-18.13157,-35.91175
12460.,39.56862,18.52258,39.57762,20.06135,18.60875,-18.13081,-35.91103
12470.,39.56931,18.52346,39.57831,20.06223,18.60963,-18.13006,-35.91032
12480.,39.57001,18.52434,39.57901,20.06312,18.61051,-18.12931,-35.9096
12490.,39.5707,18.52521,39.5797,20.064,18.61138,-18.12855,-35.90889
12500.,39.57139,18.52609,39.58039,20.06488,18.61225,-18.1278,-35.90818
12510.,39.57209,18.52696,39.58108,20.06576,18.61313,-18.12705,-35.90746
12520.,39.57278,18.52783,39.58177,20.06664,18.614,-18.1263,-35.90675
12530.,39.57347,18.5287,39.58246,20.06752,18.61487,-18.12555,-35.90604
12540.,39.57416,18.52957,39.58315,20.06839,18.61574,-18.1248,-35.90533
12550.,39.57485,18.53044,39.58384,20.06927,18.61661,-18.12406,-35.90463
12560.,39.57553,18.5313,39.58453,20.07014,18.61748,-18.12331,-35.90392
12570.,39.57622,18.53217,39.58521,20.07101,18.61834,-18.12257,-35.90321
12580.,39.57691,18.53303,39.5859,20.07189,18.61921,-18.12182,-35.90251
12590.,39.57759,18.5339,39.58658,20.07276,18.62007,-18.12108,-35.9018
12600.,39.57827,18.53476,39.58727,20.07363,18.62093,-18.12034,-35.9011
12610.,39.57896,18.53562,39.58795,20.07449,18.6218,-18.1196,-35.90039
12620.,39.57964,18.53648,39.58863,20.07536,18.62266,-18.11886,-35.89969
12630.,39.58032,18.53734,39.58931,20.07623,18.62351,-18.11812,-35.89899
12640.,39.581,18.5382,39.58999,20.07709,18.62437,-18.11738,-35.89829
12650.,39.58168,18.53905,39.59067,20.07795,18.62523,-18.11664,-35.89759
12660.,39.58236,18.53991,39.59135,20.07882,18.62609,-18.11591,-35.89689
12670.,39.58304,18.54076,39.59202,20.07968,18.62694,-18.11517,-35.8962
12680.,39.58371,18.54162,39.5927,20.08054,18.6278,-18.11444,-35.8955
12690.,39.58439,18.54247,39.59338,20.0814,18.62865,-18.1137,-35.8948
12700.,39.58506,18.54332,39.59405,20.08226,18.6295,-18.11297,-35.89411
12710.,39.58574,18.54417,39.59472,20.08311,18.63035,-18.11224,-35.89342
12720.,39.58641,18.54502,39.5954,20.08397,18.6312,-18.11151,-35.89272
12730.,39.58708,18.54587,39.59607,20.08482,18.63205,-18.11078,-35.89203
12740.,39.58775,18.54671,39.59674,20.08568,18.63289,-18.11005,-35.89134
12750.,39.58843,18.54756,39.59741,20.08653,18.63374,-18.10932,-35.89065
12760.,39.58909,18.5484,39.59808,20.08738,18.63459,-18.1086,-35.88996
12770.,39.58976,18.54925,39.59875,20.08823,18.63543,-18.10787,-35.88927
12780.,39.59043,18.55009,39.59941,20.08908,18.63627,-18.10715,-35.88859
12790.,39.5911,18.55093,39.60008,20.08993,18.63711,-18.10642,-35.8879
12800.,39.59176,18.55177,39.60075,20.09078,18.63795,-18.1057,-35.88721
12810.,39.59243,18.55261,39.60141,20.09162,18.63879,-18.10498,-35.88653
12820.,39.59309,18.55345,39.60207,20.09247,18.63963,-18.10426,-35.88584
12830.,39.59376,18.55428,39.60274,20.09331,18.64047,-18.10354,-35.88516
12840.,39.59442,18.55512,39.6034,20.09415,18.6413,-18.10282,-35.88448
12850.,39.59508,18.55595,39.60406,20.09499,18.64214,-18.1021,-35.8838
12860.,39.59574,18.55679,39.60472,20.09583,18.64297,-18.10138,-35.88312
12870.,39.5964,18.55762,39.60538,20.09667,18.64381,-18.10066,-35.88244
12880.,39.59706,18.55845,39.60604,20.09751,18.64464,-18.09995,-35.88176
12890.,39.59772,18.55928,39.6067,20.09835,18.64547,-18.09924,-35.88108
12900.,39.59838,18.56011,39.60736,20.09918,18.6463,-18.09852,-35.88041
12910.,39.59904,18.56094,39.60801,20.10002,18.64713,-18.09781,-35.87973
12920.,39.59969,18.56176,39.60867,20.10085,18.64795,-18.0971,-35.87906
12930.,39.60035,18.56259,39.60932,20.10168,18.64878,-18.09639,-35.87838
12940.,39.601,18.56341,39.60997,20.10252,18.64961,-18.09568,-35.87771
12950.,39.60165,18.56424,39.61063,20.10335,18.65043,-18.09497,-35.87704
12960.,39.60231,18.56506,39.61128,20.10418,18.65125,-18.09426,-35.87636
12970.,39.60296,18.56588,39.61193,20.105,18.65207,-18.09355,-35.87569
12980.,39.60361,18.5667,39.61258,20.10583,18.6529,-18.09285,-35.87502
12990.,39.60426,18.56752,39.61323,20.10666,18.65372,-18.09214,-35.87436
13000.,39.60491,18.56834,39.61388,20.10748,18.65453,-18.09144,-35.87369
13010.,39.60555,18.56916,39.61453,20.10831,18.65535,-18.09073,-35.87302
13020.,39.6062,18.56997,39.61517,20.10913,18.65617,-18.09003,-35.87235
13030.,39.60685,18.57079,39.61582,20.10995,18.65698,-18.08933,-35.87169
13040.,39.60749,18.5716,39.61646,20.11077,18.6578,-18.08863,-35.87102
13050.,39.60814,18.57242,39.61711,20.11159,18.65861,-18.08793,-35.87036
13060.,39.60878,18.57323,39.61775,20.11241,18.65942,-18.08723,-35.8697
13070.,39.60943,18.57404,39.61839,20.11323,18.66024,-18.08653,-35.86904
13080.,39.61007,18.57485,39.61904,20.11404,18.66105,-18.08584,-35.86838
13090.,39.61071,18.57566,39.61968,20.11486,18.66186,-18.08514,-35.86772
13100.,39.61135,18.57646,39.62032,20.11567,18.66266,-18.08444,-35.86706
13110.,39.61199,18.57727,39.62096,20.11649,18.66347,-18.08375,-35.8664
13120.,39.61263,18.57808,39.62159,20.1173,18.66428,-18.08306,-35.86574
13130.,39.61327,18.57888,39.62223,20.11811,18.66508,-18.08236,-35.86508
13140.,39.6139,18.57968,39.62287,20.11892,18.66589,-18.08167,-35.86443
13150.,39.61454,18.58049,39.6235,20.11973,18.66669,-18.08098,-35.86377
13160.,39.61517,18.58129,39.62414,20.12054,18.66749,-18.08029,-35.86312
13170.,39.61581,18.58209,39.62477,20.12134,18.66829,-18.0796,-35.86247
13180.,39.61644,18.58289,39.62541,20.12215,18.66909,-18.07892,-35.86181
13190.,39.61708,18.58369,39.62604,20.12295,18.66989,-18.07823,-35.86116
13200.,39.61771,18.58448,39.62667,20.12376,18.67069,-18.07754,-35.86051
13210.,39.61834,18.58528,39.6273,20.12456,18.67148,-18.07686,-35.85986
13220.,39.61897,18.58607,39.62793,20.12536,18.67228,-18.07617,-35.85921
13230.,39.6196,18.58687,39.62856,20.12616,18.67307,-18.07549,-35.85857
13240.,39.62023,18.58766,39.62919,20.12696,18.67387,-18.07481,-35.85792
13250.,39.62086,18.58845,39.62982,20.12776,18.67466,-18.07413,-35.85727
13260.,39.62148,18.58924,39.63044,20.12856,18.67545,-18.07344,-35.85663
13270.,39.62211,18.59003,39.63107,20.12935,18.67624,-18.07276,-35.85598
13280.,39.62274,18.59082,39.6317,20.13015,18.67703,-18.07209,-35.85534
13290.,39.62336,18.59161,39.63232,20.13094,18.67782,-18.07141,-35.85469
13300.,39.62398,18.5924,39.63294,20.13174,18.67861,-18.07073,-35.85405
13310.,39.62461,18.59318,39.63357,20.13253,18.67939,-18.07005,-35.85341
13320.,39.62523,18.59397,39.63419,20.13332,18.68018,-18.06938,-35.85277
13330.,39.62585,18.59475,39.63481,20.13411,18.68096,-18.0687,-35.85213
13340.,39.62647,18.59553,39.63543,20.1349,18.68174,-18.06803,-35.85149
13350.,39.62709,18.59632,39.63605,20.13569,18.68253,-18.06736,-35.85085
13360.,39.62771,18.5971,39.63667,20.13647,18.68331,-18.06668,-35.85022
13370.,39.62833,18.59788,39.63728,20.13726,18.68409,-18.06601,-35.84958
13380.,39.62895,18.59865,39.6379,20.13804,18.68487,-18.06534,-35.84895
13390.,39.62956,18.59943,39.63852,20.13883,18.68564,-18.06467,-35.84831
13400.,39.63018,18.60021,39.63913,20.13961,18.68642,-18.06401,-35.84768
13410.,39.63079,18.60098,39.63975,20.14039,18.6872,-18.06334,-35.84704
13420.,39.63141,18.60176,39.64036,20.14117,18.68797,-18.06267,-35.84641
13430.,39.63202,18.60253,39.64097,20.14195,18.68875,-18.06201,-35.84578
13440.,39.63264,18.6033,39.64159,20.14273,18.68952,-18.06134,-35.84515
13450.,39.63325,18.60408,39.6422,20.14351,18.69029,-18.06068,-35.84452
13460.,39.63386,18.60485,39.64281,20.14429,18.69106,-18.06001,-35.84389
13470.,39.63447,18.60562,39.64342,20.14506,18.69183,-18.05935,-35.84326
13480.,39.63508,18.60638,39.64403,20.14584,18.6926,-18.05869,-35.84264
13490.,39.63569,18.60715,39.64464,20.14661,18.69337,-18.05803,-35.84201
13500.,39.63629,18.60792,39.64524,20.14738,18.69414,-18.05737,-35.84138
13510.,39.6369,18.60868,39.64585,20.14816,18.6949,-18.05671,-35.84076
13520.,39.63751,18.60945,39.64646,20.14893,18.69567,-18.05605,-35.84014
13530.,39.63811,18.61021,39.64706,20.1497,18.69643,-18.05539,-35.83951
13540.,39.63872,18.61097,39.64766,20.15047,18.69719,-18.05474,-35.83889
13550.,39.63932,18.61174,39.64827,20.15123,18.69795,-18.05408,-35.83827
13560.,39.63992,18.6125,39.64887,20.152,18.69872,-18.05343,-35.83765
13570.,39.64053,18.61326,39.64947,20.15277,18.69948,-18.05277,-35.83703
13580.,39.64113,18.61401,39.65007,20.15353,18.70023,-18.05212,-35.83641
13590.,39.64173,18.61477,39.65067,20.15429,18.70099,-18.05147,-35.83579
13600.,39.64233,18.61553,39.65127,20.15506,18.70175,-18.05082,-35.83517
13610.,39.64293,18.61628,39.65187,20.15582,18.70251,-18.05017,-35.83456
13620.,39.64353,18.61704,39.65247,20.15658,18.70326,-18.04952,-35.83394
13630.,39.64412,18.61779,39.65307,20.15734,18.70401,-18.04887,-35.83333
13640.,39.64472,18.61854,39.65366,20.1581,18.70477,-18.04822,-35.83271
13650.,39.64532,18.6193,39.65426,20.15885,18.70552,-18.04758,-35.8321
13660.,39.64591,18.62005,39.65485,20.15961,18.70627,-18.04693,-35.83149
13670.,39.64651,18.6208,39.65545,20.16037,18.70702,-18.04628,-35.83087
13680.,39.6471,18.62154,39.65604,20.16112,18.70777,-18.04564,-35.83026
13690.,39.64769,18.62229,39.65663,20.16188,18.70852,-18.045,-35.82965
13700.,39.64828,18.62304,39.65723,20.16263,18.70926,-18.04435,-35.82904
13710.,39.64888,18.62378,39.65782,20.16338,18.71001,-18.04371,-35.82844
13720.,39.64947,18.62453,39.65841,20.16413,18.71076,-18.04307,-35.82783
13730.,39.65006,18.62527,39.659,20.16488,18.7115,-18.04243,-35.82722
13740.,39.65065,18.62601,39.65958,20.16563,18.71224,-18.04179,-35.82661
13750.,39.65123,18.62676,39.66017,20.16638,18.71298,-18.04115,-35.82601
13760.,39.65182,18.6275,39.66076,20.16712,18.71373,-18.04051,-35.8254
13770.,39.65241,18.62824,39.66135,20.16787,18.71447,-18.03988,-35.8248
13780.,39.65299,18.62898,39.66193,20.16861,18.71521,-18.03924,-35.8242
13790.,39.65358,18.62971,39.66252,20.16936,18.71594,-18.03861,-35.8236
13800.,39.65416,18.63045,39.6631,20.1701,18.71668,-18.03797,-35.82299
13810.,39.65475,18.63119,39.66368,20.17084,18.71742,-18.03734,-35.82239
13820.,39.65533,18.63192,39.66427,20.17158,18.71815,-18.03671,-35.82179
13830.,39.65591,18.63266,39.66485,20.17232,18.71889,-18.03607,-35.82119
13840.,39.65649,18.63339,39.66543,20.17306,18.71962,-18.03544,-35.8206
13850.,39.65707,18.63412,39.66601,20.1738,18.72035,-18.03481,-35.82
13860.,39.65765,18.63485,39.66659,20.17454,18.72108,-18.03418,-35.8194
13870.,39.65823,18.63558,39.66717,20.17527,18.72182,-18.03355,-35.81881
13880.,39.65881,18.63631,39.66774,20.17601,18.72254,-18.03293,-35.81821
13890.,39.65939,18.63704,39.66832,20.17674,18.72327,-18.0323,-35.81762
13900.,39.65997,18.63777,39.6689,20.17748,18.724,-18.03167,-35.81702
13910.,39.66054,18.63849,39.66947,20.17821,18.72473,-18.03105,-35.81643
13920.,39.66112,18.63922,39.67005,20.17894,18.72545,-18.03042,-35.81584
13930.,39.66169,18.63994,39.67062,20.17967,18.72618,-18.0298,-35.81525
13940.,39.66227,18.64067,39.6712,20.1804,18.7269,-18.02918,-35.81466
13950.,39.66284,18.64139,39.67177,20.18113,18.72763,-18.02855,-35.81407
13960.,39.66341,18.64211,39.67234,20.18186,18.72835,-18.02793,-35.81348
13970.,39.66398,18.64283,39.67291,20.18258,18.72907,-18.02731,-35.81289
13980.,39.66455,18.64355,39.67348,20.18331,18.72979,-18.02669,-35.8123
13990.,39.66512,18.64427,39.67405,20.18403,18.73051,-18.02607,-35.81171
14000.,39.66569,18.64499,39.67462,20.18476,18.73123,-18.02546,-35.81113
14010.,39.66626,18.6457,39.67519,20.18548,18.73194,-18.02484,-35.81054
14020.,39.66683,18.64642,39.67576,20.1862,18.73266,-18.02422,-35.80996
14030.,39.6674,18.64714,39.67632,20.18692,18.73338,-18.02361,-35.80938
14040.,39.66796,18.64785,39.67689,20.18764,18.73409,-18.02299,-35.80879
14050.,39.66853,18.64856,39.67745,20.18836,18.7348,-18.02238,-35.80821
14060.,39.66909,18.64928,39.67802,20.18908,18.73552,-18.02177,-35.80763
14070.,39.66966,18.64999,39.67858,20.1898,18.73623,-18.02115,-35.80705
14080.,39.67022,18.6507,39.67915,20.19051,18.73694,-18.02054,-35.80647
14090.,39.67078,18.65141,39.67971,20.19123,18.73765,-18.01993,-35.80589
14100.,39.67135,18.65211,39.68027,20.19194,18.73836,-18.01932,-35.80531
14110.,39.67191,18.65282,39.68083,20.19266,18.73907,-18.01871,-35.80473
14120.,39.67247,18.65353,39.68139,20.19337,18.73977,-18.0181,-35.80416
14130.,39.67303,18.65423,39.68195,20.19408,18.74048,-18.0175,-35.80358
14140.,39.67359,18.65494,39.68251,20.19479,18.74118,-18.01689,-35.80301
14150.,39.67414,18.65564,39.68307,20.1955,18.74189,-18.01628,-35.80243
14160.,39.6747,18.65635,39.68362,20.19621,18.74259,-18.01568,-35.80186
14170.,39.67526,18.65705,39.68418,20.19692,18.74329,-18.01507,-35.80129
14180.,39.67581,18.65775,39.68474,20.19762,18.744,-18.01447,-35.80071
14190.,39.67637,18.65845,39.68529,20.19833,18.7447,-18.01387,-35.80014
14200.,39.67692,18.65915,39.68584,20.19903,18.7454,-18.01326,-35.79957
14210.,39.67748,18.65985,39.6864,20.19974,18.74609,-18.01266,-35.799
14220.,39.67803,18.66054,39.68695,20.20044,18.74679,-18.01206,-35.79843
14230.,39.67858,18.66124,39.6875,20.20114,18.74749,-18.01146,-35.79786
14240.,39.67914,18.66194,39.68805,20.20184,18.74818,-18.01086,-35.7973
14250.,39.67969,18.66263,39.6886,20.20254,18.74888,-18.01027,-35.79673
14260.,39.68024,18.66333,39.68915,20.20324,18.74957,-18.00967,-35.79616
14270.,39.68079,18.66402,39.6897,20.20394,18.75027,-18.00907,-35.7956
14280.,39.68134,18.66471,39.69025,20.20464,18.75096,-18.00848,-35.79503
14290.,39.68188,18.6654,39.6908,20.20534,18.75165,-18.00788,-35.79447
14300.,39.68243,18.66609,39.69135,20.20603,18.75234,-18.00729,-35.7939
14310.,39.68298,18.66678,39.69189,20.20673,18.75303,-18.00669,-35.79334
14320.,39.68352,18.66747,39.69244,20.20742,18.75372,-18.0061,-35.79278
14330.,39.68407,18.66816,39.69298,20.20811,18.75441,-18.00551,-35.79222
14340.,39.68461,18.66884,39.69353,20.20881,18.7551,-18.00492,-35.79166
14350.,39.68516,18.66953,39.69407,20.2095,18.75578,-18.00433,-35.7911
14360.,39.6857,18.67021,39.69461,20.21019,18.75647,-18.00374,-35.79054
14370.,39.68624,18.6709,39.69516,20.21088,18.75715,-18.00315,-35.78998
14380.,39.68678,18.67158,39.6957,20.21157,18.75783,-18.00256,-35.78942
14390.,39.68733,18.67226,39.69624,20.21225,18.75852,-18.00197,-35.78887
14400.,39.68787,18.67294,39.69678,20.21294,18.7592,-18.00139,-35.78831
14410.,39.68841,18.67362,39.69732,20.21363,18.75988,-18.0008,-35.78776
14420.,39.68894,18.6743,39.69786,20.21431,18.76056,-18.00022,-35.7872
14430.,39.68948,18.67498,39.69839,20.215,18.76124,-17.99963,-35.78665
14440.,39.69002,18.67566,39.69893,20.21568,18.76192,-17.99905,-35.7861
14450.,39.69056,18.67634,39.69947,20.21636,18.76259,-17.99847,-35.78554
14460.,39.69109,18.67701,39.7,20.21704,18.76327,-17.99789,-35.78499
14470.,39.69163,18.67769,39.70054,20.21772,18.76394,-17.9973,-35.78444
14480.,39.69216,18.67836,39.70107,20.2184,18.76462,-17.99672,-35.78389
14490.,39.6927,18.67903,39.70161,20.21908,18.76529,-17.99614,-35.78334
14500.,39.69323,18.67971,39.70214,20.21976,18.76596,-17.99557,-35.78279
14510.,39.69376,18.68038,39.70267,20.22044,18.76664,-17.99499,-35.78224
14520.,39.69429,18.68105,39.7032,20.22111,18.76731,-17.99441,-35.7817
14530.,39.69483,18.68172,39.70373,20.22179,18.76798,-17.99383,-35.78115
14540.,39.69536,18.68239,39.70426,20.22246,18.76865,-17.99326,-35.7806
14550.,39.69589,18.68305,39.70479,20.22313,18.76932,-17.99268,-35.78006
14560.,39.69641,18.68372,39.70532,20.22381,18.76998,-17.99211,-35.77952
14570.,39.69694,18.68439,39.70585,20.22448,18.77065,-17.99153,-35.77897
14580.,39.69747,18.68505,39.70638,20.22515,18.77131,-17.99096,-35.77843
14590.,39.698,18.68572,39.7069,20.22582,18.77198,-17.99039,-35.77789
14600.,39.69852,18.68638,39.70743,20.22649,18.77264,-17.98982,-35.77734
14610.,39.69905,18.68704,39.70795,20.22716,18.77331,-17.98925,-35.7768
14620.,39.69957,18.68771,39.70848,20.22782,18.77397,-17.98868,-35.77626
14630.,39.7001,18.68837,39.709,20.22849,18.77463,-17.98811,-35.77572
14640.,39.70062,18.68903,39.70953,20.22916,18.77529,-17.98754,-35.77519
14650.,39.70115,18.68969,39.71005,20.22982,18.77595,-17.98697,-35.77465
14660.,39.70167,18.69034,39.71057,20.23048,18.77661,-17.98641,-35.77411
14670.,39.70219,18.691,39.71109,20.23115,18.77727,-17.98584,-35.77357
14680.,39.70271,18.69166,39.71161,20.23181,18.77792,-17.98527,-35.77304
14690.,39.70323,18.69231,39.71213,20.23247,18.77858,-17.98471,-35.7725
14700.,39.70375,18.69297,39.71265,20.23313,18.77924,-17.98415,-35.77197
14710.,39.70427,18.69362,39.71317,20.23379,18.77989,-17.98358,-35.77143
14720.,39.70479,18.69428,39.71369,20.23445,18.78054,-17.98302,-35.7709
14730.,39.7053,18.69493,39.7142,20.23511,18.7812,-17.98246,-35.77037
14740.,39.70582,18.69558,39.71472,20.23576,18.78185,-17.9819,-35.76984
14750.,39.70634,18.69623,39.71524,20.23642,18.7825,-17.98134,-35.76931
14760.,39.70685,18.69688,39.71575,20.23707,18.78315,-17.98078,-35.76878
14770.,39.70737,18.69753,39.71627,20.23773,18.7838,-17.98022,-35.76825
14780.,39.70788,18.69818,39.71678,20.23838,18.78445,-17.97966,-35.76772
14790.,39.70839,18.69882,39.71729,20.23903,18.78509,-17.9791,-35.76719
14800.,39.70891,18.69947,39.7178,20.23969,18.78574,-17.97855,-35.76666
14810.,39.70942,18.70012,39.71832,20.24034,18.78639,-17.97799,-35.76613
14820.,39.70993,18.70076,39.71883,20.24099,18.78703,-17.97744,-35.76561
14830.,39.71044,18.70141,39.71934,20.24164,18.78768,-17.97688,-35.76508
14840.,39.71095,18.70205,39.71985,20.24228,18.78832,-17.97633,-35.76456
14850.,39.71146,18.70269,39.72036,20.24293,18.78896,-17.97578,-35.76403
14860.,39.71197,18.70333,39.72086,20.24358,18.7896,-17.97522,-35.76351
14870.,39.71248,18.70397,39.72137,20.24422,18.79024,-17.97467,-35.76299
14880.,39.71299,18.70461,39.72188,20.24487,18.79088,-17.97412,-35.76247
14890.,39.71349,18.70525,39.72239,20.24551,18.79152,-17.97357,-35.76194
14900.,39.714,18.70589,39.72289,20.24616,18.79216,-17.97302,-35.76142
14910.,39.7145,18.70653,39.7234,20.2468,18.7928,-17.97247,-35.7609
14920.,39.71501,18.70716,39.7239,20.24744,18.79344,-17.97193,-35.76038
14930.,39.71551,18.7078,39.7244,20.24808,18.79407,-17.97138,-35.75987
14940.,39.71602,18.70843,39.72491,20.24872,18.79471,-17.97083,-35.75935
14950.,39.71652,18.70907,39.72541,20.24936,18.79534,-17.97029,-35.75883
14960.,39.71702,18.7097,39.72591,20.25,18.79597,-17.96974,-35.75831
14970.,39.71752,18.71033,39.72641,20.25063,18.79661,-17.9692,-35.7578
14980.,39.71802,18.71096,39.72691,20.25127,18.79724,-17.96865,-35.75728
14990.,39.71852,18.71159,39.72741,20.25191,18.79787,-17.96811,-35.75677
15000.,39.71902,18.71222,39.72791,20.25254,18.7985,-17.96757,-35.75625
15010.,39.71952,18.71285,39.72841,20.25317,18.79913,-17.96703,-35.75574
15020.,39.72002,18.71348,39.72891,20.25381,18.79976,-17.96649,-35.75523
15030.,39.72052,18.71411,39.72941,20.25444,18.80038,-17.96595,-35.75472
15040.,39.72101,18.71473,39.7299,20.25507,18.80101,-17.96541,-35.7542
15050.,39.72151,18.71536,39.7304,20.2557,18.80164,-17.96487,-35.75369
15060.,39.72201,18.71598,39.73089,20.25633,18.80226,-17.96433,-35.75318
15070.,39.7225,18.71661,39.73139,20.25696,18.80289,-17.96379,-35.75268
15080.,39.72299,18.71723,39.73188,20.25759,18.80351,-17.96326,-35.75217
15090.,39.72349,18.71785,39.73237,20.25822,18.80413,-17.96272,-35.75166
15100.,39.72398,18.71847,39.73287,20.25884,18.80475,-17.96219,-35.75115
15110.,39.72447,18.71909,39.73336,20.25947,18.80538,-17.96165,-35.75065
15120.,39.72497,18.71971,39.73385,20.26009,18.806,-17.96112,-35.75014
15130.,39.72546,18.72033,39.73434,20.26072,18.80662,-17.96059,-35.74963
15140.,39.72595,18.72095,39.73483,20.26134,18.80723,-17.96005,-35.74913
15150.,39.72644,18.72157,39.73532,20.26196,18.80785,-17.95952,-35.74863
15160.,39.72693,18.72219,39.73581,20.26259,18.80847,-17.95899,-35.74812
15170.,39.72741,18.7228,39.7363,20.26321,18.80908,-17.95846,-35.74762
15180.,39.7279,18.72342,39.73679,20.26383,18.8097,-17.95793,-35.74712
15190.,39.72839,18.72403,39.73727,20.26445,18.81031,-17.9574,-35.74662
15200.,39.72888,18.72464,39.73776,20.26506,18.81093,-17.95687,-35.74612
15210.,39.72936,18.72526,39.73824,20.26568,18.81154,-17.95635,-35.74562
15220.,39.72985,18.72587,39.73873,20.2663,18.81215,-17.95582,-35.74512
15230.,39.73033,18.72648,39.73921,20.26691,18.81276,-17.95529,-35.74462
15240.,39.73082,18.72709,39.7397,20.26753,18.81337,-17.95477,-35.74412
15250.,39.7313,18.7277,39.74018,20.26814,18.81398,-17.95424,-35.74362
15260.,39.73178,18.72831,39.74066,20.26876,18.81459,-17.95372,-35.74313
15270.,39.73226,18.72891,39.74114,20.26937,18.8152,-17.9532,-35.74263
15280.,39.73275,18.72952,39.74163,20.26998,18.81581,-17.95267,-35.74213
15290.,39.73323,18.73013,39.74211,20.27059,18.81642,-17.95215,-35.74164
15300.,39.73371,18.73073,39.74259,20.2712,18.81702,-17.95163,-35.74115
15310.,39.73419,18.73134,39.74306,20.27181,18.81763,-17.95111,-35.74065
15320.,39.73466,18.73194,39.74354,20.27242,18.81823,-17.95059,-35.74016
15330.,39.73514,18.73254,39.74402,20.27303,18.81883,-17.95007,-35.73967
15340.,39.73562,18.73315,39.7445,20.27364,18.81944,-17.94955,-35.73918
15350.,39.7361,18.73375,39.74498,20.27424,18.82004,-17.94904,-35.73869
15360.,39.73657,18.73435,39.74545,20.27485,18.82064,-17.94852,-35.73819
15370.,39.73705,18.73495,39.74593,20.27545,18.82124,-17.948,-35.73771
15380.,39.73753,18.73555,39.7464,20.27606,18.82184,-17.94749,-35.73722
15390.,39.738,18.73615,39.74688,20.27666,18.82244,-17.94697,-35.73673
15400.,39.73847,18.73674,39.74735,20.27726,18.82303,-17.94646,-35.73624
15410.,39.73895,18.73734,39.74782,20.27786,18.82363,-17.94594,-35.73575
15420.,39.73942,18.73794,39.7483,20.27846,18.82423,-17.94543,-35.73527
15430.,39.73989,18.73853,39.74877,20.27906,18.82482,-17.94492,-35.73478
15440.,39.74036,18.73913,39.74924,20.27966,18.82542,-17.94441,-35.7343
15450.,39.74083,18.73972,39.74971,20.28026,18.82601,-17.94389,-35.73381
15460.,39.7413,18.74031,39.75018,20.28086,18.82661,-17.94338,-35.73333
15470.,39.74177,18.7409,39.75065,20.28146,18.8272,-17.94287,-35.73284
15480.,39.74224,18.74149,39.75112,20.28205,18.82779,-17.94237,-35.73236
15490.,39.74271,18.74209,39.75158,20.28265,18.82838,-17.94186,-35.73188
15500.,39.74318,18.74267,39.75205,20.28324,18.82897,-17.94135,-35.7314
15510.,39.74365,18.74326,39.75252,20.28384,18.82956,-17.94084,-35.73092
15520.,39.74411,18.74385,39.75299,20.28443,18.83015,-17.94034,-35.73044
15530.,39.74458,18.74444,39.75345,20.28502,18.83074,-17.93983,-35.72996
15540.,39.74505,18.74503,39.75392,20.28561,18.83132,-17.93932,-35.72948
15550.,39.74551,18.74561,39.75438,20.2862,18.83191,-17.93882,-35.729
15560.,39.74597,18.7462,39.75484,20.28679,18.83249,-17.93832,-35.72852
15570.,39.74644,18.74678,39.75531,20.28738,18.83308,-17.93781,-35.72805
15580.,39.7469,18.74736,39.75577,20.28797,18.83366,-17.93731,-35.72757
15590.,39.74736,18.74795,39.75623,20.28856,18.83425,-17.93681,-35.7271
15600.,39.74782,18.74853,39.75669,20.28914,18.83483,-17.93631,-35.72662
15610.,39.74829,18.74911,39.75715,20.28973,18.83541,-17.93581,-35.72615
15620.,39.74875,18.74969,39.75761,20.29032,18.83599,-17.93531,-35.72567
15630.,39.74921,18.75027,39.75807,20.2909,18.83657,-17.93481,-35.7252
15640.,39.74967,18.75085,39.75853,20.29148,18.83715,-17.93431,-35.72473
15650.,39.75012,18.75143,39.75899,20.29207,18.83773,-17.93381,-35.72426
15660.,39.75058,18.75201,39.75945,20.29265,18.83831,-17.93332,-35.72378
15670.,39.75104,18.75258,39.75991,20.29323,18.83888,-17.93282,-35.72331
15680.,39.7515,18.75316,39.76036,20.29381,18.83946,-17.93232,-35.72284
15690.,39.75195,18.75373,39.76082,20.29439,18.84003,-17.93183,-35.72237
15700.,39.75241,18.75431,39.76127,20.29497,18.84061,-17.93133,-35.7219
15710.,39.75286,18.75488,39.76173,20.29555,18.84118,-17.93084,-35.72144
15720.,39.75332,18.75545,39.76218,20.29613,18.84176,-17.93035,-35.72097
15730.,39.75377,18.75603,39.76264,20.2967,18.84233,-17.92985,-35.7205
15740.,39.75423,18.7566,39.76309,20.29728,18.8429,-17.92936,-35.72004
15750.,39.75468,18.75717,39.76354,20.29785,18.84347,-17.92887,-35.71957
15760.,39.75513,18.75774,39.76399,20.29843,18.84404,-17.92838,-35.7191
15770.,39.75558,18.75831,39.76445,20.299,18.84461,-17.92789,-35.71864
15780.,39.75603,18.75888,39.7649,20.29958,18.84518,-17.9274,-35.71818
15790.,39.75648,18.75944,39.76535,20.30015,18.84575,-17.92691,-35.71771
15800.,39.75693,18.76001,39.7658,20.30072,18.84632,-17.92642,-35.71725
15810.,39.75738,18.76058,39.76624,20.30129,18.84688,-17.92593,-35.71679
15820.,39.75783,18.76114,39.76669,20.30186,18.84745,-17.92545,-35.71633
15830.,39.75828,18.76171,39.76714,20.30243,18.84801,-17.92496,-35.71587
15840.,39.75873,18.76227,39.76759,20.303,18.84858,-17.92448,-35.71541
15850.,39.75917,18.76283,39.76803,20.30357,18.84914,-17.92399,-35.71495
15860.,39.75962,18.7634,39.76848,20.30413,18.8497,-17.92351,-35.71449
15870.,39.76007,18.76396,39.76893,20.3047,18.85027,-17.92302,-35.71403
15880.,39.76051,18.76452,39.76937,20.30527,18.85083,-17.92254,-35.71357
15890.,39.76095,18.76508,39.76981,20.30583,18.85139,-17.92206,-35.71311
15900.,39.7614,18.76564,39.77026,20.30639,18.85195,-17.92158,-35.71266
15910.,39.76184,18.7662,39.7707,20.30696,18.85251,-17.92109,-35.7122
15920.,39.76229,18.76676,39.77114,20.30752,18.85307,-17.92061,-35.71174
15930.,39.76273,18.76731,39.77159,20.30808,18.85362,-17.92013,-35.71129
15940.,39.76317,18.76787,39.77203,20.30864,18.85418,-17.91966,-35.71084
15950.,39.76361,18.76843,39.77247,20.3092,18.85474,-17.91918,-35.71038
15960.,39.76405,18.76898,39.77291,20.30976,18.85529,-17.9187,-35.70993
15970.,39.76449,18.76954,39.77335,20.31032,18.85585,-17.91822,-35.70948
15980.,39.76493,18.77009,39.77379,20.31088,18.8564,-17.91774,-35.70902
15990.,39.76537,18.77064,39.77422,20.31144,18.85695,-17.91727,-35.70857
16000.,39.76581,18.77119,39.77466,20.31199,18.85751,-17.91679,-35.70812
16010.,39.76624,18.77175,39.7751,20.31255,18.85806,-17.91632,-35.70767
16020.,39.76668,18.7723,39.77554,20.31311,18.85861,-17.91584,-35.70722
16030.,39.76712,18.77285,39.77597,20.31366,18.85916,-17.91537,-35.70677
16040.,39.76755,18.7734,39.77641,20.31421,18.85971,-17.9149,-35.70633
16050.,39.76799,18.77395,39.77684,20.31477,18.86026,-17.91442,-35.70588
16060.,39.76842,18.77449,39.77728,20.31532,18.86081,-17.91395,-35.70543
16070.,39.76886,18.77504,39.77771,20.31587,18.86135,-17.91348,-35.70498
16080.,39.76929,18.77559,39.77814,20.31642,18.8619,-17.91301,-35.70454
16090.,39.76972,18.77613,39.77858,20.31697,18.86245,-17.91254,-35.70409
16100.,39.77016,18.77668,39.77901,20.31752,18.86299,-17.91207,-35.70365
16110.,39.77059,18.77722,39.77944,20.31807,18.86354,-17.9116,-35.7032
16120.,39.77102,18.77777,39.77987,20.31862,18.86408,-17.91113,-35.70276
16130.,39.77145,18.77831,39.7803,20.31917,18.86462,-17.91067,-35.70232
16140.,39.77188,18.77885,39.78073,20.31971,18.86517,-17.9102,-35.70187
16150.,39.77231,18.77939,39.78116,20.32026,18.86571,-17.90973,-35.70143
16160.,39.77274,18.77993,39.78159,20.3208,18.86625,-17.90927,-35.70099
16170.,39.77317,18.78047,39.78202,20.32135,18.86679,-17.9088,-35.70055
16180.,39.7736,18.78101,39.78245,20.32189,18.86733,-17.90834,-35.70011
16190.,39.77402,18.78155,39.78287,20.32244,18.86787,-17.90788,-35.69967
16200.,39.77445,18.78209,39.7833,20.32298,18.86841,-17.90741,-35.69923
16210.,39.77488,18.78263,39.78373,20.32352,18.86894,-17.90695,-35.69879
16220.,39.7753,18.78316,39.78415,20.32406,18.86948,-17.90649,-35.69835
16230.,39.77573,18.7837,39.78458,20.3246,18.87002,-17.90603,-35.69792
16240.,39.77615,18.78423,39.785,20.32514,18.87055,-17.90557,-35.69748
16250.,39.77658,18.78477,39.78542,20.32568,18.87109,-17.90511,-35.69704
16260.,39.777,18.7853,39.78585,20.32622,18.87162,-17.90465,-35.69661
16270.,39.77742,18.78584,39.78627,20.32675,18.87216,-17.90419,-35.69617
16280.,39.77784,18.78637,39.78669,20.32729,18.87269,-17.90373,-35.69574
16290.,39.77827,18.7869,39.78711,20.32783,18.87322,-17.90327,-35.6953
16300.,39.77869,18.78743,39.78753,20.32836,18.87375,-17.90281,-35.69487
16310.,39.77911,18.78796,39.78796,20.3289,18.87428,-17.90236,-35.69444
16320.,39.77953,18.78849,39.78838,20.32943,18.87481,-17.9019,-35.69401
16330.,39.77995,18.78902,39.78879,20.32996,18.87534,-17.90145,-35.69357
16340.,39.78037,18.78955,39.78921,20.3305,18.87587,-17.90099,-35.69314
16350.,39.78079,18.79007,39.78963,20.33103,18.8764,-17.90054,-35.69271
16360.,39.7812,18.7906,39.79005,20.33156,18.87692,-17.90008,-35.69228
16370.,39.78162,18.79113,39.79047,20.33209,18.87745,-17.89963,-35.69185
16380.,39.78204,18.79165,39.79088,20.33262,18.87798,-17.89918,-35.69143
16390.,39.78245,18.79218,39.7913,20.33315,18.8785,-17.89873,-35.691
16400.,39.78287,18.7927,39.79171,20.33368,18.87903,-17.89827,-35.69057
16410.,39.78329,18.79322,39.79213,20.3342,18.87955,-17.89782,-35.69014
16420.,39.7837,18.79375,39.79254,20.33473,18.88007,-17.89737,-35.68972
16430.,39.78411,18.79427,39.79296,20.33526,18.88059,-17.89692,-35.68929
16440.,39.78453,18.79479,39.79337,20.33578,18.88112,-17.89648,-35.68886
16450.,39.78494,18.79531,39.79378,20.33631,18.88164,-17.89603,-35.68844
16460.,39.78535,18.79583,39.7942,20.33683,18.88216,-17.89558,-35.68801
16470.,39.78577,18.79635,39.79461,20.33736,18.88268,-17.89513,-35.68759
16480.,39.78618,18.79687,39.79502,20.33788,18.8832,-17.89469,-35.68717
16490.,39.78659,18.79739,39.79543,20.3384,18.88371,-17.89424,-35.68675
16500.,39.787,18.7979,39.79584,20.33892,18.88423,-17.89379,-35.68632
16510.,39.78741,18.79842,39.79625,20.33944,18.88475,-17.89335,-35.6859
16520.,39.78782,18.79894,39.79666,20.33996,18.88526,-17.89291,-35.68548
16530.,39.78823,18.79945,39.79707,20.34048,18.88578,-17.89246,-35.68506
16540.,39.78863,18.79997,39.79747,20.341,18.88629,-17.89202,-35.68464
16550.,39.78904,18.80048,39.79788,20.34152,18.88681,-17.89158,-35.68422
16560.,39.78945,18.80099,39.79829,20.34204,18.88732,-17.89114,-35.6838
16570.,39.78986,18.80151,39.79869,20.34255,18.88783,-17.89069,-35.68338
16580.,39.79026,18.80202,39.7991,20.34307,18.88835,-17.89025,-35.68297
16590.,39.79067,18.80253,39.79951,20.34358,18.88886,-17.88981,-35.68255
16600.,39.79107,18.80304,39.79991,20.3441,18.88937,-17.88937,-35.68213
16610.,39.79148,18.80355,39.80031,20.34461,18.88988,-17.88893,-35.68172
16620.,39.79188,18.80406,39.80072,20.34513,18.89039,-17.8885,-35.6813
16630.,39.79228,18.80457,39.80112,20.34564,18.8909,-17.88806,-35.68089
16640.,39.79269,18.80507,39.80152,20.34615,18.8914,-17.88762,-35.68047
16650.,39.79309,18.80558,39.80193,20.34666,18.89191,-17.88718,-35.68006
16660.,39.79349,18.80609,39.80233,20.34717,18.89242,-17.88675,-35.67964
16670.,39.79389,18.80659,39.80273,20.34768,18.89293,-17.88631,-35.67923
16680.,39.79429,18.8071,39.80313,20.34819,18.89343,-17.88588,-35.67882
16690.,39.79469,18.8076,39.80353,20.3487,18.89394,-17.88544,-35.67841
16700.,39.79509,18.80811,39.80393,20.34921,18.89444,-17.88501,-35.678
16710.,39.79549,18.80861,39.80433,20.34972,18.89494,-17.88458,-35.67759
16720.,39.79589,18.80911,39.80473,20.35022,18.89545,-17.88414,-35.67718
16730.,39.79629,18.80961,39.80512,20.35073,18.89595,-17.88371,-35.67677
16740.,39.79669,18.81012,39.80552,20.35123,18.89645,-17.88328,-35.67636
16750.,39.79708,18.81062,39.80592,20.35174,18.89695,-17.88285,-35.67595
16760.,39.79748,18.81112,39.80631,20.35224,18.89745,-17.88242,-35.67554
16770.,39.79788,18.81161,39.80671,20.35274,18.89795,-17.88199,-35.67513
16780.,39.79827,18.81211,39.80711,20.35325,18.89845,-17.88156,-35.67473
16790.,39.79867,18.81261,39.8075,20.35375,18.89895,-17.88113,-35.67432
16800.,39.79906,18.81311,39.80789,20.35425,18.89944,-17.8807,-35.67391
16810.,39.79946,18.8136,39.80829,20.35475,18.89994,-17.88028,-35.67351
16820.,39.79985,18.8141,39.80868,20.35525,18.90044,-17.87985,-35.6731
16830.,39.80024,18.8146,39.80907,20.35575,18.90093,-17.87942,-35.6727
16840.,39.80064,18.81509,39.80947,20.35625,18.90143,-17.879,-35.6723
16850.,39.80103,18.81558,39.80986,20.35675,18.90192,-17.87857,-35.67189
16860.,39.80142,18.81608,39.81025,20.35724,18.90242,-17.87815,-35.67149
16870.,39.80181,18.81657,39.81064,20.35774,18.90291,-17.87772,-35.67109
16880.,39.8022,18.81706,39.81103,20.35824,18.9034,-17.8773,-35.67069
16890.,39.80259,18.81755,39.81142,20.35873,18.90389,-17.87688,-35.67029
16900.,39.80298,18.81804,39.81181,20.35923,18.90438,-17.87645,-35.66988
16910.,39.80337,18.81853,39.8122,20.35972,18.90487,-17.87603,-35.66948
16920.,39.80376,18.81902,39.81259,20.36021,18.90536,-17.87561,-35.66909
16930.,39.80415,18.81951,39.81297,20.36071,18.90585,-17.87519,-35.66869
16940.,39.80453,18.82,39.81336,20.3612,18.90634,-17.87477,-35.66829
16950.,39.80492,18.82049,39.81375,20.36169,18.90683,-17.87435,-35.66789
16960.,39.80531,18.82098,39.81413,20.36218,18.90732,-17.87393,-35.66749
16970.,39.80569,18.82146,39.81452,20.36267,18.9078,-17.87351,-35.6671
16980.,39.80608,18.82195,39.8149,20.36316,18.90829,-17.87309,-35.6667
16990.,39.80646,18.82243,39.81529,20.36365,18.90877,-17.87267,-35.6663
17000.,39.80685,18.82292,39.81567,20.36414,18.90926,-17.87226,-35.66591
17010.,39.80723,18.8234,39.81606,20.36463,18.90974,-17.87184,-35.66551
17020.,39.80761,18.82388,39.81644,20.36511,18.91023,-17.87143,-35.66512
17030.,39.808,18.82437,39.81682,20.3656,18.91071,-17.87101,-35.66473
17040.,39.80838,18.82485,39.8172,20.36609,18.91119,-17.87059,-35.66433
17050.,39.80876,18.82533,39.81759,20.36657,18.91167,-17.87018,-35.66394
17060.,39.80914,18.82581,39.81797,20.36706,18.91215,-17.86977,-35.66355
17070.,39.80952,18.82629,39.81835,20.36754,18.91263,-17.86935,-35.66316
17080.,39.8099,18.82677,39.81873,20.36802,18.91311,-17.86894,-35.66276
17090.,39.81028,18.82725,39.81911,20.36851,18.91359,-17.86853,-35.66237
17100.,39.81066,18.82773,39.81949,20.36899,18.91407,-17.86812,-35.66198
17110.,39.81104,18.8282,39.81986,20.36947,18.91455,-17.86771,-35.66159
17120.,39.81142,18.82868,39.82024,20.36995,18.91502,-17.8673,-35.6612
17130.,39.8118,18.82916,39.82062,20.37043,18.9155,-17.86689,-35.66082
17140.,39.81217,18.82963,39.821,20.37091,18.91598,-17.86648,-35.66043
17150.,39.81255,18.83011,39.82137,20.37139,18.91645,-17.86607,-35.66004
17160.,39.81293,18.83058,39.82175,20.37187,18.91693,-17.86566,-35.65965
17170.,39.8133,18.83105,39.82213,20.37234,18.9174,-17.86525,-35.65927
17180.,39.81368,18.83153,39.8225,20.37282,18.91787,-17.86484,-35.65888
17190.,39.81405,18.832,39.82288,20.3733,18.91835,-17.86444,-35.6585
17200.,39.81443,18.83247,39.82325,20.37377,18.91882,-17.86403,-35.65811
17210.,39.8148,18.83294,39.82362,20.37425,18.91929,-17.86362,-35.65773
17220.,39.81518,18.83341,39.824,20.37472,18.91976,-17.86322,-35.65734
17230.,39.81555,18.83388,39.82437,20.37519,18.92023,-17.86281,-35.65696
17240.,39.81592,18.83435,39.82474,20.37567,18.9207,-17.86241,-35.65657
17250.,39.81629,18.83482,39.82511,20.37614,18.92117,-17.86201,-35.65619
17260.,39.81666,18.83529,39.82548,20.37661,18.92164,-17.8616,-35.65581
17270.,39.81704,18.83576,39.82585,20.37708,18.92211,-17.8612,-35.65543
17280.,39.81741,18.83622,39.82622,20.37755,18.92257,-17.8608,-35.65505
17290.,39.81778,18.83669,39.82659,20.37802,18.92304,-17.8604,-35.65467
17300.,39.81815,18.83716,39.82696,20.37849,18.92351,-17.86,-35.65429
17310.,39.81851,18.83762,39.82733,20.37896,18.92397,-17.8596,-35.65391
17320.,39.81888,18.83809,39.8277,20.37943,18.92444,-17.8592,-35.65353
17330.,39.81925,18.83855,39.82807,20.3799,18.9249,-17.8588,-35.65315
17340.,39.81962,18.83901,39.82844,20.38037,18.92536,-17.8584,-35.65277
17350.,39.81999,18.83947,39.8288,20.38083,18.92583,-17.858,-35.65239
17360.,39.82035,18.83994,39.82917,20.3813,18.92629,-17.8576,-35.65202
17370.,39.82072,18.8404,39.82953,20.38176,18.92675,-17.85721,-35.65164
17380.,39.82108,18.84086,39.8299,20.38223,18.92721,-17.85681,-35.65126
17390.,39.82145,18.84132,39.83027,20.38269,18.92767,-17.85641,-35.65089
17400.,39.82181,18.84178,39.83063,20.38315,18.92813,-17.85602,-35.65051
17410.,39.82218,18.84224,39.83099,20.38362,18.92859,-17.85562,-35.65014
17420.,39.82254,18.8427,39.83136,20.38408,18.92905,-17.85523,-35.64977
17430.,39.82291,18.84315,39.83172,20.38454,18.92951,-17.85483,-35.64939
17440.,39.82327,18.84361,39.83208,20.385,18.92996,-17.85444,-35.64902
17450.,39.82363,18.84407,39.83244,20.38546,18.93042,-17.85405,-35.64865
17460.,39.82399,18.84452,39.83281,20.38592,18.93088,-17.85365,-35.64827
17470.,39.82435,18.84498,39.83317,20.38638,18.93133,-17.85326,-35.6479
17480.,39.82471,18.84543,39.83353,20.38684,18.93179,-17.85287,-35.64753
17490.,39.82507,18.84589,39.83389,20.3873,18.93224,-17.85248,-35.64716
17500.,39.82543,18.84634,39.83425,20.38775,18.9327,-17.85209,-35.64679
17510.,39.82579,18.84679,39.83461,20.38821,18.93315,-17.8517,-35.64642
17520.,39.82615,18.84725,39.83497,20.38867,18.9336,-17.85131,-35.64605
17530.,39.82651,18.8477,39.83532,20.38912,18.93405,-17.85092,-35.64568
17540.,39.82687,18.84815,39.83568,20.38958,18.93451,-17.85053,-35.64531
17550.,39.82723,18.8486,39.83604,20.39003,18.93496,-17.85014,-35.64495
17560.,39.82758,18.84905,39.8364,20.39049,18.93541,-17.84976,-35.64458
17570.,39.82794,18.8495,39.83675,20.39094,18.93586,-17.84937,-35.64421
17580.,39.8283,18.84995,39.83711,20.39139,18.93631,-17.84898,-35.64385
17590.,39.82865,18.8504,39.83746,20.39184,18.93675,-17.8486,-35.64348
17600.,39.82901,18.85084,39.83782,20.39229,18.9372,-17.84821,-35.64311
17610.,39.82936,18.85129,39.83817,20.39275,18.93765,-17.84783,-35.64275
17620.,39.82972,18.85174,39.83853,20.3932,18.9381,-17.84744,-35.64239
17630.,39.83007,18.85218,39.83888,20.39364,18.93854,-17.84706,-35.64202
17640.,39.83042,18.85263,39.83923,20.39409,18.93899,-17.84667,-35.64166
17650.,39.83078,18.85307,39.83959,20.39454,18.93943,-17.84629,-35.64129
17660.,39.83113,18.85352,39.83994,20.39499,18.93988,-17.84591,-35.64093
17670.,39.83148,18.85396,39.84029,20.39544,18.94032,-17.84553,-35.64057
17680.,39.83183,18.8544,39.84064,20.39588,18.94076,-17.84514,-35.64021
17690.,39.83218,18.85485,39.84099,20.39633,18.94121,-17.84476,-35.63985
17700.,39.83254,18.85529,39.84134,20.39678,18.94165,-17.84438,-35.63949
17710.,39.83289,18.85573,39.84169,20.39722,18.94209,-17.844,-35.63913
17720.,39.83324,18.85617,39.84204,20.39766,18.94253,-17.84362,-35.63877
17730.,39.83358,18.85661,39.84239,20.39811,18.94297,-17.84325,-35.63841
17740.,39.83393,18.85705,39.84274,20.39855,18.94341,-17.84287,-35.63805
17750.,39.83428,18.85749,39.84309,20.39899,18.94385,-17.84249,-35.63769
17760.,39.83463,18.85793,39.84344,20.39944,18.94429,-17.84211,-35.63733
17770.,39.83498,18.85837,39.84378,20.39988,18.94473,-17.84173,-35.63698
17780.,39.83532,18.8588,39.84413,20.40032,18.94516,-17.84136,-35.63662
17790.,39.83567,18.85924,39.84448,20.40076,18.9456,-17.84098,-35.63626
17800.,39.83602,18.85968,39.84482,20.4012,18.94604,-17.84061,-35.63591
17810.,39.83636,18.86011,39.84517,20.40164,18.94647,-17.84023,-35.63555
17820.,39.83671,18.86055,39.84551,20.40208,18.94691,-17.83986,-35.6352
17830.,39.83705,18.86098,39.84586,20.40251,18.94734,-17.83948,-35.63484
17840.,39.8374,18.86141,39.8462,20.40295,18.94778,-17.83911,-35.63449
17850.,39.83774,18.86185,39.84654,20.40339,18.94821,-17.83874,-35.63413
17860.,39.83808,18.86228,39.84689,20.40382,18.94864,-17.83836,-35.63378
17870.,39.83843,18.86271,39.84723,20.40426,18.94908,-17.83799,-35.63343
17880.,39.83877,18.86314,39.84757,20.40469,18.94951,-17.83762,-35.63308
17890.,39.83911,18.86357,39.84791,20.40513,18.94994,-17.83725,-35.63272
17900.,39.83945,18.864,39.84826,20.40556,18.95037,-17.83688,-35.63237
17910.,39.83979,18.86443,39.8486,20.406,18.9508,-17.83651,-35.63202
17920.,39.84013,18.86486,39.84894,20.40643,18.95123,-17.83614,-35.63167
17930.,39.84047,18.86529,39.84928,20.40686,18.95166,-17.83577,-35.63132
17940.,39.84081,18.86572,39.84962,20.40729,18.95209,-17.8354,-35.63097
17950.,39.84115,18.86615,39.84996,20.40772,18.95251,-17.83503,-35.63062
17960.,39.84149,18.86658,39.85029,20.40815,18.95294,-17.83467,-35.63028
17970.,39.84183,18.867,39.85063,20.40858,18.95337,-17.8343,-35.62993
17980.,39.84217,18.86743,39.85097,20.40901,18.95379,-17.83393,-35.62958
17990.,39.84251,18.86785,39.85131,20.40944,18.95422,-17.83357,-35.62923
18000.,39.84284,18.86828,39.85164,20.40987,18.95465,-17.8332,-35.62889
18010.,39.84318,18.8687,39.85198,20.4103,18.95507,-17.83283,-35.62854
18020.,39.84352,18.86913,39.85232,20.41072,18.95549,-17.83247,-35.62819
18030.,39.84385,18.86955,39.85265,20.41115,18.95592,-17.83211,-35.62785
18040.,39.84419,18.86997,39.85299,20.41158,18.95634,-17.83174,-35.6275
18050.,39.84452,18.87039,39.85332,20.412,18.95676,-17.83138,-35.62716
18060.,39.84486,18.87081,39.85366,20.41243,18.95718,-17.83102,-35.62682
18070.,39.84519,18.87124,39.85399,20.41285,18.9576,-17.83065,-35.62647
18080.,39.84552,18.87166,39.85432,20.41328,18.95803,-17.83029,-35.62613
18090.,39.84586,18.87208,39.85466,20.4137,18.95845,-17.82993,-35.62579
18100.,39.84619,18.87249,39.85499,20.41412,18.95886,-17.82957,-35.62544
18110.,39.84652,18.87291,39.85532,20.41454,18.95928,-17.82921,-35.6251
18120.,39.84685,18.87333,39.85565,20.41496,18.9597,-17.82885,-35.62476
18130.,39.84719,18.87375,39.85598,20.41539,18.96012,-17.82849,-35.62442
18140.,39.84752,18.87417,39.85631,20.41581,18.96054,-17.82813,-35.62408
18150.,39.84785,18.87458,39.85664,20.41623,18.96095,-17.82777,-35.62374
18160.,39.84818,18.875,39.85697,20.41665,18.96137,-17.82741,-35.6234
18170.,39.84851,18.87541,39.8573,20.41706,18.96179,-17.82705,-35.62306
18180.,39.84884,18.87583,39.85763,20.41748,18.9622,-17.8267,-35.62272
18190.,39.84917,18.87624,39.85796,20.4179,18.96262,-17.82634,-35.62239
18200.,39.84949,18.87666,39.85829,20.41832,18.96303,-17.82598,-35.62205
18210.,39.84982,18.87707,39.85862,20.41873,18.96344,-17.82563,-35.62171
18220.,39.85015,18.87748,39.85894,20.41915,18.96386,-17.82527,-35.62137
18230.,39.85048,18.87789,39.85927,20.41957,18.96427,-17.82492,-35.62104
18240.,39.8508,18.87831,39.8596,20.41998,18.96468,-17.82456,-35.6207
18250.,39.85113,18.87872,39.85992,20.42039,18.96509,-17.82421,-35.62037
18260.,39.85146,18.87913,39.86025,20.42081,18.9655,-17.82386,-35.62003
18270.,39.85178,18.87954,39.86058,20.42122,18.96591,-17.8235,-35.6197
18280.,39.85211,18.87995,39.8609,20.42163,18.96632,-17.82315,-35.61936
18290.,39.85243,18.88036,39.86122,20.42205,18.96673,-17.8228,-35.61903
18300.,39.85275,18.88076,39.86155,20.42246,18.96714,-17.82245,-35.61869
18310.,39.85308,18.88117,39.86187,20.42287,18.96755,-17.8221,-35.61836
18320.,39.8534,18.88158,39.86219,20.42328,18.96795,-17.82175,-35.61803
18330.,39.85372,18.88199,39.86252,20.42369,18.96836,-17.8214,-35.6177
18340.,39.85405,18.88239,39.86284,20.4241,18.96877,-17.82105,-35.61737
18350.,39.85437,18.8828,39.86316,20.42451,18.96917,-17.8207,-35.61703
18360.,39.85469,18.8832,39.86348,20.42492,18.96958,-17.82035,-35.6167
18370.,39.85501,18.88361,39.8638,20.42533,18.96998,-17.82,-35.61637
18380.,39.85533,18.88401,39.86412,20.42573,18.97039,-17.81965,-35.61604
18390.,39.85565,18.88442,39.86444,20.42614,18.97079,-17.8193,-35.61571
18400.,39.85597,18.88482,39.86476,20.42655,18.9712,-17.81896,-35.61539
18410.,39.85629,18.88522,39.86508,20.42695,18.9716,-17.81861,-35.61506
18420.,39.85661,18.88562,39.8654,20.42736,18.972,-17.81826,-35.61473
18430.,39.85693,18.88602,39.86572,20.42776,18.9724,-17.81792,-35.6144
18440.,39.85725,18.88643,39.86604,20.42817,18.9728,-17.81757,-35.61407
18450.,39.85756,18.88683,39.86636,20.42857,18.9732,-17.81723,-35.61375
18460.,39.85788,18.88723,39.86667,20.42897,18.9736,-17.81688,-35.61342
18470.,39.8582,18.88763,39.86699,20.42938,18.974,-17.81654,-35.6131
18480.,39.85852,18.88802,39.86731,20.42978,18.9744,-17.8162,-35.61277
18490.,39.85883,18.88842,39.86762,20.43018,18.9748,-17.81585,-35.61244
18500.,39.85915,18.88882,39.86794,20.43058,18.9752,-17.81551,-35.61212
18510.,39.85946,18.88922,39.86825,20.43098,18.9756,-17.81517,-35.6118
18520.,39.85978,18.88961,39.86857,20.43138,18.97599,-17.81483,-35.61147
18530.,39.86009,18.89001,39.86888,20.43178,18.97639,-17.81449,-35.61115
18540.,39.86041,18.89041,39.86919,20.43218,18.97679,-17.81415,-35.61083
18550.,39.86072,18.8908,39.86951,20.43258,18.97718,-17.81381,-35.6105
18560.,39.86103,18.8912,39.86982,20.43297,18.97758,-17.81347,-35.61018
18570.,39.86135,18.89159,39.87013,20.43337,18.97797,-17.81313,-35.60986
18580.,39.86166,18.89198,39.87045,20.43377,18.97836,-17.81279,-35.60954
18590.,39.86197,18.89238,39.87076,20.43417,18.97876,-17.81245,-35.60922
18600.,39.86228,18.89277,39.87107,20.43456,18.97915,-17.81211,-35.6089
18610.,39.86259,18.89316,39.87138,20.43496,18.97954,-17.81177,-35.60858
18620.,39.8629,18.89355,39.87169,20.43535,18.97994,-17.81144,-35.60826
18630.,39.86321,18.89394,39.872,20.43575,18.98033,-17.8111,-35.60794
18640.,39.86352,18.89433,39.87231,20.43614,18.98072,-17.81076,-35.60762
18650.,39.86383,18.89472,39.87262,20.43653,18.98111,-17.81043,-35.6073
18660.,39.86414,18.89511,39.87293,20.43692,18.9815,-17.81009,-35.60698
18670.,39.86445,18.8955,39.87324,20.43732,18.98189,-17.80976,-35.60667
18680.,39.86476,18.89589,39.87355,20.43771,18.98227,-17.80942,-35.60635
18690.,39.86507,18.89628,39.87385,20.4381,18.98266,-17.80909,-35.60603
18700.,39.86538,18.89667,39.87416,20.43849,18.98305,-17.80875,-35.60572
18710.,39.86568,18.89705,39.87447,20.43888,18.98344,-17.80842,-35.6054
18720.,39.86599,18.89744,39.87477,20.43927,18.98382,-17.80809,-35.60508
18730.,39.8663,18.89783,39.87508,20.43966,18.98421,-17.80776,-35.60477
18740.,39.8666,18.89821,39.87539,20.44005,18.9846,-17.80742,-35.60446
18750.,39.86691,18.8986,39.87569,20.44044,18.98498,-17.80709,-35.60414
18760.,39.86721,18.89898,39.876,20.44082,18.98537,-17.80676,-35.60383
18770.,39.86752,18.89936,39.8763,20.44121,18.98575,-17.80643,-35.60351
18780.,39.86782,18.89975,39.8766,20.4416,18.98613,-17.8061,-35.6032
18790.,39.86813,18.90013,39.87691,20.44198,18.98652,-17.80577,-35.60289
18800.,39.86843,18.90051,39.87721,20.44237,18.9869,-17.80544,-35.60258
18810.,39.86873,18.9009,39.87751,20.44275,18.98728,-17.80511,-35.60226
18820.,39.86903,18.90128,39.87782,20.44314,18.98766,-17.80478,-35.60195
18830.,39.86934,18.90166,39.87812,20.44352,18.98804,-17.80446,-35.60164
18840.,39.86964,18.90204,39.87842,20.44391,18.98843,-17.80413,-35.60133
18850.,39.86994,18.90242,39.87872,20.44429,18.98881,-17.8038,-35.60102
18860.,39.87024,18.9028,39.87902,20.44467,18.98918,-17.80348,-35.60071
18870.,39.87054,18.90318,39.87932,20.44505,18.98956,-17.80315,-35.6004
18880.,39.87084,18.90355,39.87962,20.44543,18.98994,-17.80282,-35.60009
18890.,39.87114,18.90393,39.87992,20.44582,18.99032,-17.8025,-35.59979
18900.,39.87144,18.90431,39.88022,20.4462,18.9907,-17.80217,-35.59948
18910.,39.87174,18.90469,39.88052,20.44658,18.99108,-17.80185,-35.59917
18920.,39.87204,18.90506,39.88082,20.44696,18.99145,-17.80152,-35.59886
18930.,39.87234,18.90544,39.88112,20.44733,18.99183,-17.8012,-35.59856
18940.,39.87264,18.90581,39.88142,20.44771,18.9922,-17.80088,-35.59825
18950.,39.87293,18.90619,39.88171,20.44809,18.99258,-17.80055,-35.59794
18960.,39.87323,18.90656,39.88201,20.44847,18.99295,-17.80023,-35.59764
18970.,39.87353,18.90694,39.88231,20.44885,18.99333,-17.79991,-35.59733
18980.,39.87382,18.90731,39.8826,20.44922,18.9937,-17.79959,-35.59703
18990.,39.87412,18.90768,39.8829,20.4496,18.99407,-17.79927,-35.59672
19000.,39.87442,18.90806,39.88319,20.44997,18.99445,-17.79895,-35.59642
19010.,39.87471,18.90843,39.88349,20.45035,18.99482,-17.79863,-35.59612
19020.,39.87501,18.9088,39.88378,20.45072,18.99519,-17.79831,-35.59581
19030.,39.8753,18.90917,39.88408,20.4511,18.99556,-17.79799,-35.59551
19040.,39.8756,18.90954,39.88437,20.45147,18.99593,-17.79767,-35.59521
19050.,39.87589,18.90991,39.88467,20.45184,18.9963,-17.79735,-35.59491
19060.,39.87618,18.91028,39.88496,20.45222,18.99667,-17.79703,-35.5946
19070.,39.87648,18.91065,39.88525,20.45259,18.99704,-17.79671,-35.5943
19080.,39.87677,18.91102,39.88554,20.45296,18.99741,-17.7964,-35.594
19090.,39.87706,18.91139,39.88584,20.45333,18.99778,-17.79608,-35.5937
19100.,39.87735,18.91176,39.88613,20.4537,18.99815,-17.79576,-35.5934
19110.,39.87764,18.91212,39.88642,20.45407,18.99852,-17.79545,-35.5931
19120.,39.87793,18.91249,39.88671,20.45444,18.99888,-17.79513,-35.5928
19130.,39.87823,18.91286,39.887,20.45481,18.99925,-17.79482,-35.5925
19140.,39.87852,18.91322,39.88729,20.45518,18.99961,-17.7945,-35.59221
19150.,39.87881,18.91359,39.88758,20.45555,18.99998,-17.79419,-35.59191
19160.,39.87909,18.91395,39.88787,20.45592,19.00034,-17.79387,-35.59161
19170.,39.87938,18.91432,39.88816,20.45628,19.00071,-17.79356,-35.59131
19180.,39.87967,18.91468,39.88845,20.45665,19.00107,-17.79324,-35.59102
19190.,39.87996,18.91504,39.88874,20.45702,19.00144,-17.79293,-35.59072
19200.,39.88025,18.9154,39.88902,20.45738,19.0018,-17.79262,-35.59042
19210.,39.88054,18.91577,39.88931,20.45775,19.00216,-17.79231,-35.59013
19220.,39.88082,18.91613,39.8896,20.45811,19.00252,-17.792,-35.58983
19230.,39.88111,18.91649,39.88988,20.45848,19.00289,-17.79168,-35.58954
19240.,39.8814,18.91685,39.89017,20.45884,19.00325,-17.79137,-35.58924
19250.,39.88168,18.91721,39.89046,20.4592,19.00361,-17.79106,-35.58895
19260.,39.88197,18.91757,39.89074,20.45957,19.00397,-17.79075,-35.58865
19270.,39.88225,18.91793,39.89103,20.45993,19.00433,-17.79044,-35.58836
19280.,39.88254,18.91829,39.89131,20.46029,19.00469,-17.79013,-35.58807
19290.,39.88282,18.91865,39.8916,20.46065,19.00505,-17.78983,-35.58777
19300.,39.88311,18.91901,39.89188,20.46101,19.0054,-17.78952,-35.58748
19310.,39.88339,18.91936,39.89216,20.46137,19.00576,-17.78921,-35.58719
19320.,39.88368,18.91972,39.89245,20.46173,19.00612,-17.7889,-35.5869
19330.,39.88396,18.92008,39.89273,20.46209,19.00648,-17.7886,-35.58661
19340.,39.88424,18.92043,39.89301,20.46245,19.00683,-17.78829,-35.58632
19350.,39.88452,18.92079,39.8933,20.46281,19.00719,-17.78798,-35.58603
19360.,39.88481,18.92115,39.89358,20.46317,19.00754,-17.78768,-35.58574
19370.,39.88509,18.9215,39.89386,20.46353,19.0079,-17.78737,-35.58545
19380.,39.88537,18.92186,39.89414,20.46388,19.00825,-17.78707,-35.58516
19390.,39.88565,18.92221,39.89442,20.46424,19.00861,-17.78676,-35.58487
19400.,39.88593,18.92256,39.8947,20.4646,19.00896,-17.78646,-35.58458
19410.,39.88621,18.92292,39.89498,20.46495,19.00931,-17.78615,-35.58429
19420.,39.88649,18.92327,39.89526,20.46531,19.00967,-17.78585,-35.58401
19430.,39.88677,18.92362,39.89554,20.46566,19.01002,-17.78555,-35.58372
19440.,39.88705,18.92397,39.89582,20.46602,19.01037,-17.78524,-35.58343
19450.,39.88733,18.92432,39.8961,20.46637,19.01072,-17.78494,-35.58314
19460.,39.88761,18.92467,39.89637,20.46673,19.01107,-17.78464,-35.58286
19470.,39.88788,18.92502,39.89665,20.46708,19.01142,-17.78434,-35.58257
19480.,39.88816,18.92537,39.89693,20.46743,19.01177,-17.78404,-35.58229
19490.,39.88844,18.92572,39.89721,20.46778,19.01212,-17.78374,-35.582
19500.,39.88872,18.92607,39.89748,20.46813,19.01247,-17.78344,-35.58172
19510.,39.88899,18.92642,39.89776,20.46849,19.01282,-17.78314,-35.58143
19520.,39.88927,18.92677,39.89804,20.46884,19.01317,-17.78284,-35.58115
19530.,39.88954,18.92711,39.89831,20.46919,19.01352,-17.78254,-35.58087
19540.,39.88982,18.92746,39.89859,20.46954,19.01386,-17.78224,-35.58058
19550.,39.89009,18.92781,39.89886,20.46989,19.01421,-17.78194,-35.5803
19560.,39.89037,18.92815,39.89914,20.47024,19.01456,-17.78164,-35.58002
19570.,39.89064,18.9285,39.89941,20.47058,19.0149,-17.78134,-35.57973
19580.,39.89092,18.92885,39.89968,20.47093,19.01525,-17.78105,-35.57945
19590.,39.89119,18.92919,39.89996,20.47128,19.01559,-17.78075,-35.57917
19600.,39.89146,18.92953,39.90023,20.47163,19.01594,-17.78045,-35.57889
19610.,39.89174,18.92988,39.9005,20.47197,19.01628,-17.78016,-35.57861
19620.,39.89201,18.93022,39.90078,20.47232,19.01663,-17.77986,-35.57833
19630.,39.89228,18.93056,39.90105,20.47266,19.01697,-17.77957,-35.57805
19640.,39.89255,18.93091,39.90132,20.47301,19.01731,-17.77927,-35.57777
19650.,39.89283,18.93125,39.90159,20.47335,19.01765,-17.77898,-35.57749
19660.,39.8931,18.93159,39.90186,20.4737,19.01799,-17.77868,-35.57721
19670.,39.89337,18.93193,39.90213,20.47404,19.01834,-17.77839,-35.57693
19680.,39.89364,18.93227,39.9024,20.47439,19.01868,-17.7781,-35.57666
19690.,39.89391,18.93261,39.90267,20.47473,19.01902,-17.7778,-35.57638
19700.,39.89418,18.93295,39.90294,20.47507,19.01936,-17.77751,-35.5761
19710.,39.89445,18.93329,39.90321,20.47541,19.0197,-17.77722,-35.57582
19720.,39.89472,18.93363,39.90348,20.47576,19.02004,-17.77693,-35.57555
19730.,39.89499,18.93397,39.90375,20.4761,19.02037,-17.77663,-35.57527
19740.,39.89525,18.93431,39.90402,20.47644,19.02071,-17.77634,-35.575
19750.,39.89552,18.93464,39.90428,20.47678,19.02105,-17.77605,-35.57472
19760.,39.89579,18.93498,39.90455,20.47712,19.02139,-17.77576,-35.57444
19770.,39.89606,18.93532,39.90482,20.47746,19.02172,-17.77547,-35.57417
19780.,39.89632,18.93565,39.90509,20.4778,19.02206,-17.77518,-35.5739
19790.,39.89659,18.93599,39.90535,20.47813,19.0224,-17.77489,-35.57362
19800.,39.89686,18.93633,39.90562,20.47847,19.02273,-17.77461,-35.57335
19810.,39.89712,18.93666,39.90588,20.47881,19.02307,-17.77432,-35.57307
19820.,39.89739,18.93699,39.90615,20.47915,19.0234,-17.77403,-35.5728
19830.,39.89765,18.93733,39.90641,20.47948,19.02374,-17.77374,-35.57253
19840.,39.89792,18.93766,39.90668,20.47982,19.02407,-17.77345,-35.57226
19850.,39.89818,18.938,39.90694,20.48016,19.0244,-17.77317,-35.57198
19860.,39.89845,18.93833,39.90721,20.48049,19.02474,-17.77288,-35.57171
19870.,39.89871,18.93866,39.90747,20.48083,19.02507,-17.77259,-35.57144
19880.,39.89897,18.93899,39.90773,20.48116,19.0254,-17.77231,-35.57117
19890.,39.89924,18.93932,39.908,20.4815,19.02573,-17.77202,-35.5709
19900.,39.8995,18.93965,39.90826,20.48183,19.02606,-17.77174,-35.57063
19910.,39.89976,18.93999,39.90852,20.48216,19.02639,-17.77145,-35.57036
19920.,39.90002,18.94032,39.90878,20.4825,19.02672,-17.77117,-35.57009
19930.,39.90028,18.94064,39.90904,20.48283,19.02705,-17.77089,-35.56982
19940.,39.90055,18.94097,39.90931,20.48316,19.02738,-17.7706,-35.56955
19950.,39.90081,18.9413,39.90957,20.48349,19.02771,-17.77032,-35.56929
19960.,39.90107,18.94163,39.90983,20.48382,19.02804,-17.77004,-35.56902
19970.,39.90133,18.94196,39.91009,20.48415,19.02837,-17.76975,-35.56875
19980.,39.90159,18.94229,39.91035,20.48448,19.0287,-17.76947,-35.56848
19990.,39.90185,18.94261,39.91061,20.48481,19.02902,-17.76919,-35.56822
20000.,39.90211,18.94294,39.91087,20.48514,19.02935,-17.76891,-35.56795
20010.,39.90237,18.94327,39.91112,20.48547,19.02968,-17.76863,-35.56768
20020.,39.90262,18.94359,39.91138,20.4858,19.03,-17.76835,-35.56742
20030.,39.90288,18.94392,39.91164,20.48613,19.03033,-17.76807,-35.56715
20040.,39.90314,18.94424,39.9119,20.48645,19.03065,-17.76779,-35.56689
20050.,39.9034,18.94457,39.91216,20.48678,19.03098,-17.76751,-35.56662
20060.,39.90366,18.94489,39.91241,20.48711,19.0313,-17.76723,-35.56636
20070.,39.90391,18.94521,39.91267,20.48743,19.03163,-17.76695,-35.56609
20080.,39.90417,18.94554,39.91293,20.48776,19.03195,-17.76667,-35.56583
20090.,39.90443,18.94586,39.91318,20.48809,19.03227,-17.76639,-35.56557
20100.,39.90468,18.94618,39.91344,20.48841,19.0326,-17.76612,-35.5653
20110.,39.90494,18.94651,39.91369,20.48874,19.03292,-17.76584,-35.56504
20120.,39.90519,18.94683,39.91395,20.48906,19.03324,-17.76556,-35.56478
20130.,39.90545,18.94715,39.9142,20.48938,19.03356,-17.76529,-35.56452
20140.,39.9057,18.94747,39.91446,20.48971,19.03388,-17.76501,-35.56425
20150.,39.90596,18.94779,39.91471,20.49003,19.0342,-17.76473,-35.56399
20160.,39.90621,18.94811,39.91497,20.49035,19.03452,-17.76446,-35.56373
20170.,39.90646,18.94843,39.91522,20.49067,19.03484,-17.76418,-35.56347
20180.,39.90672,18.94875,39.91547,20.491,19.03516,-17.76391,-35.56321
20190.,39.90697,18.94907,39.91572,20.49132,19.03548,-17.76364,-35.56295
20200.,39.90722,18.94938,39.91598,20.49164,19.0358,-17.76336,-35.56269
20210.,39.90747,18.9497,39.91623,20.49196,19.03612,-17.76309,-35.56243
20220.,39.90773,18.95002,39.91648,20.49228,19.03643,-17.76281,-35.56217
20230.,39.90798,18.95034,39.91673,20.4926,19.03675,-17.76254,-35.56191
20240.,39.90823,18.95065,39.91698,20.49292,19.03707,-17.76227,-35.56165
20250.,39.90848,18.95097,39.91723,20.49324,19.03738,-17.762,-35.5614
20260.,39.90873,18.95128,39.91748,20.49355,19.0377,-17.76172,-35.56114
20270.,39.90898,18.9516,39.91773,20.49387,19.03802,-17.76145,-35.56088
20280.,39.90923,18.95191,39.91798,20.49419,19.03833,-17.76118,-35.56062
20290.,39.90948,18.95223,39.91823,20.49451,19.03864,-17.76091,-35.56037
20300.,39.90973,18.95254,39.91848,20.49482,19.03896,-17.76064,-35.56011
20310.,39.90998,18.95286,39.91873,20.49514,19.03927,-17.76037,-35.55986
20320.,39.91023,18.95317,39.91898,20.49545,19.03959,-17.7601,-35.5596
20330.,39.91048,18.95348,39.91923,20.49577,19.0399,-17.75983,-35.55935
20340.,39.91072,18.95379,39.91948,20.49608,19.04021,-17.75956,-35.55909
20350.,39.91097,18.95411,39.91972,20.4964,19.04052,-17.75929,-35.55884
20360.,39.91122,18.95442,39.91997,20.49671,19.04084,-17.75903,-35.55858
20370.,39.91147,18.95473,39.92022,20.49703,19.04115,-17.75876,-35.55833
20380.,39.91171,18.95504,39.92046,20.49734,19.04146,-17.75849,-35.55807
20390.,39.91196,18.95535,39.92071,20.49765,19.04177,-17.75822,-35.55782
20400.,39.9122,18.95566,39.92096,20.49797,19.04208,-17.75796,-35.55757
20410.,39.91245,18.95597,39.9212,20.49828,19.04239,-17.75769,-35.55732
20420.,39.9127,18.95628,39.92145,20.49859,19.0427,-17.75742,-35.55706
20430.,39.91294,18.95659,39.92169,20.4989,19.04301,-17.75716,-35.55681
20440.,39.91319,18.9569,39.92194,20.49921,19.04331,-17.75689,-35.55656
20450.,39.91343,18.9572,39.92218,20.49952,19.04362,-17.75663,-35.55631
20460.,39.91367,18.95751,39.92242,20.49983,19.04393,-17.75636,-35.55606
20470.,39.91392,18.95782,39.92267,20.50014,19.04424,-17.7561,-35.55581
20480.,39.91416,18.95812,39.92291,20.50045,19.04454,-17.75583,-35.55556
20490.,39.9144,18.95843,39.92315,20.50076,19.04485,-17.75557,-35.55531
20500.,39.91465,18.95874,39.9234,20.50107,19.04516,-17.75531,-35.55506
20510.,39.91489,18.95904,39.92364,20.50138,19.04546,-17.75504,-35.55481
20520.,39.91513,18.95935,39.92388,20.50168,19.04577,-17.75478,-35.55456
20530.,39.91537,18.95965,39.92412,20.50199,19.04607,-17.75452,-35.55431
20540.,39.91562,18.95996,39.92436,20.5023,19.04638,-17.75426,-35.55406
20550.,39.91586,18.96026,39.92461,20.5026,19.04668,-17.754,-35.55381
20560.,39.9161,18.96056,39.92485,20.50291,19.04698,-17.75373,-35.55357
20570.,39.91634,18.96087,39.92509,20.50321,19.04729,-17.75347,-35.55332
20580.,39.91658,18.96117,39.92533,20.50352,19.04759,-17.75321,-35.55307
20590.,39.91682,18.96147,39.92557,20.50382,19.04789,-17.75295,-35.55282
20600.,39.91706,18.96177,39.92581,20.50413,19.0482,-17.75269,-35.55258
20610.,39.9173,18.96208,39.92605,20.50443,19.0485,-17.75243,-35.55233
20620.,39.91754,18.96238,39.92628,20.50474,19.0488,-17.75217,-35.55209
20630.,39.91778,18.96268,39.92652,20.50504,19.0491,-17.75191,-35.55184
20640.,39.91801,18.96298,39.92676,20.50534,19.0494,-17.75166,-35.5516
20650.,39.91825,18.96328,39.927,20.50564,19.0497,-17.7514,-35.55135
20660.,39.91849,18.96358,39.92724,20.50595,19.05,-17.75114,-35.55111
20670.,39.91873,18.96388,39.92747,20.50625,19.0503,-17.75088,-35.55086
20680.,39.91896,18.96417,39.92771,20.50655,19.0506,-17.75063,-35.55062
20690.,39.9192,18.96447,39.92795,20.50685,19.0509,-17.75037,-35.55038
20700.,39.91944,18.96477,39.92818,20.50715,19.05119,-17.75011,-35.55013
20710.,39.91967,18.96507,39.92842,20.50745,19.05149,-17.74986,-35.54989
20720.,39.91991,18.96537,39.92866,20.50775,19.05179,-17.7496,-35.54965
20730.,39.92015,18.96566,39.92889,20.50805,19.05209,-17.74934,-35.5494
20740.,39.92038,18.96596,39.92913,20.50835,19.05238,-17.74909,-35.54916
20750.,39.92062,18.96625,39.92936,20.50865,19.05268,-17.74883,-35.54892
20760.,39.92085,18.96655,39.9296,20.50894,19.05297,-17.74858,-35.54868
20770.,39.92108,18.96685,39.92983,20.50924,19.05327,-17.74833,-35.54844
20780.,39.92132,18.96714,39.93006,20.50954,19.05357,-17.74807,-35.5482
20790.,39.92155,18.96743,39.9303,20.50984,19.05386,-17.74782,-35.54796
20800.,39.92179,18.96773,39.93053,20.51013,19.05415,-17.74756,-35.54772
20810.,39.92202,18.96802,39.93076,20.51043,19.05445,-17.74731,-35.54748
20820.,39.92225,18.96832,39.931,20.51072,19.05474,-17.74706,-35.54724
20830.,39.92248,18.96861,39.93123,20.51102,19.05503,-17.74681,-35.547
20840.,39.92272,18.9689,39.93146,20.51131,19.05533,-17.74656,-35.54676
20850.,39.92295,18.96919,39.93169,20.51161,19.05562,-17.7463,-35.54652
20860.,39.92318,18.96948,39.93192,20.5119,19.05591,-17.74605,-35.54628
20870.,39.92341,18.96978,39.93215,20.5122,19.0562,-17.7458,-35.54605
20880.,39.92364,18.97007,39.93239,20.51249,19.05649,-17.74555,-35.54581
20890.,39.92387,18.97036,39.93262,20.51278,19.05678,-17.7453,-35.54557
20900.,39.9241,18.97065,39.93285,20.51308,19.05707,-17.74505,-35.54534
20910.,39.92433,18.97094,39.93308,20.51337,19.05736,-17.7448,-35.5451
20920.,39.92456,18.97123,39.93331,20.51366,19.05765,-17.74455,-35.54486
20930.,39.92479,18.97152,39.93354,20.51395,19.05794,-17.7443,-35.54463
20940.,39.92502,18.97181,39.93376,20.51424,19.05823,-17.74405,-35.54439
20950.,39.92525,18.97209,39.93399,20.51453,19.05852,-17.74381,-35.54416
20960.,39.92548,18.97238,39.93422,20.51482,19.05881,-17.74356,-35.54392
20970.,39.92571,18.97267,39.93445,20.51511,19.0591,-17.74331,-35.54369
20980.,39.92594,18.97296,39.93468,20.5154,19.05938,-17.74306,-35.54345
20990.,39.92616,18.97324,39.9349,20.51569,19.05967,-17.74282,-35.54322
21000.,39.92639,18.97353,39.93513,20.51598,19.05996,-17.74257,-35.54298
21010.,39.92662,18.97382,39.93536,20.51627,19.06024,-17.74232,-35.54275
21020.,39.92684,18.9741,39.93559,20.51656,19.06053,-17.74208,-35.54252
21030.,39.92707,18.97439,39.93581,20.51684,19.06082,-17.74183,-35.54228
21040.,39.9273,18.97467,39.93604,20.51713,19.0611,-17.74159,-35.54205
21050.,39.92752,18.97496,39.93626,20.51742,19.06139,-17.74134,-35.54182
21060.,39.92775,18.97524,39.93649,20.5177,19.06167,-17.7411,-35.54159
21070.,39.92797,18.97552,39.93671,20.51799,19.06195,-17.74085,-35.54136
21080.,39.9282,18.97581,39.93694,20.51828,19.06224,-17.74061,-35.54112
21090.,39.92842,18.97609,39.93716,20.51856,19.06252,-17.74036,-35.54089
21100.,39.92865,18.97637,39.93739,20.51885,19.0628,-17.74012,-35.54066
21110.,39.92887,18.97666,39.93761,20.51913,19.06309,-17.73988,-35.54043
21120.,39.9291,18.97694,39.93784,20.51942,19.06337,-17.73964,-35.5402
21130.,39.92932,18.97722,39.93806,20.5197,19.06365,-17.73939,-35.53997
21140.,39.92954,18.9775,39.93828,20.51998,19.06393,-17.73915,-35.53974
21150.,39.92977,18.97778,39.9385,20.52027,19.06421,-17.73891,-35.53951
21160.,39.92999,18.97806,39.93873,20.52055,19.06449,-17.73867,-35.53928
21170.,39.93021,18.97834,39.93895,20.52083,19.06477,-17.73843,-35.53906
21180.,39.93043,18.97862,39.93917,20.52111,19.06505,-17.73819,-35.53883
21190.,39.93066,18.9789,39.93939,20.52139,19.06533,-17.73794,-35.5386
21200.,39.93088,18.97918,39.93961,20.52168,19.06561,-17.7377,-35.53837
21210.,39.9311,18.97946,39.93984,20.52196,19.06589,-17.73746,-35.53814
21220.,39.93132,18.97974,39.94006,20.52224,19.06617,-17.73723,-35.53792
21230.,39.93154,18.98001,39.94028,20.52252,19.06645,-17.73699,-35.53769
21240.,39.93176,18.98029,39.9405,20.5228,19.06672,-17.73675,-35.53746
21250.,39.93198,18.98057,39.94072,20.52308,19.067,-17.73651,-35.53724
21260.,39.9322,18.98085,39.94094,20.52336,19.06728,-17.73627,-35.53701
21270.,39.93242,18.98112,39.94116,20.52363,19.06756,-17.73603,-35.53679
21280.,39.93264,18.9814,39.94137,20.52391,19.06783,-17.73579,-35.53656
21290.,39.93286,18.98167,39.94159,20.52419,19.06811,-17.73556,-35.53634
21300.,39.93308,18.98195,39.94181,20.52447,19.06838,-17.73532,-35.53611
21310.,39.93329,18.98222,39.94203,20.52475,19.06866,-17.73508,-35.53589
21320.,39.93351,18.9825,39.94225,20.52502,19.06893,-17.73485,-35.53566
21330.,39.93373,18.98277,39.94247,20.5253,19.06921,-17.73461,-35.53544
21340.,39.93395,18.98305,39.94268,20.52558,19.06948,-17.73437,-35.53522
21350.,39.93416,18.98332,39.9429,20.52585,19.06975,-17.73414,-35.53499
21360.,39.93438,18.98359,39.94312,20.52613,19.07003,-17.7339,-35.53477
21370.,39.9346,18.98387,39.94333,20.5264,19.0703,-17.73367,-35.53455
21380.,39.93481,18.98414,39.94355,20.52668,19.07057,-17.73343,-35.53432
21390.,39.93503,18.98441,39.94377,20.52695,19.07085,-17.7332,-35.5341
21400.,39.93525,18.98468,39.94398,20.52722,19.07112,-17.73297,-35.53388
21410.,39.93546,18.98495,39.9442,20.5275,19.07139,-17.73273,-35.53366
21420.,39.93568,18.98523,39.94441,20.52777,19.07166,-17.7325,-35.53344
21430.,39.93589,18.9855,39.94463,20.52804,19.07193,-17.73227,-35.53322
21440.,39.93611,18.98577,39.94484,20.52832,19.0722,-17.73203,-35.533
21450.,39.93632,18.98604,39.94505,20.52859,19.07247,-17.7318,-35.53278
21460.,39.93653,18.98631,39.94527,20.52886,19.07274,-17.73157,-35.53256
21470.,39.93675,18.98658,39.94548,20.52913,19.07301,-17.73134,-35.53234
21480.,39.93696,18.98684,39.9457,20.5294,19.07328,-17.7311,-35.53212
21490.,39.93718,18.98711,39.94591,20.52967,19.07355,-17.73087,-35.5319
21500.,39.93739,18.98738,39.94612,20.52994,19.07382,-17.73064,-35.53168
21510.,39.9376,18.98765,39.94633,20.53021,19.07409,-17.73041,-35.53146
21520.,39.93781,18.98792,39.94655,20.53048,19.07435,-17.73018,-35.53124
21530.,39.93803,18.98818,39.94676,20.53075,19.07462,-17.72995,-35.53102
21540.,39.93824,18.98845,39.94697,20.53102,19.07489,-17.72972,-35.53081
21550.,39.93845,18.98872,39.94718,20.53129,19.07515,-17.72949,-35.53059
21560.,39.93866,18.98898,39.94739,20.53156,19.07542,-17.72926,-35.53037
21570.,39.93887,18.98925,39.9476,20.53183,19.07569,-17.72903,-35.53015
21580.,39.93908,18.98951,39.94781,20.53209,19.07595,-17.72881,-35.52994
21590.,39.93929,18.98978,39.94802,20.53236,19.07622,-17.72858,-35.52972
21600.,39.9395,18.99004,39.94823,20.53263,19.07648,-17.72835,-35.52951
21610.,39.93971,18.99031,39.94844,20.5329,19.07675,-17.72812,-35.52929
21620.,39.93992,18.99057,39.94865,20.53316,19.07701,-17.72789,-35.52907
21630.,39.94013,18.99084,39.94886,20.53343,19.07727,-17.72767,-35.52886
21640.,39.94034,18.9911,39.94907,20.53369,19.07754,-17.72744,-35.52864
21650.,39.94055,18.99136,39.94928,20.53396,19.0778,-17.72721,-35.52843
21660.,39.94076,18.99162,39.94949,20.53422,19.07806,-17.72699,-35.52821
21670.,39.94097,18.99189,39.9497,20.53449,19.07833,-17.72676,-35.528
21680.,39.94117,18.99215,39.9499,20.53475,19.07859,-17.72654,-35.52779
21690.,39.94138,18.99241,39.95011,20.53501,19.07885,-17.72631,-35.52757
21700.,39.94159,18.99267,39.95032,20.53528,19.07911,-17.72609,-35.52736
21710.,39.9418,18.99293,39.95053,20.53554,19.07937,-17.72586,-35.52715
21720.,39.942,18.99319,39.95073,20.5358,19.07963,-17.72564,-35.52693
21730.,39.94221,18.99345,39.95094,20.53607,19.07989,-17.72541,-35.52672
21740.,39.94242,18.99371,39.95115,20.53633,19.08015,-17.72519,-35.52651
21750.,39.94262,18.99397,39.95135,20.53659,19.08041,-17.72497,-35.5263
21760.,39.94283,18.99423,39.95156,20.53685,19.08067,-17.72474,-35.52609
21770.,39.94303,18.99449,39.95176,20.53711,19.08093,-17.72452,-35.52588
21780.,39.94324,18.99475,39.95197,20.53737,19.08119,-17.7243,-35.52566
21790.,39.94344,18.99501,39.95217,20.53763,19.08145,-17.72408,-35.52545
21800.,39.94365,18.99527,39.95238,20.53789,19.08171,-17.72385,-35.52524
21810.,39.94385,18.99552,39.95258,20.53815,19.08196,-17.72363,-35.52503
21820.,39.94406,18.99578,39.95279,20.53841,19.08222,-17.72341,-35.52482
21830.,39.94426,18.99604,39.95299,20.53867,19.08248,-17.72319,-35.52461
21840.,39.94446,18.99629,39.95319,20.53893,19.08273,-17.72297,-35.5244
21850.,39.94467,18.99655,39.9534,20.53919,19.08299,-17.72275,-35.5242
21860.,39.94487,18.99681,39.9536,20.53945,19.08325,-17.72253,-35.52399
21870.,39.94507,18.99706,39.9538,20.5397,19.0835,-17.72231,-35.52378
21880.,39.94528,18.99732,39.954,20.53996,19.08376,-17.72209,-35.52357
21890.,39.94548,18.99757,39.95421,20.54022,19.08401,-17.72187,-35.52336
21900.,39.94568,18.99783,39.95441,20.54047,19.08427,-17.72165,-35.52315
21910.,39.94588,18.99808,39.95461,20.54073,19.08452,-17.72143,-35.52295
21920.,39.94608,18.99833,39.95481,20.54099,19.08478,-17.72121,-35.52274
21930.,39.94629,18.99859,39.95501,20.54124,19.08503,-17.72099,-35.52253
21940.,39.94649,18.99884,39.95521,20.5415,19.08528,-17.72078,-35.52233
21950.,39.94669,18.99909,39.95541,20.54175,19.08554,-17.72056,-35.52212
21960.,39.94689,18.99934,39.95561,20.54201,19.08579,-17.72034,-35.52191
21970.,39.94709,18.9996,39.95581,20.54226,19.08604,-17.72012,-35.52171
21980.,39.94729,18.99985,39.95601,20.54251,19.08629,-17.71991,-35.5215
21990.,39.94749,19.0001,39.95621,20.54277,19.08654,-17.71969,-35.5213
22000.,39.94769,19.00035,39.95641,20.54302,19.0868,-17.71947,-35.52109
22010.,39.94789,19.0006,39.95661,20.54327,19.08705,-17.71926,-35.52089
22020.,39.94808,19.00085,39.95681,20.54353,19.0873,-17.71904,-35.52068
22030.,39.94828,19.0011,39.95701,20.54378,19.08755,-17.71883,-35.52048
22040.,39.94848,19.00135,39.95721,20.54403,19.0878,-17.71861,-35.52028
22050.,39.94868,19.0016,39.9574,20.54428,19.08805,-17.7184,-35.52007
22060.,39.94888,19.00185,39.9576,20.54453,19.0883,-17.71818,-35.51987
22070.,39.94908,19.0021,39.9578,20.54478,19.08855,-17.71797,-35.51967
22080.,39.94927,19.00235,39.958,20.54503,19.08879,-17.71775,-35.51946
22090.,39.94947,19.0026,39.95819,20.54528,19.08904,-17.71754,-35.51926
22100.,39.94967,19.00284,39.95839,20.54553,19.08929,-17.71733,-35.51906
22110.,39.94986,19.00309,39.95859,20.54578,19.08954,-17.71711,-35.51886
22120.,39.95006,19.00334,39.95878,20.54603,19.08979,-17.7169,-35.51865
22130.,39.95026,19.00359,39.95898,20.54628,19.09003,-17.71669,-35.51845
22140.,39.95045,19.00383,39.95917,20.54653,19.09028,-17.71648,-35.51825
22150.,39.95065,19.00408,39.95937,20.54678,19.09053,-17.71626,-35.51805
22160.,39.95084,19.00433,39.95957,20.54703,19.09077,-17.71605,-35.51785
22170.,39.95104,19.00457,39.95976,20.54727,19.09102,-17.71584,-35.51765
22180.,39.95123,19.00482,39.95995,20.54752,19.09126,-17.71563,-35.51745
22190.,39.95143,19.00506,39.96015,20.54777,19.09151,-17.71542,-35.51725
22200.,39.95162,19.00531,39.96034,20.54802,19.09175,-17.71521,-35.51705
22210.,39.95181,19.00555,39.96054,20.54826,19.092,-17.715,-35.51685
22220.,39.95201,19.00579,39.96073,20.54851,19.09224,-17.71479,-35.51665
22230.,39.9522,19.00604,39.96092,20.54875,19.09248,-17.71458,-35.51645
22240.,39.95239,19.00628,39.96112,20.549,19.09273,-17.71437,-35.51625
22250.,39.95259,19.00652,39.96131,20.54924,19.09297,-17.71416,-35.51605
22260.,39.95278,19.00677,39.9615,20.54949,19.09321,-17.71395,-35.51586
22270.,39.95297,19.00701,39.96169,20.54973,19.09346,-17.71374,-35.51566
22280.,39.95317,19.00725,39.96189,20.54998,19.0937,-17.71353,-35.51546
22290.,39.95336,19.00749,39.96208,20.55022,19.09394,-17.71332,-35.51526
22300.,39.95355,19.00773,39.96227,20.55046,19.09418,-17.71312,-35.51507
22310.,39.95374,19.00798,39.96246,20.55071,19.09442,-17.71291,-35.51487
22320.,39.95393,19.00822,39.96265,20.55095,19.09466,-17.7127,-35.51467
22330.,39.95412,19.00846,39.96284,20.55119,19.09491,-17.71249,-35.51448
22340.,39.95431,19.0087,39.96303,20.55143,19.09515,-17.71229,-35.51428
22350.,39.9545,19.00894,39.96322,20.55168,19.09539,-17.71208,-35.51409
22360.,39.95469,19.00918,39.96341,20.55192,19.09563,-17.71187,-35.51389
22370.,39.95488,19.00942,39.9636,20.55216,19.09586,-17.71167,-35.51369
22380.,39.95507,19.00965,39.96379,20.5524,19.0961,-17.71146,-35.5135
22390.,39.95526,19.00989,39.96398,20.55264,19.09634,-17.71126,-35.5133
22400.,39.95545,19.01013,39.96417,20.55288,19.09658,-17.71105,-35.51311
22410.,39.95564,19.01037,39.96436,20.55312,19.09682,-17.71085,-35.51292
22420.,39.95583,19.01061,39.96455,20.55336,19.09706,-17.71064,-35.51272
22430.,39.95602,19.01084,39.96474,20.5536,19.09729,-17.71044,-35.51253
22440.,39.95621,19.01108,39.96493,20.55384,19.09753,-17.71023,-35.51234
22450.,39.95639,19.01132,39.96511,20.55408,19.09777,-17.71003,-35.51214
22460.,39.95658,19.01155,39.9653,20.55431,19.098,-17.70983,-35.51195
22470.,39.95677,19.01179,39.96549,20.55455,19.09824,-17.70962,-35.51176
22480.,39.95696,19.01203,39.96568,20.55479,19.09848,-17.70942,-35.51156
22490.,39.95714,19.01226,39.96586,20.55503,19.09871,-17.70922,-35.51137
22500.,39.95733,19.0125,39.96605,20.55527,19.09895,-17.70902,-35.51118
22510.,39.95752,19.01273,39.96624,20.5555,19.09918,-17.70881,-35.51099
22520.,39.9577,19.01297,39.96642,20.55574,19.09942,-17.70861,-35.5108
22530.,39.95789,19.0132,39.96661,20.55597,19.09965,-17.70841,-35.51061
22540.,39.95807,19.01343,39.96679,20.55621,19.09989,-17.70821,-35.51041
22550.,39.95826,19.01367,39.96698,20.55645,19.10012,-17.70801,-35.51022
22560.,39.95845,19.0139,39.96716,20.55668,19.10035,-17.70781,-35.51003
22570.,39.95863,19.01413,39.96735,20.55692,19.10059,-17.70761,-35.50984
22580.,39.95882,19.01437,39.96753,20.55715,19.10082,-17.7074,-35.50965
22590.,39.959,19.0146,39.96772,20.55738,19.10105,-17.7072,-35.50946
22600.,39.95918,19.01483,39.9679,20.55762,19.10128,-17.707,-35.50927
22610.,39.95937,19.01506,39.96809,20.55785,19.10152,-17.70681,-35.50908
22620.,39.95955,19.0153,39.96827,20.55809,19.10175,-17.70661,-35.5089
22630.,39.95974,19.01553,39.96845,20.55832,19.10198,-17.70641,-35.50871
22640.,39.95992,19.01576,39.96864,20.55855,19.10221,-17.70621,-35.50852
22650.,39.9601,19.01599,39.96882,20.55878,19.10244,-17.70601,-35.50833
22660.,39.96028,19.01622,39.969,20.55902,19.10267,-17.70581,-35.50814
22670.,39.96047,19.01645,39.96918,20.55925,19.1029,-17.70561,-35.50796
22680.,39.96065,19.01668,39.96937,20.55948,19.10313,-17.70542,-35.50777
22690.,39.96083,19.01691,39.96955,20.55971,19.10336,-17.70522,-35.50758
22700.,39.96101,19.01714,39.96973,20.55994,19.10359,-17.70502,-35.50739
22710.,39.9612,19.01736,39.96991,20.56017,19.10382,-17.70482,-35.50721
22720.,39.96138,19.01759,39.97009,20.5604,19.10405,-17.70463,-35.50702
22730.,39.96156,19.01782,39.97027,20.56063,19.10428,-17.70443,-35.50683
22740.,39.96174,19.01805,39.97045,20.56086,19.1045,-17.70423,-35.50665
22750.,39.96192,19.01828,39.97064,20.56109,19.10473,-17.70404,-35.50646
22760.,39.9621,19.0185,39.97082,20.56132,19.10496,-17.70384,-35.50628
22770.,39.96228,19.01873,39.971,20.56155,19.10519,-17.70365,-35.50609
22780.,39.96246,19.01896,39.97118,20.56178,19.10541,-17.70345,-35.50591
22790.,39.96264,19.01918,39.97136,20.56201,19.10564,-17.70326,-35.50572
22800.,39.96282,19.01941,39.97153,20.56223,19.10587,-17.70306,-35.50554
22810.,39.963,19.01964,39.97171,20.56246,19.10609,-17.70287,-35.50535
22820.,39.96318,19.01986,39.97189,20.56269,19.10632,-17.70267,-35.50517
22830.,39.96336,19.02009,39.97207,20.56292,19.10654,-17.70248,-35.50499
22840.,39.96354,19.02031,39.97225,20.56314,19.10677,-17.70229,-35.5048
22850.,39.96371,19.02054,39.97243,20.56337,19.10699,-17.70209,-35.50462
22860.,39.96389,19.02076,39.97261,20.5636,19.10722,-17.7019,-35.50444
22870.,39.96407,19.02098,39.97278,20.56382,19.10744,-17.70171,-35.50425
22880.,39.96425,19.02121,39.97296,20.56405,19.10766,-17.70151,-35.50407
22890.,39.96442,19.02143,39.97314,20.56427,19.10789,-17.70132,-35.50389
22900.,39.9646,19.02165,39.97332,20.5645,19.10811,-17.70113,-35.50371
22910.,39.96478,19.02188,39.97349,20.56472,19.10833,-17.70094,-35.50352
22920.,39.96496,19.0221,39.97367,20.56495,19.10856,-17.70075,-35.50334
22930.,39.96513,19.02232,39.97385,20.56517,19.10878,-17.70055,-35.50316
22940.,39.96531,19.02254,39.97402,20.56539,19.109,-17.70036,-35.50298
22950.,39.96548,19.02277,39.9742,20.56562,19.10922,-17.70017,-35.5028
22960.,39.96566,19.02299,39.97437,20.56584,19.10944,-17.69998,-35.50262
22970.,39.96584,19.02321,39.97455,20.56606,19.10967,-17.69979,-35.50244
22980.,39.96601,19.02343,39.97472,20.56629,19.10989,-17.6996,-35.50226
22990.,39.96619,19.02365,39.9749,20.56651,19.11011,-17.69941,-35.50208
23000.,39.96636,19.02387,39.97507,20.56673,19.11033,-17.69922,-35.5019
23010.,39.96654,19.02409,39.97525,20.56695,19.11055,-17.69903,-35.50172
23020.,39.96671,19.02431,39.97542,20.56717,19.11077,-17.69884,-35.50154
23030.,39.96688,19.02453,39.9756,20.5674,19.11099,-17.69865,-35.50136
23040.,39.96706,19.02475,39.97577,20.56762,19.11121,-17.69847,-35.50118
23050.,39.96723,19.02497,39.97594,20.56784,19.11142,-17.69828,-35.501
23060.,39.96741,19.02519,39.97612,20.56806,19.11164,-17.69809,-35.50082
23070.,39.96758,19.0254,39.97629,20.56828,19.11186,-17.6979,-35.50065
23080.,39.96775,19.02562,39.97646,20.5685,19.11208,-17.69771,-35.50047
23090.,39.96792,19.02584,39.97664,20.56872,19.1123,-17.69753,-35.50029
23100.,39.9681,19.02606,39.97681,20.56893,19.11252,-17.69734,-35.50011
23110.,39.96827,19.02627,39.97698,20.56915,19.11273,-17.69715,-35.49994
23120.,39.96844,19.02649,39.97715,20.56937,19.11295,-17.69697,-35.49976
23130.,39.96861,19.02671,39.97732,20.56959,19.11317,-17.69678,-35.49958
23140.,39.96878,19.02692,39.9775,20.56981,19.11338,-17.69659,-35.49941
23150.,39.96896,19.02714,39.97767,20.57003,19.1136,-17.69641,-35.49923
23160.,39.96913,19.02735,39.97784,20.57024,19.11381,-17.69622,-35.49905
23170.,39.9693,19.02757,39.97801,20.57046,19.11403,-17.69604,-35.49888
23180.,39.96947,19.02778,39.97818,20.57068,19.11424,-17.69585,-35.4987
23190.,39.96964,19.028,39.97835,20.57089,19.11446,-17.69567,-35.49853
23200.,39.96981,19.02821,39.97852,20.57111,19.11467,-17.69548,-35.49835
23210.,39.96998,19.02843,39.97869,20.57133,19.11489,-17.6953,-35.49818
23220.,39.97015,19.02864,39.97886,20.57154,19.1151,-17.69511,-35.498
23230.,39.97032,19.02886,39.97903,20.57176,19.11532,-17.69493,-35.49783
23240.,39.97049,19.02907,39.9792,20.57197,19.11553,-17.69475,-35.49765
23250.,39.97066,19.02928,39.97937,20.57219,19.11574,-17.69456,-35.49748
23260.,39.97083,19.02949,39.97954,20.5724,19.11596,-17.69438,-35.49731
23270.,39.971,19.02971,39.97971,20.57262,19.11617,-17.6942,-35.49713
23280.,39.97116,19.02992,39.97987,20.57283,19.11638,-17.69401,-35.49696
23290.,39.97133,19.03013,39.98004,20.57304,19.11659,-17.69383,-35.49679
23300.,39.9715,19.03034,39.98021,20.57326,19.1168,-17.69365,-35.49661
23310.,39.97167,19.03055,39.98038,20.57347,19.11702,-17.69347,-35.49644
23320.,39.97184,19.03077,39.98055,20.57368,19.11723,-17.69328,-35.49627
23330.,39.972,19.03098,39.98071,20.5739,19.11744,-17.6931,-35.4961
23340.,39.97217,19.03119,39.98088,20.57411,19.11765,-17.69292,-35.49593
23350.,39.97234,19.0314,39.98105,20.57432,19.11786,-17.69274,-35.49575
23360.,39.97251,19.03161,39.98121,20.57453,19.11807,-17.69256,-35.49558
23370.,39.97267,19.03182,39.98138,20.57474,19.11828,-17.69238,-35.49541
23380.,39.97284,19.03203,39.98155,20.57495,19.11849,-17.6922,-35.49524
23390.,39.973,19.03224,39.98171,20.57517,19.1187,-17.69202,-35.49507
23400.,39.97317,19.03245,39.98188,20.57538,19.11891,-17.69184,-35.4949
23410.,39.97334,19.03265,39.98204,20.57559,19.11912,-17.69166,-35.49473
23420.,39.9735,19.03286,39.98221,20.5758,19.11932,-17.69148,-35.49456
23430.,39.97367,19.03307,39.98237,20.57601,19.11953,-17.6913,-35.49439
23440.,39.97383,19.03328,39.98254,20.57622,19.11974,-17.69112,-35.49422
23450.,39.974,19.03349,39.9827,20.57642,19.11995,-17.69094,-35.49405
23460.,39.97416,19.03369,39.98287,20.57663,19.12016,-17.69076,-35.49388
23470.,39.97433,19.0339,39.98303,20.57684,19.12036,-17.69059,-35.49371
23480.,39.97449,19.03411,39.9832,20.57705,19.12057,-17.69041,-35.49354
23490.,39.97465,19.03431,39.98336,20.57726,19.12078,-17.69023,-35.49337
23500.,39.97482,19.03452,39.98352,20.57747,19.12098,-17.69005,-35.49321
23510.,39.97498,19.03473,39.98369,20.57767,19.12119,-17.68987,-35.49304
23520.,39.97514,19.03493,39.98385,20.57788,19.12139,-17.6897,-35.49287
23530.,39.97531,19.03514,39.98401,20.57809,19.1216,-17.68952,-35.4927
23540.,39.97547,19.03534,39.98418,20.5783,19.12181,-17.68934,-35.49253
23550.,39.97563,19.03555,39.98434,20.5785,19.12201,-17.68917,-35.49237
23560.,39.9758,19.03575,39.9845,20.57871,19.12222,-17.68899,-35.4922
23570.,39.97596,19.03596,39.98466,20.57891,19.12242,-17.68882,-35.49203
23580.,39.97612,19.03616,39.98482,20.57912,19.12262,-17.68864,-35.49187
23590.,39.97628,19.03636,39.98499,20.57933,19.12283,-17.68846,-35.4917
23600.,39.97644,19.03657,39.98515,20.57953,19.12303,-17.68829,-35.49154
23610.,39.9766,19.03677,39.98531,20.57974,19.12323,-17.68811,-35.49137
23620.,39.97677,19.03697,39.98547,20.57994,19.12344,-17.68794,-35.4912
23630.,39.97693,19.03718,39.98563,20.58014,19.12364,-17.68776,-35.49104
23640.,39.97709,19.03738,39.98579,20.58035,19.12384,-17.68759,-35.49087
23650.,39.97725,19.03758,39.98595,20.58055,19.12405,-17.68742,-35.49071
23660.,39.97741,19.03778,39.98611,20.58076,19.12425,-17.68724,-35.49054
23670.,39.97757,19.03798,39.98627,20.58096,19.12445,-17.68707,-35.49038
23680.,39.97773,19.03818,39.98643,20.58116,19.12465,-17.6869,-35.49021
23690.,39.97789,19.03839,39.98659,20.58137,19.12485,-17.68672,-35.49005
23700.,39.97805,19.03859,39.98675,20.58157,19.12505,-17.68655,-35.48989
23710.,39.97821,19.03879,39.98691,20.58177,19.12525,-17.68638,-35.48972
23720.,39.97837,19.03899,39.98707,20.58197,19.12545,-17.6862,-35.48956
23730.,39.97852,19.03919,39.98723,20.58217,19.12565,-17.68603,-35.4894
23740.,39.97868,19.03939,39.98739,20.58237,19.12585,-17.68586,-35.48923
23750.,39.97884,19.03959,39.98754,20.58258,19.12605,-17.68569,-35.48907
23760.,39.979,19.03979,39.9877,20.58278,19.12625,-17.68552,-35.48891
23770.,39.97916,19.03999,39.98786,20.58298,19.12645,-17.68535,-35.48874
23780.,39.97932,19.04018,39.98802,20.58318,19.12665,-17.68517,-35.48858
23790.,39.97947,19.04038,39.98818,20.58338,19.12685,-17.685,-35.48842
23800.,39.97963,19.04058,39.98833,20.58358,19.12705,-17.68483,-35.48826
23810.,39.97979,19.04078,39.98849,20.58378,19.12725,-17.68466,-35.4881
23820.,39.97994,19.04098,39.98865,20.58398,19.12744,-17.68449,-35.48794
23830.,39.9801,19.04117,39.9888,20.58418,19.12764,-17.68432,-35.48777
23840.,39.98026,19.04137,39.98896,20.58437,19.12784,-17.68415,-35.48761
23850.,39.98041,19.04157,39.98912,20.58457,19.12804,-17.68398,-35.48745
23860.,39.98057,19.04176,39.98927,20.58477,19.12823,-17.68381,-35.48729
23870.,39.98073,19.04196,39.98943,20.58497,19.12843,-17.68364,-35.48713
23880.,39.98088,19.04216,39.98958,20.58517,19.12863,-17.68347,-35.48697
23890.,39.98104,19.04235,39.98974,20.58536,19.12882,-17.68331,-35.48681
23900.,39.98119,19.04255,39.9899,20.58556,19.12902,-17.68314,-35.48665
23910.,39.98135,19.04274,39.99005,20.58576,19.12921,-17.68297,-35.48649
23920.,39.9815,19.04294,39.9902,20.58596,19.12941,-17.6828,-35.48633
23930.,39.98166,19.04313,39.99036,20.58615,19.1296,-17.68263,-35.48617
23940.,39.98181,19.04333,39.99051,20.58635,19.1298,-17.68247,-35.48602
23950.,39.98197,19.04352,39.99067,20.58654,19.12999,-17.6823,-35.48586
23960.,39.98212,19.04372,39.99082,20.58674,19.13019,-17.68213,-35.4857
23970.,39.98228,19.04391,39.99098,20.58694,19.13038,-17.68196,-35.48554
23980.,39.98243,19.0441,39.99113,20.58713,19.13057,-17.6818,-35.48538
23990.,39.98258,19.0443,39.99128,20.58733,19.13077,-17.68163,-35.48522
24000.,39.98274,19.04449,39.99144,20.58752,19.13096,-17.68147,-35.48507
24010.,39.98289,19.04468,39.99159,20.58771,19.13115,-17.6813,-35.48491
24020.,39.98304,19.04488,39.99174,20.58791,19.13135,-17.68113,-35.48475
24030.,39.98319,19.04507,39.99189,20.5881,19.13154,-17.68097,-35.4846
24040.,39.98335,19.04526,39.99205,20.5883,19.13173,-17.6808,-35.48444
24050.,39.9835,19.04545,39.9922,20.58849,19.13192,-17.68064,-35.48428
24060.,39.98365,19.04564,39.99235,20.58868,19.13211,-17.68047,-35.48413
24070.,39.9838,19.04584,39.9925,20.58888,19.13231,-17.68031,-35.48397
24080.,39.98396,19.04603,39.99265,20.58907,19.1325,-17.68014,-35.48381
24090.,39.98411,19.04622,39.99281,20.58926,19.13269,-17.67998,-35.48366
24100.,39.98426,19.04641,39.99296,20.58945,19.13288,-17.67981,-35.4835
24110.,39.98441,19.0466,39.99311,20.58964,19.13307,-17.67965,-35.48335
24120.,39.98456,19.04679,39.99326,20.58984,19.13326,-17.67949,-35.48319
24130.,39.98471,19.04698,39.99341,20.59003,19.13345,-17.67932,-35.48304
24140.,39.98486,19.04717,39.99356,20.59022,19.13364,-17.67916,-35.48288
24150.,39.98501,19.04736,39.99371,20.59041,19.13383,-17.679,-35.48273
24160.,39.98516,19.04755,39.99386,20.5906,19.13402,-17.67883,-35.48257
24170.,39.98531,19.04773,39.99401,20.59079,19.13421,-17.67867,-35.48242
24180.,39.98546,19.04792,39.99416,20.59098,19.1344,-17.67851,-35.48227
24190.,39.98561,19.04811,39.99431,20.59117,19.13458,-17.67835,-35.48211
24200.,39.98576,19.0483,39.99446,20.59136,19.13477,-17.67819,-35.48196
24210.,39.98591,19.04849,39.99461,20.59155,19.13496,-17.67802,-35.48181
24220.,39.98606,19.04868,39.99476,20.59174,19.13515,-17.67786,-35.48165
24230.,39.98621,19.04886,39.99491,20.59193,19.13533,-17.6777,-35.4815
24240.,39.98636,19.04905,39.99505,20.59212,19.13552,-17.67754,-35.48135
24250.,39.9865,19.04924,39.9952,20.5923,19.13571,-17.67738,-35.48119
24260.,39.98665,19.04942,39.99535,20.59249,19.1359,-17.67722,-35.48104
24270.,39.9868,19.04961,39.9955,20.59268,19.13608,-17.67706,-35.48089
24280.,39.98695,19.0498,39.99565,20.59287,19.13627,-17.6769,-35.48074
24290.,39.9871,19.04998,39.99579,20.59306,19.13645,-17.67674,-35.48059
24300.,39.98724,19.05017,39.99594,20.59324,19.13664,-17.67658,-35.48043
24310.,39.98739,19.05035,39.99609,20.59343,19.13683,-17.67642,-35.48028
24320.,39.98754,19.05054,39.99623,20.59362,19.13701,-17.67626,-35.48013
24330.,39.98768,19.05072,39.99638,20.5938,19.1372,-17.6761,-35.47998
24340.,39.98783,19.05091,39.99653,20.59399,19.13738,-17.67594,-35.47983
24350.,39.98798,19.05109,39.99667,20.59417,19.13756,-17.67578,-35.47968
24360.,39.98812,19.05128,39.99682,20.59436,19.13775,-17.67562,-35.47953
24370.,39.98827,19.05146,39.99697,20.59455,19.13793,-17.67546,-35.47938
24380.,39.98842,19.05164,39.99711,20.59473,19.13812,-17.67531,-35.47923
24390.,39.98856,19.05183,39.99726,20.59492,19.1383,-17.67515,-35.47908
24400.,39.98871,19.05201,39.9974,20.5951,19.13848,-17.67499,-35.47893
24410.,39.98885,19.05219,39.99755,20.59528,19.13867,-17.67483,-35.47878
24420.,39.989,19.05238,39.99769,20.59547,19.13885,-17.67468,-35.47863
24430.,39.98914,19.05256,39.99784,20.59565,19.13903,-17.67452,-35.47848
24440.,39.98929,19.05274,39.99798,20.59584,19.13921,-17.67436,-35.47833
24450.,39.98943,19.05292,39.99813,20.59602,19.1394,-17.67421,-35.47819
24460.,39.98958,19.0531,39.99827,20.5962,19.13958,-17.67405,-35.47804
24470.,39.98972,19.05329,39.99842,20.59639,19.13976,-17.67389,-35.47789
24480.,39.98986,19.05347,39.99856,20.59657,19.13994,-17.67374,-35.47774
24490.,39.99001,19.05365,39.9987,20.59675,19.14012,-17.67358,-35.47759
24500.,39.99015,19.05383,39.99885,20.59693,19.1403,-17.67342,-35.47745
24510.,39.99029,19.05401,39.99899,20.59712,19.14048,-17.67327,-35.4773
24520.,39.99044,19.05419,39.99913,20.5973,19.14066,-17.67311,-35.47715
24530.,39.99058,19.05437,39.99928,20.59748,19.14084,-17.67296,-35.47701
24540.,39.99072,19.05455,39.99942,20.59766,19.14102,-17.6728,-35.47686
24550.,39.99087,19.05473,39.99956,20.59784,19.1412,-17.67265,-35.47671
24560.,39.99101,19.05491,39.9997,20.59802,19.14138,-17.6725,-35.47657
24570.,39.99115,19.05509,39.99985,20.5982,19.14156,-17.67234,-35.47642
24580.,39.99129,19.05527,39.99999,20.59838,19.14174,-17.67219,-35.47627
24590.,39.99143,19.05544,40.00013,20.59856,19.14192,-17.67203,-35.47613
24600.,39.99158,19.05562,40.00027,20.59874,19.1421,-17.67188,-35.47598
24610.,39.99172,19.0558,40.00041,20.59892,19.14228,-17.67173,-35.47584
24620.,39.99186,19.05598,40.00055,20.5991,19.14246,-17.67157,-35.47569
24630.,39.992,19.05616,40.00069,20.59928,19.14263,-17.67142,-35.47555
24640.,39.99214,19.05633,40.00083,20.59946,19.14281,-17.67127,-35.4754
24650.,39.99228,19.05651,40.00098,20.59964,19.14299,-17.67111,-35.47526
24660.,39.99242,19.05669,40.00112,20.59982,19.14317,-17.67096,-35.47511
24670.,39.99256,19.05687,40.00126,20.6,19.14334,-17.67081,-35.47497
24680.,39.9927,19.05704,40.0014,20.60017,19.14352,-17.67066,-35.47482
24690.,39.99284,19.05722,40.00154,20.60035,19.1437,-17.67051,-35.47468
24700.,39.99298,19.05739,40.00168,20.60053,19.14387,-17.67035,-35.47454
24710.,39.99312,19.05757,40.00182,20.60071,19.14405,-17.6702,-35.47439
24720.,39.99326,19.05775,40.00196,20.60088,19.14422,-17.67005,-35.47425
24730.,39.9934,19.05792,40.00209,20.60106,19.1444,-17.6699,-35.47411
24740.,39.99354,19.0581,40.00223,20.60124,19.14457,-17.66975,-35.47396
24750.,39.99368,19.05827,40.00237,20.60141,19.14475,-17.6696,-35.47382
24760.,39.99382,19.05845,40.00251,20.60159,19.14492,-17.66945,-35.47368
24770.,39.99396,19.05862,40.00265,20.60177,19.1451,-17.6693,-35.47353
24780.,39.9941,19.0588,40.00279,20.60194,19.14527,-17.66915,-35.47339
24790.,39.99423,19.05897,40.00293,20.60212,19.14545,-17.669,-35.47325
24800.,39.99437,19.05914,40.00306,20.60229,19.14562,-17.66885,-35.47311
24810.,39.99451,19.05932,40.0032,20.60247,19.14579,-17.6687,-35.47297
24820.,39.99465,19.05949,40.00334,20.60264,19.14597,-17.66855,-35.47283
24830.,39.99478,19.05966,40.00348,20.60282,19.14614,-17.6684,-35.47268
24840.,39.99492,19.05984,40.00361,20.60299,19.14631,-17.66825,-35.47254
24850.,39.99506,19.06001,40.00375,20.60316,19.14649,-17.6681,-35.4724
24860.,39.9952,19.06018,40.00389,20.60334,19.14666,-17.66795,-35.47226
24870.,39.99533,19.06035,40.00402,20.60351,19.14683,-17.66781,-35.47212
24880.,39.99547,19.06053,40.00416,20.60368,19.147,-17.66766,-35.47198
24890.,39.99561,19.0607,40.0043,20.60386,19.14718,-17.66751,-35.47184
24900.,39.99574,19.06087,40.00443,20.60403,19.14735,-17.66736,-35.4717
24910.,39.99588,19.06104,40.00457,20.6042,19.14752,-17.66722,-35.47156
24920.,39.99601,19.06121,40.0047,20.60438,19.14769,-17.66707,-35.47142
24930.,39.99615,19.06138,40.00484,20.60455,19.14786,-17.66692,-35.47128
24940.,39.99628,19.06155,40.00498,20.60472,19.14803,-17.66677,-35.47114
24950.,39.99642,19.06172,40.00511,20.60489,19.1482,-17.66663,-35.471
24960.,39.99656,19.06189,40.00525,20.60506,19.14837,-17.66648,-35.47086
24970.,39.99669,19.06206,40.00538,20.60524,19.14854,-17.66633,-35.47073
24980.,39.99683,19.06223,40.00552,20.60541,19.14871,-17.66619,-35.47059
24990.,39.99696,19.0624,40.00565,20.60558,19.14888,-17.66604,-35.47045
25000.,39.99709,19.06257,40.00578,20.60575,19.14905,-17.6659,-35.47031
25010.,39.99723,19.06274,40.00592,20.60592,19.14922,-17.66575,-35.47017
25020.,39.99736,19.06291,40.00605,20.60609,19.14939,-17.66561,-35.47003
25030.,39.9975,19.06308,40.00619,20.60626,19.14956,-17.66546,-35.4699
25040.,39.99763,19.06325,40.00632,20.60643,19.14973,-17.66532,-35.46976
25050.,39.99776,19.06341,40.00645,20.6066,19.1499,-17.66517,-35.46962
25060.,39.9979,19.06358,40.00659,20.60677,19.15006,-17.66503,-35.46949
25070.,39.99803,19.06375,40.00672,20.60694,19.15023,-17.66488,-35.46935
25080.,39.99816,19.06392,40.00685,20.60711,19.1504,-17.66474,-35.46921
25090.,39.9983,19.06409,40.00699,20.60727,19.15057,-17.66459,-35.46908
25100.,39.99843,19.06425,40.00712,20.60744,19.15073,-17.66445,-35.46894
25110.,39.99856,19.06442,40.00725,20.60761,19.1509,-17.66431,-35.4688
25120.,39.99869,19.06459,40.00738,20.60778,19.15107,-17.66416,-35.46867
25130.,39.99883,19.06475,40.00751,20.60795,19.15123,-17.66402,-35.46853
25140.,39.99896,19.06492,40.00765,20.60811,19.1514,-17.66388,-35.4684
25150.,39.99909,19.06508,40.00778,20.60828,19.15157,-17.66373,-35.46826
25160.,39.99922,19.06525,40.00791,20.60845,19.15173,-17.66359,-35.46812
25170.,39.99935,19.06542,40.00804,20.60862,19.1519,-17.66345,-35.46799
25180.,39.99948,19.06558,40.00817,20.60878,19.15206,-17.6633,-35.46785
25190.,39.99962,19.06575,40.0083,20.60895,19.15223,-17.66316,-35.46772
25200.,39.99975,19.06591,40.00843,20.60911,19.15239,-17.66302,-35.46759
25210.,39.99988,19.06608,40.00857,20.60928,19.15256,-17.66288,-35.46745
25220.,40.00001,19.06624,40.0087,20.60945,19.15272,-17.66274,-35.46732
25230.,40.00014,19.0664,40.00883,20.60961,19.15289,-17.6626,-35.46718
25240.,40.00027,19.06657,40.00896,20.60978,19.15305,-17.66245,-35.46705
25250.,40.0004,19.06673,40.00909,20.60994,19.15321,-17.66231,-35.46691
25260.,40.00053,19.0669,40.00922,20.61011,19.15338,-17.66217,-35.46678
25270.,40.00066,19.06706,40.00935,20.61027,19.15354,-17.66203,-35.46665
25280.,40.00079,19.06722,40.00948,20.61044,19.15371,-17.66189,-35.46651
25290.,40.00092,19.06739,40.0096,20.6106,19.15387,-17.66175,-35.46638
25300.,40.00105,19.06755,40.00973,20.61076,19.15403,-17.66161,-35.46625
25310.,40.00118,19.06771,40.00986,20.61093,19.15419,-17.66147,-35.46612
25320.,40.0013,19.06787,40.00999,20.61109,19.15436,-17.66133,-35.46598
25330.,40.00143,19.06803,40.01012,20.61126,19.15452,-17.66119,-35.46585
25340.,40.00156,19.0682,40.01025,20.61142,19.15468,-17.66105,-35.46572
25350.,40.00169,19.06836,40.01038,20.61158,19.15484,-17.66091,-35.46559
25360.,40.00182,19.06852,40.0105,20.61174,19.155,-17.66077,-35.46546
25370.,40.00195,19.06868,40.01063,20.61191,19.15516,-17.66064,-35.46532
25380.,40.00207,19.06884,40.01076,20.61207,19.15533,-17.6605,-35.46519
25390.,40.0022,19.069,40.01089,20.61223,19.15549,-17.66036,-35.46506
25400.,40.00233,19.06916,40.01102,20.61239,19.15565,-17.66022,-35.46493
25410.,40.00246,19.06932,40.01114,20.61256,19.15581,-17.66008,-35.4648
25420.,40.00258,19.06948,40.01127,20.61272,19.15597,-17.65994,-35.46467
25430.,40.00271,19.06964,40.0114,20.61288,19.15613,-17.65981,-35.46454
25440.,40.00284,19.0698,40.01152,20.61304,19.15629,-17.65967,-35.46441
25450.,40.00296,19.06996,40.01165,20.6132,19.15645,-17.65953,-35.46428
25460.,40.00309,19.07012,40.01178,20.61336,19.15661,-17.65939,-35.46415
25470.,40.00322,19.07028,40.0119,20.61352,19.15677,-17.65926,-35.46402
25480.,40.00334,19.07044,40.01203,20.61368,19.15693,-17.65912,-35.46389
25490.,40.00347,19.0706,40.01216,20.61384,19.15708,-17.65898,-35.46376
25500.,40.0036,19.07076,40.01228,20.614,19.15724,-17.65885,-35.46363
25510.,40.00372,19.07092,40.01241,20.61416,19.1574,-17.65871,-35.4635
25520.,40.00385,19.07107,40.01253,20.61432,19.15756,-17.65857,-35.46337
25530.,40.00397,19.07123,40.01266,20.61448,19.15772,-17.65844,-35.46324
25540.,40.0041,19.07139,40.01278,20.61464,19.15788,-17.6583,-35.46311
25550.,40.00422,19.07155,40.01291,20.6148,19.15803,-17.65817,-35.46298
25560.,40.00435,19.0717,40.01303,20.61496,19.15819,-17.65803,-35.46286
25570.,40.00447,19.07186,40.01316,20.61511,19.15835,-17.6579,-35.46273
25580.,40.0046,19.07202,40.01328,20.61527,19.1585,-17.65776,-35.4626
25590.,40.00472,19.07218,40.01341,20.61543,19.15866,-17.65763,-35.46247
25600.,40.00485,19.07233,40.01353,20.61559,19.15882,-17.65749,-35.46234
25610.,40.00497,19.07249,40.01365,20.61575,19.15897,-17.65736,-35.46222
25620.,40.00509,19.07264,40.01378,20.6159,19.15913,-17.65722,-35.46209
25630.,40.00522,19.0728,40.0139,20.61606,19.15929,-17.65709,-35.46196
25640.,40.00534,19.07296,40.01403,20.61622,19.15944,-17.65695,-35.46184
25650.,40.00546,19.07311,40.01415,20.61637,19.1596,-17.65682,-35.46171
25660.,40.00559,19.07327,40.01427,20.61653,19.15975,-17.65669,-35.46158
25670.,40.00571,19.07342,40.01439,20.61669,19.15991,-17.65655,-35.46146
25680.,40.00583,19.07358,40.01452,20.61684,19.16006,-17.65642,-35.46133
25690.,40.00596,19.07373,40.01464,20.617,19.16022,-17.65629,-35.4612
25700.,40.00608,19.07389,40.01476,20.61715,19.16037,-17.65615,-35.46108
25710.,40.0062,19.07404,40.01489,20.61731,19.16053,-17.65602,-35.46095
25720.,40.00632,19.07419,40.01501,20.61746,19.16068,-17.65589,-35.46083
25730.,40.00645,19.07435,40.01513,20.61762,19.16083,-17.65576,-35.4607
25740.,40.00657,19.0745,40.01525,20.61777,19.16099,-17.65562,-35.46057
25750.,40.00669,19.07465,40.01537,20.61793,19.16114,-17.65549,-35.46045
25760.,40.00681,19.07481,40.01549,20.61808,19.16129,-17.65536,-35.46032
25770.,40.00693,19.07496,40.01562,20.61824,19.16145,-17.65523,-35.4602
25780.,40.00705,19.07511,40.01574,20.61839,19.1616,-17.6551,-35.46007
25790.,40.00718,19.07527,40.01586,20.61855,19.16175,-17.65497,-35.45995
25800.,40.0073,19.07542,40.01598,20.6187,19.16191,-17.65483,-35.45983
25810.,40.00742,19.07557,40.0161,20.61885,19.16206,-17.6547,-35.4597
25820.,40.00754,19.07572,40.01622,20.61901,19.16221,-17.65457,-35.45958
25830.,40.00766,19.07587,40.01634,20.61916,19.16236,-17.65444,-35.45945
25840.,40.00778,19.07603,40.01646,20.61931,19.16251,-17.65431,-35.45933
25850.,40.0079,19.07618,40.01658,20.61946,19.16266,-17.65418,-35.45921
25860.,40.00802,19.07633,40.0167,20.61962,19.16282,-17.65405,-35.45908
25870.,40.00814,19.07648,40.01682,20.61977,19.16297,-17.65392,-35.45896
25880.,40.00826,19.07663,40.01694,20.61992,19.16312,-17.65379,-35.45884
25890.,40.00838,19.07678,40.01706,20.62007,19.16327,-17.65366,-35.45871
25900.,40.0085,19.07693,40.01718,20.62022,19.16342,-17.65353,-35.45859
25910.,40.00862,19.07708,40.0173,20.62038,19.16357,-17.6534,-35.45847
25920.,40.00874,19.07723,40.01742,20.62053,19.16372,-17.65327,-35.45835
25930.,40.00886,19.07738,40.01754,20.62068,19.16387,-17.65314,-35.45822
25940.,40.00897,19.07753,40.01766,20.62083,19.16402,-17.65302,-35.4581
25950.,40.00909,19.07768,40.01777,20.62098,19.16417,-17.65289,-35.45798
25960.,40.00921,19.07783,40.01789,20.62113,19.16432,-17.65276,-35.45786
25970.,40.00933,19.07798,40.01801,20.62128,19.16447,-17.65263,-35.45774
25980.,40.00945,19.07813,40.01813,20.62143,19.16462,-17.6525,-35.45762
25990.,40.00957,19.07828,40.01825,20.62158,19.16476,-17.65237,-35.45749
26000.,40.00968,19.07842,40.01836,20.62173,19.16491,-17.65225,-35.45737
26010.,40.0098,19.07857,40.01848,20.62188,19.16506,-17.65212,-35.45725
26020.,40.00992,19.07872,40.0186,20.62203,19.16521,-17.65199,-35.45713
26030.,40.01004,19.07887,40.01872,20.62218,19.16536,-17.65186,-35.45701
26040.,40.01015,19.07902,40.01883,20.62233,19.16551,-17.65174,-35.45689
26050.,40.01027,19.07916,40.01895,20.62247,19.16565,-17.65161,-35.45677
26060.,40.01039,19.07931,40.01907,20.62262,19.1658,-17.65148,-35.45665
26070.,40.0105,19.07946,40.01919,20.62277,19.16595,-17.65136,-35.45653
26080.,40.01062,19.0796,40.0193,20.62292,19.16609,-17.65123,-35.45641
26090.,40.01074,19.07975,40.01942,20.62307,19.16624,-17.6511,-35.45629
26100.,40.01085,19.0799,40.01953,20.62321,19.16639,-17.65098,-35.45617
26110.,40.01097,19.08004,40.01965,20.62336,19.16653,-17.65085,-35.45605
26120.,40.01109,19.08019,40.01977,20.62351,19.16668,-17.65072,-35.45593
26130.,40.0112,19.08034,40.01988,20.62366,19.16683,-17.6506,-35.45581
26140.,40.01132,19.08048,40.02,20.6238,19.16697,-17.65047,-35.45569
26150.,40.01143,19.08063,40.02011,20.62395,19.16712,-17.65035,-35.45557
26160.,40.01155,19.08077,40.02023,20.6241,19.16726,-17.65022,-35.45546
26170.,40.01166,19.08092,40.02034,20.62424,19.16741,-17.6501,-35.45534
26180.,40.01178,19.08106,40.02046,20.62439,19.16755,-17.64997,-35.45522
26190.,40.01189,19.08121,40.02057,20.62454,19.1677,-17.64985,-35.4551
26200.,40.01201,19.08135,40.02069,20.62468,19.16784,-17.64972,-35.45498
26210.,40.01212,19.0815,40.0208,20.62483,19.16799,-17.6496,-35.45487
26220.,40.01224,19.08164,40.02092,20.62497,19.16813,-17.64948,-35.45475
26230.,40.01235,19.08178,40.02103,20.62512,19.16828,-17.64935,-35.45463
26240.,40.01247,19.08193,40.02115,20.62526,19.16842,-17.64923,-35.45451
26250.,40.01258,19.08207,40.02126,20.62541,19.16856,-17.6491,-35.4544
26260.,40.01269,19.08222,40.02137,20.62555,19.16871,-17.64898,-35.45428
26270.,40.01281,19.08236,40.02149,20.6257,19.16885,-17.64886,-35.45416
26280.,40.01292,19.0825,40.0216,20.62584,19.16899,-17.64873,-35.45404
26290.,40.01304,19.08264,40.02171,20.62598,19.16914,-17.64861,-35.45393
26300.,40.01315,19.08279,40.02183,20.62613,19.16928,-17.64849,-35.45381
26310.,40.01326,19.08293,40.02194,20.62627,19.16942,-17.64837,-35.4537
26320.,40.01338,19.08307,40.02205,20.62642,19.16956,-17.64824,-35.45358
26330.,40.01349,19.08321,40.02217,20.62656,19.16971,-17.64812,-35.45346
26340.,40.0136,19.08336,40.02228,20.6267,19.16985,-17.648,-35.45335
26350.,40.01371,19.0835,40.02239,20.62684,19.16999,-17.64788,-35.45323
26360.,40.01383,19.08364,40.0225,20.62699,19.17013,-17.64775,-35.45312
26370.,40.01394,19.08378,40.02262,20.62713,19.17027,-17.64763,-35.453
26380.,40.01405,19.08392,40.02273,20.62727,19.17041,-17.64751,-35.45289
26390.,40.01416,19.08406,40.02284,20.62741,19.17056,-17.64739,-35.45277
26400.,40.01427,19.0842,40.02295,20.62756,19.1707,-17.64727,-35.45266
26410.,40.01439,19.08434,40.02306,20.6277,19.17084,-17.64715,-35.45254
26420.,40.0145,19.08448,40.02318,20.62784,19.17098,-17.64703,-35.45243
26430.,40.01461,19.08463,40.02329,20.62798,19.17112,-17.64691,-35.45231
26440.,40.01472,19.08477,40.0234,20.62812,19.17126,-17.64679,-35.4522
26450.,40.01483,19.08491,40.02351,20.62826,19.1714,-17.64666,-35.45208
26460.,40.01494,19.08504,40.02362,20.6284,19.17154,-17.64654,-35.45197
26470.,40.01505,19.08518,40.02373,20.62854,19.17168,-17.64642,-35.45186
26480.,40.01516,19.08532,40.02384,20.62869,19.17182,-17.6463,-35.45174
26490.,40.01527,19.08546,40.02395,20.62883,19.17196,-17.64618,-35.45163
26500.,40.01538,19.0856,40.02406,20.62897,19.1721,-17.64606,-35.45151
26510.,40.01549,19.08574,40.02417,20.62911,19.17223,-17.64595,-35.4514
26520.,40.0156,19.08588,40.02428,20.62925,19.17237,-17.64583,-35.45129
26530.,40.01571,19.08602,40.02439,20.62938,19.17251,-17.64571,-35.45118
26540.,40.01582,19.08616,40.0245,20.62952,19.17265,-17.64559,-35.45106
26550.,40.01593,19.08629,40.02461,20.62966,19.17279,-17.64547,-35.45095
26560.,40.01604,19.08643,40.02472,20.6298,19.17293,-17.64535,-35.45084
26570.,40.01615,19.08657,40.02483,20.62994,19.17306,-17.64523,-35.45072
26580.,40.01626,19.08671,40.02494,20.63008,19.1732,-17.64511,-35.45061
26590.,40.01637,19.08684,40.02505,20.63022,19.17334,-17.64499,-35.4505
26600.,40.01648,19.08698,40.02516,20.63036,19.17348,-17.64488,-35.45039
26610.,40.01659,19.08712,40.02527,20.63049,19.17361,-17.64476,-35.45028
26620.,40.0167,19.08726,40.02537,20.63063,19.17375,-17.64464,-35.45016
26630.,40.01681,19.08739,40.02548,20.63077,19.17389,-17.64452,-35.45005
26640.,40.01691,19.08753,40.02559,20.63091,19.17402,-17.64441,-35.44994
26650.,40.01702,19.08766,40.0257,20.63105,19.17416,-17.64429,-35.44983
26660.,40.01713,19.0878,40.02581,20.63118,19.1743,-17.64417,-35.44972
26670.,40.01724,19.08794,40.02591,20.63132,19.17443,-17.64405,-35.44961
26680.,40.01735,19.08807,40.02602,20.63146,19.17457,-17.64394,-35.4495
26690.,40.01745,19.08821,40.02613,20.63159,19.1747,-17.64382,-35.44939
26700.,40.01756,19.08834,40.02624,20.63173,19.17484,-17.6437,-35.44928
26710.,40.01767,19.08848,40.02634,20.63187,19.17497,-17.64359,-35.44917
26720.,40.01778,19.08861,40.02645,20.632,19.17511,-17.64347,-35.44906
26730.,40.01788,19.08875,40.02656,20.63214,19.17524,-17.64336,-35.44895
26740.,40.01799,19.08888,40.02667,20.63227,19.17538,-17.64324,-35.44884
26750.,40.0181,19.08902,40.02677,20.63241,19.17551,-17.64312,-35.44873
26760.,40.0182,19.08915,40.02688,20.63254,19.17565,-17.64301,-35.44862
26770.,40.01831,19.08929,40.02699,20.63268,19.17578,-17.64289,-35.44851
26780.,40.01842,19.08942,40.02709,20.63281,19.17592,-17.64278,-35.4484
26790.,40.01852,19.08955,40.0272,20.63295,19.17605,-17.64266,-35.44829
26800.,40.01863,19.08969,40.0273,20.63308,19.17618,-17.64255,-35.44818
26810.,40.01874,19.08982,40.02741,20.63322,19.17632,-17.64243,-35.44807
26820.,40.01884,19.08995,40.02752,20.63335,19.17645,-17.64232,-35.44796
26830.,40.01895,19.09009,40.02762,20.63349,19.17658,-17.6422,-35.44785
26840.,40.01905,19.09022,40.02773,20.63362,19.17672,-17.64209,-35.44775
26850.,40.01916,19.09035,40.02783,20.63376,19.17685,-17.64197,-35.44764
26860.,40.01926,19.09049,40.02794,20.63389,19.17698,-17.64186,-35.44753
26870.,40.01937,19.09062,40.02804,20.63402,19.17711,-17.64175,-35.44742
26880.,40.01947,19.09075,40.02815,20.63416,19.17725,-17.64163,-35.44731
26890.,40.01958,19.09088,40.02825,20.63429,19.17738,-17.64152,-35.44721
26900.,40.01968,19.09101,40.02836,20.63442,19.17751,-17.6414,-35.4471
26910.,40.01979,19.09115,40.02846,20.63455,19.17764,-17.64129,-35.44699
26920.,40.01989,19.09128,40.02857,20.63469,19.17777,-17.64118,-35.44688
26930.,40.02,19.09141,40.02867,20.63482,19.1779,-17.64106,-35.44678
26940.,40.0201,19.09154,40.02877,20.63495,19.17804,-17.64095,-35.44667
26950.,40.0202,19.09167,40.02888,20.63508,19.17817,-17.64084,-35.44656
26960.,40.02031,19.0918,40.02898,20.63522,19.1783,-17.64073,-35.44645
26970.,40.02041,19.09193,40.02909,20.63535,19.17843,-17.64061,-35.44635
26980.,40.02052,19.09206,40.02919,20.63548,19.17856,-17.6405,-35.44624
26990.,40.02062,19.09219,40.02929,20.63561,19.17869,-17.64039,-35.44614
27000.,40.02072,19.09232,40.0294,20.63574,19.17882,-17.64028,-35.44603
27010.,40.02083,19.09245,40.0295,20.63587,19.17895,-17.64017,-35.44592
27020.,40.02093,19.09258,40.0296,20.636,19.17908,-17.64005,-35.44582
27030.,40.02103,19.09271,40.0297,20.63613,19.17921,-17.63994,-35.44571
27040.,40.02113,19.09284,40.02981,20.63626,19.17934,-17.63983,-35.44561
27050.,40.02124,19.09297,40.02991,20.63639,19.17947,-17.63972,-35.4455
27060.,40.02134,19.0931,40.03001,20.63652,19.1796,-17.63961,-35.44539
27070.,40.02144,19.09323,40.03011,20.63665,19.17973,-17.6395,-35.44529
27080.,40.02154,19.09336,40.03022,20.63678,19.17986,-17.63939,-35.44518
27090.,40.02165,19.09349,40.03032,20.63691,19.17998,-17.63928,-35.44508
27100.,40.02175,19.09361,40.03042,20.63704,19.18011,-17.63916,-35.44497
27110.,40.02185,19.09374,40.03052,20.63717,19.18024,-17.63905,-35.44487
27120.,40.02195,19.09387,40.03062,20.6373,19.18037,-17.63894,-35.44477
27130.,40.02205,19.094,40.03073,20.63743,19.1805,-17.63883,-35.44466
27140.,40.02216,19.09413,40.03083,20.63756,19.18062,-17.63872,-35.44456
27150.,40.02226,19.09425,40.03093,20.63769,19.18075,-17.63861,-35.44445
27160.,40.02236,19.09438,40.03103,20.63782,19.18088,-17.6385,-35.44435
27170.,40.02246,19.09451,40.03113,20.63795,19.18101,-17.63839,-35.44424
27180.,40.02256,19.09464,40.03123,20.63807,19.18113,-17.63829,-35.44414
27190.,40.02266,19.09476,40.03133,20.6382,19.18126,-17.63818,-35.44404
27200.,40.02276,19.09489,40.03143,20.63833,19.18139,-17.63807,-35.44393
27210.,40.02286,19.09502,40.03153,20.63846,19.18151,-17.63796,-35.44383
27220.,40.02296,19.09514,40.03163,20.63858,19.18164,-17.63785,-35.44373
27230.,40.02306,19.09527,40.03173,20.63871,19.18177,-17.63774,-35.44362
27240.,40.02316,19.0954,40.03183,20.63884,19.18189,-17.63763,-35.44352
27250.,40.02326,19.09552,40.03193,20.63897,19.18202,-17.63752,-35.44342
27260.,40.02336,19.09565,40.03203,20.63909,19.18215,-17.63742,-35.44332
27270.,40.02346,19.09577,40.03213,20.63922,19.18227,-17.63731,-35.44321
27280.,40.02356,19.0959,40.03223,20.63935,19.1824,-17.6372,-35.44311
27290.,40.02366,19.09602,40.03233,20.63947,19.18252,-17.63709,-35.44301
27300.,40.02376,19.09615,40.03243,20.6396,19.18265,-17.63698,-35.44291
27310.,40.02386,19.09627,40.03253,20.63972,19.18277,-17.63688,-35.4428
27320.,40.02396,19.0964,40.03263,20.63985,19.1829,-17.63677,-35.4427
27330.,40.02406,19.09652,40.03273,20.63998,19.18302,-17.63666,-35.4426
27340.,40.02416,19.09665,40.03283,20.6401,19.18315,-17.63655,-35.4425
27350.,40.02426,19.09677,40.03293,20.64023,19.18327,-17.63645,-35.4424
27360.,40.02435,19.0969,40.03302,20.64035,19.1834,-17.63634,-35.4423
27370.,40.02445,19.09702,40.03312,20.64048,19.18352,-17.63623,-35.4422
27380.,40.02455,19.09714,40.03322,20.6406,19.18364,-17.63613,-35.44209
27390.,40.02465,19.09727,40.03332,20.64073,19.18377,-17.63602,-35.44199
27400.,40.02475,19.09739,40.03342,20.64085,19.18389,-17.63591,-35.44189
27410.,40.02484,19.09751,40.03352,20.64097,19.18401,-17.63581,-35.44179
27420.,40.02494,19.09764,40.03361,20.6411,19.18414,-17.6357,-35.44169
27430.,40.02504,19.09776,40.03371,20.64122,19.18426,-17.6356,-35.44159
27440.,40.02514,19.09788,40.03381,20.64135,19.18438,-17.63549,-35.44149
27450.,40.02524,19.098,40.03391,20.64147,19.18451,-17.63538,-35.44139
27460.,40.02533,19.09813,40.034,20.64159,19.18463,-17.63528,-35.44129
27470.,40.02543,19.09825,40.0341,20.64172,19.18475,-17.63517,-35.44119
27480.,40.02553,19.09837,40.0342,20.64184,19.18487,-17.63507,-35.44109
27490.,40.02562,19.09849,40.03429,20.64196,19.18499,-17.63496,-35.44099
27500.,40.02572,19.09862,40.03439,20.64209,19.18512,-17.63486,-35.44089
27510.,40.02582,19.09874,40.03449,20.64221,19.18524,-17.63475,-35.44079
27520.,40.02591,19.09886,40.03458,20.64233,19.18536,-17.63465,-35.44069
27530.,40.02601,19.09898,40.03468,20.64245,19.18548,-17.63454,-35.4406
27540.,40.02611,19.0991,40.03478,20.64258,19.1856,-17.63444,-35.4405
27550.,40.0262,19.09922,40.03487,20.6427,19.18572,-17.63434,-35.4404
27560.,40.0263,19.09934,40.03497,20.64282,19.18584,-17.63423,-35.4403
27570.,40.02639,19.09946,40.03506,20.64294,19.18597,-17.63413,-35.4402
27580.,40.02649,19.09958,40.03516,20.64306,19.18609,-17.63402,-35.4401
27590.,40.02659,19.09971,40.03525,20.64318,19.18621,-17.63392,-35.44
27600.,40.02668,19.09983,40.03535,20.64331,19.18633,-17.63382,-35.43991
27610.,40.02678,19.09995,40.03545,20.64343,19.18645,-17.63371,-35.43981
27620.,40.02687,19.10007,40.03554,20.64355,19.18657,-17.63361,-35.43971
27630.,40.02697,19.10019,40.03564,20.64367,19.18669,-17.63351,-35.43961
27640.,40.02706,19.1003,40.03573,20.64379,19.18681,-17.6334,-35.43951
27650.,40.02716,19.10042,40.03583,20.64391,19.18693,-17.6333,-35.43942
27660.,40.02725,19.10054,40.03592,20.64403,19.18705,-17.6332,-35.43932
27670.,40.02735,19.10066,40.03601,20.64415,19.18716,-17.6331,-35.43922
27680.,40.02744,19.10078,40.03611,20.64427,19.18728,-17.63299,-35.43913
27690.,40.02754,19.1009,40.0362,20.64439,19.1874,-17.63289,-35.43903
27700.,40.02763,19.10102,40.0363,20.64451,19.18752,-17.63279,-35.43893
27710.,40.02772,19.10114,40.03639,20.64463,19.18764,-17.63269,-35.43883
27720.,40.02782,19.10126,40.03649,20.64475,19.18776,-17.63258,-35.43874
27730.,40.02791,19.10137,40.03658,20.64487,19.18788,-17.63248,-35.43864
27740.,40.02801,19.10149,40.03667,20.64499,19.18799,-17.63238,-35.43855
27750.,40.0281,19.10161,40.03677,20.6451,19.18811,-17.63228,-35.43845
27760.,40.02819,19.10173,40.03686,20.64522,19.18823,-17.63218,-35.43835
27770.,40.02829,19.10185,40.03695,20.64534,19.18835,-17.63208,-35.43826
27780.,40.02838,19.10196,40.03705,20.64546,19.18847,-17.63198,-35.43816
27790.,40.02847,19.10208,40.03714,20.64558,19.18858,-17.63187,-35.43807
27800.,40.02857,19.1022,40.03723,20.6457,19.1887,-17.63177,-35.43797
27810.,40.02866,19.10231,40.03733,20.64581,19.18882,-17.63167,-35.43787
27820.,40.02875,19.10243,40.03742,20.64593,19.18893,-17.63157,-35.43778
27830.,40.02884,19.10255,40.03751,20.64605,19.18905,-17.63147,-35.43768
27840.,40.02894,19.10266,40.0376,20.64617,19.18917,-17.63137,-35.43759
27850.,40.02903,19.10278,40.0377,20.64628,19.18928,-17.63127,-35.43749
27860.,40.02912,19.1029,40.03779,20.6464,19.1894,-17.63117,-35.4374
27870.,40.02921,19.10301,40.03788,20.64652,19.18952,-17.63107,-35.4373
27880.,40.02931,19.10313,40.03797,20.64664,19.18963,-17.63097,-35.43721
27890.,40.0294,19.10324,40.03806,20.64675,19.18975,-17.63087,-35.43711
27900.,40.02949,19.10336,40.03816,20.64687,19.18986,-17.63077,-35.43702
27910.,40.02958,19.10348,40.03825,20.64699,19.18998,-17.63067,-35.43693
27920.,40.02967,19.10359,40.03834,20.6471,19.19009,-17.63057,-35.43683
27930.,40.02976,19.10371,40.03843,20.64722,19.19021,-17.63047,-35.43674
27940.,40.02986,19.10382,40.03852,20.64733,19.19033,-17.63038,-35.43664
27950.,40.02995,19.10394,40.03861,20.64745,19.19044,-17.63028,-35.43655
27960.,40.03004,19.10405,40.0387,20.64757,19.19055,-17.63018,-35.43646
27970.,40.03013,19.10417,40.0388,20.64768,19.19067,-17.63008,-35.43636
27980.,40.03022,19.10428,40.03889,20.6478,19.19078,-17.62998,-35.43627
27990.,40.03031,19.10439,40.03898,20.64791,19.1909,-17.62988,-35.43618
28000.,40.0304,19.10451,40.03907,20.64803,19.19101,-17.62978,-35.43608
28010.,40.03049,19.10462,40.03916,20.64814,19.19113,-17.62969,-35.43599
28020.,40.03058,19.10474,40.03925,20.64826,19.19124,-17.62959,-35.4359
28030.,40.03067,19.10485,40.03934,20.64837,19.19135,-17.62949,-35.43581
28040.,40.03076,19.10496,40.03943,20.64848,19.19147,-17.62939,-35.43571
28050.,40.03085,19.10508,40.03952,20.6486,19.19158,-17.6293,-35.43562
28060.,40.03094,19.10519,40.03961,20.64871,19.19169,-17.6292,-35.43553
28070.,40.03103,19.1053,40.0397,20.64883,19.19181,-17.6291,-35.43544
28080.,40.03112,19.10542,40.03979,20.64894,19.19192,-17.629,-35.43534
28090.,40.03121,19.10553,40.03988,20.64905,19.19203,-17.62891,-35.43525
28100.,40.0313,19.10564,40.03997,20.64917,19.19215,-17.62881,-35.43516
28110.,40.03139,19.10575,40.04006,20.64928,19.19226,-17.62871,-35.43507
28120.,40.03148,19.10587,40.04014,20.64939,19.19237,-17.62862,-35.43498
28130.,40.03157,19.10598,40.04023,20.64951,19.19248,-17.62852,-35.43488
28140.,40.03166,19.10609,40.04032,20.64962,19.19259,-17.62842,-35.43479
28150.,40.03175,19.1062,40.04041,20.64973,19.19271,-17.62833,-35.4347
28160.,40.03183,19.10631,40.0405,20.64985,19.19282,-17.62823,-35.43461
28170.,40.03192,19.10642,40.04059,20.64996,19.19293,-17.62813,-35.43452
28180.,40.03201,19.10654,40.04068,20.65007,19.19304,-17.62804,-35.43443
28190.,40.0321,19.10665,40.04077,20.65018,19.19315,-17.62794,-35.43434
28200.,40.03219,19.10676,40.04085,20.6503,19.19326,-17.62785,-35.43425
28210.,40.03228,19.10687,40.04094,20.65041,19.19338,-17.62775,-35.43416
28220.,40.03236,19.10698,40.04103,20.65052,19.19349,-17.62766,-35.43407
28230.,40.03245,19.10709,40.04112,20.65063,19.1936,-17.62756,-35.43398
28240.,40.03254,19.1072,40.0412,20.65074,19.19371,-17.62746,-35.43389
28250.,40.03263,19.10731,40.04129,20.65085,19.19382,-17.62737,-35.4338
28260.,40.03272,19.10742,40.04138,20.65096,19.19393,-17.62727,-35.43371
28270.,40.0328,19.10753,40.04147,20.65108,19.19404,-17.62718,-35.43362
28280.,40.03289,19.10764,40.04155,20.65119,19.19415,-17.62709,-35.43353
28290.,40.03298,19.10775,40.04164,20.6513,19.19426,-17.62699,-35.43344
28300.,40.03306,19.10786,40.04173,20.65141,19.19437,-17.6269,-35.43335
28310.,40.03315,19.10797,40.04182,20.65152,19.19448,-17.6268,-35.43326
28320.,40.03324,19.10808,40.0419,20.65163,19.19459,-17.62671,-35.43317
28330.,40.03333,19.10819,40.04199,20.65174,19.1947,-17.62661,-35.43308
28340.,40.03341,19.1083,40.04208,20.65185,19.19481,-17.62652,-35.43299
28350.,40.0335,19.10841,40.04216,20.65196,19.19491,-17.62643,-35.4329
28360.,40.03358,19.10852,40.04225,20.65207,19.19502,-17.62633,-35.43281
28370.,40.03367,19.10863,40.04234,20.65218,19.19513,-17.62624,-35.43272
28380.,40.03376,19.10873,40.04242,20.65229,19.19524,-17.62615,-35.43263
28390.,40.03384,19.10884,40.04251,20.6524,19.19535,-17.62605,-35.43255
28400.,40.03393,19.10895,40.04259,20.65251,19.19546,-17.62596,-35.43246
28410.,40.03402,19.10906,40.04268,20.65261,19.19557,-17.62587,-35.43237
28420.,40.0341,19.10917,40.04276,20.65272,19.19567,-17.62577,-35.43228
28430.,40.03419,19.10927,40.04285,20.65283,19.19578,-17.62568,-35.43219
28440.,40.03427,19.10938,40.04294,20.65294,19.19589,-17.62559,-35.43211
28450.,40.03436,19.10949,40.04302,20.65305,19.196,-17.62549,-35.43202
28460.,40.03444,19.1096,40.04311,20.65316,19.1961,-17.6254,-35.43193
28470.,40.03453,19.1097,40.04319,20.65326,19.19621,-17.62531,-35.43184
28480.,40.03461,19.10981,40.04328,20.65337,19.19632,-17.62522,-35.43176
28490.,40.0347,19.10992,40.04336,20.65348,19.19643,-17.62513,-35.43167
28500.,40.03478,19.11003,40.04345,20.65359,19.19653,-17.62503,-35.43158
28510.,40.03487,19.11013,40.04353,20.6537,19.19664,-17.62494,-35.43149
28520.,40.03495,19.11024,40.04362,20.6538,19.19675,-17.62485,-35.43141
28530.,40.03504,19.11035,40.0437,20.65391,19.19685,-17.62476,-35.43132
28540.,40.03512,19.11045,40.04378,20.65402,19.19696,-17.62467,-35.43123
28550.,40.03521,19.11056,40.04387,20.65412,19.19707,-17.62458,-35.43115
28560.,40.03529,19.11066,40.04395,20.65423,19.19717,-17.62448,-35.43106
28570.,40.03537,19.11077,40.04404,20.65434,19.19728,-17.62439,-35.43097
28580.,40.03546,19.11088,40.04412,20.65444,19.19738,-17.6243,-35.43089
28590.,40.03554,19.11098,40.0442,20.65455,19.19749,-17.62421,-35.4308
28600.,40.03563,19.11109,40.04429,20.65466,19.19759,-17.62412,-35.43072
28610.,40.03571,19.11119,40.04437,20.65476,19.1977,-17.62403,-35.43063
28620.,40.03579,19.1113,40.04446,20.65487,19.1978,-17.62394,-35.43054
28630.,40.03588,19.1114,40.04454,20.65498,19.19791,-17.62385,-35.43046
28640.,40.03596,19.11151,40.04462,20.65508,19.19801,-17.62376,-35.43037
28650.,40.03604,19.11161,40.0447,20.65519,19.19812,-17.62367,-35.43029
28660.,40.03613,19.11172,40.04479,20.65529,19.19822,-17.62358,-35.4302
28670.,40.03621,19.11182,40.04487,20.6554,19.19833,-17.62349,-35.43012
28680.,40.03629,19.11192,40.04495,20.6555,19.19843,-17.6234,-35.43003
28690.,40.03637,19.11203,40.04504,20.65561,19.19854,-17.62331,-35.42995
28700.,40.03646,19.11213,40.04512,20.65571,19.19864,-17.62322,-35.42986
28710.,40.03654,19.11224,40.0452,20.65582,19.19875,-17.62313,-35.42978
28720.,40.03662,19.11234,40.04528,20.65592,19.19885,-17.62304,-35.42969
28730.,40.0367,19.11244,40.04537,20.65603,19.19895,-17.62295,-35.42961
28740.,40.03679,19.11255,40.04545,20.65613,19.19906,-17.62286,-35.42952
28750.,40.03687,19.11265,40.04553,20.65624,19.19916,-17.62277,-35.42944
28760.,40.03695,19.11275,40.04561,20.65634,19.19926,-17.62268,-35.42935
28770.,40.03703,19.11286,40.04569,20.65644,19.19937,-17.62259,-35.42927
28780.,40.03711,19.11296,40.04578,20.65655,19.19947,-17.62251,-35.42919
28790.,40.0372,19.11306,40.04586,20.65665,19.19957,-17.62242,-35.4291
28800.,40.03728,19.11317,40.04594,20.65675,19.19968,-17.62233,-35.42902
28810.,40.03736,19.11327,40.04602,20.65686,19.19978,-17.62224,-35.42893
28820.,40.03744,19.11337,40.0461,20.65696,19.19988,-17.62215,-35.42885
28830.,40.03752,19.11347,40.04618,20.65706,19.19998,-17.62206,-35.42877
28840.,40.0376,19.11358,40.04626,20.65717,19.20008,-17.62198,-35.42868
28850.,40.03768,19.11368,40.04634,20.65727,19.20019,-17.62189,-35.4286
28860.,40.03776,19.11378,40.04643,20.65737,19.20029,-17.6218,-35.42852
28870.,40.03785,19.11388,40.04651,20.65748,19.20039,-17.62171,-35.42843
28880.,40.03793,19.11398,40.04659,20.65758,19.20049,-17.62163,-35.42835
28890.,40.03801,19.11408,40.04667,20.65768,19.20059,-17.62154,-35.42827
28900.,40.03809,19.11419,40.04675,20.65778,19.2007,-17.62145,-35.42819
28910.,40.03817,19.11429,40.04683,20.65788,19.2008,-17.62136,-35.4281
28920.,40.03825,19.11439,40.04691,20.65799,19.2009,-17.62128,-35.42802
28930.,40.03833,19.11449,40.04699,20.65809,19.201,-17.62119,-35.42794
28940.,40.03841,19.11459,40.04707,20.65819,19.2011,-17.6211,-35.42786
28950.,40.03849,19.11469,40.04715,20.65829,19.2012,-17.62102,-35.42777
28960.,40.03857,19.11479,40.04723,20.65839,19.2013,-17.62093,-35.42769
28970.,40.03865,19.11489,40.04731,20.65849,19.2014,-17.62084,-35.42761
28980.,40.03873,19.11499,40.04739,20.65859,19.2015,-17.62076,-35.42753
28990.,40.03881,19.11509,40.04747,20.6587,19.2016,-17.62067,-35.42745
29000.,40.03889,19.11519,40.04755,20.6588,19.2017,-17.62058,-35.42736
29010.,40.03897,19.11529,40.04763,20.6589,19.2018,-17.6205,-35.42728
29020.,40.03904,19.11539,40.04771,20.659,19.2019,-17.62041,-35.4272
29030.,40.03912,19.11549,40.04778,20.6591,19.202,-17.62033,-35.42712
29040.,40.0392,19.11559,40.04786,20.6592,19.2021,-17.62024,-35.42704
29050.,40.03928,19.11569,40.04794,20.6593,19.2022,-17.62016,-35.42696
29060.,40.03936,19.11579,40.04802,20.6594,19.2023,-17.62007,-35.42688
29070.,40.03944,19.11589,40.0481,20.6595,19.2024,-17.61998,-35.4268
29080.,40.03952,19.11599,40.04818,20.6596,19.2025,-17.6199,-35.42672
29090.,40.0396,19.11609,40.04826,20.6597,19.2026,-17.61981,-35.42663
29100.,40.03968,19.11618,40.04833,20.6598,19.2027,-17.61973,-35.42655
29110.,40.03975,19.11628,40.04841,20.6599,19.20279,-17.61964,-35.42647
29120.,40.03983,19.11638,40.04849,20.66,19.20289,-17.61956,-35.42639
29130.,40.03991,19.11648,40.04857,20.6601,19.20299,-17.61948,-35.42631
29140.,40.03999,19.11658,40.04865,20.66019,19.20309,-17.61939,-35.42623
29150.,40.04007,19.11668,40.04873,20.66029,19.20319,-17.61931,-35.42615
29160.,40.04014,19.11677,40.0488,20.66039,19.20329,-17.61922,-35.42607
29170.,40.04022,19.11687,40.04888,20.66049,19.20338,-17.61914,-35.42599
29180.,40.0403,19.11697,40.04896,20.66059,19.20348,-17.61905,-35.42591
29190.,40.04038,19.11707,40.04904,20.66069,19.20358,-17.61897,-35.42583
29200.,40.04045,19.11716,40.04911,20.66079,19.20368,-17.61889,-35.42575
29210.,40.04053,19.11726,40.04919,20.66088,19.20377,-17.6188,-35.42567
29220.,40.04061,19.11736,40.04927,20.66098,19.20387,-17.61872,-35.4256
29230.,40.04069,19.11746,40.04934,20.66108,19.20397,-17.61863,-35.42552
29240.,40.04076,19.11755,40.04942,20.66118,19.20407,-17.61855,-35.42544
29250.,40.04084,19.11765,40.0495,20.66128,19.20416,-17.61847,-35.42536
29260.,40.04092,19.11775,40.04957,20.66137,19.20426,-17.61838,-35.42528
29270.,40.04099,19.11784,40.04965,20.66147,19.20436,-17.6183,-35.4252
29280.,40.04107,19.11794,40.04973,20.66157,19.20445,-17.61822,-35.42512
29290.,40.04115,19.11804,40.0498,20.66166,19.20455,-17.61814,-35.42504
29300.,40.04122,19.11813,40.04988,20.66176,19.20464,-17.61805,-35.42496
29310.,40.0413,19.11823,40.04996,20.66186,19.20474,-17.61797,-35.42489
29320.,40.04137,19.11832,40.05003,20.66195,19.20484,-17.61789,-35.42481
29330.,40.04145,19.11842,40.05011,20.66205,19.20493,-17.6178,-35.42473
29340.,40.04153,19.11852,40.05018,20.66215,19.20503,-17.61772,-35.42465
29350.,40.0416,19.11861,40.05026,20.66224,19.20512,-17.61764,-35.42457
29360.,40.04168,19.11871,40.05034,20.66234,19.20522,-17.61756,-35.4245
29370.,40.04175,19.1188,40.05041,20.66244,19.20531,-17.61748,-35.42442
29380.,40.04183,19.1189,40.05049,20.66253,19.20541,-17.61739,-35.42434
29390.,40.0419,19.11899,40.05056,20.66263,19.2055,-17.61731,-35.42426
29400.,40.04198,19.11909,40.05064,20.66272,19.2056,-17.61723,-35.42419
29410.,40.04206,19.11918,40.05071,20.66282,19.20569,-17.61715,-35.42411
29420.,40.04213,19.11928,40.05079,20.66291,19.20579,-17.61707,-35.42403
29430.,40.04221,19.11937,40.05086,20.66301,19.20588,-17.61699,-35.42395
29440.,40.04228,19.11947,40.05094,20.6631,19.20598,-17.6169,-35.42388
29450.,40.04236,19.11956,40.05101,20.6632,19.20607,-17.61682,-35.4238
29460.,40.04243,19.11965,40.05109,20.66329,19.20617,-17.61674,-35.42372
29470.,40.04251,19.11975,40.05116,20.66339,19.20626,-17.61666,-35.42365
29480.,40.04258,19.11984,40.05124,20.66348,19.20635,-17.61658,-35.42357
29490.,40.04265,19.11994,40.05131,20.66358,19.20645,-17.6165,-35.42349
29500.,40.04273,19.12003,40.05139,20.66367,19.20654,-17.61642,-35.42342
29510.,40.0428,19.12012,40.05146,20.66377,19.20664,-17.61634,-35.42334
29520.,40.04288,19.12022,40.05153,20.66386,19.20673,-17.61626,-35.42326
29530.,40.04295,19.12031,40.05161,20.66396,19.20682,-17.61618,-35.42319
29540.,40.04303,19.1204,40.05168,20.66405,19.20692,-17.6161,-35.42311
29550.,40.0431,19.1205,40.05176,20.66414,19.20701,-17.61602,-35.42304
29560.,40.04317,19.12059,40.05183,20.66424,19.2071,-17.61594,-35.42296
29570.,40.04325,19.12068,40.0519,20.66433,19.20719,-17.61586,-35.42288
29580.,40.04332,19.12077,40.05198,20.66442,19.20729,-17.61578,-35.42281
29590.,40.04339,19.12087,40.05205,20.66452,19.20738,-17.6157,-35.42273
29600.,40.04347,19.12096,40.05212,20.66461,19.20747,-17.61562,-35.42266
29610.,40.04354,19.12105,40.0522,20.6647,19.20756,-17.61554,-35.42258
29620.,40.04361,19.12114,40.05227,20.6648,19.20766,-17.61546,-35.42251
29630.,40.04369,19.12124,40.05234,20.66489,19.20775,-17.61538,-35.42243
29640.,40.04376,19.12133,40.05242,20.66498,19.20784,-17.6153,-35.42236
29650.,40.04383,19.12142,40.05249,20.66507,19.20793,-17.61522,-35.42228
29660.,40.04391,19.12151,40.05256,20.66517,19.20802,-17.61514,-35.42221
29670.,40.04398,19.1216,40.05263,20.66526,19.20812,-17.61506,-35.42213
29680.,40.04405,19.12169,40.05271,20.66535,19.20821,-17.61499,-35.42206
29690.,40.04412,19.12179,40.05278,20.66544,19.2083,-17.61491,-35.42198
29700.,40.0442,19.12188,40.05285,20.66554,19.20839,-17.61483,-35.42191
29710.,40.04427,19.12197,40.05292,20.66563,19.20848,-17.61475,-35.42183
29720.,40.04434,19.12206,40.053,20.66572,19.20857,-17.61467,-35.42176
29730.,40.04441,19.12215,40.05307,20.66581,19.20866,-17.61459,-35.42169
29740.,40.04448,19.12224,40.05314,20.6659,19.20875,-17.61452,-35.42161
29750.,40.04456,19.12233,40.05321,20.66599,19.20885,-17.61444,-35.42154
29760.,40.04463,19.12242,40.05328,20.66609,19.20894,-17.61436,-35.42146
29770.,40.0447,19.12251,40.05336,20.66618,19.20903,-17.61428,-35.42139
29780.,40.04477,19.1226,40.05343,20.66627,19.20912,-17.6142,-35.42132
29790.,40.04484,19.12269,40.0535,20.66636,19.20921,-17.61413,-35.42124
29800.,40.04492,19.12278,40.05357,20.66645,19.2093,-17.61405,-35.42117
29810.,40.04499,19.12287,40.05364,20.66654,19.20939,-17.61397,-35.4211
29820.,40.04506,19.12296,40.05371,20.66663,19.20948,-17.61389,-35.42102
29830.,40.04513,19.12305,40.05379,20.66672,19.20957,-17.61382,-35.42095
29840.,40.0452,19.12314,40.05386,20.66681,19.20966,-17.61374,-35.42088
29850.,40.04527,19.12323,40.05393,20.6669,19.20975,-17.61366,-35.4208
29860.,40.04534,19.12332,40.054,20.66699,19.20983,-17.61359,-35.42073
29870.,40.04541,19.12341,40.05407,20.66708,19.20992,-17.61351,-35.42066
29880.,40.04548,19.1235,40.05414,20.66717,19.21001,-17.61343,-35.42059
29890.,40.04555,19.12359,40.05421,20.66726,19.2101,-17.61336,-35.42051
29900.,40.04563,19.12368,40.05428,20.66735,19.21019,-17.61328,-35.42044
29910.,40.0457,19.12376,40.05435,20.66744,19.21028,-17.6132,-35.42037
29920.,40.04577,19.12385,40.05442,20.66753,19.21037,-17.61313,-35.4203
29930.,40.04584,19.12394,40.05449,20.66762,19.21046,-17.61305,-35.42022
29940.,40.04591,19.12403,40.05456,20.66771,19.21055,-17.61297,-35.42015
29950.,40.04598,19.12412,40.05463,20.6678,19.21063,-17.6129,-35.42008
29960.,40.04605,19.12421,40.0547,20.66788,19.21072,-17.61282,-35.42001
29970.,40.04612,19.12429,40.05477,20.66797,19.21081,-17.61275,-35.41993
29980.,40.04619,19.12438,40.05484,20.66806,19.2109,-17.61267,-35.41986
29990.,40.04626,19.12447,40.05491,20.66815,19.21099,-17.61259,-35.41979
30000.,40.04633,19.12456,40.05498,20.66824,19.21107,-17.61252,-35.41972
30010.,40.0464,19.12465,40.05505,20.66833,19.21116,-17.61244,-35.41965
30020.,40.04647,19.12473,40.05512,20.66842,19.21125,-17.61237,-35.41958
30030.,40.04653,19.12482,40.05519,20.6685,19.21134,-17.61229,-35.41951
30040.,40.0466,19.12491,40.05526,20.66859,19.21142,-17.61222,-35.41943
30050.,40.04667,19.12499,40.05533,20.66868,19.21151,-17.61214,-35.41936
30060.,40.04674,19.12508,40.0554,20.66877,19.2116,-17.61207,-35.41929
30070.,40.04681,19.12517,40.05547,20.66885,19.21168,-17.61199,-35.41922
30080.,40.04688,19.12526,40.05553,20.66894,19.21177,-17.61192,-35.41915
30090.,40.04695,19.12534,40.0556,20.66903,19.21186,-17.61184,-35.41908
30100.,40.04702,19.12543,40.05567,20.66912,19.21195,-17.61177,-35.41901
30110.,40.04709,19.12552,40.05574,20.6692,19.21203,-17.61169,-35.41894
30120.,40.04715,19.1256,40.05581,20.66929,19.21212,-17.61162,-35.41887
30130.,40.04722,19.12569,40.05588,20.66938,19.2122,-17.61155,-35.4188
30140.,40.04729,19.12577,40.05595,20.66946,19.21229,-17.61147,-35.41873
30150.,40.04736,19.12586,40.05601,20.66955,19.21238,-17.6114,-35.41866
30160.,40.04743,19.12595,40.05608,20.66964,19.21246,-17.61132,-35.41859
30170.,40.0475,19.12603,40.05615,20.66972,19.21255,-17.61125,-35.41852
30180.,40.04756,19.12612,40.05622,20.66981,19.21263,-17.61118,-35.41845
30190.,40.04763,19.1262,40.05629,20.6699,19.21272,-17.6111,-35.41838
30200.,40.0477,19.12629,40.05635,20.66998,19.2128,-17.61103,-35.41831
30210.,40.04777,19.12637,40.05642,20.67007,19.21289,-17.61096,-35.41824
30220.,40.04784,19.12646,40.05649,20.67016,19.21298,-17.61088,-35.41817
30230.,40.0479,19.12654,40.05656,20.67024,19.21306,-17.61081,-35.4181
30240.,40.04797,19.12663,40.05662,20.67033,19.21315,-17.61074,-35.41803
30250.,40.04804,19.12671,40.05669,20.67041,19.21323,-17.61066,-35.41796
30260.,40.04811,19.1268,40.05676,20.6705,19.21332,-17.61059,-35.41789
30270.,40.04817,19.12688,40.05683,20.67058,19.2134,-17.61052,-35.41782
30280.,40.04824,19.12697,40.05689,20.67067,19.21348,-17.61044,-35.41775
30290.,40.04831,19.12705,40.05696,20.67075,19.21357,-17.61037,-35.41768
30300.,40.04837,19.12714,40.05703,20.67084,19.21365,-17.6103,-35.41762
30310.,40.04844,19.12722,40.05709,20.67092,19.21374,-17.61023,-35.41755
30320.,40.04851,19.1273,40.05716,20.67101,19.21382,-17.61015,-35.41748
30330.,40.04857,19.12739,40.05723,20.67109,19.21391,-17.61008,-35.41741
30340.,40.04864,19.12747,40.05729,20.67118,19.21399,-17.61001,-35.41734
30350.,40.04871,19.12756,40.05736,20.67126,19.21407,-17.60994,-35.41727
30360.,40.04877,19.12764,40.05743,20.67135,19.21416,-17.60987,-35.4172
30370.,40.04884,19.12772,40.05749,20.67143,19.21424,-17.60979,-35.41714
30380.,40.04891,19.12781,40.05756,20.67151,19.21432,-17.60972,-35.41707
30390.,40.04897,19.12789,40.05763,20.6716,19.21441,-17.60965,-35.417
30400.,40.04904,19.12797,40.05769,20.67168,19.21449,-17.60958,-35.41693
30410.,40.0491,19.12806,40.05776,20.67177,19.21457,-17.60951,-35.41687
30420.,40.04917,19.12814,40.05782,20.67185,19.21466,-17.60944,-35.4168
30430.,40.04924,19.12822,40.05789,20.67193,19.21474,-17.60936,-35.41673
30440.,40.0493,19.1283,40.05795,20.67202,19.21482,-17.60929,-35.41666
30450.,40.04937,19.12839,40.05802,20.6721,19.21491,-17.60922,-35.41659
30460.,40.04943,19.12847,40.05809,20.67218,19.21499,-17.60915,-35.41653
30470.,40.0495,19.12855,40.05815,20.67227,19.21507,-17.60908,-35.41646
30480.,40.04956,19.12863,40.05822,20.67235,19.21515,-17.60901,-35.41639
30490.,40.04963,19.12872,40.05828,20.67243,19.21524,-17.60894,-35.41633
30500.,40.04969,19.1288,40.05835,20.67251,19.21532,-17.60887,-35.41626
30510.,40.04976,19.12888,40.05841,20.6726,19.2154,-17.6088,-35.41619
30520.,40.04982,19.12896,40.05848,20.67268,19.21548,-17.60873,-35.41612
30530.,40.04989,19.12904,40.05854,20.67276,19.21556,-17.60866,-35.41606
30540.,40.04995,19.12913,40.05861,20.67284,19.21564,-17.60859,-35.41599
30550.,40.05002,19.12921,40.05867,20.67293,19.21573,-17.60852,-35.41592
30560.,40.05008,19.12929,40.05874,20.67301,19.21581,-17.60844,-35.41586
30570.,40.05015,19.12937,40.0588,20.67309,19.21589,-17.60837,-35.41579
30580.,40.05021,19.12945,40.05887,20.67317,19.21597,-17.6083,-35.41573
30590.,40.05028,19.12953,40.05893,20.67325,19.21605,-17.60824,-35.41566
30600.,40.05034,19.12961,40.05899,20.67334,19.21613,-17.60817,-35.41559
30610.,40.05041,19.1297,40.05906,20.67342,19.21621,-17.6081,-35.41553
30620.,40.05047,19.12978,40.05912,20.6735,19.21629,-17.60803,-35.41546
30630.,40.05053,19.12986,40.05919,20.67358,19.21638,-17.60796,-35.4154
30640.,40.0506,19.12994,40.05925,20.67366,19.21646,-17.60789,-35.41533
30650.,40.05066,19.13002,40.05931,20.67374,19.21654,-17.60782,-35.41526
30660.,40.05073,19.1301,40.05938,20.67382,19.21662,-17.60775,-35.4152
30670.,40.05079,19.13018,40.05944,20.67391,19.2167,-17.60768,-35.41513
30680.,40.05085,19.13026,40.05951,20.67399,19.21678,-17.60761,-35.41507
30690.,40.05092,19.13034,40.05957,20.67407,19.21686,-17.60754,-35.415
30700.,40.05098,19.13042,40.05963,20.67415,19.21694,-17.60747,-35.41494
30710.,40.05104,19.1305,40.0597,20.67423,19.21702,-17.6074,-35.41487
30720.,40.05111,19.13058,40.05976,20.67431,19.2171,-17.60734,-35.41481
30730.,40.05117,19.13066,40.05982,20.67439,19.21718,-17.60727,-35.41474
30740.,40.05123,19.13074,40.05989,20.67447,19.21726,-17.6072,-35.41468
30750.,40.0513,19.13082,40.05995,20.67455,19.21734,-17.60713,-35.41461
30760.,40.05136,19.1309,40.06001,20.67463,19.21742,-17.60706,-35.41455
30770.,40.05142,19.13098,40.06008,20.67471,19.2175,-17.60699,-35.41448
30780.,40.05149,19.13105,40.06014,20.67479,19.21757,-17.60692,-35.41442
30790.,40.05155,19.13113,40.0602,20.67487,19.21765,-17.60686,-35.41435
30800.,40.05161,19.13121,40.06026,20.67495,19.21773,-17.60679,-35.41429
30810.,40.05167,19.13129,40.06033,20.67503,19.21781,-17.60672,-35.41422
30820.,40.05174,19.13137,40.06039,20.67511,19.21789,-17.60665,-35.41416
30830.,40.0518,19.13145,40.06045,20.67519,19.21797,-17.60659,-35.4141
30840.,40.05186,19.13153,40.06051,20.67527,19.21805,-17.60652,-35.41403
30850.,40.05192,19.13161,40.06058,20.67534,19.21813,-17.60645,-35.41397
30860.,40.05199,19.13168,40.06064,20.67542,19.2182,-17.60638,-35.4139
30870.,40.05205,19.13176,40.0607,20.6755,19.21828,-17.60632,-35.41384
30880.,40.05211,19.13184,40.06076,20.67558,19.21836,-17.60625,-35.41378
30890.,40.05217,19.13192,40.06082,20.67566,19.21844,-17.60618,-35.41371
30900.,40.05223,19.132,40.06089,20.67574,19.21852,-17.60611,-35.41365
30910.,40.0523,19.13207,40.06095,20.67582,19.21859,-17.60605,-35.41359
30920.,40.05236,19.13215,40.06101,20.67589,19.21867,-17.60598,-35.41352
30930.,40.05242,19.13223,40.06107,20.67597,19.21875,-17.60591,-35.41346
30940.,40.05248,19.13231,40.06113,20.67605,19.21883,-17.60585,-35.4134
30950.,40.05254,19.13238,40.06119,20.67613,19.2189,-17.60578,-35.41333
30960.,40.0526,19.13246,40.06125,20.67621,19.21898,-17.60571,-35.41327
30970.,40.05267,19.13254,40.06132,20.67629,19.21906,-17.60565,-35.41321
30980.,40.05273,19.13262,40.06138,20.67636,19.21914,-17.60558,-35.41314
30990.,40.05279,19.13269,40.06144,20.67644,19.21921,-17.60551,-35.41308
31000.,40.05285,19.13277,40.0615,20.67652,19.21929,-17.60545,-35.41302
31010.,40.05291,19.13285,40.06156,20.6766,19.21937,-17.60538,-35.41296
31020.,40.05297,19.13292,40.06162,20.67667,19.21944,-17.60532,-35.41289
31030.,40.05303,19.133,40.06168,20.67675,19.21952,-17.60525,-35.41283
31040.,40.05309,19.13308,40.06174,20.67683,19.2196,-17.60518,-35.41277
31050.,40.05315,19.13315,40.0618,20.6769,19.21967,-17.60512,-35.41271
31060.,40.05321,19.13323,40.06186,20.67698,19.21975,-17.60505,-35.41264
31070.,40.05327,19.13331,40.06192,20.67706,19.21983,-17.60499,-35.41258
31080.,40.05333,19.13338,40.06198,20.67713,19.2199,-17.60492,-35.41252
31090.,40.05339,19.13346,40.06204,20.67721,19.21998,-17.60486,-35.41246
31100.,40.05346,19.13353,40.06211,20.67729,19.22005,-17.60479,-35.41239
31110.,40.05352,19.13361,40.06217,20.67736,19.22013,-17.60473,-35.41233
31120.,40.05358,19.13368,40.06223,20.67744,19.22021,-17.60466,-35.41227
31130.,40.05364,19.13376,40.06229,20.67752,19.22028,-17.6046,-35.41221
31140.,40.0537,19.13384,40.06235,20.67759,19.22036,-17.60453,-35.41215
31150.,40.05376,19.13391,40.0624,20.67767,19.22043,-17.60447,-35.41209
31160.,40.05382,19.13399,40.06246,20.67774,19.22051,-17.6044,-35.41203
31170.,40.05387,19.13406,40.06252,20.67782,19.22058,-17.60434,-35.41196
31180.,40.05393,19.13414,40.06258,20.6779,19.22066,-17.60427,-35.4119
31190.,40.05399,19.13421,40.06264,20.67797,19.22073,-17.60421,-35.41184
31200.,40.05405,19.13429,40.0627,20.67805,19.22081,-17.60414,-35.41178
31210.,40.05411,19.13436,40.06276,20.67812,19.22088,-17.60408,-35.41172
31220.,40.05417,19.13444,40.06282,20.6782,19.22096,-17.60401,-35.41166
31230.,40.05423,19.13451,40.06288,20.67827,19.22103,-17.60395,-35.4116
31240.,40.05429,19.13458,40.06294,20.67835,19.22111,-17.60388,-35.41154
31250.,40.05435,19.13466,40.063,20.67842,19.22118,-17.60382,-35.41148
31260.,40.05441,19.13473,40.06306,20.6785,19.22126,-17.60376,-35.41142
31270.,40.05447,19.13481,40.06312,20.67857,19.22133,-17.60369,-35.41135
31280.,40.05453,19.13488,40.06318,20.67865,19.2214,-17.60363,-35.41129
31290.,40.05459,19.13496,40.06323,20.67872,19.22148,-17.60357,-35.41123
31300.,40.05464,19.13503,40.06329,20.6788,19.22155,-17.6035,-35.41117
31310.,40.0547,19.1351,40.06335,20.67887,19.22163,-17.60344,-35.41111
31320.,40.05476,19.13518,40.06341,20.67895,19.2217,-17.60337,-35.41105
31330.,40.05482,19.13525,40.06347,20.67902,19.22177,-17.60331,-35.41099
31340.,40.05488,19.13532,40.06353,20.67909,19.22185,-17.60325,-35.41093
31350.,40.05494,19.1354,40.06359,20.67917,19.22192,-17.60318,-35.41087
31360.,40.05499,19.13547,40.06364,20.67924,19.22199,-17.60312,-35.41081
31370.,40.05505,19.13554,40.0637,20.67932,19.22207,-17.60306,-35.41075
31380.,40.05511,19.13562,40.06376,20.67939,19.22214,-17.603,-35.41069
31390.,40.05517,19.13569,40.06382,20.67946,19.22221,-17.60293,-35.41063
31400.,40.05523,19.13576,40.06388,20.67954,19.22229,-17.60287,-35.41057
31410.,40.05528,19.13584,40.06393,20.67961,19.22236,-17.60281,-35.41052
31420.,40.05534,19.13591,40.06399,20.67968,19.22243,-17.60274,-35.41046
31430.,40.0554,19.13598,40.06405,20.67976,19.2225,-17.60268,-35.4104
31440.,40.05546,19.13605,40.06411,20.67983,19.22258,-17.60262,-35.41034
31450.,40.05552,19.13613,40.06416,20.6799,19.22265,-17.60256,-35.41028
31460.,40.05557,19.1362,40.06422,20.67998,19.22272,-17.60249,-35.41022
31470.,40.05563,19.13627,40.06428,20.68005,19.22279,-17.60243,-35.41016
31480.,40.05569,19.13634,40.06434,20.68012,19.22287,-17.60237,-35.4101
31490.,40.05575,19.13642,40.06439,20.68019,19.22294,-17.60231,-35.41004
31500.,40.0558,19.13649,40.06445,20.68027,19.22301,-17.60225,-35.40998
31510.,40.05586,19.13656,40.06451,20.68034,19.22308,-17.60218,-35.40992
31520.,40.05592,19.13663,40.06456,20.68041,19.22315,-17.60212,-35.40987
31530.,40.05597,19.1367,40.06462,20.68048,19.22323,-17.60206,-35.40981
31540.,40.05603,19.13677,40.06468,20.68056,19.2233,-17.602,-35.40975
31550.,40.05609,19.13685,40.06473,20.68063,19.22337,-17.60194,-35.40969
31560.,40.05614,19.13692,40.06479,20.6807,19.22344,-17.60188,-35.40963
31570.,40.0562,19.13699,40.06485,20.68077,19.22351,-17.60181,-35.40957
31580.,40.05626,19.13706,40.0649,20.68084,19.22358,-17.60175,-35.40952
31590.,40.05631,19.13713,40.06496,20.68091,19.22365,-17.60169,-35.40946
31600.,40.05637,19.1372,40.06502,20.68099,19.22373,-17.60163,-35.4094
31610.,40.05643,19.13727,40.06507,20.68106,19.2238,-17.60157,-35.40934
31620.,40.05648,19.13734,40.06513,20.68113,19.22387,-17.60151,-35.40928
31630.,40.05654,19.13741,40.06519,20.6812,19.22394,-17.60145,-35.40923
31640.,40.05659,19.13749,40.06524,20.68127,19.22401,-17.60139,-35.40917
31650.,40.05665,19.13756,40.0653,20.68134,19.22408,-17.60133,-35.40911
31660.,40.05671,19.13763,40.06535,20.68141,19.22415,-17.60127,-35.40905
31670.,40.05676,19.1377,40.06541,20.68149,19.22422,-17.6012,-35.409
31680.,40.05682,19.13777,40.06547,20.68156,19.22429,-17.60114,-35.40894
31690.,40.05687,19.13784,40.06552,20.68163,19.22436,-17.60108,-35.40888
31700.,40.05693,19.13791,40.06558,20.6817,19.22443,-17.60102,-35.40882
31710.,40.05699,19.13798,40.06563,20.68177,19.2245,-17.60096,-35.40877
31720.,40.05704,19.13805,40.06569,20.68184,19.22457,-17.6009,-35.40871
31730.,40.0571,19.13812,40.06574,20.68191,19.22464,-17.60084,-35.40865
31740.,40.05715,19.13819,40.0658,20.68198,19.22471,-17.60078,-35.4086
31750.,40.05721,19.13826,40.06585,20.68205,19.22478,-17.60072,-35.40854
31760.,40.05726,19.13833,40.06591,20.68212,19.22485,-17.60066,-35.40848
31770.,40.05732,19.1384,40.06597,20.68219,19.22492,-17.6006,-35.40843
31780.,40.05737,19.13847,40.06602,20.68226,19.22499,-17.60054,-35.40837
31790.,40.05743,19.13853,40.06608,20.68233,19.22506,-17.60048,-35.40831
31800.,40.05748,19.1386,40.06613,20.6824,19.22513,-17.60042,-35.40826
31810.,40.05754,19.13867,40.06618,20.68247,19.2252,-17.60036,-35.4082
31820.,40.05759,19.13874,40.06624,20.68254,19.22527,-17.60031,-35.40814
31830.,40.05765,19.13881,40.06629,20.68261,19.22533,-17.60025,-35.40809
31840.,40.0577,19.13888,40.06635,20.68268,19.2254,-17.60019,-35.40803
31850.,40.05776,19.13895,40.0664,20.68275,19.22547,-17.60013,-35.40798
31860.,40.05781,19.13902,40.06646,20.68282,19.22554,-17.60007,-35.40792
31870.,40.05787,19.13909,40.06651,20.68289,19.22561,-17.60001,-35.40786
31880.,40.05792,19.13915,40.06657,20.68295,19.22568,-17.59995,-35.40781
31890.,40.05797,19.13922,40.06662,20.68302,19.22575,-17.59989,-35.40775
31900.,40.05803,19.13929,40.06668,20.68309,19.22582,-17.59983,-35.4077
31910.,40.05808,19.13936,40.06673,20.68316,19.22588,-17.59977,-35.40764
31920.,40.05814,19.13943,40.06678,20.68323,19.22595,-17.59972,-35.40758
31930.,40.05819,19.1395,40.06684,20.6833,19.22602,-17.59966,-35.40753
31940.,40.05825,19.13956,40.06689,20.68337,19.22609,-17.5996,-35.40747
31950.,40.0583,19.13963,40.06695,20.68343,19.22616,-17.59954,-35.40742
31960.,40.05835,19.1397,40.067,20.6835,19.22622,-17.59948,-35.40736
31970.,40.05841,19.13977,40.06705,20.68357,19.22629,-17.59942,-35.40731
31980.,40.05846,19.13983,40.06711,20.68364,19.22636,-17.59936,-35.40725
31990.,40.05851,19.1399,40.06716,20.68371,19.22643,-17.59931,-35.4072
32000.,40.05857,19.13997,40.06721,20.68378,19.22649,-17.59925,-35.40714
32010.,40.05862,19.14004,40.06727,20.68384,19.22656,-17.59919,-35.40709
32020.,40.05867,19.1401,40.06732,20.68391,19.22663,-17.59913,-35.40703
32030.,40.05873,19.14017,40.06737,20.68398,19.2267,-17.59907,-35.40698
32040.,40.05878,19.14024,40.06743,20.68405,19.22676,-17.59902,-35.40692
32050.,40.05883,19.1403,40.06748,20.68411,19.22683,-17.59896,-35.40687
32060.,40.05889,19.14037,40.06753,20.68418,19.2269,-17.5989,-35.40681
32070.,40.05894,19.14044,40.06759,20.68425,19.22696,-17.59884,-35.40676
32080.,40.05899,19.1405,40.06764,20.68432,19.22703,-17.59879,-35.4067
32090.,40.05905,19.14057,40.06769,20.68438,19.2271,-17.59873,-35.40665
32100.,40.0591,19.14064,40.06774,20.68445,19.22716,-17.59867,-35.4066
32110.,40.05915,19.1407,40.0678,20.68452,19.22723,-17.59862,-35.40654
32120.,40.0592,19.14077,40.06785,20.68458,19.2273,-17.59856,-35.40649
32130.,40.05926,19.14084,40.0679,20.68465,19.22736,-17.5985,-35.40643
32140.,40.05931,19.1409,40.06796,20.68472,19.22743,-17.59844,-35.40638
32150.,40.05936,19.14097,40.06801,20.68478,19.22749,-17.59839,-35.40633
32160.,40.05941,19.14104,40.06806,20.68485,19.22756,-17.59833,-35.40627
32170.,40.05947,19.1411,40.06811,20.68492,19.22763,-17.59827,-35.40622
32180.,40.05952,19.14117,40.06816,20.68498,19.22769,-17.59822,-35.40616
32190.,40.05957,19.14123,40.06822,20.68505,19.22776,-17.59816,-35.40611
32200.,40.05962,19.1413,40.06827,20.68512,19.22782,-17.5981,-35.40606
32210.,40.05968,19.14136,40.06832,20.68518,19.22789,-17.59805,-35.406
32220.,40.05973,19.14143,40.06837,20.68525,19.22796,-17.59799,-35.40595
32230.,40.05978,19.14149,40.06843,20.68531,19.22802,-17.59793,-35.4059
32240.,40.05983,19.14156,40.06848,20.68538,19.22809,-17.59788,-35.40584
32250.,40.05988,19.14163,40.06853,20.68545,19.22815,-17.59782,-35.40579
32260.,40.05994,19.14169,40.06858,20.68551,19.22822,-17.59777,-35.40574
32270.,40.05999,19.14176,40.06863,20.68558,19.22828,-17.59771,-35.40568
32280.,40.06004,19.14182,40.06868,20.68564,19.22835,-17.59765,-35.40563
32290.,40.06009,19.14189,40.06874,20.68571,19.22841,-17.5976,-35.40558
32300.,40.06014,19.14195,40.06879,20.68577,19.22848,-17.59754,-35.40553
32310.,40.06019,19.14201,40.06884,20.68584,19.22854,-17.59749,-35.40547
32320.,40.06024,19.14208,40.06889,20.6859,19.22861,-17.59743,-35.40542
32330.,40.0603,19.14214,40.06894,20.68597,19.22867,-17.59738,-35.40537
32340.,40.06035,19.14221,40.06899,20.68603,19.22873,-17.59732,-35.40531
32350.,40.0604,19.14227,40.06904,20.6861,19.2288,-17.59726,-35.40526
32360.,40.06045,19.14234,40.06909,20.68616,19.22886,-17.59721,-35.40521
32370.,40.0605,19.1424,40.06914,20.68623,19.22893,-17.59715,-35.40516
32380.,40.06055,19.14247,40.0692,20.68629,19.22899,-17.5971,-35.4051
32390.,40.0606,19.14253,40.06925,20.68636,19.22906,-17.59704,-35.40505
32400.,40.06065,19.14259,40.0693,20.68642,19.22912,-17.59699,-35.405
32410.,40.0607,19.14266,40.06935,20.68649,19.22918,-17.59693,-35.40495
32420.,40.06075,19.14272,40.0694,20.68655,19.22925,-17.59688,-35.4049
32430.,40.0608,19.14278,40.06945,20.68661,19.22931,-17.59682,-35.40484
32440.,40.06086,19.14285,40.0695,20.68668,19.22937,-17.59677,-35.40479
32450.,40.06091,19.14291,40.06955,20.68674,19.22944,-17.59671,-35.40474
32460.,40.06096,19.14298,40.0696,20.68681,19.2295,-17.59666,-35.40469
32470.,40.06101,19.14304,40.06965,20.68687,19.22957,-17.59661,-35.40464
32480.,40.06106,19.1431,40.0697,20.68693,19.22963,-17.59655,-35.40459
32490.,40.06111,19.14317,40.06975,20.687,19.22969,-17.5965,-35.40453
32500.,40.06116,19.14323,40.0698,20.68706,19.22975,-17.59644,-35.40448
32510.,40.06121,19.14329,40.06985,20.68713,19.22982,-17.59639,-35.40443
32520.,40.06126,19.14335,40.0699,20.68719,19.22988,-17.59633,-35.40438
32530.,40.06131,19.14342,40.06995,20.68725,19.22994,-17.59628,-35.40433
32540.,40.06136,19.14348,40.07,20.68732,19.23001,-17.59623,-35.40428
32550.,40.06141,19.14354,40.07005,20.68738,19.23007,-17.59617,-35.40423
32560.,40.06146,19.14361,40.0701,20.68744,19.23013,-17.59612,-35.40417
32570.,40.06151,19.14367,40.07015,20.6875,19.23019,-17.59606,-35.40412
32580.,40.06156,19.14373,40.0702,20.68757,19.23026,-17.59601,-35.40407
32590.,40.06161,19.14379,40.07025,20.68763,19.23032,-17.59596,-35.40402
32600.,40.06165,19.14385,40.0703,20.68769,19.23038,-17.5959,-35.40397
32610.,40.0617,19.14392,40.07035,20.68776,19.23044,-17.59585,-35.40392
32620.,40.06175,19.14398,40.0704,20.68782,19.23051,-17.5958,-35.40387
32630.,40.0618,19.14404,40.07045,20.68788,19.23057,-17.59574,-35.40382
32640.,40.06185,19.1441,40.0705,20.68794,19.23063,-17.59569,-35.40377
32650.,40.0619,19.14417,40.07054,20.68801,19.23069,-17.59564,-35.40372
32660.,40.06195,19.14423,40.07059,20.68807,19.23075,-17.59558,-35.40367
32670.,40.062,19.14429,40.07064,20.68813,19.23082,-17.59553,-35.40362
32680.,40.06205,19.14435,40.07069,20.68819,19.23088,-17.59548,-35.40357
32690.,40.0621,19.14441,40.07074,20.68825,19.23094,-17.59542,-35.40352
32700.,40.06215,19.14447,40.07079,20.68832,19.231,-17.59537,-35.40347
32710.,40.06219,19.14453,40.07084,20.68838,19.23106,-17.59532,-35.40342
32720.,40.06224,19.1446,40.07089,20.68844,19.23112,-17.59526,-35.40337
32730.,40.06229,19.14466,40.07094,20.6885,19.23118,-17.59521,-35.40332
32740.,40.06234,19.14472,40.07098,20.68856,19.23125,-17.59516,-35.40327
32750.,40.06239,19.14478,40.07103,20.68863,19.23131,-17.59511,-35.40322
32760.,40.06244,19.14484,40.07108,20.68869,19.23137,-17.59505,-35.40317
32770.,40.06249,19.1449,40.07113,20.68875,19.23143,-17.595,-35.40312
32780.,40.06253,19.14496,40.07118,20.68881,19.23149,-17.59495,-35.40307
32790.,40.06258,19.14502,40.07123,20.68887,19.23155,-17.5949,-35.40302
32800.,40.06263,19.14508,40.07127,20.68893,19.23161,-17.59484,-35.40297
32810.,40.06268,19.14514,40.07132,20.68899,19.23167,-17.59479,-35.40292
32820.,40.06273,19.1452,40.07137,20.68905,19.23173,-17.59474,-35.40287
32830.,40.06277,19.14527,40.07142,20.68912,19.23179,-17.59469,-35.40282
32840.,40.06282,19.14533,40.07147,20.68918,19.23185,-17.59464,-35.40277
32850.,40.06287,19.14539,40.07151,20.68924,19.23191,-17.59458,-35.40272
32860.,40.06292,19.14545,40.07156,20.6893,19.23197,-17.59453,-35.40267
32870.,40.06297,19.14551,40.07161,20.68936,19.23203,-17.59448,-35.40262
32880.,40.06301,19.14557,40.07166,20.68942,19.23209,-17.59443,-35.40257
32890.,40.06306,19.14563,40.0717,20.68948,19.23215,-17.59438,-35.40253
32900.,40.06311,19.14569,40.07175,20.68954,19.23221,-17.59433,-35.40248
32910.,40.06316,19.14575,40.0718,20.6896,19.23227,-17.59427,-35.40243
32920.,40.0632,19.14581,40.07185,20.68966,19.23233,-17.59422,-35.40238
32930.,40.06325,19.14587,40.07189,20.68972,19.23239,-17.59417,-35.40233
32940.,40.0633,19.14592,40.07194,20.68978,19.23245,-17.59412,-35.40228
32950.,40.06335,19.14598,40.07199,20.68984,19.23251,-17.59407,-35.40223
32960.,40.06339,19.14604,40.07204,20.6899,19.23257,-17.59402,-35.40218
32970.,40.06344,19.1461,40.07208,20.68996,19.23263,-17.59397,-35.40214
32980.,40.06349,19.14616,40.07213,20.69002,19.23269,-17.59392,-35.40209
32990.,40.06353,19.14622,40.07218,20.69008,19.23275,-17.59386,-35.40204
33000.,40.06358,19.14628,40.07222,20.69014,19.23281,-17.59381,-35.40199
33010.,40.06363,19.14634,40.07227,20.6902,19.23287,-17.59376,-35.40194
33020.,40.06367,19.1464,40.07232,20.69026,19.23293,-17.59371,-35.40189
33030.,40.06372,19.14646,40.07236,20.69032,19.23299,-17.59366,-35.40185
33040.,40.06377,19.14652,40.07241,20.69038,19.23304,-17.59361,-35.4018
33050.,40.06381,19.14657,40.07246,20.69044,19.2331,-17.59356,-35.40175
33060.,40.06386,19.14663,40.0725,20.69049,19.23316,-17.59351,-35.4017
33070.,40.06391,19.14669,40.07255,20.69055,19.23322,-17.59346,-35.40166
33080.,40.06395,19.14675,40.0726,20.69061,19.23328,-17.59341,-35.40161
33090.,40.064,19.14681,40.07264,20.69067,19.23334,-17.59336,-35.40156
33100.,40.06405,19.14687,40.07269,20.69073,19.2334,-17.59331,-35.40151
33110.,40.06409,19.14693,40.07274,20.69079,19.23345,-17.59326,-35.40146
33120.,40.06414,19.14698,40.07278,20.69085,19.23351,-17.59321,-35.40142
33130.,40.06419,19.14704,40.07283,20.69091,19.23357,-17.59316,-35.40137
33140.,40.06423,19.1471,40.07287,20.69096,19.23363,-17.59311,-35.40132
33150.,40.06428,19.14716,40.07292,20.69102,19.23369,-17.59306,-35.40128
33160.,40.06432,19.14722,40.07297,20.69108,19.23374,-17.59301,-35.40123
33170.,40.06437,19.14727,40.07301,20.69114,19.2338,-17.59296,-35.40118
33180.,40.06442,19.14733,40.07306,20.6912,19.23386,-17.59291,-35.40113
33190.,40.06446,19.14739,40.0731,20.69126,19.23392,-17.59286,-35.40109
33200.,40.06451,19.14745,40.07315,20.69131,19.23398,-17.59281,-35.40104
33210.,40.06455,19.1475,40.07319,20.69137,19.23403,-17.59276,-35.40099
33220.,40.0646,19.14756,40.07324,20.69143,19.23409,-17.59271,-35.40095
33230.,40.06464,19.14762,40.07329,20.69149,19.23415,-17.59266,-35.4009
33240.,40.06469,19.14768,40.07333,20.69155,19.2342,-17.59261,-35.40085
33250.,40.06473,19.14773,40.07338,20.6916,19.23426,-17.59256,-35.40081
33260.,40.06478,19.14779,40.07342,20.69166,19.23432,-17.59251,-35.40076
33270.,40.06483,19.14785,40.07347,20.69172,19.23438,-17.59246,-35.40071
33280.,40.06487,19.1479,40.07351,20.69178,19.23443,-17.59242,-35.40067
33290.,40.06492,19.14796,40.07356,20.69183,19.23449,-17.59237,-35.40062
33300.,40.06496,19.14802,40.0736,20.69189,19.23455,-17.59232,-35.40057
33310.,40.06501,19.14807,40.07365,20.69195,19.2346,-17.59227,-35.40053
33320.,40.06505,19.14813,40.07369,20.692,19.23466,-17.59222,-35.40048
33330.,40.0651,19.14819,40.07374,20.69206,19.23472,-17.59217,-35.40043
33340.,40.06514,19.14824,40.07378,20.69212,19.23477,-17.59212,-35.40039
33350.,40.06519,19.1483,40.07383,20.69217,19.23483,-17.59207,-35.40034
33360.,40.06523,19.14836,40.07387,20.69223,19.23489,-17.59203,-35.4003
33370.,40.06528,19.14841,40.07392,20.69229,19.23494,-17.59198,-35.40025
33380.,40.06532,19.14847,40.07396,20.69235,19.235,-17.59193,-35.4002
33390.,40.06536,19.14853,40.07401,20.6924,19.23505,-17.59188,-35.40016
33400.,40.06541,19.14858,40.07405,20.69246,19.23511,-17.59183,-35.40011
33410.,40.06545,19.14864,40.07409,20.69251,19.23517,-17.59178,-35.40007
33420.,40.0655,19.14869,40.07414,20.69257,19.23522,-17.59174,-35.40002
33430.,40.06554,19.14875,40.07418,20.69263,19.23528,-17.59169,-35.39998
33440.,40.06559,19.1488,40.07423,20.69268,19.23533,-17.59164,-35.39993
33450.,40.06563,19.14886,40.07427,20.69274,19.23539,-17.59159,-35.39989
33460.,40.06568,19.14892,40.07432,20.6928,19.23545,-17.59154,-35.39984
33470.,40.06572,19.14897,40.07436,20.69285,19.2355,-17.5915,-35.39979
33480.,40.06576,19.14903,40.0744,20.69291,19.23556,-17.59145,-35.39975
33490.,40.06581,19.14908,40.07445,20.69296,19.23561,-17.5914,-35.3997
33500.,40.06585,19.14914,40.07449,20.69302,19.23567,-17.59135,-35.39966
33510.,40.0659,19.14919,40.07454,20.69308,19.23572,-17.59131,-35.39961
33520.,40.06594,19.14925,40.07458,20.69313,19.23578,-17.59126,-35.39957
33530.,40.06598,19.1493,40.07462,20.69319,19.23583,-17.59121,-35.39952
33540.,40.06603,19.14936,40.07467,20.69324,19.23589,-17.59116,-35.39948
33550.,40.06607,19.14941,40.07471,20.6933,19.23594,-17.59112,-35.39943
33560.,40.06611,19.14947,40.07475,20.69335,19.236,-17.59107,-35.39939
33570.,40.06616,19.14952,40.0748,20.69341,19.23605,-17.59102,-35.39934
33580.,40.0662,19.14958,40.07484,20.69346,19.23611,-17.59097,-35.3993
33590.,40.06624,19.14963,40.07488,20.69352,19.23616,-17.59093,-35.39926
33600.,40.06629,19.14969,40.07493,20.69357,19.23622,-17.59088,-35.39921
33610.,40.06633,19.14974,40.07497,20.69363,19.23627,-17.59083,-35.39917
33620.,40.06637,19.1498,40.07501,20.69368,19.23633,-17.59079,-35.39912
33630.,40.06642,19.14985,40.07506,20.69374,19.23638,-17.59074,-35.39908
33640.,40.06646,19.1499,40.0751,20.69379,19.23644,-17.59069,-35.39903
33650.,40.0665,19.14996,40.07514,20.69385,19.23649,-17.59065,-35.39899
33660.,40.06655,19.15001,40.07519,20.6939,19.23654,-17.5906,-35.39894
33670.,40.06659,19.15007,40.07523,20.69396,19.2366,-17.59055,-35.3989
33680.,40.06663,19.15012,40.07527,20.69401,19.23665,-17.59051,-35.39886
33690.,40.06668,19.15018,40.07532,20.69407,19.23671,-17.59046,-35.39881
33700.,40.06672,19.15023,40.07536,20.69412,19.23676,-17.59041,-35.39877
33710.,40.06676,19.15028,40.0754,20.69417,19.23681,-17.59037,-35.39872
33720.,40.0668,19.15034,40.07544,20.69423,19.23687,-17.59032,-35.39868
33730.,40.06685,19.15039,40.07549,20.69428,19.23692,-17.59027,-35.39864
33740.,40.06689,19.15044,40.07553,20.69434,19.23697,-17.59023,-35.39859
33750.,40.06693,19.1505,40.07557,20.69439,19.23703,-17.59018,-35.39855
33760.,40.06697,19.15055,40.07561,20.69444,19.23708,-17.59014,-35.39851
33770.,40.06702,19.1506,40.07566,20.6945,19.23714,-17.59009,-35.39846
33780.,40.06706,19.15066,40.0757,20.69455,19.23719,-17.59004,-35.39842
33790.,40.0671,19.15071,40.07574,20.69461,19.23724,-17.59,-35.39837
33800.,40.06714,19.15076,40.07578,20.69466,19.2373,-17.58995,-35.39833
33810.,40.06719,19.15082,40.07583,20.69471,19.23735,-17.58991,-35.39829
33820.,40.06723,19.15087,40.07587,20.69477,19.2374,-17.58986,-35.39824
33830.,40.06727,19.15092,40.07591,20.69482,19.23745,-17.58982,-35.3982
33840.,40.06731,19.15098,40.07595,20.69487,19.23751,-17.58977,-35.39816
33850.,40.06735,19.15103,40.07599,20.69493,19.23756,-17.58972,-35.39812
33860.,40.0674,19.15108,40.07604,20.69498,19.23761,-17.58968,-35.39807
33870.,40.06744,19.15113,40.07608,20.69503,19.23767,-17.58963,-35.39803
33880.,40.06748,19.15119,40.07612,20.69509,19.23772,-17.58959,-35.39799
33890.,40.06752,19.15124,40.07616,20.69514,19.23777,-17.58954,-35.39794
33900.,40.06756,19.15129,40.0762,20.69519,19.23782,-17.5895,-35.3979
33910.,40.0676,19.15134,40.07624,20.69524,19.23788,-17.58945,-35.39786
33920.,40.06765,19.1514,40.07629,20.6953,19.23793,-17.58941,-35.39781
33930.,40.06769,19.15145,40.07633,20.69535,19.23798,-17.58936,-35.39777
33940.,40.06773,19.1515,40.07637,20.6954,19.23803,-17.58932,-35.39773
33950.,40.06777,19.15155,40.07641,20.69545,19.23809,-17.58927,-35.39769
33960.,40.06781,19.15161,40.07645,20.69551,19.23814,-17.58923,-35.39764
33970.,40.06785,19.15166,40.07649,20.69556,19.23819,-17.58918,-35.3976
33980.,40.06789,19.15171,40.07653,20.69561,19.23824,-17.58914,-35.39756
33990.,40.06794,19.15176,40.07657,20.69566,19.23829,-17.58909,-35.39752
34000.,40.06798,19.15181,40.07662,20.69572,19.23835,-17.58905,-35.39748
34010.,40.06802,19.15187,40.07666,20.69577,19.2384,-17.589,-35.39743
34020.,40.06806,19.15192,40.0767,20.69582,19.23845,-17.58896,-35.39739
34030.,40.0681,19.15197,40.07674,20.69587,19.2385,-17.58892,-35.39735
34040.,40.06814,19.15202,40.07678,20.69593,19.23855,-17.58887,-35.39731
34050.,40.06818,19.15207,40.07682,20.69598,19.2386,-17.58883,-35.39726
34060.,40.06822,19.15212,40.07686,20.69603,19.23865,-17.58878,-35.39722
34070.,40.06826,19.15217,40.0769,20.69608,19.23871,-17.58874,-35.39718
34080.,40.0683,19.15223,40.07694,20.69613,19.23876,-17.58869,-35.39714
34090.,40.06834,19.15228,40.07698,20.69618,19.23881,-17.58865,-35.3971
34100.,40.06839,19.15233,40.07702,20.69624,19.23886,-17.58861,-35.39706
34110.,40.06843,19.15238,40.07706,20.69629,19.23891,-17.58856,-35.39701
34120.,40.06847,19.15243,40.07711,20.69634,19.23896,-17.58852,-35.39697
34130.,40.06851,19.15248,40.07715,20.69639,19.23901,-17.58847,-35.39693
34140.,40.06855,19.15253,40.07719,20.69644,19.23906,-17.58843,-35.39689
34150.,40.06859,19.15258,40.07723,20.69649,19.23911,-17.58839,-35.39685
34160.,40.06863,19.15263,40.07727,20.69654,19.23917,-17.58834,-35.39681
34170.,40.06867,19.15268,40.07731,20.69659,19.23922,-17.5883,-35.39676
34180.,40.06871,19.15273,40.07735,20.69665,19.23927,-17.58826,-35.39672
34190.,40.06875,19.15279,40.07739,20.6967,19.23932,-17.58821,-35.39668
34200.,40.06879,19.15284,40.07743,20.69675,19.23937,-17.58817,-35.39664
34210.,40.06883,19.15289,40.07747,20.6968,19.23942,-17.58813,-35.3966
34220.,40.06887,19.15294,40.07751,20.69685,19.23947,-17.58808,-35.39656
34230.,40.06891,19.15299,40.07755,20.6969,19.23952,-17.58804,-35.39652
34240.,40.06895,19.15304,40.07759,20.69695,19.23957,-17.588,-35.39648
34250.,40.06899,19.15309,40.07763,20.697,19.23962,-17.58795,-35.39644
34260.,40.06903,19.15314,40.07767,20.69705,19.23967,-17.58791,-35.3964
34270.,40.06907,19.15319,40.07771,20.6971,19.23972,-17.58787,-35.39635
34280.,40.06911,19.15324,40.07775,20.69715,19.23977,-17.58782,-35.39631
34290.,40.06915,19.15329,40.07779,20.6972,19.23982,-17.58778,-35.39627
34300.,40.06919,19.15334,40.07782,20.69725,19.23987,-17.58774,-35.39623
34310.,40.06923,19.15339,40.07786,20.6973,19.23992,-17.58769,-35.39619
34320.,40.06927,19.15344,40.0779,20.69735,19.23997,-17.58765,-35.39615
34330.,40.0693,19.15349,40.07794,20.6974,19.24002,-17.58761,-35.39611
34340.,40.06934,19.15353,40.07798,20.69745,19.24007,-17.58757,-35.39607
34350.,40.06938,19.15358,40.07802,20.6975,19.24012,-17.58752,-35.39603
34360.,40.06942,19.15363,40.07806,20.69755,19.24017,-17.58748,-35.39599
34370.,40.06946,19.15368,40.0781,20.6976,19.24022,-17.58744,-35.39595
34380.,40.0695,19.15373,40.07814,20.69765,19.24027,-17.5874,-35.39591
34390.,40.06954,19.15378,40.07818,20.6977,19.24031,-17.58735,-35.39587
34400.,40.06958,19.15383,40.07822,20.69775,19.24036,-17.58731,-35.39583
34410.,40.06962,19.15388,40.07826,20.6978,19.24041,-17.58727,-35.39579
34420.,40.06966,19.15393,40.0783,20.69785,19.24046,-17.58723,-35.39575
34430.,40.0697,19.15398,40.07833,20.6979,19.24051,-17.58719,-35.39571
34440.,40.06973,19.15403,40.07837,20.69795,19.24056,-17.58714,-35.39567
34450.,40.06977,19.15408,40.07841,20.698,19.24061,-17.5871,-35.39563
34460.,40.06981,19.15412,40.07845,20.69805,19.24066,-17.58706,-35.39559
34470.,40.06985,19.15417,40.07849,20.6981,19.24071,-17.58702,-35.39555
34480.,40.06989,19.15422,40.07853,20.69814,19.24075,-17.58698,-35.39551
34490.,40.06993,19.15427,40.07857,20.69819,19.2408,-17.58693,-35.39547
34500.,40.06997,19.15432,40.0786,20.69824,19.24085,-17.58689,-35.39543
34510.,40.07001,19.15437,40.07864,20.69829,19.2409,-17.58685,-35.39539
34520.,40.07004,19.15442,40.07868,20.69834,19.24095,-17.58681,-35.39535
34530.,40.07008,19.15446,40.07872,20.69839,19.241,-17.58677,-35.39531
34540.,40.07012,19.15451,40.07876,20.69844,19.24105,-17.58673,-35.39527
34550.,40.07016,19.15456,40.0788,20.69849,19.24109,-17.58668,-35.39523
34560.,40.0702,19.15461,40.07883,20.69853,19.24114,-17.58664,-35.39519
34570.,40.07024,19.15466,40.07887,20.69858,19.24119,-17.5866,-35.39515
34580.,40.07027,19.1547,40.07891,20.69863,19.24124,-17.58656,-35.39512
34590.,40.07031,19.15475,40.07895,20.69868,19.24129,-17.58652,-35.39508
34600.,40.07035,19.1548,40.07899,20.69873,19.24133,-17.58648,-35.39504
34610.,40.07039,19.15485,40.07902,20.69878,19.24138,-17.58644,-35.395
34620.,40.07043,19.1549,40.07906,20.69882,19.24143,-17.58639,-35.39496
34630.,40.07046,19.15494,40.0791,20.69887,19.24148,-17.58635,-35.39492
34640.,40.0705,19.15499,40.07914,20.69892,19.24152,-17.58631,-35.39488
34650.,40.07054,19.15504,40.07918,20.69897,19.24157,-17.58627,-35.39484
34660.,40.07058,19.15509,40.07921,20.69902,19.24162,-17.58623,-35.3948
34670.,40.07061,19.15513,40.07925,20.69906,19.24167,-17.58619,-35.39477
34680.,40.07065,19.15518,40.07929,20.69911,19.24171,-17.58615,-35.39473
34690.,40.07069,19.15523,40.07933,20.69916,19.24176,-17.58611,-35.39469
34700.,40.07073,19.15528,40.07936,20.69921,19.24181,-17.58607,-35.39465
34710.,40.07076,19.15532,40.0794,20.69925,19.24186,-17.58603,-35.39461
34720.,40.0708,19.15537,40.07944,20.6993,19.2419,-17.58599,-35.39457
34730.,40.07084,19.15542,40.07948,20.69935,19.24195,-17.58595,-35.39453
34740.,40.07088,19.15546,40.07951,20.6994,19.242,-17.58591,-35.3945
34750.,40.07091,19.15551,40.07955,20.69944,19.24204,-17.58587,-35.39446
34760.,40.07095,19.15556,40.07959,20.69949,19.24209,-17.58582,-35.39442
34770.,40.07099,19.1556,40.07963,20.69954,19.24214,-17.58578,-35.39438
34780.,40.07103,19.15565,40.07966,20.69959,19.24219,-17.58574,-35.39434
34790.,40.07106,19.1557,40.0797,20.69963,19.24223,-17.5857,-35.3943
34800.,40.0711,19.15574,40.07974,20.69968,19.24228,-17.58566,-35.39427
34810.,40.07114,19.15579,40.07977,20.69973,19.24233,-17.58562,-35.39423
34820.,40.07117,19.15584,40.07981,20.69977,19.24237,-17.58558,-35.39419
34830.,40.07121,19.15588,40.07985,20.69982,19.24242,-17.58554,-35.39415
34840.,40.07125,19.15593,40.07988,20.69987,19.24246,-17.5855,-35.39412
34850.,40.07128,19.15598,40.07992,20.69991,19.24251,-17.58546,-35.39408
34860.,40.07132,19.15602,40.07996,20.69996,19.24256,-17.58542,-35.39404
34870.,40.07136,19.15607,40.07999,20.70001,19.2426,-17.58538,-35.394
34880.,40.07139,19.15612,40.08003,20.70005,19.24265,-17.58534,-35.39396
34890.,40.07143,19.15616,40.08007,20.7001,19.2427,-17.5853,-35.39393
34900.,40.07147,19.15621,40.0801,20.70015,19.24274,-17.58527,-35.39389
34910.,40.0715,19.15625,40.08014,20.70019,19.24279,-17.58523,-35.39385
34920.,40.07154,19.1563,40.08018,20.70024,19.24283,-17.58519,-35.39381
34930.,40.07158,19.15635,40.08021,20.70029,19.24288,-17.58515,-35.39378
34940.,40.07161,19.15639,40.08025,20.70033,19.24293,-17.58511,-35.39374
34950.,40.07165,19.15644,40.08029,20.70038,19.24297,-17.58507,-35.3937
34960.,40.07169,19.15648,40.08032,20.70042,19.24302,-17.58503,-35.39366
34970.,40.07172,19.15653,40.08036,20.70047,19.24306,-17.58499,-35.39363
34980.,40.07176,19.15657,40.08039,20.70052,19.24311,-17.58495,-35.39359
34990.,40.07179,19.15662,40.08043,20.70056,19.24315,-17.58491,-35.39355
35000.,40.07183,19.15666,40.08047,20.70061,19.2432,-17.58487,-35.39352
35010.,40.07187,19.15671,40.0805,20.70065,19.24324,-17.58483,-35.39348
35020.,40.0719,19.15676,40.08054,20.7007,19.24329,-17.58479,-35.39344
35030.,40.07194,19.1568,40.08057,20.70074,19.24333,-17.58475,-35.39341
35040.,40.07197,19.15685,40.08061,20.70079,19.24338,-17.58472,-35.39337
35050.,40.07201,19.15689,40.08065,20.70084,19.24343,-17.58468,-35.39333
35060.,40.07205,19.15694,40.08068,20.70088,19.24347,-17.58464,-35.39329
35070.,40.07208,19.15698,40.08072,20.70093,19.24352,-17.5846,-35.39326
35080.,40.07212,19.15703,40.08075,20.70097,19.24356,-17.58456,-35.39322
35090.,40.07215,19.15707,40.08079,20.70102,19.24361,-17.58452,-35.39318
35100.,40.07219,19.15712,40.08082,20.70106,19.24365,-17.58448,-35.39315
35110.,40.07222,19.15716,40.08086,20.70111,19.24369,-17.58444,-35.39311
35120.,40.07226,19.1572,40.0809,20.70115,19.24374,-17.58441,-35.39308
35130.,40.07229,19.15725,40.08093,20.7012,19.24378,-17.58437,-35.39304
35140.,40.07233,19.15729,40.08097,20.70124,19.24383,-17.58433,-35.393
35150.,40.07237,19.15734,40.081,20.70129,19.24387,-17.58429,-35.39297
35160.,40.0724,19.15738,40.08104,20.70133,19.24392,-17.58425,-35.39293
35170.,40.07244,19.15743,40.08107,20.70138,19.24396,-17.58421,-35.39289
35180.,40.07247,19.15747,40.08111,20.70142,19.24401,-17.58418,-35.39286
35190.,40.07251,19.15752,40.08114,20.70147,19.24405,-17.58414,-35.39282
35200.,40.07254,19.15756,40.08118,20.70151,19.2441,-17.5841,-35.39278
35210.,40.07258,19.1576,40.08121,20.70155,19.24414,-17.58406,-35.39275
35220.,40.07261,19.15765,40.08125,20.7016,19.24418,-17.58402,-35.39271
35230.,40.07265,19.15769,40.08128,20.70164,19.24423,-17.58399,-35.39268
35240.,40.07268,19.15774,40.08132,20.70169,19.24427,-17.58395,-35.39264
35250.,40.07272,19.15778,40.08135,20.70173,19.24432,-17.58391,-35.39261
35260.,40.07275,19.15782,40.08139,20.70178,19.24436,-17.58387,-35.39257
35270.,40.07279,19.15787,40.08142,20.70182,19.2444,-17.58384,-35.39253
35280.,40.07282,19.15791,40.08146,20.70187,19.24445,-17.5838,-35.3925
35290.,40.07286,19.15796,40.08149,20.70191,19.24449,-17.58376,-35.39246
35300.,40.07289,19.158,40.08153,20.70195,19.24453,-17.58372,-35.39243
35310.,40.07293,19.15804,40.08156,20.702,19.24458,-17.58368,-35.39239
35320.,40.07296,19.15809,40.0816,20.70204,19.24462,-17.58365,-35.39236
35330.,40.07299,19.15813,40.08163,20.70208,19.24467,-17.58361,-35.39232
35340.,40.07303,19.15817,40.08166,20.70213,19.24471,-17.58357,-35.39228
35350.,40.07306,19.15822,40.0817,20.70217,19.24475,-17.58353,-35.39225
35360.,40.0731,19.15826,40.08173,20.70222,19.2448,-17.5835,-35.39221
35370.,40.07313,19.1583,40.08177,20.70226,19.24484,-17.58346,-35.39218
35380.,40.07317,19.15835,40.0818,20.7023,19.24488,-17.58342,-35.39214
35390.,40.0732,19.15839,40.08184,20.70235,19.24493,-17.58339,-35.39211
35400.,40.07324,19.15843,40.08187,20.70239,19.24497,-17.58335,-35.39207
35410.,40.07327,19.15848,40.0819,20.70243,19.24501,-17.58331,-35.39204
35420.,40.0733,19.15852,40.08194,20.70248,19.24505,-17.58327,-35.392
35430.,40.07334,19.15856,40.08197,20.70252,19.2451,-17.58324,-35.39197
35440.,40.07337,19.1586,40.08201,20.70256,19.24514,-17.5832,-35.39193
35450.,40.07341,19.15865,40.08204,20.70261,19.24518,-17.58316,-35.3919
35460.,40.07344,19.15869,40.08207,20.70265,19.24523,-17.58313,-35.39186
35470.,40.07347,19.15873,40.08211,20.70269,19.24527,-17.58309,-35.39183
35480.,40.07351,19.15878,40.08214,20.70274,19.24531,-17.58305,-35.39179
35490.,40.07354,19.15882,40.08218,20.70278,19.24535,-17.58302,-35.39176
35500.,40.07357,19.15886,40.08221,20.70282,19.2454,-17.58298,-35.39172
35510.,40.07361,19.1589,40.08224,20.70286,19.24544,-17.58294,-35.39169
35520.,40.07364,19.15895,40.08228,20.70291,19.24548,-17.58291,-35.39165
35530.,40.07368,19.15899,40.08231,20.70295,19.24552,-17.58287,-35.39162
35540.,40.07371,19.15903,40.08234,20.70299,19.24557,-17.58283,-35.39159
35550.,40.07374,19.15907,40.08238,20.70303,19.24561,-17.5828,-35.39155
35560.,40.07378,19.15911,40.08241,20.70308,19.24565,-17.58276,-35.39152
35570.,40.07381,19.15916,40.08245,20.70312,19.24569,-17.58273,-35.39148
35580.,40.07384,19.1592,40.08248,20.70316,19.24573,-17.58269,-35.39145
35590.,40.07388,19.15924,40.08251,20.7032,19.24578,-17.58265,-35.39141
35600.,40.07391,19.15928,40.08255,20.70325,19.24582,-17.58262,-35.39138
35610.,40.07394,19.15932,40.08258,20.70329,19.24586,-17.58258,-35.39134
35620.,40.07398,19.15937,40.08261,20.70333,19.2459,-17.58254,-35.39131
35630.,40.07401,19.15941,40.08265,20.70337,19.24594,-17.58251,-35.39128
35640.,40.07404,19.15945,40.08268,20.70342,19.24599,-17.58247,-35.39124
35650.,40.07408,19.15949,40.08271,20.70346,19.24603,-17.58244,-35.39121
35660.,40.07411,19.15953,40.08274,20.7035,19.24607,-17.5824,-35.39117
35670.,40.07414,19.15958,40.08278,20.70354,19.24611,-17.58237,-35.39114
35680.,40.07418,19.15962,40.08281,20.70358,19.24615,-17.58233,-35.39111
35690.,40.07421,19.15966,40.08284,20.70363,19.24619,-17.58229,-35.39107
35700.,40.07424,19.1597,40.08288,20.70367,19.24624,-17.58226,-35.39104
35710.,40.07427,19.15974,40.08291,20.70371,19.24628,-17.58222,-35.39101
35720.,40.07431,19.15978,40.08294,20.70375,19.24632,-17.58219,-35.39097
35730.,40.07434,19.15982,40.08297,20.70379,19.24636,-17.58215,-35.39094
35740.,40.07437,19.15986,40.08301,20.70383,19.2464,-17.58212,-35.3909
35750.,40.07441,19.15991,40.08304,20.70387,19.24644,-17.58208,-35.39087
35760.,40.07444,19.15995,40.08307,20.70392,19.24648,-17.58205,-35.39084
35770.,40.07447,19.15999,40.08311,20.70396,19.24652,-17.58201,-35.3908
35780.,40.0745,19.16003,40.08314,20.704,19.24657,-17.58197,-35.39077
35790.,40.07454,19.16007,40.08317,20.70404,19.24661,-17.58194,-35.39074
35800.,40.07457,19.16011,40.0832,20.70408,19.24665,-17.5819,-35.3907
35810.,40.0746,19.16015,40.08324,20.70412,19.24669,-17.58187,-35.39067
35820.,40.07463,19.16019,40.08327,20.70416,19.24673,-17.58183,-35.39064
35830.,40.07467,19.16023,40.0833,20.7042,19.24677,-17.5818,-35.3906
35840.,40.0747,19.16027,40.08333,20.70425,19.24681,-17.58176,-35.39057
35850.,40.07473,19.16031,40.08336,20.70429,19.24685,-17.58173,-35.39054
35860.,40.07476,19.16035,40.0834,20.70433,19.24689,-17.58169,-35.3905
35870.,40.07479,19.1604,40.08343,20.70437,19.24693,-17.58166,-35.39047
35880.,40.07483,19.16044,40.08346,20.70441,19.24697,-17.58162,-35.39044
35890.,40.07486,19.16048,40.08349,20.70445,19.24701,-17.58159,-35.39041
35900.,40.07489,19.16052,40.08352,20.70449,19.24705,-17.58155,-35.39037
35910.,40.07492,19.16056,40.08356,20.70453,19.24709,-17.58152,-35.39034
35920.,40.07495,19.1606,40.08359,20.70457,19.24713,-17.58149,-35.39031
35930.,40.07499,19.16064,40.08362,20.70461,19.24717,-17.58145,-35.39027
35940.,40.07502,19.16068,40.08365,20.70465,19.24721,-17.58142,-35.39024
35950.,40.07505,19.16072,40.08368,20.70469,19.24725,-17.58138,-35.39021
35960.,40.07508,19.16076,40.08372,20.70473,19.24729,-17.58135,-35.39018
35970.,40.07511,19.1608,40.08375,20.70477,19.24733,-17.58131,-35.39014
35980.,40.07515,19.16084,40.08378,20.70481,19.24737,-17.58128,-35.39011
35990.,40.07518,19.16088,40.08381,20.70485,19.24741,-17.58124,-35.39008
36000.,40.07521,19.16092,40.08384,20.70489,19.24745,-17.58121,-35.39005
36010.,40.07524,19.16096,40.08387,20.70493,19.24749,-17.58118,-35.39001
36020.,40.07527,19.161,40.08391,20.70497,19.24753,-17.58114,-35.38998
36030.,40.0753,19.16104,40.08394,20.70501,19.24757,-17.58111,-35.38995
36040.,40.07533,19.16108,40.08397,20.70505,19.24761,-17.58107,-35.38992
36050.,40.07537,19.16112,40.084,20.70509,19.24765,-17.58104,-35.38988
36060.,40.0754,19.16115,40.08403,20.70513,19.24769,-17.581,-35.38985
36070.,40.07543,19.16119,40.08406,20.70517,19.24773,-17.58097,-35.38982
36080.,40.07546,19.16123,40.08409,20.70521,19.24777,-17.58094,-35.38979
36090.,40.07549,19.16127,40.08413,20.70525,19.24781,-17.5809,-35.38975
36100.,40.07552,19.16131,40.08416,20.70529,19.24785,-17.58087,-35.38972
36110.,40.07555,19.16135,40.08419,20.70533,19.24789,-17.58084,-35.38969
36120.,40.07558,19.16139,40.08422,20.70537,19.24793,-17.5808,-35.38966
36130.,40.07562,19.16143,40.08425,20.70541,19.24797,-17.58077,-35.38963
36140.,40.07565,19.16147,40.08428,20.70545,19.24801,-17.58073,-35.38959
36150.,40.07568,19.16151,40.08431,20.70549,19.24805,-17.5807,-35.38956
36160.,40.07571,19.16155,40.08434,20.70553,19.24808,-17.58067,-35.38953
36170.,40.07574,19.16159,40.08437,20.70557,19.24812,-17.58063,-35.3895
36180.,40.07577,19.16162,40.0844,20.70561,19.24816,-17.5806,-35.38947
36190.,40.0758,19.16166,40.08444,20.70565,19.2482,-17.58057,-35.38944
36200.,40.07583,19.1617,40.08447,20.70569,19.24824,-17.58053,-35.3894
36210.,40.07586,19.16174,40.0845,20.70573,19.24828,-17.5805,-35.38937
36220.,40.07589,19.16178,40.08453,20.70576,19.24832,-17.58047,-35.38934
36230.,40.07592,19.16182,40.08456,20.7058,19.24836,-17.58043,-35.38931
36240.,40.07596,19.16186,40.08459,20.70584,19.24839,-17.5804,-35.38928
36250.,40.07599,19.1619,40.08462,20.70588,19.24843,-17.58037,-35.38925
36260.,40.07602,19.16193,40.08465,20.70592,19.24847,-17.58033,-35.38922
36270.,40.07605,19.16197,40.08468,20.70596,19.24851,-17.5803,-35.38918
36280.,40.07608,19.16201,40.08471,20.706,19.24855,-17.58027,-35.38915
36290.,40.07611,19.16205,40.08474,20.70604,19.24859,-17.58023,-35.38912
36300.,40.07614,19.16209,40.08477,20.70607,19.24862,-17.5802,-35.38909
36310.,40.07617,19.16213,40.0848,20.70611,19.24866,-17.58017,-35.38906
36320.,40.0762,19.16216,40.08483,20.70615,19.2487,-17.58014,-35.38903
36330.,40.07623,19.1622,40.08486,20.70619,19.24874,-17.5801,-35.389
36340.,40.07626,19.16224,40.08489,20.70623,19.24878,-17.58007,-35.38897
36350.,40.07629,19.16228,40.08492,20.70627,19.24882,-17.58004,-35.38893
36360.,40.07632,19.16232,40.08495,20.7063,19.24885,-17.58,-35.3889
36370.,40.07635,19.16235,40.08498,20.70634,19.24889,-17.57997,-35.38887
36380.,40.07638,19.16239,40.08501,20.70638,19.24893,-17.57994,-35.38884
36390.,40.07641,19.16243,40.08504,20.70642,19.24897,-17.57991,-35.38881
36400.,40.07644,19.16247,40.08507,20.70646,19.24901,-17.57987,-35.38878
36410.,40.07647,19.16251,40.0851,20.7065,19.24904,-17.57984,-35.38875
36420.,40.0765,19.16254,40.08513,20.70653,19.24908,-17.57981,-35.38872
36430.,40.07653,19.16258,40.08516,20.70657,19.24912,-17.57978,-35.38869
36440.,40.07656,19.16262,40.08519,20.70661,19.24916,-17.57974,-35.38866
36450.,40.07659,19.16266,40.08522,20.70665,19.24919,-17.57971,-35.38863
36460.,40.07662,19.16269,40.08525,20.70668,19.24923,-17.57968,-35.3886
36470.,40.07665,19.16273,40.08528,20.70672,19.24927,-17.57965,-35.38857
36480.,40.07668,19.16277,40.08531,20.70676,19.24931,-17.57962,-35.38853
36490.,40.07671,19.16281,40.08534,20.7068,19.24934,-17.57958,-35.3885
36500.,40.07674,19.16284,40.08537,20.70684,19.24938,-17.57955,-35.38847
36510.,40.07677,19.16288,40.0854,20.70687,19.24942,-17.57952,-35.38844
36520.,40.0768,19.16292,40.08543,20.70691,19.24945,-17.57949,-35.38841
36530.,40.07683,19.16295,40.08546,20.70695,19.24949,-17.57946,-35.38838
36540.,40.07686,19.16299,40.08549,20.70699,19.24953,-17.57942,-35.38835
36550.,40.07689,19.16303,40.08552,20.70702,19.24957,-17.57939,-35.38832
36560.,40.07692,19.16307,40.08555,20.70706,19.2496,-17.57936,-35.38829
36570.,40.07694,19.1631,40.08558,20.7071,19.24964,-17.57933,-35.38826
36580.,40.07697,19.16314,40.08561,20.70713,19.24968,-17.5793,-35.38823
36590.,40.077,19.16318,40.08564,20.70717,19.24971,-17.57926,-35.3882
36600.,40.07703,19.16321,40.08567,20.70721,19.24975,-17.57923,-35.38817
36610.,40.07706,19.16325,40.08569,20.70725,19.24979,-17.5792,-35.38814
36620.,40.07709,19.16329,40.08572,20.70728,19.24982,-17.57917,-35.38811
36630.,40.07712,19.16332,40.08575,20.70732,19.24986,-17.57914,-35.38808
36640.,40.07715,19.16336,40.08578,20.70736,19.2499,-17.57911,-35.38805
36650.,40.07718,19.1634,40.08581,20.70739,19.24993,-17.57908,-35.38802
36660.,40.07721,19.16343,40.08584,20.70743,19.24997,-17.57904,-35.38799
36670.,40.07724,19.16347,40.08587,20.70747,19.25001,-17.57901,-35.38796
36680.,40.07726,19.16351,40.0859,20.7075,19.25004,-17.57898,-35.38793
36690.,40.07729,19.16354,40.08593,20.70754,19.25008,-17.57895,-35.3879
36700.,40.07732,19.16358,40.08596,20.70758,19.25012,-17.57892,-35.38787
36710.,40.07735,19.16361,40.08598,20.70761,19.25015,-17.57889,-35.38784
36720.,40.07738,19.16365,40.08601,20.70765,19.25019,-17.57886,-35.38781
36730.,40.07741,19.16369,40.08604,20.70769,19.25022,-17.57882,-35.38778
36740.,40.07744,19.16372,40.08607,20.70772,19.25026,-17.57879,-35.38776
36750.,40.07747,19.16376,40.0861,20.70776,19.2503,-17.57876,-35.38773
36760.,40.07749,19.16379,40.08613,20.7078,19.25033,-17.57873,-35.3877
36770.,40.07752,19.16383,40.08616,20.70783,19.25037,-17.5787,-35.38767
36780.,40.07755,19.16387,40.08618,20.70787,19.25041,-17.57867,-35.38764
36790.,40.07758,19.1639,40.08621,20.7079,19.25044,-17.57864,-35.38761
36800.,40.07761,19.16394,40.08624,20.70794,19.25048,-17.57861,-35.38758
36810.,40.07764,19.16397,40.08627,20.70798,19.25051,-17.57858,-35.38755
36820.,40.07767,19.16401,40.0863,20.70801,19.25055,-17.57855,-35.38752
36830.,40.07769,19.16405,40.08633,20.70805,19.25058,-17.57852,-35.38749
36840.,40.07772,19.16408,40.08635,20.70808,19.25062,-17.57848,-35.38746
36850.,40.07775,19.16412,40.08638,20.70812,19.25066,-17.57845,-35.38743
36860.,40.07778,19.16415,40.08641,20.70816,19.25069,-17.57842,-35.3874
36870.,40.07781,19.16419,40.08644,20.70819,19.25073,-17.57839,-35.38738
36880.,40.07784,19.16422,40.08647,20.70823,19.25076,-17.57836,-35.38735
36890.,40.07786,19.16426,40.0865,20.70826,19.2508,-17.57833,-35.38732
36900.,40.07789,19.16429,40.08652,20.7083,19.25083,-17.5783,-35.38729
36910.,40.07792,19.16433,40.08655,20.70833,19.25087,-17.57827,-35.38726
36920.,40.07795,19.16436,40.08658,20.70837,19.2509,-17.57824,-35.38723
36930.,40.07798,19.1644,40.08661,20.70841,19.25094,-17.57821,-35.3872
36940.,40.078,19.16444,40.08664,20.70844,19.25097,-17.57818,-35.38717
36950.,40.07803,19.16447,40.08666,20.70848,19.25101,-17.57815,-35.38715
36960.,40.07806,19.16451,40.08669,20.70851,19.25104,-17.57812,-35.38712
36970.,40.07809,19.16454,40.08672,20.70855,19.25108,-17.57809,-35.38709
36980.,40.07811,19.16458,40.08675,20.70858,19.25111,-17.57806,-35.38706
36990.,40.07814,19.16461,40.08677,20.70862,19.25115,-17.57803,-35.38703
37000.,40.07817,19.16465,40.0868,20.70865,19.25118,-17.578,-35.387
37010.,40.0782,19.16468,40.08683,20.70869,19.25122,-17.57797,-35.38697
37020.,40.07823,19.16471,40.08686,20.70872,19.25125,-17.57794,-35.38695
37030.,40.07825,19.16475,40.08689,20.70876,19.25129,-17.57791,-35.38692
37040.,40.07828,19.16478,40.08691,20.70879,19.25132,-17.57788,-35.38689
37050.,40.07831,19.16482,40.08694,20.70883,19.25136,-17.57785,-35.38686
37060.,40.07834,19.16485,40.08697,20.70886,19.25139,-17.57782,-35.38683
37070.,40.07836,19.16489,40.087,20.7089,19.25143,-17.57779,-35.3868
37080.,40.07839,19.16492,40.08702,20.70893,19.25146,-17.57776,-35.38678
37090.,40.07842,19.16496,40.08705,20.70897,19.2515,-17.57773,-35.38675
37100.,40.07845,19.16499,40.08708,20.709,19.25153,-17.5777,-35.38672
37110.,40.07847,19.16503,40.0871,20.70904,19.25157,-17.57767,-35.38669
37120.,40.0785,19.16506,40.08713,20.70907,19.2516,-17.57764,-35.38666
37130.,40.07853,19.16509,40.08716,20.70911,19.25163,-17.57761,-35.38664
37140.,40.07855,19.16513,40.08719,20.70914,19.25167,-17.57758,-35.38661
37150.,40.07858,19.16516,40.08721,20.70918,19.2517,-17.57755,-35.38658
37160.,40.07861,19.1652,40.08724,20.70921,19.25174,-17.57752,-35.38655
37170.,40.07864,19.16523,40.08727,20.70924,19.25177,-17.57749,-35.38652
37180.,40.07866,19.16527,40.08729,20.70928,19.25181,-17.57746,-35.3865
37190.,40.07869,19.1653,40.08732,20.70931,19.25184,-17.57744,-35.38647
37200.,40.07872,19.16533,40.08735,20.70935,19.25187,-17.57741,-35.38644
37210.,40.07874,19.16537,40.08738,20.70938,19.25191,-17.57738,-35.38641
37220.,40.07877,19.1654,40.0874,20.70942,19.25194,-17.57735,-35.38639
37230.,40.0788,19.16544,40.08743,20.70945,19.25197,-17.57732,-35.38636
37240.,40.07882,19.16547,40.08746,20.70948,19.25201,-17.57729,-35.38633
37250.,40.07885,19.1655,40.08748,20.70952,19.25204,-17.57726,-35.3863
37260.,40.07888,19.16554,40.08751,20.70955,19.25208,-17.57723,-35.38627
37270.,40.07891,19.16557,40.08754,20.70959,19.25211,-17.5772,-35.38625
37280.,40.07893,19.1656,40.08756,20.70962,19.25214,-17.57717,-35.38622
37290.,40.07896,19.16564,40.08759,20.70965,19.25218,-17.57714,-35.38619
37300.,40.07899,19.16567,40.08762,20.70969,19.25221,-17.57712,-35.38617
37310.,40.07901,19.1657,40.08764,20.70972,19.25224,-17.57709,-35.38614
37320.,40.07904,19.16574,40.08767,20.70975,19.25228,-17.57706,-35.38611
37330.,40.07907,19.16577,40.0877,20.70979,19.25231,-17.57703,-35.38608
37340.,40.07909,19.16581,40.08772,20.70982,19.25234,-17.577,-35.38606
37350.,40.07912,19.16584,40.08775,20.70986,19.25238,-17.57697,-35.38603
37360.,40.07914,19.16587,40.08778,20.70989,19.25241,-17.57694,-35.386
37370.,40.07917,19.16591,40.0878,20.70992,19.25244,-17.57691,-35.38597
37380.,40.0792,19.16594,40.08783,20.70996,19.25248,-17.57689,-35.38595
37390.,40.07922,19.16597,40.08786,20.70999,19.25251,-17.57686,-35.38592
37400.,40.07925,19.166,40.08788,20.71002,19.25254,-17.57683,-35.38589
37410.,40.07928,19.16604,40.08791,20.71006,19.25258,-17.5768,-35.38587
37420.,40.0793,19.16607,40.08793,20.71009,19.25261,-17.57677,-35.38584
37430.,40.07933,19.1661,40.08796,20.71012,19.25264,-17.57674,-35.38581
37440.,40.07935,19.16614,40.08799,20.71016,19.25268,-17.57672,-35.38579
37450.,40.07938,19.16617,40.08801,20.71019,19.25271,-17.57669,-35.38576
37460.,40.07941,19.1662,40.08804,20.71022,19.25274,-17.57666,-35.38573
37470.,40.07943,19.16624,40.08806,20.71026,19.25277,-17.57663,-35.3857
37480.,40.07946,19.16627,40.08809,20.71029,19.25281,-17.5766,-35.38568
37490.,40.07949,19.1663,40.08812,20.71032,19.25284,-17.57657,-35.38565
37500.,40.07951,19.16633,40.08814,20.71035,19.25287,-17.57655,-35.38562
37510.,40.07954,19.16637,40.08817,20.71039,19.25291,-17.57652,-35.3856
37520.,40.07956,19.1664,40.08819,20.71042,19.25294,-17.57649,-35.38557
37530.,40.07959,19.16643,40.08822,20.71045,19.25297,-17.57646,-35.38554
37540.,40.07961,19.16646,40.08825,20.71049,19.253,-17.57643,-35.38552
37550.,40.07964,19.1665,40.08827,20.71052,19.25304,-17.57641,-35.38549
37560.,40.07967,19.16653,40.0883,20.71055,19.25307,-17.57638,-35.38547
37570.,40.07969,19.16656,40.08832,20.71058,19.2531,-17.57635,-35.38544
37580.,40.07972,19.16659,40.08835,20.71062,19.25313,-17.57632,-35.38541
37590.,40.07974,19.16663,40.08837,20.71065,19.25317,-17.57629,-35.38539
37600.,40.07977,19.16666,40.0884,20.71068,19.2532,-17.57627,-35.38536
37610.,40.07979,19.16669,40.08843,20.71071,19.25323,-17.57624,-35.38533
37620.,40.07982,19.16672,40.08845,20.71075,19.25326,-17.57621,-35.38531
37630.,40.07985,19.16675,40.08848,20.71078,19.25329,-17.57618,-35.38528
37640.,40.07987,19.16679,40.0885,20.71081,19.25333,-17.57616,-35.38526
37650.,40.0799,19.16682,40.08853,20.71084,19.25336,-17.57613,-35.38523
37660.,40.07992,19.16685,40.08855,20.71088,19.25339,-17.5761,-35.3852
37670.,40.07995,19.16688,40.08858,20.71091,19.25342,-17.57607,-35.38518
37680.,40.07997,19.16691,40.0886,20.71094,19.25345,-17.57605,-35.38515
37690.,40.08,19.16695,40.08863,20.71097,19.25349,-17.57602,-35.38512
37700.,40.08002,19.16698,40.08865,20.711,19.25352,-17.57599,-35.3851
37710.,40.08005,19.16701,40.08868,20.71104,19.25355,-17.57596,-35.38507
37720.,40.08007,19.16704,40.0887,20.71107,19.25358,-17.57594,-35.38505
37730.,40.0801,19.16707,40.08873,20.7111,19.25361,-17.57591,-35.38502
37740.,40.08012,19.1671,40.08875,20.71113,19.25365,-17.57588,-35.385
37750.,40.08015,19.16714,40.08878,20.71116,19.25368,-17.57585,-35.38497
37760.,40.08017,19.16717,40.08881,20.7112,19.25371,-17.57583,-35.38494
37770.,40.0802,19.1672,40.08883,20.71123,19.25374,-17.5758,-35.38492
37780.,40.08022,19.16723,40.08886,20.71126,19.25377,-17.57577,-35.38489
37790.,40.08025,19.16726,40.08888,20.71129,19.2538,-17.57575,-35.38487
37800.,40.08027,19.16729,40.08891,20.71132,19.25383,-17.57572,-35.38484
37810.,40.0803,19.16733,40.08893,20.71135,19.25387,-17.57569,-35.38482
37820.,40.08032,19.16736,40.08895,20.71139,19.2539,-17.57566,-35.38479
37830.,40.08035,19.16739,40.08898,20.71142,19.25393,-17.57564,-35.38476
37840.,40.08037,19.16742,40.089,20.71145,19.25396,-17.57561,-35.38474
37850.,40.0804,19.16745,40.08903,20.71148,19.25399,-17.57558,-35.38471
37860.,40.08042,19.16748,40.08905,20.71151,19.25402,-17.57556,-35.38469
37870.,40.08045,19.16751,40.08908,20.71154,19.25405,-17.57553,-35.38466
37880.,40.08047,19.16754,40.0891,20.71158,19.25408,-17.5755,-35.38464
37890.,40.0805,19.16757,40.08913,20.71161,19.25412,-17.57548,-35.38461
37900.,40.08052,19.16761,40.08915,20.71164,19.25415,-17.57545,-35.38459
37910.,40.08055,19.16764,40.08918,20.71167,19.25418,-17.57542,-35.38456
37920.,40.08057,19.16767,40.0892,20.7117,19.25421,-17.5754,-35.38454
37930.,40.0806,19.1677,40.08923,20.71173,19.25424,-17.57537,-35.38451
37940.,40.08062,19.16773,40.08925,20.71176,19.25427,-17.57534,-35.38449
37950.,40.08064,19.16776,40.08928,20.71179,19.2543,-17.57532,-35.38446
37960.,40.08067,19.16779,40.0893,20.71182,19.25433,-17.57529,-35.38444
37970.,40.08069,19.16782,40.08932,20.71186,19.25436,-17.57526,-35.38441
37980.,40.08072,19.16785,40.08935,20.71189,19.25439,-17.57524,-35.38438
37990.,40.08074,19.16788,40.08937,20.71192,19.25442,-17.57521,-35.38436
38000.,40.08077,19.16791,40.0894,20.71195,19.25445,-17.57518,-35.38433
38010.,40.08079,19.16794,40.08942,20.71198,19.25449,-17.57516,-35.38431
38020.,40.08082,19.16797,40.08945,20.71201,19.25452,-17.57513,-35.38429
38030.,40.08084,19.16801,40.08947,20.71204,19.25455,-17.57511,-35.38426
38040.,40.08086,19.16804,40.08949,20.71207,19.25458,-17.57508,-35.38424
38050.,40.08089,19.16807,40.08952,20.7121,19.25461,-17.57505,-35.38421
38060.,40.08091,19.1681,40.08954,20.71213,19.25464,-17.57503,-35.38419
38070.,40.08094,19.16813,40.08957,20.71216,19.25467,-17.575,-35.38416
38080.,40.08096,19.16816,40.08959,20.71219,19.2547,-17.57498,-35.38414
38090.,40.08098,19.16819,40.08961,20.71222,19.25473,-17.57495,-35.38411
38100.,40.08101,19.16822,40.08964,20.71225,19.25476,-17.57492,-35.38409
38110.,40.08103,19.16825,40.08966,20.71228,19.25479,-17.5749,-35.38406
38120.,40.08106,19.16828,40.08969,20.71232,19.25482,-17.57487,-35.38404
38130.,40.08108,19.16831,40.08971,20.71235,19.25485,-17.57485,-35.38401
38140.,40.0811,19.16834,40.08973,20.71238,19.25488,-17.57482,-35.38399
38150.,40.08113,19.16837,40.08976,20.71241,19.25491,-17.57479,-35.38396
38160.,40.08115,19.1684,40.08978,20.71244,19.25494,-17.57477,-35.38394
38170.,40.08118,19.16843,40.08981,20.71247,19.25497,-17.57474,-35.38392
38180.,40.0812,19.16846,40.08983,20.7125,19.255,-17.57472,-35.38389
38190.,40.08122,19.16849,40.08985,20.71253,19.25503,-17.57469,-35.38387
38200.,40.08125,19.16852,40.08988,20.71256,19.25506,-17.57466,-35.38384
38210.,40.08127,19.16855,40.0899,20.71259,19.25509,-17.57464,-35.38382
38220.,40.08129,19.16858,40.08992,20.71262,19.25512,-17.57461,-35.38379
38230.,40.08132,19.16861,40.08995,20.71265,19.25515,-17.57459,-35.38377
38240.,40.08134,19.16864,40.08997,20.71268,19.25518,-17.57456,-35.38375
38250.,40.08136,19.16867,40.08999,20.71271,19.25521,-17.57454,-35.38372
38260.,40.08139,19.1687,40.09002,20.71274,19.25524,-17.57451,-35.3837
38270.,40.08141,19.16872,40.09004,20.71277,19.25527,-17.57449,-35.38367
38280.,40.08143,19.16875,40.09006,20.7128,19.2553,-17.57446,-35.38365
38290.,40.08146,19.16878,40.09009,20.71283,19.25533,-17.57444,-35.38362
38300.,40.08148,19.16881,40.09011,20.71285,19.25535,-17.57441,-35.3836
38310.,40.0815,19.16884,40.09013,20.71288,19.25538,-17.57438,-35.38358
38320.,40.08153,19.16887,40.09016,20.71291,19.25541,-17.57436,-35.38355
38330.,40.08155,19.1689,40.09018,20.71294,19.25544,-17.57433,-35.38353
38340.,40.08157,19.16893,40.0902,20.71297,19.25547,-17.57431,-35.38351
38350.,40.0816,19.16896,40.09023,20.713,19.2555,-17.57428,-35.38348
38360.,40.08162,19.16899,40.09025,20.71303,19.25553,-17.57426,-35.38346
38370.,40.08164,19.16902,40.09027,20.71306,19.25556,-17.57423,-35.38343
38380.,40.08167,19.16905,40.0903,20.71309,19.25559,-17.57421,-35.38341
38390.,40.08169,19.16908,40.09032,20.71312,19.25562,-17.57418,-35.38339
38400.,40.08171,19.16911,40.09034,20.71315,19.25565,-17.57416,-35.38336
38410.,40.08174,19.16913,40.09037,20.71318,19.25568,-17.57413,-35.38334
38420.,40.08176,19.16916,40.09039,20.71321,19.2557,-17.57411,-35.38332
38430.,40.08178,19.16919,40.09041,20.71324,19.25573,-17.57408,-35.38329
38440.,40.08181,19.16922,40.09043,20.71327,19.25576,-17.57406,-35.38327
38450.,40.08183,19.16925,40.09046,20.7133,19.25579,-17.57403,-35.38324
38460.,40.08185,19.16928,40.09048,20.71332,19.25582,-17.57401,-35.38322
38470.,40.08187,19.16931,40.0905,20.71335,19.25585,-17.57398,-35.3832
38480.,40.0819,19.16934,40.09053,20.71338,19.25588,-17.57396,-35.38317
38490.,40.08192,19.16936,40.09055,20.71341,19.25591,-17.57394,-35.38315
38500.,40.08194,19.16939,40.09057,20.71344,19.25594,-17.57391,-35.38313
38510.,40.08197,19.16942,40.09059,20.71347,19.25596,-17.57389,-35.3831
38520.,40.08199,19.16945,40.09062,20.7135,19.25599,-17.57386,-35.38308
38530.,40.08201,19.16948,40.09064,20.71353,19.25602,-17.57384,-35.38306
38540.,40.08203,19.16951,40.09066,20.71356,19.25605,-17.57381,-35.38303
38550.,40.08206,19.16954,40.09069,20.71358,19.25608,-17.57379,-35.38301
38560.,40.08208,19.16956,40.09071,20.71361,19.25611,-17.57376,-35.38299
38570.,40.0821,19.16959,40.09073,20.71364,19.25613,-17.57374,-35.38296
38580.,40.08212,19.16962,40.09075,20.71367,19.25616,-17.57371,-35.38294
38590.,40.08215,19.16965,40.09078,20.7137,19.25619,-17.57369,-35.38292
38600.,40.08217,19.16968,40.0908,20.71373,19.25622,-17.57367,-35.3829
38610.,40.08219,19.16971,40.09082,20.71376,19.25625,-17.57364,-35.38287
38620.,40.08221,19.16973,40.09084,20.71378,19.25628,-17.57362,-35.38285
38630.,40.08224,19.16976,40.09086,20.71381,19.2563,-17.57359,-35.38283
38640.,40.08226,19.16979,40.09089,20.71384,19.25633,-17.57357,-35.3828
38650.,40.08228,19.16982,40.09091,20.71387,19.25636,-17.57354,-35.38278
38660.,40.0823,19.16985,40.09093,20.7139,19.25639,-17.57352,-35.38276
38670.,40.08232,19.16987,40.09095,20.71393,19.25642,-17.5735,-35.38273
38680.,40.08235,19.1699,40.09098,20.71395,19.25644,-17.57347,-35.38271
38690.,40.08237,19.16993,40.091,20.71398,19.25647,-17.57345,-35.38269
38700.,40.08239,19.16996,40.09102,20.71401,19.2565,-17.57342,-35.38267
38710.,40.08241,19.16999,40.09104,20.71404,19.25653,-17.5734,-35.38264
38720.,40.08244,19.17001,40.09106,20.71407,19.25656,-17.57338,-35.38262
38730.,40.08246,19.17004,40.09109,20.71409,19.25658,-17.57335,-35.3826
38740.,40.08248,19.17007,40.09111,20.71412,19.25661,-17.57333,-35.38258
38750.,40.0825,19.1701,40.09113,20.71415,19.25664,-17.5733,-35.38255
38760.,40.08252,19.17013,40.09115,20.71418,19.25667,-17.57328,-35.38253
38770.,40.08255,19.17015,40.09117,20.71421,19.2567,-17.57326,-35.38251
38780.,40.08257,19.17018,40.0912,20.71423,19.25672,-17.57323,-35.38248
38790.,40.08259,19.17021,40.09122,20.71426,19.25675,-17.57321,-35.38246
38800.,40.08261,19.17024,40.09124,20.71429,19.25678,-17.57319,-35.38244
38810.,40.08263,19.17026,40.09126,20.71432,19.25681,-17.57316,-35.38242
38820.,40.08266,19.17029,40.09128,20.71434,19.25683,-17.57314,-35.38239
38830.,40.08268,19.17032,40.09131,20.71437,19.25686,-17.57311,-35.38237
38840.,40.0827,19.17035,40.09133,20.7144,19.25689,-17.57309,-35.38235
38850.,40.08272,19.17037,40.09135,20.71443,19.25692,-17.57307,-35.38233
38860.,40.08274,19.1704,40.09137,20.71445,19.25694,-17.57304,-35.38231
38870.,40.08276,19.17043,40.09139,20.71448,19.25697,-17.57302,-35.38228
38880.,40.08279,19.17045,40.09141,20.71451,19.257,-17.573,-35.38226
38890.,40.08281,19.17048,40.09144,20.71454,19.25702,-17.57297,-35.38224
38900.,40.08283,19.17051,40.09146,20.71456,19.25705,-17.57295,-35.38222
38910.,40.08285,19.17054,40.09148,20.71459,19.25708,-17.57293,-35.38219
38920.,40.08287,19.17056,40.0915,20.71462,19.25711,-17.5729,-35.38217
38930.,40.08289,19.17059,40.09152,20.71465,19.25713,-17.57288,-35.38215
38940.,40.08291,19.17062,40.09154,20.71467,19.25716,-17.57286,-35.38213
38950.,40.08294,19.17064,40.09156,20.7147,19.25719,-17.57283,-35.38211
38960.,40.08296,19.17067,40.09159,20.71473,19.25721,-17.57281,-35.38208
38970.,40.08298,19.1707,40.09161,20.71476,19.25724,-17.57279,-35.38206
38980.,40.083,19.17073,40.09163,20.71478,19.25727,-17.57276,-35.38204
38990.,40.08302,19.17075,40.09165,20.71481,19.25729,-17.57274,-35.38202
39000.,40.08304,19.17078,40.09167,20.71484,19.25732,-17.57272,-35.382
39010.,40.08306,19.17081,40.09169,20.71486,19.25735,-17.57269,-35.38197
39020.,40.08309,19.17083,40.09171,20.71489,19.25738,-17.57267,-35.38195
39030.,40.08311,19.17086,40.09174,20.71492,19.2574,-17.57265,-35.38193
39040.,40.08313,19.17089,40.09176,20.71494,19.25743,-17.57263,-35.38191
39050.,40.08315,19.17091,40.09178,20.71497,19.25746,-17.5726,-35.38189
39060.,40.08317,19.17094,40.0918,20.715,19.25748,-17.57258,-35.38187
39070.,40.08319,19.17097,40.09182,20.71503,19.25751,-17.57256,-35.38184
39080.,40.08321,19.17099,40.09184,20.71505,19.25753,-17.57253,-35.38182
39090.,40.08323,19.17102,40.09186,20.71508,19.25756,-17.57251,-35.3818
39100.,40.08325,19.17105,40.09188,20.71511,19.25759,-17.57249,-35.38178
39110.,40.08328,19.17107,40.0919,20.71513,19.25761,-17.57247,-35.38176
39120.,40.0833,19.1711,40.09193,20.71516,19.25764,-17.57244,-35.38174
39130.,40.08332,19.17112,40.09195,20.71519,19.25767,-17.57242,-35.38171
39140.,40.08334,19.17115,40.09197,20.71521,19.25769,-17.5724,-35.38169
39150.,40.08336,19.17118,40.09199,20.71524,19.25772,-17.57237,-35.38167
39160.,40.08338,19.1712,40.09201,20.71526,19.25775,-17.57235,-35.38165
39170.,40.0834,19.17123,40.09203,20.71529,19.25777,-17.57233,-35.38163
39180.,40.08342,19.17126,40.09205,20.71532,19.2578,-17.57231,-35.38161
39190.,40.08344,19.17128,40.09207,20.71534,19.25782,-17.57228,-35.38159
39200.,40.08346,19.17131,40.09209,20.71537,19.25785,-17.57226,-35.38156
39210.,40.08348,19.17133,40.09211,20.7154,19.25788,-17.57224,-35.38154
39220.,40.0835,19.17136,40.09213,20.71542,19.2579,-17.57222,-35.38152
39230.,40.08353,19.17139,40.09215,20.71545,19.25793,-17.57219,-35.3815
39240.,40.08355,19.17141,40.09217,20.71548,19.25796,-17.57217,-35.38148
39250.,40.08357,19.17144,40.0922,20.7155,19.25798,-17.57215,-35.38146
39260.,40.08359,19.17146,40.09222,20.71553,19.25801,-17.57213,-35.38144
39270.,40.08361,19.17149,40.09224,20.71555,19.25803,-17.57211,-35.38142
39280.,40.08363,19.17152,40.09226,20.71558,19.25806,-17.57208,-35.38139
39290.,40.08365,19.17154,40.09228,20.71561,19.25808,-17.57206,-35.38137
39300.,40.08367,19.17157,40.0923,20.71563,19.25811,-17.57204,-35.38135
39310.,40.08369,19.17159,40.09232,20.71566,19.25814,-17.57202,-35.38133
39320.,40.08371,19.17162,40.09234,20.71568,19.25816,-17.57199,-35.38131
39330.,40.08373,19.17164,40.09236,20.71571,19.25819,-17.57197,-35.38129
39340.,40.08375,19.17167,40.09238,20.71574,19.25821,-17.57195,-35.38127
39350.,40.08377,19.1717,40.0924,20.71576,19.25824,-17.57193,-35.38125
39360.,40.08379,19.17172,40.09242,20.71579,19.25826,-17.57191,-35.38123
39370.,40.08381,19.17175,40.09244,20.71581,19.25829,-17.57188,-35.38121
39380.,40.08383,19.17177,40.09246,20.71584,19.25832,-17.57186,-35.38119
39390.,40.08385,19.1718,40.09248,20.71586,19.25834,-17.57184,-35.38116
39400.,40.08387,19.17182,40.0925,20.71589,19.25837,-17.57182,-35.38114
39410.,40.08389,19.17185,40.09252,20.71592,19.25839,-17.5718,-35.38112
39420.,40.08391,19.17187,40.09254,20.71594,19.25842,-17.57177,-35.3811
39430.,40.08393,19.1719,40.09256,20.71597,19.25844,-17.57175,-35.38108
39440.,40.08395,19.17193,40.09258,20.71599,19.25847,-17.57173,-35.38106
39450.,40.08397,19.17195,40.0926,20.71602,19.25849,-17.57171,-35.38104
39460.,40.08399,19.17198,40.09262,20.71604,19.25852,-17.57169,-35.38102
39470.,40.08401,19.172,40.09264,20.71607,19.25854,-17.57167,-35.381
39480.,40.08403,19.17203,40.09266,20.71609,19.25857,-17.57164,-35.38098
39490.,40.08405,19.17205,40.09268,20.71612,19.25859,-17.57162,-35.38096
39500.,40.08407,19.17208,40.0927,20.71614,19.25862,-17.5716,-35.38094
39510.,40.08409,19.1721,40.09272,20.71617,19.25864,-17.57158,-35.38092
39520.,40.08411,19.17213,40.09274,20.7162,19.25867,-17.57156,-35.3809
39530.,40.08413,19.17215,40.09276,20.71622,19.25869,-17.57154,-35.38088
39540.,40.08415,19.17218,40.09278,20.71625,19.25872,-17.57151,-35.38086
39550.,40.08417,19.1722,40.0928,20.71627,19.25874,-17.57149,-35.38084
39560.,40.08419,19.17223,40.09282,20.7163,19.25877,-17.57147,-35.38082
39570.,40.08421,19.17225,40.09284,20.71632,19.25879,-17.57145,-35.38079
39580.,40.08423,19.17228,40.09286,20.71635,19.25882,-17.57143,-35.38077
39590.,40.08425,19.1723,40.09288,20.71637,19.25884,-17.57141,-35.38075
39600.,40.08427,19.17233,40.0929,20.7164,19.25887,-17.57139,-35.38073
39610.,40.08429,19.17235,40.09292,20.71642,19.25889,-17.57136,-35.38071
39620.,40.08431,19.17238,40.09294,20.71645,19.25892,-17.57134,-35.38069
39630.,40.08433,19.1724,40.09296,20.71647,19.25894,-17.57132,-35.38067
39640.,40.08435,19.17242,40.09298,20.7165,19.25897,-17.5713,-35.38065
39650.,40.08437,19.17245,40.093,20.71652,19.25899,-17.57128,-35.38063
39660.,40.08439,19.17247,40.09302,20.71655,19.25902,-17.57126,-35.38061
39670.,40.08441,19.1725,40.09304,20.71657,19.25904,-17.57124,-35.38059
39680.,40.08443,19.17252,40.09306,20.71659,19.25907,-17.57122,-35.38057
39690.,40.08445,19.17255,40.09308,20.71662,19.25909,-17.57119,-35.38055
39700.,40.08447,19.17257,40.09309,20.71664,19.25912,-17.57117,-35.38053
39710.,40.08449,19.1726,40.09311,20.71667,19.25914,-17.57115,-35.38051
39720.,40.08451,19.17262,40.09313,20.71669,19.25916,-17.57113,-35.38049
39730.,40.08453,19.17264,40.09315,20.71672,19.25919,-17.57111,-35.38047
39740.,40.08454,19.17267,40.09317,20.71674,19.25921,-17.57109,-35.38045
39750.,40.08456,19.17269,40.09319,20.71677,19.25924,-17.57107,-35.38043
39760.,40.08458,19.17272,40.09321,20.71679,19.25926,-17.57105,-35.38041
39770.,40.0846,19.17274,40.09323,20.71682,19.25929,-17.57103,-35.38039
39780.,40.08462,19.17277,40.09325,20.71684,19.25931,-17.57101,-35.38037
39790.,40.08464,19.17279,40.09327,20.71686,19.25933,-17.57099,-35.38035
39800.,40.08466,19.17281,40.09329,20.71689,19.25936,-17.57096,-35.38033
39810.,40.08468,19.17284,40.09331,20.71691,19.25938,-17.57094,-35.38032
39820.,40.0847,19.17286,40.09333,20.71694,19.25941,-17.57092,-35.3803
39830.,40.08472,19.17289,40.09335,20.71696,19.25943,-17.5709,-35.38028
39840.,40.08474,19.17291,40.09336,20.71699,19.25945,-17.57088,-35.38026
39850.,40.08476,19.17293,40.09338,20.71701,19.25948,-17.57086,-35.38024
39860.,40.08477,19.17296,40.0934,20.71703,19.2595,-17.57084,-35.38022
39870.,40.08479,19.17298,40.09342,20.71706,19.25953,-17.57082,-35.3802
39880.,40.08481,19.17301,40.09344,20.71708,19.25955,-17.5708,-35.38018
39890.,40.08483,19.17303,40.09346,20.71711,19.25957,-17.57078,-35.38016
39900.,40.08485,19.17305,40.09348,20.71713,19.2596,-17.57076,-35.38014
39910.,40.08487,19.17308,40.0935,20.71715,19.25962,-17.57074,-35.38012
39920.,40.08489,19.1731,40.09352,20.71718,19.25965,-17.57072,-35.3801
39930.,40.08491,19.17313,40.09353,20.7172,19.25967,-17.5707,-35.38008
39940.,40.08493,19.17315,40.09355,20.71723,19.25969,-17.57068,-35.38006
39950.,40.08495,19.17317,40.09357,20.71725,19.25972,-17.57066,-35.38004
39960.,40.08496,19.1732,40.09359,20.71727,19.25974,-17.57064,-35.38002
39970.,40.08498,19.17322,40.09361,20.7173,19.25976,-17.57062,-35.38
39980.,40.085,19.17324,40.09363,20.71732,19.25979,-17.57059,-35.37998
39990.,40.08502,19.17327,40.09365,20.71735,19.25981,-17.57057,-35.37997
40000.,40.08504,19.17329,40.09367,20.71737,19.25983,-17.57055,-35.37995