Times,MAIN_PNL_PX.1,MAIN_PNL_MX.1,MAIN_PNL_PY.1,MAIN_PNL_MY.1,MAIN_PNL_PZ.1,MAIN_PNL_MZ.1,MAIN_PNL_MY.20001
0.,20.,20.,20.,20.,20.,20.,20.
10.,19.96542,19.96507,19.96534,19.98501,20.35677,19.34688,-35.9725
20.,19.93047,19.92976,19.9303,19.96936,20.7085,18.70616,-35.98516
30.,19.89519,19.89411,19.89492,19.95317,21.05526,18.07751,-35.99826
40.,19.85959,19.85813,19.85922,19.93645,21.39712,17.46063,-36.01178
50.,19.8237,19.82185,19.82323,19.91923,21.73414,16.85524,-36.02571
60.,19.78753,19.78528,19.78695,19.90154,22.06637,16.26104,-36.04003
70.,19.75112,19.74846,19.75043,19.8834,22.39389,15.67777,-36.0547
80.,19.71448,19.7114,19.71367,19.86483,22.71676,15.10516,-36.06973
90.,19.67763,19.67412,19.67669,19.84586,23.03503,14.54296,-36.08509
100.,19.64059,19.63663,19.63952,19.82649,23.34876,13.99091,-36.10075
110.,19.60337,19.59897,19.60216,19.80675,23.65802,13.44878,-36.11672
120.,19.56599,19.56113,19.56465,19.78667,23.96286,12.91633,-36.13297
130.,19.52846,19.52314,19.52699,19.76625,24.26333,12.39334,-36.14949
140.,19.49081,19.48502,19.48919,19.74552,24.55949,11.8796,-36.16626
150.,19.45305,19.44678,19.45128,19.72449,24.85141,11.37488,-36.18328
160.,19.41519,19.40842,19.41327,19.70318,25.13913,10.87898,-36.20052
170.,19.37723,19.36997,19.37516,19.6816,25.4227,10.3917,-36.21798
180.,19.33921,19.33144,19.33698,19.65977,25.70218,9.912855,-36.23565
190.,19.30112,19.29284,19.29874,19.63769,25.97763,9.442249,-36.25351
200.,19.26298,19.25419,19.26044,19.6154,26.24909,8.979702,-36.27155
210.,19.2248,19.21548,19.22209,19.59288,26.51662,8.525036,-36.28977
220.,19.18658,19.17674,19.18372,19.57017,26.78027,8.07808,-36.30815
230.,19.14835,19.13797,19.14532,19.54726,27.04008,7.638665,-36.32668
240.,19.1101,19.09918,19.1069,19.52418,27.29611,7.206629,-36.34535
250.,19.07186,19.06038,19.06849,19.50093,27.5484,6.781813,-36.36417
260.,19.03361,19.02158,19.03007,19.47752,27.79701,6.364065,-36.38311
270.,18.99538,18.9828,18.99167,19.45397,28.04198,5.953235,-36.40217
280.,18.95718,18.94402,18.95329,19.43027,28.28335,5.549176,-36.42134
290.,18.919,18.90527,18.91494,19.40645,28.52118,5.151749,-36.44061
300.,18.88085,18.86655,18.87662,19.3825,28.75551,4.760813,-36.45999
310.,18.84275,18.82787,18.83834,19.35844,28.98639,4.376237,-36.47945
320.,18.8047,18.78923,18.80011,19.33428,29.21386,3.997888,-36.499
330.,18.7667,18.75065,18.76194,19.31002,29.43796,3.62564,-36.51863
340.,18.72876,18.71211,18.72382,19.28567,29.65874,3.259369,-36.53833
350.,18.69089,18.67364,18.68576,19.26124,29.87625,2.898954,-36.5581
360.,18.65308,18.63524,18.64778,19.23673,30.09052,2.544277,-36.57793
370.,18.61535,18.5969,18.60987,19.21215,30.30159,2.195225,-36.59782
380.,18.5777,18.55864,18.57204,19.18751,30.50952,1.851684,-36.61776
390.,18.54013,18.52046,18.53429,19.16281,30.71433,1.513547,-36.63774
400.,18.50265,18.48237,18.49663,19.13806,30.91608,1.180706,-36.65777
410.,18.46526,18.44436,18.45906,19.11326,31.1148,0.8530589,-36.67783
420.,18.42797,18.40644,18.42158,19.08842,31.31053,0.5305039,-36.69793
430.,18.39077,18.36862,18.3842,19.06354,31.50331,0.2129425,-36.71806
440.,18.35367,18.3309,18.34693,19.03863,31.69318,-0.09972163,-36.73822
450.,18.31668,18.29328,18.30975,19.01369,31.88018,-0.4075824,-36.7584
460.,18.2798,18.25576,18.27269,18.98873,32.06434,-0.7107314,-36.77859
470.,18.24303,18.21836,18.23573,18.96374,32.24571,-1.009258,-36.79881
480.,18.20636,18.18106,18.19889,18.93874,32.42432,-1.30325,-36.81903
490.,18.16981,18.14387,18.16216,18.91373,32.6002,-1.592793,-36.83927
500.,18.13338,18.1068,18.12555,18.88871,32.7734,-1.87797,-36.85951
510.,18.09707,18.06985,18.08906,18.86369,32.94395,-2.158862,-36.87976
520.,18.06088,18.03301,18.05268,18.83866,33.11188,-2.435549,-36.90001
530.,18.0248,17.99629,18.01643,18.81364,33.27723,-2.708109,-36.92026
540.,17.98886,17.9597,17.98031,18.78862,33.44004,-2.976617,-36.94051
550.,17.95303,17.92323,17.94431,18.7636,33.60033,-3.241149,-36.96075
560.,17.91734,17.88689,17.90843,18.73859,33.75815,-3.501776,-36.98098
570.,17.88177,17.85067,17.87268,18.7136,33.91352,-3.75857,-37.0012
580.,17.84633,17.81458,17.83707,18.68862,34.06648,-4.011601,-37.02141
590.,17.81102,17.77861,17.80158,18.66365,34.21706,-4.260935,-37.04161
600.,17.77584,17.74278,17.76622,18.63871,34.36529,-4.506639,-37.0618
610.,17.74079,17.70708,17.731,18.61378,34.51121,-4.748779,-37.08197
620.,17.70587,17.67151,17.69591,18.58888,34.65484,-4.987418,-37.10211
630.,17.67108,17.63607,17.66095,18.564,34.79622,-5.222618,-37.12224
640.,17.63643,17.60077,17.62613,18.53915,34.93538,-5.45444,-37.14235
650.,17.60191,17.5656,17.59144,18.51432,35.07234,-5.682943,-37.16244
660.,17.56753,17.53056,17.55688,18.48952,35.20715,-5.908186,-37.1825
670.,17.53328,17.49565,17.52246,18.46476,35.33981,-6.130226,-37.20254
680.,17.49916,17.46089,17.48818,18.44002,35.47038,-6.349118,-37.22255
690.,17.46518,17.42625,17.45403,18.41532,35.59887,-6.564918,-37.24254
700.,17.43133,17.39175,17.42001,18.39066,35.72531,-6.777679,-37.2625
710.,17.39762,17.35739,17.38613,18.36602,35.84974,-6.987453,-37.28243
720.,17.36405,17.32316,17.35239,18.34143,35.97217,-7.194292,-37.30233
730.,17.3306,17.28907,17.31879,18.31687,36.09264,-7.398246,-37.3222
740.,17.2973,17.25511,17.28531,18.29235,36.21118,-7.599364,-37.34203
750.,17.26412,17.22129,17.25198,18.26788,36.3278,-7.797695,-37.36184
760.,17.23109,17.1876,17.21878,18.24344,36.44254,-7.993285,-37.38161
770.,17.19818,17.15404,17.18571,18.21904,36.55542,-8.186182,-37.40135
780.,17.16541,17.12063,17.15278,18.19468,36.66647,-8.376431,-37.42106
790.,17.13277,17.08734,17.11998,18.17037,36.77571,-8.564076,-37.44073
800.,17.10027,17.05419,17.08732,18.1461,36.88318,-8.74916,-37.46037
810.,17.0679,17.02118,17.05479,18.12187,36.98888,-8.931728,-37.47997
820.,17.03566,16.98829,17.0224,18.09769,37.09286,-9.111819,-37.49954
830.,17.00355,16.95554,16.99013,18.07355,37.19512,-9.289477,-37.51907
840.,16.97157,16.92292,16.958,18.04946,37.2957,-9.464741,-37.53856
850.,16.93972,16.89044,16.926,18.02541,37.39462,-9.63765,-37.55802
860.,16.90801,16.85808,16.89413,18.00141,37.49191,-9.808243,-37.57744
870.,16.87642,16.82586,16.86239,17.97746,37.58757,-9.976559,-37.59682
880.,16.84496,16.79377,16.83078,17.95355,37.68165,-10.14263,-37.61616
890.,16.81363,16.7618,16.79931,17.92969,37.77416,-10.30651,-37.63547
900.,16.78243,16.72997,16.76796,17.90587,37.86511,-10.46821,-37.65474
910.,16.75135,16.69827,16.73673,17.8821,37.95455,-10.62778,-37.67397
920.,16.72041,16.66669,16.70564,17.85838,38.04247,-10.78525,-37.69317
930.,16.68958,16.63524,16.67467,17.83471,38.12892,-10.94066,-37.71232
940.,16.65888,16.60391,16.64382,17.81108,38.2139,-11.09404,-37.73144
950.,16.62831,16.57272,16.61311,17.7875,38.29744,-11.24542,-37.75051
960.,16.59785,16.54164,16.58251,17.76397,38.37956,-11.39483,-37.76955
970.,16.56753,16.51069,16.55204,17.74049,38.46028,-11.54231,-37.78855
980.,16.53732,16.47987,16.52169,17.71705,38.53962,-11.68789,-37.80752
990.,16.50723,16.44917,16.49147,17.69366,38.61759,-11.83159,-37.82644
1000.,16.47726,16.41859,16.46136,17.67032,38.69422,-11.97344,-37.84533
1010.,16.44741,16.38813,16.43138,17.64703,38.76953,-12.11349,-37.86417
1020.,16.41769,16.35779,16.40151,17.62378,38.84354,-12.25174,-37.88298
1030.,16.38807,16.32757,16.37176,17.60058,38.91626,-12.38824,-37.90175
1040.,16.35858,16.29747,16.34213,17.57743,38.98771,-12.52301,-37.92048
1050.,16.3292,16.26749,16.31262,17.55433,39.05791,-12.65607,-37.93917
1060.,16.29993,16.23763,16.28323,17.53127,39.12688,-12.78746,-37.95783
1070.,16.27078,16.20788,16.25394,17.50826,39.19463,-12.9172,-37.97645
1080.,16.24174,16.17825,16.22478,17.4853,39.26119,-13.04531,-37.99503
1090.,16.21282,16.14873,16.19572,17.46239,39.32657,-13.17182,-38.01357
1100.,16.18401,16.11933,16.16678,17.43952,39.39079,-13.29676,-38.03207
1110.,16.1553,16.09004,16.13795,17.41669,39.45386,-13.42015,-38.05054
1120.,16.12671,16.06086,16.10923,17.39392,39.5158,-13.54201,-38.06897
1130.,16.09823,16.03179,16.08062,17.37119,39.57663,-13.66237,-38.08736
1140.,16.06985,16.00284,16.05212,17.3485,39.63636,-13.78126,-38.10571
1150.,16.04158,15.97399,16.02373,17.32586,39.69501,-13.89868,-38.12403
1160.,16.01342,15.94525,15.99545,17.30327,39.7526,-14.01467,-38.14231
1170.,15.98536,15.91662,15.96727,17.28072,39.80913,-14.12924,-38.16056
1180.,15.9574,15.8881,15.93919,17.25821,39.86463,-14.24243,-38.17876
1190.,15.92955,15.85968,15.91123,17.23575,39.91911,-14.35424,-38.19694
1200.,15.90181,15.83137,15.88336,17.21334,39.97258,-14.46471,-38.21507
1210.,15.87416,15.80316,15.8556,17.19097,40.02506,-14.57385,-38.23317
1220.,15.84662,15.77506,15.82794,17.16864,40.07657,-14.68168,-38.25124
1230.,15.81917,15.74706,15.80038,17.14635,40.12711,-14.78822,-38.26927
1240.,15.79183,15.71916,15.77292,17.12411,40.1767,-14.89349,-38.28726
1250.,15.76458,15.69136,15.74556,17.10192,40.22536,-14.99751,-38.30522
1260.,15.73743,15.66366,15.7183,17.07976,40.2731,-15.1003,-38.32315
1270.,15.71038,15.63607,15.69113,17.05765,40.31993,-15.20187,-38.34104
1280.,15.68342,15.60857,15.66407,17.03558,40.36587,-15.30225,-38.3589
1290.,15.65656,15.58116,15.63709,17.01355,40.41092,-15.40146,-38.37672
1300.,15.62979,15.55386,15.61022,16.99156,40.45511,-15.4995,-38.39451
1310.,15.60311,15.52665,15.58343,16.96962,40.49844,-15.5964,-38.41227
1320.,15.57653,15.49953,15.55674,16.94771,40.54093,-15.69218,-38.42999
1330.,15.55004,15.47251,15.53015,16.92585,40.58259,-15.78685,-38.44768
1340.,15.52364,15.44559,15.50364,16.90403,40.62343,-15.88042,-38.46534
1350.,15.49732,15.41875,15.47723,16.88225,40.66346,-15.97292,-38.48296
1360.,15.4711,15.39201,15.4509,16.8605,40.7027,-16.06436,-38.50055
1370.,15.44497,15.36536,15.42466,16.8388,40.74115,-16.15476,-38.51811
1380.,15.41892,15.3388,15.39852,16.81714,40.77883,-16.24413,-38.53564
1390.,15.39296,15.31233,15.37246,16.79551,40.81575,-16.33248,-38.55314
1400.,15.36709,15.28595,15.34648,16.77392,40.85193,-16.41983,-38.57061
1410.,15.3413,15.25965,15.3206,16.75238,40.88736,-16.5062,-38.58804
1420.,15.31559,15.23344,15.29479,16.73087,40.92207,-16.5916,-38.60544
1430.,15.28997,15.20732,15.26907,16.7094,40.95606,-16.67604,-38.62282
1440.,15.26443,15.18128,15.24344,16.68796,40.98934,-16.75954,-38.64016
1450.,15.23897,15.15533,15.21789,16.66656,41.02193,-16.84211,-38.65747
1460.,15.2136,15.12947,15.19242,16.6452,41.05383,-16.92376,-38.67475
1470.,15.1883,15.10368,15.16703,16.62388,41.08506,-17.00452,-38.69201
1480.,15.16308,15.07798,15.14172,16.6026,41.11563,-17.08438,-38.70923
1490.,15.13795,15.05236,15.11649,16.58134,41.14554,-17.16337,-38.72642
1500.,15.11289,15.02682,15.09134,16.56013,41.1748,-17.2415,-38.74359
1510.,15.0879,15.00136,15.06627,16.53895,41.20343,-17.31877,-38.76072
1520.,15.063,14.97598,15.04127,16.51781,41.23143,-17.39521,-38.77783
1530.,15.03817,14.95068,15.01635,16.4967,41.25881,-17.47082,-38.79491
1540.,15.01341,14.92546,14.99151,16.47562,41.28558,-17.54561,-38.81196
1550.,14.98873,14.90031,14.96674,16.45459,41.31176,-17.61961,-38.82899
1560.,14.96413,14.87525,14.94205,16.43358,41.33735,-17.69281,-38.84598
1570.,14.93959,14.85025,14.91743,16.41261,41.36235,-17.76523,-38.86295
1580.,14.91513,14.82534,14.89289,16.39167,41.38678,-17.83688,-38.87989
1590.,14.89075,14.8005,14.86842,16.37077,41.41065,-17.90777,-38.8968
1600.,14.86643,14.77573,14.84402,16.3499,41.43396,-17.97791,-38.91369
1610.,14.84218,14.75103,14.81969,16.32906,41.45673,-18.04732,-38.93055
1620.,14.818,14.72641,14.79543,16.30825,41.47896,-18.116,-38.94738
1630.,14.79389,14.70186,14.77124,16.28748,41.50065,-18.18397,-38.96419
1640.,14.76985,14.67738,14.74712,16.26674,41.52182,-18.25123,-38.98097
1650.,14.74588,14.65297,14.72307,16.24603,41.54248,-18.31779,-38.99773
1660.,14.72198,14.62863,14.69909,16.22535,41.56263,-18.38366,-39.01446
1670.,14.69814,14.60436,14.67517,16.20471,41.58228,-18.44886,-39.03116
1680.,14.67437,14.58016,14.65132,16.18409,41.60144,-18.51339,-39.04784
1690.,14.65066,14.55603,14.62754,16.16351,41.62011,-18.57727,-39.0645
1700.,14.62702,14.53197,14.60382,16.14296,41.6383,-18.64049,-39.08113
1710.,14.60344,14.50797,14.58017,16.12243,41.65603,-18.70308,-39.09773
1720.,14.57993,14.48404,14.55658,16.10194,41.67329,-18.76503,-39.11431
1730.,14.55648,14.46018,14.53306,16.08148,41.69009,-18.82637,-39.13087
1740.,14.53309,14.43638,14.5096,16.06105,41.70645,-18.88709,-39.1474
1750.,14.50976,14.41264,14.4862,16.04064,41.72236,-18.9472,-39.16391
1760.,14.48649,14.38897,14.46286,16.02027,41.73784,-19.00672,-39.18039
1770.,14.46329,14.36536,14.43958,15.99993,41.75288,-19.06565,-39.19685
1780.,14.44014,14.34182,14.41637,15.97961,41.76751,-19.124,-39.21329
1790.,14.41706,14.31833,14.39322,15.95932,41.78171,-19.18178,-39.2297
1800.,14.39403,14.29491,14.37012,15.93907,41.79551,-19.23899,-39.2461
1810.,14.37107,14.27156,14.34709,15.91884,41.8089,-19.29565,-39.26246
1820.,14.34816,14.24826,14.32411,15.89863,41.8219,-19.35176,-39.27881
1830.,14.32531,14.22502,14.30119,15.87846,41.8345,-19.40733,-39.29513
1840.,14.30251,14.20184,14.27833,15.85831,41.84672,-19.46236,-39.31143
1850.,14.27977,14.17872,14.25553,15.8382,41.85856,-19.51687,-39.32771
1860.,14.25709,14.15566,14.23278,15.8181,41.87002,-19.57086,-39.34397
1870.,14.23446,14.13266,14.21009,15.79804,41.88112,-19.62433,-39.3602
1880.,14.21189,14.10971,14.18745,15.778,41.89185,-19.67731,-39.37641
1890.,14.18937,14.08683,14.16487,15.75799,41.90222,-19.72978,-39.3926
1900.,14.16691,14.06399,14.14235,15.73801,41.91224,-19.78176,-39.40877
1910.,14.1445,14.04122,14.11988,15.71805,41.92192,-19.83326,-39.42492
1920.,14.12215,14.0185,14.09746,15.69812,41.93126,-19.88428,-39.44105
1930.,14.09984,13.99584,14.0751,15.67821,41.94026,-19.93482,-39.45715
1940.,14.07759,13.97323,14.05279,15.65834,41.94892,-19.98491,-39.47324
1950.,14.05539,13.95067,14.03053,15.63848,41.95727,-20.03453,-39.4893
1960.,14.03324,13.92817,14.00832,15.61865,41.96529,-20.0837,-39.50534
1970.,14.01115,13.90573,13.98617,15.59885,41.97299,-20.13242,-39.52136
1980.,13.9891,13.88333,13.96406,15.57907,41.98039,-20.18071,-39.53737
1990.,13.9671,13.86099,13.94201,15.55932,41.98748,-20.22855,-39.55335
2000.,13.94516,13.8387,13.92,15.5396,41.99427,-20.27597,-39.56931
2010.,13.92326,13.81646,13.89805,15.51989,42.00076,-20.32297,-39.58525
2020.,13.90141,13.79428,13.87615,15.50022,42.00695,-20.36955,-39.60117
2030.,13.87961,13.77214,13.85429,15.48056,42.01287,-20.41571,-39.61707
2040.,13.85785,13.75006,13.83248,15.46093,42.01849,-20.46147,-39.63296
2050.,13.83615,13.72802,13.81072,15.44133,42.02384,-20.50683,-39.64882
2060.,13.81449,13.70604,13.78901,15.42175,42.02892,-20.5518,-39.66466
2070.,13.79288,13.6841,13.76735,15.40219,42.03372,-20.59637,-39.68048
2080.,13.77132,13.66221,13.74573,15.38266,42.03826,-20.64056,-39.69629
2090.,13.7498,13.64037,13.72416,15.36315,42.04253,-20.68436,-39.71207
2100.,13.72832,13.61858,13.70264,15.34366,42.04655,-20.7278,-39.72784
2110.,13.7069,13.59684,13.68116,15.3242,42.05031,-20.77086,-39.74359
2120.,13.68551,13.57514,13.65973,15.30476,42.05383,-20.81356,-39.75932
2130.,13.66418,13.55349,13.63834,15.28535,42.0571,-20.85589,-39.77502
2140.,13.64288,13.53189,13.617,15.26595,42.06012,-20.89787,-39.79072
2150.,13.62163,13.51033,13.5957,15.24658,42.06291,-20.9395,-39.80639
2160.,13.60043,13.48882,13.57444,15.22724,42.06546,-20.98079,-39.82204
2170.,13.57926,13.46736,13.55323,15.20791,42.06778,-21.02173,-39.83768
2180.,13.55814,13.44594,13.53207,15.18861,42.06988,-21.06234,-39.8533
2190.,13.53706,13.42457,13.51094,15.16933,42.07175,-21.10261,-39.86889
2200.,13.51603,13.40323,13.48986,15.15007,42.0734,-21.14255,-39.88448
2210.,13.49504,13.38195,13.46882,15.13084,42.07483,-21.18217,-39.90004
2220.,13.47408,13.36071,13.44783,15.11162,42.07605,-21.22147,-39.91558
2230.,13.45317,13.33951,13.42687,15.09243,42.07706,-21.26045,-39.93111
2240.,13.4323,13.31835,13.40596,15.07326,42.07786,-21.29913,-39.94662
2250.,13.41147,13.29724,13.38508,15.05412,42.07846,-21.33749,-39.96211
2260.,13.39069,13.27617,13.36425,15.03499,42.07886,-21.37555,-39.97759
2270.,13.36994,13.25514,13.34346,15.01589,42.07906,-21.41331,-39.99304
2280.,13.34923,13.23415,13.32271,14.99681,42.07907,-21.45077,-40.00848
2290.,13.32856,13.21321,13.302,14.97775,42.07889,-21.48795,-40.02391
2300.,13.30793,13.19231,13.28133,14.95871,42.07852,-21.52483,-40.03931
2310.,13.28734,13.17145,13.26069,14.93969,42.07796,-21.56143,-40.0547
2320.,13.26679,13.15062,13.2401,14.92069,42.07723,-21.59775,-40.07007
2330.,13.24627,13.12984,13.21955,14.90171,42.07631,-21.63379,-40.08542
2340.,13.2258,13.1091,13.19903,14.88276,42.07522,-21.66956,-40.10076
2350.,13.20536,13.0884,13.17855,14.86383,42.07395,-21.70506,-40.11608
2360.,13.18496,13.06774,13.15812,14.84491,42.07251,-21.74029,-40.13138
2370.,13.1646,13.04712,13.13771,14.82602,42.07091,-21.77525,-40.14667
2380.,13.14427,13.02654,13.11735,14.80715,42.06914,-21.80996,-40.16194
2390.,13.12398,13.00599,13.09702,14.7883,42.0672,-21.84441,-40.17719
2400.,13.10373,12.98549,13.07673,14.76947,42.06511,-21.87861,-40.19243
2410.,13.08351,12.96502,13.05648,14.75066,42.06286,-21.91255,-40.20765
2420.,13.06333,12.94459,13.03626,14.73187,42.06046,-21.94625,-40.22285
2430.,13.04319,12.9242,13.01608,14.7131,42.0579,-21.97971,-40.23803
2440.,13.02308,12.90384,12.99594,14.69435,42.05519,-22.01293,-40.25321
2450.,13.00301,12.88353,12.97583,14.67562,42.05234,-22.0459,-40.26836
2460.,12.98297,12.86325,12.95576,14.65691,42.04934,-22.07864,-40.2835
2470.,12.96297,12.84301,12.93572,14.63822,42.04619,-22.11115,-40.29862
2480.,12.943,12.8228,12.91572,14.61955,42.04291,-22.14344,-40.31372
2490.,12.92306,12.80263,12.89575,14.6009,42.03949,-22.17549,-40.32881
2500.,12.90316,12.7825,12.87581,14.58227,42.03593,-22.20732,-40.34389
2510.,12.8833,12.7624,12.85591,14.56366,42.03224,-22.23894,-40.35894
2520.,12.86347,12.74234,12.83605,14.54507,42.02842,-22.27033,-40.37398
2530.,12.84367,12.72231,12.81622,14.5265,42.02447,-22.30151,-40.38901
2540.,12.8239,12.70232,12.79642,14.50795,42.02039,-22.33248,-40.40402
2550.,12.80417,12.68236,12.77666,14.48942,42.01619,-22.36323,-40.41901
2560.,12.78447,12.66244,12.75693,14.47091,42.01186,-22.39378,-40.43399
2570.,12.76481,12.64255,12.73723,14.45242,42.00741,-22.42413,-40.44895
2580.,12.74517,12.6227,12.71757,14.43395,42.00285,-22.45427,-40.4639
2590.,12.72557,12.60288,12.69794,14.41549,41.99816,-22.48422,-40.47883
2600.,12.70601,12.5831,12.67834,14.39706,41.99337,-22.51396,-40.49374
2610.,12.68647,12.56335,12.65877,14.37865,41.98845,-22.54352,-40.50864
2620.,12.66696,12.54363,12.63924,14.36025,41.98343,-22.57288,-40.52353
2630.,12.64749,12.52394,12.61973,14.34187,41.9783,-22.60205,-40.53839
2640.,12.62805,12.50429,12.60026,14.32352,41.97306,-22.63103,-40.55325
2650.,12.60864,12.48468,12.58083,14.30518,41.96771,-22.65983,-40.56808
2660.,12.58926,12.46509,12.56142,14.28686,41.96226,-22.68844,-40.58291
2670.,12.56991,12.44554,12.54204,14.26856,41.95671,-22.71688,-40.59771
2680.,12.5506,12.42602,12.5227,14.25028,41.95106,-22.74513,-40.61251
2690.,12.53131,12.40653,12.50338,14.23201,41.94531,-22.77321,-40.62728
2700.,12.51205,12.38707,12.4841,14.21377,41.93946,-22.80112,-40.64204
2710.,12.49283,12.36765,12.46485,14.19555,41.93351,-22.82885,-40.65679
2720.,12.47363,12.34826,12.44563,14.17734,41.92747,-22.85642,-40.67152
2730.,12.45447,12.3289,12.42643,14.15915,41.92134,-22.88381,-40.68623
2740.,12.43533,12.30957,12.40727,14.14098,41.91512,-22.91104,-40.70093
2750.,12.41622,12.29027,12.38814,14.12283,41.90881,-22.93811,-40.71562
2760.,12.39715,12.271,12.36904,14.1047,41.90241,-22.96501,-40.73029
2770.,12.3781,12.25176,12.34997,14.08659,41.89593,-22.99175,-40.74495
2780.,12.35908,12.23256,12.33092,14.0685,41.88936,-23.01834,-40.75959
2790.,12.34009,12.21338,12.31191,14.05042,41.88271,-23.04477,-40.77421
2800.,12.32113,12.19424,12.29292,14.03236,41.87597,-23.07104,-40.78882
2810.,12.3022,12.17512,12.27397,14.01432,41.86916,-23.09717,-40.80342
2820.,12.2833,12.15604,12.25504,13.9963,41.86226,-23.12314,-40.818
2830.,12.26442,12.13698,12.23614,13.9783,41.85529,-23.14896,-40.83256
2840.,12.24558,12.11796,12.21727,13.96032,41.84824,-23.17464,-40.84711
2850.,12.22676,12.09896,12.19843,13.94235,41.84112,-23.20017,-40.86165
2860.,12.20797,12.08,12.17962,13.92441,41.83392,-23.22556,-40.87617
2870.,12.18921,12.06106,12.16084,13.90648,41.82666,-23.2508,-40.89068
2880.,12.17047,12.04215,12.14208,13.88857,41.81932,-23.27591,-40.90517
2890.,12.15176,12.02328,12.12335,13.87067,41.81191,-23.30087,-40.91964
2900.,12.13309,12.00443,12.10465,13.8528,41.80443,-23.3257,-40.93411
2910.,12.11443,11.98561,12.08598,13.83494,41.79688,-23.3504,-40.94855
2920.,12.09581,11.96681,12.06733,13.81711,41.78927,-23.37496,-40.96299
2930.,12.07721,11.94805,12.04872,13.79929,41.7816,-23.39938,-40.97741
2940.,12.05864,11.92932,12.03012,13.78148,41.77386,-23.42368,-40.99181
2950.,12.0401,11.91061,12.01156,13.7637,41.76605,-23.44785,-41.0062
2960.,12.02158,11.89193,11.99302,13.74593,41.75819,-23.47189,-41.02057
2970.,12.00309,11.87328,11.97451,13.72819,41.75026,-23.4958,-41.03493
2980.,11.98463,11.85466,11.95603,13.71046,41.74228,-23.51959,-41.04928
2990.,11.96619,11.83606,11.93758,13.69275,41.73424,-23.54326,-41.06361
3000.,11.94778,11.81749,11.91915,13.67505,41.72614,-23.5668,-41.07792
3010.,11.9294,11.79895,11.90074,13.65738,41.71798,-23.59022,-41.09223
3020.,11.91104,11.78044,11.88237,13.63972,41.70977,-23.61353,-41.10651
3030.,11.89271,11.76195,11.86402,13.62208,41.70151,-23.63672,-41.12079
3040.,11.8744,11.74349,11.84569,13.60446,41.69319,-23.65979,-41.13504
3050.,11.85612,11.72506,11.82739,13.58685,41.68482,-23.68274,-41.14929
3060.,11.83787,11.70666,11.80912,13.56926,41.6764,-23.70558,-41.16352
3070.,11.81964,11.68828,11.79087,13.5517,41.66793,-23.72831,-41.17773
3080.,11.80143,11.66993,11.77265,13.53414,41.65941,-23.75093,-41.19193
3090.,11.78325,11.6516,11.75446,13.51661,41.65084,-23.77344,-41.20612
3100.,11.7651,11.6333,11.73629,13.4991,41.64222,-23.79583,-41.22029
3110.,11.74697,11.61503,11.71814,13.4816,41.63356,-23.81813,-41.23445
3120.,11.72887,11.59678,11.70002,13.46412,41.62485,-23.84031,-41.24859
3130.,11.71079,11.57856,11.68193,13.44665,41.6161,-23.86239,-41.26272
3140.,11.69274,11.56037,11.66386,13.42921,41.6073,-23.88437,-41.27684
3150.,11.67471,11.5422,11.64581,13.41178,41.59847,-23.90624,-41.29094
3160.,11.65671,11.52406,11.62779,13.39437,41.58958,-23.92801,-41.30502
3170.,11.63873,11.50594,11.6098,13.37698,41.58066,-23.94968,-41.3191
3180.,11.62077,11.48785,11.59183,13.35961,41.5717,-23.97125,-41.33315
3190.,11.60284,11.46979,11.57389,13.34225,41.5627,-23.99273,-41.3472
3200.,11.58494,11.45175,11.55596,13.32491,41.55365,-24.0141,-41.36123
3210.,11.56706,11.43373,11.53807,13.30759,41.54457,-24.03538,-41.37524
3220.,11.5492,11.41574,11.5202,13.29028,41.53546,-24.05657,-41.38924
3230.,11.53137,11.39778,11.50235,13.273,41.5263,-24.07766,-41.40323
3240.,11.51356,11.37984,11.48453,13.25573,41.51711,-24.09866,-41.4172
3250.,11.49577,11.36192,11.46673,13.23848,41.50789,-24.11956,-41.43116
3260.,11.47801,11.34403,11.44895,13.22124,41.49863,-24.14038,-41.4451
3270.,11.46027,11.32617,11.4312,13.20403,41.48934,-24.1611,-41.45903
3280.,11.44256,11.30833,11.41347,13.18683,41.48001,-24.18174,-41.47295
3290.,11.42487,11.29051,11.39577,13.16964,41.47065,-24.20228,-41.48685
3300.,11.4072,11.27272,11.37809,13.15248,41.46126,-24.22275,-41.50074
3310.,11.38955,11.25495,11.36043,13.13533,41.45184,-24.24312,-41.51461
3320.,11.37193,11.23721,11.3428,13.1182,41.44239,-24.26341,-41.52847
3330.,11.35434,11.21949,11.32519,13.10109,41.43291,-24.28361,-41.54232
3340.,11.33676,11.2018,11.3076,13.084,41.4234,-24.30373,-41.55615
3350.,11.31921,11.18413,11.29004,13.06692,41.41386,-24.32377,-41.56997
3360.,11.30168,11.16648,11.2725,13.04986,41.4043,-24.34373,-41.58377
3370.,11.28418,11.14886,11.25498,13.03282,41.3947,-24.36361,-41.59756
3380.,11.2667,11.13126,11.23749,13.01579,41.38508,-24.3834,-41.61134
3390.,11.24924,11.11368,11.22002,12.99878,41.37544,-24.40312,-41.6251
3400.,11.2318,11.09613,11.20257,12.98179,41.36576,-24.42276,-41.63885
3410.,11.21439,11.07861,11.18514,12.96482,41.35607,-24.44232,-41.65258
3420.,11.197,11.0611,11.16774,12.94786,41.34635,-24.4618,-41.6663
3430.,11.17963,11.04362,11.15036,12.93092,41.3366,-24.48121,-41.68
3440.,11.16228,11.02616,11.133,12.914,41.32684,-24.50054,-41.6937
3450.,11.14496,11.00873,11.11567,12.8971,41.31705,-24.5198,-41.70737
3460.,11.12766,10.99132,11.09836,12.88021,41.30724,-24.53899,-41.72104
3470.,11.11038,10.97393,11.08107,12.86334,41.2974,-24.5581,-41.73469
3480.,11.09312,10.95656,11.0638,12.84649,41.28755,-24.57714,-41.74832
3490.,11.07589,10.93922,11.04656,12.82965,41.27767,-24.59611,-41.76194
3500.,11.05867,10.9219,11.02933,12.81283,41.26778,-24.61501,-41.77555
3510.,11.04148,10.90461,11.01213,12.79603,41.25786,-24.63384,-41.78914
3520.,11.02431,10.88733,10.99495,12.77925,41.24793,-24.6526,-41.80272
3530.,11.00717,10.87008,10.9778,12.76248,41.23797,-24.67129,-41.81629
3540.,10.99004,10.85285,10.96066,12.74573,41.228,-24.68991,-41.82984
3550.,10.97294,10.83565,10.94355,12.729,41.21802,-24.70847,-41.84338
3560.,10.95586,10.81846,10.92646,12.71228,41.20801,-24.72696,-41.85691
3570.,10.9388,10.8013,10.90939,12.69559,41.19799,-24.74538,-41.87042
3580.,10.92176,10.78416,10.89234,12.6789,41.18795,-24.76374,-41.88391
3590.,10.90474,10.76705,10.87532,12.66224,41.17789,-24.78203,-41.8974
3600.,10.88775,10.74995,10.85831,12.64559,41.16782,-24.80027,-41.91087
3610.,10.87077,10.73288,10.84133,12.62896,41.15774,-24.81843,-41.92432
3620.,10.85382,10.71583,10.82437,12.61235,41.14764,-24.83654,-41.93776
3630.,10.83689,10.69881,10.80743,12.59576,41.13753,-24.85458,-41.95119
3640.,10.81998,10.6818,10.79051,12.57918,41.1274,-24.87256,-41.9646
3650.,10.80309,10.66482,10.77362,12.56262,41.11726,-24.89048,-41.978
3660.,10.78622,10.64785,10.75674,12.54607,41.1071,-24.90834,-41.99139
3670.,10.76937,10.63091,10.73989,12.52954,41.09693,-24.92615,-42.00476
3680.,10.75255,10.614,10.72305,12.51303,41.08676,-24.94389,-42.01812
3690.,10.73574,10.5971,10.70624,12.49654,41.07656,-24.96157,-42.03147
3700.,10.71896,10.58022,10.68945,12.48006,41.06636,-24.9792,-42.0448
3710.,10.7022,10.56337,10.67268,12.4636,41.05615,-24.99677,-42.05811
3720.,10.68546,10.54654,10.65593,12.44716,41.04592,-25.01428,-42.07142
3730.,10.66874,10.52973,10.6392,12.43074,41.03569,-25.03173,-42.08471
3740.,10.65203,10.51294,10.6225,12.41433,41.02544,-25.04913,-42.09798
3750.,10.63536,10.49617,10.60581,12.39794,41.01519,-25.06648,-42.11125
3760.,10.6187,10.47942,10.58915,12.38156,41.00492,-25.08377,-42.1245
3770.,10.60206,10.4627,10.5725,12.3652,40.99465,-25.101,-42.13773
3780.,10.58544,10.44599,10.55588,12.34886,40.98437,-25.11819,-42.15095
3790.,10.56884,10.42931,10.53927,12.33254,40.97408,-25.13532,-42.16416
3800.,10.55226,10.41265,10.52269,12.31623,40.96378,-25.15239,-42.17735
3810.,10.53571,10.39601,10.50613,12.29994,40.95347,-25.16942,-42.19053
3820.,10.51917,10.37939,10.48958,12.28367,40.94316,-25.18639,-42.2037
3830.,10.50266,10.36279,10.47306,12.26741,40.93283,-25.20331,-42.21685
3840.,10.48616,10.34621,10.45656,12.25118,40.92251,-25.22018,-42.22999
3850.,10.46968,10.32965,10.44008,12.23495,40.91217,-25.237,-42.24312
3860.,10.45323,10.31312,10.42362,12.21875,40.90183,-25.25377,-42.25623
3870.,10.43679,10.2966,10.40718,12.20256,40.89148,-25.2705,-42.26933
3880.,10.42038,10.28011,10.39076,12.18639,40.88113,-25.28717,-42.28241
3890.,10.40398,10.26363,10.37436,12.17023,40.87077,-25.30379,-42.29548
3900.,10.38761,10.24718,10.35798,12.1541,40.8604,-25.32037,-42.30854
3910.,10.37125,10.23074,10.34162,12.13797,40.85004,-25.3369,-42.32158
3920.,10.35492,10.21433,10.32528,12.12187,40.83966,-25.35338,-42.33461
3930.,10.3386,10.19794,10.30896,12.10578,40.82928,-25.36981,-42.34763
3940.,10.32231,10.18156,10.29266,12.08971,40.8189,-25.3862,-42.36063
3950.,10.30603,10.16521,10.27637,12.07366,40.80851,-25.40255,-42.37362
3960.,10.28977,10.14888,10.26011,12.05762,40.79812,-25.41884,-42.3866
3970.,10.27354,10.13257,10.24387,12.0416,40.78773,-25.43509,-42.39956
3980.,10.25732,10.11628,10.22765,12.0256,40.77733,-25.4513,-42.41251
3990.,10.24112,10.10001,10.21145,12.00961,40.76693,-25.46746,-42.42544
4000.,10.22495,10.08375,10.19527,11.99364,40.75653,-25.48358,-42.43837
4010.,10.20879,10.06752,10.17911,11.97769,40.74612,-25.49966,-42.45127
4020.,10.19265,10.05131,10.16296,11.96175,40.73571,-25.51569,-42.46417
4030.,10.17653,10.03512,10.14684,11.94583,40.7253,-25.53168,-42.47705
4040.,10.16043,10.01895,10.13074,11.92993,40.71489,-25.54763,-42.48992
4050.,10.14435,10.0028,10.11465,11.91404,40.70448,-25.56353,-42.50277
4060.,10.12829,9.986667,10.09859,11.89817,40.69406,-25.57939,-42.51561
4070.,10.11225,9.970555,10.08254,11.88232,40.68365,-25.59521,-42.52844
4080.,10.09622,9.954463,10.06652,11.86648,40.67323,-25.61099,-42.54125
4090.,10.08022,9.93839,10.05051,11.85066,40.66281,-25.62673,-42.55405
4100.,10.06424,9.922338,10.03452,11.83486,40.65239,-25.64243,-42.56684
4110.,10.04827,9.906305,10.01855,11.81907,40.64197,-25.65809,-42.57961
4120.,10.03233,9.890291,10.00261,11.8033,40.63155,-25.67371,-42.59237
4130.,10.0164,9.874297,9.986676,11.78755,40.62113,-25.68929,-42.60512
4140.,10.00049,9.858323,9.970765,11.77181,40.61071,-25.70483,-42.61785
4150.,9.984603,9.842368,9.954873,11.75609,40.60029,-25.72033,-42.63057
4160.,9.968733,9.826432,9.939001,11.74039,40.58987,-25.7358,-42.64327
4170.,9.952882,9.810516,9.923147,11.7247,40.57945,-25.75122,-42.65597
4180.,9.93705,9.794619,9.907312,11.70903,40.56904,-25.76661,-42.66865
4190.,9.921237,9.778741,9.891497,11.69338,40.55862,-25.78196,-42.68131
4200.,9.905443,9.762883,9.8757,11.67774,40.5482,-25.79727,-42.69396
4210.,9.889667,9.747044,9.859922,11.66212,40.53779,-25.81255,-42.7066
4220.,9.873911,9.731224,9.844163,11.64651,40.52738,-25.82779,-42.71923
4230.,9.858173,9.715423,9.828422,11.63093,40.51696,-25.84299,-42.73184
4240.,9.842453,9.699642,9.812701,11.61536,40.50655,-25.85816,-42.74444
4250.,9.826753,9.683879,9.796998,11.5998,40.49615,-25.87329,-42.75702
4260.,9.811071,9.668135,9.781314,11.58426,40.48574,-25.88839,-42.76959
4270.,9.795407,9.652411,9.765648,11.56874,40.47534,-25.90345,-42.78215
4280.,9.779762,9.636705,9.750001,11.55324,40.46493,-25.91847,-42.7947
4290.,9.764136,9.621018,9.734373,11.53775,40.45454,-25.93346,-42.80723
4300.,9.748528,9.605351,9.718763,11.52228,40.44414,-25.94842,-42.81975
4310.,9.732939,9.589702,9.703172,11.50682,40.43375,-25.96334,-42.83225
4320.,9.717368,9.574072,9.687599,11.49138,40.42336,-25.97823,-42.84475
4330.,9.701815,9.55846,9.672045,11.47596,40.41297,-25.99308,-42.85723
4340.,9.686281,9.542868,9.656509,11.46055,40.40258,-26.00791,-42.86969
4350.,9.670765,9.527294,9.640992,11.44516,40.3922,-26.02269,-42.88214
4360.,9.655267,9.511738,9.625493,11.42979,40.38182,-26.03745,-42.89458
4370.,9.639788,9.496202,9.610012,11.41443,40.37145,-26.05217,-42.90701
4380.,9.624327,9.480684,9.59455,11.39909,40.36108,-26.06686,-42.91942
4390.,9.608884,9.465184,9.579105,11.38377,40.35071,-26.08152,-42.93182
4400.,9.593459,9.449703,9.56368,11.36846,40.34035,-26.09614,-42.9442
4410.,9.578052,9.434241,9.548272,11.35317,40.32999,-26.11074,-42.95658
4420.,9.562664,9.418797,9.532882,11.33789,40.31964,-26.1253,-42.96894
4430.,9.547294,9.403372,9.517511,11.32263,40.30929,-26.13983,-42.98128
4440.,9.531941,9.387965,9.502157,11.30739,40.29894,-26.15433,-42.99362
4450.,9.516607,9.372576,9.486822,11.29216,40.2886,-26.1688,-43.00594
4460.,9.501291,9.357205,9.471505,11.27695,40.27827,-26.18324,-43.01824
4470.,9.485992,9.341853,9.456206,11.26176,40.26793,-26.19765,-43.03054
4480.,9.470712,9.32652,9.440925,11.24658,40.25761,-26.21202,-43.04282
4490.,9.455449,9.311204,9.425662,11.23142,40.24728,-26.22637,-43.05508
4500.,9.440205,9.295907,9.410416,11.21628,40.23697,-26.24069,-43.06734
4510.,9.424978,9.280628,9.395189,11.20115,40.22666,-26.25498,-43.07958
4520.,9.409769,9.265366,9.379979,11.18603,40.21635,-26.26924,-43.09181
4530.,9.394578,9.250124,9.364788,11.17094,40.20605,-26.28347,-43.10402
4540.,9.379404,9.234899,9.349614,11.15586,40.19575,-26.29767,-43.11622
4550.,9.364248,9.219692,9.334458,11.14079,40.18546,-26.31184,-43.12841
4560.,9.34911,9.204503,9.31932,11.12575,40.17518,-26.32599,-43.14058
4570.,9.33399,9.189332,9.304199,11.11071,40.1649,-26.3401,-43.15275
4580.,9.318888,9.174179,9.289096,11.0957,40.15462,-26.35419,-43.1649
4590.,9.303802,9.159045,9.274011,11.0807,40.14436,-26.36825,-43.17703
4600.,9.288735,9.143928,9.258944,11.06572,40.1341,-26.38228,-43.18915
4610.,9.273685,9.128828,9.243894,11.05075,40.12384,-26.39628,-43.20126
4620.,9.258653,9.113747,9.228861,11.0358,40.11359,-26.41026,-43.21336
4630.,9.243638,9.098684,9.213846,11.02086,40.10335,-26.42421,-43.22545
4640.,9.228641,9.083638,9.198849,11.00595,40.09311,-26.43813,-43.23752
4650.,9.213661,9.06861,9.183869,10.99104,40.08288,-26.45202,-43.24957
4660.,9.198698,9.0536,9.168907,10.97616,40.07266,-26.46589,-43.26162
4670.,9.183753,9.038607,9.153962,10.96129,40.06244,-26.47973,-43.27365
4680.,9.168826,9.023632,9.139035,10.94643,40.05223,-26.49355,-43.28567
4690.,9.153915,9.008675,9.124125,10.93159,40.04203,-26.50733,-43.29768
4700.,9.139022,8.993735,9.109232,10.91677,40.03183,-26.5211,-43.30967
4710.,9.124147,8.978813,9.094357,10.90196,40.02164,-26.53483,-43.32165
4720.,9.109288,8.963908,9.079499,10.88717,40.01145,-26.54854,-43.33361
4730.,9.094447,8.949021,9.064659,10.8724,40.00128,-26.56223,-43.34557
4740.,9.079623,8.934152,9.049835,10.85764,39.99111,-26.57589,-43.35751
4750.,9.064816,8.919299,9.035029,10.8429,39.98095,-26.58952,-43.36944
4760.,9.050027,8.904465,9.02024,10.82817,39.97079,-26.60313,-43.38135
4770.,9.035254,8.889647,9.005468,10.81346,39.96064,-26.61672,-43.39326
4780.,9.020499,8.874848,8.990714,10.79877,39.9505,-26.63027,-43.40515
4790.,9.005761,8.860065,8.975976,10.78409,39.94037,-26.64381,-43.41702
4800.,8.99104,8.8453,8.961256,10.76943,39.93024,-26.65732,-43.42889
4810.,8.976336,8.830552,8.946553,10.75478,39.92012,-26.6708,-43.44074
4820.,8.961648,8.815821,8.931866,10.74015,39.91001,-26.68427,-43.45257
4830.,8.946978,8.801107,8.917197,10.72553,39.89991,-26.6977,-43.4644
4840.,8.932325,8.786411,8.902545,10.71093,39.88981,-26.71111,-43.47621
4850.,8.917689,8.771732,8.88791,10.69635,39.87972,-26.7245,-43.48801
4860.,8.90307,8.75707,8.873291,10.68178,39.86964,-26.73787,-43.4998
4870.,8.888467,8.742425,8.85869,10.66723,39.85957,-26.75121,-43.51157
4880.,8.873882,8.727798,8.844106,10.65269,39.84951,-26.76453,-43.52333
4890.,8.859313,8.713187,8.829538,10.63817,39.83945,-26.77782,-43.53508
4900.,8.844761,8.698593,8.814988,10.62367,39.8294,-26.7911,-43.54682
4910.,8.830226,8.684017,8.800454,10.60918,39.81936,-26.80434,-43.55854
4920.,8.815708,8.669457,8.785937,10.59471,39.80933,-26.81757,-43.57025
4930.,8.801206,8.654915,8.771436,10.58025,39.7993,-26.83077,-43.58195
4940.,8.786722,8.640389,8.756953,10.56581,39.78928,-26.84395,-43.59363
4950.,8.772253,8.62588,8.742486,10.55138,39.77927,-26.85711,-43.6053
4960.,8.757802,8.611388,8.728036,10.53697,39.76927,-26.87025,-43.61696
4970.,8.743367,8.596913,8.713603,10.52258,39.75928,-26.88336,-43.62861
4980.,8.728949,8.582455,8.699186,10.5082,39.7493,-26.89645,-43.64024
4990.,8.714548,8.568014,8.684786,10.49384,39.73932,-26.90952,-43.65186
5000.,8.700163,8.553589,8.670403,10.47949,39.72936,-26.92256,-43.66347
5010.,8.685794,8.539182,8.656036,10.46516,39.7194,-26.93559,-43.67507
5020.,8.671442,8.524791,8.641685,10.45084,39.70945,-26.94859,-43.68665
5030.,8.657107,8.510416,8.627352,10.43654,39.6995,-26.96157,-43.69822
5040.,8.642788,8.496059,8.613034,10.42226,39.68957,-26.97453,-43.70978
5050.,8.628486,8.481718,8.598734,10.40799,39.67965,-26.98747,-43.72133
5060.,8.6142,8.467393,8.584449,10.39374,39.66973,-27.00039,-43.73286
5070.,8.59993,8.453085,8.570182,10.3795,39.65982,-27.01328,-43.74438
5080.,8.585677,8.438794,8.55593,10.36528,39.64993,-27.02616,-43.75589
5090.,8.57144,8.42452,8.541695,10.35107,39.64004,-27.03901,-43.76738
5100.,8.55722,8.410262,8.527477,10.33688,39.63015,-27.05184,-43.77886
5110.,8.543016,8.39602,8.513274,10.3227,39.62028,-27.06465,-43.79033
5120.,8.528828,8.381795,8.499088,10.30854,39.61042,-27.07744,-43.80179
5130.,8.514656,8.367587,8.484919,10.2944,39.60056,-27.09022,-43.81324
5140.,8.500501,8.353395,8.470766,10.28027,39.59072,-27.10297,-43.82467
5150.,8.486362,8.339219,8.456628,10.26615,39.58088,-27.1157,-43.83609
5160.,8.472239,8.32506,8.442508,10.25205,39.57105,-27.1284,-43.8475
5170.,8.458132,8.310917,8.428403,10.23797,39.56123,-27.14109,-43.85889
5180.,8.444042,8.29679,8.414315,10.2239,39.55142,-27.15376,-43.87027
5190.,8.429968,8.28268,8.400243,10.20985,39.54162,-27.16641,-43.88164
5200.,8.41591,8.268586,8.386186,10.19581,39.53183,-27.17904,-43.893
5210.,8.401868,8.254508,8.372147,10.18179,39.52205,-27.19165,-43.90434
5220.,8.387842,8.240447,8.358123,10.16779,39.51228,-27.20424,-43.91568
5230.,8.373832,8.226402,8.344115,10.15379,39.50251,-27.21681,-43.927
5240.,8.359838,8.212373,8.330123,10.13982,39.49276,-27.22936,-43.9383
5250.,8.34586,8.19836,8.316148,10.12586,39.48301,-27.24189,-43.9496
5260.,8.331898,8.184363,8.302188,10.11191,39.47327,-27.2544,-43.96088
5270.,8.317952,8.170383,8.288245,10.09798,39.46354,-27.2669,-43.97215
5280.,8.304022,8.156418,8.274317,10.08407,39.45383,-27.27937,-43.98341
5290.,8.290108,8.14247,8.260405,10.07017,39.44412,-27.29182,-43.99466
5300.,8.27621,8.128538,8.246509,10.05629,39.43442,-27.30426,-44.00589
5310.,8.262328,8.114622,8.23263,10.04242,39.42473,-27.31667,-44.01711
5320.,8.248462,8.100721,8.218766,10.02857,39.41505,-27.32907,-44.02832
5330.,8.234611,8.086837,8.204918,10.01473,39.40537,-27.34145,-44.03952
5340.,8.220776,8.072969,8.191085,10.0009,39.39571,-27.35381,-44.0507
5350.,8.206958,8.059117,8.177269,9.987097,39.38606,-27.36615,-44.06187
5360.,8.193154,8.04528,8.163468,9.973304,39.37641,-27.37847,-44.07303
5370.,8.179367,8.03146,8.149684,9.959527,39.36678,-27.39078,-44.08418
5380.,8.165596,8.017656,8.135915,9.945764,39.35715,-27.40306,-44.09532
5390.,8.15184,8.003867,8.122161,9.932017,39.34754,-27.41533,-44.10644
5400.,8.1381,7.990094,8.108424,9.918285,39.33793,-27.42758,-44.11755
5410.,8.124375,7.976337,8.094702,9.904568,39.32834,-27.43981,-44.12865
5420.,8.110666,7.962596,8.080996,9.890866,39.31875,-27.45202,-44.13973
5430.,8.096973,7.948871,8.067305,9.87718,39.30917,-27.46422,-44.15081
5440.,8.083295,7.935161,8.05363,9.863508,39.29961,-27.4764,-44.16187
5450.,8.069633,7.921467,8.039971,9.849851,39.29005,-27.48856,-44.17292
5460.,8.055987,7.907789,8.026327,9.836209,39.2805,-27.5007,-44.18396
5470.,8.042356,7.894126,8.012699,9.822583,39.27096,-27.51282,-44.19498
5480.,8.028741,7.88048,7.999087,9.808971,39.26143,-27.52493,-44.206
5490.,8.015141,7.866848,7.985489,9.795375,39.25191,-27.53702,-44.217
5500.,8.001557,7.853233,7.971908,9.781793,39.2424,-27.54909,-44.22799
5510.,7.987988,7.839633,7.958342,9.768226,39.2329,-27.56114,-44.23896
5520.,7.974434,7.826048,7.944791,9.754674,39.22341,-27.57318,-44.24993
5530.,7.960897,7.81248,7.931256,9.741137,39.21393,-27.5852,-44.26088
5540.,7.947374,7.798926,7.917737,9.727616,39.20446,-27.5972,-44.27182
5550.,7.933867,7.785389,7.904232,9.714108,39.19499,-27.60918,-44.28275
5560.,7.920375,7.771866,7.890743,9.700616,39.18554,-27.62115,-44.29367
5570.,7.906899,7.75836,7.87727,9.687139,39.1761,-27.6331,-44.30457
5580.,7.893437,7.744868,7.863812,9.673677,39.16667,-27.64503,-44.31546
5590.,7.879992,7.731392,7.850369,9.660229,39.15724,-27.65695,-44.32634
5600.,7.866561,7.717932,7.836941,9.646796,39.14783,-27.66885,-44.33721
5610.,7.853146,7.704487,7.823529,9.633378,39.13843,-27.68073,-44.34807
5620.,7.839746,7.691057,7.810132,9.619975,39.12903,-27.6926,-44.35891
5630.,7.826361,7.677643,7.79675,9.606587,39.11965,-27.70445,-44.36975
5640.,7.812992,7.664243,7.783384,9.593213,39.11027,-27.71628,-44.38057
5650.,7.799637,7.65086,7.770032,9.579854,39.10091,-27.7281,-44.39138
5660.,7.786298,7.637491,7.756696,9.56651,39.09155,-27.7399,-44.40217
5670.,7.772974,7.624138,7.743375,9.553181,39.08221,-27.75168,-44.41296
5680.,7.759665,7.6108,7.73007,9.539866,39.07287,-27.76345,-44.42373
5690.,7.746371,7.597477,7.716779,9.526566,39.06355,-27.7752,-44.43449
5700.,7.733093,7.58417,7.703503,9.513281,39.05423,-27.78693,-44.44524
5710.,7.719829,7.570878,7.690243,9.500011,39.04493,-27.79865,-44.45598
5720.,7.706581,7.5576,7.676997,9.486755,39.03563,-27.81035,-44.4667
5730.,7.693347,7.544338,7.663767,9.473513,39.02634,-27.82204,-44.47742
5740.,7.680129,7.531091,7.650552,9.460287,39.01707,-27.83371,-44.48812
5750.,7.666925,7.51786,7.637351,9.447075,39.0078,-27.84536,-44.49881
5760.,7.653736,7.504643,7.624166,9.433877,38.99854,-27.857,-44.50949
5770.,7.640563,7.491441,7.610996,9.420694,38.9893,-27.86862,-44.52015
5780.,7.627404,7.478255,7.59784,9.407526,38.98006,-27.88023,-44.53081
5790.,7.614261,7.465083,7.5847,9.394372,38.97083,-27.89182,-44.54145
5800.,7.601132,7.451927,7.571574,9.381233,38.96162,-27.90339,-44.55208
5810.,7.588018,7.438785,7.558464,9.368108,38.95241,-27.91495,-44.5627
5820.,7.574919,7.425658,7.545368,9.354998,38.94321,-27.92649,-44.57331
5830.,7.561835,7.412547,7.532287,9.341902,38.93402,-27.93802,-44.5839
5840.,7.548765,7.39945,7.519221,9.328821,38.92484,-27.94953,-44.59449
5850.,7.535711,7.386368,7.506169,9.315754,38.91568,-27.96103,-44.60506
5860.,7.522671,7.373301,7.493133,9.302702,38.90652,-27.97251,-44.61562
5870.,7.509646,7.360249,7.480111,9.289664,38.89737,-27.98398,-44.62617
5880.,7.496635,7.347212,7.467104,9.276641,38.88823,-27.99543,-44.63671
5890.,7.48364,7.334189,7.454112,9.263631,38.8791,-28.00686,-44.64723
5900.,7.470659,7.321182,7.441135,9.250637,38.86998,-28.01828,-44.65775
5910.,7.457693,7.308189,7.428172,9.237656,38.86088,-28.02969,-44.66825
5920.,7.444741,7.295211,7.415224,9.224691,38.85178,-28.04108,-44.67874
5930.,7.431804,7.282247,7.40229,9.211739,38.84269,-28.05245,-44.68922
5940.,7.418882,7.269299,7.389372,9.198802,38.83361,-28.06381,-44.69969
5950.,7.405975,7.256365,7.376468,9.185879,38.82454,-28.07516,-44.71014
5960.,7.393082,7.243445,7.363578,9.17297,38.81548,-28.08649,-44.72059
5970.,7.380203,7.230541,7.350703,9.160076,38.80643,-28.0978,-44.73102
5980.,7.36734,7.217651,7.337843,9.147196,38.79739,-28.1091,-44.74144
5990.,7.35449,7.204776,7.324997,9.13433,38.78836,-28.12039,-44.75185
6000.,7.341655,7.191915,7.312166,9.121478,38.77934,-28.13166,-44.76225
6010.,7.328835,7.179069,7.299349,9.108641,38.77033,-28.14291,-44.77264
6020.,7.316029,7.166238,7.286547,9.095818,38.76133,-28.15415,-44.78301
6030.,7.303238,7.153421,7.273759,9.083009,38.75234,-28.16538,-44.79338
6040.,7.290461,7.140618,7.260986,9.070214,38.74336,-28.17659,-44.80373
6050.,7.277699,7.12783,7.248227,9.057433,38.73439,-28.18779,-44.81407
6060.,7.264951,7.115057,7.235482,9.044667,38.72542,-28.19897,-44.8244
6070.,7.252217,7.102298,7.222752,9.031915,38.71647,-28.21014,-44.83472
6080.,7.239498,7.089554,7.210037,9.019176,38.70753,-28.22129,-44.84502
6090.,7.226793,7.076824,7.197335,9.006452,38.6986,-28.23243,-44.85532
6100.,7.214103,7.064108,7.184648,8.993742,38.68968,-28.24356,-44.8656
6110.,7.201427,7.051407,7.171976,8.981047,38.68077,-28.25467,-44.87588
6120.,7.188765,7.03872,7.159317,8.968365,38.67187,-28.26576,-44.88614
6130.,7.176117,7.026048,7.146673,8.955697,38.66297,-28.27684,-44.89639
6140.,7.163484,7.013389,7.134044,8.943043,38.65409,-28.28791,-44.90662
6150.,7.150865,7.000746,7.121428,8.930403,38.64522,-28.29896,-44.91685
6160.,7.13826,6.988116,7.108827,8.917778,38.63636,-28.31,-44.92707
6170.,7.125669,6.975501,7.09624,8.905166,38.6275,-28.32103,-44.93727
6180.,7.113093,6.9629,7.083667,8.892568,38.61866,-28.33204,-44.94746
6190.,7.100531,6.950314,7.071109,8.879984,38.60983,-28.34304,-44.95765
6200.,7.087983,6.937741,7.058564,8.867414,38.601,-28.35402,-44.96782
6210.,7.075449,6.925183,7.046034,8.854859,38.59219,-28.36499,-44.97797
6220.,7.062929,6.912639,7.033518,8.842316,38.58339,-28.37594,-44.98812
6230.,7.050423,6.900109,7.021016,8.829788,38.57459,-28.38689,-44.99826
6240.,7.037932,6.887594,7.008528,8.817274,38.56581,-28.39781,-45.00838
6250.,7.025454,6.875092,6.996054,8.804774,38.55703,-28.40873,-45.0185
6260.,7.012991,6.862605,6.983595,8.792287,38.54827,-28.41963,-45.0286
6270.,7.000541,6.850132,6.971149,8.779815,38.53952,-28.43051,-45.03869
6280.,6.988106,6.837673,6.958717,8.767356,38.53077,-28.44139,-45.04877
6290.,6.975684,6.825228,6.9463,8.754911,38.52204,-28.45224,-45.05884
6300.,6.963277,6.812797,6.933896,8.742479,38.51331,-28.46309,-45.0689
6310.,6.950884,6.80038,6.921506,8.730062,38.50459,-28.47392,-45.07895
6320.,6.938504,6.787977,6.909131,8.717658,38.49589,-28.48474,-45.08898
6330.,6.926139,6.775588,6.896769,8.705268,38.48719,-28.49554,-45.09901
6340.,6.913787,6.763213,6.884421,8.692892,38.47851,-28.50633,-45.10902
6350.,6.901449,6.750852,6.872087,8.68053,38.46983,-28.51711,-45.11903
6360.,6.889125,6.738505,6.859767,8.668181,38.46116,-28.52788,-45.12902
6370.,6.876815,6.726172,6.847461,8.655846,38.45251,-28.53863,-45.139
6380.,6.864519,6.713852,6.835168,8.643524,38.44386,-28.54936,-45.14897
6390.,6.852237,6.701547,6.82289,8.631217,38.43522,-28.56009,-45.15893
6400.,6.839969,6.689256,6.810625,8.618922,38.42659,-28.5708,-45.16887
6410.,6.827714,6.676978,6.798374,8.606642,38.41797,-28.5815,-45.17881
6420.,6.815473,6.664714,6.786137,8.594375,38.40937,-28.59218,-45.18873
6430.,6.803246,6.652464,6.773914,8.582122,38.40077,-28.60285,-45.19865
6440.,6.791033,6.640228,6.761704,8.569882,38.39218,-28.61351,-45.20855
6450.,6.778833,6.628006,6.749508,8.557656,38.3836,-28.62415,-45.21844
6460.,6.766647,6.615797,6.737326,8.545443,38.37503,-28.63478,-45.22832
6470.,6.754475,6.603603,6.725158,8.533244,38.36647,-28.6454,-45.23819
6480.,6.742316,6.591422,6.713003,8.521059,38.35792,-28.65601,-45.24805
6490.,6.730171,6.579254,6.700862,8.508887,38.34938,-28.6666,-45.2579
6500.,6.71804,6.567101,6.688735,8.496729,38.34084,-28.67718,-45.26774
6510.,6.705922,6.554961,6.676621,8.484584,38.33232,-28.68775,-45.27757
6520.,6.693818,6.542834,6.664521,8.472452,38.32381,-28.6983,-45.28738
6530.,6.681728,6.530722,6.652434,8.460334,38.31531,-28.70884,-45.29719
6540.,6.669651,6.518623,6.640361,8.448229,38.30682,-28.71937,-45.30698
6550.,6.657588,6.506537,6.628302,8.436138,38.29833,-28.72988,-45.31676
6560.,6.645538,6.494466,6.616256,8.42406,38.28986,-28.74038,-45.32654
6570.,6.633502,6.482407,6.604224,8.411996,38.2814,-28.75087,-45.3363
6580.,6.621479,6.470363,6.592205,8.399945,38.27294,-28.76135,-45.34605
6590.,6.60947,6.458332,6.580199,8.387907,38.2645,-28.77181,-45.35579
6600.,6.597474,6.446314,6.568207,8.375883,38.25606,-28.78226,-45.36552
6610.,6.585492,6.43431,6.556229,8.363872,38.24764,-28.7927,-45.37524
6620.,6.573523,6.422319,6.544264,8.351874,38.23922,-28.80312,-45.38494
6630.,6.561567,6.410342,6.532313,8.33989,38.23081,-28.81354,-45.39464
6640.,6.549625,6.398379,6.520374,8.327919,38.22242,-28.82394,-45.40433
6650.,6.537697,6.386429,6.50845,8.315961,38.21403,-28.83432,-45.414
6660.,6.525781,6.374492,6.496538,8.304017,38.20565,-28.8447,-45.42366
6670.,6.51388,6.362568,6.48464,8.292085,38.19728,-28.85506,-45.43332
6680.,6.501991,6.350659,6.472756,8.280167,38.18892,-28.86541,-45.44296
6690.,6.490116,6.338762,6.460884,8.268262,38.18058,-28.87575,-45.45259
6700.,6.478254,6.326879,6.449026,8.256371,38.17224,-28.88607,-45.46222
6710.,6.466405,6.315009,6.437182,8.244492,38.16391,-28.89639,-45.47183
6720.,6.45457,6.303152,6.42535,8.232627,38.15558,-28.90669,-45.48143
6730.,6.442748,6.291309,6.413532,8.220775,38.14727,-28.91697,-45.49102
6740.,6.430939,6.279479,6.401727,8.208936,38.13897,-28.92725,-45.5006
6750.,6.419143,6.267663,6.389936,8.19711,38.13068,-28.93751,-45.51016
6760.,6.407361,6.255859,6.378157,8.185297,38.1224,-28.94776,-45.51972
6770.,6.395592,6.244069,6.366392,8.173498,38.11412,-28.958,-45.52927
6780.,6.383836,6.232292,6.35464,8.161711,38.10586,-28.96823,-45.53881
6790.,6.372093,6.220528,6.342901,8.149938,38.0976,-28.97844,-45.54833
6800.,6.360363,6.208778,6.331175,8.138177,38.08936,-28.98864,-45.55785
6810.,6.348647,6.197041,6.319463,8.12643,38.08112,-28.99883,-45.56735
6820.,6.336943,6.185316,6.307763,8.114695,38.0729,-29.00901,-45.57685
6830.,6.325253,6.173605,6.296077,8.102974,38.06468,-29.01917,-45.58633
6840.,6.313576,6.161907,6.284403,8.091266,38.05647,-29.02933,-45.5958
6850.,6.301911,6.150223,6.272743,8.07957,38.04827,-29.03947,-45.60527
6860.,6.29026,6.138551,6.261096,8.067888,38.04008,-29.0496,-45.61472
6870.,6.278622,6.126892,6.249462,8.056218,38.0319,-29.05971,-45.62416
6880.,6.266997,6.115247,6.237841,8.044562,38.02373,-29.06982,-45.63359
6890.,6.255385,6.103614,6.226233,8.032918,38.01557,-29.07991,-45.64301
6900.,6.243786,6.091995,6.214637,8.021288,38.00742,-29.08999,-45.65242
6910.,6.2322,6.080388,6.203055,8.00967,37.99928,-29.10006,-45.66182
6920.,6.220626,6.068795,6.191486,7.998065,37.99115,-29.11012,-45.67121
6930.,6.209066,6.057214,6.17993,7.986473,37.98302,-29.12016,-45.68059
6940.,6.197519,6.045647,6.168386,7.974894,37.97491,-29.1302,-45.68996
6950.,6.185984,6.034092,6.156856,7.963327,37.9668,-29.14022,-45.69932
6960.,6.174463,6.022551,6.145338,7.951774,37.95871,-29.15023,-45.70867
6970.,6.162954,6.011022,6.133834,7.940233,37.95062,-29.16022,-45.718
6980.,6.151458,5.999506,6.122342,7.928705,37.94254,-29.17021,-45.72733
6990.,6.139976,5.988003,6.110863,7.91719,37.93448,-29.18018,-45.73665
7000.,6.128505,5.976513,6.099397,7.905687,37.92642,-29.19015,-45.74596
7010.,6.117048,5.965036,6.087944,7.894198,37.91837,-29.2001,-45.75525
7020.,6.105604,5.953571,6.076503,7.882721,37.91033,-29.21004,-45.76454
7030.,6.094172,5.94212,6.065075,7.871256,37.9023,-29.21996,-45.77381
7040.,6.082753,5.930681,6.05366,7.859805,37.89427,-29.22988,-45.78308
7050.,6.071347,5.919255,6.042258,7.848366,37.88626,-29.23978,-45.79233
7060.,6.059953,5.907842,6.030869,7.83694,37.87826,-29.24967,-45.80158
7070.,6.048572,5.896442,6.019492,7.825526,37.87026,-29.25956,-45.81081
7080.,6.037204,5.885054,6.008128,7.814125,37.86228,-29.26942,-45.82004
7090.,6.025849,5.873679,5.996776,7.802737,37.8543,-29.27928,-45.82925
7100.,6.014506,5.862317,5.985438,7.791362,37.84634,-29.28913,-45.83846
7110.,6.003176,5.850967,5.974112,7.779999,37.83838,-29.29896,-45.84765
7120.,5.991859,5.83963,5.962798,7.768648,37.83043,-29.30879,-45.85683
7130.,5.980554,5.828306,5.951497,7.75731,37.82249,-29.3186,-45.86601
7140.,5.969262,5.816994,5.940209,7.745985,37.81456,-29.3284,-45.87517
7150.,5.957982,5.805695,5.928934,7.734672,37.80664,-29.33818,-45.88433
7160.,5.946715,5.794409,5.917671,7.723372,37.79873,-29.34796,-45.89347
7170.,5.935461,5.783135,5.90642,7.712084,37.79082,-29.35773,-45.9026
7180.,5.924219,5.771874,5.895182,7.700809,37.78293,-29.36748,-45.91172
7190.,5.91299,5.760626,5.883957,7.689546,37.77504,-29.37722,-45.92084
7200.,5.901773,5.74939,5.872744,7.678296,37.76717,-29.38696,-45.92994
7210.,5.890569,5.738166,5.861544,7.667058,37.7593,-29.39668,-45.93903
7220.,5.879377,5.726955,5.850356,7.655833,37.75144,-29.40639,-45.94811
7230.,5.868197,5.715757,5.839181,7.64462,37.74359,-29.41608,-45.95719
7240.,5.85703,5.704571,5.828018,7.63342,37.73575,-29.42577,-45.96625
7250.,5.845876,5.693397,5.816868,7.622232,37.72792,-29.43544,-45.9753
7260.,5.834734,5.682236,5.80573,7.611056,37.7201,-29.44511,-45.98434
7270.,5.823604,5.671088,5.794604,7.599892,37.71229,-29.45476,-45.99338
7280.,5.812487,5.659952,5.783491,7.588742,37.70448,-29.4644,-46.0024
7290.,5.801382,5.648828,5.77239,7.577603,37.69669,-29.47403,-46.01141
7300.,5.79029,5.637717,5.761301,7.566477,37.6889,-29.48365,-46.02041
7310.,5.77921,5.626618,5.750225,7.555363,37.68113,-29.49326,-46.02941
7320.,5.768142,5.615531,5.739162,7.544261,37.67336,-29.50286,-46.03839
7330.,5.757086,5.604457,5.72811,7.533172,37.6656,-29.51244,-46.04736
7340.,5.746043,5.593395,5.717071,7.522094,37.65785,-29.52202,-46.05632
7350.,5.735012,5.582346,5.706044,7.51103,37.65011,-29.53158,-46.06528
7360.,5.723994,5.571308,5.695029,7.499977,37.64237,-29.54113,-46.07422
7370.,5.712988,5.560284,5.684027,7.488937,37.63465,-29.55067,-46.08315
7380.,5.701993,5.549271,5.673037,7.477908,37.62694,-29.56021,-46.09207
7390.,5.691012,5.538271,5.662059,7.466892,37.61923,-29.56972,-46.10099
7400.,5.680042,5.527282,5.651094,7.455889,37.61153,-29.57923,-46.10989
7410.,5.669085,5.516306,5.64014,7.444897,37.60384,-29.58873,-46.11878
7420.,5.658139,5.505343,5.629199,7.433918,37.59616,-29.59822,-46.12767
7430.,5.647206,5.494391,5.61827,7.42295,37.58849,-29.60769,-46.13654
7440.,5.636285,5.483452,5.607353,7.411995,37.58083,-29.61716,-46.14541
7450.,5.625377,5.472525,5.596448,7.401052,37.57318,-29.62661,-46.15426
7460.,5.61448,5.46161,5.585556,7.390121,37.56554,-29.63606,-46.1631
7470.,5.603595,5.450707,5.574675,7.379202,37.5579,-29.64549,-46.17194
7480.,5.592723,5.439816,5.563807,7.368296,37.55027,-29.65491,-46.18076
7490.,5.581863,5.428938,5.55295,7.357401,37.54266,-29.66432,-46.18958
7500.,5.571014,5.418071,5.542106,7.346518,37.53505,-29.67372,-46.19838
7510.,5.560178,5.407217,5.531274,7.335648,37.52745,-29.68311,-46.20718
7520.,5.549354,5.396375,5.520454,7.324789,37.51985,-29.69249,-46.21596
7530.,5.538542,5.385544,5.509646,7.313942,37.51227,-29.70185,-46.22474
7540.,5.527742,5.374726,5.498849,7.303108,37.5047,-29.71121,-46.23351
7550.,5.516954,5.36392,5.488065,7.292285,37.49713,-29.72056,-46.24226
7560.,5.506178,5.353126,5.477293,7.281474,37.48957,-29.72989,-46.25101
7570.,5.495413,5.342344,5.466533,7.270676,37.48203,-29.73922,-46.25975
7580.,5.484661,5.331573,5.455785,7.259889,37.47449,-29.74853,-46.26848
7590.,5.473921,5.320815,5.445048,7.249114,37.46696,-29.75783,-46.27719
7600.,5.463192,5.310069,5.434324,7.238351,37.45943,-29.76713,-46.2859
7610.,5.452476,5.299335,5.423612,7.2276,37.45192,-29.77641,-46.2946
7620.,5.441771,5.288612,5.412911,7.216861,37.44442,-29.78568,-46.30329
7630.,5.431079,5.277902,5.402222,7.206134,37.43692,-29.79494,-46.31197
7640.,5.420398,5.267203,5.391546,7.195418,37.42943,-29.80419,-46.32064
7650.,5.409729,5.256516,5.380881,7.184715,37.42195,-29.81343,-46.3293
7660.,5.399072,5.245841,5.370227,7.174023,37.41448,-29.82266,-46.33795
7670.,5.388427,5.235178,5.359586,7.163343,37.40702,-29.83188,-46.34659
7680.,5.377793,5.224527,5.348957,7.152675,37.39957,-29.84109,-46.35522
7690.,5.367171,5.213888,5.338339,7.142018,37.39212,-29.85028,-46.36385
7700.,5.356561,5.20326,5.327733,7.131374,37.38469,-29.85947,-46.37246
7710.,5.345963,5.192645,5.317139,7.120741,37.37726,-29.86865,-46.38106
7720.,5.335377,5.182041,5.306556,7.11012,37.36984,-29.87781,-46.38965
7730.,5.324802,5.171448,5.295986,7.09951,37.36243,-29.88697,-46.39824
7740.,5.314239,5.160868,5.285427,7.088913,37.35503,-29.89612,-46.40681
7750.,5.303688,5.150299,5.27488,7.078327,37.34763,-29.90525,-46.41538
7760.,5.293149,5.139742,5.264344,7.067753,37.34025,-29.91438,-46.42393
7770.,5.282621,5.129197,5.25382,7.05719,37.33287,-29.92349,-46.43248
7780.,5.272105,5.118663,5.243308,7.046639,37.3255,-29.93259,-46.44102
7790.,5.2616,5.108141,5.232807,7.0361,37.31815,-29.94169,-46.44954
7800.,5.251107,5.097631,5.222319,7.025572,37.31079,-29.95077,-46.45806
7810.,5.240626,5.087133,5.211841,7.015056,37.30345,-29.95984,-46.46657
7820.,5.230156,5.076646,5.201376,7.004552,37.29612,-29.96891,-46.47507
7830.,5.219698,5.06617,5.190921,6.994059,37.28879,-29.97796,-46.48356
7840.,5.209252,5.055707,5.180479,6.983578,37.28147,-29.987,-46.49204
7850.,5.198817,5.045254,5.170048,6.973108,37.27416,-29.99603,-46.50051
7860.,5.188394,5.034814,5.159629,6.96265,37.26686,-30.00506,-46.50897
7870.,5.177982,5.024385,5.149221,6.952203,37.25957,-30.01407,-46.51743
7880.,5.167582,5.013967,5.138825,6.941768,37.25229,-30.02307,-46.52587
7890.,5.157193,5.003561,5.12844,6.931345,37.24501,-30.03206,-46.5343
7900.,5.146816,4.993167,5.118066,6.920933,37.23775,-30.04104,-46.54273
7910.,5.13645,4.982784,5.107705,6.910532,37.23049,-30.05001,-46.55114
7920.,5.126095,4.972413,5.097354,6.900143,37.22324,-30.05897,-46.55955
7930.,5.115753,4.962053,5.087015,6.889766,37.21599,-30.06792,-46.56794
7940.,5.105421,4.951705,5.076688,6.879399,37.20876,-30.07686,-46.57633
7950.,5.095101,4.941368,5.066372,6.869045,37.20153,-30.08579,-46.58471
7960.,5.084793,4.931042,5.056067,6.858701,37.19432,-30.09471,-46.59308
7970.,5.074496,4.920728,5.045774,6.84837,37.18711,-30.10362,-46.60144
7980.,5.06421,4.910425,5.035492,6.838049,37.17991,-30.11252,-46.60979
7990.,5.053935,4.900134,5.025222,6.82774,37.17272,-30.12141,-46.61813
8000.,5.043672,4.889854,5.014963,6.817442,37.16553,-30.13029,-46.62646
8010.,5.033421,4.879586,5.004715,6.807156,37.15835,-30.13916,-46.63478
8020.,5.02318,4.869328,4.994479,6.796881,37.15119,-30.14802,-46.6431
8030.,5.012951,4.859083,4.984254,6.786617,37.14403,-30.15687,-46.6514
8040.,5.002734,4.848848,4.97404,6.776365,37.13688,-30.16571,-46.6597
8050.,4.992527,4.838625,4.963837,6.766123,37.12973,-30.17454,-46.66798
8060.,4.982332,4.828413,4.953646,6.755894,37.1226,-30.18336,-46.67626
8070.,4.972148,4.818213,4.943466,6.745675,37.11547,-30.19217,-46.68453
8080.,4.961976,4.808023,4.933298,6.735468,37.10835,-30.20097,-46.69279
8090.,4.951814,4.797845,4.92314,6.725272,37.10124,-30.20977,-46.70104
8100.,4.941664,4.787678,4.912994,6.715087,37.09414,-30.21855,-46.70928
8110.,4.931525,4.777523,4.902859,6.704913,37.08705,-30.22732,-46.71751
8120.,4.921398,4.767379,4.892735,6.694751,37.07996,-30.23608,-46.72573
8130.,4.911281,4.757245,4.882623,6.6846,37.07288,-30.24483,-46.73395
8140.,4.901176,4.747124,4.872521,6.67446,37.06581,-30.25357,-46.74215
8150.,4.891082,4.737013,4.862431,6.664331,37.05875,-30.2623,-46.75035
8160.,4.880999,4.726913,4.852352,6.654213,37.0517,-30.27102,-46.75853
8170.,4.870927,4.716825,4.842284,6.644107,37.04465,-30.27973,-46.76671
8180.,4.860866,4.706748,4.832227,6.634011,37.03762,-30.28844,-46.77488
8190.,4.850816,4.696681,4.822181,6.623927,37.03059,-30.29713,-46.78304
8200.,4.840778,4.686626,4.812146,6.613854,37.02357,-30.30581,-46.79119
8210.,4.83075,4.676582,4.802123,6.603792,37.01655,-30.31448,-46.79933
8220.,4.820734,4.66655,4.79211,6.593741,37.00955,-30.32315,-46.80746
8230.,4.810728,4.656528,4.782109,6.583701,37.00255,-30.3318,-46.81558
8240.,4.800734,4.646517,4.772118,6.573672,36.99556,-30.34044,-46.8237
8250.,4.79075,4.636517,4.762139,6.563654,36.98858,-30.34908,-46.8318
8260.,4.780778,4.626529,4.75217,6.553647,36.98161,-30.3577,-46.8399
8270.,4.770817,4.616551,4.742213,6.543651,36.97464,-30.36632,-46.84799
8280.,4.760866,4.606585,4.732266,6.533666,36.96768,-30.37492,-46.85607
8290.,4.750927,4.596629,4.722331,6.523693,36.96074,-30.38352,-46.86414
8300.,4.740999,4.586684,4.712406,6.51373,36.95379,-30.3921,-46.8722
8310.,4.731081,4.576751,4.702493,6.503778,36.94686,-30.40068,-46.88025
8320.,4.721175,4.566828,4.69259,6.493837,36.93994,-30.40924,-46.88829
8330.,4.711279,4.556916,4.682698,6.483907,36.93302,-30.4178,-46.89633
8340.,4.701394,4.547015,4.672818,6.473988,36.92611,-30.42635,-46.90435
8350.,4.691521,4.537125,4.662948,6.46408,36.91921,-30.43489,-46.91237
8360.,4.681658,4.527246,4.653089,6.454182,36.91231,-30.44341,-46.92038
8370.,4.671806,4.517378,4.64324,6.444296,36.90543,-30.45193,-46.92838
8380.,4.661965,4.507521,4.633403,6.43442,36.89855,-30.46044,-46.93637
8390.,4.652134,4.497675,4.623577,6.424556,36.89168,-30.46894,-46.94435
8400.,4.642315,4.487839,4.613761,6.414702,36.88482,-30.47743,-46.95232
8410.,4.632506,4.478014,4.603956,6.404859,36.87796,-30.48591,-46.96029
8420.,4.622708,4.468201,4.594162,6.395027,36.87112,-30.49438,-46.96824
8430.,4.612921,4.458398,4.584379,6.385205,36.86428,-30.50285,-46.97619
8440.,4.603145,4.448605,4.574606,6.375395,36.85745,-30.5113,-46.98413
8450.,4.593379,4.438824,4.564845,6.365595,36.85063,-30.51974,-46.99205
8460.,4.583624,4.429053,4.555094,6.355806,36.84381,-30.52817,-46.99997
8470.,4.57388,4.419293,4.545353,6.346028,36.837,-30.5366,-47.00789
8480.,4.564147,4.409544,4.535624,6.33626,36.8302,-30.54501,-47.01579
8490.,4.554424,4.399806,4.525905,6.326504,36.82341,-30.55342,-47.02368
8500.,4.544712,4.390078,4.516197,6.316758,36.81663,-30.56182,-47.03157
8510.,4.535011,4.380361,4.5065,6.307022,36.80985,-30.5702,-47.03945
8520.,4.525321,4.370654,4.496813,6.297298,36.80308,-30.57858,-47.04731
8530.,4.515641,4.360959,4.487137,6.287584,36.79632,-30.58695,-47.05517
8540.,4.505972,4.351274,4.477471,6.27788,36.78957,-30.59531,-47.06303
8550.,4.496313,4.341599,4.467817,6.268188,36.78282,-30.60366,-47.07087
8560.,4.486665,4.331936,4.458172,6.258506,36.77609,-30.612,-47.0787
8570.,4.477028,4.322283,4.448539,6.248834,36.76936,-30.62033,-47.08653
8580.,4.467401,4.31264,4.438916,6.239174,36.76263,-30.62865,-47.09434
8590.,4.457785,4.303008,4.429304,6.229523,36.75592,-30.63696,-47.10215
8600.,4.448179,4.293387,4.419702,6.219884,36.74921,-30.64526,-47.10995
8610.,4.438584,4.283777,4.410111,6.210255,36.74251,-30.65356,-47.11774
8620.,4.429,4.274176,4.40053,6.200637,36.73582,-30.66184,-47.12552
8630.,4.419426,4.264587,4.39096,6.191029,36.72914,-30.67012,-47.1333
8640.,4.409862,4.255008,4.3814,6.181432,36.72246,-30.67838,-47.14106
8650.,4.400309,4.24544,4.371851,6.171845,36.71579,-30.68664,-47.14882
8660.,4.390767,4.235882,4.362312,6.162269,36.70913,-30.69489,-47.15657
8670.,4.381235,4.226334,4.352784,6.152703,36.70248,-30.70313,-47.16431
8680.,4.371714,4.216797,4.343267,6.143148,36.69583,-30.71136,-47.17204
8690.,4.362203,4.207271,4.333759,6.133603,36.68919,-30.71958,-47.17976
8700.,4.352702,4.197755,4.324263,6.124069,36.68256,-30.72779,-47.18748
8710.,4.343212,4.188249,4.314776,6.114545,36.67594,-30.73599,-47.19518
8720.,4.333732,4.178754,4.3053,6.105032,36.66932,-30.74418,-47.20288
8730.,4.324263,4.16927,4.295835,6.095529,36.66272,-30.75237,-47.21057
8740.,4.314804,4.159795,4.28638,6.086036,36.65612,-30.76054,-47.21825
8750.,4.305356,4.150331,4.276935,6.076554,36.64952,-30.76871,-47.22592
8760.,4.295918,4.140878,4.267501,6.067082,36.64294,-30.77686,-47.23358
8770.,4.28649,4.131435,4.258077,6.057621,36.63636,-30.78501,-47.24124
8780.,4.277072,4.122002,4.248663,6.04817,36.62979,-30.79315,-47.24889
8790.,4.267665,4.11258,4.23926,6.03873,36.62323,-30.80128,-47.25652
8800.,4.258269,4.103168,4.229867,6.029299,36.61667,-30.8094,-47.26415
8810.,4.248882,4.093766,4.220484,6.019879,36.61012,-30.81751,-47.27178
8820.,4.239506,4.084375,4.211112,6.01047,36.60358,-30.82561,-47.27939
8830.,4.23014,4.074994,4.20175,6.001071,36.59705,-30.83371,-47.28699
8840.,4.220785,4.065623,4.192398,5.991682,36.59052,-30.84179,-47.29459
8850.,4.21144,4.056263,4.183056,5.982303,36.584,-30.84987,-47.30218
8860.,4.202105,4.046912,4.173725,5.972935,36.57749,-30.85794,-47.30976
8870.,4.19278,4.037573,4.164404,5.963577,36.57099,-30.86599,-47.31733
8880.,4.183465,4.028243,4.155093,5.954229,36.56449,-30.87404,-47.32489
8890.,4.174161,4.018923,4.145793,5.944891,36.55801,-30.88208,-47.33245
8900.,4.164867,4.009614,4.136502,5.935564,36.55153,-30.89011,-47.34
8910.,4.155583,4.000315,4.127222,5.926247,36.54505,-30.89814,-47.34753
8920.,4.146309,3.991026,4.117952,5.91694,36.53859,-30.90615,-47.35506
8930.,4.137046,3.981748,4.108692,5.907643,36.53213,-30.91415,-47.36259
8940.,4.127792,3.972479,4.099442,5.898356,36.52567,-30.92215,-47.3701
8950.,4.118549,3.963221,4.090203,5.88908,36.51923,-30.93014,-47.37761
8960.,4.109316,3.953973,4.080973,5.879814,36.51279,-30.93812,-47.3851
8970.,4.100093,3.944735,4.071754,5.870558,36.50636,-30.94608,-47.39259
8980.,4.09088,3.935507,4.062545,5.861312,36.49994,-30.95405,-47.40007
8990.,4.081677,3.926289,4.053346,5.852076,36.49353,-30.962,-47.40755
9000.,4.072484,3.917081,4.044157,5.84285,36.48712,-30.96994,-47.41501
9010.,4.063301,3.907884,4.034978,5.833634,36.48072,-30.97787,-47.42247
9020.,4.054129,3.898696,4.025809,5.824429,36.47432,-30.9858,-47.42992
9030.,4.044966,3.889519,4.01665,5.815233,36.46794,-30.99372,-47.43736
9040.,4.035814,3.880352,4.007501,5.806048,36.46156,-31.00162,-47.44479
9050.,4.026671,3.871194,3.998362,5.796873,36.45519,-31.00952,-47.45221
9060.,4.017539,3.862047,3.989233,5.787707,36.44882,-31.01741,-47.45963
9070.,4.008416,3.85291,3.980115,5.778552,36.44247,-31.0253,-47.46704
9080.,3.999304,3.843782,3.971006,5.769407,36.43612,-31.03317,-47.47443
9090.,3.990201,3.834665,3.961907,5.760271,36.42978,-31.04103,-47.48183
9100.,3.981109,3.825558,3.952818,5.751146,36.42344,-31.04889,-47.48921
9110.,3.972026,3.81646,3.943739,5.742031,36.41711,-31.05674,-47.49658
9120.,3.962953,3.807373,3.93467,5.732925,36.41079,-31.06457,-47.50395
9130.,3.953891,3.798295,3.925611,5.72383,36.40448,-31.0724,-47.51131
9140.,3.944838,3.789228,3.916562,5.714745,36.39817,-31.08022,-47.51866
9150.,3.935795,3.78017,3.907523,5.705669,36.39187,-31.08804,-47.52601
9160.,3.926762,3.771123,3.898493,5.696603,36.38558,-31.09584,-47.53334
9170.,3.917739,3.762085,3.889474,5.687548,36.37929,-31.10364,-47.54067
9180.,3.908726,3.753057,3.880464,5.678502,36.37302,-31.11142,-47.54799
9190.,3.899722,3.744039,3.871464,5.669466,36.36675,-31.1192,-47.5553
9200.,3.890729,3.735031,3.862474,5.66044,36.36048,-31.12697,-47.5626
9210.,3.881745,3.726032,3.853494,5.651424,36.35423,-31.13473,-47.5699
9220.,3.872771,3.717044,3.844524,5.642418,36.34798,-31.14248,-47.57718
9230.,3.863807,3.708065,3.835564,5.633421,36.34173,-31.15023,-47.58446
9240.,3.854853,3.699097,3.826613,5.624435,36.3355,-31.15796,-47.59173
9250.,3.845908,3.690138,3.817672,5.615458,36.32927,-31.16569,-47.599
9260.,3.836974,3.681188,3.808741,5.606491,36.32305,-31.17341,-47.60625
9270.,3.828049,3.672249,3.79982,5.597534,36.31684,-31.18112,-47.6135
9280.,3.819134,3.663319,3.790908,5.588586,36.31063,-31.18882,-47.62074
9290.,3.810228,3.654399,3.782006,5.579649,36.30443,-31.19651,-47.62797
9300.,3.801332,3.645489,3.773114,5.570721,36.29824,-31.2042,-47.63519
9310.,3.792446,3.636589,3.764232,5.561803,36.29205,-31.21187,-47.64241
9320.,3.78357,3.627698,3.755359,5.552894,36.28587,-31.21954,-47.64962
9330.,3.774704,3.618817,3.746496,5.543996,36.2797,-31.2272,-47.65682
9340.,3.765847,3.609946,3.737643,5.535107,36.27353,-31.23485,-47.66401
9350.,3.757,3.601084,3.728799,5.526227,36.26738,-31.24249,-47.67119
9360.,3.748162,3.592232,3.719966,5.517358,36.26123,-31.25013,-47.67837
9370.,3.739334,3.58339,3.711141,5.508498,36.25508,-31.25775,-47.68554
9380.,3.730516,3.574558,3.702327,5.499648,36.24895,-31.26537,-47.6927
9390.,3.721707,3.565735,3.693522,5.490807,36.24282,-31.27298,-47.69985
9400.,3.712908,3.556921,3.684726,5.481976,36.23669,-31.28058,-47.707
9410.,3.704119,3.548118,3.67594,5.473155,36.23058,-31.28817,-47.71413
9420.,3.695339,3.539324,3.667164,5.464344,36.22447,-31.29576,-47.72126
9430.,3.686569,3.530539,3.658397,5.455542,36.21836,-31.30333,-47.72839
9440.,3.677808,3.521764,3.64964,5.446749,36.21227,-31.3109,-47.7355
9450.,3.669057,3.512999,3.640893,5.437966,36.20618,-31.31846,-47.74261
9460.,3.660316,3.504243,3.632155,5.429193,36.2001,-31.32601,-47.7497
9470.,3.651584,3.495497,3.623426,5.420429,36.19402,-31.33355,-47.75679
9480.,3.642861,3.48676,3.614708,5.411675,36.18796,-31.34108,-47.76388
9490.,3.634148,3.478033,3.605998,5.402931,36.1819,-31.34861,-47.77095
9500.,3.625445,3.469316,3.597298,5.394196,36.17584,-31.35613,-47.77802
9510.,3.616751,3.460608,3.588608,5.38547,36.16979,-31.36364,-47.78508
9520.,3.608067,3.451909,3.579927,5.376754,36.16375,-31.37114,-47.79213
9530.,3.599392,3.44322,3.571256,5.368048,36.15772,-31.37863,-47.79918
9540.,3.590726,3.43454,3.562594,5.359351,36.15169,-31.38612,-47.80621
9550.,3.58207,3.42587,3.553941,5.350663,36.14567,-31.39359,-47.81324
9560.,3.573423,3.41721,3.545298,5.341985,36.13966,-31.40106,-47.82026
9570.,3.564786,3.408558,3.536664,5.333317,36.13365,-31.40852,-47.82728
9580.,3.556159,3.399917,3.52804,5.324657,36.12766,-31.41597,-47.83428
9590.,3.54754,3.391284,3.519425,5.316008,36.12166,-31.42342,-47.84128
9600.,3.538931,3.382661,3.51082,5.307367,36.11568,-31.43085,-47.84827
9610.,3.530332,3.374048,3.502224,5.298737,36.1097,-31.43828,-47.85526
9620.,3.521741,3.365444,3.493637,5.290115,36.10373,-31.4457,-47.86223
9630.,3.513161,3.356849,3.48506,5.281503,36.09776,-31.45311,-47.8692
9640.,3.504589,3.348263,3.476492,5.2729,36.0918,-31.46051,-47.87616
9650.,3.496027,3.339687,3.467933,5.264307,36.08585,-31.46791,-47.88311
9660.,3.487474,3.33112,3.459384,5.255723,36.0799,-31.47529,-47.89006
9670.,3.478931,3.322563,3.450844,5.247149,36.07396,-31.48267,-47.897
9680.,3.470396,3.314015,3.442313,5.238583,36.06803,-31.49004,-47.90393
9690.,3.461871,3.305476,3.433792,5.230027,36.06211,-31.49741,-47.91085
9700.,3.453356,3.296947,3.425279,5.221481,36.05619,-31.50476,-47.91777
9710.,3.44485,3.288426,3.416777,5.212943,36.05028,-31.51211,-47.92467
9720.,3.436352,3.279916,3.408283,5.204415,36.04437,-31.51945,-47.93157
9730.,3.427865,3.271414,3.399799,5.195897,36.03847,-31.52678,-47.93847
9740.,3.419386,3.262922,3.391324,5.187387,36.03258,-31.5341,-47.94535
9750.,3.410917,3.254438,3.382858,5.178887,36.0267,-31.54141,-47.95223
9760.,3.402457,3.245964,3.374401,5.170396,36.02082,-31.54872,-47.9591
9770.,3.394006,3.2375,3.365954,5.161914,36.01495,-31.55602,-47.96596
9780.,3.385564,3.229044,3.357515,5.153442,36.00908,-31.56331,-47.97282
9790.,3.377131,3.220598,3.349086,5.144979,36.00322,-31.57059,-47.97966
9800.,3.368708,3.212161,3.340666,5.136524,35.99737,-31.57787,-47.9865
9810.,3.360294,3.203733,3.332256,5.12808,35.99152,-31.58513,-47.99334
9820.,3.351889,3.195314,3.323854,5.119644,35.98568,-31.59239,-48.00016
9830.,3.343493,3.186905,3.315462,5.111217,35.97985,-31.59964,-48.00698
9840.,3.335106,3.178504,3.307078,5.1028,35.97403,-31.60688,-48.01379
9850.,3.326729,3.170113,3.298704,5.094392,35.96821,-31.61412,-48.02059
9860.,3.31836,3.161731,3.290339,5.085993,35.96239,-31.62135,-48.02739
9870.,3.310001,3.153358,3.281983,5.077603,35.95659,-31.62857,-48.03418
9880.,3.30165,3.144994,3.273636,5.069222,35.95079,-31.63578,-48.04096
9890.,3.293309,3.136639,3.265298,5.060851,35.945,-31.64298,-48.04773
9900.,3.284977,3.128293,3.25697,5.052488,35.93921,-31.65018,-48.0545
9910.,3.276654,3.119957,3.24865,5.044134,35.93343,-31.65736,-48.06126
9920.,3.26834,3.111629,3.240339,5.03579,35.92766,-31.66454,-48.06801
9930.,3.260035,3.103311,3.232038,5.027455,35.92189,-31.67172,-48.07475
9940.,3.251739,3.095001,3.223745,5.019129,35.91613,-31.67888,-48.08149
9950.,3.243452,3.086701,3.215462,5.010811,35.91038,-31.68604,-48.08822
9960.,3.235174,3.078409,3.207187,5.002503,35.90463,-31.69318,-48.09494
9970.,3.226905,3.070127,3.198921,4.994204,35.89889,-31.70032,-48.10166
9980.,3.218645,3.061853,3.190665,4.985914,35.89315,-31.70746,-48.10836
9990.,3.210394,3.053589,3.182417,4.977633,35.88742,-31.71458,-48.11506
10000.,3.202152,3.045333,3.174179,4.969361,35.8817,-31.7217,-48.12176
10010.,3.193919,3.037087,3.165949,4.961097,35.87599,-31.72881,-48.12844
10020.,3.185695,3.028849,3.157728,4.952843,35.87028,-31.73591,-48.13512
10030.,3.17748,3.020621,3.149516,4.944598,35.86458,-31.74301,-48.14179
10040.,3.169273,3.012401,3.141314,4.936362,35.85888,-31.75009,-48.14846
10050.,3.161076,3.00419,3.13312,4.928135,35.85319,-31.75717,-48.15511
10060.,3.152888,2.995988,3.124934,4.919916,35.84751,-31.76424,-48.16176
10070.,3.144708,2.987795,3.116758,4.911707,35.84183,-31.77131,-48.16841
10080.,3.136537,2.979611,3.108591,4.903506,35.83616,-31.77836,-48.17504
10090.,3.128375,2.971436,3.100433,4.895315,35.8305,-31.78541,-48.18167
10100.,3.120223,2.96327,3.092283,4.887132,35.82484,-31.79245,-48.18829
10110.,3.112078,2.955113,3.084142,4.878958,35.81919,-31.79948,-48.1949
10120.,3.103943,2.946964,3.07601,4.870793,35.81354,-31.80651,-48.20151
10130.,3.095817,2.938824,3.067887,4.862637,35.80791,-31.81352,-48.20811
10140.,3.087699,2.930694,3.059773,4.85449,35.80227,-31.82053,-48.2147
10150.,3.07959,2.922571,3.051668,4.846351,35.79665,-31.82753,-48.22129
10160.,3.07149,2.914458,3.043571,4.838222,35.79103,-31.83453,-48.22786
10170.,3.063399,2.906354,3.035483,4.830101,35.78542,-31.84152,-48.23443
10180.,3.055317,2.898258,3.027404,4.821989,35.77981,-31.84849,-48.241
10190.,3.047243,2.890171,3.019334,4.813886,35.77421,-31.85547,-48.24755
10200.,3.039178,2.882093,3.011272,4.805791,35.76861,-31.86243,-48.2541
10210.,3.031122,2.874024,3.003219,4.797706,35.76303,-31.86939,-48.26064
10220.,3.023075,2.865963,2.995175,4.789629,35.75744,-31.87634,-48.26718
10230.,3.015036,2.857912,2.98714,4.781561,35.75187,-31.88328,-48.27371
10240.,3.007006,2.849868,2.979113,4.773501,35.7463,-31.89021,-48.28023
10250.,2.998985,2.841834,2.971095,4.765451,35.74074,-31.89714,-48.28674
10260.,2.990972,2.833808,2.963086,4.757409,35.73518,-31.90405,-48.29325
10270.,2.982968,2.825792,2.955085,4.749376,35.72963,-31.91097,-48.29975
10280.,2.974973,2.817783,2.947094,4.741351,35.72409,-31.91787,-48.30624
10290.,2.966987,2.809784,2.93911,4.733336,35.71855,-31.92477,-48.31273
10300.,2.959009,2.801793,2.931136,4.725329,35.71302,-31.93165,-48.31921
10310.,2.95104,2.79381,2.92317,4.71733,35.70749,-31.93854,-48.32568
10320.,2.943079,2.785837,2.915213,4.709341,35.70197,-31.94541,-48.33214
10330.,2.935127,2.777872,2.907264,4.70136,35.69646,-31.95227,-48.3386
10340.,2.927184,2.769916,2.899324,4.693387,35.69095,-31.95913,-48.34505
10350.,2.919249,2.761968,2.891393,4.685423,35.68545,-31.96598,-48.35149
10360.,2.911323,2.754029,2.88347,4.677468,35.67996,-31.97283,-48.35793
10370.,2.903405,2.746098,2.875555,4.669522,35.67447,-31.97966,-48.36436
10380.,2.895497,2.738176,2.86765,4.661584,35.66898,-31.98649,-48.37078
10390.,2.887596,2.730263,2.859753,4.653655,35.66351,-31.99331,-48.3772
10400.,2.879704,2.722358,2.851864,4.645734,35.65804,-32.00013,-48.38361
10410.,2.871821,2.714462,2.843984,4.637822,35.65258,-32.00694,-48.39001
10420.,2.863946,2.706574,2.836113,4.629918,35.64712,-32.01373,-48.3964
10430.,2.85608,2.698695,2.82825,4.622023,35.64167,-32.02053,-48.40279
10440.,2.848222,2.690825,2.820395,4.614137,35.63622,-32.02731,-48.40917
10450.,2.840373,2.682963,2.812549,4.606259,35.63078,-32.03409,-48.41555
10460.,2.832533,2.675109,2.804712,4.59839,35.62535,-32.04086,-48.42191
10470.,2.8247,2.667264,2.796883,4.590529,35.61992,-32.04762,-48.42827
10480.,2.816877,2.659428,2.789062,4.582676,35.6145,-32.05438,-48.43463
10490.,2.809061,2.6516,2.78125,4.574832,35.60908,-32.06112,-48.44097
10500.,2.801255,2.64378,2.773447,4.566997,35.60368,-32.06786,-48.44731
10510.,2.793456,2.635969,2.765652,4.55917,35.59827,-32.0746,-48.45365
10520.,2.785666,2.628166,2.757865,4.551352,35.59288,-32.08132,-48.45997
10530.,2.777885,2.620372,2.750087,4.543542,35.58748,-32.08804,-48.46629
10540.,2.770112,2.612586,2.742317,4.53574,35.5821,-32.09475,-48.4726
10550.,2.762347,2.604809,2.734556,4.527947,35.57672,-32.10146,-48.47891
10560.,2.754591,2.59704,2.726803,4.520163,35.57135,-32.10815,-48.48521
10570.,2.746843,2.589279,2.719058,4.512386,35.56598,-32.11484,-48.4915
10580.,2.739104,2.581527,2.711322,4.504619,35.56062,-32.12152,-48.49778
10590.,2.731373,2.573783,2.703594,4.496859,35.55527,-32.1282,-48.50406
10600.,2.72365,2.566048,2.695874,4.489108,35.54992,-32.13487,-48.51033
10610.,2.715935,2.558321,2.688163,4.481366,35.54457,-32.14153,-48.5166
10620.,2.708229,2.550602,2.68046,4.473631,35.53924,-32.14818,-48.52286
10630.,2.700532,2.542892,2.672766,4.465906,35.53391,-32.15483,-48.52911
10640.,2.692842,2.53519,2.66508,4.458188,35.52858,-32.16147,-48.53535
10650.,2.685161,2.527496,2.657402,4.450479,35.52326,-32.1681,-48.54159
10660.,2.677488,2.519811,2.649732,4.442778,35.51795,-32.17472,-48.54782
10670.,2.669824,2.512134,2.642071,4.435085,35.51264,-32.18134,-48.55404
10680.,2.662168,2.504465,2.634418,4.427401,35.50734,-32.18795,-48.56026
10690.,2.65452,2.496804,2.626773,4.419725,35.50205,-32.19455,-48.56647
10700.,2.64688,2.489152,2.619137,4.412058,35.49676,-32.20115,-48.57267
10710.,2.639249,2.481508,2.611508,4.404398,35.49147,-32.20774,-48.57887
10720.,2.631626,2.473873,2.603889,4.396747,35.4862,-32.21432,-48.58506
10730.,2.624011,2.466245,2.596277,4.389105,35.48093,-32.22089,-48.59125
10740.,2.616404,2.458626,2.588673,4.38147,35.47566,-32.22746,-48.59742
10750.,2.608806,2.451015,2.581078,4.373844,35.4704,-32.23402,-48.60359
10760.,2.601215,2.443412,2.573491,4.366226,35.46515,-32.24057,-48.60976
10770.,2.593633,2.435818,2.565912,4.358616,35.4599,-32.24712,-48.61591
10780.,2.58606,2.428231,2.558341,4.351014,35.45466,-32.25366,-48.62207
10790.,2.578494,2.420653,2.550779,4.343421,35.44942,-32.26019,-48.62821
10800.,2.570936,2.413083,2.543224,4.335836,35.44419,-32.26671,-48.63435
10810.,2.563387,2.405522,2.535678,4.328259,35.43897,-32.27323,-48.64048
10820.,2.555846,2.397968,2.52814,4.32069,35.43375,-32.27974,-48.6466
10830.,2.548313,2.390423,2.52061,4.313129,35.42853,-32.28625,-48.65272
10840.,2.540788,2.382885,2.513088,4.305577,35.42333,-32.29274,-48.65883
10850.,2.533271,2.375356,2.505575,4.298033,35.41813,-32.29923,-48.66493
10860.,2.525762,2.367835,2.498069,4.290497,35.41293,-32.30571,-48.67103
10870.,2.518262,2.360322,2.490572,4.282968,35.40774,-32.31219,-48.67712
10880.,2.510769,2.352817,2.483082,4.275449,35.40256,-32.31866,-48.68321
10890.,2.503285,2.345321,2.475601,4.267937,35.39738,-32.32512,-48.68928
10900.,2.495809,2.337832,2.468128,4.260433,35.39221,-32.33157,-48.69536
10910.,2.48834,2.330351,2.460663,4.252938,35.38704,-32.33802,-48.70142
10920.,2.48088,2.322879,2.453206,4.24545,35.38188,-32.34446,-48.70748
10930.,2.473428,2.315414,2.445757,4.237971,35.37672,-32.3509,-48.71353
10940.,2.465984,2.307958,2.438316,4.230499,35.37157,-32.35732,-48.71957
10950.,2.458548,2.30051,2.430883,4.223036,35.36643,-32.36374,-48.72561
10960.,2.45112,2.293069,2.423458,4.215581,35.36129,-32.37015,-48.73165
10970.,2.4437,2.285637,2.416041,4.208134,35.35616,-32.37656,-48.73767
10980.,2.436288,2.278213,2.408632,4.200694,35.35103,-32.38296,-48.74369
10990.,2.428884,2.270797,2.401231,4.193263,35.34591,-32.38935,-48.7497
11000.,2.421488,2.263388,2.393838,4.18584,35.3408,-32.39574,-48.75571
11010.,2.4141,2.255988,2.386453,4.178425,35.33569,-32.40211,-48.76171
11020.,2.406719,2.248596,2.379076,4.171018,35.33059,-32.40849,-48.7677
11030.,2.399347,2.241212,2.371707,4.163619,35.32549,-32.41485,-48.77369
11040.,2.391983,2.233835,2.364346,4.156228,35.3204,-32.42121,-48.77967
11050.,2.384627,2.226467,2.356993,4.148844,35.31531,-32.42756,-48.78564
11060.,2.377279,2.219106,2.349647,4.141469,35.31023,-32.4339,-48.79161
11070.,2.369938,2.211754,2.34231,4.134102,35.30515,-32.44024,-48.79757
11080.,2.362606,2.204409,2.334981,4.126743,35.30008,-32.44657,-48.80353
11090.,2.355281,2.197073,2.327659,4.119391,35.29502,-32.45289,-48.80947
11100.,2.347964,2.189744,2.320345,4.112048,35.28996,-32.45921,-48.81541
11110.,2.340655,2.182423,2.31304,4.104712,35.28491,-32.46552,-48.82135
11120.,2.333355,2.17511,2.305742,4.097384,35.27986,-32.47182,-48.82728
11130.,2.326061,2.167805,2.298452,4.090065,35.27482,-32.47812,-48.8332
11140.,2.318776,2.160507,2.29117,4.082753,35.26979,-32.48441,-48.83912
11150.,2.311499,2.153218,2.283895,4.075449,35.26476,-32.49069,-48.84503
11160.,2.304229,2.145936,2.276629,4.068153,35.25973,-32.49696,-48.85093
11170.,2.296968,2.138663,2.26937,4.060864,35.25471,-32.50323,-48.85683
11180.,2.289714,2.131397,2.262119,4.053584,35.2497,-32.50949,-48.86272
11190.,2.282468,2.124139,2.254876,4.046311,35.24469,-32.51575,-48.8686
11200.,2.275229,2.116889,2.247641,4.039047,35.23969,-32.522,-48.87448
11210.,2.267999,2.109646,2.240413,4.03179,35.23469,-32.52824,-48.88035
11220.,2.260776,2.102412,2.233194,4.024541,35.2297,-32.53447,-48.88622
11230.,2.253561,2.095185,2.225982,4.017299,35.22471,-32.5407,-48.89208
11240.,2.246354,2.087966,2.218778,4.010066,35.21973,-32.54692,-48.89793
11250.,2.239155,2.080754,2.211581,4.00284,35.21476,-32.55314,-48.90378
11260.,2.231963,2.073551,2.204393,3.995622,35.20979,-32.55935,-48.90962
11270.,2.224779,2.066355,2.197212,3.988412,35.20483,-32.56555,-48.91545
11280.,2.217603,2.059167,2.190039,3.98121,35.19987,-32.57174,-48.92128
11290.,2.210435,2.051987,2.182873,3.974015,35.19492,-32.57793,-48.9271
11300.,2.203274,2.044814,2.175716,3.966828,35.18997,-32.58411,-48.93291
11310.,2.196121,2.037649,2.168566,3.959649,35.18503,-32.59029,-48.93872
11320.,2.188975,2.030492,2.161423,3.952477,35.18009,-32.59646,-48.94452
11330.,2.181838,2.023343,2.154289,3.945314,35.17516,-32.60262,-48.95032
11340.,2.174708,2.016201,2.147162,3.938158,35.17024,-32.60877,-48.95611
11350.,2.167586,2.009067,2.140042,3.931009,35.16532,-32.61492,-48.96189
11360.,2.160471,2.00194,2.132931,3.923869,35.1604,-32.62106,-48.96767
11370.,2.153364,1.994822,2.125827,3.916736,35.1555,-32.6272,-48.97344
11380.,2.146265,1.98771,2.11873,3.90961,35.15059,-32.63333,-48.97921
11390.,2.139173,1.980607,2.111642,3.902493,35.14569,-32.63945,-48.98497
11400.,2.132089,1.973511,2.10456,3.895383,35.1408,-32.64556,-48.99072
11410.,2.125012,1.966423,2.097487,3.88828,35.13592,-32.65167,-48.99647
11420.,2.117944,1.959342,2.090421,3.881186,35.13103,-32.65777,-49.00221
11430.,2.110882,1.952269,2.083363,3.874099,35.12616,-32.66387,-49.00794
11440.,2.103829,1.945204,2.076312,3.867019,35.12129,-32.66996,-49.01367
11450.,2.096783,1.938146,2.069269,3.859947,35.11642,-32.67604,-49.01939
11460.,2.089744,1.931096,2.062233,3.852883,35.11156,-32.68212,-49.02511
11470.,2.082713,1.924054,2.055205,3.845827,35.10671,-32.68819,-49.03082
11480.,2.07569,1.917019,2.048185,3.838777,35.10186,-32.69425,-49.03652
11490.,2.068674,1.909991,2.041172,3.831736,35.09702,-32.70031,-49.04222
11500.,2.061666,1.902971,2.034167,3.824702,35.09218,-32.70635,-49.04791
11510.,2.054665,1.895959,2.027169,3.817676,35.08735,-32.7124,-49.05359
11520.,2.047672,1.888954,2.020179,3.810657,35.08252,-32.71843,-49.05927
11530.,2.040686,1.881957,2.013196,3.803646,35.0777,-32.72446,-49.06495
11540.,2.033708,1.874967,2.006221,3.796642,35.07288,-32.73049,-49.07061
11550.,2.026737,1.867985,1.999253,3.789646,35.06807,-32.73651,-49.07627
11560.,2.019774,1.86101,1.992293,3.782657,35.06326,-32.74252,-49.08193
11570.,2.012818,1.854042,1.98534,3.775676,35.05846,-32.74852,-49.08758
11580.,2.00587,1.847083,1.978394,3.768702,35.05366,-32.75452,-49.09322
11590.,1.998929,1.84013,1.971456,3.761736,35.04887,-32.76051,-49.09885
11600.,1.991996,1.833185,1.964526,3.754777,35.04409,-32.76649,-49.10448
11610.,1.98507,1.826248,1.957603,3.747826,35.03931,-32.77247,-49.11011
11620.,1.978151,1.819318,1.950687,3.740882,35.03454,-32.77845,-49.11573
11630.,1.97124,1.812395,1.943779,3.733946,35.02977,-32.78441,-49.12134
11640.,1.964336,1.80548,1.936879,3.727017,35.025,-32.79037,-49.12695
11650.,1.95744,1.798573,1.929985,3.720096,35.02024,-32.79632,-49.13255
11660.,1.950551,1.791672,1.923099,3.713182,35.01549,-32.80227,-49.13814
11670.,1.94367,1.784779,1.916221,3.706275,35.01074,-32.80821,-49.14373
11680.,1.936796,1.777894,1.90935,3.699376,35.006,-32.81414,-49.14931
11690.,1.929929,1.771016,1.902486,3.692484,35.00126,-32.82007,-49.15489
11700.,1.92307,1.764145,1.895629,3.6856,34.99653,-32.82599,-49.16046
11710.,1.916218,1.757282,1.88878,3.678723,34.9918,-32.83191,-49.16602
11720.,1.909374,1.750426,1.881939,3.671854,34.98708,-32.83781,-49.17158
11730.,1.902536,1.743577,1.875104,3.664991,34.98237,-32.84372,-49.17713
11740.,1.895706,1.736736,1.868277,3.658137,34.97766,-32.84961,-49.18268
11750.,1.888884,1.729902,1.861458,3.651289,34.97295,-32.8555,-49.18822
11760.,1.882069,1.723076,1.854645,3.644449,34.96825,-32.86138,-49.19375
11770.,1.875261,1.716256,1.84784,3.637616,34.96355,-32.86726,-49.19928
11780.,1.86846,1.709444,1.841042,3.630791,34.95886,-32.87313,-49.2048
11790.,1.861667,1.70264,1.834252,3.623973,34.95418,-32.87899,-49.21032
11800.,1.854881,1.695842,1.827469,3.617162,34.9495,-32.88485,-49.21583
11810.,1.848102,1.689052,1.820693,3.610358,34.94482,-32.8907,-49.22134
11820.,1.84133,1.682269,1.813924,3.603562,34.94015,-32.89655,-49.22683
11830.,1.834566,1.675494,1.807163,3.596773,34.93549,-32.90239,-49.23233
11840.,1.827809,1.668726,1.800409,3.589991,34.93083,-32.90822,-49.23781
11850.,1.821059,1.661965,1.793662,3.583217,34.92617,-32.91404,-49.2433
11860.,1.814317,1.655211,1.786922,3.57645,34.92153,-32.91986,-49.24877
11870.,1.807581,1.648464,1.78019,3.56969,34.91688,-32.92568,-49.25424
11880.,1.800853,1.641725,1.773464,3.562937,34.91224,-32.93149,-49.2597
11890.,1.794133,1.634993,1.766746,3.556192,34.90761,-32.93729,-49.26516
11900.,1.787419,1.628268,1.760035,3.549454,34.90298,-32.94308,-49.27061
11910.,1.780712,1.62155,1.753332,3.542723,34.89836,-32.94887,-49.27606
11920.,1.774013,1.61484,1.746635,3.535999,34.89374,-32.95465,-49.2815
11930.,1.767321,1.608137,1.739946,3.529283,34.88913,-32.96043,-49.28693
11940.,1.760636,1.601441,1.733264,3.522573,34.88452,-32.9662,-49.29236
11950.,1.753958,1.594752,1.726589,3.515871,34.87991,-32.97196,-49.29779
11960.,1.747288,1.58807,1.719921,3.509176,34.87532,-32.97772,-49.3032
11970.,1.740624,1.581395,1.713261,3.502488,34.87072,-32.98347,-49.30861
11980.,1.733968,1.574728,1.706607,3.495808,34.86614,-32.98922,-49.31402
11990.,1.727319,1.568068,1.699961,3.489134,34.86155,-32.99496,-49.31942
12000.,1.720677,1.561415,1.693321,3.482468,34.85698,-33.00069,-49.32481
12010.,1.714042,1.554769,1.686689,3.475809,34.8524,-33.00642,-49.3302
12020.,1.707414,1.54813,1.680064,3.469157,34.84784,-33.01214,-49.33558
12030.,1.700793,1.541498,1.673446,3.462512,34.84327,-33.01785,-49.34096
12040.,1.694179,1.534873,1.666835,3.455874,34.83872,-33.02356,-49.34633
12050.,1.687573,1.528255,1.660232,3.449244,34.83416,-33.02926,-49.35169
12060.,1.680973,1.521645,1.653635,3.44262,34.82962,-33.03496,-49.35705
12070.,1.674381,1.515041,1.647045,3.436004,34.82507,-33.04065,-49.36241
12080.,1.667795,1.508445,1.640463,3.429394,34.82054,-33.04633,-49.36775
12090.,1.661217,1.501856,1.633887,3.422792,34.816,-33.05201,-49.3731
12100.,1.654646,1.495273,1.627318,3.416197,34.81148,-33.05768,-49.37843
12110.,1.648082,1.488698,1.620757,3.409608,34.80695,-33.06335,-49.38376
12120.,1.641524,1.48213,1.614202,3.403027,34.80244,-33.06901,-49.38909
12130.,1.634974,1.475569,1.607655,3.396453,34.79792,-33.07466,-49.39441
12140.,1.628431,1.469015,1.601115,3.389886,34.79342,-33.08031,-49.39972
12150.,1.621895,1.462467,1.594581,3.383326,34.78891,-33.08595,-49.40503
12160.,1.615365,1.455927,1.588055,3.376773,34.78442,-33.09159,-49.41033
12170.,1.608843,1.449394,1.581535,3.370227,34.77992,-33.09722,-49.41563
12180.,1.602328,1.442868,1.575023,3.363688,34.77544,-33.10284,-49.42092
12190.,1.59582,1.436349,1.568517,3.357156,34.77095,-33.10846,-49.4262
12200.,1.589318,1.429837,1.562019,3.350631,34.76647,-33.11407,-49.43148
12210.,1.582824,1.423331,1.555527,3.344113,34.762,-33.11968,-49.43676
12220.,1.576337,1.416833,1.549042,3.337602,34.75753,-33.12528,-49.44202
12230.,1.569856,1.410342,1.542565,3.331098,34.75307,-33.13087,-49.44729
12240.,1.563382,1.403857,1.536094,3.324601,34.74861,-33.13646,-49.45254
12250.,1.556916,1.39738,1.52963,3.31811,34.74416,-33.14204,-49.45779
12260.,1.550456,1.390909,1.523173,3.311627,34.73971,-33.14761,-49.46304
12270.,1.544003,1.384446,1.516723,3.305151,34.73527,-33.15318,-49.46828
12280.,1.537557,1.377989,1.51028,3.298682,34.73083,-33.15875,-49.47351
12290.,1.531118,1.371539,1.503843,3.292219,34.7264,-33.1643,-49.47874
12300.,1.524686,1.365096,1.497414,3.285763,34.72197,-33.16986,-49.48397
12310.,1.518261,1.35866,1.490991,3.279315,34.71754,-33.1754,-49.48918
12320.,1.511843,1.352231,1.484576,3.272873,34.71312,-33.18094,-49.4944
12330.,1.505431,1.345809,1.478167,3.266438,34.70871,-33.18648,-49.4996
12340.,1.499026,1.339393,1.471765,3.26001,34.7043,-33.192,-49.5048
12350.,1.492629,1.332985,1.46537,3.253589,34.6999,-33.19753,-49.51
12360.,1.486238,1.326583,1.458981,3.247175,34.6955,-33.20304,-49.51519
12370.,1.479853,1.320188,1.4526,3.240767,34.6911,-33.20855,-49.52037
12380.,1.473476,1.3138,1.446225,3.234367,34.68671,-33.21406,-49.52555
12390.,1.467105,1.307419,1.439857,3.227973,34.68233,-33.21955,-49.53073
12400.,1.460742,1.301045,1.433496,3.221586,34.67795,-33.22505,-49.53589
12410.,1.454385,1.294677,1.427142,3.215206,34.67357,-33.23053,-49.54106
12420.,1.448035,1.288316,1.420795,3.208833,34.6692,-33.23601,-49.54621
12430.,1.441691,1.281962,1.414454,3.202466,34.66484,-33.24149,-49.55136
12440.,1.435355,1.275615,1.40812,3.196107,34.66047,-33.24696,-49.55651
12450.,1.429025,1.269275,1.401793,3.189754,34.65612,-33.25242,-49.56165
12460.,1.422702,1.262941,1.395473,3.183408,34.65177,-33.25788,-49.56678
12470.,1.416386,1.256614,1.389159,3.177069,34.64742,-33.26333,-49.57191
12480.,1.410076,1.250294,1.382852,3.170736,34.64308,-33.26878,-49.57704
12490.,1.403773,1.24398,1.376552,3.16441,34.63874,-33.27422,-49.58215
12500.,1.397477,1.237674,1.370259,3.158091,34.63441,-33.27965,-49.58727
12510.,1.391188,1.231374,1.363972,3.151779,34.63008,-33.28508,-49.59237
12520.,1.384905,1.225081,1.357692,3.145474,34.62576,-33.2905,-49.59748
12530.,1.378629,1.218794,1.351419,3.139175,34.62144,-33.29592,-49.60257
12540.,1.37236,1.212514,1.345152,3.132883,34.61713,-33.30133,-49.60766
12550.,1.366097,1.206241,1.338892,3.126597,34.61282,-33.30673,-49.61275
12560.,1.359841,1.199975,1.332639,3.120319,34.60852,-33.31213,-49.61783
12570.,1.353592,1.193715,1.326392,3.114047,34.60422,-33.31753,-49.6229
12580.,1.34735,1.187462,1.320152,3.107782,34.59992,-33.32291,-49.62797
12590.,1.341114,1.181216,1.313919,3.101523,34.59563,-33.3283,-49.63304
12600.,1.334885,1.174976,1.307693,3.095271,34.59135,-33.33367,-49.6381
12610.,1.328662,1.168743,1.301473,3.089026,34.58707,-33.33904,-49.64315
12620.,1.322446,1.162517,1.295259,3.082788,34.58279,-33.34441,-49.6482
12630.,1.316237,1.156297,1.289053,3.076556,34.57852,-33.34977,-49.65324
12640.,1.310034,1.150084,1.282853,3.07033,34.57425,-33.35512,-49.65828
12650.,1.303838,1.143877,1.276659,3.064112,34.56999,-33.36047,-49.66331
12660.,1.297649,1.137677,1.270472,3.0579,34.56574,-33.36581,-49.66833
12670.,1.291466,1.131484,1.264292,3.051695,34.56148,-33.37115,-49.67335
12680.,1.285289,1.125297,1.258119,3.045496,34.55724,-33.37648,-49.67837
12690.,1.27912,1.119117,1.251952,3.039304,34.55299,-33.3818,-49.68338
12700.,1.272957,1.112944,1.245791,3.033118,34.54876,-33.38712,-49.68838
12710.,1.2668,1.106777,1.239637,3.026939,34.54452,-33.39243,-49.69338
12720.,1.26065,1.100617,1.23349,3.020767,34.54029,-33.39774,-49.69838
12730.,1.254507,1.094463,1.227349,3.014601,34.53607,-33.40304,-49.70337
12740.,1.24837,1.088316,1.221215,3.008442,34.53185,-33.40834,-49.70835
12750.,1.24224,1.082175,1.215087,3.00229,34.52763,-33.41363,-49.71333
12760.,1.236116,1.076041,1.208966,2.996144,34.52342,-33.41892,-49.7183
12770.,1.229999,1.069914,1.202851,2.990004,34.51922,-33.4242,-49.72327
12780.,1.223888,1.063793,1.196743,2.983871,34.51502,-33.42947,-49.72823
12790.,1.217784,1.057678,1.190642,2.977745,34.51082,-33.43474,-49.73319
12800.,1.211686,1.05157,1.184546,2.971625,34.50663,-33.44,-49.73814
12810.,1.205595,1.045469,1.178458,2.965512,34.50244,-33.44526,-49.74308
12820.,1.19951,1.039374,1.172376,2.959405,34.49826,-33.45051,-49.74803
12830.,1.193432,1.033285,1.1663,2.953305,34.49408,-33.45576,-49.75296
12840.,1.18736,1.027203,1.160231,2.947211,34.48991,-33.461,-49.75789
12850.,1.181295,1.021128,1.154168,2.941124,34.48574,-33.46623,-49.76282
12860.,1.175236,1.015059,1.148112,2.935043,34.48157,-33.47146,-49.76774
12870.,1.169184,1.008996,1.142062,2.928968,34.47741,-33.47668,-49.77265
12880.,1.163138,1.00294,1.136019,2.922901,34.47326,-33.4819,-49.77756
12890.,1.157098,0.9968902,1.129982,2.916839,34.46911,-33.48711,-49.78247
12900.,1.151065,0.990847,1.123951,2.910784,34.46496,-33.49232,-49.78737
12910.,1.145039,0.9848102,1.117927,2.904736,34.46082,-33.49752,-49.79226
12920.,1.139018,0.9787798,1.11191,2.898694,34.45668,-33.50272,-49.79715
12930.,1.133005,0.9727559,1.105898,2.892658,34.45255,-33.50791,-49.80203
12940.,1.126997,0.9667384,1.099894,2.886629,34.44842,-33.51309,-49.80691
12950.,1.120996,0.9607272,1.093895,2.880606,34.4443,-33.51827,-49.81178
12960.,1.115002,0.9547225,1.087903,2.87459,34.44018,-33.52344,-49.81665
12970.,1.109013,0.9487242,1.081917,2.86858,34.43607,-33.52861,-49.82151
12980.,1.103032,0.9427322,1.075938,2.862576,34.43196,-33.53378,-49.82637
12990.,1.097056,0.9367466,1.069965,2.856579,34.42785,-33.53893,-49.83122
13000.,1.091087,0.9307674,1.063999,2.850588,34.42375,-33.54408,-49.83607
13010.,1.085124,0.9247946,1.058038,2.844604,34.41965,-33.54923,-49.84091
13020.,1.079168,0.9188281,1.052085,2.838626,34.41556,-33.55437,-49.84575
13030.,1.073218,0.912868,1.046137,2.832654,34.41147,-33.55951,-49.85058
13040.,1.067274,0.9069142,1.040196,2.826689,34.40739,-33.56464,-49.85541
13050.,1.061337,0.9009667,1.034261,2.82073,34.40331,-33.56976,-49.86023
13060.,1.055405,0.8950256,1.028332,2.814777,34.39924,-33.57488,-49.86505
13070.,1.049481,0.8890908,1.02241,2.808831,34.39517,-33.57999,-49.86986
13080.,1.043562,0.8831623,1.016494,2.802891,34.3911,-33.5851,-49.87466
13090.,1.03765,0.8772401,1.010584,2.796958,34.38704,-33.5902,-49.87946
13100.,1.031744,0.8713242,1.004681,2.79103,34.38298,-33.5953,-49.88426
13110.,1.025844,0.8654146,0.9987839,2.785109,34.37893,-33.60039,-49.88905
13120.,1.019951,0.8595113,0.9928931,2.779195,34.37489,-33.60548,-49.89384
13130.,1.014064,0.8536143,0.9870085,2.773286,34.37084,-33.61056,-49.89862
13140.,1.008183,0.8477235,0.9811302,2.767384,34.3668,-33.61563,-49.90339
13150.,1.002309,0.841839,0.9752581,2.761488,34.36277,-33.6207,-49.90816
13160.,0.9964404,0.8359608,0.9693923,2.755599,34.35874,-33.62577,-49.91293
13170.,0.9905783,0.8300888,0.9635328,2.749715,34.35471,-33.63083,-49.91769
13180.,0.9847225,0.824223,0.9576794,2.743838,34.35069,-33.63588,-49.92244
13190.,0.9788729,0.8183635,0.9518323,2.737967,34.34668,-33.64093,-49.92719
13200.,0.9730295,0.8125102,0.9459914,2.732103,34.34266,-33.64597,-49.93194
13210.,0.9671923,0.8066632,0.9401567,2.726245,34.33866,-33.65101,-49.93668
13220.,0.9613613,0.8008223,0.9343282,2.720392,34.33465,-33.65604,-49.94141
13230.,0.9555366,0.7949877,0.9285059,2.714547,34.33065,-33.66107,-49.94614
13240.,0.949718,0.7891592,0.9226898,2.708707,34.32666,-33.66609,-49.95087
13250.,0.9439056,0.783337,0.9168799,2.702873,34.32267,-33.67111,-49.95559
13260.,0.9380994,0.7775209,0.9110762,2.697046,34.31868,-33.67612,-49.9603
13270.,0.9322993,0.7717111,0.9052786,2.691225,34.3147,-33.68112,-49.96501
13280.,0.9265054,0.7659073,0.8994872,2.68541,34.31072,-33.68612,-49.96972
13290.,0.9207177,0.7601098,0.8937019,2.679602,34.30675,-33.69112,-49.97442
13300.,0.9149361,0.7543184,0.8879228,2.673799,34.30278,-33.69611,-49.97911
13310.,0.9091607,0.7485332,0.8821499,2.668003,34.29882,-33.70109,-49.9838
13320.,0.9033914,0.7427541,0.876383,2.662213,34.29486,-33.70607,-49.98849
13330.,0.8976282,0.7369812,0.8706223,2.656429,34.2909,-33.71104,-49.99317
13340.,0.8918712,0.7312144,0.8648677,2.650651,34.28695,-33.71601,-49.99784
13350.,0.8861203,0.7254537,0.8591193,2.644879,34.283,-33.72097,-50.00251
13360.,0.8803755,0.7196991,0.8533769,2.639113,34.27906,-33.72593,-50.00718
13370.,0.8746367,0.7139507,0.8476406,2.633354,34.27512,-33.73088,-50.01184
13380.,0.8689041,0.7082083,0.8419105,2.6276,34.27119,-33.73583,-50.01649
13390.,0.8631776,0.7024721,0.8361864,2.621853,34.26726,-33.74077,-50.02114
13400.,0.8574571,0.6967419,0.8304684,2.616112,34.26333,-33.74571,-50.02579
13410.,0.8517428,0.6910179,0.8247564,2.610377,34.25941,-33.75064,-50.03043
13420.,0.8460345,0.6852999,0.8190506,2.604648,34.25549,-33.75557,-50.03506
13430.,0.8403322,0.6795879,0.8133508,2.598925,34.25158,-33.76049,-50.03969
13440.,0.834636,0.6738821,0.807657,2.593208,34.24767,-33.7654,-50.04432
13450.,0.8289459,0.6681823,0.8019693,2.587498,34.24377,-33.77032,-50.04894
13460.,0.8232618,0.6624885,0.7962876,2.581793,34.23987,-33.77522,-50.05355
13470.,0.8175837,0.6568008,0.790612,2.576094,34.23597,-33.78012,-50.05817
13480.,0.8119117,0.6511191,0.7849424,2.570402,34.23208,-33.78502,-50.06277
13490.,0.8062457,0.6454435,0.7792788,2.564715,34.22819,-33.78991,-50.06737
13500.,0.8005857,0.6397739,0.7736212,2.559035,34.22431,-33.79479,-50.07197
13510.,0.7949317,0.6341103,0.7679696,2.55336,34.22043,-33.79967,-50.07656
13520.,0.7892837,0.6284527,0.762324,2.547692,34.21656,-33.80454,-50.08115
13530.,0.7836417,0.6228011,0.7566844,2.54203,34.21269,-33.80941,-50.08573
13540.,0.7780057,0.6171555,0.7510508,2.536373,34.20882,-33.81428,-50.0903
13550.,0.7723756,0.6115159,0.7454232,2.530723,34.20496,-33.81913,-50.09488
13560.,0.7667516,0.6058823,0.7398016,2.525078,34.2011,-33.82399,-50.09944
13570.,0.7611335,0.6002546,0.7341859,2.51944,34.19725,-33.82884,-50.104
13580.,0.7555214,0.5946329,0.7285761,2.513808,34.1934,-33.83368,-50.10856
13590.,0.7499152,0.5890172,0.7229724,2.508181,34.18955,-33.83852,-50.11311
13600.,0.7443149,0.5834075,0.7173745,2.502561,34.18571,-33.84335,-50.11766
13610.,0.7387207,0.5778037,0.7117826,2.496946,34.18188,-33.84818,-50.1222
13620.,0.7331323,0.5722058,0.7061967,2.491338,34.17804,-33.853,-50.12674
13630.,0.7275499,0.5666139,0.7006166,2.485735,34.17422,-33.85782,-50.13128
13640.,0.7219734,0.5610279,0.6950425,2.480138,34.17039,-33.86263,-50.1358
13650.,0.7164028,0.5554478,0.6894743,2.474548,34.16657,-33.86744,-50.14033
13660.,0.7108381,0.5498736,0.683912,2.468963,34.16276,-33.87224,-50.14485
13670.,0.7052793,0.5443054,0.6783556,2.463384,34.15894,-33.87704,-50.14936
13680.,0.6997264,0.5387431,0.6728051,2.457811,34.15514,-33.88183,-50.15387
13690.,0.6941794,0.5331866,0.6672605,2.452244,34.15133,-33.88662,-50.15837
13700.,0.6886383,0.5276361,0.6617217,2.446683,34.14753,-33.8914,-50.16287
13710.,0.6831031,0.5220914,0.6561888,2.441128,34.14374,-33.89617,-50.16737
13720.,0.6775737,0.5165526,0.6506618,2.435578,34.13995,-33.90095,-50.17186
13730.,0.6720502,0.5110197,0.6451407,2.430035,34.13616,-33.90571,-50.17634
13740.,0.6665325,0.5054926,0.6396254,2.424497,34.13238,-33.91047,-50.18082
13750.,0.6610207,0.4999714,0.6341159,2.418965,34.1286,-33.91523,-50.1853
13760.,0.6555148,0.4944561,0.6286123,2.41344,34.12482,-33.91998,-50.18977
13770.,0.6500146,0.4889466,0.6231145,2.40792,34.12105,-33.92473,-50.19424
13780.,0.6445203,0.4834429,0.6176226,2.402406,34.11729,-33.92947,-50.1987
13790.,0.6390318,0.4779451,0.6121365,2.396897,34.11352,-33.93421,-50.20315
13800.,0.6335492,0.472453,0.6066561,2.391395,34.10977,-33.93894,-50.20761
13810.,0.6280723,0.4669669,0.6011816,2.385898,34.10601,-33.94366,-50.21205
13820.,0.6226013,0.4614865,0.5957129,2.380407,34.10226,-33.94839,-50.2165
13830.,0.617136,0.4560119,0.59025,2.374922,34.09852,-33.9531,-50.22093
13840.,0.6116766,0.4505431,0.5847929,2.369443,34.09477,-33.95781,-50.22537
13850.,0.6062229,0.4450801,0.5793416,2.36397,34.09104,-33.96252,-50.2298
13860.,0.600775,0.439623,0.573896,2.358502,34.0873,-33.96722,-50.23422
13870.,0.5953329,0.4341715,0.5684562,2.35304,34.08357,-33.97192,-50.23864
13880.,0.5898965,0.4287259,0.5630222,2.347585,34.07985,-33.97661,-50.24305
13890.,0.5844659,0.423286,0.5575939,2.342134,34.07613,-33.98129,-50.24746
13900.,0.579041,0.4178519,0.5521713,2.33669,34.07241,-33.98598,-50.25187
13910.,0.5736219,0.4124235,0.5467546,2.331251,34.0687,-33.99065,-50.25627
13920.,0.5682086,0.4070009,0.5413435,2.325818,34.06499,-33.99532,-50.26067
13930.,0.5628009,0.4015841,0.5359382,2.320391,34.06128,-33.99999,-50.26506
13940.,0.557399,0.3961729,0.5305386,2.31497,34.05758,-34.00465,-50.26944
13950.,0.5520028,0.3907675,0.5251447,2.309554,34.05388,-34.00931,-50.27382
13960.,0.5466123,0.3853678,0.5197565,2.304144,34.05019,-34.01396,-50.2782
13970.,0.5412276,0.3799739,0.5143741,2.29874,34.0465,-34.01861,-50.28257
13980.,0.5358485,0.3745856,0.5089973,2.293342,34.04281,-34.02325,-50.28694
13990.,0.5304751,0.3692031,0.5036262,2.287949,34.03913,-34.02789,-50.29131
14000.,0.5251074,0.3638262,0.4982609,2.282562,34.03546,-34.03252,-50.29566
14010.,0.5197454,0.358455,0.4929011,2.27718,34.03178,-34.03714,-50.30002
14020.,0.5143891,0.3530895,0.4875471,2.271805,34.02811,-34.04177,-50.30437
14030.,0.5090384,0.3477297,0.4821988,2.266435,34.02445,-34.04638,-50.30871
14040.,0.5036934,0.3423756,0.476856,2.261071,34.02079,-34.051,-50.31305
14050.,0.4983541,0.3370271,0.471519,2.255712,34.01713,-34.0556,-50.31739
14060.,0.4930204,0.3316843,0.4661876,2.250359,34.01347,-34.06021,-50.32172
14070.,0.4876924,0.3263472,0.4608618,2.245012,34.00983,-34.0648,-50.32605
14080.,0.48237,0.3210157,0.4555417,2.23967,34.00618,-34.0694,-50.33037
14090.,0.4770532,0.3156898,0.4502272,2.234334,34.00254,-34.07399,-50.33469
14100.,0.471742,0.3103696,0.4449183,2.229004,33.9989,-34.07857,-50.339
14110.,0.4664365,0.305055,0.4396151,2.223679,33.99527,-34.08315,-50.34331
14120.,0.4611366,0.299746,0.4343174,2.21836,33.99164,-34.08772,-50.34761
14130.,0.4558423,0.2944426,0.4290254,2.213047,33.98801,-34.09229,-50.35191
14140.,0.4505536,0.2891448,0.423739,2.207739,33.98439,-34.09685,-50.3562
14150.,0.4452704,0.2838527,0.4184581,2.202437,33.98077,-34.10141,-50.36049
14160.,0.4399929,0.2785661,0.4131828,2.19714,33.97716,-34.10597,-50.36478
14170.,0.434721,0.2732851,0.4079132,2.19185,33.97355,-34.11052,-50.36906
14180.,0.4294546,0.2680097,0.402649,2.186564,33.96994,-34.11506,-50.37334
14190.,0.4241938,0.2627399,0.3973905,2.181284,33.96634,-34.1196,-50.37761
14200.,0.4189386,0.2574757,0.3921375,2.17601,33.96274,-34.12413,-50.38188
14210.,0.4136889,0.252217,0.3868901,2.170742,33.95915,-34.12866,-50.38614
14220.,0.4084447,0.2469639,0.3816482,2.165479,33.95556,-34.13319,-50.3904
14230.,0.4032062,0.2417164,0.3764119,2.160221,33.95197,-34.13771,-50.39465
14240.,0.3979731,0.2364743,0.3711811,2.154969,33.94839,-34.14223,-50.3989
14250.,0.3927456,0.2312379,0.3659558,2.149723,33.94481,-34.14674,-50.40315
14260.,0.3875236,0.2260069,0.360736,2.144482,33.94123,-34.15124,-50.40739
14270.,0.3823071,0.2207815,0.3555218,2.139247,33.93766,-34.15574,-50.41162
14280.,0.3770962,0.2155616,0.3503131,2.134017,33.93409,-34.16024,-50.41585
14290.,0.3718907,0.2103473,0.3451099,2.128793,33.93053,-34.16473,-50.42008
14300.,0.3666908,0.2051384,0.3399122,2.123574,33.92697,-34.16922,-50.4243
14310.,0.3614963,0.1999351,0.33472,2.118361,33.92341,-34.1737,-50.42852
14320.,0.3563074,0.1947372,0.3295332,2.113154,33.91986,-34.17818,-50.43273
14330.,0.3511239,0.1895448,0.324352,2.107951,33.91631,-34.18265,-50.43694
14340.,0.3459459,0.184358,0.3191762,2.102755,33.91277,-34.18712,-50.44115
14350.,0.3407734,0.1791766,0.3140059,2.097564,33.90923,-34.19158,-50.44535
14360.,0.3356063,0.1740006,0.3088411,2.092378,33.90569,-34.19604,-50.44954
14370.,0.3304447,0.1688302,0.3036817,2.087198,33.90216,-34.2005,-50.45373
14380.,0.3252886,0.1636652,0.2985277,2.082023,33.89863,-34.20495,-50.45792
14390.,0.3201379,0.1585057,0.2933792,2.076854,33.89511,-34.20939,-50.4621
14400.,0.3149926,0.1533516,0.2882362,2.07169,33.89159,-34.21383,-50.46628
14410.,0.3098528,0.1482029,0.2830986,2.066532,33.88807,-34.21827,-50.47046
14420.,0.3047184,0.1430597,0.2779664,2.061379,33.88455,-34.2227,-50.47462
14430.,0.2995894,0.1379219,0.2728396,2.056232,33.88104,-34.22712,-50.47879
14440.,0.2944659,0.1327896,0.2677183,2.05109,33.87754,-34.23154,-50.48295
14450.,0.2893477,0.1276627,0.2626023,2.045953,33.87404,-34.23596,-50.48711
14460.,0.284235,0.1225411,0.2574918,2.040822,33.87054,-34.24037,-50.49126
14470.,0.2791276,0.117425,0.2523866,2.035696,33.86704,-34.24478,-50.4954
14480.,0.2740257,0.1123143,0.2472869,2.030576,33.86355,-34.24918,-50.49955
14490.,0.2689291,0.107209,0.2421925,2.025461,33.86007,-34.25358,-50.50369
14500.,0.263838,0.1021091,0.2371035,2.020351,33.85658,-34.25797,-50.50782
14510.,0.2587521,0.09701454,0.2320199,2.015247,33.8531,-34.26236,-50.51195
14520.,0.2536717,0.09192538,0.2269417,2.010149,33.84963,-34.26674,-50.51608
14530.,0.2485966,0.08684159,0.2218688,2.005055,33.84616,-34.27112,-50.5202
14540.,0.2435269,0.08176317,0.2168013,1.999967,33.84269,-34.2755,-50.52431
14550.,0.2384626,0.07669011,0.2117391,1.994885,33.83922,-34.27987,-50.52843
14560.,0.2334036,0.0716224,0.2066822,1.989808,33.83576,-34.28423,-50.53253
14570.,0.2283499,0.06656004,0.2016307,1.984736,33.8323,-34.28859,-50.53664
14580.,0.2233015,0.06150302,0.1965846,1.979669,33.82885,-34.29295,-50.54074
14590.,0.2182585,0.05645133,0.1915437,1.974608,33.8254,-34.2973,-50.54483
14600.,0.2132208,0.05140498,0.1865082,1.969552,33.82196,-34.30165,-50.54892
14610.,0.2081885,0.04636395,0.181478,1.964502,33.81851,-34.30599,-50.55301
14620.,0.2031614,0.04132825,0.1764531,1.959457,33.81508,-34.31033,-50.55709
14630.,0.1981397,0.03629785,0.1714335,1.954417,33.81164,-34.31466,-50.56117
14640.,0.1931232,0.03127276,0.1664192,1.949383,33.80821,-34.31899,-50.56524
14650.,0.188112,0.02625297,0.1614102,1.944353,33.80478,-34.32332,-50.56931
14660.,0.1831061,0.02123848,0.1564065,1.93933,33.80136,-34.32764,-50.57338
14670.,0.1781055,0.01622928,0.151408,1.934311,33.79794,-34.33195,-50.57744
14680.,0.1731102,0.01122536,0.1464148,1.929298,33.79452,-34.33626,-50.58149
14690.,0.1681202,0.006226715,0.1414269,1.92429,33.79111,-34.34057,-50.58554
14700.,0.1631354,0.001233345,0.1364443,1.919287,33.7877,-34.34487,-50.58959
14710.,0.1581558,-0.003754759,0.1314669,1.91429,33.7843,-34.34916,-50.59364
14720.,0.1531816,-0.008737603,0.1264948,1.909297,33.7809,-34.35346,-50.59767
14730.,0.1482125,-0.01371519,0.1215279,1.904311,33.7775,-34.35774,-50.60171
14740.,0.1432487,-0.01868753,0.1165662,1.899329,33.7741,-34.36203,-50.60574
14750.,0.1382902,-0.02365463,0.1116098,1.894353,33.77071,-34.36631,-50.60977
14760.,0.1333368,-0.02861649,0.1066586,1.889382,33.76733,-34.37058,-50.61379
14770.,0.1283887,-0.03357312,0.1017126,1.884416,33.76394,-34.37485,-50.61781
14780.,0.1234459,-0.03852452,0.09677186,1.879455,33.76056,-34.37911,-50.62182
14790.,0.1185082,-0.04347071,0.09183631,1.8745,33.75719,-34.38338,-50.62583
14800.,0.1135757,-0.04841168,0.08690596,1.869549,33.75382,-34.38763,-50.62984
14810.,0.1086484,-0.05334744,0.08198081,1.864604,33.75045,-34.39188,-50.63384
14820.,0.1037264,-0.058278,0.07706086,1.859665,33.74708,-34.39613,-50.63783
14830.,0.09880947,-0.06320336,0.07214609,1.85473,33.74372,-34.40037,-50.64183
14840.,0.09389776,-0.06812353,0.0672365,1.849801,33.74036,-34.40461,-50.64581
14850.,0.08899123,-0.07303852,0.06233208,1.844877,33.73701,-34.40884,-50.6498
14860.,0.08408988,-0.07794833,0.05743284,1.839958,33.73366,-34.41307,-50.65378
14870.,0.07919369,-0.08285296,0.05253876,1.835044,33.73031,-34.4173,-50.65775
14880.,0.07430266,-0.08775242,0.04764984,1.830135,33.72697,-34.42152,-50.66173
14890.,0.06941678,-0.09264672,0.04276607,1.825232,33.72363,-34.42574,-50.66569
14900.,0.06453605,-0.09753587,0.03788744,1.820334,33.72029,-34.42995,-50.66966
14910.,0.05966047,-0.1024199,0.03301396,1.815441,33.71696,-34.43415,-50.67362
14920.,0.05479002,-0.1072987,0.02814561,1.810553,33.71363,-34.43836,-50.67757
14930.,0.04992471,-0.1121724,0.0232824,1.80567,33.71031,-34.44255,-50.68152
14940.,0.04506452,-0.117041,0.0184243,1.800792,33.70699,-34.44675,-50.68547
14950.,0.04020945,-0.1219044,0.01357133,1.79592,33.70367,-34.45094,-50.68941
14960.,0.0353595,-0.1267628,0.008723468,1.791053,33.70035,-34.45512,-50.69335
14970.,0.03051465,-0.131616,0.003880713,1.78619,33.69704,-34.4593,-50.69728
14980.,0.02567491,-0.1364641,-0.0009569398,1.781333,33.69374,-34.46348,-50.70121
14990.,0.02084027,-0.141307,-0.005789497,1.776481,33.69043,-34.46765,-50.70514
15000.,0.01601072,-0.1461449,-0.01061696,1.771634,33.68713,-34.47182,-50.70906
15010.,0.01118626,-0.1509777,-0.01543935,1.766793,33.68383,-34.47598,-50.71298
15020.,0.006366878,-0.1558054,-0.02025665,1.761956,33.68054,-34.48014,-50.71689
15030.,0.001552572,-0.160628,-0.02506888,1.757124,33.67725,-34.48429,-50.7208
15040.,-0.003256664,-0.1654456,-0.02987604,1.752298,33.67397,-34.48844,-50.7247
15050.,-0.008060836,-0.1702581,-0.03467814,1.747477,33.67068,-34.49259,-50.72861
15060.,-0.01285995,-0.1750655,-0.03947518,1.74266,33.6674,-34.49673,-50.7325
15070.,-0.01765401,-0.1798678,-0.04426717,1.737849,33.66413,-34.50087,-50.73639
15080.,-0.02244302,-0.1846651,-0.04905412,1.733043,33.66086,-34.505,-50.74028
15090.,-0.02722699,-0.1894573,-0.05383602,1.728242,33.65759,-34.50913,-50.74417
15100.,-0.03200592,-0.1942445,-0.05861289,1.723446,33.65432,-34.51325,-50.74805
15110.,-0.03677982,-0.1990267,-0.06338473,1.718655,33.65106,-34.51737,-50.75193
15120.,-0.0415487,-0.2038038,-0.06815155,1.713869,33.64781,-34.52148,-50.7558
15130.,-0.04631256,-0.2085759,-0.07291335,1.709088,33.64455,-34.52559,-50.75967
15140.,-0.0510714,-0.2133429,-0.07767014,1.704312,33.6413,-34.5297,-50.76353
15150.,-0.05582523,-0.218105,-0.08242192,1.699541,33.63805,-34.5338,-50.76739
15160.,-0.06057406,-0.222862,-0.0871687,1.694775,33.63481,-34.5379,-50.77125
15170.,-0.06531789,-0.2276141,-0.09191048,1.690014,33.63157,-34.54199,-50.7751
15180.,-0.07005673,-0.2323611,-0.09664728,1.685259,33.62833,-34.54608,-50.77895
15190.,-0.07479058,-0.2371031,-0.1013791,1.680508,33.6251,-34.55017,-50.78279
15200.,-0.07951945,-0.2418402,-0.1061059,1.675762,33.62187,-34.55425,-50.78663
15210.,-0.08424334,-0.2465723,-0.1108278,1.671021,33.61864,-34.55832,-50.79047
15220.,-0.08896227,-0.2512993,-0.1155447,1.666285,33.61542,-34.56239,-50.7943
15230.,-0.09367622,-0.2560215,-0.1202566,1.661554,33.6122,-34.56646,-50.79813
15240.,-0.09838522,-0.2607386,-0.1249635,1.656829,33.60899,-34.57052,-50.80195
15250.,-0.1030893,-0.2654508,-0.1296655,1.652108,33.60577,-34.57458,-50.80577
15260.,-0.1077884,-0.270158,-0.1343626,1.647392,33.60256,-34.57864,-50.80958
15270.,-0.1124825,-0.2748603,-0.1390547,1.642681,33.59936,-34.58269,-50.8134
15280.,-0.1171717,-0.2795576,-0.1437419,1.637975,33.59616,-34.58673,-50.8172
15290.,-0.121856,-0.28425,-0.1484242,1.633274,33.59296,-34.59078,-50.82101
15300.,-0.1265354,-0.2889375,-0.1531015,1.628578,33.58976,-34.59481,-50.82481
15310.,-0.1312098,-0.29362,-0.1577739,1.623887,33.58657,-34.59885,-50.8286
15320.,-0.1358793,-0.2982976,-0.1624414,1.6192,33.58338,-34.60287,-50.83239
15330.,-0.1405439,-0.3029703,-0.167104,1.614519,33.5802,-34.6069,-50.83618
15340.,-0.1452036,-0.3076381,-0.1717617,1.609843,33.57702,-34.61092,-50.83997
15350.,-0.1498584,-0.3123009,-0.1764145,1.605171,33.57384,-34.61494,-50.84375
15360.,-0.1545083,-0.3169589,-0.1810624,1.600505,33.57066,-34.61895,-50.84752
15370.,-0.1591533,-0.3216119,-0.1857054,1.595843,33.56749,-34.62296,-50.85129
15380.,-0.1637935,-0.3262601,-0.1903435,1.591186,33.56432,-34.62696,-50.85506
15390.,-0.1684287,-0.3309034,-0.1949768,1.586534,33.56116,-34.63096,-50.85882
15400.,-0.1730591,-0.3355418,-0.1996051,1.581888,33.558,-34.63495,-50.86258
15410.,-0.1776846,-0.3401753,-0.2042287,1.577245,33.55484,-34.63895,-50.86634
15420.,-0.1823053,-0.344804,-0.2088473,1.572608,33.55169,-34.64293,-50.87009
15430.,-0.186921,-0.3494278,-0.2134611,1.567976,33.54854,-34.64692,-50.87384
15440.,-0.191532,-0.3540467,-0.2180701,1.563349,33.54539,-34.65089,-50.87758
15450.,-0.1961381,-0.3586608,-0.2226742,1.558726,33.54224,-34.65487,-50.88132
15460.,-0.2007393,-0.36327,-0.2272734,1.554108,33.5391,-34.65884,-50.88506
15470.,-0.2053357,-0.3678744,-0.2318678,1.549495,33.53597,-34.6628,-50.88879
15480.,-0.2099273,-0.372474,-0.2364574,1.544887,33.53283,-34.66677,-50.89252
15490.,-0.2145141,-0.3770687,-0.2410422,1.540284,33.5297,-34.67072,-50.89625
15500.,-0.219096,-0.3816586,-0.2456222,1.535686,33.52657,-34.67468,-50.89997
15510.,-0.2236732,-0.3862436,-0.2501973,1.531092,33.52345,-34.67863,-50.90368
15520.,-0.2282455,-0.3908239,-0.2547677,1.526504,33.52033,-34.68257,-50.9074
15530.,-0.232813,-0.3953993,-0.2593332,1.52192,33.51721,-34.68651,-50.9111
15540.,-0.2373757,-0.3999699,-0.2638939,1.517341,33.5141,-34.69045,-50.91481
15550.,-0.2419336,-0.4045358,-0.2684499,1.512767,33.51099,-34.69438,-50.91851
15560.,-0.2464867,-0.4090968,-0.273001,1.508197,33.50788,-34.69831,-50.92221
15570.,-0.2510351,-0.413653,-0.2775474,1.503633,33.50478,-34.70223,-50.9259
15580.,-0.2555786,-0.4182045,-0.282089,1.499073,33.50168,-34.70615,-50.92959
15590.,-0.2601174,-0.4227512,-0.2866258,1.494518,33.49858,-34.71007,-50.93328
15600.,-0.2646515,-0.4272931,-0.2911579,1.489968,33.49549,-34.71398,-50.93696
15610.,-0.2691807,-0.4318302,-0.2956852,1.485422,33.4924,-34.71789,-50.94064
15620.,-0.2737052,-0.4363626,-0.3002078,1.480882,33.48931,-34.72179,-50.94431
15630.,-0.278225,-0.4408902,-0.3047256,1.476346,33.48623,-34.72569,-50.94798
15640.,-0.28274,-0.445413,-0.3092386,1.471814,33.48314,-34.72959,-50.95165
15650.,-0.2872503,-0.4499311,-0.3137469,1.467288,33.48007,-34.73348,-50.95531
15660.,-0.2917558,-0.4544445,-0.3182505,1.462766,33.47699,-34.73737,-50.95897
15670.,-0.2962566,-0.4589531,-0.3227494,1.45825,33.47392,-34.74125,-50.96262
15680.,-0.3007527,-0.463457,-0.3272435,1.453737,33.47086,-34.74513,-50.96627
15690.,-0.305244,-0.4679561,-0.3317329,1.44923,33.46779,-34.74901,-50.96992
15700.,-0.3097307,-0.4724506,-0.3362176,1.444727,33.46473,-34.75288,-50.97356
15710.,-0.3142126,-0.4769403,-0.3406976,1.440229,33.46167,-34.75674,-50.9772
15720.,-0.3186898,-0.4814253,-0.3451729,1.435736,33.45862,-34.76061,-50.98084
15730.,-0.3231623,-0.4859056,-0.3496434,1.431248,33.45557,-34.76447,-50.98447
15740.,-0.3276302,-0.4903812,-0.3541093,1.426764,33.45252,-34.76832,-50.9881
15750.,-0.3320933,-0.4948521,-0.3585705,1.422285,33.44948,-34.77217,-50.99172
15760.,-0.3365517,-0.4993183,-0.3630271,1.417811,33.44644,-34.77602,-50.99534
15770.,-0.3410055,-0.5037798,-0.3674789,1.413341,33.4434,-34.77986,-50.99896
15780.,-0.3454546,-0.5082366,-0.3719261,1.408876,33.44036,-34.7837,-51.00257
15790.,-0.349899,-0.5126888,-0.3763686,1.404416,33.43733,-34.78753,-51.00618
15800.,-0.3543388,-0.5171363,-0.3808064,1.39996,33.4343,-34.79137,-51.00978
15810.,-0.3587739,-0.5215791,-0.3852396,1.395509,33.43128,-34.79519,-51.01338
15820.,-0.3632044,-0.5260172,-0.3896681,1.391063,33.42826,-34.79901,-51.01698
15830.,-0.3676302,-0.5304507,-0.394092,1.386621,33.42524,-34.80283,-51.02058
15840.,-0.3720513,-0.5348796,-0.3985112,1.382184,33.42222,-34.80665,-51.02417
15850.,-0.3764678,-0.5393038,-0.4029258,1.377752,33.41921,-34.81046,-51.02775
15860.,-0.3808797,-0.5437234,-0.4073358,1.373324,33.4162,-34.81426,-51.03133
15870.,-0.385287,-0.5481383,-0.4117412,1.368901,33.4132,-34.81807,-51.03491
15880.,-0.3896896,-0.5525486,-0.4161419,1.364483,33.4102,-34.82187,-51.03849
15890.,-0.3940876,-0.5569542,-0.420538,1.360069,33.4072,-34.82566,-51.04206
15900.,-0.398481,-0.5613553,-0.4249295,1.35566,33.4042,-34.82945,-51.04563
15910.,-0.4028698,-0.5657517,-0.4293164,1.351256,33.40121,-34.83324,-51.04919
15920.,-0.407254,-0.5701435,-0.4336987,1.346856,33.39822,-34.83702,-51.05275
15930.,-0.4116336,-0.5745308,-0.4380763,1.342461,33.39523,-34.8408,-51.05631
15940.,-0.4160086,-0.5789134,-0.4424494,1.33807,33.39225,-34.84457,-51.05986
15950.,-0.420379,-0.5832914,-0.446818,1.333684,33.38927,-34.84834,-51.06341
15960.,-0.4247448,-0.5876648,-0.4511819,1.329303,33.38629,-34.85211,-51.06695
15970.,-0.429106,-0.5920337,-0.4555412,1.324926,33.38332,-34.85587,-51.07049
15980.,-0.4334627,-0.5963979,-0.459896,1.320554,33.38035,-34.85963,-51.07403
15990.,-0.4378148,-0.6007576,-0.4642462,1.316186,33.37738,-34.86339,-51.07757
16000.,-0.4421623,-0.6051127,-0.4685919,1.311823,33.37442,-34.86714,-51.0811
16010.,-0.4465053,-0.6094633,-0.472933,1.307465,33.37146,-34.87089,-51.08462
16020.,-0.4508437,-0.6138093,-0.4772695,1.303111,33.3685,-34.87463,-51.08814
16030.,-0.4551776,-0.6181507,-0.4816015,1.298761,33.36555,-34.87837,-51.09166
16040.,-0.459507,-0.6224876,-0.485929,1.294417,33.3626,-34.8821,-51.09518
16050.,-0.4638318,-0.6268199,-0.4902519,1.290076,33.35965,-34.88583,-51.09869
16060.,-0.468152,-0.6311477,-0.4945703,1.285741,33.3567,-34.88956,-51.1022
16070.,-0.4724677,-0.6354709,-0.4988841,1.28141,33.35376,-34.89329,-51.1057
16080.,-0.476779,-0.6397897,-0.5031935,1.277083,33.35082,-34.89701,-51.1092
16090.,-0.4810856,-0.6441039,-0.5074983,1.272761,33.34789,-34.90072,-51.1127
16100.,-0.4853878,-0.6484136,-0.5117986,1.268444,33.34495,-34.90443,-51.11619
16110.,-0.4896855,-0.6527187,-0.5160944,1.264131,33.34203,-34.90814,-51.11968
16120.,-0.4939786,-0.6570194,-0.5203857,1.259822,33.3391,-34.91184,-51.12317
16130.,-0.4982673,-0.6613155,-0.5246725,1.255518,33.33618,-34.91554,-51.12665
16140.,-0.5025515,-0.6656072,-0.5289548,1.251219,33.33326,-34.91924,-51.13013
16150.,-0.5068312,-0.6698943,-0.5332326,1.246924,33.33034,-34.92293,-51.13361
16160.,-0.5111063,-0.674177,-0.537506,1.242633,33.32743,-34.92662,-51.13708
16170.,-0.5153771,-0.6784551,-0.5417748,1.238347,33.32452,-34.93031,-51.14055
16180.,-0.5196433,-0.6827288,-0.5460392,1.234066,33.32161,-34.93399,-51.14401
16190.,-0.5239051,-0.686998,-0.5502991,1.229789,33.3187,-34.93766,-51.14747
16200.,-0.5281624,-0.6912628,-0.5545546,1.225517,33.3158,-34.94134,-51.15093
16210.,-0.5324152,-0.695523,-0.5588056,1.221249,33.31291,-34.94501,-51.15438
16220.,-0.5366636,-0.6997788,-0.5630521,1.216985,33.31001,-34.94867,-51.15783
16230.,-0.5409075,-0.7040302,-0.5672942,1.212726,33.30712,-34.95233,-51.16128
16240.,-0.545147,-0.7082771,-0.5715319,1.208471,33.30423,-34.95599,-51.16472
16250.,-0.5493821,-0.7125195,-0.5757651,1.204221,33.30134,-34.95965,-51.16816
16260.,-0.5536127,-0.7167575,-0.5799939,1.199976,33.29846,-34.9633,-51.17159
16270.,-0.5578389,-0.7209911,-0.5842182,1.195734,33.29558,-34.96694,-51.17502
16280.,-0.5620607,-0.7252202,-0.5884382,1.191498,33.29271,-34.97058,-51.17845
16290.,-0.566278,-0.7294449,-0.5926537,1.187265,33.28983,-34.97422,-51.18188
16300.,-0.5704909,-0.7336652,-0.5968648,1.183037,33.28696,-34.97786,-51.1853
16310.,-0.5746994,-0.7378811,-0.6010714,1.178814,33.2841,-34.98149,-51.18871
16320.,-0.5789035,-0.7420925,-0.6052737,1.174595,33.28123,-34.98512,-51.19213
16330.,-0.5831032,-0.7462996,-0.6094716,1.17038,33.27837,-34.98874,-51.19554
16340.,-0.5872985,-0.7505022,-0.6136651,1.16617,33.27551,-34.99236,-51.19894
16350.,-0.5914894,-0.7547004,-0.6178542,1.161964,33.27266,-34.99597,-51.20235
16360.,-0.595676,-0.7588943,-0.6220389,1.157763,33.26981,-34.99959,-51.20575
16370.,-0.5998581,-0.7630837,-0.6262192,1.153566,33.26696,-35.00319,-51.20914
16380.,-0.6040359,-0.7672688,-0.6303951,1.149373,33.26411,-35.0068,-51.21253
16390.,-0.6082092,-0.7714495,-0.6345667,1.145185,33.26127,-35.0104,-51.21592
16400.,-0.6123783,-0.7756258,-0.6387339,1.141001,33.25843,-35.014,-51.21931
16410.,-0.6165429,-0.7797977,-0.6428968,1.136821,33.25559,-35.01759,-51.22269
16420.,-0.6207032,-0.7839653,-0.6470552,1.132646,33.25276,-35.02118,-51.22607
16430.,-0.6248591,-0.7881285,-0.6512094,1.128476,33.24993,-35.02476,-51.22944
16440.,-0.6290107,-0.7922874,-0.6553592,1.124309,33.2471,-35.02835,-51.23281
16450.,-0.633158,-0.7964419,-0.6595046,1.120147,33.24428,-35.03192,-51.23618
16460.,-0.6373009,-0.800592,-0.6636457,1.11599,33.24146,-35.0355,-51.23955
16470.,-0.6414395,-0.8047378,-0.6677825,1.111836,33.23864,-35.03907,-51.24291
16480.,-0.6455737,-0.8088793,-0.6719149,1.107687,33.23582,-35.04264,-51.24626
16490.,-0.6497036,-0.8130164,-0.676043,1.103543,33.23301,-35.0462,-51.24962
16500.,-0.6538292,-0.8171492,-0.6801668,1.099402,33.2302,-35.04976,-51.25297
16510.,-0.6579505,-0.8212777,-0.6842863,1.095267,33.22739,-35.05331,-51.25631
16520.,-0.6620674,-0.8254019,-0.6884015,1.091135,33.22459,-35.05687,-51.25966
16530.,-0.6661801,-0.8295217,-0.6925124,1.087008,33.22179,-35.06041,-51.263
16540.,-0.6702884,-0.8336373,-0.6966189,1.082885,33.21899,-35.06396,-51.26633
16550.,-0.6743925,-0.8377485,-0.7007212,1.078766,33.2162,-35.0675,-51.26966
16560.,-0.6784922,-0.8418555,-0.7048192,1.074652,33.21341,-35.07104,-51.27299
16570.,-0.6825877,-0.8459581,-0.7089128,1.070542,33.21062,-35.07457,-51.27632
16580.,-0.6866789,-0.8500565,-0.7130023,1.066436,33.20783,-35.0781,-51.27964
16590.,-0.6907658,-0.8541505,-0.7170874,1.062335,33.20505,-35.08162,-51.28296
16600.,-0.6948484,-0.8582403,-0.7211682,1.058237,33.20227,-35.08515,-51.28627
16610.,-0.6989268,-0.8623258,-0.7252448,1.054144,33.19949,-35.08867,-51.28958
16620.,-0.7030009,-0.8664071,-0.7293172,1.050056,33.19672,-35.09218,-51.29289
16630.,-0.7070707,-0.870484,-0.7333852,1.045972,33.19395,-35.09569,-51.2962
16640.,-0.7111363,-0.8745567,-0.737449,1.041892,33.19118,-35.0992,-51.2995
16650.,-0.7151976,-0.8786252,-0.7415086,1.037816,33.18841,-35.1027,-51.3028
16660.,-0.7192547,-0.8826894,-0.7455639,1.033744,33.18565,-35.1062,-51.30609
16670.,-0.7233076,-0.8867493,-0.749615,1.029677,33.18289,-35.1097,-51.30938
16680.,-0.7273562,-0.890805,-0.7536618,1.025614,33.18014,-35.11319,-51.31267
16690.,-0.7314005,-0.8948564,-0.7577044,1.021555,33.17738,-35.11668,-51.31595
16700.,-0.7354407,-0.8989037,-0.7617428,1.017501,33.17463,-35.12017,-51.31923
16710.,-0.7394766,-0.9029467,-0.765777,1.013451,33.17189,-35.12365,-51.32251
16720.,-0.7435083,-0.9069854,-0.7698069,1.009405,33.16914,-35.12713,-51.32578
16730.,-0.7475357,-0.91102,-0.7738326,1.005363,33.1664,-35.1306,-51.32905
16740.,-0.751559,-0.9150503,-0.7778541,1.001325,33.16366,-35.13407,-51.33232
16750.,-0.7555781,-0.9190764,-0.7818715,0.9972919,33.16093,-35.13754,-51.33558
16760.,-0.7595929,-0.9230983,-0.7858846,0.9932628,33.1582,-35.141,-51.33884
16770.,-0.7636036,-0.927116,-0.7898935,0.9892379,33.15547,-35.14446,-51.3421
16780.,-0.7676101,-0.9311295,-0.7938982,0.9852172,33.15274,-35.14792,-51.34535
16790.,-0.7716124,-0.9351388,-0.7978988,0.9812007,33.15002,-35.15137,-51.3486
16800.,-0.7756105,-0.9391439,-0.8018951,0.9771884,33.14729,-35.15482,-51.35185
16810.,-0.7796044,-0.9431449,-0.8058873,0.9731803,33.14458,-35.15827,-51.35509
16820.,-0.7835941,-0.9471416,-0.8098753,0.9691763,33.14186,-35.16171,-51.35833
16830.,-0.7875797,-0.9511342,-0.8138592,0.9651766,33.13915,-35.16515,-51.36157
16840.,-0.7915611,-0.9551226,-0.8178389,0.961181,33.13644,-35.16858,-51.3648
16850.,-0.7955384,-0.9591068,-0.8218144,0.9571897,33.13373,-35.17202,-51.36803
16860.,-0.7995115,-0.9630869,-0.8257857,0.9532025,33.13103,-35.17544,-51.37126
16870.,-0.8034804,-0.9670628,-0.829753,0.9492194,33.12833,-35.17887,-51.37448
16880.,-0.8074453,-0.9710346,-0.833716,0.9452405,33.12563,-35.18229,-51.3777
16890.,-0.8114059,-0.9750022,-0.837675,0.9412658,33.12294,-35.18571,-51.38092
16900.,-0.8153624,-0.9789657,-0.8416298,0.9372953,33.12024,-35.18912,-51.38413
16910.,-0.8193148,-0.982925,-0.8455804,0.9333288,33.11755,-35.19253,-51.38734
16920.,-0.8232631,-0.9868802,-0.849527,0.9293666,33.11487,-35.19593,-51.39054
16930.,-0.8272072,-0.9908313,-0.8534694,0.9254084,33.11218,-35.19934,-51.39375
16940.,-0.8311472,-0.9947782,-0.8574077,0.9214544,33.1095,-35.20274,-51.39695
16950.,-0.8350831,-0.998721,-0.8613419,0.9175046,33.10683,-35.20613,-51.40014
16960.,-0.8390149,-1.00266,-0.865272,0.9135588,33.10415,-35.20952,-51.40333
16970.,-0.8429426,-1.006594,-0.8691979,0.9096172,33.10148,-35.21291,-51.40652
16980.,-0.8468662,-1.010525,-0.8731198,0.9056797,33.09881,-35.2163,-51.40971
16990.,-0.8507857,-1.014451,-0.8770376,0.9017463,33.09614,-35.21968,-51.41289
17000.,-0.854701,-1.018373,-0.8809513,0.897817,33.09348,-35.22306,-51.41607
17010.,-0.8586123,-1.022292,-0.8848608,0.8938919,33.09082,-35.22643,-51.41925
17020.,-0.8625196,-1.026206,-0.8887664,0.8899708,33.08816,-35.2298,-51.42242
17030.,-0.8664227,-1.030116,-0.8926678,0.8860538,33.08551,-35.23317,-51.42559
17040.,-0.8703218,-1.034022,-0.8965652,0.8821409,33.08285,-35.23653,-51.42875
17050.,-0.8742167,-1.037923,-0.9004584,0.8782321,33.0802,-35.23989,-51.43192
17060.,-0.8781077,-1.041821,-0.9043477,0.8743274,33.07756,-35.24325,-51.43508
17070.,-0.8819945,-1.045715,-0.9082328,0.8704267,33.07491,-35.2466,-51.43823
17080.,-0.8858773,-1.049604,-0.9121139,0.8665302,33.07227,-35.24995,-51.44138
17090.,-0.8897561,-1.05349,-0.915991,0.8626377,33.06963,-35.2533,-51.44453
17100.,-0.8936308,-1.057372,-0.919864,0.8587492,33.067,-35.25664,-51.44768
17110.,-0.8975014,-1.061249,-0.923733,0.8548648,33.06437,-35.25998,-51.45082
17120.,-0.901368,-1.065122,-0.9275979,0.8509845,33.06174,-35.26332,-51.45396
17130.,-0.9052306,-1.068992,-0.9314588,0.8471082,33.05911,-35.26665,-51.4571
17140.,-0.9090892,-1.072857,-0.9353157,0.843236,33.05649,-35.26998,-51.46023
17150.,-0.9129437,-1.076718,-0.9391685,0.8393678,33.05386,-35.2733,-51.46336
17160.,-0.9167942,-1.080576,-0.9430173,0.8355037,33.05125,-35.27663,-51.46649
17170.,-0.9206407,-1.084429,-0.9468621,0.8316436,33.04863,-35.27994,-51.46961
17180.,-0.9244831,-1.088278,-0.9507029,0.8277875,33.04602,-35.28326,-51.47273
17190.,-0.9283216,-1.092123,-0.9545397,0.8239354,33.04341,-35.28657,-51.47585
17200.,-0.932156,-1.095965,-0.9583725,0.8200874,33.0408,-35.28988,-51.47896
17210.,-0.9359865,-1.099802,-0.9622012,0.8162434,33.03819,-35.29318,-51.48207
17220.,-0.9398129,-1.103635,-0.966026,0.8124034,33.03559,-35.29648,-51.48518
17230.,-0.9436354,-1.107464,-0.9698468,0.8085674,33.03299,-35.29978,-51.48828
17240.,-0.9474538,-1.111289,-0.9736636,0.8047354,33.0304,-35.30308,-51.49138
17250.,-0.9512683,-1.115111,-0.9774764,0.8009074,33.0278,-35.30637,-51.49448
17260.,-0.9550788,-1.118928,-0.9812853,0.7970833,33.02521,-35.30965,-51.49757
17270.,-0.9588854,-1.122741,-0.9850901,0.7932633,33.02262,-35.31294,-51.50067
17280.,-0.9626879,-1.12655,-0.988891,0.7894473,33.02004,-35.31622,-51.50375
17290.,-0.9664865,-1.130356,-0.992688,0.7856352,33.01746,-35.31949,-51.50684
17300.,-0.9702811,-1.134157,-0.9964809,0.7818272,33.01488,-35.32277,-51.50992
17310.,-0.9740718,-1.137954,-1.00027,0.7780231,33.0123,-35.32604,-51.513
17320.,-0.9778585,-1.141748,-1.004055,0.7742229,33.00972,-35.32931,-51.51607
17330.,-0.9816413,-1.145537,-1.007836,0.7704268,33.00715,-35.33257,-51.51914
17340.,-0.9854201,-1.149323,-1.011613,0.7666346,33.00458,-35.33583,-51.52221
17350.,-0.989195,-1.153104,-1.015387,0.7628463,33.00202,-35.33909,-51.52528
17360.,-0.9929659,-1.156882,-1.019156,0.759062,32.99945,-35.34234,-51.52834
17370.,-0.9967329,-1.160655,-1.022921,0.7552817,32.99689,-35.34559,-51.5314
17380.,-1.000496,-1.164425,-1.026683,0.7515053,32.99434,-35.34883,-51.53445
17390.,-1.004255,-1.168191,-1.03044,0.7477328,32.99178,-35.35208,-51.5375
17400.,-1.00801,-1.171953,-1.034194,0.7439642,32.98923,-35.35532,-51.54055
17410.,-1.011762,-1.175711,-1.037943,0.7401996,32.98668,-35.35855,-51.5436
17420.,-1.015509,-1.179465,-1.041689,0.736439,32.98413,-35.36179,-51.54664
17430.,-1.019253,-1.183215,-1.045431,0.7326822,32.98159,-35.36502,-51.54968
17440.,-1.022992,-1.186961,-1.049169,0.7289294,32.97904,-35.36824,-51.55272
17450.,-1.026728,-1.190703,-1.052903,0.7251804,32.97651,-35.37146,-51.55575
17460.,-1.03046,-1.194442,-1.056633,0.7214354,32.97397,-35.37468,-51.55878
17470.,-1.034188,-1.198176,-1.06036,0.7176943,32.97143,-35.3779,-51.56181
17480.,-1.037912,-1.201907,-1.064082,0.7139571,32.9689,-35.38111,-51.56483
17490.,-1.041632,-1.205633,-1.067801,0.7102238,32.96638,-35.38432,-51.56785
17500.,-1.045348,-1.209356,-1.071515,0.7064943,32.96385,-35.38753,-51.57087
17510.,-1.049061,-1.213075,-1.075226,0.7027688,32.96133,-35.39073,-51.57389
17520.,-1.052769,-1.21679,-1.078933,0.6990472,32.95881,-35.39393,-51.5769
17530.,-1.056474,-1.220501,-1.082636,0.6953294,32.95629,-35.39713,-51.5799
17540.,-1.060175,-1.224209,-1.086335,0.6916155,32.95377,-35.40032,-51.58291
17550.,-1.063871,-1.227912,-1.09003,0.6879055,32.95126,-35.40351,-51.58591
17560.,-1.067565,-1.231612,-1.093722,0.6841993,32.94875,-35.40669,-51.58891
17570.,-1.071254,-1.235308,-1.09741,0.680497,32.94625,-35.40988,-51.59191
17580.,-1.074939,-1.239,-1.101093,0.6767986,32.94374,-35.41306,-51.5949
17590.,-1.078621,-1.242688,-1.104773,0.673104,32.94124,-35.41623,-51.59789
17600.,-1.082298,-1.246372,-1.108449,0.6694132,32.93874,-35.4194,-51.60087
17610.,-1.085972,-1.250052,-1.112122,0.6657264,32.93624,-35.42257,-51.60386
17620.,-1.089642,-1.253729,-1.11579,0.6620433,32.93375,-35.42574,-51.60684
17630.,-1.093309,-1.257401,-1.119455,0.6583641,32.93126,-35.4289,-51.60981
17640.,-1.096971,-1.26107,-1.123116,0.6546887,32.92877,-35.43206,-51.61279
17650.,-1.10063,-1.264735,-1.126773,0.6510172,32.92629,-35.43522,-51.61576
17660.,-1.104284,-1.268397,-1.130426,0.6473495,32.9238,-35.43837,-51.61873
17670.,-1.107935,-1.272054,-1.134075,0.6436856,32.92132,-35.44152,-51.62169
17680.,-1.111583,-1.275708,-1.137721,0.6400255,32.91884,-35.44467,-51.62465
17690.,-1.115226,-1.279357,-1.141363,0.6363692,32.91637,-35.44781,-51.62761
17700.,-1.118866,-1.283004,-1.145001,0.6327168,32.9139,-35.45095,-51.63056
17710.,-1.122501,-1.286646,-1.148635,0.6290681,32.91143,-35.45409,-51.63352
17720.,-1.126133,-1.290284,-1.152265,0.6254233,32.90896,-35.45722,-51.63647
17730.,-1.129762,-1.293919,-1.155892,0.6217822,32.90649,-35.46035,-51.63941
17740.,-1.133386,-1.29755,-1.159515,0.6181449,32.90403,-35.46348,-51.64236
17750.,-1.137007,-1.301177,-1.163134,0.6145115,32.90157,-35.4666,-51.64529
17760.,-1.140624,-1.3048,-1.166749,0.6108818,32.89912,-35.46972,-51.64823
17770.,-1.144237,-1.30842,-1.170361,0.6072559,32.89666,-35.47284,-51.65117
17780.,-1.147846,-1.312035,-1.173968,0.6036337,32.89421,-35.47595,-51.6541
17790.,-1.151452,-1.315647,-1.177572,0.6000154,32.89176,-35.47906,-51.65702
17800.,-1.155054,-1.319256,-1.181173,0.5964008,32.88931,-35.48217,-51.65995
17810.,-1.158652,-1.32286,-1.184769,0.59279,32.88687,-35.48527,-51.66287
17820.,-1.162246,-1.326461,-1.188362,0.5891829,32.88443,-35.48837,-51.66579
17830.,-1.165837,-1.330058,-1.191951,0.5855796,32.88199,-35.49147,-51.6687
17840.,-1.169424,-1.333651,-1.195536,0.58198,32.87955,-35.49457,-51.67162
17850.,-1.173007,-1.33724,-1.199118,0.5783842,32.87712,-35.49766,-51.67453
17860.,-1.176586,-1.340826,-1.202696,0.5747921,32.87469,-35.50074,-51.67743
17870.,-1.180162,-1.344408,-1.20627,0.5712038,32.87226,-35.50383,-51.68034
17880.,-1.183734,-1.347986,-1.20984,0.5676192,32.86984,-35.50691,-51.68324
17890.,-1.187302,-1.351561,-1.213407,0.5640384,32.86741,-35.50999,-51.68613
17900.,-1.190867,-1.355132,-1.21697,0.5604612,32.86499,-35.51306,-51.68903
17910.,-1.194427,-1.358699,-1.220529,0.5568878,32.86257,-35.51614,-51.69192
17920.,-1.197985,-1.362262,-1.224085,0.5533181,32.86016,-35.5192,-51.69481
17930.,-1.201538,-1.365822,-1.227637,0.5497522,32.85774,-35.52227,-51.69769
17940.,-1.205088,-1.369378,-1.231185,0.5461899,32.85533,-35.52533,-51.70057
17950.,-1.208634,-1.37293,-1.234729,0.5426313,32.85293,-35.52839,-51.70345
17960.,-1.212176,-1.376479,-1.23827,0.5390765,32.85052,-35.53145,-51.70633
17970.,-1.215715,-1.380024,-1.241807,0.5355253,32.84812,-35.5345,-51.7092
17980.,-1.21925,-1.383565,-1.245341,0.5319779,32.84572,-35.53755,-51.71207
17990.,-1.222781,-1.387103,-1.24887,0.5284341,32.84332,-35.54059,-51.71494
18000.,-1.226309,-1.390637,-1.252397,0.5248941,32.84092,-35.54364,-51.7178
18010.,-1.229833,-1.394167,-1.255919,0.5213577,32.83853,-35.54668,-51.72067
18020.,-1.233353,-1.397693,-1.259438,0.517825,32.83614,-35.54971,-51.72352
18030.,-1.236869,-1.401216,-1.262953,0.5142959,32.83375,-35.55275,-51.72638
18040.,-1.240382,-1.404735,-1.266464,0.5107706,32.83137,-35.55578,-51.72923
18050.,-1.243892,-1.408251,-1.269972,0.5072489,32.82899,-35.55881,-51.73208
18060.,-1.247397,-1.411763,-1.273476,0.5037308,32.82661,-35.56183,-51.73493
18070.,-1.250899,-1.415271,-1.276977,0.5002165,32.82423,-35.56485,-51.73777
18080.,-1.254398,-1.418775,-1.280473,0.4967058,32.82185,-35.56787,-51.74061
18090.,-1.257892,-1.422276,-1.283967,0.4931987,32.81948,-35.57088,-51.74345
18100.,-1.261384,-1.425774,-1.287456,0.4896953,32.81711,-35.5739,-51.74628
18110.,-1.264871,-1.429267,-1.290942,0.4861955,32.81474,-35.5769,-51.74912
18120.,-1.268355,-1.432757,-1.294424,0.4826994,32.81238,-35.57991,-51.75194
18130.,-1.271835,-1.436244,-1.297903,0.4792069,32.81002,-35.58291,-51.75477
18140.,-1.275312,-1.439726,-1.301378,0.475718,32.80766,-35.58591,-51.75759
18150.,-1.278785,-1.443206,-1.30485,0.4722328,32.8053,-35.58891,-51.76041
18160.,-1.282254,-1.446681,-1.308317,0.4687512,32.80294,-35.5919,-51.76323
18170.,-1.28572,-1.450153,-1.311782,0.4652732,32.80059,-35.59489,-51.76604
18180.,-1.289182,-1.453621,-1.315242,0.4617989,32.79824,-35.59788,-51.76886
18190.,-1.29264,-1.457086,-1.318699,0.4583281,32.79589,-35.60086,-51.77166
18200.,-1.296095,-1.460547,-1.322153,0.454861,32.79355,-35.60384,-51.77447
18210.,-1.299547,-1.464005,-1.325603,0.4513974,32.79121,-35.60682,-51.77727
18220.,-1.302994,-1.467458,-1.329049,0.4479375,32.78887,-35.60979,-51.78007
18230.,-1.306439,-1.470909,-1.332491,0.4444812,32.78653,-35.61276,-51.78287
18240.,-1.309879,-1.474355,-1.335931,0.4410284,32.78419,-35.61573,-51.78566
18250.,-1.313316,-1.477799,-1.339366,0.4375793,32.78186,-35.61869,-51.78845
18260.,-1.31675,-1.481238,-1.342798,0.4341337,32.77953,-35.62166,-51.79124
18270.,-1.32018,-1.484674,-1.346226,0.4306917,32.7772,-35.62462,-51.79402
18280.,-1.323606,-1.488106,-1.349651,0.4272533,32.77488,-35.62757,-51.79681
18290.,-1.327029,-1.491535,-1.353073,0.4238185,32.77256,-35.63052,-51.79959
18300.,-1.330448,-1.494961,-1.35649,0.4203872,32.77024,-35.63347,-51.80236
18310.,-1.333864,-1.498382,-1.359904,0.4169595,32.76792,-35.63642,-51.80514
18320.,-1.337276,-1.5018,-1.363315,0.4135354,32.7656,-35.63936,-51.80791
18330.,-1.340684,-1.505215,-1.366722,0.4101148,32.76329,-35.6423,-51.81067
18340.,-1.344089,-1.508626,-1.370126,0.4066978,32.76098,-35.64524,-51.81344
18350.,-1.347491,-1.512034,-1.373526,0.4032844,32.75867,-35.64817,-51.8162
18360.,-1.350889,-1.515438,-1.376922,0.3998744,32.75637,-35.65111,-51.81896
18370.,-1.354283,-1.518838,-1.380315,0.3964681,32.75406,-35.65403,-51.82172
18380.,-1.357674,-1.522235,-1.383704,0.3930652,32.75176,-35.65696,-51.82447
18390.,-1.361061,-1.525628,-1.38709,0.389666,32.74946,-35.65988,-51.82722
18400.,-1.364445,-1.529018,-1.390472,0.3862702,32.74717,-35.6628,-51.82997
18410.,-1.367825,-1.532404,-1.393851,0.382878,32.74487,-35.66572,-51.83271
18420.,-1.371202,-1.535787,-1.397227,0.3794894,32.74258,-35.66863,-51.83545
18430.,-1.374576,-1.539166,-1.400598,0.3761043,32.74029,-35.67154,-51.83819
18440.,-1.377945,-1.542542,-1.403967,0.3727227,32.73801,-35.67445,-51.84093
18450.,-1.381312,-1.545915,-1.407332,0.3693446,32.73572,-35.67735,-51.84366
18460.,-1.384674,-1.549283,-1.410693,0.36597,32.73344,-35.68025,-51.84639
18470.,-1.388034,-1.552649,-1.414051,0.362599,32.73116,-35.68315,-51.84912
18480.,-1.39139,-1.55601,-1.417405,0.3592314,32.72889,-35.68604,-51.85184
18490.,-1.394742,-1.559369,-1.420756,0.3558673,32.72661,-35.68894,-51.85457
18500.,-1.398091,-1.562723,-1.424103,0.3525068,32.72434,-35.69182,-51.85728
18510.,-1.401436,-1.566075,-1.427447,0.3491497,32.72207,-35.69471,-51.86
18520.,-1.404778,-1.569423,-1.430788,0.3457961,32.7198,-35.69759,-51.86271
18530.,-1.408116,-1.572767,-1.434125,0.342446,32.71754,-35.70047,-51.86542
18540.,-1.411451,-1.576108,-1.437458,0.3390993,32.71528,-35.70335,-51.86813
18550.,-1.414783,-1.579445,-1.440788,0.3357562,32.71302,-35.70622,-51.87084
18560.,-1.418111,-1.582779,-1.444115,0.3324165,32.71076,-35.70909,-51.87354
18570.,-1.421435,-1.58611,-1.447438,0.3290803,32.70851,-35.71196,-51.87624
18580.,-1.424757,-1.589437,-1.450757,0.3257475,32.70625,-35.71483,-51.87894
18590.,-1.428074,-1.59276,-1.454074,0.3224182,32.704,-35.71769,-51.88163
18600.,-1.431388,-1.59608,-1.457386,0.3190924,32.70175,-35.72055,-51.88432
18610.,-1.434699,-1.599397,-1.460696,0.31577,32.69951,-35.7234,-51.88701
18620.,-1.438007,-1.60271,-1.464002,0.3124511,32.69727,-35.72626,-51.88969
18630.,-1.44131,-1.60602,-1.467304,0.3091356,32.69503,-35.72911,-51.89238
18640.,-1.444611,-1.609326,-1.470603,0.3058235,32.69279,-35.73195,-51.89506
18650.,-1.447908,-1.612629,-1.473899,0.3025149,32.69055,-35.7348,-51.89773
18660.,-1.451202,-1.615929,-1.477191,0.2992098,32.68832,-35.73764,-51.90041
18670.,-1.454492,-1.619225,-1.48048,0.295908,32.68609,-35.74048,-51.90308
18680.,-1.457779,-1.622517,-1.483765,0.2926097,32.68386,-35.74331,-51.90575
18690.,-1.461062,-1.625807,-1.487047,0.2893148,32.68163,-35.74614,-51.90841
18700.,-1.464342,-1.629092,-1.490326,0.2860234,32.67941,-35.74897,-51.91108
18710.,-1.467619,-1.632375,-1.493601,0.2827353,32.67718,-35.7518,-51.91374
18720.,-1.470892,-1.635654,-1.496872,0.2794507,32.67496,-35.75462,-51.91639
18730.,-1.474161,-1.638929,-1.500141,0.2761695,32.67275,-35.75744,-51.91905
18740.,-1.477428,-1.642202,-1.503406,0.2728916,32.67053,-35.76026,-51.9217
18750.,-1.480691,-1.64547,-1.506667,0.2696172,32.66832,-35.76308,-51.92435
18760.,-1.48395,-1.648736,-1.509925,0.2663462,32.66611,-35.76589,-51.927
18770.,-1.487207,-1.651998,-1.51318,0.2630786,32.6639,-35.7687,-51.92964
18780.,-1.490459,-1.655256,-1.516432,0.2598143,32.6617,-35.7715,-51.93228
18790.,-1.493709,-1.658512,-1.51968,0.2565535,32.65949,-35.77431,-51.93492
18800.,-1.496955,-1.661764,-1.522924,0.253296,32.65729,-35.77711,-51.93756
18810.,-1.500198,-1.665012,-1.526166,0.250042,32.65509,-35.7799,-51.94019
18820.,-1.503437,-1.668257,-1.529404,0.2467913,32.6529,-35.7827,-51.94282
18830.,-1.506673,-1.671499,-1.532638,0.2435439,32.6507,-35.78549,-51.94545
18840.,-1.509906,-1.674737,-1.535869,0.2403,32.64851,-35.78828,-51.94807
18850.,-1.513135,-1.677972,-1.539097,0.2370594,32.64632,-35.79106,-51.95069
18860.,-1.516361,-1.681204,-1.542322,0.2338221,32.64413,-35.79385,-51.95331
18870.,-1.519584,-1.684432,-1.545543,0.2305883,32.64195,-35.79663,-51.95593
18880.,-1.522803,-1.687657,-1.548761,0.2273577,32.63977,-35.7994,-51.95854
18890.,-1.526019,-1.690879,-1.551975,0.2241306,32.63759,-35.80218,-51.96115
18900.,-1.529231,-1.694097,-1.555186,0.2209068,32.63541,-35.80495,-51.96376
18910.,-1.53244,-1.697312,-1.558394,0.2176863,32.63323,-35.80772,-51.96637
18920.,-1.535646,-1.700524,-1.561599,0.2144691,32.63106,-35.81048,-51.96897
18930.,-1.538849,-1.703732,-1.5648,0.2112553,32.62889,-35.81324,-51.97157
18940.,-1.542048,-1.706937,-1.567998,0.2080449,32.62672,-35.816,-51.97417
18950.,-1.545244,-1.710139,-1.571192,0.2048378,32.62455,-35.81876,-51.97676
18960.,-1.548437,-1.713337,-1.574383,0.2016339,32.62239,-35.82151,-51.97936
18970.,-1.551626,-1.716532,-1.577571,0.1984335,32.62023,-35.82427,-51.98195
18980.,-1.554812,-1.719724,-1.580756,0.1952363,32.61807,-35.82701,-51.98453
18990.,-1.557995,-1.722912,-1.583937,0.1920424,32.61591,-35.82976,-51.98712
19000.,-1.561174,-1.726097,-1.587115,0.1888519,32.61376,-35.8325,-51.9897
19010.,-1.56435,-1.729279,-1.59029,0.1856647,32.6116,-35.83524,-51.99228
19020.,-1.567523,-1.732457,-1.593461,0.1824808,32.60945,-35.83798,-51.99485
19030.,-1.570693,-1.735633,-1.596629,0.1793001,32.60731,-35.84071,-51.99743
19040.,-1.573859,-1.738804,-1.599794,0.1761228,32.60516,-35.84344,-52.
19050.,-1.577022,-1.741973,-1.602956,0.1729488,32.60302,-35.84617,-52.00257
19060.,-1.580181,-1.745138,-1.606114,0.1697781,32.60087,-35.8489,-52.00513
19070.,-1.583338,-1.7483,-1.609269,0.1666106,32.59874,-35.85162,-52.00769
19080.,-1.586491,-1.751459,-1.612421,0.1634465,32.5966,-35.85434,-52.01025
19090.,-1.589641,-1.754615,-1.615569,0.1602856,32.59446,-35.85706,-52.01281
19100.,-1.592787,-1.757767,-1.618714,0.157128,32.59233,-35.85977,-52.01537
19110.,-1.595931,-1.760916,-1.621856,0.1539736,32.5902,-35.86248,-52.01792
19120.,-1.599071,-1.764061,-1.624995,0.1508226,32.58807,-35.86519,-52.02047
19130.,-1.602207,-1.767204,-1.628131,0.1476748,32.58595,-35.8679,-52.02302
19140.,-1.605341,-1.770343,-1.631263,0.1445303,32.58382,-35.8706,-52.02556
19150.,-1.608471,-1.773479,-1.634392,0.141389,32.5817,-35.8733,-52.0281
19160.,-1.611598,-1.776611,-1.637517,0.138251,32.57958,-35.876,-52.03064
19170.,-1.614722,-1.779741,-1.64064,0.1351162,32.57747,-35.87869,-52.03318
19180.,-1.617843,-1.782867,-1.643759,0.1319847,32.57535,-35.88138,-52.03571
19190.,-1.62096,-1.78599,-1.646875,0.1288564,32.57324,-35.88407,-52.03824
19200.,-1.624074,-1.789109,-1.649988,0.1257314,32.57113,-35.88676,-52.04077
19210.,-1.627185,-1.792226,-1.653097,0.1226096,32.56902,-35.88944,-52.0433
19220.,-1.630293,-1.795339,-1.656203,0.1194911,32.56692,-35.89212,-52.04582
19230.,-1.633397,-1.798449,-1.659307,0.1163758,32.56481,-35.8948,-52.04834
19240.,-1.636498,-1.801556,-1.662406,0.1132637,32.56271,-35.89748,-52.05086
19250.,-1.639596,-1.804659,-1.665503,0.1101548,32.56061,-35.90015,-52.05337
19260.,-1.642691,-1.80776,-1.668596,0.1070492,32.55852,-35.90282,-52.05589
19270.,-1.645783,-1.810857,-1.671687,0.1039467,32.55642,-35.90548,-52.0584
19280.,-1.648871,-1.813951,-1.674774,0.1008475,32.55433,-35.90815,-52.0609
19290.,-1.651956,-1.817041,-1.677858,0.09775155,32.55224,-35.91081,-52.06341
19300.,-1.655038,-1.820129,-1.680938,0.09465876,32.55015,-35.91347,-52.06591
19310.,-1.658117,-1.823213,-1.684016,0.09156917,32.54807,-35.91612,-52.06841
19320.,-1.661193,-1.826294,-1.68709,0.08848279,32.54598,-35.91878,-52.07091
19330.,-1.664265,-1.829372,-1.690161,0.08539961,32.5439,-35.92143,-52.0734
19340.,-1.667335,-1.832447,-1.693229,0.08231962,32.54182,-35.92407,-52.07589
19350.,-1.670401,-1.835519,-1.696294,0.07924282,32.53975,-35.92672,-52.07838
19360.,-1.673463,-1.838587,-1.699355,0.07616921,32.53767,-35.92936,-52.08087
19370.,-1.676523,-1.841652,-1.702413,0.07309878,32.5356,-35.932,-52.08336
19380.,-1.67958,-1.844714,-1.705469,0.07003153,32.53353,-35.93464,-52.08584
19390.,-1.682633,-1.847773,-1.708521,0.06696747,32.53146,-35.93727,-52.08832
19400.,-1.685683,-1.850829,-1.71157,0.06390657,32.52939,-35.9399,-52.09079
19410.,-1.68873,-1.853881,-1.714615,0.06084885,32.52733,-35.94253,-52.09327
19420.,-1.691774,-1.85693,-1.717658,0.05779429,32.52527,-35.94516,-52.09574
19430.,-1.694815,-1.859977,-1.720697,0.0547429,32.52321,-35.94778,-52.09821
19440.,-1.697853,-1.86302,-1.723734,0.05169466,32.52115,-35.9504,-52.10067
19450.,-1.700887,-1.866059,-1.726767,0.04864959,32.5191,-35.95302,-52.10314
19460.,-1.703918,-1.869096,-1.729797,0.04560767,32.51704,-35.95563,-52.1056
19470.,-1.706946,-1.87213,-1.732823,0.0425689,32.51499,-35.95824,-52.10806
19480.,-1.709972,-1.87516,-1.735847,0.03953327,32.51294,-35.96085,-52.11051
19490.,-1.712993,-1.878188,-1.738868,0.03650079,32.5109,-35.96346,-52.11297
19500.,-1.716012,-1.881212,-1.741885,0.03347145,32.50885,-35.96606,-52.11542
19510.,-1.719028,-1.884233,-1.744899,0.03044525,32.50681,-35.96866,-52.11787
19520.,-1.72204,-1.887251,-1.747911,0.02742218,32.50477,-35.97126,-52.12031
19530.,-1.72505,-1.890265,-1.750919,0.02440224,32.50273,-35.97386,-52.12276
19540.,-1.728056,-1.893277,-1.753924,0.02138543,32.50069,-35.97645,-52.1252
19550.,-1.731059,-1.896286,-1.756926,0.01837174,32.49866,-35.97904,-52.12764
19560.,-1.734059,-1.899291,-1.759924,0.01536118,32.49663,-35.98163,-52.13007
19570.,-1.737056,-1.902293,-1.76292,0.01235373,32.4946,-35.98422,-52.1325
19580.,-1.74005,-1.905293,-1.765912,0.00934939,32.49257,-35.9868,-52.13494
19590.,-1.743041,-1.908289,-1.768902,0.006348164,32.49055,-35.98938,-52.13736
19600.,-1.746028,-1.911282,-1.771888,0.003350045,32.48852,-35.99195,-52.13979
19610.,-1.749013,-1.914272,-1.774871,0.0003550301,32.4865,-35.99453,-52.14221
19620.,-1.751995,-1.917258,-1.777852,-0.002636884,32.48448,-35.9971,-52.14463
19630.,-1.754973,-1.920242,-1.780829,-0.005625702,32.48247,-35.99967,-52.14705
19640.,-1.757948,-1.923223,-1.783803,-0.008611425,32.48045,-36.00224,-52.14947
19650.,-1.76092,-1.9262,-1.786774,-0.01159406,32.47844,-36.0048,-52.15188
19660.,-1.76389,-1.929175,-1.789741,-0.0145736,32.47643,-36.00736,-52.15429
19670.,-1.766856,-1.932146,-1.792706,-0.01755006,32.47442,-36.00992,-52.1567
19680.,-1.769819,-1.935114,-1.795668,-0.02052345,32.47242,-36.01248,-52.15911
19690.,-1.772779,-1.93808,-1.798627,-0.02349375,32.47041,-36.01503,-52.16151
19700.,-1.775735,-1.941042,-1.801582,-0.02646098,32.46841,-36.01758,-52.16391
19710.,-1.778689,-1.944001,-1.804535,-0.02942514,32.46641,-36.02013,-52.16631
19720.,-1.78164,-1.946957,-1.807484,-0.03238623,32.46441,-36.02267,-52.1687
19730.,-1.784588,-1.94991,-1.81043,-0.03534425,32.46242,-36.02521,-52.1711
19740.,-1.787532,-1.95286,-1.813374,-0.03829922,32.46042,-36.02775,-52.17349
19750.,-1.790474,-1.955807,-1.816314,-0.04125112,32.45843,-36.03029,-52.17588
19760.,-1.793413,-1.958751,-1.819251,-0.04419997,32.45644,-36.03283,-52.17826
19770.,-1.796348,-1.961691,-1.822186,-0.04714578,32.45446,-36.03536,-52.18065
19780.,-1.799281,-1.964629,-1.825117,-0.05008853,32.45247,-36.03789,-52.18303
19790.,-1.80221,-1.967564,-1.828045,-0.05302824,32.45049,-36.04041,-52.18541
19800.,-1.805136,-1.970496,-1.83097,-0.0559649,32.44851,-36.04294,-52.18778
19810.,-1.80806,-1.973424,-1.833892,-0.05889853,32.44653,-36.04546,-52.19016
19820.,-1.81098,-1.97635,-1.836811,-0.06182912,32.44455,-36.04798,-52.19253
19830.,-1.813898,-1.979272,-1.839727,-0.06475668,32.44258,-36.0505,-52.1949
19840.,-1.816812,-1.982192,-1.84264,-0.06768121,32.4406,-36.05301,-52.19726
19850.,-1.819723,-1.985108,-1.84555,-0.07060272,32.43863,-36.05552,-52.19963
19860.,-1.822632,-1.988022,-1.848458,-0.0735212,32.43666,-36.05803,-52.20199
19870.,-1.825537,-1.990933,-1.851362,-0.07643667,32.4347,-36.06054,-52.20435
19880.,-1.828439,-1.99384,-1.854263,-0.07934911,32.43273,-36.06304,-52.2067
19890.,-1.831338,-1.996744,-1.857161,-0.08225855,32.43077,-36.06554,-52.20906
19900.,-1.834235,-1.999646,-1.860056,-0.08516498,32.42881,-36.06804,-52.21141
19910.,-1.837128,-2.002544,-1.862948,-0.0880684,32.42685,-36.07053,-52.21376
19920.,-1.840018,-2.00544,-1.865837,-0.09096881,32.4249,-36.07303,-52.2161
19930.,-1.842906,-2.008332,-1.868723,-0.09386623,32.42294,-36.07552,-52.21845
19940.,-1.84579,-2.011222,-1.871606,-0.09676065,32.42099,-36.078,-52.22079
19950.,-1.848671,-2.014108,-1.874486,-0.09965208,32.41904,-36.08049,-52.22313
19960.,-1.85155,-2.016992,-1.877363,-0.1025405,32.41709,-36.08297,-52.22547
19970.,-1.854425,-2.019873,-1.880237,-0.105426,32.41515,-36.08545,-52.2278
19980.,-1.857297,-2.02275,-1.883108,-0.1083084,32.4132,-36.08793,-52.23013
19990.,-1.860167,-2.025625,-1.885976,-0.1111879,32.41126,-36.09041,-52.23246
20000.,-1.863033,-2.028496,-1.888842,-0.1140644,32.40932,-36.09288,-52.23479
20010.,-1.865897,-2.031365,-1.891704,-0.1169379,32.40738,-36.09535,-52.23712
20020.,-1.868757,-2.034231,-1.894563,-0.1198085,32.40545,-36.09782,-52.23944
20030.,-1.871615,-2.037093,-1.897419,-0.1226761,32.40351,-36.10028,-52.24176
20040.,-1.87447,-2.039953,-1.900273,-0.1255407,32.40158,-36.10274,-52.24408
20050.,-1.877321,-2.04281,-1.903123,-0.1284024,32.39965,-36.1052,-52.24639
20060.,-1.88017,-2.045664,-1.905971,-0.1312611,32.39772,-36.10766,-52.2487
20070.,-1.883016,-2.048515,-1.908815,-0.1341169,32.3958,-36.11011,-52.25102
20080.,-1.885859,-2.051363,-1.911657,-0.1369696,32.39387,-36.11257,-52.25332
20090.,-1.888699,-2.054208,-1.914495,-0.1398195,32.39195,-36.11502,-52.25563
20100.,-1.891536,-2.05705,-1.917331,-0.1426664,32.39003,-36.11746,-52.25793
20110.,-1.89437,-2.059889,-1.920164,-0.1455104,32.38812,-36.11991,-52.26023
20120.,-1.897201,-2.062725,-1.922994,-0.1483514,32.3862,-36.12235,-52.26253
20130.,-1.900029,-2.065558,-1.925821,-0.1511895,32.38429,-36.12479,-52.26483
20140.,-1.902854,-2.068389,-1.928645,-0.1540246,32.38237,-36.12723,-52.26712
20150.,-1.905677,-2.071216,-1.931466,-0.1568568,32.38046,-36.12966,-52.26941
20160.,-1.908496,-2.074041,-1.934284,-0.1596861,32.37856,-36.13209,-52.2717
20170.,-1.911313,-2.076862,-1.937099,-0.1625125,32.37665,-36.13452,-52.27399
20180.,-1.914126,-2.079681,-1.939912,-0.1653359,32.37475,-36.13695,-52.27627
20190.,-1.916937,-2.082497,-1.942721,-0.1681565,32.37285,-36.13937,-52.27856
20200.,-1.919745,-2.085309,-1.945528,-0.1709741,32.37095,-36.14179,-52.28084
20210.,-1.92255,-2.088119,-1.948331,-0.1737888,32.36905,-36.14421,-52.28311
20220.,-1.925351,-2.090926,-1.951132,-0.1766006,32.36715,-36.14663,-52.28539
20230.,-1.928151,-2.09373,-1.95393,-0.1794094,32.36526,-36.14904,-52.28766
20240.,-1.930947,-2.096532,-1.956725,-0.1822154,32.36337,-36.15146,-52.28993
20250.,-1.93374,-2.09933,-1.959517,-0.1850185,32.36148,-36.15387,-52.2922
20260.,-1.936531,-2.102125,-1.962306,-0.1878187,32.35959,-36.15627,-52.29447
20270.,-1.939318,-2.104918,-1.965093,-0.190616,32.35771,-36.15868,-52.29673
20280.,-1.942103,-2.107708,-1.967876,-0.1934104,32.35582,-36.16108,-52.29899
20290.,-1.944885,-2.110494,-1.970657,-0.1962019,32.35394,-36.16348,-52.30125
20300.,-1.947663,-2.113278,-1.973434,-0.1989905,32.35206,-36.16588,-52.3035
20310.,-1.950439,-2.116059,-1.976209,-0.2017763,32.35018,-36.16827,-52.30576
20320.,-1.953213,-2.118838,-1.978981,-0.2045592,32.34831,-36.17066,-52.30801
20330.,-1.955983,-2.121613,-1.98175,-0.2073392,32.34643,-36.17305,-52.31026
20340.,-1.95875,-2.124385,-1.984516,-0.2101163,32.34456,-36.17544,-52.31251
20350.,-1.961515,-2.127155,-1.98728,-0.2128905,32.34269,-36.17782,-52.31475
20360.,-1.964277,-2.129922,-1.99004,-0.2156619,32.34082,-36.1802,-52.31699
20370.,-1.967036,-2.132685,-1.992798,-0.2184304,32.33896,-36.18258,-52.31923
20380.,-1.969792,-2.135446,-1.995553,-0.2211961,32.33709,-36.18496,-52.32147
20390.,-1.972545,-2.138205,-1.998305,-0.2239589,32.33523,-36.18734,-52.32371
20400.,-1.975295,-2.14096,-2.001054,-0.2267189,32.33337,-36.18971,-52.32594
20410.,-1.978043,-2.143712,-2.0038,-0.229476,32.33151,-36.19208,-52.32817
20420.,-1.980787,-2.146462,-2.006544,-0.2322302,32.32966,-36.19445,-52.3304
20430.,-1.983529,-2.149209,-2.009284,-0.2349816,32.3278,-36.19681,-52.33263
20440.,-1.986268,-2.151953,-2.012022,-0.2377302,32.32595,-36.19917,-52.33485
20450.,-1.989004,-2.154694,-2.014757,-0.2404759,32.3241,-36.20153,-52.33707
20460.,-1.991738,-2.157432,-2.017489,-0.2432188,32.32225,-36.20389,-52.33929
20470.,-1.994468,-2.160167,-2.020218,-0.2459589,32.3204,-36.20625,-52.34151
20480.,-1.997196,-2.1629,-2.022945,-0.2486961,32.31856,-36.2086,-52.34372
20490.,-1.999921,-2.16563,-2.025668,-0.2514305,32.31672,-36.21095,-52.34593
20500.,-2.002643,-2.168357,-2.028389,-0.2541621,32.31488,-36.2133,-52.34814
20510.,-2.005362,-2.171081,-2.031107,-0.2568909,32.31304,-36.21564,-52.35035
20520.,-2.008079,-2.173802,-2.033823,-0.2596168,32.3112,-36.21799,-52.35256
20530.,-2.010792,-2.176521,-2.036535,-0.2623399,32.30937,-36.22033,-52.35476
20540.,-2.013503,-2.179236,-2.039245,-0.2650603,32.30753,-36.22266,-52.35696
20550.,-2.016211,-2.181949,-2.041952,-0.2677778,32.3057,-36.225,-52.35916
20560.,-2.018916,-2.184659,-2.044656,-0.2704925,32.30387,-36.22733,-52.36136
20570.,-2.021619,-2.187367,-2.047357,-0.2732044,32.30205,-36.22966,-52.36355
20580.,-2.024318,-2.190071,-2.050055,-0.2759135,32.30022,-36.23199,-52.36574
20590.,-2.027015,-2.192773,-2.052751,-0.2786198,32.2984,-36.23432,-52.36793
20600.,-2.029709,-2.195472,-2.055444,-0.2813233,32.29657,-36.23664,-52.37012
20610.,-2.032401,-2.198168,-2.058134,-0.284024,32.29475,-36.23896,-52.37231
20620.,-2.035089,-2.200862,-2.060821,-0.2867219,32.29294,-36.24128,-52.37449
20630.,-2.037775,-2.203552,-2.063506,-0.2894171,32.29112,-36.2436,-52.37667
20640.,-2.040458,-2.20624,-2.066188,-0.2921094,32.28931,-36.24591,-52.37885
20650.,-2.043138,-2.208925,-2.068867,-0.294799,32.2875,-36.24822,-52.38102
20660.,-2.045816,-2.211607,-2.071543,-0.2974858,32.28568,-36.25053,-52.3832
20670.,-2.04849,-2.214287,-2.074217,-0.3001698,32.28388,-36.25284,-52.38537
20680.,-2.051162,-2.216963,-2.076887,-0.3028511,32.28207,-36.25515,-52.38754
20690.,-2.053831,-2.219637,-2.079555,-0.3055296,32.28027,-36.25745,-52.38971
20700.,-2.056498,-2.222309,-2.082221,-0.3082053,32.27846,-36.25975,-52.39187
20710.,-2.059162,-2.224977,-2.084883,-0.3108783,32.27666,-36.26205,-52.39403
20720.,-2.061822,-2.227643,-2.087543,-0.3135485,32.27486,-36.26434,-52.39619
20730.,-2.064481,-2.230306,-2.0902,-0.316216,32.27307,-36.26663,-52.39835
20740.,-2.067136,-2.232966,-2.092854,-0.3188807,32.27127,-36.26892,-52.40051
20750.,-2.069789,-2.235623,-2.095506,-0.3215426,32.26948,-36.27121,-52.40266
20760.,-2.072439,-2.238278,-2.098154,-0.3242018,32.26769,-36.2735,-52.40481
20770.,-2.075086,-2.24093,-2.1008,-0.3268583,32.2659,-36.27578,-52.40696
20780.,-2.07773,-2.243579,-2.103444,-0.329512,32.26411,-36.27806,-52.40911
20790.,-2.080372,-2.246226,-2.106084,-0.332163,32.26232,-36.28034,-52.41126
20800.,-2.083011,-2.24887,-2.108722,-0.3348112,32.26054,-36.28262,-52.4134
20810.,-2.085647,-2.251511,-2.111357,-0.3374567,32.25876,-36.28489,-52.41554
20820.,-2.088281,-2.254149,-2.11399,-0.3400995,32.25698,-36.28716,-52.41768
20830.,-2.090912,-2.256785,-2.116619,-0.3427395,32.2552,-36.28943,-52.41981
20840.,-2.09354,-2.259418,-2.119246,-0.3453769,32.25342,-36.2917,-52.42195
20850.,-2.096165,-2.262048,-2.121871,-0.3480115,32.25165,-36.29396,-52.42408
20860.,-2.098788,-2.264675,-2.124492,-0.3506434,32.24988,-36.29622,-52.42621
20870.,-2.101408,-2.2673,-2.127111,-0.3532725,32.24811,-36.29848,-52.42834
20880.,-2.104026,-2.269922,-2.129727,-0.355899,32.24634,-36.30074,-52.43046
20890.,-2.10664,-2.272541,-2.132341,-0.3585228,32.24457,-36.303,-52.43258
20900.,-2.109252,-2.275158,-2.134952,-0.3611438,32.2428,-36.30525,-52.4347
20910.,-2.111861,-2.277772,-2.13756,-0.3637622,32.24104,-36.3075,-52.43682
20920.,-2.114468,-2.280383,-2.140165,-0.3663778,32.23928,-36.30975,-52.43894
20930.,-2.117072,-2.282992,-2.142768,-0.3689907,32.23752,-36.31199,-52.44105
20940.,-2.119673,-2.285598,-2.145368,-0.371601,32.23576,-36.31424,-52.44317
20950.,-2.122271,-2.288201,-2.147965,-0.3742085,32.23401,-36.31648,-52.44527
20960.,-2.124867,-2.290801,-2.15056,-0.3768134,32.23225,-36.31872,-52.44738
20970.,-2.12746,-2.293399,-2.153152,-0.3794156,32.2305,-36.32095,-52.44949
20980.,-2.130051,-2.295994,-2.155741,-0.3820151,32.22875,-36.32319,-52.45159
20990.,-2.132639,-2.298587,-2.158328,-0.3846119,32.227,-36.32542,-52.45369
21000.,-2.135224,-2.301176,-2.160912,-0.387206,32.22525,-36.32765,-52.45579
21010.,-2.137806,-2.303764,-2.163493,-0.3897975,32.22351,-36.32988,-52.45789
21020.,-2.140386,-2.306348,-2.166072,-0.3923863,32.22176,-36.3321,-52.45998
21030.,-2.142963,-2.30893,-2.168648,-0.3949724,32.22002,-36.33432,-52.46208
21040.,-2.145537,-2.311509,-2.171221,-0.3975559,32.21828,-36.33655,-52.46417
21050.,-2.148109,-2.314085,-2.173792,-0.4001366,32.21654,-36.33876,-52.46625
21060.,-2.150678,-2.316659,-2.17636,-0.4027148,32.21481,-36.34098,-52.46834
21070.,-2.153245,-2.31923,-2.178925,-0.4052902,32.21307,-36.34319,-52.47042
21080.,-2.155809,-2.321799,-2.181488,-0.4078631,32.21134,-36.3454,-52.47251
21090.,-2.15837,-2.324365,-2.184048,-0.4104332,32.20961,-36.34761,-52.47458
21100.,-2.160929,-2.326928,-2.186605,-0.4130007,32.20788,-36.34982,-52.47666
21110.,-2.163485,-2.329488,-2.18916,-0.4155656,32.20616,-36.35202,-52.47874
21120.,-2.166038,-2.332046,-2.191712,-0.4181278,32.20443,-36.35423,-52.48081
21130.,-2.168589,-2.334602,-2.194262,-0.4206874,32.20271,-36.35643,-52.48288
21140.,-2.171137,-2.337154,-2.196809,-0.4232443,32.20099,-36.35862,-52.48495
21150.,-2.173682,-2.339704,-2.199353,-0.4257986,32.19927,-36.36082,-52.48702
21160.,-2.176225,-2.342252,-2.201895,-0.4283503,32.19755,-36.36301,-52.48908
21170.,-2.178765,-2.344796,-2.204434,-0.4308993,32.19583,-36.3652,-52.49114
21180.,-2.181303,-2.347339,-2.20697,-0.4334457,32.19412,-36.36739,-52.4932
21190.,-2.183838,-2.349878,-2.209504,-0.4359895,32.1924,-36.36958,-52.49526
21200.,-2.18637,-2.352415,-2.212035,-0.4385307,32.19069,-36.37176,-52.49732
21210.,-2.1889,-2.354949,-2.214564,-0.4410692,32.18899,-36.37395,-52.49937
21220.,-2.191427,-2.357481,-2.21709,-0.4436051,32.18728,-36.37612,-52.50142
21230.,-2.193951,-2.36001,-2.219613,-0.4461385,32.18557,-36.3783,-52.50347
21240.,-2.196473,-2.362536,-2.222134,-0.4486692,32.18387,-36.38048,-52.50552
21250.,-2.198992,-2.36506,-2.224652,-0.4511973,32.18217,-36.38265,-52.50757
21260.,-2.201509,-2.367582,-2.227168,-0.4537227,32.18047,-36.38482,-52.50961
21270.,-2.204023,-2.3701,-2.229681,-0.4562456,32.17877,-36.38699,-52.51165
21280.,-2.206535,-2.372616,-2.232191,-0.4587659,32.17707,-36.38916,-52.51369
21290.,-2.209044,-2.37513,-2.234699,-0.4612836,32.17538,-36.39132,-52.51573
21300.,-2.21155,-2.377641,-2.237204,-0.4637987,32.17368,-36.39348,-52.51776
21310.,-2.214054,-2.380149,-2.239707,-0.4663112,32.17199,-36.39564,-52.5198
21320.,-2.216555,-2.382655,-2.242207,-0.4688211,32.1703,-36.3978,-52.52183
21330.,-2.219054,-2.385158,-2.244704,-0.4713284,32.16862,-36.39995,-52.52386
21340.,-2.22155,-2.387658,-2.247199,-0.4738332,32.16693,-36.40211,-52.52588
21350.,-2.224043,-2.390156,-2.249692,-0.4763353,32.16525,-36.40426,-52.52791
21360.,-2.226534,-2.392652,-2.252181,-0.4788349,32.16356,-36.4064,-52.52993
21370.,-2.229022,-2.395145,-2.254669,-0.4813319,32.16188,-36.40855,-52.53195
21380.,-2.231508,-2.397635,-2.257153,-0.4838263,32.1602,-36.41069,-52.53397
21390.,-2.233991,-2.400123,-2.259635,-0.4863182,32.15853,-36.41284,-52.53598
21400.,-2.236472,-2.402608,-2.262115,-0.4888075,32.15685,-36.41498,-52.538
21410.,-2.23895,-2.40509,-2.264592,-0.4912942,32.15518,-36.41711,-52.54001
21420.,-2.241426,-2.40757,-2.267066,-0.4937784,32.1535,-36.41925,-52.54202
21430.,-2.243899,-2.410048,-2.269538,-0.49626,32.15183,-36.42138,-52.54403
21440.,-2.246369,-2.412523,-2.272008,-0.4987391,32.15017,-36.42351,-52.54603
21450.,-2.248837,-2.414995,-2.274474,-0.5012156,32.1485,-36.42564,-52.54804
21460.,-2.251302,-2.417465,-2.276939,-0.5036895,32.14683,-36.42777,-52.55004
21470.,-2.253765,-2.419932,-2.2794,-0.5061609,32.14517,-36.42989,-52.55204
21480.,-2.256225,-2.422397,-2.28186,-0.5086298,32.14351,-36.43201,-52.55404
21490.,-2.258683,-2.424859,-2.284316,-0.5110961,32.14185,-36.43413,-52.55603
21500.,-2.261138,-2.427319,-2.28677,-0.5135598,32.14019,-36.43625,-52.55802
21510.,-2.263591,-2.429776,-2.289222,-0.5160211,32.13854,-36.43837,-52.56002
21520.,-2.266041,-2.43223,-2.291671,-0.5184798,32.13688,-36.44048,-52.56201
21530.,-2.268489,-2.434682,-2.294118,-0.5209359,32.13523,-36.44259,-52.56399
21540.,-2.270934,-2.437132,-2.296562,-0.5233896,32.13358,-36.4447,-52.56598
21550.,-2.273376,-2.439579,-2.299003,-0.5258407,32.13193,-36.44681,-52.56796
21560.,-2.275817,-2.442023,-2.301442,-0.5282892,32.13028,-36.44891,-52.56994
21570.,-2.278254,-2.444465,-2.303879,-0.5307353,32.12863,-36.45101,-52.57192
21580.,-2.280689,-2.446905,-2.306313,-0.5331788,32.12699,-36.45311,-52.5739
21590.,-2.283122,-2.449342,-2.308744,-0.5356199,32.12535,-36.45521,-52.57587
21600.,-2.285552,-2.451776,-2.311173,-0.5380584,32.12371,-36.45731,-52.57785
21610.,-2.287979,-2.454208,-2.3136,-0.5404944,32.12207,-36.4594,-52.57982
21620.,-2.290404,-2.456638,-2.316023,-0.5429279,32.12043,-36.46149,-52.58179
21630.,-2.292827,-2.459065,-2.318445,-0.5453589,32.11879,-36.46358,-52.58375
21640.,-2.295247,-2.461489,-2.320864,-0.5477873,32.11716,-36.46567,-52.58572
21650.,-2.297664,-2.463911,-2.32328,-0.5502133,32.11553,-36.46775,-52.58768
21660.,-2.30008,-2.46633,-2.325694,-0.5526368,32.1139,-36.46984,-52.58964
21670.,-2.302492,-2.468747,-2.328106,-0.5550578,32.11227,-36.47192,-52.5916
21680.,-2.304902,-2.471162,-2.330515,-0.5574763,32.11064,-36.474,-52.59356
21690.,-2.30731,-2.473574,-2.332922,-0.5598923,32.10902,-36.47607,-52.59551
21700.,-2.309715,-2.475983,-2.335326,-0.5623058,32.10739,-36.47815,-52.59747
21710.,-2.312118,-2.47839,-2.337727,-0.5647168,32.10577,-36.48022,-52.59942
21720.,-2.314518,-2.480795,-2.340126,-0.5671254,32.10415,-36.48229,-52.60137
21730.,-2.316916,-2.483197,-2.342523,-0.5695315,32.10253,-36.48436,-52.60331
21740.,-2.319311,-2.485596,-2.344917,-0.5719351,32.10091,-36.48642,-52.60526
21750.,-2.321704,-2.487994,-2.347309,-0.5743362,32.0993,-36.48849,-52.6072
21760.,-2.324094,-2.490388,-2.349698,-0.5767348,32.09768,-36.49055,-52.60914
21770.,-2.326482,-2.49278,-2.352085,-0.579131,32.09607,-36.49261,-52.61108
21780.,-2.328867,-2.49517,-2.354469,-0.5815247,32.09446,-36.49466,-52.61302
21790.,-2.33125,-2.497557,-2.356851,-0.583916,32.09285,-36.49672,-52.61495
21800.,-2.333631,-2.499942,-2.359231,-0.5863048,32.09125,-36.49877,-52.61688
21810.,-2.336009,-2.502325,-2.361608,-0.5886911,32.08964,-36.50082,-52.61881
21820.,-2.338384,-2.504704,-2.363982,-0.591075,32.08804,-36.50287,-52.62074
21830.,-2.340757,-2.507082,-2.366354,-0.5934564,32.08644,-36.50492,-52.62267
21840.,-2.343128,-2.509457,-2.368724,-0.5958353,32.08483,-36.50696,-52.62459
21850.,-2.345496,-2.51183,-2.371091,-0.5982119,32.08324,-36.50901,-52.62652
21860.,-2.347862,-2.5142,-2.373456,-0.6005859,32.08164,-36.51105,-52.62844
21870.,-2.350226,-2.516567,-2.375818,-0.6029576,32.08004,-36.51309,-52.63036
21880.,-2.352587,-2.518933,-2.378178,-0.6053268,32.07845,-36.51512,-52.63227
21890.,-2.354945,-2.521295,-2.380536,-0.6076935,32.07686,-36.51716,-52.63419
21900.,-2.357301,-2.523656,-2.382891,-0.6100578,32.07527,-36.51919,-52.6361
21910.,-2.359655,-2.526014,-2.385243,-0.6124197,32.07368,-36.52122,-52.63801
21920.,-2.362006,-2.528369,-2.387594,-0.6147792,32.07209,-36.52325,-52.63992
21930.,-2.364355,-2.530722,-2.389941,-0.6171362,32.07051,-36.52527,-52.64183
21940.,-2.366701,-2.533073,-2.392287,-0.6194908,32.06892,-36.5273,-52.64373
21950.,-2.369045,-2.535421,-2.39463,-0.6218429,32.06734,-36.52932,-52.64564
21960.,-2.371387,-2.537767,-2.39697,-0.6241927,32.06576,-36.53134,-52.64754
21970.,-2.373726,-2.540111,-2.399309,-0.62654,32.06418,-36.53335,-52.64944
21980.,-2.376063,-2.542452,-2.401644,-0.628885,32.0626,-36.53537,-52.65134
21990.,-2.378397,-2.54479,-2.403978,-0.6312275,32.06103,-36.53738,-52.65323
22000.,-2.380729,-2.547126,-2.406309,-0.6335676,32.05946,-36.53939,-52.65512
22010.,-2.383059,-2.54946,-2.408637,-0.6359053,32.05788,-36.5414,-52.65702
22020.,-2.385386,-2.551792,-2.410963,-0.6382405,32.05631,-36.54341,-52.65891
22030.,-2.387711,-2.554121,-2.413287,-0.6405734,32.05474,-36.54542,-52.66079
22040.,-2.390033,-2.556447,-2.415608,-0.6429039,32.05318,-36.54742,-52.66268
22050.,-2.392353,-2.558772,-2.417927,-0.645232,32.05161,-36.54942,-52.66456
22060.,-2.394671,-2.561093,-2.420244,-0.6475577,32.05005,-36.55142,-52.66644
22070.,-2.396986,-2.563413,-2.422558,-0.649881,32.04848,-36.55342,-52.66832
22080.,-2.399299,-2.56573,-2.42487,-0.6522019,32.04692,-36.55541,-52.6702
22090.,-2.40161,-2.568045,-2.427179,-0.6545204,32.04536,-36.5574,-52.67208
22100.,-2.403918,-2.570357,-2.429487,-0.6568366,32.04381,-36.55939,-52.67395
22110.,-2.406223,-2.572667,-2.431791,-0.6591503,32.04225,-36.56138,-52.67582
22120.,-2.408527,-2.574974,-2.434094,-0.6614617,32.0407,-36.56337,-52.67769
22130.,-2.410828,-2.577279,-2.436394,-0.6637707,32.03914,-36.56535,-52.67956
22140.,-2.413126,-2.579582,-2.438691,-0.6660773,32.03759,-36.56734,-52.68143
22150.,-2.415423,-2.581883,-2.440986,-0.6683816,32.03604,-36.56932,-52.68329
22160.,-2.417717,-2.584181,-2.443279,-0.6706834,32.0345,-36.57129,-52.68515
22170.,-2.420008,-2.586476,-2.44557,-0.672983,32.03295,-36.57327,-52.68702
22180.,-2.422297,-2.58877,-2.447858,-0.6752801,32.0314,-36.57524,-52.68887
22190.,-2.424584,-2.591061,-2.450144,-0.6775749,32.02986,-36.57722,-52.69073
22200.,-2.426869,-2.593349,-2.452427,-0.6798673,32.02832,-36.57919,-52.69259
22210.,-2.429151,-2.595636,-2.454708,-0.6821574,32.02678,-36.58116,-52.69444
22220.,-2.431431,-2.59792,-2.456987,-0.6844451,32.02524,-36.58312,-52.69629
22230.,-2.433708,-2.600201,-2.459264,-0.6867305,32.02371,-36.58509,-52.69814
22240.,-2.435983,-2.60248,-2.461538,-0.6890135,32.02217,-36.58705,-52.69999
22250.,-2.438256,-2.604757,-2.463809,-0.6912941,32.02064,-36.58901,-52.70183
22260.,-2.440526,-2.607032,-2.466079,-0.6935724,32.01911,-36.59097,-52.70367
22270.,-2.442794,-2.609304,-2.468346,-0.6958484,32.01758,-36.59292,-52.70552
22280.,-2.44506,-2.611574,-2.470611,-0.6981221,32.01605,-36.59488,-52.70736
22290.,-2.447324,-2.613841,-2.472873,-0.7003934,32.01452,-36.59683,-52.70919
22300.,-2.449585,-2.616107,-2.475133,-0.7026623,32.01299,-36.59878,-52.71103
22310.,-2.451843,-2.61837,-2.477391,-0.7049289,32.01147,-36.60073,-52.71286
22320.,-2.4541,-2.62063,-2.479646,-0.7071932,32.00995,-36.60267,-52.7147
22330.,-2.456354,-2.622888,-2.4819,-0.7094552,32.00843,-36.60462,-52.71653
22340.,-2.458606,-2.625144,-2.48415,-0.7117149,32.00691,-36.60656,-52.71835
22350.,-2.460855,-2.627398,-2.486399,-0.7139722,32.00539,-36.6085,-52.72018
22360.,-2.463102,-2.629649,-2.488645,-0.7162272,32.00387,-36.61044,-52.722
22370.,-2.465347,-2.631898,-2.490889,-0.7184799,32.00236,-36.61237,-52.72383
22380.,-2.46759,-2.634145,-2.49313,-0.7207302,32.00085,-36.61431,-52.72565
22390.,-2.46983,-2.636389,-2.49537,-0.7229783,31.99934,-36.61624,-52.72747
22400.,-2.472068,-2.638631,-2.497607,-0.725224,31.99783,-36.61817,-52.72928
22410.,-2.474304,-2.640871,-2.499841,-0.7274675,31.99632,-36.6201,-52.7311
22420.,-2.476537,-2.643108,-2.502074,-0.7297086,31.99481,-36.62202,-52.73291
22430.,-2.478768,-2.645343,-2.504304,-0.7319474,31.99331,-36.62395,-52.73472
22440.,-2.480997,-2.647576,-2.506532,-0.734184,31.9918,-36.62587,-52.73653
22450.,-2.483224,-2.649807,-2.508757,-0.7364182,31.9903,-36.62779,-52.73834
22460.,-2.485448,-2.652035,-2.51098,-0.7386501,31.9888,-36.62971,-52.74015
22470.,-2.48767,-2.654261,-2.513201,-0.7408797,31.9873,-36.63163,-52.74195
22480.,-2.489889,-2.656485,-2.51542,-0.7431071,31.98581,-36.63354,-52.74375
22490.,-2.492107,-2.658706,-2.517636,-0.7453321,31.98431,-36.63545,-52.74555
22500.,-2.494322,-2.660925,-2.51985,-0.7475549,31.98282,-36.63736,-52.74735
22510.,-2.496534,-2.663142,-2.522062,-0.7497754,31.98132,-36.63927,-52.74915
22520.,-2.498745,-2.665356,-2.524272,-0.7519936,31.97983,-36.64118,-52.75094
22530.,-2.500953,-2.667569,-2.526479,-0.7542095,31.97834,-36.64308,-52.75274
22540.,-2.503159,-2.669779,-2.528684,-0.7564232,31.97686,-36.64498,-52.75453
22550.,-2.505363,-2.671986,-2.530887,-0.7586345,31.97537,-36.64688,-52.75632
22560.,-2.507564,-2.674192,-2.533087,-0.7608436,31.97388,-36.64878,-52.7581
22570.,-2.509764,-2.676395,-2.535285,-0.7630505,31.9724,-36.65068,-52.75989
22580.,-2.51196,-2.678596,-2.537481,-0.765255,31.97092,-36.65257,-52.76167
22590.,-2.514155,-2.680795,-2.539675,-0.7674573,31.96944,-36.65447,-52.76346
22600.,-2.516348,-2.682991,-2.541866,-0.7696574,31.96796,-36.65636,-52.76524
22610.,-2.518538,-2.685185,-2.544056,-0.7718551,31.96648,-36.65825,-52.76701
22620.,-2.520726,-2.687377,-2.546243,-0.7740506,31.96501,-36.66013,-52.76879
22630.,-2.522911,-2.689567,-2.548427,-0.7762439,31.96353,-36.66202,-52.77056
22640.,-2.525095,-2.691754,-2.55061,-0.7784349,31.96206,-36.6639,-52.77234
22650.,-2.527276,-2.693939,-2.55279,-0.7806237,31.96059,-36.66578,-52.77411
22660.,-2.529455,-2.696122,-2.554968,-0.7828102,31.95912,-36.66766,-52.77588
22670.,-2.531632,-2.698303,-2.557144,-0.7849944,31.95765,-36.66954,-52.77764
22680.,-2.533806,-2.700481,-2.559317,-0.7871764,31.95619,-36.67141,-52.77941
22690.,-2.535978,-2.702657,-2.561488,-0.7893562,31.95472,-36.67329,-52.78117
22700.,-2.538148,-2.704831,-2.563657,-0.7915338,31.95326,-36.67516,-52.78294
22710.,-2.540316,-2.707003,-2.565824,-0.793709,31.9518,-36.67703,-52.7847
22720.,-2.542482,-2.709172,-2.567989,-0.7958821,31.95034,-36.6789,-52.78645
22730.,-2.544645,-2.71134,-2.570151,-0.7980529,31.94888,-36.68076,-52.78821
22740.,-2.546806,-2.713505,-2.572311,-0.8002215,31.94742,-36.68263,-52.78996
22750.,-2.548965,-2.715668,-2.574469,-0.8023879,31.94597,-36.68449,-52.79172
22760.,-2.551121,-2.717828,-2.576625,-0.8045521,31.94451,-36.68635,-52.79347
22770.,-2.553276,-2.719987,-2.578778,-0.806714,31.94306,-36.68821,-52.79522
22780.,-2.555428,-2.722143,-2.58093,-0.8088737,31.94161,-36.69006,-52.79697
22790.,-2.557578,-2.724297,-2.583079,-0.8110312,31.94016,-36.69192,-52.79871
22800.,-2.559726,-2.726448,-2.585226,-0.8131865,31.93871,-36.69377,-52.80045
22810.,-2.561872,-2.728598,-2.58737,-0.8153395,31.93726,-36.69562,-52.8022
22820.,-2.564015,-2.730745,-2.589513,-0.8174904,31.93582,-36.69747,-52.80394
22830.,-2.566156,-2.73289,-2.591653,-0.819639,31.93437,-36.69931,-52.80568
22840.,-2.568295,-2.735033,-2.593791,-0.8217854,31.93293,-36.70116,-52.80741
22850.,-2.570432,-2.737174,-2.595927,-0.8239297,31.93149,-36.703,-52.80915
22860.,-2.572567,-2.739312,-2.59806,-0.8260717,31.93005,-36.70484,-52.81088
22870.,-2.574699,-2.741449,-2.600192,-0.8282115,31.92861,-36.70668,-52.81261
22880.,-2.576829,-2.743583,-2.602321,-0.8303491,31.92718,-36.70852,-52.81434
22890.,-2.578957,-2.745715,-2.604448,-0.8324846,31.92574,-36.71035,-52.81607
22900.,-2.581083,-2.747844,-2.606573,-0.8346178,31.92431,-36.71219,-52.8178
22910.,-2.583207,-2.749972,-2.608696,-0.8367489,31.92288,-36.71402,-52.81952
22920.,-2.585328,-2.752097,-2.610817,-0.8388777,31.92145,-36.71585,-52.82124
22930.,-2.587448,-2.75422,-2.612935,-0.8410044,31.92002,-36.71768,-52.82296
22940.,-2.589565,-2.756341,-2.615051,-0.8431289,31.91859,-36.7195,-52.82468
22950.,-2.59168,-2.75846,-2.617165,-0.8452512,31.91717,-36.72133,-52.8264
22960.,-2.593793,-2.760577,-2.619277,-0.8473713,31.91574,-36.72315,-52.82811
22970.,-2.595903,-2.762691,-2.621387,-0.8494893,31.91432,-36.72497,-52.82983
22980.,-2.598012,-2.764804,-2.623494,-0.8516051,31.9129,-36.72679,-52.83154
22990.,-2.600118,-2.766914,-2.6256,-0.8537187,31.91148,-36.7286,-52.83325
23000.,-2.602222,-2.769022,-2.627703,-0.8558301,31.91006,-36.73042,-52.83496
23010.,-2.604324,-2.771128,-2.629804,-0.8579394,31.90864,-36.73223,-52.83666
23020.,-2.606424,-2.773231,-2.631903,-0.8600465,31.90723,-36.73404,-52.83837
23030.,-2.608522,-2.775333,-2.633999,-0.8621514,31.90581,-36.73585,-52.84007
23040.,-2.610617,-2.777432,-2.636094,-0.8642542,31.9044,-36.73766,-52.84177
23050.,-2.61271,-2.779529,-2.638186,-0.8663549,31.90299,-36.73946,-52.84347
23060.,-2.614802,-2.781624,-2.640277,-0.8684533,31.90158,-36.74127,-52.84517
23070.,-2.616891,-2.783717,-2.642365,-0.8705496,31.90017,-36.74307,-52.84687
23080.,-2.618978,-2.785808,-2.644451,-0.8726438,31.89876,-36.74487,-52.84856
23090.,-2.621062,-2.787896,-2.646535,-0.8747358,31.89736,-36.74667,-52.85025
23100.,-2.623145,-2.789983,-2.648616,-0.8768257,31.89596,-36.74846,-52.85195
23110.,-2.625226,-2.792067,-2.650696,-0.8789134,31.89455,-36.75026,-52.85364
23120.,-2.627304,-2.794149,-2.652773,-0.880999,31.89315,-36.75205,-52.85532
23130.,-2.62938,-2.796229,-2.654849,-0.8830824,31.89175,-36.75384,-52.85701
23140.,-2.631454,-2.798307,-2.656922,-0.8851637,31.89036,-36.75563,-52.85869
23150.,-2.633526,-2.800383,-2.658993,-0.8872429,31.88896,-36.75742,-52.86037
23160.,-2.635596,-2.802457,-2.661062,-0.8893199,31.88756,-36.7592,-52.86205
23170.,-2.637664,-2.804528,-2.663129,-0.8913948,31.88617,-36.76098,-52.86373
23180.,-2.639729,-2.806598,-2.665193,-0.8934676,31.88478,-36.76277,-52.86541
23190.,-2.641793,-2.808665,-2.667256,-0.8955382,31.88339,-36.76455,-52.86709
23200.,-2.643854,-2.81073,-2.669316,-0.8976067,31.882,-36.76632,-52.86876
23210.,-2.645913,-2.812793,-2.671375,-0.8996731,31.88061,-36.7681,-52.87043
23220.,-2.647971,-2.814854,-2.673431,-0.9017374,31.87922,-36.76987,-52.8721
23230.,-2.650026,-2.816913,-2.675485,-0.9037996,31.87784,-36.77165,-52.87377
23240.,-2.652079,-2.818969,-2.677537,-0.9058596,31.87646,-36.77342,-52.87544
23250.,-2.654129,-2.821024,-2.679587,-0.9079175,31.87507,-36.77518,-52.8771
23260.,-2.656178,-2.823076,-2.681635,-0.9099733,31.87369,-36.77695,-52.87877
23270.,-2.658225,-2.825127,-2.68368,-0.912027,31.87231,-36.77872,-52.88043
23280.,-2.660269,-2.827175,-2.685724,-0.9140786,31.87094,-36.78048,-52.88209
23290.,-2.662312,-2.829221,-2.687765,-0.9161281,31.86956,-36.78224,-52.88375
23300.,-2.664352,-2.831265,-2.689805,-0.9181755,31.86818,-36.784,-52.8854
23310.,-2.66639,-2.833307,-2.691842,-0.9202208,31.86681,-36.78576,-52.88706
23320.,-2.668426,-2.835347,-2.693877,-0.922264,31.86544,-36.78751,-52.88871
23330.,-2.67046,-2.837384,-2.695911,-0.9243051,31.86407,-36.78927,-52.89036
23340.,-2.672492,-2.83942,-2.697942,-0.9263441,31.8627,-36.79102,-52.89201
23350.,-2.674522,-2.841454,-2.699971,-0.928381,31.86133,-36.79277,-52.89366
23360.,-2.67655,-2.843485,-2.701997,-0.9304158,31.85996,-36.79452,-52.89531
23370.,-2.678576,-2.845515,-2.704022,-0.9324485,31.8586,-36.79627,-52.89695
23380.,-2.680599,-2.847542,-2.706045,-0.9344792,31.85724,-36.79801,-52.89859
23390.,-2.682621,-2.849567,-2.708066,-0.9365078,31.85587,-36.79976,-52.90024
23400.,-2.68464,-2.85159,-2.710084,-0.9385342,31.85451,-36.8015,-52.90187
23410.,-2.686658,-2.853611,-2.712101,-0.9405586,31.85315,-36.80324,-52.90351
23420.,-2.688673,-2.85563,-2.714115,-0.942581,31.8518,-36.80498,-52.90515
23430.,-2.690686,-2.857647,-2.716128,-0.9446012,31.85044,-36.80671,-52.90678
23440.,-2.692697,-2.859662,-2.718138,-0.9466194,31.84908,-36.80845,-52.90842
23450.,-2.694707,-2.861675,-2.720146,-0.9486355,31.84773,-36.81018,-52.91005
23460.,-2.696714,-2.863686,-2.722152,-0.9506496,31.84638,-36.81191,-52.91168
23470.,-2.698719,-2.865695,-2.724156,-0.9526615,31.84503,-36.81364,-52.91331
23480.,-2.700722,-2.867701,-2.726159,-0.9546715,31.84368,-36.81537,-52.91493
23490.,-2.702723,-2.869706,-2.728159,-0.9566793,31.84233,-36.81709,-52.91656
23500.,-2.704721,-2.871708,-2.730157,-0.9586851,31.84098,-36.81882,-52.91818
23510.,-2.706718,-2.873709,-2.732152,-0.9606888,31.83964,-36.82054,-52.9198
23520.,-2.708713,-2.875707,-2.734146,-0.9626905,31.83829,-36.82226,-52.92142
23530.,-2.710706,-2.877704,-2.736138,-0.9646901,31.83695,-36.82398,-52.92304
23540.,-2.712696,-2.879698,-2.738128,-0.9666877,31.83561,-36.82569,-52.92465
23550.,-2.714685,-2.88169,-2.740116,-0.9686833,31.83427,-36.82741,-52.92627
23560.,-2.716672,-2.88368,-2.742101,-0.9706767,31.83293,-36.82912,-52.92788
23570.,-2.718656,-2.885668,-2.744085,-0.9726682,31.8316,-36.83083,-52.92949
23580.,-2.720639,-2.887655,-2.746067,-0.9746576,31.83026,-36.83254,-52.9311
23590.,-2.722619,-2.889639,-2.748046,-0.9766449,31.82893,-36.83425,-52.93271
23600.,-2.724598,-2.891621,-2.750024,-0.9786302,31.82759,-36.83596,-52.93432
23610.,-2.726574,-2.893601,-2.751999,-0.9806135,31.82626,-36.83766,-52.93592
23620.,-2.728549,-2.895579,-2.753973,-0.9825948,31.82493,-36.83936,-52.93752
23630.,-2.730521,-2.897555,-2.755944,-0.984574,31.8236,-36.84107,-52.93913
23640.,-2.732491,-2.899529,-2.757914,-0.9865512,31.82227,-36.84277,-52.94073
23650.,-2.73446,-2.901501,-2.759881,-0.9885264,31.82095,-36.84446,-52.94232
23660.,-2.736426,-2.903471,-2.761847,-0.9904995,31.81962,-36.84616,-52.94392
23670.,-2.73839,-2.905439,-2.76381,-0.9924706,31.8183,-36.84785,-52.94551
23680.,-2.740353,-2.907404,-2.765772,-0.9944397,31.81698,-36.84954,-52.94711
23690.,-2.742313,-2.909368,-2.767731,-0.9964068,31.81566,-36.85124,-52.9487
23700.,-2.744271,-2.91133,-2.769689,-0.9983718,31.81434,-36.85292,-52.95029
23710.,-2.746227,-2.91329,-2.771644,-1.000335,31.81302,-36.85461,-52.95188
23720.,-2.748182,-2.915248,-2.773597,-1.002296,31.81171,-36.8563,-52.95346
23730.,-2.750134,-2.917204,-2.775549,-1.004255,31.81039,-36.85798,-52.95505
23740.,-2.752084,-2.919158,-2.777498,-1.006212,31.80908,-36.85966,-52.95663
23750.,-2.754032,-2.921109,-2.779445,-1.008167,31.80776,-36.86134,-52.95821
23760.,-2.755979,-2.923059,-2.781391,-1.01012,31.80645,-36.86302,-52.9598
23770.,-2.757923,-2.925007,-2.783334,-1.012071,31.80514,-36.8647,-52.96137
23780.,-2.759865,-2.926953,-2.785276,-1.01402,31.80384,-36.86637,-52.96295
23790.,-2.761806,-2.928897,-2.787215,-1.015967,31.80253,-36.86805,-52.96453
23800.,-2.763744,-2.930838,-2.789153,-1.017912,31.80122,-36.86972,-52.9661
23810.,-2.76568,-2.932778,-2.791088,-1.019855,31.79992,-36.87139,-52.96767
23820.,-2.767614,-2.934716,-2.793021,-1.021796,31.79862,-36.87306,-52.96924
23830.,-2.769547,-2.936652,-2.794953,-1.023735,31.79732,-36.87472,-52.97081
23840.,-2.771477,-2.938586,-2.796882,-1.025672,31.79602,-36.87639,-52.97238
23850.,-2.773406,-2.940518,-2.79881,-1.027607,31.79472,-36.87805,-52.97394
23860.,-2.775332,-2.942448,-2.800735,-1.02954,31.79342,-36.87971,-52.97551
23870.,-2.777256,-2.944376,-2.802659,-1.031471,31.79212,-36.88137,-52.97707
23880.,-2.779179,-2.946302,-2.804581,-1.0334,31.79083,-36.88303,-52.97863
23890.,-2.781099,-2.948226,-2.8065,-1.035328,31.78954,-36.88468,-52.98019
23900.,-2.783018,-2.950148,-2.808418,-1.037253,31.78824,-36.88634,-52.98175
23910.,-2.784934,-2.952068,-2.810334,-1.039176,31.78695,-36.88799,-52.9833
23920.,-2.786849,-2.953986,-2.812247,-1.041097,31.78566,-36.88964,-52.98486
23930.,-2.788762,-2.955902,-2.814159,-1.043016,31.78437,-36.89129,-52.98641
23940.,-2.790672,-2.957816,-2.816069,-1.044934,31.78309,-36.89294,-52.98796
23950.,-2.792581,-2.959728,-2.817977,-1.046849,31.7818,-36.89459,-52.98951
23960.,-2.794488,-2.961639,-2.819883,-1.048762,31.78052,-36.89623,-52.99106
23970.,-2.796393,-2.963547,-2.821787,-1.050674,31.77924,-36.89787,-52.99261
23980.,-2.798295,-2.965453,-2.823689,-1.052583,31.77795,-36.89951,-52.99415
23990.,-2.800196,-2.967358,-2.825589,-1.054491,31.77667,-36.90115,-52.9957
24000.,-2.802095,-2.96926,-2.827487,-1.056396,31.7754,-36.90279,-52.99724
24010.,-2.803992,-2.971161,-2.829383,-1.0583,31.77412,-36.90443,-52.99878
24020.,-2.805887,-2.973059,-2.831277,-1.060201,31.77284,-36.90606,-53.00032
24030.,-2.80778,-2.974956,-2.83317,-1.062101,31.77157,-36.90769,-53.00185
24040.,-2.809672,-2.97685,-2.83506,-1.063999,31.77029,-36.90933,-53.00339
24050.,-2.811561,-2.978743,-2.836948,-1.065895,31.76902,-36.91095,-53.00492
24060.,-2.813448,-2.980634,-2.838835,-1.067788,31.76775,-36.91258,-53.00646
24070.,-2.815334,-2.982523,-2.840719,-1.06968,31.76648,-36.91421,-53.00799
24080.,-2.817217,-2.98441,-2.842602,-1.07157,31.76521,-36.91583,-53.00952
24090.,-2.819099,-2.986295,-2.844483,-1.073458,31.76395,-36.91745,-53.01104
24100.,-2.820978,-2.988178,-2.846361,-1.075345,31.76268,-36.91908,-53.01257
24110.,-2.822856,-2.990059,-2.848238,-1.077229,31.76142,-36.92069,-53.01409
24120.,-2.824732,-2.991938,-2.850113,-1.079111,31.76015,-36.92231,-53.01562
24130.,-2.826605,-2.993815,-2.851986,-1.080991,31.75889,-36.92393,-53.01714
24140.,-2.828477,-2.99569,-2.853857,-1.08287,31.75763,-36.92554,-53.01866
24150.,-2.830347,-2.997564,-2.855726,-1.084746,31.75637,-36.92716,-53.02018
24160.,-2.832215,-2.999435,-2.857594,-1.086621,31.75511,-36.92877,-53.02169
24170.,-2.834082,-3.001305,-2.859459,-1.088493,31.75386,-36.93038,-53.02321
24180.,-2.835946,-3.003173,-2.861322,-1.090364,31.7526,-36.93198,-53.02472
24190.,-2.837808,-3.005038,-2.863184,-1.092233,31.75135,-36.93359,-53.02623
24200.,-2.839669,-3.006902,-2.865043,-1.0941,31.7501,-36.93519,-53.02774
24210.,-2.841527,-3.008764,-2.866901,-1.095965,31.74885,-36.9368,-53.02925
24220.,-2.843384,-3.010624,-2.868757,-1.097828,31.7476,-36.9384,-53.03076
24230.,-2.845238,-3.012482,-2.870611,-1.099689,31.74635,-36.94,-53.03227
24240.,-2.847091,-3.014338,-2.872463,-1.101548,31.7451,-36.9416,-53.03377
24250.,-2.848942,-3.016193,-2.874313,-1.103405,31.74385,-36.94319,-53.03527
24260.,-2.850791,-3.018045,-2.876161,-1.105261,31.74261,-36.94479,-53.03677
24270.,-2.852638,-3.019896,-2.878007,-1.107114,31.74137,-36.94638,-53.03827
24280.,-2.854484,-3.021744,-2.879852,-1.108966,31.74012,-36.94797,-53.03977
24290.,-2.856327,-3.023591,-2.881694,-1.110816,31.73888,-36.94956,-53.04127
24300.,-2.858168,-3.025436,-2.883535,-1.112663,31.73764,-36.95115,-53.04276
24310.,-2.860008,-3.027279,-2.885374,-1.114509,31.7364,-36.95273,-53.04426
24320.,-2.861846,-3.02912,-2.887211,-1.116353,31.73517,-36.95432,-53.04575
24330.,-2.863681,-3.030959,-2.889046,-1.118196,31.73393,-36.9559,-53.04724
24340.,-2.865515,-3.032796,-2.890879,-1.120036,31.7327,-36.95748,-53.04873
24350.,-2.867347,-3.034632,-2.89271,-1.121874,31.73146,-36.95906,-53.05022
24360.,-2.869178,-3.036465,-2.894539,-1.123711,31.73023,-36.96064,-53.0517
24370.,-2.871006,-3.038297,-2.896367,-1.125545,31.729,-36.96222,-53.05319
24380.,-2.872832,-3.040127,-2.898192,-1.127378,31.72777,-36.96379,-53.05467
24390.,-2.874657,-3.041955,-2.900016,-1.129209,31.72654,-36.96537,-53.05615
24400.,-2.87648,-3.043781,-2.901838,-1.131038,31.72532,-36.96694,-53.05763
24410.,-2.8783,-3.045605,-2.903658,-1.132865,31.72409,-36.96851,-53.05911
24420.,-2.880119,-3.047427,-2.905476,-1.13469,31.72287,-36.97008,-53.06059
24430.,-2.881937,-3.049248,-2.907293,-1.136514,31.72164,-36.97165,-53.06206
24440.,-2.883752,-3.051066,-2.909107,-1.138335,31.72042,-36.97321,-53.06354
24450.,-2.885565,-3.052883,-2.91092,-1.140155,31.7192,-36.97477,-53.06501
24460.,-2.887377,-3.054698,-2.91273,-1.141973,31.71798,-36.97634,-53.06648
24470.,-2.889186,-3.056511,-2.914539,-1.143789,31.71676,-36.9779,-53.06795
24480.,-2.890994,-3.058322,-2.916346,-1.145603,31.71555,-36.97946,-53.06942
24490.,-2.8928,-3.060131,-2.918151,-1.147415,31.71433,-36.98101,-53.07088
24500.,-2.894604,-3.061939,-2.919955,-1.149225,31.71312,-36.98257,-53.07235
24510.,-2.896407,-3.063744,-2.921756,-1.151034,31.7119,-36.98412,-53.07381
24520.,-2.898207,-3.065548,-2.923556,-1.152841,31.71069,-36.98568,-53.07527
24530.,-2.900006,-3.06735,-2.925354,-1.154645,31.70948,-36.98723,-53.07673
24540.,-2.901802,-3.06915,-2.92715,-1.156448,31.70827,-36.98878,-53.07819
24550.,-2.903597,-3.070948,-2.928944,-1.158249,31.70706,-36.99032,-53.07965
24560.,-2.90539,-3.072744,-2.930736,-1.160049,31.70586,-36.99187,-53.0811
24570.,-2.907182,-3.074539,-2.932526,-1.161846,31.70465,-36.99342,-53.08256
24580.,-2.908971,-3.076332,-2.934315,-1.163642,31.70345,-36.99496,-53.08401
24590.,-2.910759,-3.078123,-2.936102,-1.165436,31.70224,-36.9965,-53.08546
24600.,-2.912544,-3.079912,-2.937887,-1.167227,31.70104,-36.99804,-53.08691
24610.,-2.914328,-3.081699,-2.93967,-1.169018,31.69984,-36.99958,-53.08836
24620.,-2.91611,-3.083484,-2.941451,-1.170806,31.69864,-37.00112,-53.08981
24630.,-2.917891,-3.085268,-2.943231,-1.172592,31.69744,-37.00265,-53.09125
24640.,-2.919669,-3.087049,-2.945008,-1.174377,31.69625,-37.00418,-53.0927
24650.,-2.921446,-3.088829,-2.946784,-1.17616,31.69505,-37.00572,-53.09414
24660.,-2.923221,-3.090607,-2.948558,-1.177941,31.69386,-37.00725,-53.09558
24670.,-2.924994,-3.092384,-2.95033,-1.17972,31.69266,-37.00878,-53.09702
24680.,-2.926765,-3.094158,-2.952101,-1.181497,31.69147,-37.0103,-53.09846
24690.,-2.928534,-3.095931,-2.953869,-1.183272,31.69028,-37.01183,-53.09989
24700.,-2.930302,-3.097701,-2.955636,-1.185046,31.68909,-37.01335,-53.10133
24710.,-2.932067,-3.09947,-2.957401,-1.186818,31.6879,-37.01488,-53.10276
24720.,-2.933831,-3.101238,-2.959164,-1.188588,31.68672,-37.0164,-53.10419
24730.,-2.935593,-3.103003,-2.960925,-1.190356,31.68553,-37.01792,-53.10563
24740.,-2.937354,-3.104767,-2.962685,-1.192123,31.68435,-37.01944,-53.10705
24750.,-2.939112,-3.106528,-2.964443,-1.193887,31.68316,-37.02095,-53.10848
24760.,-2.940869,-3.108288,-2.966199,-1.19565,31.68198,-37.02247,-53.10991
24770.,-2.942624,-3.110046,-2.967953,-1.197411,31.6808,-37.02398,-53.11133
24780.,-2.944377,-3.111803,-2.969705,-1.19917,31.67962,-37.02549,-53.11276
24790.,-2.946129,-3.113557,-2.971456,-1.200928,31.67844,-37.027,-53.11418
24800.,-2.947878,-3.11531,-2.973205,-1.202683,31.67727,-37.02851,-53.1156
24810.,-2.949626,-3.117061,-2.974952,-1.204437,31.67609,-37.03002,-53.11702
24820.,-2.951372,-3.11881,-2.976697,-1.206189,31.67491,-37.03152,-53.11844
24830.,-2.953116,-3.120558,-2.97844,-1.207939,31.67374,-37.03303,-53.11985
24840.,-2.954858,-3.122303,-2.980182,-1.209688,31.67257,-37.03453,-53.12127
24850.,-2.956599,-3.124047,-2.981922,-1.211434,31.6714,-37.03603,-53.12268
24860.,-2.958338,-3.125789,-2.98366,-1.213179,31.67023,-37.03753,-53.12409
24870.,-2.960075,-3.127529,-2.985396,-1.214922,31.66906,-37.03903,-53.1255
24880.,-2.96181,-3.129268,-2.987131,-1.216664,31.66789,-37.04053,-53.12691
24890.,-2.963544,-3.131005,-2.988863,-1.218403,31.66672,-37.04202,-53.12832
24900.,-2.965276,-3.13274,-2.990594,-1.220141,31.66556,-37.04351,-53.12972
24910.,-2.967005,-3.134473,-2.992323,-1.221877,31.6644,-37.04501,-53.13113
24920.,-2.968734,-3.136204,-2.994051,-1.223611,31.66323,-37.0465,-53.13253
24930.,-2.97046,-3.137934,-2.995777,-1.225343,31.66207,-37.04798,-53.13393
24940.,-2.972185,-3.139661,-2.9975,-1.227074,31.66091,-37.04947,-53.13533
24950.,-2.973908,-3.141388,-2.999223,-1.228803,31.65975,-37.05096,-53.13673
24960.,-2.975629,-3.143112,-3.000943,-1.23053,31.65859,-37.05244,-53.13813
24970.,-2.977348,-3.144834,-3.002662,-1.232255,31.65744,-37.05393,-53.13953
24980.,-2.979066,-3.146555,-3.004378,-1.233979,31.65628,-37.05541,-53.14092
24990.,-2.980782,-3.148274,-3.006094,-1.235701,31.65513,-37.05689,-53.14231
25000.,-2.982496,-3.149991,-3.007807,-1.237421,31.65397,-37.05836,-53.14371
25010.,-2.984208,-3.151707,-3.009518,-1.239139,31.65282,-37.05984,-53.1451
25020.,-2.985919,-3.153421,-3.011228,-1.240855,31.65167,-37.06132,-53.14648
25030.,-2.987628,-3.155133,-3.012936,-1.24257,31.65052,-37.06279,-53.14787
25040.,-2.989335,-3.156843,-3.014643,-1.244283,31.64937,-37.06426,-53.14926
25050.,-2.99104,-3.158551,-3.016347,-1.245994,31.64823,-37.06573,-53.15064
25060.,-2.992744,-3.160258,-3.01805,-1.247704,31.64708,-37.0672,-53.15203
25070.,-2.994446,-3.161963,-3.019751,-1.249412,31.64594,-37.06867,-53.15341
25080.,-2.996146,-3.163666,-3.021451,-1.251118,31.64479,-37.07014,-53.15479
25090.,-2.997844,-3.165368,-3.023148,-1.252822,31.64365,-37.0716,-53.15617
25100.,-2.999541,-3.167068,-3.024844,-1.254525,31.64251,-37.07306,-53.15754
25110.,-3.001236,-3.168766,-3.026538,-1.256225,31.64137,-37.07452,-53.15892
25120.,-3.002929,-3.170462,-3.028231,-1.257924,31.64023,-37.07598,-53.1603
25130.,-3.00462,-3.172157,-3.029922,-1.259622,31.63909,-37.07744,-53.16167
25140.,-3.00631,-3.17385,-3.031611,-1.261317,31.63795,-37.0789,-53.16304
25150.,-3.007998,-3.175541,-3.033298,-1.263011,31.63682,-37.08036,-53.16441
25160.,-3.009684,-3.17723,-3.034983,-1.264703,31.63568,-37.08181,-53.16578
25170.,-3.011369,-3.178918,-3.036667,-1.266394,31.63455,-37.08326,-53.16715
25180.,-3.013052,-3.180604,-3.038349,-1.268082,31.63342,-37.08471,-53.16851
25190.,-3.014733,-3.182288,-3.04003,-1.269769,31.63229,-37.08616,-53.16988
25200.,-3.016412,-3.18397,-3.041708,-1.271454,31.63116,-37.08761,-53.17124
25210.,-3.01809,-3.185651,-3.043385,-1.273138,31.63003,-37.08906,-53.1726
25220.,-3.019766,-3.18733,-3.04506,-1.27482,31.6289,-37.0905,-53.17397
25230.,-3.02144,-3.189007,-3.046734,-1.2765,31.62778,-37.09195,-53.17532
25240.,-3.023113,-3.190683,-3.048406,-1.278178,31.62665,-37.09339,-53.17668
25250.,-3.024784,-3.192357,-3.050076,-1.279854,31.62553,-37.09483,-53.17804
25260.,-3.026453,-3.194029,-3.051744,-1.281529,31.62441,-37.09627,-53.17939
25270.,-3.02812,-3.1957,-3.053411,-1.283203,31.62328,-37.09771,-53.18075
25280.,-3.029786,-3.197368,-3.055076,-1.284874,31.62216,-37.09914,-53.1821
25290.,-3.03145,-3.199036,-3.056739,-1.286544,31.62105,-37.10058,-53.18345
25300.,-3.033112,-3.200701,-3.058401,-1.288212,31.61993,-37.10201,-53.1848
25310.,-3.034773,-3.202365,-3.06006,-1.289878,31.61881,-37.10345,-53.18615
25320.,-3.036432,-3.204026,-3.061719,-1.291543,31.61769,-37.10488,-53.1875
25330.,-3.038089,-3.205687,-3.063375,-1.293206,31.61658,-37.10631,-53.18884
25340.,-3.039744,-3.207345,-3.06503,-1.294867,31.61547,-37.10773,-53.19019
25350.,-3.041398,-3.209002,-3.066683,-1.296526,31.61435,-37.10916,-53.19153
25360.,-3.04305,-3.210657,-3.068334,-1.298184,31.61324,-37.11058,-53.19287
25370.,-3.044701,-3.212311,-3.069984,-1.29984,31.61213,-37.11201,-53.19421
25380.,-3.04635,-3.213963,-3.071632,-1.301495,31.61102,-37.11343,-53.19555
25390.,-3.047997,-3.215613,-3.073278,-1.303148,31.60992,-37.11485,-53.19689
25400.,-3.049642,-3.217261,-3.074923,-1.304799,31.60881,-37.11627,-53.19822
25410.,-3.051286,-3.218908,-3.076566,-1.306448,31.6077,-37.11769,-53.19956
25420.,-3.052928,-3.220553,-3.078207,-1.308096,31.6066,-37.1191,-53.20089
25430.,-3.054568,-3.222196,-3.079847,-1.309742,31.6055,-37.12052,-53.20222
25440.,-3.056207,-3.223838,-3.081485,-1.311386,31.6044,-37.12193,-53.20355
25450.,-3.057844,-3.225478,-3.083121,-1.313029,31.60329,-37.12334,-53.20488
25460.,-3.059479,-3.227116,-3.084756,-1.31467,31.60219,-37.12475,-53.20621
25470.,-3.061113,-3.228753,-3.086389,-1.316309,31.6011,-37.12616,-53.20753
25480.,-3.062745,-3.230388,-3.08802,-1.317947,31.6,-37.12757,-53.20886
25490.,-3.064375,-3.232021,-3.08965,-1.319583,31.5989,-37.12897,-53.21018
25500.,-3.066004,-3.233653,-3.091278,-1.321217,31.59781,-37.13038,-53.21151
25510.,-3.067631,-3.235283,-3.092904,-1.32285,31.59671,-37.13178,-53.21283
25520.,-3.069256,-3.236911,-3.094528,-1.324481,31.59562,-37.13318,-53.21415
25530.,-3.07088,-3.238538,-3.096151,-1.32611,31.59453,-37.13458,-53.21546
25540.,-3.072502,-3.240163,-3.097773,-1.327737,31.59344,-37.13598,-53.21678
25550.,-3.074122,-3.241786,-3.099392,-1.329363,31.59235,-37.13738,-53.2181
25560.,-3.075741,-3.243408,-3.10101,-1.330988,31.59126,-37.13877,-53.21941
25570.,-3.077358,-3.245028,-3.102627,-1.33261,31.59017,-37.14017,-53.22072
25580.,-3.078973,-3.246646,-3.104241,-1.334231,31.58909,-37.14156,-53.22204
25590.,-3.080587,-3.248263,-3.105854,-1.335851,31.588,-37.14295,-53.22335
25600.,-3.082199,-3.249878,-3.107466,-1.337468,31.58692,-37.14434,-53.22465
25610.,-3.08381,-3.251492,-3.109075,-1.339084,31.58583,-37.14573,-53.22596
25620.,-3.085418,-3.253103,-3.110684,-1.340699,31.58475,-37.14712,-53.22727
25630.,-3.087026,-3.254714,-3.11229,-1.342311,31.58367,-37.14851,-53.22857
25640.,-3.088631,-3.256322,-3.113895,-1.343922,31.58259,-37.14989,-53.22988
25650.,-3.090235,-3.257929,-3.115498,-1.345532,31.58151,-37.15127,-53.23118
25660.,-3.091837,-3.259534,-3.117099,-1.347139,31.58044,-37.15265,-53.23248
25670.,-3.093438,-3.261138,-3.118699,-1.348746,31.57936,-37.15403,-53.23378
25680.,-3.095037,-3.262739,-3.120298,-1.35035,31.57829,-37.15541,-53.23508
25690.,-3.096634,-3.26434,-3.121894,-1.351953,31.57721,-37.15679,-53.23637
25700.,-3.09823,-3.265938,-3.123489,-1.353554,31.57614,-37.15817,-53.23767
25710.,-3.099824,-3.267535,-3.125083,-1.355154,31.57507,-37.15954,-53.23896
25720.,-3.101416,-3.269131,-3.126674,-1.356752,31.574,-37.16092,-53.24026
25730.,-3.103007,-3.270725,-3.128264,-1.358348,31.57293,-37.16229,-53.24155
25740.,-3.104596,-3.272317,-3.129853,-1.359943,31.57186,-37.16366,-53.24284
25750.,-3.106184,-3.273907,-3.13144,-1.361536,31.57079,-37.16503,-53.24413
25760.,-3.10777,-3.275496,-3.133025,-1.363127,31.56973,-37.16639,-53.24542
25770.,-3.109354,-3.277083,-3.134609,-1.364717,31.56866,-37.16776,-53.2467
25780.,-3.110937,-3.278669,-3.136191,-1.366305,31.5676,-37.16913,-53.24799
25790.,-3.112518,-3.280253,-3.137771,-1.367892,31.56653,-37.17049,-53.24927
25800.,-3.114098,-3.281835,-3.13935,-1.369476,31.56547,-37.17185,-53.25055
25810.,-3.115675,-3.283416,-3.140927,-1.37106,31.56441,-37.17321,-53.25183
25820.,-3.117252,-3.284995,-3.142502,-1.372641,31.56335,-37.17457,-53.25311
25830.,-3.118826,-3.286573,-3.144076,-1.374222,31.56229,-37.17593,-53.25439
25840.,-3.120399,-3.288149,-3.145649,-1.3758,31.56123,-37.17728,-53.25567
25850.,-3.121971,-3.289723,-3.147219,-1.377377,31.56018,-37.17864,-53.25695
25860.,-3.123541,-3.291296,-3.148789,-1.378952,31.55912,-37.17999,-53.25822
25870.,-3.125109,-3.292867,-3.150356,-1.380526,31.55807,-37.18135,-53.25949
25880.,-3.126675,-3.294436,-3.151922,-1.382098,31.55702,-37.1827,-53.26076
25890.,-3.12824,-3.296004,-3.153486,-1.383668,31.55596,-37.18405,-53.26204
25900.,-3.129804,-3.297571,-3.155049,-1.385237,31.55491,-37.18539,-53.2633
25910.,-3.131366,-3.299135,-3.15661,-1.386804,31.55386,-37.18674,-53.26457
25920.,-3.132926,-3.300698,-3.15817,-1.38837,31.55281,-37.18809,-53.26584
25930.,-3.134485,-3.30226,-3.159728,-1.389934,31.55177,-37.18943,-53.26711
25940.,-3.136042,-3.30382,-3.161284,-1.391496,31.55072,-37.19077,-53.26837
25950.,-3.137597,-3.305378,-3.162839,-1.393057,31.54967,-37.19211,-53.26963
25960.,-3.139151,-3.306935,-3.164392,-1.394616,31.54863,-37.19345,-53.27089
25970.,-3.140703,-3.30849,-3.165943,-1.396174,31.54759,-37.19479,-53.27215
25980.,-3.142254,-3.310044,-3.167493,-1.39773,31.54654,-37.19613,-53.27341
25990.,-3.143803,-3.311595,-3.169042,-1.399284,31.5455,-37.19747,-53.27467
26000.,-3.145351,-3.313146,-3.170589,-1.400837,31.54446,-37.1988,-53.27593
26010.,-3.146896,-3.314695,-3.172134,-1.402389,31.54342,-37.20013,-53.27718
26020.,-3.148441,-3.316242,-3.173678,-1.403938,31.54239,-37.20147,-53.27844
26030.,-3.149984,-3.317788,-3.17522,-1.405486,31.54135,-37.2028,-53.27969
26040.,-3.151525,-3.319332,-3.17676,-1.407033,31.54031,-37.20413,-53.28094
26050.,-3.153065,-3.320874,-3.178299,-1.408578,31.53928,-37.20545,-53.28219
26060.,-3.154603,-3.322415,-3.179837,-1.410121,31.53824,-37.20678,-53.28344
26070.,-3.156139,-3.323954,-3.181372,-1.411663,31.53721,-37.2081,-53.28469
26080.,-3.157674,-3.325492,-3.182907,-1.413203,31.53618,-37.20943,-53.28593
26090.,-3.159207,-3.327028,-3.184439,-1.414742,31.53515,-37.21075,-53.28718
26100.,-3.160739,-3.328563,-3.18597,-1.416279,31.53412,-37.21207,-53.28842
26110.,-3.162269,-3.330096,-3.1875,-1.417814,31.53309,-37.21339,-53.28966
26120.,-3.163798,-3.331627,-3.189028,-1.419348,31.53206,-37.21471,-53.2909
26130.,-3.165325,-3.333157,-3.190554,-1.420881,31.53104,-37.21603,-53.29214
26140.,-3.166851,-3.334686,-3.192079,-1.422412,31.53001,-37.21734,-53.29338
26150.,-3.168375,-3.336213,-3.193603,-1.423941,31.52899,-37.21866,-53.29462
26160.,-3.169897,-3.337738,-3.195124,-1.425469,31.52796,-37.21997,-53.29586
26170.,-3.171418,-3.339262,-3.196645,-1.426995,31.52694,-37.22128,-53.29709
26180.,-3.172937,-3.340784,-3.198163,-1.428519,31.52592,-37.22259,-53.29832
26190.,-3.174455,-3.342304,-3.19968,-1.430042,31.5249,-37.2239,-53.29956
26200.,-3.175971,-3.343823,-3.201196,-1.431564,31.52388,-37.22521,-53.30079
26210.,-3.177486,-3.345341,-3.20271,-1.433084,31.52286,-37.22651,-53.30202
26220.,-3.178999,-3.346857,-3.204222,-1.434602,31.52185,-37.22782,-53.30325
26230.,-3.180511,-3.348371,-3.205733,-1.436119,31.52083,-37.22912,-53.30447
26240.,-3.182021,-3.349884,-3.207243,-1.437634,31.51982,-37.23042,-53.3057
26250.,-3.183529,-3.351395,-3.208751,-1.439148,31.5188,-37.23172,-53.30692
26260.,-3.185036,-3.352905,-3.210257,-1.44066,31.51779,-37.23302,-53.30815
26270.,-3.186542,-3.354413,-3.211762,-1.442171,31.51678,-37.23432,-53.30937
26280.,-3.188046,-3.35592,-3.213265,-1.44368,31.51577,-37.23562,-53.31059
26290.,-3.189548,-3.357425,-3.214767,-1.445187,31.51476,-37.23691,-53.31181
26300.,-3.191049,-3.358929,-3.216267,-1.446693,31.51375,-37.23821,-53.31303
26310.,-3.192548,-3.360431,-3.217765,-1.448198,31.51274,-37.2395,-53.31425
26320.,-3.194046,-3.361931,-3.219262,-1.449701,31.51174,-37.24079,-53.31546
26330.,-3.195542,-3.36343,-3.220758,-1.451202,31.51073,-37.24208,-53.31668
26340.,-3.197037,-3.364928,-3.222252,-1.452702,31.50973,-37.24337,-53.31789
26350.,-3.19853,-3.366424,-3.223745,-1.4542,31.50872,-37.24466,-53.3191
26360.,-3.200022,-3.367918,-3.225236,-1.455697,31.50772,-37.24595,-53.32031
26370.,-3.201512,-3.369411,-3.226725,-1.457192,31.50672,-37.24723,-53.32152
26380.,-3.203001,-3.370902,-3.228213,-1.458686,31.50572,-37.24851,-53.32273
26390.,-3.204488,-3.372392,-3.229699,-1.460178,31.50472,-37.2498,-53.32394
26400.,-3.205973,-3.373881,-3.231184,-1.461669,31.50372,-37.25108,-53.32515
26410.,-3.207457,-3.375367,-3.232668,-1.463158,31.50272,-37.25236,-53.32635
26420.,-3.20894,-3.376853,-3.23415,-1.464646,31.50173,-37.25364,-53.32755
26430.,-3.210421,-3.378336,-3.23563,-1.466132,31.50073,-37.25491,-53.32876
26440.,-3.211901,-3.379819,-3.237109,-1.467617,31.49974,-37.25619,-53.32996
26450.,-3.213379,-3.381299,-3.238586,-1.4691,31.49875,-37.25746,-53.33116
26460.,-3.214855,-3.382779,-3.240062,-1.470581,31.49775,-37.25874,-53.33236
26470.,-3.21633,-3.384256,-3.241536,-1.472061,31.49676,-37.26001,-53.33355
26480.,-3.217804,-3.385733,-3.243009,-1.47354,31.49577,-37.26128,-53.33475
26490.,-3.219276,-3.387207,-3.244481,-1.475017,31.49478,-37.26255,-53.33595
26500.,-3.220746,-3.388681,-3.245951,-1.476493,31.49379,-37.26382,-53.33714
26510.,-3.222215,-3.390152,-3.247419,-1.477967,31.49281,-37.26508,-53.33833
26520.,-3.223683,-3.391622,-3.248886,-1.479439,31.49182,-37.26635,-53.33952
26530.,-3.225149,-3.393091,-3.250351,-1.48091,31.49084,-37.26761,-53.34071
26540.,-3.226613,-3.394558,-3.251815,-1.48238,31.48985,-37.26888,-53.3419
26550.,-3.228076,-3.396024,-3.253277,-1.483848,31.48887,-37.27014,-53.34309
26560.,-3.229538,-3.397488,-3.254738,-1.485314,31.48789,-37.2714,-53.34428
26570.,-3.230998,-3.398951,-3.256197,-1.486779,31.48691,-37.27266,-53.34546
26580.,-3.232456,-3.400412,-3.257655,-1.488243,31.48593,-37.27391,-53.34665
26590.,-3.233913,-3.401872,-3.259112,-1.489705,31.48495,-37.27517,-53.34783
26600.,-3.235369,-3.40333,-3.260567,-1.491166,31.48397,-37.27643,-53.34901
26610.,-3.236823,-3.404787,-3.26202,-1.492625,31.48299,-37.27768,-53.35019
26620.,-3.238276,-3.406242,-3.263472,-1.494082,31.48202,-37.27893,-53.35137
26630.,-3.239727,-3.407696,-3.264923,-1.495538,31.48104,-37.28018,-53.35255
26640.,-3.241176,-3.409148,-3.266372,-1.496993,31.48007,-37.28143,-53.35373
26650.,-3.242624,-3.410599,-3.267819,-1.498446,31.4791,-37.28268,-53.3549
26660.,-3.244071,-3.412049,-3.269265,-1.499898,31.47812,-37.28393,-53.35608
26670.,-3.245516,-3.413497,-3.27071,-1.501348,31.47715,-37.28518,-53.35725
26680.,-3.24696,-3.414943,-3.272153,-1.502797,31.47618,-37.28642,-53.35842
26690.,-3.248402,-3.416388,-3.273594,-1.504244,31.47521,-37.28766,-53.35959
26700.,-3.249843,-3.417831,-3.275034,-1.50569,31.47425,-37.28891,-53.36076
26710.,-3.251282,-3.419273,-3.276473,-1.507134,31.47328,-37.29015,-53.36193
26720.,-3.25272,-3.420714,-3.27791,-1.508577,31.47231,-37.29139,-53.3631
26730.,-3.254157,-3.422153,-3.279346,-1.510018,31.47135,-37.29263,-53.36427
26740.,-3.255592,-3.42359,-3.28078,-1.511458,31.47038,-37.29386,-53.36543
26750.,-3.257025,-3.425026,-3.282213,-1.512896,31.46942,-37.2951,-53.36659
26760.,-3.258457,-3.426461,-3.283644,-1.514333,31.46846,-37.29634,-53.36776
26770.,-3.259888,-3.427894,-3.285074,-1.515769,31.4675,-37.29757,-53.36892
26780.,-3.261317,-3.429326,-3.286503,-1.517203,31.46654,-37.2988,-53.37008
26790.,-3.262744,-3.430756,-3.28793,-1.518635,31.46558,-37.30003,-53.37124
26800.,-3.26417,-3.432185,-3.289355,-1.520066,31.46462,-37.30126,-53.3724
26810.,-3.265595,-3.433612,-3.290779,-1.521496,31.46366,-37.30249,-53.37355
26820.,-3.267018,-3.435038,-3.292202,-1.522924,31.46271,-37.30372,-53.37471
26830.,-3.26844,-3.436463,-3.293623,-1.524351,31.46175,-37.30494,-53.37586
26840.,-3.269861,-3.437886,-3.295043,-1.525776,31.4608,-37.30617,-53.37702
26850.,-3.271279,-3.439307,-3.296461,-1.5272,31.45985,-37.30739,-53.37817
26860.,-3.272697,-3.440727,-3.297878,-1.528622,31.45889,-37.30861,-53.37932
26870.,-3.274113,-3.442146,-3.299293,-1.530043,31.45794,-37.30984,-53.38047
26880.,-3.275527,-3.443563,-3.300707,-1.531462,31.45699,-37.31106,-53.38162
26890.,-3.276941,-3.444979,-3.30212,-1.53288,31.45604,-37.31227,-53.38276
26900.,-3.278352,-3.446393,-3.303531,-1.534297,31.4551,-37.31349,-53.38391
26910.,-3.279762,-3.447806,-3.30494,-1.535712,31.45415,-37.31471,-53.38506
26920.,-3.281171,-3.449217,-3.306349,-1.537126,31.4532,-37.31592,-53.3862
26930.,-3.282579,-3.450627,-3.307755,-1.538538,31.45226,-37.31714,-53.38734
26940.,-3.283985,-3.452036,-3.309161,-1.539949,31.45131,-37.31835,-53.38848
26950.,-3.285389,-3.453443,-3.310564,-1.541358,31.45037,-37.31956,-53.38962
26960.,-3.286792,-3.454849,-3.311967,-1.542766,31.44943,-37.32077,-53.39076
26970.,-3.288194,-3.456253,-3.313368,-1.544172,31.44849,-37.32198,-53.3919
26980.,-3.289594,-3.457656,-3.314768,-1.545577,31.44755,-37.32318,-53.39304
26990.,-3.290993,-3.459057,-3.316166,-1.546981,31.44661,-37.32439,-53.39417
27000.,-3.29239,-3.460457,-3.317562,-1.548383,31.44567,-37.3256,-53.39531
27010.,-3.293786,-3.461855,-3.318958,-1.549784,31.44473,-37.3268,-53.39644
27020.,-3.295181,-3.463253,-3.320352,-1.551183,31.44379,-37.328,-53.39757
27030.,-3.296574,-3.464648,-3.321744,-1.552581,31.44286,-37.3292,-53.3987
27040.,-3.297965,-3.466042,-3.323135,-1.553977,31.44192,-37.3304,-53.39983
27050.,-3.299356,-3.467435,-3.324525,-1.555372,31.44099,-37.3316,-53.40096
27060.,-3.300744,-3.468827,-3.325913,-1.556766,31.44006,-37.3328,-53.40209
27070.,-3.302132,-3.470217,-3.3273,-1.558158,31.43912,-37.334,-53.40322
27080.,-3.303518,-3.471605,-3.328685,-1.559549,31.43819,-37.33519,-53.40434
27090.,-3.304902,-3.472992,-3.330069,-1.560938,31.43726,-37.33639,-53.40547
27100.,-3.306286,-3.474378,-3.331452,-1.562326,31.43633,-37.33758,-53.40659
27110.,-3.307667,-3.475762,-3.332833,-1.563713,31.43541,-37.33877,-53.40771
27120.,-3.309048,-3.477145,-3.334212,-1.565098,31.43448,-37.33996,-53.40883
27130.,-3.310427,-3.478527,-3.335591,-1.566482,31.43355,-37.34115,-53.40995
27140.,-3.311804,-3.479907,-3.336968,-1.567864,31.43263,-37.34234,-53.41107
27150.,-3.31318,-3.481286,-3.338343,-1.569245,31.4317,-37.34352,-53.41219
27160.,-3.314555,-3.482663,-3.339717,-1.570624,31.43078,-37.34471,-53.4133
27170.,-3.315928,-3.484039,-3.34109,-1.572002,31.42986,-37.34589,-53.41442
27180.,-3.3173,-3.485413,-3.342461,-1.573379,31.42894,-37.34708,-53.41553
27190.,-3.318671,-3.486786,-3.343831,-1.574754,31.42802,-37.34826,-53.41664
27200.,-3.32004,-3.488158,-3.3452,-1.576128,31.4271,-37.34944,-53.41776
27210.,-3.321408,-3.489528,-3.346567,-1.5775,31.42618,-37.35062,-53.41887
27220.,-3.322774,-3.490897,-3.347933,-1.578871,31.42526,-37.3518,-53.41998
27230.,-3.324139,-3.492265,-3.349297,-1.580241,31.42435,-37.35297,-53.42108
27240.,-3.325503,-3.493631,-3.35066,-1.581609,31.42343,-37.35415,-53.42219
27250.,-3.326865,-3.494995,-3.352022,-1.582976,31.42251,-37.35532,-53.4233
27260.,-3.328226,-3.496359,-3.353382,-1.584342,31.4216,-37.3565,-53.4244
27270.,-3.329585,-3.497721,-3.354741,-1.585706,31.42069,-37.35767,-53.42551
27280.,-3.330943,-3.499081,-3.356098,-1.587068,31.41978,-37.35884,-53.42661
27290.,-3.3323,-3.50044,-3.357454,-1.58843,31.41887,-37.36001,-53.42771
27300.,-3.333655,-3.501798,-3.358809,-1.58979,31.41796,-37.36118,-53.42881
27310.,-3.335009,-3.503154,-3.360162,-1.591148,31.41705,-37.36235,-53.42991
27320.,-3.336361,-3.504509,-3.361514,-1.592505,31.41614,-37.36351,-53.43101
27330.,-3.337712,-3.505863,-3.362864,-1.593861,31.41523,-37.36468,-53.4321
27340.,-3.339062,-3.507215,-3.364213,-1.595215,31.41432,-37.36584,-53.4332
27350.,-3.34041,-3.508566,-3.365561,-1.596568,31.41342,-37.367,-53.43429
27360.,-3.341757,-3.509916,-3.366907,-1.59792,31.41251,-37.36817,-53.43539
27370.,-3.343103,-3.511264,-3.368252,-1.59927,31.41161,-37.36933,-53.43648
27380.,-3.344447,-3.51261,-3.369596,-1.600619,31.41071,-37.37048,-53.43757
27390.,-3.34579,-3.513956,-3.370938,-1.601967,31.40981,-37.37164,-53.43866
27400.,-3.347132,-3.5153,-3.372279,-1.603313,31.40891,-37.3728,-53.43975
27410.,-3.348472,-3.516642,-3.373619,-1.604658,31.40801,-37.37396,-53.44084
27420.,-3.349811,-3.517984,-3.374957,-1.606001,31.40711,-37.37511,-53.44193
27430.,-3.351148,-3.519323,-3.376294,-1.607343,31.40621,-37.37626,-53.44301
27440.,-3.352484,-3.520662,-3.377629,-1.608684,31.40531,-37.37741,-53.4441
27450.,-3.353819,-3.521999,-3.378963,-1.610023,31.40442,-37.37857,-53.44518
27460.,-3.355152,-3.523335,-3.380296,-1.611361,31.40352,-37.37972,-53.44626
27470.,-3.356484,-3.524669,-3.381627,-1.612697,31.40263,-37.38086,-53.44734
27480.,-3.357815,-3.526002,-3.382957,-1.614032,31.40173,-37.38201,-53.44842
27490.,-3.359144,-3.527334,-3.384286,-1.615366,31.40084,-37.38316,-53.4495
27500.,-3.360472,-3.528664,-3.385613,-1.616699,31.39995,-37.3843,-53.45058
27510.,-3.361798,-3.529993,-3.386939,-1.61803,31.39906,-37.38545,-53.45166
27520.,-3.363123,-3.531321,-3.388264,-1.61936,31.39817,-37.38659,-53.45273
27530.,-3.364447,-3.532647,-3.389587,-1.620688,31.39728,-37.38773,-53.45381
27540.,-3.36577,-3.533972,-3.390909,-1.622015,31.39639,-37.38887,-53.45488
27550.,-3.367091,-3.535296,-3.39223,-1.623341,31.39551,-37.39001,-53.45596
27560.,-3.368411,-3.536618,-3.393549,-1.624665,31.39462,-37.39115,-53.45703
27570.,-3.369729,-3.537939,-3.394867,-1.625988,31.39373,-37.39229,-53.4581
27580.,-3.371046,-3.539259,-3.396183,-1.62731,31.39285,-37.39342,-53.45917
27590.,-3.372362,-3.540577,-3.397498,-1.62863,31.39197,-37.39456,-53.46024
27600.,-3.373676,-3.541894,-3.398812,-1.629949,31.39108,-37.39569,-53.4613
27610.,-3.37499,-3.543209,-3.400125,-1.631266,31.3902,-37.39682,-53.46237
27620.,-3.376301,-3.544523,-3.401436,-1.632583,31.38932,-37.39795,-53.46343
27630.,-3.377612,-3.545836,-3.402746,-1.633898,31.38844,-37.39908,-53.4645
27640.,-3.378921,-3.547148,-3.404054,-1.635211,31.38756,-37.40021,-53.46556
27650.,-3.380229,-3.548458,-3.405361,-1.636523,31.38669,-37.40134,-53.46662
27660.,-3.381535,-3.549767,-3.406667,-1.637834,31.38581,-37.40247,-53.46768
27670.,-3.38284,-3.551074,-3.407972,-1.639144,31.38493,-37.40359,-53.46874
27680.,-3.384144,-3.55238,-3.409275,-1.640452,31.38406,-37.40471,-53.4698
27690.,-3.385446,-3.553685,-3.410577,-1.641759,31.38318,-37.40584,-53.47086
27700.,-3.386747,-3.554989,-3.411877,-1.643065,31.38231,-37.40696,-53.47191
27710.,-3.388047,-3.556291,-3.413176,-1.644369,31.38144,-37.40808,-53.47297
27720.,-3.389346,-3.557592,-3.414474,-1.645672,31.38057,-37.4092,-53.47402
27730.,-3.390643,-3.558891,-3.415771,-1.646973,31.37969,-37.41032,-53.47508
27740.,-3.391938,-3.56019,-3.417066,-1.648274,31.37883,-37.41144,-53.47613
27750.,-3.393233,-3.561486,-3.41836,-1.649572,31.37796,-37.41255,-53.47718
27760.,-3.394526,-3.562782,-3.419653,-1.65087,31.37709,-37.41367,-53.47823
27770.,-3.395818,-3.564076,-3.420944,-1.652166,31.37622,-37.41478,-53.47928
27780.,-3.397109,-3.565369,-3.422234,-1.653461,31.37535,-37.41589,-53.48033
27790.,-3.398398,-3.566661,-3.423522,-1.654755,31.37449,-37.41701,-53.48137
27800.,-3.399686,-3.567951,-3.42481,-1.656047,31.37362,-37.41812,-53.48242
27810.,-3.400972,-3.56924,-3.426096,-1.657338,31.37276,-37.41923,-53.48346
27820.,-3.402258,-3.570528,-3.42738,-1.658628,31.3719,-37.42033,-53.48451
27830.,-3.403542,-3.571814,-3.428664,-1.659916,31.37104,-37.42144,-53.48555
27840.,-3.404824,-3.573099,-3.429946,-1.661204,31.37018,-37.42255,-53.48659
27850.,-3.406106,-3.574383,-3.431227,-1.662489,31.36932,-37.42365,-53.48763
27860.,-3.407386,-3.575665,-3.432506,-1.663774,31.36846,-37.42476,-53.48867
27870.,-3.408664,-3.576946,-3.433784,-1.665057,31.3676,-37.42586,-53.48971
27880.,-3.409942,-3.578226,-3.435061,-1.666339,31.36674,-37.42696,-53.49075
27890.,-3.411218,-3.579505,-3.436337,-1.667619,31.36588,-37.42806,-53.49178
27900.,-3.412493,-3.580782,-3.437611,-1.668898,31.36503,-37.42916,-53.49282
27910.,-3.413766,-3.582058,-3.438884,-1.670176,31.36417,-37.43026,-53.49385
27920.,-3.415039,-3.583333,-3.440156,-1.671453,31.36332,-37.43136,-53.49488
27930.,-3.41631,-3.584606,-3.441426,-1.672728,31.36247,-37.43245,-53.49592
27940.,-3.417579,-3.585878,-3.442695,-1.674002,31.36161,-37.43355,-53.49695
27950.,-3.418848,-3.587149,-3.443963,-1.675275,31.36076,-37.43464,-53.49798
27960.,-3.420115,-3.588418,-3.44523,-1.676547,31.35991,-37.43573,-53.49901
27970.,-3.42138,-3.589686,-3.446495,-1.677817,31.35906,-37.43682,-53.50003
27980.,-3.422645,-3.590953,-3.447759,-1.679086,31.35821,-37.43791,-53.50106
27990.,-3.423908,-3.592219,-3.449021,-1.680353,31.35737,-37.439,-53.50209
28000.,-3.42517,-3.593483,-3.450283,-1.681619,31.35652,-37.44009,-53.50311
28010.,-3.426431,-3.594746,-3.451543,-1.682884,31.35567,-37.44118,-53.50413
28020.,-3.42769,-3.596008,-3.452802,-1.684148,31.35483,-37.44226,-53.50516
28030.,-3.428948,-3.597268,-3.454059,-1.68541,31.35398,-37.44335,-53.50618
28040.,-3.430205,-3.598527,-3.455315,-1.686672,31.35314,-37.44443,-53.5072
28050.,-3.431461,-3.599785,-3.45657,-1.687931,31.3523,-37.44552,-53.50822
28060.,-3.432715,-3.601041,-3.457824,-1.68919,31.35146,-37.4466,-53.50924
28070.,-3.433968,-3.602297,-3.459076,-1.690447,31.35062,-37.44768,-53.51025
28080.,-3.435219,-3.603551,-3.460328,-1.691703,31.34978,-37.44876,-53.51127
28090.,-3.43647,-3.604804,-3.461577,-1.692958,31.34894,-37.44983,-53.51228
28100.,-3.437719,-3.606055,-3.462826,-1.694211,31.3481,-37.45091,-53.5133
28110.,-3.438967,-3.607305,-3.464073,-1.695463,31.34726,-37.45199,-53.51431
28120.,-3.440213,-3.608554,-3.465319,-1.696714,31.34642,-37.45306,-53.51532
28130.,-3.441459,-3.609802,-3.466564,-1.697964,31.34559,-37.45414,-53.51633
28140.,-3.442703,-3.611048,-3.467808,-1.699212,31.34475,-37.45521,-53.51734
28150.,-3.443946,-3.612293,-3.46905,-1.700459,31.34392,-37.45628,-53.51835
28160.,-3.445187,-3.613537,-3.470291,-1.701705,31.34309,-37.45735,-53.51936
28170.,-3.446427,-3.61478,-3.47153,-1.70295,31.34225,-37.45842,-53.52037
28180.,-3.447666,-3.616021,-3.472769,-1.704193,31.34142,-37.45949,-53.52137
28190.,-3.448904,-3.617261,-3.474006,-1.705435,31.34059,-37.46056,-53.52238
28200.,-3.450141,-3.6185,-3.475242,-1.706676,31.33976,-37.46162,-53.52338
28210.,-3.451376,-3.619737,-3.476477,-1.707915,31.33893,-37.46269,-53.52439
28220.,-3.45261,-3.620973,-3.47771,-1.709153,31.3381,-37.46375,-53.52539
28230.,-3.453843,-3.622208,-3.478942,-1.71039,31.33728,-37.46482,-53.52639
28240.,-3.455074,-3.623442,-3.480173,-1.711626,31.33645,-37.46588,-53.52739
28250.,-3.456304,-3.624675,-3.481403,-1.71286,31.33563,-37.46694,-53.52839
28260.,-3.457533,-3.625906,-3.482631,-1.714093,31.3348,-37.468,-53.52938
28270.,-3.458761,-3.627136,-3.483858,-1.715325,31.33398,-37.46906,-53.53038
28280.,-3.459987,-3.628365,-3.485084,-1.716556,31.33315,-37.47011,-53.53138
28290.,-3.461213,-3.629592,-3.486309,-1.717785,31.33233,-37.47117,-53.53237
28300.,-3.462436,-3.630818,-3.487532,-1.719014,31.33151,-37.47223,-53.53337
28310.,-3.463659,-3.632043,-3.488754,-1.72024,31.33069,-37.47328,-53.53436
28320.,-3.464881,-3.633267,-3.489975,-1.721466,31.32987,-37.47433,-53.53535
28330.,-3.466101,-3.634489,-3.491195,-1.722691,31.32905,-37.47539,-53.53634
28340.,-3.46732,-3.635711,-3.492413,-1.723914,31.32823,-37.47644,-53.53733
28350.,-3.468538,-3.636931,-3.493631,-1.725136,31.32742,-37.47749,-53.53832
28360.,-3.469754,-3.638149,-3.494847,-1.726356,31.3266,-37.47854,-53.53931
28370.,-3.470969,-3.639367,-3.496061,-1.727576,31.32578,-37.47958,-53.54029
28380.,-3.472183,-3.640583,-3.497275,-1.728794,31.32497,-37.48063,-53.54128
28390.,-3.473396,-3.641798,-3.498487,-1.730011,31.32416,-37.48168,-53.54226
28400.,-3.474608,-3.643012,-3.499698,-1.731227,31.32334,-37.48272,-53.54325
28410.,-3.475818,-3.644225,-3.500908,-1.732441,31.32253,-37.48376,-53.54423
28420.,-3.477027,-3.645436,-3.502116,-1.733654,31.32172,-37.48481,-53.54521
28430.,-3.478235,-3.646646,-3.503324,-1.734866,31.32091,-37.48585,-53.54619
28440.,-3.479442,-3.647855,-3.50453,-1.736077,31.3201,-37.48689,-53.54717
28450.,-3.480647,-3.649063,-3.505735,-1.737287,31.31929,-37.48793,-53.54815
28460.,-3.481851,-3.650269,-3.506938,-1.738495,31.31848,-37.48897,-53.54913
28470.,-3.483054,-3.651474,-3.508141,-1.739702,31.31768,-37.49,-53.5501
28480.,-3.484256,-3.652678,-3.509342,-1.740908,31.31687,-37.49104,-53.55108
28490.,-3.485456,-3.653881,-3.510542,-1.742112,31.31606,-37.49207,-53.55206
28500.,-3.486656,-3.655082,-3.511741,-1.743316,31.31526,-37.49311,-53.55303
28510.,-3.487854,-3.656283,-3.512938,-1.744518,31.31446,-37.49414,-53.554
28520.,-3.489051,-3.657482,-3.514134,-1.745719,31.31365,-37.49517,-53.55497
28530.,-3.490246,-3.65868,-3.515329,-1.746919,31.31285,-37.4962,-53.55594
28540.,-3.491441,-3.659876,-3.516523,-1.748117,31.31205,-37.49723,-53.55691
28550.,-3.492634,-3.661072,-3.517716,-1.749314,31.31125,-37.49826,-53.55788
28560.,-3.493826,-3.662266,-3.518907,-1.75051,31.31045,-37.49929,-53.55885
28570.,-3.495016,-3.663459,-3.520098,-1.751705,31.30965,-37.50032,-53.55982
28580.,-3.496206,-3.664651,-3.521287,-1.752899,31.30885,-37.50134,-53.56078
28590.,-3.497394,-3.665841,-3.522474,-1.754091,31.30806,-37.50237,-53.56175
28600.,-3.498582,-3.66703,-3.523661,-1.755283,31.30726,-37.50339,-53.56271
28610.,-3.499767,-3.668219,-3.524846,-1.756473,31.30646,-37.50441,-53.56367
28620.,-3.500952,-3.669405,-3.526031,-1.757661,31.30567,-37.50544,-53.56464
28630.,-3.502136,-3.670591,-3.527214,-1.758849,31.30487,-37.50646,-53.5656
28640.,-3.503318,-3.671776,-3.528395,-1.760035,31.30408,-37.50748,-53.56656
28650.,-3.504499,-3.672959,-3.529576,-1.76122,31.30329,-37.50849,-53.56752
28660.,-3.505679,-3.674141,-3.530755,-1.762404,31.3025,-37.50951,-53.56847
28670.,-3.506858,-3.675322,-3.531934,-1.763587,31.30171,-37.51053,-53.56943
28680.,-3.508035,-3.676502,-3.533111,-1.764769,31.30092,-37.51154,-53.57039
28690.,-3.509211,-3.67768,-3.534286,-1.765949,31.30013,-37.51256,-53.57134
28700.,-3.510387,-3.678857,-3.535461,-1.767128,31.29934,-37.51357,-53.5723
28710.,-3.511561,-3.680034,-3.536634,-1.768306,31.29855,-37.51458,-53.57325
28720.,-3.512733,-3.681208,-3.537806,-1.769483,31.29776,-37.51559,-53.5742
28730.,-3.513905,-3.682382,-3.538977,-1.770658,31.29698,-37.5166,-53.57515
28740.,-3.515075,-3.683555,-3.540147,-1.771833,31.29619,-37.51761,-53.5761
28750.,-3.516244,-3.684726,-3.541316,-1.773006,31.29541,-37.51862,-53.57705
28760.,-3.517412,-3.685896,-3.542483,-1.774178,31.29463,-37.51963,-53.578
28770.,-3.518579,-3.687065,-3.54365,-1.775349,31.29384,-37.52064,-53.57895
28780.,-3.519745,-3.688233,-3.544815,-1.776518,31.29306,-37.52164,-53.57989
28790.,-3.520909,-3.689399,-3.545978,-1.777687,31.29228,-37.52264,-53.58084
28800.,-3.522072,-3.690565,-3.547141,-1.778854,31.2915,-37.52365,-53.58178
28810.,-3.523234,-3.691729,-3.548303,-1.78002,31.29072,-37.52465,-53.58273
28820.,-3.524395,-3.692892,-3.549463,-1.781185,31.28994,-37.52565,-53.58367
28830.,-3.525555,-3.694054,-3.550622,-1.782348,31.28916,-37.52665,-53.58461
28840.,-3.526713,-3.695214,-3.55178,-1.783511,31.28839,-37.52765,-53.58555
28850.,-3.52787,-3.696374,-3.552937,-1.784672,31.28761,-37.52865,-53.58649
28860.,-3.529027,-3.697532,-3.554092,-1.785832,31.28684,-37.52964,-53.58743
28870.,-3.530182,-3.698689,-3.555247,-1.786991,31.28606,-37.53064,-53.58837
28880.,-3.531335,-3.699845,-3.5564,-1.788149,31.28529,-37.53163,-53.5893
28890.,-3.532488,-3.701,-3.557552,-1.789305,31.28451,-37.53263,-53.59024
28900.,-3.533639,-3.702153,-3.558703,-1.790461,31.28374,-37.53362,-53.59117
28910.,-3.53479,-3.703306,-3.559853,-1.791615,31.28297,-37.53461,-53.59211
28920.,-3.535939,-3.704457,-3.561001,-1.792768,31.2822,-37.5356,-53.59304
28930.,-3.537087,-3.705607,-3.562149,-1.79392,31.28143,-37.53659,-53.59397
28940.,-3.538233,-3.706756,-3.563295,-1.79507,31.28066,-37.53758,-53.5949
28950.,-3.539379,-3.707904,-3.56444,-1.79622,31.27989,-37.53857,-53.59583
28960.,-3.540523,-3.70905,-3.565584,-1.797368,31.27912,-37.53956,-53.59676
28970.,-3.541667,-3.710196,-3.566727,-1.798515,31.27836,-37.54054,-53.59769
28980.,-3.542809,-3.71134,-3.567868,-1.799661,31.27759,-37.54153,-53.59862
28990.,-3.54395,-3.712483,-3.569009,-1.800806,31.27683,-37.54251,-53.59954
29000.,-3.545089,-3.713625,-3.570148,-1.80195,31.27606,-37.54349,-53.60047
29010.,-3.546228,-3.714766,-3.571286,-1.803093,31.2753,-37.54448,-53.60139
29020.,-3.547366,-3.715905,-3.572423,-1.804234,31.27453,-37.54546,-53.60232
29030.,-3.548502,-3.717044,-3.573559,-1.805374,31.27377,-37.54644,-53.60324
29040.,-3.549637,-3.718181,-3.574694,-1.806513,31.27301,-37.54742,-53.60416
29050.,-3.550771,-3.719317,-3.575827,-1.807651,31.27225,-37.54839,-53.60508
29060.,-3.551904,-3.720452,-3.576959,-1.808788,31.27149,-37.54937,-53.606
29070.,-3.553036,-3.721586,-3.578091,-1.809923,31.27073,-37.55035,-53.60692
29080.,-3.554166,-3.722718,-3.579221,-1.811058,31.26997,-37.55132,-53.60784
29090.,-3.555295,-3.72385,-3.580349,-1.812191,31.26922,-37.55229,-53.60876
29100.,-3.556424,-3.72498,-3.581477,-1.813323,31.26846,-37.55327,-53.60967
29110.,-3.557551,-3.726109,-3.582604,-1.814454,31.2677,-37.55424,-53.61059
29120.,-3.558677,-3.727237,-3.583729,-1.815584,31.26695,-37.55521,-53.6115
29130.,-3.559801,-3.728364,-3.584854,-1.816712,31.26619,-37.55618,-53.61241
29140.,-3.560925,-3.72949,-3.585977,-1.81784,31.26544,-37.55715,-53.61333
29150.,-3.562048,-3.730615,-3.587099,-1.818966,31.26469,-37.55812,-53.61424
29160.,-3.563169,-3.731738,-3.58822,-1.820092,31.26394,-37.55908,-53.61515
29170.,-3.564289,-3.73286,-3.589339,-1.821216,31.26318,-37.56005,-53.61606
29180.,-3.565408,-3.733981,-3.590458,-1.822339,31.26243,-37.56101,-53.61697
29190.,-3.566526,-3.735102,-3.591575,-1.82346,31.26168,-37.56198,-53.61787
29200.,-3.567643,-3.73622,-3.592692,-1.824581,31.26093,-37.56294,-53.61878
29210.,-3.568759,-3.737338,-3.593807,-1.8257,31.26019,-37.5639,-53.61969
29220.,-3.569873,-3.738455,-3.594921,-1.826819,31.25944,-37.56486,-53.62059
29230.,-3.570987,-3.73957,-3.596034,-1.827936,31.25869,-37.56582,-53.6215
29240.,-3.572099,-3.740685,-3.597146,-1.829052,31.25795,-37.56678,-53.6224
29250.,-3.57321,-3.741798,-3.598256,-1.830167,31.2572,-37.56774,-53.6233
29260.,-3.57432,-3.74291,-3.599366,-1.831281,31.25646,-37.5687,-53.6242
29270.,-3.575429,-3.744021,-3.600474,-1.832394,31.25571,-37.56966,-53.6251
29280.,-3.576537,-3.745131,-3.601581,-1.833505,31.25497,-37.57061,-53.626
29290.,-3.577644,-3.746239,-3.602688,-1.834616,31.25423,-37.57156,-53.6269
29300.,-3.578749,-3.747347,-3.603793,-1.835725,31.25349,-37.57252,-53.6278
29310.,-3.579853,-3.748453,-3.604896,-1.836833,31.25275,-37.57347,-53.62869
29320.,-3.580957,-3.749559,-3.605999,-1.83794,31.25201,-37.57442,-53.62959
29330.,-3.582059,-3.750663,-3.607101,-1.839046,31.25127,-37.57537,-53.63048
29340.,-3.58316,-3.751766,-3.608201,-1.840151,31.25053,-37.57632,-53.63138
29350.,-3.58426,-3.752868,-3.609301,-1.841255,31.24979,-37.57727,-53.63227
29360.,-3.585359,-3.753969,-3.610399,-1.842357,31.24905,-37.57822,-53.63316
29370.,-3.586456,-3.755068,-3.611496,-1.843458,31.24832,-37.57916,-53.63405
29380.,-3.587553,-3.756167,-3.612592,-1.844559,31.24758,-37.58011,-53.63495
29390.,-3.588648,-3.757265,-3.613687,-1.845658,31.24685,-37.58105,-53.63583
29400.,-3.589743,-3.758361,-3.614781,-1.846756,31.24611,-37.582,-53.63672
29410.,-3.590836,-3.759456,-3.615874,-1.847853,31.24538,-37.58294,-53.63761
29420.,-3.591928,-3.76055,-3.616965,-1.848949,31.24465,-37.58388,-53.6385
29430.,-3.593019,-3.761643,-3.618056,-1.850044,31.24392,-37.58482,-53.63938
29440.,-3.594109,-3.762735,-3.619145,-1.851137,31.24319,-37.58576,-53.64027
29450.,-3.595197,-3.763826,-3.620234,-1.85223,31.24246,-37.5867,-53.64115
29460.,-3.596285,-3.764916,-3.621321,-1.853321,31.24173,-37.58764,-53.64203
29470.,-3.597372,-3.766004,-3.622407,-1.854411,31.241,-37.58858,-53.64292
29480.,-3.598457,-3.767092,-3.623492,-1.855501,31.24027,-37.58951,-53.6438
29490.,-3.599542,-3.768178,-3.624576,-1.856589,31.23954,-37.59045,-53.64468
29500.,-3.600625,-3.769263,-3.625658,-1.857676,31.23882,-37.59138,-53.64556
29510.,-3.601707,-3.770348,-3.62674,-1.858761,31.23809,-37.59231,-53.64644
29520.,-3.602788,-3.771431,-3.627821,-1.859846,31.23737,-37.59325,-53.64731
29530.,-3.603868,-3.772513,-3.6289,-1.86093,31.23664,-37.59418,-53.64819
29540.,-3.604947,-3.773594,-3.629979,-1.862012,31.23592,-37.59511,-53.64907
29550.,-3.606025,-3.774673,-3.631056,-1.863094,31.2352,-37.59604,-53.64994
29560.,-3.607101,-3.775752,-3.632132,-1.864174,31.23448,-37.59696,-53.65082
29570.,-3.608177,-3.77683,-3.633207,-1.865253,31.23375,-37.59789,-53.65169
29580.,-3.609251,-3.777906,-3.634281,-1.866332,31.23303,-37.59882,-53.65256
29590.,-3.610325,-3.778981,-3.635354,-1.867409,31.23231,-37.59974,-53.65343
29600.,-3.611397,-3.780056,-3.636426,-1.868485,31.23159,-37.60067,-53.6543
29610.,-3.612468,-3.781129,-3.637496,-1.86956,31.23088,-37.60159,-53.65517
29620.,-3.613538,-3.782201,-3.638566,-1.870633,31.23016,-37.60251,-53.65604
29630.,-3.614607,-3.783272,-3.639635,-1.871706,31.22944,-37.60344,-53.65691
29640.,-3.615675,-3.784342,-3.640702,-1.872778,31.22873,-37.60436,-53.65778
29650.,-3.616742,-3.785411,-3.641768,-1.873848,31.22801,-37.60528,-53.65864
29660.,-3.617808,-3.786478,-3.642834,-1.874918,31.2273,-37.6062,-53.65951
29670.,-3.618873,-3.787545,-3.643898,-1.875986,31.22658,-37.60711,-53.66037
29680.,-3.619936,-3.788611,-3.644961,-1.877053,31.22587,-37.60803,-53.66124
29690.,-3.620999,-3.789675,-3.646023,-1.878119,31.22516,-37.60895,-53.6621
29700.,-3.62206,-3.790739,-3.647084,-1.879184,31.22445,-37.60986,-53.66296
29710.,-3.62312,-3.791801,-3.648144,-1.880248,31.22373,-37.61078,-53.66382
29720.,-3.62418,-3.792862,-3.649203,-1.881311,31.22302,-37.61169,-53.66468
29730.,-3.625238,-3.793922,-3.650261,-1.882373,31.22231,-37.6126,-53.66554
29740.,-3.626295,-3.794982,-3.651317,-1.883434,31.22161,-37.61351,-53.6664
29750.,-3.627351,-3.79604,-3.652373,-1.884494,31.2209,-37.61442,-53.66726
29760.,-3.628406,-3.797097,-3.653427,-1.885552,31.22019,-37.61533,-53.66811
29770.,-3.62946,-3.798152,-3.654481,-1.88661,31.21948,-37.61624,-53.66897
29780.,-3.630513,-3.799207,-3.655533,-1.887666,31.21878,-37.61715,-53.66982
29790.,-3.631565,-3.800261,-3.656584,-1.888721,31.21807,-37.61806,-53.67068
29800.,-3.632615,-3.801314,-3.657635,-1.889776,31.21737,-37.61896,-53.67153
29810.,-3.633665,-3.802365,-3.658684,-1.890829,31.21667,-37.61987,-53.67238
29820.,-3.634714,-3.803416,-3.659732,-1.891881,31.21596,-37.62077,-53.67323
29830.,-3.635761,-3.804465,-3.660779,-1.892932,31.21526,-37.62168,-53.67408
29840.,-3.636808,-3.805514,-3.661825,-1.893982,31.21456,-37.62258,-53.67493
29850.,-3.637853,-3.806561,-3.66287,-1.895031,31.21386,-37.62348,-53.67578
29860.,-3.638897,-3.807607,-3.663914,-1.896079,31.21316,-37.62438,-53.67663
29870.,-3.639941,-3.808652,-3.664956,-1.897126,31.21246,-37.62528,-53.67748
29880.,-3.640983,-3.809697,-3.665998,-1.898172,31.21176,-37.62618,-53.67832
29890.,-3.642024,-3.81074,-3.667039,-1.899216,31.21106,-37.62708,-53.67917
29900.,-3.643064,-3.811782,-3.668078,-1.90026,31.21036,-37.62797,-53.68001
29910.,-3.644103,-3.812823,-3.669117,-1.901303,31.20967,-37.62887,-53.68086
29920.,-3.645141,-3.813863,-3.670155,-1.902344,31.20897,-37.62976,-53.6817
29930.,-3.646178,-3.814901,-3.671191,-1.903385,31.20828,-37.63066,-53.68254
29940.,-3.647214,-3.815939,-3.672226,-1.904424,31.20758,-37.63155,-53.68338
29950.,-3.648249,-3.816976,-3.673261,-1.905462,31.20689,-37.63244,-53.68422
29960.,-3.649282,-3.818012,-3.674294,-1.9065,31.2062,-37.63333,-53.68506
29970.,-3.650315,-3.819046,-3.675326,-1.907536,31.2055,-37.63423,-53.6859
29980.,-3.651347,-3.82008,-3.676357,-1.908571,31.20481,-37.63511,-53.68674
29990.,-3.652377,-3.821112,-3.677388,-1.909605,31.20412,-37.636,-53.68757
30000.,-3.653407,-3.822144,-3.678417,-1.910638,31.20343,-37.63689,-53.68841
30010.,-3.654435,-3.823174,-3.679445,-1.91167,31.20274,-37.63778,-53.68925
30020.,-3.655463,-3.824204,-3.680472,-1.912701,31.20205,-37.63866,-53.69008
30030.,-3.656489,-3.825232,-3.681498,-1.913731,31.20136,-37.63955,-53.69091
30040.,-3.657515,-3.826259,-3.682523,-1.91476,31.20068,-37.64043,-53.69175
30050.,-3.658539,-3.827285,-3.683547,-1.915788,31.19999,-37.64132,-53.69258
30060.,-3.659562,-3.828311,-3.684569,-1.916815,31.1993,-37.6422,-53.69341
30070.,-3.660585,-3.829335,-3.685591,-1.917841,31.19862,-37.64308,-53.69424
30080.,-3.661606,-3.830358,-3.686612,-1.918865,31.19794,-37.64396,-53.69507
30090.,-3.662626,-3.83138,-3.687632,-1.919889,31.19725,-37.64484,-53.6959
30100.,-3.663645,-3.832401,-3.68865,-1.920912,31.19657,-37.64572,-53.69672
30110.,-3.664663,-3.833421,-3.689668,-1.921933,31.19589,-37.6466,-53.69755
30120.,-3.66568,-3.83444,-3.690685,-1.922954,31.1952,-37.64747,-53.69838
30130.,-3.666696,-3.835458,-3.6917,-1.923973,31.19452,-37.64835,-53.6992
30140.,-3.667711,-3.836475,-3.692715,-1.924992,31.19384,-37.64923,-53.70002
30150.,-3.668725,-3.837491,-3.693728,-1.926009,31.19316,-37.6501,-53.70085
30160.,-3.669738,-3.838506,-3.694741,-1.927026,31.19248,-37.65097,-53.70167
30170.,-3.67075,-3.839519,-3.695752,-1.928041,31.19181,-37.65185,-53.70249
30180.,-3.671761,-3.840532,-3.696763,-1.929055,31.19113,-37.65272,-53.70331
30190.,-3.672771,-3.841544,-3.697772,-1.930069,31.19045,-37.65359,-53.70413
30200.,-3.67378,-3.842555,-3.698781,-1.931081,31.18978,-37.65446,-53.70495
30210.,-3.674788,-3.843564,-3.699788,-1.932092,31.1891,-37.65533,-53.70577
30220.,-3.675794,-3.844573,-3.700794,-1.933103,31.18842,-37.65619,-53.70659
30230.,-3.6768,-3.845581,-3.7018,-1.934112,31.18775,-37.65706,-53.7074
30240.,-3.677805,-3.846587,-3.702804,-1.93512,31.18708,-37.65793,-53.70822
30250.,-3.678809,-3.847593,-3.703807,-1.936127,31.1864,-37.65879,-53.70903
30260.,-3.679811,-3.848598,-3.704809,-1.937133,31.18573,-37.65966,-53.70985
30270.,-3.680813,-3.849601,-3.705811,-1.938138,31.18506,-37.66052,-53.71066
30280.,-3.681814,-3.850604,-3.706811,-1.939143,31.18439,-37.66138,-53.71147
30290.,-3.682813,-3.851605,-3.70781,-1.940146,31.18372,-37.66225,-53.71229
30300.,-3.683812,-3.852606,-3.708808,-1.941148,31.18305,-37.66311,-53.7131
30310.,-3.68481,-3.853605,-3.709805,-1.942149,31.18238,-37.66397,-53.71391
30320.,-3.685806,-3.854604,-3.710802,-1.943149,31.18171,-37.66483,-53.71471
30330.,-3.686802,-3.855601,-3.711797,-1.944148,31.18105,-37.66568,-53.71523
30340.,-3.687796,-3.856598,-3.712791,-1.945146,31.18038,-37.66654,-53.71599
30350.,-3.68879,-3.857593,-3.713784,-1.946143,31.17971,-37.6674,-53.71679
30360.,-3.689783,-3.858587,-3.714776,-1.947139,31.17904,-37.66825,-53.7176
30370.,-3.690774,-3.859581,-3.715767,-1.948134,31.17838,-37.6691,-53.7184
30380.,-3.691765,-3.860573,-3.716757,-1.949128,31.17771,-37.66996,-53.71921
30390.,-3.692754,-3.861564,-3.717746,-1.950121,31.17705,-37.67081,-53.72001
30400.,-3.693743,-3.862555,-3.718734,-1.951113,31.17638,-37.67166,-53.72081
30410.,-3.69473,-3.863544,-3.719721,-1.952104,31.17572,-37.67251,-53.72162
30420.,-3.695717,-3.864532,-3.720707,-1.953094,31.17506,-37.67336,-53.72242
30430.,-3.696702,-3.86552,-3.721692,-1.954083,31.1744,-37.67421,-53.72322
30440.,-3.697687,-3.866506,-3.722677,-1.955071,31.17374,-37.67506,-53.72402
30450.,-3.69867,-3.867491,-3.72366,-1.956058,31.17307,-37.6759,-53.72482
30460.,-3.699653,-3.868476,-3.724642,-1.957044,31.17242,-37.67675,-53.72562
30470.,-3.700634,-3.869459,-3.725623,-1.958029,31.17176,-37.67759,-53.72641
30480.,-3.701615,-3.870441,-3.726603,-1.959013,31.1711,-37.67844,-53.72721
30490.,-3.702594,-3.871423,-3.727582,-1.959996,31.17044,-37.67928,-53.72801
30500.,-3.703573,-3.872403,-3.72856,-1.960978,31.16978,-37.68012,-53.7288
30510.,-3.70455,-3.873383,-3.729537,-1.961959,31.16913,-37.68097,-53.72959
30520.,-3.705527,-3.874361,-3.730513,-1.962939,31.16847,-37.68181,-53.73039
30530.,-3.706502,-3.875338,-3.731488,-1.963918,31.16782,-37.68265,-53.73118
30540.,-3.707477,-3.876315,-3.732462,-1.964896,31.16716,-37.68349,-53.73197
30550.,-3.708451,-3.87729,-3.733436,-1.965873,31.16651,-37.68433,-53.73276
30560.,-3.709423,-3.878265,-3.734408,-1.966849,31.16586,-37.68516,-53.73355
30570.,-3.710395,-3.879238,-3.735379,-1.967824,31.1652,-37.686,-53.73434
30580.,-3.711365,-3.88021,-3.736349,-1.968798,31.16455,-37.68684,-53.73513
30590.,-3.712335,-3.881182,-3.737318,-1.969771,31.1639,-37.68767,-53.73592
30600.,-3.713304,-3.882152,-3.738287,-1.970743,31.16325,-37.68851,-53.7367
30610.,-3.714271,-3.883122,-3.739254,-1.971714,31.1626,-37.68934,-53.73749
30620.,-3.715238,-3.88409,-3.74022,-1.972684,31.16195,-37.69017,-53.73828
30630.,-3.716204,-3.885058,-3.741185,-1.973653,31.1613,-37.691,-53.73906
30640.,-3.717169,-3.886024,-3.74215,-1.974621,31.16066,-37.69183,-53.73984
30650.,-3.718132,-3.88699,-3.743113,-1.975588,31.16001,-37.69266,-53.74063
30660.,-3.719095,-3.887954,-3.744075,-1.976554,31.15936,-37.69349,-53.74141
30670.,-3.720057,-3.888918,-3.745037,-1.97752,31.15872,-37.69432,-53.74219
30680.,-3.721018,-3.889881,-3.745997,-1.978484,31.15807,-37.69515,-53.74297
30690.,-3.721978,-3.890842,-3.746957,-1.979447,31.15743,-37.69598,-53.74375
30700.,-3.722937,-3.891803,-3.747915,-1.980409,31.15679,-37.6968,-53.74453
30710.,-3.723894,-3.892763,-3.748872,-1.981371,31.15614,-37.69763,-53.74531
30720.,-3.724851,-3.893721,-3.749829,-1.982331,31.1555,-37.69845,-53.74608
30730.,-3.725807,-3.894679,-3.750785,-1.98329,31.15486,-37.69927,-53.74686
30740.,-3.726762,-3.895636,-3.751739,-1.984248,31.15422,-37.7001,-53.74764
30750.,-3.727716,-3.896592,-3.752693,-1.985206,31.15358,-37.70092,-53.74841
30760.,-3.728669,-3.897547,-3.753645,-1.986162,31.15294,-37.70174,-53.74919
30770.,-3.729622,-3.898501,-3.754597,-1.987118,31.1523,-37.70256,-53.74996
30780.,-3.730573,-3.899453,-3.755548,-1.988072,31.15166,-37.70338,-53.75073
30790.,-3.731523,-3.900405,-3.756497,-1.989026,31.15103,-37.7042,-53.7515
30800.,-3.732472,-3.901356,-3.757446,-1.989978,31.15039,-37.70502,-53.75227
30810.,-3.73342,-3.902306,-3.758394,-1.99093,31.14975,-37.70583,-53.75304
30820.,-3.734368,-3.903255,-3.759341,-1.99188,31.14912,-37.70665,-53.75381
30830.,-3.735314,-3.904203,-3.760287,-1.99283,31.14848,-37.70746,-53.75458
30840.,-3.736259,-3.905151,-3.761232,-1.993779,31.14785,-37.70828,-53.75535
30850.,-3.737204,-3.906097,-3.762176,-1.994726,31.14721,-37.70909,-53.75612
30860.,-3.738147,-3.907042,-3.763119,-1.995673,31.14658,-37.7099,-53.75688
30870.,-3.73909,-3.907986,-3.764061,-1.996619,31.14595,-37.71072,-53.75765
30880.,-3.740031,-3.90893,-3.765002,-1.997564,31.14532,-37.71153,-53.75841
30890.,-3.740972,-3.909872,-3.765942,-1.998507,31.14469,-37.71234,-53.75918
30900.,-3.741911,-3.910813,-3.766881,-1.99945,31.14406,-37.71315,-53.75994
30910.,-3.74285,-3.911754,-3.76782,-2.000392,31.14343,-37.71396,-53.7607
30920.,-3.743788,-3.912693,-3.768757,-2.001333,31.1428,-37.71476,-53.76147
30930.,-3.744725,-3.913632,-3.769693,-2.002273,31.14217,-37.71557,-53.76223
30940.,-3.74566,-3.914569,-3.770629,-2.003212,31.14154,-37.71638,-53.76299
30950.,-3.746595,-3.915506,-3.771563,-2.00415,31.14092,-37.71718,-53.76375
30960.,-3.747529,-3.916441,-3.772497,-2.005088,31.14029,-37.71799,-53.76451
30970.,-3.748462,-3.917376,-3.773429,-2.006024,31.13966,-37.71879,-53.76526
30980.,-3.749394,-3.91831,-3.774361,-2.006959,31.13904,-37.71959,-53.76602
30990.,-3.750325,-3.919243,-3.775291,-2.007893,31.13841,-37.7204,-53.76678
31000.,-3.751255,-3.920175,-3.776221,-2.008827,31.13779,-37.7212,-53.76753
31010.,-3.752185,-3.921106,-3.77715,-2.009759,31.13717,-37.722,-53.76829
31020.,-3.753113,-3.922036,-3.778078,-2.010691,31.13654,-37.7228,-53.76904
31030.,-3.75404,-3.922965,-3.779005,-2.011621,31.13592,-37.7236,-53.76979
31040.,-3.754967,-3.923893,-3.779931,-2.012551,31.1353,-37.7244,-53.77055
31050.,-3.755892,-3.92482,-3.780856,-2.01348,31.13468,-37.72519,-53.7713
31060.,-3.756816,-3.925746,-3.78178,-2.014407,31.13406,-37.72599,-53.77205
31070.,-3.75774,-3.926671,-3.782703,-2.015334,31.13344,-37.72679,-53.7728
31080.,-3.758663,-3.927596,-3.783625,-2.01626,31.13282,-37.72758,-53.77355
31090.,-3.759584,-3.928519,-3.784546,-2.017185,31.1322,-37.72837,-53.7743
31100.,-3.760505,-3.929442,-3.785467,-2.018109,31.13159,-37.72917,-53.77505
31110.,-3.761425,-3.930363,-3.786386,-2.019032,31.13097,-37.72996,-53.77579
31120.,-3.762344,-3.931284,-3.787304,-2.019954,31.13035,-37.73075,-53.77654
31130.,-3.763262,-3.932203,-3.788222,-2.020875,31.12974,-37.73154,-53.77728
31140.,-3.764179,-3.933122,-3.789139,-2.021795,31.12912,-37.73233,-53.77803
31150.,-3.765095,-3.93404,-3.790054,-2.022714,31.12851,-37.73312,-53.77877
31160.,-3.76601,-3.934957,-3.790969,-2.023633,31.1279,-37.73391,-53.77952
31170.,-3.766924,-3.935873,-3.791883,-2.02455,31.12728,-37.7347,-53.78026
31180.,-3.767838,-3.936788,-3.792796,-2.025467,31.12667,-37.73549,-53.781
31190.,-3.76875,-3.937702,-3.793708,-2.026382,31.12606,-37.73627,-53.78174
31200.,-3.769661,-3.938615,-3.794619,-2.027297,31.12545,-37.73706,-53.78248
31210.,-3.770572,-3.939527,-3.795529,-2.02821,31.12484,-37.73784,-53.78322
31220.,-3.771482,-3.940439,-3.796438,-2.029123,31.12423,-37.73863,-53.78396
31230.,-3.77239,-3.941349,-3.797346,-2.030035,31.12362,-37.73941,-53.7847
31240.,-3.773298,-3.942258,-3.798254,-2.030946,31.12301,-37.74019,-53.78544
31250.,-3.774205,-3.943167,-3.79916,-2.031856,31.1224,-37.74097,-53.78617
31260.,-3.775111,-3.944075,-3.800066,-2.032765,31.1218,-37.74175,-53.78691
31270.,-3.776016,-3.944981,-3.80097,-2.033673,31.12119,-37.74253,-53.78764
31280.,-3.77692,-3.945887,-3.801874,-2.03458,31.12058,-37.74331,-53.78838
31290.,-3.777823,-3.946792,-3.802777,-2.035487,31.11998,-37.74409,-53.78911
31300.,-3.778725,-3.947696,-3.803679,-2.036392,31.11937,-37.74487,-53.78984
31310.,-3.779627,-3.948599,-3.80458,-2.037296,31.11877,-37.74565,-53.79058
31320.,-3.780527,-3.949501,-3.80548,-2.0382,31.11817,-37.74642,-53.79131
31330.,-3.781427,-3.950402,-3.806379,-2.039103,31.11756,-37.7472,-53.79204
31340.,-3.782325,-3.951302,-3.807277,-2.040004,31.11696,-37.74797,-53.79277
31350.,-3.783223,-3.952202,-3.808174,-2.040905,31.11636,-37.74875,-53.7935
31360.,-3.78412,-3.9531,-3.809071,-2.041805,31.11576,-37.74952,-53.79423
31370.,-3.785016,-3.953998,-3.809966,-2.042704,31.11516,-37.75029,-53.79495
31380.,-3.78591,-3.954894,-3.810861,-2.043602,31.11456,-37.75106,-53.79568
31390.,-3.786805,-3.95579,-3.811754,-2.044499,31.11396,-37.75183,-53.79641
31400.,-3.787698,-3.956685,-3.812647,-2.045395,31.11336,-37.7526,-53.79713
31410.,-3.78859,-3.957579,-3.813539,-2.046291,31.11276,-37.75337,-53.79786
31420.,-3.789481,-3.958472,-3.81443,-2.047185,31.11216,-37.75414,-53.79858
31430.,-3.790372,-3.959364,-3.81532,-2.048079,31.11157,-37.75491,-53.7993
31440.,-3.791261,-3.960255,-3.816209,-2.048971,31.11097,-37.75567,-53.80003
31450.,-3.79215,-3.961145,-3.817097,-2.049863,31.11038,-37.75644,-53.80075
31460.,-3.793038,-3.962035,-3.817984,-2.050754,31.10978,-37.7572,-53.80147
31470.,-3.793924,-3.962923,-3.818871,-2.051644,31.10919,-37.75797,-53.80219
31480.,-3.79481,-3.963811,-3.819756,-2.052533,31.10859,-37.75873,-53.80291
31490.,-3.795695,-3.964698,-3.820641,-2.053421,31.108,-37.75949,-53.80363
31500.,-3.796579,-3.965583,-3.821525,-2.054308,31.10741,-37.76026,-53.80435
31510.,-3.797463,-3.966468,-3.822408,-2.055194,31.10682,-37.76102,-53.80506
31520.,-3.798345,-3.967352,-3.82329,-2.05608,31.10622,-37.76178,-53.80578
31530.,-3.799227,-3.968235,-3.824171,-2.056964,31.10563,-37.76254,-53.8065
31540.,-3.800107,-3.969117,-3.825051,-2.057848,31.10504,-37.7633,-53.80721
31550.,-3.800987,-3.969999,-3.82593,-2.05873,31.10445,-37.76406,-53.80793
31560.,-3.801865,-3.970879,-3.826808,-2.059612,31.10387,-37.76481,-53.80864
31570.,-3.802743,-3.971759,-3.827686,-2.060493,31.10328,-37.76557,-53.80935
31580.,-3.80362,-3.972637,-3.828562,-2.061373,31.10269,-37.76633,-53.81007
31590.,-3.804496,-3.973515,-3.829438,-2.062252,31.1021,-37.76708,-53.81078
31600.,-3.805372,-3.974392,-3.830313,-2.06313,31.10152,-37.76784,-53.81149
31610.,-3.806246,-3.975268,-3.831187,-2.064008,31.10093,-37.76859,-53.8122
31620.,-3.807119,-3.976143,-3.83206,-2.064884,31.10035,-37.76934,-53.81291
31630.,-3.807992,-3.977017,-3.832932,-2.06576,31.09976,-37.77009,-53.81362
31640.,-3.808864,-3.97789,-3.833803,-2.066634,31.09918,-37.77084,-53.81432
31650.,-3.809734,-3.978763,-3.834674,-2.067508,31.09859,-37.7716,-53.81503
31660.,-3.810604,-3.979634,-3.835543,-2.068381,31.09801,-37.77235,-53.81574
31670.,-3.811473,-3.980505,-3.836412,-2.069253,31.09743,-37.77309,-53.81644
31680.,-3.812341,-3.981375,-3.83728,-2.070124,31.09685,-37.77384,-53.81715
31690.,-3.813209,-3.982244,-3.838146,-2.070994,31.09627,-37.77459,-53.81785
31700.,-3.814075,-3.983111,-3.839012,-2.071864,31.09569,-37.77534,-53.81856
31710.,-3.814941,-3.983979,-3.839877,-2.072732,31.09511,-37.77608,-53.81926
31720.,-3.815805,-3.984845,-3.840742,-2.0736,31.09453,-37.77683,-53.81996
31730.,-3.816669,-3.98571,-3.841605,-2.074466,31.09395,-37.77757,-53.82066
31740.,-3.817532,-3.986575,-3.842468,-2.075332,31.09337,-37.77832,-53.82137
31750.,-3.818394,-3.987438,-3.843329,-2.076197,31.09279,-37.77906,-53.82207
31760.,-3.819255,-3.988301,-3.84419,-2.077061,31.09222,-37.7798,-53.82276
31770.,-3.820115,-3.989163,-3.84505,-2.077925,31.09164,-37.78054,-53.82346
31780.,-3.820974,-3.990024,-3.845909,-2.078787,31.09106,-37.78128,-53.82416
31790.,-3.821833,-3.990884,-3.846767,-2.079648,31.09049,-37.78202,-53.82486
31800.,-3.822691,-3.991743,-3.847624,-2.080509,31.08991,-37.78276,-53.82556
31810.,-3.823547,-3.992601,-3.84848,-2.081369,31.08934,-37.7835,-53.82625
31820.,-3.824403,-3.993459,-3.849336,-2.082227,31.08877,-37.78424,-53.82695
31830.,-3.825258,-3.994316,-3.850191,-2.083085,31.08819,-37.78498,-53.82764
31840.,-3.826112,-3.995171,-3.851044,-2.083942,31.08762,-37.78571,-53.82833
31850.,-3.826966,-3.996026,-3.851897,-2.084799,31.08705,-37.78645,-53.82903
31860.,-3.827818,-3.99688,-3.852749,-2.085654,31.08648,-37.78718,-53.82972
31870.,-3.82867,-3.997733,-3.8536,-2.086509,31.08591,-37.78792,-53.83041
31880.,-3.82952,-3.998586,-3.854451,-2.087362,31.08534,-37.78865,-53.8311
31890.,-3.83037,-3.999437,-3.8553,-2.088215,31.08477,-37.78938,-53.83179
31900.,-3.831219,-4.000288,-3.856149,-2.089067,31.0842,-37.79012,-53.83248
31910.,-3.832067,-4.001137,-3.856996,-2.089918,31.08363,-37.79085,-53.83317
31920.,-3.832915,-4.001986,-3.857843,-2.090768,31.08307,-37.79158,-53.83386
31930.,-3.833761,-4.002834,-3.858689,-2.091617,31.0825,-37.79231,-53.83455
31940.,-3.834606,-4.003681,-3.859535,-2.092466,31.08193,-37.79304,-53.83523
31950.,-3.835451,-4.004527,-3.860379,-2.093313,31.08137,-37.79376,-53.83592
31960.,-3.836295,-4.005373,-3.861222,-2.09416,31.0808,-37.79449,-53.83661
31970.,-3.837138,-4.006217,-3.862065,-2.095006,31.08024,-37.79522,-53.83729
31980.,-3.83798,-4.007061,-3.862907,-2.095851,31.07967,-37.79594,-53.83797
31990.,-3.838821,-4.007904,-3.863747,-2.096695,31.07911,-37.79667,-53.83866
32000.,-3.839662,-4.008746,-3.864587,-2.097538,31.07855,-37.79739,-53.83934
32010.,-3.840501,-4.009587,-3.865427,-2.098381,31.07798,-37.79812,-53.84002
32020.,-3.84134,-4.010427,-3.866265,-2.099222,31.07742,-37.79884,-53.8407
32030.,-3.842178,-4.011267,-3.867102,-2.100063,31.07686,-37.79956,-53.84138
32040.,-3.843015,-4.012105,-3.867939,-2.100903,31.0763,-37.80028,-53.84206
32050.,-3.843851,-4.012943,-3.868775,-2.101742,31.07574,-37.801,-53.84274
32060.,-3.844686,-4.01378,-3.86961,-2.10258,31.07518,-37.80172,-53.84342
32070.,-3.845521,-4.014616,-3.870444,-2.103417,31.07462,-37.80244,-53.8441
32080.,-3.846354,-4.015451,-3.871277,-2.104254,31.07406,-37.80316,-53.84478
32090.,-3.847187,-4.016285,-3.872109,-2.105089,31.07351,-37.80388,-53.84545
32100.,-3.848019,-4.017119,-3.872941,-2.105924,31.07295,-37.8046,-53.84613
32110.,-3.84885,-4.017951,-3.873772,-2.106758,31.07239,-37.80531,-53.8468
32120.,-3.84968,-4.018783,-3.874602,-2.107591,31.07184,-37.80603,-53.84748
32130.,-3.85051,-4.019614,-3.875431,-2.108423,31.07128,-37.80674,-53.84815
32140.,-3.851338,-4.020444,-3.876259,-2.109255,31.07073,-37.80746,-53.84882
32150.,-3.852166,-4.021274,-3.877086,-2.110085,31.07017,-37.80817,-53.8495
32160.,-3.852993,-4.022102,-3.877913,-2.110915,31.06962,-37.80889,-53.85017
32170.,-3.853819,-4.02293,-3.878738,-2.111744,31.06907,-37.8096,-53.85084
32180.,-3.854644,-4.023756,-3.879563,-2.112572,31.06851,-37.81031,-53.85151
32190.,-3.855468,-4.024582,-3.880387,-2.113399,31.06796,-37.81102,-53.85218
32200.,-3.856292,-4.025407,-3.88121,-2.114226,31.06741,-37.81173,-53.85285
32210.,-3.857115,-4.026231,-3.882032,-2.115051,31.06686,-37.81244,-53.85352
32220.,-3.857936,-4.027055,-3.882854,-2.115876,31.06631,-37.81315,-53.85418
32230.,-3.858757,-4.027877,-3.883675,-2.1167,31.06576,-37.81386,-53.85485
32240.,-3.859578,-4.028699,-3.884494,-2.117523,31.06521,-37.81456,-53.85552
32250.,-3.860397,-4.02952,-3.885313,-2.118345,31.06466,-37.81527,-53.85618
32260.,-3.861216,-4.03034,-3.886132,-2.119166,31.06411,-37.81597,-53.85685
32270.,-3.862033,-4.031159,-3.886949,-2.119987,31.06356,-37.81668,-53.85751
32280.,-3.86285,-4.031978,-3.887765,-2.120806,31.06302,-37.81738,-53.85817
32290.,-3.863666,-4.032795,-3.888581,-2.121625,31.06247,-37.81809,-53.85884
32300.,-3.864481,-4.033612,-3.889396,-2.122443,31.06193,-37.81879,-53.8595
32310.,-3.865296,-4.034428,-3.89021,-2.12326,31.06138,-37.81949,-53.86016
32320.,-3.866109,-4.035243,-3.891023,-2.124077,31.06084,-37.82019,-53.86082
32330.,-3.866922,-4.036057,-3.891835,-2.124892,31.06029,-37.82089,-53.86148
32340.,-3.867734,-4.036871,-3.892647,-2.125707,31.05975,-37.82159,-53.86214
32350.,-3.868545,-4.037683,-3.893458,-2.126521,31.0592,-37.82229,-53.8628
32360.,-3.869355,-4.038495,-3.894268,-2.127334,31.05866,-37.82299,-53.86346
32370.,-3.870165,-4.039306,-3.895077,-2.128146,31.05812,-37.82369,-53.86412
32380.,-3.870973,-4.040116,-3.895885,-2.128957,31.05758,-37.82439,-53.86477
32390.,-3.871781,-4.040925,-3.896692,-2.129768,31.05704,-37.82508,-53.86543
32400.,-3.872588,-4.041734,-3.897499,-2.130578,31.0565,-37.82578,-53.86608
32410.,-3.873394,-4.042542,-3.898305,-2.131387,31.05596,-37.82647,-53.86674
32420.,-3.8742,-4.043348,-3.89911,-2.132195,31.05542,-37.82717,-53.86739
32430.,-3.875004,-4.044155,-3.899914,-2.133002,31.05488,-37.82786,-53.86805
32440.,-3.875808,-4.04496,-3.900717,-2.133808,31.05434,-37.82856,-53.8687
32450.,-3.876611,-4.045764,-3.90152,-2.134614,31.0538,-37.82925,-53.86935
32460.,-3.877413,-4.046568,-3.902322,-2.135419,31.05327,-37.82994,-53.87
32470.,-3.878214,-4.047371,-3.903123,-2.136223,31.05273,-37.83063,-53.87065
32480.,-3.879015,-4.048172,-3.903923,-2.137026,31.05219,-37.83132,-53.8713
32490.,-3.879814,-4.048974,-3.904722,-2.137828,31.05166,-37.83201,-53.87195
32500.,-3.880613,-4.049774,-3.90552,-2.13863,31.05112,-37.8327,-53.8726
32510.,-3.881411,-4.050573,-3.906318,-2.139431,31.05059,-37.83339,-53.87325
32520.,-3.882208,-4.051372,-3.907115,-2.140231,31.05006,-37.83407,-53.8739
32530.,-3.883005,-4.05217,-3.907911,-2.14103,31.04952,-37.83476,-53.87454
32540.,-3.8838,-4.052967,-3.908706,-2.141828,31.04899,-37.83545,-53.87519
32550.,-3.884595,-4.053763,-3.909501,-2.142626,31.04846,-37.83613,-53.87584
32560.,-3.885389,-4.054559,-3.910294,-2.143422,31.04793,-37.83682,-53.87648
32570.,-3.886182,-4.055354,-3.911087,-2.144218,31.0474,-37.8375,-53.87713
32580.,-3.886975,-4.056148,-3.911879,-2.145013,31.04686,-37.83818,-53.87777
32590.,-3.887766,-4.056941,-3.91267,-2.145808,31.04634,-37.83887,-53.87841
32600.,-3.888557,-4.057733,-3.913461,-2.146601,31.04581,-37.83955,-53.87905
32610.,-3.889347,-4.058524,-3.91425,-2.147394,31.04528,-37.84023,-53.8797
32620.,-3.890136,-4.059315,-3.915039,-2.148186,31.04475,-37.84091,-53.88034
32630.,-3.890925,-4.060105,-3.915827,-2.148977,31.04422,-37.84159,-53.88098
32640.,-3.891712,-4.060894,-3.916615,-2.149767,31.04369,-37.84227,-53.88162
32650.,-3.892499,-4.061682,-3.917401,-2.150557,31.04317,-37.84295,-53.88226
32660.,-3.893285,-4.06247,-3.918187,-2.151345,31.04264,-37.84362,-53.88289
32670.,-3.89407,-4.063256,-3.918971,-2.152133,31.04211,-37.8443,-53.88353
32680.,-3.894855,-4.064042,-3.919755,-2.15292,31.04159,-37.84498,-53.88417
32690.,-3.895638,-4.064827,-3.920539,-2.153707,31.04107,-37.84565,-53.88481
32700.,-3.896421,-4.065611,-3.921321,-2.154492,31.04054,-37.84633,-53.88544
32710.,-3.897203,-4.066395,-3.922103,-2.155277,31.04002,-37.847,-53.88608
32720.,-3.897984,-4.067178,-3.922884,-2.156061,31.03949,-37.84768,-53.88671
32730.,-3.898765,-4.067959,-3.923664,-2.156844,31.03897,-37.84835,-53.88735
32740.,-3.899544,-4.068741,-3.924443,-2.157626,31.03845,-37.84902,-53.88798
32750.,-3.900323,-4.069521,-3.925222,-2.158407,31.03793,-37.84969,-53.88861
32760.,-3.901101,-4.0703,-3.925999,-2.159188,31.03741,-37.85036,-53.88924
32770.,-3.901879,-4.071079,-3.926776,-2.159968,31.03689,-37.85103,-53.88987
32780.,-3.902655,-4.071857,-3.927552,-2.160747,31.03637,-37.8517,-53.89051
32790.,-3.903431,-4.072634,-3.928328,-2.161526,31.03585,-37.85237,-53.89114
32800.,-3.904206,-4.073411,-3.929102,-2.162303,31.03533,-37.85304,-53.89176
32810.,-3.90498,-4.074186,-3.929876,-2.16308,31.03481,-37.85371,-53.89239
32820.,-3.905753,-4.074961,-3.930649,-2.163856,31.03429,-37.85437,-53.89302
32830.,-3.906526,-4.075735,-3.931421,-2.164631,31.03378,-37.85504,-53.89365
32840.,-3.907297,-4.076508,-3.932193,-2.165405,31.03326,-37.8557,-53.89428
32850.,-3.908068,-4.077281,-3.932963,-2.166179,31.03274,-37.85637,-53.8949
32860.,-3.908839,-4.078052,-3.933733,-2.166952,31.03223,-37.85703,-53.89553
32870.,-3.909608,-4.078823,-3.934502,-2.167724,31.03171,-37.8577,-53.89615
32880.,-3.910377,-4.079593,-3.93527,-2.168495,31.0312,-37.85836,-53.89678
32890.,-3.911144,-4.080362,-3.936038,-2.169266,31.03069,-37.85902,-53.8974
32900.,-3.911912,-4.081131,-3.936805,-2.170035,31.03017,-37.85968,-53.89802
32910.,-3.912678,-4.081899,-3.937571,-2.170804,31.02966,-37.86034,-53.89865
32920.,-3.913443,-4.082666,-3.938336,-2.171572,31.02915,-37.861,-53.89927
32930.,-3.914208,-4.083432,-3.9391,-2.17234,31.02863,-37.86166,-53.89989
32940.,-3.914972,-4.084197,-3.939864,-2.173106,31.02812,-37.86232,-53.90051
32950.,-3.915735,-4.084962,-3.940627,-2.173872,31.02761,-37.86298,-53.90113
32960.,-3.916498,-4.085726,-3.941389,-2.174637,31.0271,-37.86364,-53.90175
32970.,-3.917259,-4.086489,-3.94215,-2.175402,31.02659,-37.86429,-53.90237
32980.,-3.91802,-4.087251,-3.942911,-2.176165,31.02608,-37.86495,-53.90299
32990.,-3.918781,-4.088013,-3.943671,-2.176928,31.02557,-37.86561,-53.9036
33000.,-3.91954,-4.088774,-3.94443,-2.17769,31.02507,-37.86626,-53.90422
33010.,-3.920298,-4.089534,-3.945188,-2.178451,31.02456,-37.86691,-53.90484
33020.,-3.921056,-4.090293,-3.945945,-2.179211,31.02405,-37.86757,-53.90545
33030.,-3.921813,-4.091051,-3.946702,-2.179971,31.02354,-37.86822,-53.90607
33040.,-3.92257,-4.091809,-3.947458,-2.18073,31.02304,-37.86887,-53.90668
33050.,-3.923325,-4.092566,-3.948213,-2.181488,31.02253,-37.86952,-53.90729
33060.,-3.92408,-4.093322,-3.948967,-2.182245,31.02203,-37.87018,-53.90791
33070.,-3.924834,-4.094077,-3.949721,-2.183002,31.02152,-37.87083,-53.90852
33080.,-3.925587,-4.094832,-3.950474,-2.183758,31.02102,-37.87147,-53.90913
33090.,-3.926339,-4.095586,-3.951226,-2.184513,31.02052,-37.87212,-53.90974
33100.,-3.927091,-4.096339,-3.951977,-2.185267,31.02001,-37.87277,-53.91035
33110.,-3.927842,-4.097091,-3.952728,-2.18602,31.01951,-37.87342,-53.91096
33120.,-3.928592,-4.097843,-3.953478,-2.186773,31.01901,-37.87407,-53.91157
33130.,-3.929342,-4.098594,-3.954227,-2.187525,31.01851,-37.87471,-53.91218
33140.,-3.93009,-4.099344,-3.954975,-2.188276,31.018,-37.87536,-53.91279
33150.,-3.930838,-4.100093,-3.955723,-2.189027,31.0175,-37.876,-53.9134
33160.,-3.931585,-4.100842,-3.95647,-2.189776,31.017,-37.87665,-53.914
33170.,-3.932332,-4.101589,-3.957216,-2.190525,31.0165,-37.87729,-53.91461
33180.,-3.933077,-4.102336,-3.957961,-2.191273,31.01601,-37.87793,-53.91521
33190.,-3.933822,-4.103083,-3.958705,-2.192021,31.01551,-37.87858,-53.91582
33200.,-3.934566,-4.103828,-3.959449,-2.192767,31.01501,-37.87922,-53.91642
33210.,-3.93531,-4.104573,-3.960192,-2.193513,31.01451,-37.87986,-53.91703
33220.,-3.936052,-4.105317,-3.960934,-2.194258,31.01401,-37.8805,-53.91763
33230.,-3.936794,-4.10606,-3.961676,-2.195003,31.01352,-37.88114,-53.91823
33240.,-3.937535,-4.106803,-3.962417,-2.195746,31.01302,-37.88178,-53.91884
33250.,-3.938276,-4.107544,-3.963157,-2.196489,31.01253,-37.88242,-53.91944
33260.,-3.939015,-4.108285,-3.963896,-2.197231,31.01203,-37.88305,-53.92004
33270.,-3.939754,-4.109026,-3.964635,-2.197973,31.01154,-37.88369,-53.92064
33280.,-3.940492,-4.109765,-3.965372,-2.198713,31.01104,-37.88433,-53.92124
33290.,-3.94123,-4.110504,-3.966109,-2.199453,31.01055,-37.88496,-53.92184
33300.,-3.941966,-4.111242,-3.966846,-2.200192,31.01006,-37.8856,-53.92243
33310.,-3.942702,-4.111979,-3.967581,-2.200931,31.00956,-37.88623,-53.92303
33320.,-3.943437,-4.112716,-3.968316,-2.201668,31.00907,-37.88687,-53.92363
33330.,-3.944171,-4.113451,-3.96905,-2.202405,31.00858,-37.8875,-53.92423
33340.,-3.944905,-4.114186,-3.969783,-2.203141,31.00809,-37.88813,-53.92482
33350.,-3.945638,-4.114921,-3.970516,-2.203877,31.0076,-37.88876,-53.92542
33360.,-3.94637,-4.115654,-3.971248,-2.204611,31.00711,-37.88939,-53.92601
33370.,-3.947102,-4.116387,-3.971979,-2.205345,31.00662,-37.89003,-53.92661
33380.,-3.947832,-4.117119,-3.972709,-2.206078,31.00613,-37.89066,-53.9272
33390.,-3.948562,-4.11785,-3.973439,-2.206811,31.00564,-37.89128,-53.92779
33400.,-3.949291,-4.118581,-3.974167,-2.207542,31.00516,-37.89191,-53.92838
33410.,-3.95002,-4.11931,-3.974896,-2.208273,31.00467,-37.89254,-53.92898
33420.,-3.950747,-4.12004,-3.975623,-2.209004,31.00418,-37.89317,-53.92957
33430.,-3.951474,-4.120768,-3.97635,-2.209733,31.00369,-37.8938,-53.93016
33440.,-3.952201,-4.121495,-3.977075,-2.210462,31.00321,-37.89442,-53.93075
33450.,-3.952926,-4.122222,-3.977801,-2.21119,31.00272,-37.89505,-53.93134
33460.,-3.953651,-4.122948,-3.978525,-2.211917,31.00224,-37.89567,-53.93192
33470.,-3.954375,-4.123674,-3.979249,-2.212643,31.00175,-37.8963,-53.93251
33480.,-3.955098,-4.124398,-3.979972,-2.213369,31.00127,-37.89692,-53.9331
33490.,-3.955821,-4.125122,-3.980694,-2.214094,31.00079,-37.89754,-53.93369
33500.,-3.956543,-4.125846,-3.981415,-2.214818,31.0003,-37.89817,-53.93427
33510.,-3.957264,-4.126568,-3.982136,-2.215542,30.99982,-37.89879,-53.93486
33520.,-3.957984,-4.12729,-3.982856,-2.216265,30.99934,-37.89941,-53.93544
33530.,-3.958704,-4.128011,-3.983576,-2.216987,30.99886,-37.90003,-53.93603
33540.,-3.959423,-4.128731,-3.984294,-2.217708,30.99838,-37.90065,-53.93661
33550.,-3.960141,-4.12945,-3.985012,-2.218429,30.9979,-37.90127,-53.9372
33560.,-3.960858,-4.130169,-3.985729,-2.219149,30.99742,-37.90189,-53.93778
33570.,-3.961575,-4.130887,-3.986446,-2.219868,30.99694,-37.90251,-53.93836
33580.,-3.962291,-4.131605,-3.987161,-2.220586,30.99646,-37.90312,-53.93894
33590.,-3.963006,-4.132321,-3.987876,-2.221304,30.99598,-37.90374,-53.93952
33600.,-3.963721,-4.133037,-3.98859,-2.222021,30.9955,-37.90436,-53.9401
33610.,-3.964435,-4.133752,-3.989304,-2.222737,30.99502,-37.90497,-53.94068
33620.,-3.965148,-4.134467,-3.990017,-2.223453,30.99455,-37.90559,-53.94126
33630.,-3.96586,-4.13518,-3.990729,-2.224168,30.99407,-37.9062,-53.94184
33640.,-3.966572,-4.135893,-3.99144,-2.224882,30.99359,-37.90681,-53.94242
33650.,-3.967283,-4.136606,-3.992151,-2.225595,30.99312,-37.90743,-53.943
33660.,-3.967993,-4.137317,-3.992861,-2.226308,30.99264,-37.90804,-53.94357
33670.,-3.968702,-4.138028,-3.99357,-2.22702,30.99217,-37.90865,-53.94415
33680.,-3.969411,-4.138738,-3.994278,-2.227731,30.99169,-37.90926,-53.94473
33690.,-3.970119,-4.139448,-3.994986,-2.228441,30.99122,-37.90987,-53.9453
33700.,-3.970826,-4.140156,-3.995693,-2.229151,30.99075,-37.91048,-53.94588
33710.,-3.971533,-4.140864,-3.996399,-2.22986,30.99027,-37.91109,-53.94645
33720.,-3.972239,-4.141571,-3.997105,-2.230568,30.9898,-37.9117,-53.94702
33730.,-3.972944,-4.142278,-3.99781,-2.231276,30.98933,-37.91231,-53.9476
33740.,-3.973649,-4.142984,-3.998514,-2.231983,30.98886,-37.91292,-53.94817
33750.,-3.974352,-4.143689,-3.999217,-2.232689,30.98839,-37.91352,-53.94874
33760.,-3.975055,-4.144393,-3.99992,-2.233394,30.98792,-37.91413,-53.94931
33770.,-3.975758,-4.145097,-4.000622,-2.234099,30.98745,-37.91473,-53.94988
33780.,-3.976459,-4.1458,-4.001323,-2.234803,30.98698,-37.91534,-53.95045
33790.,-3.97716,-4.146502,-4.002024,-2.235506,30.98651,-37.91594,-53.95102
33800.,-3.977861,-4.147204,-4.002724,-2.236209,30.98604,-37.91655,-53.95159
33810.,-3.97856,-4.147904,-4.003423,-2.236911,30.98557,-37.91715,-53.95216
33820.,-3.979259,-4.148605,-4.004122,-2.237612,30.9851,-37.91775,-53.95272
33830.,-3.979957,-4.149304,-4.004819,-2.238313,30.98464,-37.91836,-53.95329
33840.,-3.980654,-4.150003,-4.005516,-2.239012,30.98417,-37.91896,-53.95386
33850.,-3.981351,-4.150701,-4.006213,-2.239711,30.9837,-37.91956,-53.95442
33860.,-3.982047,-4.151398,-4.006908,-2.24041,30.98324,-37.92016,-53.95499
33870.,-3.982742,-4.152094,-4.007603,-2.241107,30.98277,-37.92076,-53.95555
33880.,-3.983437,-4.15279,-4.008298,-2.241804,30.98231,-37.92136,-53.95612
33890.,-3.984131,-4.153485,-4.008991,-2.2425,30.98184,-37.92195,-53.95668
33900.,-3.984824,-4.15418,-4.009684,-2.243196,30.98138,-37.92255,-53.95724
33910.,-3.985516,-4.154874,-4.010376,-2.243891,30.98092,-37.92315,-53.95781
33920.,-3.986208,-4.155567,-4.011068,-2.244585,30.98045,-37.92375,-53.95837
33930.,-3.986899,-4.156259,-4.011758,-2.245278,30.97999,-37.92434,-53.95893
33940.,-3.987589,-4.156951,-4.012448,-2.245971,30.97953,-37.92494,-53.95949
33950.,-3.988279,-4.157642,-4.013138,-2.246663,30.97907,-37.92553,-53.96005
33960.,-3.988968,-4.158332,-4.013826,-2.247354,30.97861,-37.92613,-53.96061
33970.,-3.989656,-4.159021,-4.014514,-2.248045,30.97815,-37.92672,-53.96117
33980.,-3.990344,-4.15971,-4.015201,-2.248735,30.97769,-37.92731,-53.96173
33990.,-3.991031,-4.160398,-4.015888,-2.249424,30.97723,-37.9279,-53.96229
34000.,-3.991717,-4.161086,-4.016574,-2.250112,30.97677,-37.9285,-53.96284
34010.,-3.992402,-4.161773,-4.017259,-2.2508,30.97631,-37.92909,-53.9634
34020.,-3.993087,-4.162459,-4.017943,-2.251487,30.97585,-37.92968,-53.96396
34030.,-3.993771,-4.163144,-4.018627,-2.252174,30.97539,-37.93027,-53.96451
34040.,-3.994455,-4.163829,-4.01931,-2.252859,30.97494,-37.93086,-53.96507
34050.,-3.995137,-4.164513,-4.019993,-2.253544,30.97448,-37.93145,-53.96562
34060.,-3.995819,-4.165196,-4.020674,-2.254229,30.97402,-37.93203,-53.96617
34070.,-3.996501,-4.165879,-4.021355,-2.254912,30.97357,-37.93262,-53.96673
34080.,-3.997181,-4.16656,-4.022036,-2.255595,30.97311,-37.93321,-53.96728
34090.,-3.997861,-4.167242,-4.022715,-2.256278,30.97266,-37.93379,-53.96783
34100.,-3.99854,-4.167922,-4.023394,-2.256959,30.9722,-37.93438,-53.96838
34110.,-3.999219,-4.168602,-4.024073,-2.25764,30.97175,-37.93496,-53.96894
34120.,-3.999897,-4.169281,-4.02475,-2.25832,30.9713,-37.93555,-53.96949
34130.,-4.000574,-4.16996,-4.025427,-2.259,30.97084,-37.93613,-53.97004
34140.,-4.001251,-4.170637,-4.026103,-2.259678,30.97039,-37.93672,-53.97059
34150.,-4.001926,-4.171314,-4.026779,-2.260357,30.96994,-37.9373,-53.97113
34160.,-4.002601,-4.171991,-4.027454,-2.261034,30.96949,-37.93788,-53.97168
34170.,-4.003276,-4.172667,-4.028128,-2.261711,30.96904,-37.93846,-53.97223
34180.,-4.00395,-4.173342,-4.028801,-2.262387,30.96859,-37.93904,-53.97278
34190.,-4.004623,-4.174016,-4.029474,-2.263062,30.96814,-37.93962,-53.97332
34200.,-4.005295,-4.17469,-4.030146,-2.263737,30.96769,-37.9402,-53.97387
34210.,-4.005967,-4.175363,-4.030817,-2.264411,30.96724,-37.94078,-53.97442
34220.,-4.006638,-4.176035,-4.031488,-2.265084,30.96679,-37.94136,-53.97496
34230.,-4.007308,-4.176707,-4.032158,-2.265757,30.96634,-37.94194,-53.97551
34240.,-4.007978,-4.177377,-4.032828,-2.266429,30.96589,-37.94252,-53.97605
34250.,-4.008647,-4.178048,-4.033496,-2.2671,30.96544,-37.94309,-53.97659
34260.,-4.009315,-4.178717,-4.034164,-2.267771,30.965,-37.94367,-53.97714
34270.,-4.009983,-4.179386,-4.034832,-2.268441,30.96455,-37.94425,-53.97768
34280.,-4.01065,-4.180054,-4.035498,-2.26911,30.9641,-37.94482,-53.97822
34290.,-4.011316,-4.180722,-4.036164,-2.269778,30.96366,-37.9454,-53.97876
34300.,-4.011982,-4.181389,-4.03683,-2.270446,30.96321,-37.94597,-53.9793
34310.,-4.012647,-4.182055,-4.037494,-2.271113,30.96277,-37.94654,-53.97984
34320.,-4.013311,-4.182721,-4.038158,-2.27178,30.96232,-37.94712,-53.98038
34330.,-4.013975,-4.183385,-4.038822,-2.272446,30.96188,-37.94769,-53.98092
34340.,-4.014638,-4.18405,-4.039484,-2.273111,30.96144,-37.94826,-53.98146
34350.,-4.0153,-4.184713,-4.040146,-2.273776,30.96099,-37.94883,-53.982
34360.,-4.015961,-4.185376,-4.040807,-2.274439,30.96055,-37.9494,-53.98253
34370.,-4.016622,-4.186038,-4.041468,-2.275103,30.96011,-37.94997,-53.98307
34380.,-4.017283,-4.1867,-4.042128,-2.275765,30.95967,-37.95054,-53.98361
34390.,-4.017942,-4.18736,-4.042787,-2.276427,30.95923,-37.95111,-53.98414
34400.,-4.018601,-4.188021,-4.043446,-2.277088,30.95878,-37.95168,-53.98468
34410.,-4.019259,-4.18868,-4.044104,-2.277748,30.95834,-37.95225,-53.98521
34420.,-4.019917,-4.189339,-4.044761,-2.278408,30.9579,-37.95281,-53.98575
34430.,-4.020574,-4.189997,-4.045418,-2.279067,30.95747,-37.95338,-53.98628
34440.,-4.02123,-4.190655,-4.046074,-2.279726,30.95703,-37.95394,-53.98681
34450.,-4.021886,-4.191311,-4.046729,-2.280384,30.95659,-37.95451,-53.98735
34460.,-4.022541,-4.191968,-4.047384,-2.281041,30.95615,-37.95507,-53.98788
34470.,-4.023195,-4.192623,-4.048038,-2.281697,30.95571,-37.95564,-53.98841
34480.,-4.023848,-4.193278,-4.048691,-2.282353,30.95527,-37.9562,-53.98894
34490.,-4.024501,-4.193932,-4.049344,-2.283008,30.95484,-37.95677,-53.98947
34500.,-4.025154,-4.194585,-4.049996,-2.283663,30.9544,-37.95733,-53.99
34510.,-4.025805,-4.195238,-4.050647,-2.284317,30.95397,-37.95789,-53.99053
34520.,-4.026456,-4.195891,-4.051298,-2.28497,30.95353,-37.95845,-53.99106
34530.,-4.027107,-4.196542,-4.051948,-2.285622,30.9531,-37.95901,-53.99159
34540.,-4.027756,-4.197193,-4.052597,-2.286274,30.95266,-37.95957,-53.99211
34550.,-4.028405,-4.197843,-4.053246,-2.286925,30.95223,-37.96013,-53.99264
34560.,-4.029054,-4.198493,-4.053894,-2.287576,30.95179,-37.96069,-53.99317
34570.,-4.029701,-4.199142,-4.054541,-2.288226,30.95136,-37.96125,-53.99369
34580.,-4.030348,-4.19979,-4.055188,-2.288875,30.95093,-37.96181,-53.99422
34590.,-4.030995,-4.200437,-4.055834,-2.289524,30.9505,-37.96236,-53.99474
34600.,-4.03164,-4.201084,-4.056479,-2.290171,30.95006,-37.96292,-53.99527
34610.,-4.032285,-4.20173,-4.057124,-2.290819,30.94963,-37.96348,-53.99579
34620.,-4.03293,-4.202376,-4.057768,-2.291465,30.9492,-37.96403,-53.99632
34630.,-4.033573,-4.203021,-4.058411,-2.292111,30.94877,-37.96459,-53.99684
34640.,-4.034217,-4.203665,-4.059054,-2.292756,30.94834,-37.96514,-53.99736
34650.,-4.034859,-4.204309,-4.059696,-2.293401,30.94791,-37.9657,-53.99788
34660.,-4.035501,-4.204952,-4.060338,-2.294045,30.94748,-37.96625,-53.9984
34670.,-4.036142,-4.205594,-4.060979,-2.294688,30.94705,-37.9668,-53.99892
34680.,-4.036782,-4.206236,-4.061619,-2.295331,30.94662,-37.96736,-53.99945
34690.,-4.037422,-4.206877,-4.062259,-2.295973,30.9462,-37.96791,-53.99996
34700.,-4.038061,-4.207517,-4.062897,-2.296614,30.94577,-37.96846,-54.00048
34710.,-4.0387,-4.208157,-4.063536,-2.297255,30.94534,-37.96901,-54.001
34720.,-4.039338,-4.208796,-4.064173,-2.297895,30.94491,-37.96956,-54.00152
34730.,-4.039975,-4.209435,-4.06481,-2.298535,30.94449,-37.97011,-54.00204
34740.,-4.040612,-4.210073,-4.065447,-2.299173,30.94406,-37.97066,-54.00256
34750.,-4.041248,-4.21071,-4.066082,-2.299811,30.94364,-37.97121,-54.00307
34760.,-4.041883,-4.211346,-4.066717,-2.300449,30.94321,-37.97175,-54.00359
34770.,-4.042518,-4.211982,-4.067352,-2.301086,30.94279,-37.9723,-54.0041
34780.,-4.043152,-4.212617,-4.067986,-2.301722,30.94236,-37.97285,-54.00462
34790.,-4.043785,-4.213252,-4.068619,-2.302358,30.94194,-37.97339,-54.00513
34800.,-4.044418,-4.213886,-4.069251,-2.302992,30.94152,-37.97394,-54.00565
34810.,-4.04505,-4.214519,-4.069883,-2.303627,30.94109,-37.97448,-54.00616
34820.,-4.045682,-4.215152,-4.070514,-2.30426,30.94067,-37.97503,-54.00667
34830.,-4.046312,-4.215784,-4.071145,-2.304893,30.94025,-37.97557,-54.00719
34840.,-4.046943,-4.216415,-4.071775,-2.305526,30.93983,-37.97612,-54.0077
34850.,-4.047572,-4.217046,-4.072404,-2.306157,30.93941,-37.97666,-54.00821
34860.,-4.048201,-4.217676,-4.073032,-2.306788,30.93899,-37.9772,-54.00872
34870.,-4.048829,-4.218306,-4.07366,-2.307419,30.93857,-37.97774,-54.00923
34880.,-4.049457,-4.218934,-4.074288,-2.308049,30.93815,-37.97828,-54.00974
34890.,-4.050084,-4.219563,-4.074915,-2.308678,30.93773,-37.97882,-54.01025
34900.,-4.05071,-4.22019,-4.075541,-2.309306,30.93731,-37.97937,-54.01076
34910.,-4.051336,-4.220817,-4.076166,-2.309934,30.93689,-37.9799,-54.01127
34920.,-4.051961,-4.221443,-4.076791,-2.310561,30.93647,-37.98044,-54.01177
34930.,-4.052586,-4.222069,-4.077415,-2.311188,30.93605,-37.98098,-54.01228
34940.,-4.05321,-4.222694,-4.078039,-2.311814,30.93564,-37.98152,-54.01279
34950.,-4.053833,-4.223318,-4.078662,-2.312439,30.93522,-37.98206,-54.01329
34960.,-4.054455,-4.223942,-4.079284,-2.313064,30.9348,-37.98259,-54.0138
34970.,-4.055077,-4.224565,-4.079906,-2.313688,30.93439,-37.98313,-54.0143
34980.,-4.055699,-4.225188,-4.080527,-2.314311,30.93397,-37.98367,-54.01481
34990.,-4.056319,-4.22581,-4.081147,-2.314934,30.93356,-37.9842,-54.01531
35000.,-4.056939,-4.226431,-4.081767,-2.315556,30.93314,-37.98474,-54.01582
35010.,-4.057559,-4.227052,-4.082386,-2.316178,30.93273,-37.98527,-54.01632
35020.,-4.058178,-4.227672,-4.083005,-2.316799,30.93232,-37.9858,-54.01682
35030.,-4.058796,-4.228291,-4.083623,-2.317419,30.9319,-37.98634,-54.01732
35040.,-4.059413,-4.22891,-4.08424,-2.318039,30.93149,-37.98687,-54.01783
35050.,-4.06003,-4.229528,-4.084856,-2.318658,30.93108,-37.9874,-54.01833
35060.,-4.060647,-4.230145,-4.085473,-2.319276,30.93066,-37.98793,-54.01883
35070.,-4.061262,-4.230762,-4.086088,-2.319894,30.93025,-37.98846,-54.01933
35080.,-4.061877,-4.231378,-4.086703,-2.320511,30.92984,-37.98899,-54.01983
35090.,-4.062492,-4.231994,-4.087317,-2.321128,30.92943,-37.98952,-54.02033
35100.,-4.063106,-4.232609,-4.08793,-2.321744,30.92902,-37.99005,-54.02083
35110.,-4.063719,-4.233223,-4.088543,-2.322359,30.92861,-37.99058,-54.02132
35120.,-4.064332,-4.233837,-4.089156,-2.322974,30.9282,-37.99111,-54.02182
35130.,-4.064944,-4.23445,-4.089767,-2.323588,30.92779,-37.99164,-54.02232
35140.,-4.065555,-4.235063,-4.090378,-2.324201,30.92738,-37.99217,-54.02281
35150.,-4.066166,-4.235674,-4.090989,-2.324814,30.92697,-37.99269,-54.02331
35160.,-4.066776,-4.236286,-4.091599,-2.325426,30.92657,-37.99322,-54.02381
35170.,-4.067385,-4.236896,-4.092208,-2.326038,30.92616,-37.99374,-54.0243
35180.,-4.067994,-4.237506,-4.092817,-2.326649,30.92575,-37.99427,-54.0248
35190.,-4.068602,-4.238116,-4.093424,-2.327259,30.92534,-37.99479,-54.02529
35200.,-4.06921,-4.238725,-4.094032,-2.327869,30.92494,-37.99532,-54.02578
35210.,-4.069817,-4.239333,-4.094639,-2.328478,30.92453,-37.99584,-54.02628
35220.,-4.070423,-4.23994,-4.095245,-2.329086,30.92413,-37.99636,-54.02677
35230.,-4.071029,-4.240547,-4.09585,-2.329694,30.92372,-37.99689,-54.02726
35240.,-4.071634,-4.241154,-4.096455,-2.330301,30.92332,-37.99741,-54.02775
35250.,-4.072239,-4.241759,-4.097059,-2.330908,30.92291,-37.99793,-54.02824
35260.,-4.072843,-4.242364,-4.097663,-2.331514,30.92251,-37.99845,-54.02873
35270.,-4.073446,-4.242969,-4.098266,-2.332119,30.9221,-37.99897,-54.02922
35280.,-4.074049,-4.243573,-4.098869,-2.332724,30.9217,-37.99949,-54.02971
35290.,-4.074651,-4.244176,-4.099471,-2.333328,30.9213,-38.00001,-54.0302
35300.,-4.075253,-4.244779,-4.100072,-2.333932,30.9209,-38.00053,-54.03069
35310.,-4.075854,-4.245381,-4.100672,-2.334535,30.92049,-38.00105,-54.03118
35320.,-4.076454,-4.245982,-4.101273,-2.335137,30.92009,-38.00156,-54.03167
35330.,-4.077054,-4.246583,-4.101872,-2.335739,30.91969,-38.00208,-54.03215
35340.,-4.077653,-4.247183,-4.102471,-2.33634,30.91929,-38.0026,-54.03264
35350.,-4.078251,-4.247783,-4.103069,-2.33694,30.91889,-38.00311,-54.03313
35360.,-4.078849,-4.248382,-4.103667,-2.33754,30.91849,-38.00363,-54.03361
35370.,-4.079446,-4.24898,-4.104264,-2.33814,30.91809,-38.00414,-54.0341
35380.,-4.080043,-4.249578,-4.10486,-2.338738,30.91769,-38.00466,-54.03458
35390.,-4.080639,-4.250175,-4.105456,-2.339336,30.9173,-38.00517,-54.03507
35400.,-4.081235,-4.250772,-4.106051,-2.339934,30.9169,-38.00569,-54.03555
35410.,-4.081829,-4.251368,-4.106646,-2.340531,30.9165,-38.0062,-54.03603
35420.,-4.082424,-4.251963,-4.10724,-2.341127,30.9161,-38.00671,-54.03652
35430.,-4.083017,-4.252558,-4.107833,-2.341723,30.9157,-38.00722,-54.037
35440.,-4.08361,-4.253152,-4.108426,-2.342318,30.91531,-38.00773,-54.03748
35450.,-4.084203,-4.253746,-4.109018,-2.342912,30.91491,-38.00825,-54.03796
35460.,-4.084795,-4.254339,-4.10961,-2.343506,30.91452,-38.00876,-54.03844
35470.,-4.085386,-4.254931,-4.1102,-2.344099,30.91412,-38.00927,-54.03892
35480.,-4.085977,-4.255523,-4.110791,-2.344692,30.91373,-38.00977,-54.0394
35490.,-4.086567,-4.256114,-4.111381,-2.345284,30.91333,-38.01028,-54.03988
35500.,-4.087156,-4.256704,-4.11197,-2.345876,30.91294,-38.01079,-54.04036
35510.,-4.087745,-4.257294,-4.112558,-2.346466,30.91254,-38.0113,-54.04084
35520.,-4.088333,-4.257884,-4.113146,-2.347057,30.91215,-38.01181,-54.04131
35530.,-4.088921,-4.258473,-4.113734,-2.347646,30.91176,-38.01231,-54.04179
35540.,-4.089508,-4.259061,-4.114321,-2.348235,30.91136,-38.01282,-54.04227
35550.,-4.090095,-4.259648,-4.114907,-2.348824,30.91097,-38.01333,-54.04275
35560.,-4.09068,-4.260235,-4.115493,-2.349412,30.91058,-38.01383,-54.04322
35570.,-4.091266,-4.260822,-4.116078,-2.349999,30.91019,-38.01434,-54.0437
35580.,-4.09185,-4.261408,-4.116662,-2.350586,30.9098,-38.01484,-54.04417
35590.,-4.092435,-4.261993,-4.117246,-2.351172,30.90941,-38.01534,-54.04465
35600.,-4.093018,-4.262577,-4.117829,-2.351757,30.90902,-38.01585,-54.04512
35610.,-4.093601,-4.263161,-4.118412,-2.352342,30.90863,-38.01635,-54.04559
35620.,-4.094183,-4.263745,-4.118994,-2.352927,30.90824,-38.01685,-54.04607
35630.,-4.094765,-4.264328,-4.119575,-2.35351,30.90785,-38.01735,-54.04654
35640.,-4.095346,-4.26491,-4.120156,-2.354093,30.90746,-38.01785,-54.04701
35650.,-4.095927,-4.265492,-4.120737,-2.354676,30.90707,-38.01835,-54.04748
35660.,-4.096507,-4.266073,-4.121316,-2.355258,30.90669,-38.01886,-54.04795
35670.,-4.097086,-4.266653,-4.121896,-2.355839,30.9063,-38.01935,-54.04842
35680.,-4.097665,-4.267233,-4.122474,-2.35642,30.90591,-38.01985,-54.04889
35690.,-4.098243,-4.267813,-4.123052,-2.357,30.90552,-38.02035,-54.04936
35700.,-4.098821,-4.268391,-4.123629,-2.35758,30.90514,-38.02085,-54.04983
35710.,-4.099398,-4.268969,-4.124206,-2.358159,30.90475,-38.02135,-54.0503
35720.,-4.099975,-4.269547,-4.124783,-2.358737,30.90437,-38.02185,-54.05077
35730.,-4.10055,-4.270124,-4.125358,-2.359315,30.90398,-38.02234,-54.05124
35740.,-4.101126,-4.2707,-4.125933,-2.359893,30.9036,-38.02284,-54.0517
35750.,-4.101701,-4.271276,-4.126508,-2.360469,30.90321,-38.02333,-54.05217
35760.,-4.102275,-4.271851,-4.127082,-2.361045,30.90283,-38.02383,-54.05264
35770.,-4.102848,-4.272426,-4.127655,-2.361621,30.90245,-38.02432,-54.0531
35780.,-4.103421,-4.273,-4.128228,-2.362196,30.90206,-38.02482,-54.05357
35790.,-4.103994,-4.273574,-4.1288,-2.36277,30.90168,-38.02531,-54.05403
35800.,-4.104566,-4.274147,-4.129371,-2.363344,30.9013,-38.0258,-54.0545
35810.,-4.105137,-4.274719,-4.129942,-2.363917,30.90092,-38.0263,-54.05496
35820.,-4.105707,-4.275291,-4.130513,-2.36449,30.90053,-38.02679,-54.05543
35830.,-4.106278,-4.275862,-4.131083,-2.365062,30.90015,-38.02728,-54.05589
35840.,-4.106847,-4.276432,-4.131652,-2.365633,30.89977,-38.02777,-54.05635
35850.,-4.107416,-4.277002,-4.132221,-2.366204,30.89939,-38.02826,-54.05681
35860.,-4.107984,-4.277572,-4.132789,-2.366774,30.89901,-38.02875,-54.05728
35870.,-4.108552,-4.278141,-4.133356,-2.367344,30.89863,-38.02924,-54.05774
35880.,-4.109119,-4.278709,-4.133923,-2.367913,30.89825,-38.02973,-54.0582
35890.,-4.109686,-4.279277,-4.13449,-2.368482,30.89787,-38.03022,-54.05866
35900.,-4.110252,-4.279844,-4.135055,-2.36905,30.8975,-38.03071,-54.05912
35910.,-4.110818,-4.280411,-4.135621,-2.369617,30.89712,-38.0312,-54.05958
35920.,-4.111383,-4.280977,-4.136185,-2.370184,30.89674,-38.03168,-54.06004
35930.,-4.111947,-4.281542,-4.136749,-2.37075,30.89636,-38.03217,-54.06049
35940.,-4.112511,-4.282107,-4.137313,-2.371316,30.89599,-38.03266,-54.06095
35950.,-4.113074,-4.282671,-4.137876,-2.371881,30.89561,-38.03314,-54.06141
35960.,-4.113637,-4.283235,-4.138438,-2.372446,30.89523,-38.03363,-54.06187
35970.,-4.114199,-4.283798,-4.139,-2.37301,30.89486,-38.03411,-54.06232
35980.,-4.11476,-4.284361,-4.139561,-2.373573,30.89448,-38.03459,-54.06278
35990.,-4.115321,-4.284923,-4.140122,-2.374136,30.89411,-38.03508,-54.06323
36000.,-4.115882,-4.285484,-4.140682,-2.374698,30.89373,-38.03556,-54.06369
36010.,-4.116441,-4.286045,-4.141242,-2.37526,30.89336,-38.03604,-54.06414
36020.,-4.117001,-4.286605,-4.141801,-2.375821,30.89298,-38.03653,-54.0646
36030.,-4.117559,-4.287165,-4.142359,-2.376382,30.89261,-38.03701,-54.06505
36040.,-4.118117,-4.287724,-4.142917,-2.376942,30.89224,-38.03749,-54.06551
36050.,-4.118675,-4.288283,-4.143474,-2.377501,30.89186,-38.03797,-54.06596
36060.,-4.119232,-4.288841,-4.144031,-2.37806,30.89149,-38.03845,-54.06641
36070.,-4.119788,-4.289398,-4.144587,-2.378618,30.89112,-38.03893,-54.06686
36080.,-4.120344,-4.289955,-4.145143,-2.379176,30.89075,-38.03941,-54.06731
36090.,-4.1209,-4.290511,-4.145698,-2.379733,30.89038,-38.03989,-54.06777
36100.,-4.121454,-4.291067,-4.146252,-2.38029,30.89001,-38.04037,-54.06822
36110.,-4.122008,-4.291622,-4.146806,-2.380846,30.88964,-38.04084,-54.06867
36120.,-4.122562,-4.292177,-4.14736,-2.381401,30.88927,-38.04132,-54.06912
36130.,-4.123115,-4.292731,-4.147913,-2.381956,30.8889,-38.0418,-54.06956
36140.,-4.123668,-4.293285,-4.148465,-2.382511,30.88853,-38.04228,-54.07001
36150.,-4.12422,-4.293838,-4.149017,-2.383065,30.88816,-38.04275,-54.07046
36160.,-4.124771,-4.29439,-4.149568,-2.383618,30.88779,-38.04323,-54.07091
36170.,-4.125322,-4.294942,-4.150118,-2.38417,30.88742,-38.0437,-54.07136
36180.,-4.125872,-4.295493,-4.150668,-2.384723,30.88705,-38.04418,-54.0718
36190.,-4.126422,-4.296044,-4.151218,-2.385274,30.88669,-38.04465,-54.07225
36200.,-4.126971,-4.296594,-4.151767,-2.385825,30.88632,-38.04512,-54.0727
36210.,-4.127519,-4.297144,-4.152315,-2.386376,30.88595,-38.0456,-54.07314
36220.,-4.128068,-4.297693,-4.152863,-2.386926,30.88559,-38.04607,-54.07359
36230.,-4.128615,-4.298241,-4.15341,-2.387475,30.88522,-38.04654,-54.07403
36240.,-4.129162,-4.298789,-4.153957,-2.388024,30.88485,-38.04701,-54.07448
36250.,-4.129708,-4.299337,-4.154503,-2.388572,30.88449,-38.04748,-54.07492
36260.,-4.130254,-4.299884,-4.155048,-2.38912,30.88412,-38.04796,-54.07536
36270.,-4.130799,-4.30043,-4.155593,-2.389667,30.88376,-38.04843,-54.07581
36280.,-4.131344,-4.300976,-4.156138,-2.390213,30.8834,-38.0489,-54.07625
36290.,-4.131888,-4.301521,-4.156682,-2.390759,30.88303,-38.04936,-54.07669
36300.,-4.132432,-4.302066,-4.157225,-2.391305,30.88267,-38.04983,-54.07713
36310.,-4.132975,-4.30261,-4.157768,-2.39185,30.8823,-38.0503,-54.07757
36320.,-4.133518,-4.303153,-4.15831,-2.392394,30.88194,-38.05077,-54.07801
36330.,-4.13406,-4.303696,-4.158852,-2.392938,30.88158,-38.05124,-54.07845
36340.,-4.134601,-4.304239,-4.159393,-2.393481,30.88122,-38.0517,-54.07889
36350.,-4.135142,-4.304781,-4.159934,-2.394024,30.88086,-38.05217,-54.07933
36360.,-4.135682,-4.305322,-4.160474,-2.394566,30.8805,-38.05264,-54.07977
36370.,-4.136222,-4.305863,-4.161014,-2.395108,30.88013,-38.0531,-54.08021
36380.,-4.136761,-4.306403,-4.161553,-2.395649,30.87977,-38.05357,-54.08065
36390.,-4.1373,-4.306943,-4.162091,-2.396189,30.87941,-38.05403,-54.08109
36400.,-4.137838,-4.307482,-4.162629,-2.396729,30.87905,-38.05449,-54.08152
36410.,-4.138376,-4.30802,-4.163166,-2.397269,30.87869,-38.05496,-54.08196
36420.,-4.138913,-4.308559,-4.163703,-2.397808,30.87834,-38.05542,-54.0824
36430.,-4.139449,-4.309096,-4.164239,-2.398346,30.87798,-38.05588,-54.08283
36440.,-4.139985,-4.309633,-4.164775,-2.398884,30.87762,-38.05635,-54.08327
36450.,-4.140521,-4.310169,-4.16531,-2.399421,30.87726,-38.05681,-54.0837
36460.,-4.141056,-4.310705,-4.165845,-2.399958,30.8769,-38.05727,-54.08414
36470.,-4.14159,-4.311241,-4.166379,-2.400494,30.87655,-38.05773,-54.08457
36480.,-4.142124,-4.311776,-4.166913,-2.401029,30.87619,-38.05819,-54.085
36490.,-4.142657,-4.31231,-4.167446,-2.401564,30.87583,-38.05865,-54.08544
36500.,-4.14319,-4.312844,-4.167978,-2.402099,30.87548,-38.05911,-54.08587
36510.,-4.143722,-4.313377,-4.16851,-2.402633,30.87512,-38.05957,-54.0863
36520.,-4.144254,-4.313909,-4.169042,-2.403166,30.87477,-38.06003,-54.08673
36530.,-4.144785,-4.314442,-4.169572,-2.403699,30.87441,-38.06048,-54.08716
36540.,-4.145315,-4.314973,-4.170103,-2.404232,30.87406,-38.06094,-54.0876
36550.,-4.145845,-4.315504,-4.170633,-2.404764,30.8737,-38.0614,-54.08803
36560.,-4.146375,-4.316035,-4.171162,-2.405295,30.87335,-38.06186,-54.08846
36570.,-4.146904,-4.316565,-4.171691,-2.405826,30.87299,-38.06231,-54.08889
36580.,-4.147432,-4.317094,-4.172219,-2.406356,30.87264,-38.06277,-54.08932
36590.,-4.14796,-4.317623,-4.172746,-2.406886,30.87229,-38.06322,-54.08974
36600.,-4.148488,-4.318151,-4.173274,-2.407415,30.87194,-38.06368,-54.09017
36610.,-4.149014,-4.318679,-4.1738,-2.407943,30.87158,-38.06413,-54.0906
36620.,-4.149541,-4.319207,-4.174326,-2.408471,30.87123,-38.06459,-54.09103
36630.,-4.150067,-4.319733,-4.174852,-2.408999,30.87088,-38.06504,-54.09145
36640.,-4.150592,-4.32026,-4.175377,-2.409526,30.87053,-38.06549,-54.09188
36650.,-4.151116,-4.320785,-4.175901,-2.410053,30.87018,-38.06594,-54.09231
36660.,-4.151641,-4.32131,-4.176425,-2.410579,30.86983,-38.0664,-54.09273
36670.,-4.152164,-4.321835,-4.176949,-2.411104,30.86948,-38.06685,-54.09316
36680.,-4.152687,-4.322359,-4.177471,-2.411629,30.86913,-38.0673,-54.09358
36690.,-4.15321,-4.322883,-4.177994,-2.412153,30.86878,-38.06775,-54.09401
36700.,-4.153732,-4.323406,-4.178516,-2.412677,30.86843,-38.0682,-54.09443
36710.,-4.154254,-4.323928,-4.179037,-2.4132,30.86808,-38.06865,-54.09486
36720.,-4.154775,-4.32445,-4.179558,-2.413723,30.86773,-38.0691,-54.09528
36730.,-4.155295,-4.324972,-4.180078,-2.414245,30.86739,-38.06955,-54.0957
36740.,-4.155815,-4.325493,-4.180598,-2.414767,30.86704,-38.07,-54.09612
36750.,-4.156335,-4.326013,-4.181117,-2.415288,30.86669,-38.07044,-54.09655
36760.,-4.156853,-4.326533,-4.181636,-2.415809,30.86634,-38.07089,-54.09697
36770.,-4.157372,-4.327052,-4.182154,-2.416329,30.866,-38.07134,-54.09739
36780.,-4.15789,-4.327571,-4.182671,-2.416849,30.86565,-38.07178,-54.09781
36790.,-4.158407,-4.328089,-4.183188,-2.417368,30.86531,-38.07223,-54.09823
36800.,-4.158924,-4.328607,-4.183705,-2.417886,30.86496,-38.07268,-54.09865
36810.,-4.15944,-4.329125,-4.184221,-2.418404,30.86462,-38.07312,-54.09907
36820.,-4.159956,-4.329641,-4.184737,-2.418922,30.86427,-38.07357,-54.09949
36830.,-4.160471,-4.330157,-4.185252,-2.419439,30.86393,-38.07401,-54.09991
36840.,-4.160986,-4.330673,-4.185766,-2.419955,30.86358,-38.07445,-54.10032
36850.,-4.1615,-4.331188,-4.18628,-2.420471,30.86324,-38.0749,-54.10074
36860.,-4.162014,-4.331703,-4.186794,-2.420987,30.86289,-38.07534,-54.10116
36870.,-4.162527,-4.332217,-4.187306,-2.421502,30.86255,-38.07578,-54.10157
36880.,-4.16304,-4.332731,-4.187819,-2.422016,30.86221,-38.07623,-54.10199
36890.,-4.163552,-4.333244,-4.188331,-2.42253,30.86187,-38.07667,-54.10241
36900.,-4.164063,-4.333756,-4.188842,-2.423043,30.86153,-38.07711,-54.10282
36910.,-4.164574,-4.334268,-4.189353,-2.423556,30.86118,-38.07755,-54.10324
36920.,-4.165085,-4.33478,-4.189863,-2.424068,30.86084,-38.07799,-54.10365
36930.,-4.165595,-4.335291,-4.190373,-2.42458,30.8605,-38.07843,-54.10407
36940.,-4.166105,-4.335802,-4.190883,-2.425091,30.86016,-38.07887,-54.10448
36950.,-4.166614,-4.336312,-4.191391,-2.425602,30.85982,-38.07931,-54.10489
36960.,-4.167122,-4.336821,-4.1919,-2.426112,30.85948,-38.07975,-54.10531
36970.,-4.16763,-4.33733,-4.192407,-2.426622,30.85914,-38.08018,-54.10572
36980.,-4.168138,-4.337838,-4.192915,-2.427131,30.8588,-38.08062,-54.10613
36990.,-4.168645,-4.338346,-4.193421,-2.42764,30.85846,-38.08106,-54.10654
37000.,-4.169151,-4.338854,-4.193928,-2.428148,30.85812,-38.0815,-54.10695
37010.,-4.169657,-4.339361,-4.194433,-2.428656,30.85779,-38.08193,-54.10737
37020.,-4.170162,-4.339867,-4.194939,-2.429163,30.85745,-38.08237,-54.10778
37030.,-4.170667,-4.340373,-4.195443,-2.42967,30.85711,-38.0828,-54.10819
37040.,-4.171172,-4.340878,-4.195947,-2.430176,30.85677,-38.08324,-54.1086
37050.,-4.171676,-4.341383,-4.196451,-2.430681,30.85644,-38.08367,-54.10901
37060.,-4.172179,-4.341888,-4.196954,-2.431186,30.8561,-38.08411,-54.10941
37070.,-4.172682,-4.342391,-4.197457,-2.431691,30.85576,-38.08454,-54.10982
37080.,-4.173184,-4.342895,-4.197959,-2.432195,30.85543,-38.08497,-54.11023
37090.,-4.173686,-4.343397,-4.198461,-2.432699,30.85509,-38.08541,-54.11064
37100.,-4.174188,-4.3439,-4.198962,-2.433202,30.85476,-38.08584,-54.11105
37110.,-4.174688,-4.344402,-4.199463,-2.433704,30.85442,-38.08627,-54.11145
37120.,-4.175189,-4.344903,-4.199963,-2.434206,30.85409,-38.0867,-54.11186
37130.,-4.175689,-4.345404,-4.200462,-2.434708,30.85376,-38.08713,-54.11226
37140.,-4.176188,-4.345904,-4.200961,-2.435209,30.85342,-38.08756,-54.11267
37150.,-4.176687,-4.346404,-4.20146,-2.435709,30.85309,-38.08799,-54.11308
37160.,-4.177185,-4.346903,-4.201958,-2.436209,30.85276,-38.08842,-54.11348
37170.,-4.177683,-4.347402,-4.202456,-2.436709,30.85242,-38.08885,-54.11388
37180.,-4.17818,-4.3479,-4.202953,-2.437208,30.85209,-38.08928,-54.11429
37190.,-4.178677,-4.348398,-4.203449,-2.437706,30.85176,-38.08971,-54.11469
37200.,-4.179173,-4.348895,-4.203946,-2.438204,30.85143,-38.09014,-54.1151
37210.,-4.179669,-4.349392,-4.204441,-2.438702,30.8511,-38.09057,-54.1155
37220.,-4.180165,-4.349888,-4.204936,-2.439199,30.85076,-38.09099,-54.1159
37230.,-4.180659,-4.350384,-4.205431,-2.439695,30.85043,-38.09142,-54.1163
37240.,-4.181154,-4.350879,-4.205925,-2.440191,30.8501,-38.09185,-54.1167
37250.,-4.181648,-4.351374,-4.206418,-2.440687,30.84977,-38.09227,-54.1171
37260.,-4.182141,-4.351868,-4.206912,-2.441182,30.84944,-38.0927,-54.11751
37270.,-4.182634,-4.352362,-4.207404,-2.441676,30.84911,-38.09312,-54.11791
37280.,-4.183126,-4.352855,-4.207896,-2.44217,30.84879,-38.09355,-54.11831
37290.,-4.183618,-4.353348,-4.208388,-2.442664,30.84846,-38.09397,-54.1187
37300.,-4.184109,-4.35384,-4.208879,-2.443157,30.84813,-38.09439,-54.1191
37310.,-4.1846,-4.354332,-4.20937,-2.443649,30.8478,-38.09482,-54.1195
37320.,-4.18509,-4.354823,-4.20986,-2.444141,30.84747,-38.09524,-54.1199
37330.,-4.18558,-4.355314,-4.210349,-2.444633,30.84714,-38.09566,-54.1203
37340.,-4.18607,-4.355804,-4.210838,-2.445124,30.84682,-38.09608,-54.1207
37350.,-4.186558,-4.356294,-4.211327,-2.445614,30.84649,-38.09651,-54.12109
37360.,-4.187047,-4.356783,-4.211815,-2.446104,30.84616,-38.09693,-54.12149
37370.,-4.187535,-4.357272,-4.212303,-2.446594,30.84584,-38.09735,-54.12189
37380.,-4.188022,-4.35776,-4.21279,-2.447083,30.84551,-38.09777,-54.12228
37390.,-4.188509,-4.358248,-4.213277,-2.447571,30.84519,-38.09819,-54.12268
37400.,-4.188995,-4.358735,-4.213763,-2.448059,30.84486,-38.09861,-54.12307
37410.,-4.189481,-4.359222,-4.214248,-2.448547,30.84454,-38.09903,-54.12347
37420.,-4.189967,-4.359708,-4.214734,-2.449034,30.84421,-38.09944,-54.12386
37430.,-4.190451,-4.360194,-4.215218,-2.449521,30.84389,-38.09986,-54.12426
37440.,-4.190936,-4.36068,-4.215703,-2.450007,30.84357,-38.10028,-54.12465
37450.,-4.19142,-4.361164,-4.216186,-2.450492,30.84324,-38.1007,-54.12504
37460.,-4.191903,-4.361649,-4.216669,-2.450977,30.84292,-38.10111,-54.12543
37470.,-4.192386,-4.362133,-4.217152,-2.451462,30.8426,-38.10153,-54.12583
37480.,-4.192869,-4.362616,-4.217634,-2.451946,30.84227,-38.10195,-54.12622
37490.,-4.193351,-4.363099,-4.218116,-2.45243,30.84195,-38.10236,-54.12661
37500.,-4.193832,-4.363581,-4.218597,-2.452913,30.84163,-38.10278,-54.127
37510.,-4.194313,-4.364063,-4.219078,-2.453395,30.84131,-38.10319,-54.12739
37520.,-4.194794,-4.364545,-4.219559,-2.453877,30.84099,-38.10361,-54.12778
37530.,-4.195274,-4.365026,-4.220038,-2.454359,30.84067,-38.10402,-54.12817
37540.,-4.195753,-4.365506,-4.220518,-2.45484,30.84035,-38.10443,-54.12856
37550.,-4.196232,-4.365986,-4.220997,-2.455321,30.84003,-38.10485,-54.12895
37560.,-4.196711,-4.366466,-4.221475,-2.455801,30.83971,-38.10526,-54.12934
37570.,-4.197189,-4.366945,-4.221953,-2.456281,30.83939,-38.10567,-54.12973
37580.,-4.197667,-4.367423,-4.22243,-2.45676,30.83907,-38.10608,-54.13012
37590.,-4.198144,-4.367901,-4.222907,-2.457239,30.83875,-38.1065,-54.1305
37600.,-4.19862,-4.368379,-4.223384,-2.457717,30.83843,-38.10691,-54.13089
37610.,-4.199096,-4.368856,-4.223859,-2.458195,30.83811,-38.10732,-54.13128
37620.,-4.199572,-4.369332,-4.224335,-2.458672,30.83779,-38.10773,-54.13166
37630.,-4.200047,-4.369808,-4.22481,-2.459149,30.83748,-38.10814,-54.13205
37640.,-4.200522,-4.370284,-4.225284,-2.459625,30.83716,-38.10855,-54.13243
37650.,-4.200996,-4.370759,-4.225758,-2.460101,30.83684,-38.10896,-54.13282
37660.,-4.20147,-4.371234,-4.226232,-2.460577,30.83653,-38.10936,-54.1332
37670.,-4.201943,-4.371708,-4.226705,-2.461051,30.83621,-38.10977,-54.13359
37680.,-4.202416,-4.372182,-4.227178,-2.461526,30.83589,-38.11018,-54.13397
37690.,-4.202889,-4.372655,-4.22765,-2.462,30.83558,-38.11059,-54.13436
37700.,-4.20336,-4.373128,-4.228121,-2.462473,30.83526,-38.11099,-54.13474
37710.,-4.203832,-4.3736,-4.228593,-2.462946,30.83495,-38.1114,-54.13512
37720.,-4.204303,-4.374072,-4.229063,-2.463419,30.83463,-38.11181,-54.13551
37730.,-4.204773,-4.374543,-4.229534,-2.463891,30.83432,-38.11221,-54.13589
37740.,-4.205243,-4.375014,-4.230003,-2.464362,30.83401,-38.11262,-54.13627
37750.,-4.205713,-4.375484,-4.230473,-2.464833,30.83369,-38.11302,-54.13665
37760.,-4.206182,-4.375954,-4.230941,-2.465304,30.83338,-38.11343,-54.13703
37770.,-4.20665,-4.376423,-4.23141,-2.465774,30.83307,-38.11383,-54.13741
37780.,-4.207118,-4.376892,-4.231877,-2.466244,30.83275,-38.11423,-54.13779
37790.,-4.207586,-4.377361,-4.232345,-2.466713,30.83244,-38.11464,-54.13817
37800.,-4.208053,-4.377829,-4.232812,-2.467181,30.83213,-38.11504,-54.13855
37810.,-4.208519,-4.378296,-4.233278,-2.46765,30.83182,-38.11544,-54.13893
37820.,-4.208986,-4.378763,-4.233744,-2.468117,30.8315,-38.11584,-54.13931
37830.,-4.209451,-4.37923,-4.23421,-2.468585,30.83119,-38.11625,-54.13969
37840.,-4.209916,-4.379696,-4.234675,-2.469051,30.83088,-38.11665,-54.14006
37850.,-4.210381,-4.380162,-4.235139,-2.469518,30.83057,-38.11705,-54.14044
37860.,-4.210846,-4.380627,-4.235603,-2.469984,30.83026,-38.11745,-54.14082
37870.,-4.211309,-4.381092,-4.236067,-2.470449,30.82995,-38.11785,-54.1412
37880.,-4.211773,-4.381556,-4.23653,-2.470914,30.82964,-38.11825,-54.14157
37890.,-4.212236,-4.382019,-4.236993,-2.471378,30.82933,-38.11865,-54.14195
37900.,-4.212698,-4.382483,-4.237455,-2.471842,30.82902,-38.11905,-54.14232
37910.,-4.21316,-4.382946,-4.237917,-2.472306,30.82872,-38.11944,-54.1427
37920.,-4.213621,-4.383408,-4.238378,-2.472769,30.82841,-38.11984,-54.14307
37930.,-4.214082,-4.38387,-4.238839,-2.473231,30.8281,-38.12024,-54.14345
37940.,-4.214543,-4.384331,-4.239299,-2.473694,30.82779,-38.12064,-54.14382
37950.,-4.215003,-4.384792,-4.239759,-2.474155,30.82748,-38.12103,-54.1442
37960.,-4.215463,-4.385253,-4.240218,-2.474616,30.82718,-38.12143,-54.14457
37970.,-4.215922,-4.385713,-4.240677,-2.475077,30.82687,-38.12182,-54.14494
37980.,-4.21638,-4.386172,-4.241136,-2.475537,30.82656,-38.12222,-54.14531
37990.,-4.216839,-4.386631,-4.241594,-2.475997,30.82626,-38.12262,-54.14569
38000.,-4.217296,-4.38709,-4.242051,-2.476456,30.82595,-38.12301,-54.14606
38010.,-4.217754,-4.387548,-4.242508,-2.476915,30.82565,-38.1234,-54.14643
38020.,-4.218211,-4.388006,-4.242965,-2.477374,30.82534,-38.1238,-54.1468
38030.,-4.218667,-4.388463,-4.243421,-2.477831,30.82504,-38.12419,-54.14717
38040.,-4.219123,-4.38892,-4.243877,-2.478289,30.82473,-38.12459,-54.14754
38050.,-4.219578,-4.389376,-4.244332,-2.478746,30.82443,-38.12498,-54.14791
38060.,-4.220033,-4.389832,-4.244787,-2.479202,30.82412,-38.12537,-54.14828
38070.,-4.220488,-4.390287,-4.245241,-2.479659,30.82382,-38.12576,-54.14865
38080.,-4.220942,-4.390742,-4.245695,-2.480114,30.82352,-38.12615,-54.14902
38090.,-4.221395,-4.391197,-4.246148,-2.480569,30.82321,-38.12654,-54.14939
38100.,-4.221849,-4.391651,-4.246601,-2.481024,30.82291,-38.12694,-54.14976
38110.,-4.222301,-4.392104,-4.247054,-2.481478,30.82261,-38.12733,-54.15012
38120.,-4.222754,-4.392557,-4.247506,-2.481932,30.82231,-38.12772,-54.15049
38130.,-4.223205,-4.39301,-4.247957,-2.482385,30.822,-38.12811,-54.15086
38140.,-4.223657,-4.393462,-4.248408,-2.482838,30.8217,-38.12849,-54.15122
38150.,-4.224108,-4.393914,-4.248859,-2.48329,30.8214,-38.12888,-54.15159
38160.,-4.224558,-4.394365,-4.249309,-2.483742,30.8211,-38.12927,-54.15196
38170.,-4.225008,-4.394816,-4.249759,-2.484194,30.8208,-38.12966,-54.15232
38180.,-4.225457,-4.395266,-4.250208,-2.484645,30.8205,-38.13005,-54.15269
38190.,-4.225906,-4.395716,-4.250657,-2.485095,30.8202,-38.13043,-54.15305
38200.,-4.226355,-4.396166,-4.251106,-2.485546,30.8199,-38.13082,-54.15342
38210.,-4.226803,-4.396615,-4.251554,-2.485995,30.8196,-38.13121,-54.15378
38220.,-4.227251,-4.397063,-4.252001,-2.486444,30.8193,-38.13159,-54.15414
38230.,-4.227698,-4.397511,-4.252448,-2.486893,30.819,-38.13198,-54.15451
38240.,-4.228145,-4.397959,-4.252895,-2.487342,30.8187,-38.13236,-54.15487
38250.,-4.228591,-4.398406,-4.253341,-2.487789,30.8184,-38.13275,-54.15523
38260.,-4.229037,-4.398853,-4.253786,-2.488237,30.81811,-38.13313,-54.15559
38270.,-4.229483,-4.399299,-4.254232,-2.488684,30.81781,-38.13352,-54.15596
38280.,-4.229927,-4.399745,-4.254677,-2.48913,30.81751,-38.1339,-54.15632
38290.,-4.230372,-4.40019,-4.255121,-2.489576,30.81722,-38.13429,-54.15668
38300.,-4.230816,-4.400635,-4.255565,-2.490022,30.81692,-38.13467,-54.15704
38310.,-4.23126,-4.40108,-4.256008,-2.490467,30.81662,-38.13505,-54.1574
38320.,-4.231703,-4.401524,-4.256451,-2.490912,30.81633,-38.13543,-54.15776
38330.,-4.232146,-4.401967,-4.256894,-2.491356,30.81603,-38.13581,-54.15812
38340.,-4.232588,-4.40241,-4.257336,-2.4918,30.81573,-38.1362,-54.15848
38350.,-4.23303,-4.402853,-4.257777,-2.492243,30.81544,-38.13658,-54.15884
38360.,-4.233471,-4.403295,-4.258219,-2.492686,30.81514,-38.13696,-54.1592
38370.,-4.233912,-4.403737,-4.258659,-2.493128,30.81485,-38.13734,-54.15955
38380.,-4.234353,-4.404178,-4.2591,-2.49357,30.81456,-38.13772,-54.15991
38390.,-4.234793,-4.404619,-4.25954,-2.494012,30.81426,-38.1381,-54.16027
38400.,-4.235232,-4.40506,-4.259979,-2.494453,30.81397,-38.13848,-54.16063
38410.,-4.235672,-4.4055,-4.260418,-2.494894,30.81367,-38.13885,-54.16098
38420.,-4.23611,-4.405939,-4.260856,-2.495334,30.81338,-38.13923,-54.16134
38430.,-4.236549,-4.406378,-4.261295,-2.495774,30.81309,-38.13961,-54.16169
38440.,-4.236986,-4.406817,-4.261732,-2.496213,30.8128,-38.13999,-54.16205
38450.,-4.237424,-4.407255,-4.262169,-2.496652,30.8125,-38.14037,-54.16241
38460.,-4.237861,-4.407693,-4.262606,-2.49709,30.81221,-38.14074,-54.16276
38470.,-4.238297,-4.40813,-4.263042,-2.497528,30.81192,-38.14112,-54.16312
38480.,-4.238733,-4.408567,-4.263478,-2.497966,30.81163,-38.14149,-54.16347
38490.,-4.239169,-4.409004,-4.263914,-2.498403,30.81134,-38.14187,-54.16382
38500.,-4.239604,-4.40944,-4.264349,-2.49884,30.81105,-38.14225,-54.16418
38510.,-4.240039,-4.409875,-4.264783,-2.499276,30.81076,-38.14262,-54.16453
38520.,-4.240473,-4.41031,-4.265217,-2.499712,30.81047,-38.143,-54.16488
38530.,-4.240907,-4.410745,-4.265651,-2.500147,30.81018,-38.14337,-54.16523
38540.,-4.241341,-4.411179,-4.266084,-2.500582,30.80989,-38.14374,-54.16559
38550.,-4.241774,-4.411613,-4.266517,-2.501016,30.8096,-38.14412,-54.16594
38560.,-4.242206,-4.412047,-4.26695,-2.50145,30.80931,-38.14449,-54.16629
38570.,-4.242638,-4.41248,-4.267381,-2.501884,30.80902,-38.14486,-54.16664
38580.,-4.24307,-4.412912,-4.267813,-2.502317,30.80873,-38.14523,-54.16699
38590.,-4.243501,-4.413344,-4.268244,-2.50275,30.80844,-38.14561,-54.16734
38600.,-4.243932,-4.413776,-4.268675,-2.503182,30.80816,-38.14598,-54.16769
38610.,-4.244362,-4.414207,-4.269105,-2.503614,30.80787,-38.14635,-54.16804
38620.,-4.244792,-4.414638,-4.269535,-2.504045,30.80758,-38.14672,-54.16839
38630.,-4.245222,-4.415068,-4.269964,-2.504476,30.80729,-38.14709,-54.16874
38640.,-4.245651,-4.415498,-4.270393,-2.504907,30.80701,-38.14746,-54.16909
38650.,-4.24608,-4.415927,-4.270821,-2.505337,30.80672,-38.14783,-54.16944
38660.,-4.246508,-4.416356,-4.271249,-2.505767,30.80643,-38.1482,-54.16978
38670.,-4.246936,-4.416785,-4.271677,-2.506196,30.80615,-38.14857,-54.17013
38680.,-4.247363,-4.417213,-4.272104,-2.506625,30.80586,-38.14894,-54.17048
38690.,-4.24779,-4.417641,-4.272531,-2.507053,30.80558,-38.1493,-54.17083
38700.,-4.248216,-4.418068,-4.272957,-2.507481,30.80529,-38.14967,-54.17117
38710.,-4.248642,-4.418495,-4.273383,-2.507908,30.80501,-38.15004,-54.17152
38720.,-4.249068,-4.418922,-4.273808,-2.508335,30.80472,-38.15041,-54.17186
38730.,-4.249493,-4.419348,-4.274233,-2.508762,30.80444,-38.15077,-54.17221
38740.,-4.249918,-4.419773,-4.274658,-2.509188,30.80416,-38.15114,-54.17255
38750.,-4.250342,-4.420198,-4.275082,-2.509614,30.80387,-38.15151,-54.1729
38760.,-4.250766,-4.420623,-4.275506,-2.510039,30.80359,-38.15187,-54.17324
38770.,-4.25119,-4.421047,-4.275929,-2.510464,30.80331,-38.15224,-54.17359
38780.,-4.251613,-4.421471,-4.276352,-2.510889,30.80302,-38.1526,-54.17393
38790.,-4.252035,-4.421894,-4.276774,-2.511313,30.80274,-38.15296,-54.17427
38800.,-4.252458,-4.422317,-4.277196,-2.511736,30.80246,-38.15333,-54.17462
38810.,-4.252879,-4.42274,-4.277618,-2.51216,30.80218,-38.15369,-54.17496
38820.,-4.253301,-4.423162,-4.278039,-2.512582,30.8019,-38.15406,-54.1753
38830.,-4.253722,-4.423584,-4.27846,-2.513005,30.80162,-38.15442,-54.17564
38840.,-4.254142,-4.424005,-4.27888,-2.513427,30.80133,-38.15478,-54.17598
38850.,-4.254562,-4.424426,-4.2793,-2.513848,30.80105,-38.15514,-54.17633
38860.,-4.254982,-4.424847,-4.27972,-2.514269,30.80077,-38.15551,-54.17667
38870.,-4.255401,-4.425267,-4.280139,-2.51469,30.80049,-38.15587,-54.17701
38880.,-4.25582,-4.425686,-4.280557,-2.51511,30.80021,-38.15623,-54.17735
38890.,-4.256238,-4.426105,-4.280975,-2.51553,30.79993,-38.15659,-54.17769
38900.,-4.256656,-4.426524,-4.281393,-2.515949,30.79966,-38.15695,-54.17803
38910.,-4.257074,-4.426942,-4.28181,-2.516368,30.79938,-38.15731,-54.17837
38920.,-4.257491,-4.42736,-4.282227,-2.516787,30.7991,-38.15767,-54.1787
38930.,-4.257908,-4.427778,-4.282644,-2.517205,30.79882,-38.15803,-54.17904
38940.,-4.258324,-4.428195,-4.28306,-2.517622,30.79854,-38.15839,-54.17938
38950.,-4.25874,-4.428611,-4.283476,-2.51804,30.79826,-38.15875,-54.17972
38960.,-4.259155,-4.429028,-4.283891,-2.518457,30.79799,-38.1591,-54.18006
38970.,-4.25957,-4.429443,-4.284306,-2.518873,30.79771,-38.15946,-54.18039
38980.,-4.259985,-4.429859,-4.28472,-2.519289,30.79743,-38.15982,-54.18073
38990.,-4.260399,-4.430274,-4.285134,-2.519705,30.79716,-38.16018,-54.18107
39000.,-4.260813,-4.430688,-4.285548,-2.52012,30.79688,-38.16053,-54.1814
39010.,-4.261226,-4.431102,-4.285961,-2.520534,30.7966,-38.16089,-54.18174
39020.,-4.261639,-4.431516,-4.286374,-2.520949,30.79633,-38.16125,-54.18207
39030.,-4.262051,-4.431929,-4.286786,-2.521363,30.79605,-38.1616,-54.18241
39040.,-4.262463,-4.432342,-4.287198,-2.521776,30.79578,-38.16196,-54.18274
39050.,-4.262875,-4.432755,-4.287609,-2.522189,30.7955,-38.16231,-54.18308
39060.,-4.263286,-4.433167,-4.28802,-2.522602,30.79523,-38.16267,-54.18341
39070.,-4.263697,-4.433578,-4.288431,-2.523014,30.79495,-38.16302,-54.18374
39080.,-4.264108,-4.43399,-4.288841,-2.523426,30.79468,-38.16337,-54.18408
39090.,-4.264518,-4.4344,-4.289251,-2.523837,30.7944,-38.16373,-54.18441
39100.,-4.264927,-4.434811,-4.28966,-2.524248,30.79413,-38.16408,-54.18474
39110.,-4.265336,-4.435221,-4.290069,-2.524659,30.79386,-38.16443,-54.18508
39120.,-4.265745,-4.43563,-4.290478,-2.525069,30.79358,-38.16479,-54.18541
39130.,-4.266154,-4.436039,-4.290886,-2.525479,30.79331,-38.16514,-54.18574
39140.,-4.266562,-4.436448,-4.291294,-2.525888,30.79304,-38.16549,-54.18607
39150.,-4.266969,-4.436856,-4.291701,-2.526297,30.79277,-38.16584,-54.1864
39160.,-4.267376,-4.437264,-4.292108,-2.526705,30.79249,-38.16619,-54.18673
39170.,-4.267783,-4.437672,-4.292515,-2.527113,30.79222,-38.16654,-54.18706
39180.,-4.268189,-4.438079,-4.292921,-2.527521,30.79195,-38.16689,-54.18739
39190.,-4.268595,-4.438485,-4.293326,-2.527928,30.79168,-38.16724,-54.18772
39200.,-4.269001,-4.438892,-4.293732,-2.528335,30.79141,-38.16759,-54.18805
39210.,-4.269406,-4.439297,-4.294137,-2.528742,30.79114,-38.16794,-54.18838
39220.,-4.26981,-4.439703,-4.294541,-2.529148,30.79087,-38.16829,-54.18871
39230.,-4.270214,-4.440108,-4.294945,-2.529553,30.7906,-38.16864,-54.18904
39240.,-4.270618,-4.440512,-4.295349,-2.529959,30.79033,-38.16899,-54.18937
39250.,-4.271022,-4.440917,-4.295752,-2.530363,30.79006,-38.16934,-54.18969
39260.,-4.271425,-4.44132,-4.296155,-2.530768,30.78979,-38.16968,-54.19002
39270.,-4.271827,-4.441724,-4.296557,-2.531172,30.78952,-38.17003,-54.19035
39280.,-4.27223,-4.442127,-4.296959,-2.531575,30.78925,-38.17038,-54.19067
39290.,-4.272631,-4.442529,-4.297361,-2.531978,30.78898,-38.17072,-54.191
39300.,-4.273033,-4.442932,-4.297762,-2.532381,30.78872,-38.17107,-54.19133
39310.,-4.273434,-4.443333,-4.298163,-2.532784,30.78845,-38.17142,-54.19165
39320.,-4.273834,-4.443735,-4.298563,-2.533185,30.78818,-38.17176,-54.19198
39330.,-4.274235,-4.444136,-4.298963,-2.533587,30.78791,-38.17211,-54.1923
39340.,-4.274634,-4.444536,-4.299363,-2.533988,30.78765,-38.17245,-54.19263
39350.,-4.275034,-4.444936,-4.299762,-2.534389,30.78738,-38.1728,-54.19295
39360.,-4.275433,-4.445336,-4.300161,-2.534789,30.78711,-38.17314,-54.19328
39370.,-4.275831,-4.445735,-4.300559,-2.535189,30.78685,-38.17348,-54.1936
39380.,-4.276229,-4.446134,-4.300957,-2.535589,30.78658,-38.17383,-54.19392
39390.,-4.276627,-4.446533,-4.301355,-2.535988,30.78632,-38.17417,-54.19425
39400.,-4.277025,-4.446931,-4.301752,-2.536386,30.78605,-38.17451,-54.19457
39410.,-4.277422,-4.447329,-4.302149,-2.536785,30.78578,-38.17485,-54.19489
39420.,-4.277818,-4.447726,-4.302545,-2.537183,30.78552,-38.1752,-54.19521
39430.,-4.278214,-4.448123,-4.302941,-2.53758,30.78525,-38.17554,-54.19554
39440.,-4.27861,-4.448519,-4.303337,-2.537977,30.78499,-38.17588,-54.19586
39450.,-4.279005,-4.448915,-4.303732,-2.538374,30.78473,-38.17622,-54.19618
39460.,-4.2794,-4.449311,-4.304127,-2.53877,30.78446,-38.17656,-54.1965
39470.,-4.279795,-4.449706,-4.304521,-2.539166,30.7842,-38.1769,-54.19682
39480.,-4.280189,-4.450101,-4.304915,-2.539562,30.78394,-38.17724,-54.19714
39490.,-4.280583,-4.450496,-4.305309,-2.539957,30.78367,-38.17758,-54.19746
39500.,-4.280976,-4.45089,-4.305702,-2.540351,30.78341,-38.17792,-54.19778
39510.,-4.281369,-4.451284,-4.306095,-2.540746,30.78315,-38.17826,-54.1981
39520.,-4.281762,-4.451677,-4.306487,-2.54114,30.78289,-38.1786,-54.19842
39530.,-4.282154,-4.45207,-4.306879,-2.541533,30.78262,-38.17894,-54.19874
39540.,-4.282546,-4.452462,-4.307271,-2.541926,30.78236,-38.17927,-54.19905
39550.,-4.282937,-4.452855,-4.307662,-2.542319,30.7821,-38.17961,-54.19937
39560.,-4.283328,-4.453246,-4.308053,-2.542711,30.78184,-38.17995,-54.19969
39570.,-4.283719,-4.453638,-4.308443,-2.543103,30.78158,-38.18028,-54.20001
39580.,-4.284109,-4.454029,-4.308833,-2.543495,30.78132,-38.18062,-54.20032
39590.,-4.284499,-4.454419,-4.309223,-2.543886,30.78106,-38.18096,-54.20064
39600.,-4.284888,-4.454809,-4.309612,-2.544277,30.7808,-38.18129,-54.20096
39610.,-4.285277,-4.455199,-4.310001,-2.544667,30.78054,-38.18163,-54.20127
39620.,-4.285666,-4.455588,-4.310389,-2.545057,30.78028,-38.18196,-54.20159
39630.,-4.286054,-4.455977,-4.310778,-2.545446,30.78002,-38.1823,-54.2019
39640.,-4.286442,-4.456366,-4.311165,-2.545836,30.77976,-38.18263,-54.20222
39650.,-4.286829,-4.456754,-4.311553,-2.546224,30.7795,-38.18297,-54.20253
39660.,-4.287216,-4.457142,-4.311939,-2.546613,30.77924,-38.1833,-54.20285
39670.,-4.287603,-4.457529,-4.312326,-2.547001,30.77898,-38.18363,-54.20316
39680.,-4.287989,-4.457916,-4.312712,-2.547388,30.77873,-38.18397,-54.20347
39690.,-4.288375,-4.458303,-4.313098,-2.547775,30.77847,-38.1843,-54.20379
39700.,-4.288761,-4.458689,-4.313483,-2.548162,30.77821,-38.18463,-54.2041
39710.,-4.289146,-4.459075,-4.313868,-2.548549,30.77795,-38.18496,-54.20441
39720.,-4.289531,-4.45946,-4.314253,-2.548935,30.7777,-38.1853,-54.20473
39730.,-4.289915,-4.459846,-4.314637,-2.54932,30.77744,-38.18563,-54.20504
39740.,-4.290299,-4.46023,-4.31502,-2.549706,30.77718,-38.18596,-54.20535
39750.,-4.290682,-4.460614,-4.315404,-2.55009,30.77693,-38.18629,-54.20566
39760.,-4.291066,-4.460998,-4.315787,-2.550475,30.77667,-38.18662,-54.20597
39770.,-4.291448,-4.461382,-4.316169,-2.550859,30.77642,-38.18695,-54.20628
39780.,-4.291831,-4.461765,-4.316552,-2.551243,30.77616,-38.18728,-54.20659
39790.,-4.292213,-4.462148,-4.316934,-2.551626,30.77591,-38.18761,-54.20691
39800.,-4.292594,-4.46253,-4.317315,-2.552009,30.77565,-38.18794,-54.20721
39810.,-4.292976,-4.462912,-4.317696,-2.552391,30.7754,-38.18827,-54.20752
39820.,-4.293357,-4.463294,-4.318077,-2.552774,30.77514,-38.18859,-54.20783
39830.,-4.293737,-4.463675,-4.318457,-2.553155,30.77489,-38.18892,-54.20814
39840.,-4.294117,-4.464056,-4.318837,-2.553537,30.77463,-38.18925,-54.20845
39850.,-4.294497,-4.464436,-4.319216,-2.553918,30.77438,-38.18958,-54.20876
39860.,-4.294876,-4.464816,-4.319596,-2.554298,30.77413,-38.18991,-54.20907
39870.,-4.295255,-4.465196,-4.319974,-2.554678,30.77387,-38.19023,-54.20938
39880.,-4.295634,-4.465575,-4.320353,-2.555058,30.77362,-38.19056,-54.20968
39890.,-4.296012,-4.465954,-4.320731,-2.555438,30.77337,-38.19088,-54.20999
39900.,-4.29639,-4.466332,-4.321108,-2.555817,30.77312,-38.19121,-54.2103
39910.,-4.296767,-4.466711,-4.321486,-2.556195,30.77286,-38.19154,-54.2106
39920.,-4.297144,-4.467088,-4.321862,-2.556574,30.77261,-38.19186,-54.21091
39930.,-4.297521,-4.467466,-4.322239,-2.556952,30.77236,-38.19219,-54.21122
39940.,-4.297897,-4.467843,-4.322615,-2.557329,30.77211,-38.19251,-54.21152
39950.,-4.298273,-4.468219,-4.322991,-2.557706,30.77186,-38.19283,-54.21183
39960.,-4.298648,-4.468595,-4.323366,-2.558083,30.77161,-38.19316,-54.21213
39970.,-4.299023,-4.468971,-4.323741,-2.55846,30.77136,-38.19348,-54.21244
39980.,-4.299398,-4.469347,-4.324116,-2.558836,30.77111,-38.1938,-54.21274
39990.,-4.299773,-4.469722,-4.32449,-2.559211,30.77086,-38.19413,-54.21304
40000.,-4.300147,-4.470097,-4.324864,-2.559586,30.77061,-38.19445,-54.21335